p2g,distribution
0,0.05527153943978391,0.10052782193738263,0.05995992937135321,0.1803229657010977,0.006053418185629878,0.16319138421357005,0.09353736489865871,-0.09488686325392219,0.13171293563027056,0.030544149915930314
1,0.058620580620870506,0.10415168072954395,0.12749638801825877,0.011799655842661329,-0.19603839309901688,0.0667362142681244,0.06920181081416715,-0.08867775948109771,0.19752963023018807,-0.18267834943676206
2,0.023925325358439817,0.12512248223275746,0.14777161315254203,0.0642219558540228,-0.010594673775711275,0.29782383371662696,-0.05611056450163318,-0.11294011059251975,0.17834681556647253,-0.24604421224167194
3,0.02481638359917337,0.1434652630765587,0.05080372284738541,0.07931986592275973,0.0822997305112047,0.3467273741992294,-0.20497491919396266,0.015155028900821876,0.09568667709461402,-0.21944388577161014
4,0.009723219953116357,0.18074884575861977,0.07912509809267923,0.08695671965545601,0.20289732950462147,0.575772717860022,-0.18384843283036575,-0.4138440113708315,0.0720557073407695,0.0046104671888738125
5,0.00934841843504369,0.20579877574157604,0.040835803564856776,0.12748647278896422,0.08826333963450493,0.6539132822158098,-0.2689697279589645,-0.1866118456093334,0.3542377989962208,-0.06487419714421733
6,0.0073116363029591975,0.2032584479092445,0.07781763637704743,0.21910543726244425,-0.17962627439323203,0.3652275401650047,-0.27250502422077927,-0.1501117434713315,0.23763956759297175,-0.5269775444827264
7,0.007683419915357162,0.20121297796744236,0.08135115308314263,0.29159185701223733,0.10747255777810766,0.7389536525066379,-0.45274347575480456,-0.0286265969758287,0.014162852773995593,-0.2209480753000832
8,0.008243550718245549,0.21644485312472975,-0.00896096464343478,0.501511839890767,0.23596153828912317,0.6078637984145597,-0.3973592585375541,-0.11460634702562164,0.14521699080408387,-0.5919478168766314
9,0.006838119560350754,0.22110608850326777,0.04355418398751956,0.32352926209716865,0.06701987199623108,0.6471949657397109,-0.17681871962327234,-0.18195437576813556,0.0874335318653236,-0.6567451316077747
10,0.005662762682889752,0.24932091303377227,0.048085963800909584,0.5216043524584097,0.29540981385868625,0.4045304778274783,-0.12716486682475878,-1.0938212692380789,-0.027143739585139548,-0.4634167696194804
11,0.005149564025607469,0.3002996874502978,0.06348546173925969,0.5812048306476303,0.13929606874309428,0.21916125349426013,-0.34756080609018375,-1.3996805833805719,0.2925865011201079,-0.5796933181349754
12,0.00547432314262652,0.32123035477830286,0.09852191284572831,0.17549971418399046,0.08262448490593598,0.16129345946183182,-0.1910269033922257,-1.6509849487901773,0.35497549888793134,-0.08028177052481184
13,0.006077223913997522,0.3663733976500817,0.029551216050657747,0.900497690927387,0.28493335132930686,0.37505532629761473,-0.23698475032931943,-1.1987971397211468,-0.3436280288300245,-0.16914946883320792
14,0.005065302502555657,0.35164044614785556,-0.002315327290742475,0.19375100221679126,-0.011718804560337082,0.42659994330694573,-0.048716108941667904,-1.1851626470297136,-0.007448656532862363,-0.9914455351690602
15,0.0049491317355095255,0.32545599017696947,0.027712407085025648,1.2594251220835928,0.2284225949062029,0.30980384622417123,0.04347176023578782,-1.5486785032179262,0.0003465213069192563,-0.9006263972412989
16,0.00875165791774421,0.33193758770922355,-0.045713980219018666,0.7628179427437655,0.4107513995441775,0.7734914147463735,0.007137079962700674,-1.0169422276580786,0.32042870686308905,-0.720606307133428
17,0.005681928397451764,0.2955900147537057,0.035892567060045705,0.5786782357838756,0.09930293501522297,0.22649256070223223,-0.09111878075192684,-0.8465632993459484,-0.39906502280915646,-0.7709174238367498
18,0.004833095189868103,0.2647941043703504,0.03250510199858425,0.1341245488112066,0.24579857133185962,0.5999216897170537,-0.22082379948468517,-0.7735753829410664,-0.4692369958483359,-0.5964026020883024
19,0.005155779546105336,0.24845462613681,0.04226338544371026,-0.007018768519827856,-0.06528812662727246,0.37715194930929624,-0.054462395974802236,-0.9215587257778862,-0.42298745972045315,-0.3824582416171401
20,0.006105588058065323,0.21385337329526818,0.04294430608984747,0.7360208174513303,0.11011088028092943,0.4096254003100712,-0.22480795353597421,-0.5179407046048667,0.004626117628174664,-0.7183784419700926
21,0.005619193940799472,0.18237259079262733,-0.006816900815269353,0.40769092302940135,0.08856777114971669,0.4241260589513046,-0.20155396106395718,-0.7942723713227272,-0.14349652782330335,-0.6307892861500486
22,0.004871524399518826,0.1793369926355595,-0.0153271499350074,0.31132124851773035,-0.028268506668147134,0.45177000608893714,-0.19079799562341856,-0.6619962025740912,-0.523025446536725,-0.7087836352093762
23,0.003901145957142564,0.17439865934535087,-0.012377084191237498,0.15272100074096645,-0.09069134290286508,0.1950671697388718,-0.3188962339219627,-0.8046724290490066,-0.6160973750610517,-0.5746887548539005
24,0.004363119458043631,0.1704756740379202,0.031092838876371525,0.45101537586371976,0.08954656913368902,0.3538180826072693,-0.383675287331539,-0.5160723882950137,-0.49129686861380667,-0.6527234812127506
25,0.0037119542672986723,0.18444504428854128,0.013862878234007501,0.48660993337040764,-0.14041768750177197,0.227020367895161,-0.41815149850594746,-0.35934006772070637,-0.7517726815108787,-0.9403034483687087
26,0.0029996910042340533,0.20226665821115197,-0.04288283198808768,-0.2502285229962126,-0.2047828563167934,0.39776211543691176,-0.6168149127811942,-0.3237020418756055,-1.0832205631259968,-0.5530230705419499
27,0.002599717483857738,0.2048506376192565,-0.029493382740403327,-0.03204721739057281,-0.25390924687551564,0.1194349288462509,-0.4549975774435966,-0.8281666474508893,-1.004815137711774,-0.45201656073924984
28,0.0024136927993148073,0.19790386858416478,-0.0913751088586482,0.08724694024275717,-0.32970051521617116,0.08222359364797097,-0.5451172370430049,-0.7922461416135913,-1.2121579997798835,-0.9086046314457674
29,0.0025845042161089867,0.19886150196705768,-0.08331103762909628,-0.18657640736225273,-0.23507866370800742,0.2936088500492286,-0.5875172460721695,-0.2914877441888528,-1.3081949024235977,-0.5286382857600762
30,0.0020532568075763424,0.21566605486210247,-0.10558063720321526,-0.2759647046953039,-0.38549260900760945,0.23333479619321987,-0.6408017355919653,-0.23026979707184014,-1.2903079969000328,-0.6665666431357123
31,0.0019745211468163845,0.2309785044303223,-0.18426128107568202,-0.37358215705477354,-0.614354602423528,0.11833661926383865,-0.6288385332091109,-0.25478191990499366,-1.4559008784723457,-0.6570924771495541
32,0.0019713533060943763,0.2431426386182154,-0.14292599431123212,-0.24855648081962978,-0.4646501223992705,0.131412728196375,-0.8107163164390028,-0.10417779083381369,-1.2545690740742441,-0.7613632117430003
33,0.0018960973553143758,0.24735334609754459,-0.14625275974690624,-0.721140138621772,-0.4413018986927868,0.41317149191471403,-0.7503673969931128,0.27676233226860475,-1.4045948215485347,-0.7673831909656106
34,0.001742014261812024,0.2422042502760013,-0.26778236289485174,-0.36482899867323004,-0.6594214668437494,0.25709922208117914,-0.759770267188742,0.512313306347232,-1.425204765291563,-1.2195338948177286
35,0.0020403192932427266,0.23194899948454725,-0.24567627063621086,-0.2975371941561965,-0.46774151623933047,0.28741840564593113,-1.0450196957184588,0.5736675995486359,-1.4386920041846403,-0.7975381891233151
36,0.001916427755607982,0.20984308418737163,-0.1642460448705669,-0.5252482440274827,-0.3452503022811684,0.4257143071631212,-1.0210753292622412,0.4287671974659275,-1.4029376145014887,-0.8117189271417122
37,0.0018137587922049977,0.17080233394735933,-0.23575592252199415,-0.5473708353214803,-0.5951596599445952,0.29586388752438786,-0.9306740820966205,0.5890525799519821,-1.6342741316290266,-0.9431410169105934
38,0.0018120343569116822,0.16256401326441586,-0.23555406225794404,-0.36697413255380607,-0.6432807699329508,0.18809058420088393,-0.9594866115021323,0.43187469418971425,-1.4435696938651779,-0.9080190963279742
39,0.001535088052524949,0.15897720327404755,-0.22678192711914477,-0.29559524340666327,-0.6774408783030107,0.10163386064631844,-0.8655432470215825,0.1857003082829523,-1.549767316137789,-1.0164644530484441
40,0.0016305703224928723,0.14168733533102187,-0.20889479714072198,-0.4845165518433101,-0.6093835561259642,0.2363495818349436,-0.8035097092908423,0.2637736148731474,-1.428155443629094,-0.8319457393186425
41,0.0014786081642457253,0.14500376235497733,-0.30064220233244954,-0.702916140024669,-0.7913944888072499,0.23381873381717172,-0.8564441670528398,0.409961640051825,-1.5371441277500564,-0.8694816338734833
42,0.0014829154480897637,0.16791607970479483,-0.33088821991812045,-0.864172031138285,-0.8545198869021596,0.22672463484451436,-0.8862850984805413,0.3370433428812074,-1.8671618159206487,-0.5190906873192596
43,0.0014314641907777305,0.17338869657370856,-0.28314444138953004,-0.5090708418592869,-0.945565787015298,0.0320883965817213,-0.8543949090667563,0.1294948896826162,-1.9011580175835188,-0.8276597321177215
44,0.0013297626939704963,0.1797938659072529,-0.40713941843328977,-1.0457825158748815,-1.0413551355688395,0.2000992249276816,-0.9268002178674614,0.4359790749224205,-1.9224419251464473,-0.9519634752426351
45,0.0012172942739269725,0.1900301117740075,-0.39276830516312694,-1.279533020551765,-1.0364123461300643,0.2673559301450326,-0.8532943249070376,0.538203347171134,-1.9602391953297198,-0.6187341796292164
46,0.0014545804066427388,0.18015284361369174,-0.39747678020584193,-1.0520322575492507,-0.9834236662732833,0.22288202690457803,-0.8719529949638309,0.6624295503753761,-1.8049860652976861,-0.750054555472089
47,0.001263167704280626,0.17175198893959479,-0.4682665993326795,-1.0684957950471416,-1.1383446220634577,0.2182849711650417,-0.7869792556481152,0.5808606818513589,-1.9896663978620406,-0.8819506508698717
48,0.0014110479529862773,0.16649836968255174,-0.3571125324640506,-1.0865303128032462,-0.9553723111798461,0.28572744249218845,-0.7635030096235943,0.582523986395026,-1.567425852111851,-1.067047204574317
49,0.0012426137697597731,0.172300694640651,-0.40327543347539674,-1.0558347552216272,-1.1159245969833504,0.22473573544657835,-0.7349404920549961,0.4008037579453248,-1.6953309799146916,-0.8103216620747281
50,0.0013398434637043029,0.16232093210688484,-0.4263046877641906,-0.9831917498987129,-1.13940810215014,0.17984078104756365,-0.779727083425303,0.5737399529813892,-1.865466282097301,-0.9438675427475172
51,0.0013741181927094583,0.1733659004548692,-0.49505815619359295,-0.8477278557941678,-1.1808874078744838,0.09837990792353016,-0.9545893839891342,0.7347562380737931,-1.9837701968967991,-1.1595802859337487
52,0.0012546338896287615,0.16006961221954946,-0.3937304279210856,-0.4726331611105116,-1.0287562555614629,0.056598208755110666,-0.8825925727790208,0.7048492618956179,-1.741676791920575,-0.9828398390951493
53,0.0013207948798448171,0.14973807713685364,-0.34148180441811693,-0.8097393759203669,-0.962978653207594,0.1265162221704196,-0.8188977019576835,0.3886709163294869,-1.5281592389045082,-1.0617264479074333
54,0.0013274508240080853,0.14048106109441655,-0.4366550583735381,-0.9681302442875891,-1.1156208251344246,0.16951911663296723,-0.8226898290749658,0.557387880520048,-1.8497945796142488,-1.0583913852535602
55,0.0013399525630251384,0.15110447721813755,-0.40603195126793656,-1.0401313760134547,-1.1522451592935845,0.191956257813766,-0.716838269258568,0.5796758719101733,-1.723629675546997,-0.9405751561052824
56,0.0013552114793989475,0.14452095850987717,-0.3876756158832285,-1.1221523940774087,-1.0836101382825691,0.2726096906889529,-0.6319597993349507,0.6945330388146912,-1.7752216251171482,-0.8604500752772041
57,0.0013121406687840937,0.13295613343049142,-0.45372146785048695,-1.06819933024958,-1.1268595878680085,0.16623198816222573,-0.8708696595492373,0.5514187839685503,-1.7827893418720433,-0.9871186306916765
58,0.0013066861872264568,0.13159538784414357,-0.38015116245954256,-0.8097279928724205,-1.0017073323693488,0.12927345078786606,-0.8672899202053455,0.4762081174349073,-1.6644788965096389,-1.0065388218599667
59,0.0012214895077223306,0.12855626940089895,-0.3932081758625445,-0.8862060628172468,-1.0560710019639032,0.18816662467621853,-0.7840427853482219,0.7265079306411426,-1.5765342243992486,-1.0343459606852106
60,0.0013230674867042243,0.15661120193000008,-0.330787673837904,-1.0053294913402364,-0.9975000455219827,0.16923436694471608,-0.829713780489617,0.6024989425150945,-1.426562139016987,-0.9256399284528185
61,0.0013165470370142271,0.18113286063579445,-0.45133349656281213,-1.4416881265838073,-1.1622980867208046,0.22543665819409103,-0.8272295514534497,0.6265221329299943,-1.9108493898809606,-0.7212908618728044
62,0.0013983703745984797,0.16734635957678515,-0.41679415431685013,-0.9151746534748901,-0.9909273773652116,0.22966123689737175,-0.7394557357565665,0.6126717896865989,-1.7069653876046198,-1.0624348291509191
63,0.0013423598994147619,0.1668463555715345,-0.33629958377981306,-0.9419368799413689,-0.9234221541888906,0.20208571768390574,-0.8323136776573571,0.6433878318140482,-1.6791294603079576,-0.7722925083447566
64,0.001262714516069201,0.1711622044597318,-0.36322286066368564,-1.1622226399874178,-1.011372367350564,0.25534432235009613,-0.7358889297660943,0.8292111284970285,-1.8659361767975797,-0.7474055989034181
65,0.0013017749352807774,0.1550337573045605,-0.3859681534812048,-1.3145234143875961,-0.9994655322059778,0.27014207090832054,-0.7796845750644451,0.6408567844683541,-1.8459012993280073,-0.5650564323375493
66,0.0012800340101499245,0.13900584068995986,-0.3757944692956208,-1.1028526133559857,-1.0101745336123542,0.19363383899311254,-0.8561582014226755,0.6291060266694458,-1.9022568208095634,-0.7545078783525445
67,0.0012823588720764897,0.12833489860095157,-0.3541337775782679,-0.795541610010998,-0.9711328208299652,0.13153146733011756,-0.8736970136671469,0.6861476183075089,-1.7895439166531764,-0.9081646266357161
68,0.0012420183605298364,0.11565256426681532,-0.4130038934888037,-1.0725755738895852,-1.055162837704248,0.24762448647261587,-0.7421530159656379,0.8115914573325611,-1.8159269039753998,-0.8969032011679076
69,0.0012729866928377072,0.12036415924484604,-0.4001278817432425,-0.9290808081423462,-1.0424158881297558,0.1961306168686669,-0.7916455243978507,0.8424023249722254,-1.8583248352590647,-1.0577872906023076
70,0.001272702083402338,0.126854393216877,-0.3779217795782071,-0.710232779433354,-0.9520672380341788,0.18882690932938442,-0.7666707862690921,0.9451409510041366,-1.9125798104512777,-1.0065125809080602
71,0.0012497624217317513,0.12198391418140228,-0.39972164342088223,-0.8558294263319846,-1.029337156735671,0.20977996856748043,-0.7225963598093165,0.8529382807455086,-1.958317515017946,-0.9817816465692514
72,0.0012378606787986533,0.12216701841184954,-0.3497620703983417,-0.8589314283249524,-0.9470261051316005,0.2232109428897422,-0.7128391708421866,0.7544317162557295,-1.7575980152654787,-0.9013133826254996
73,0.0012462595853122522,0.12001080682793823,-0.38181634949625193,-1.0467356439742963,-1.0303523384982787,0.23665322547476056,-0.7293896847792017,0.667660199520471,-1.5120384395328024,-0.9853486266441389
74,0.0012447019993522906,0.1240788660607053,-0.37871644052001197,-1.1257878941961865,-1.0004895850877833,0.27606768724086694,-0.7104096742803317,0.7286802031304643,-1.5593449241866746,-0.9400345729217379
75,0.0012328733423503904,0.13686843916082314,-0.38692128958905014,-0.9746185404726136,-1.0031236994185486,0.2683182454278009,-0.6715105071840776,0.8467254647270435,-1.6532151678224611,-1.212959828919594
76,0.0012226847517028696,0.1349057812934872,-0.3993605985212538,-1.0416342926386326,-1.0464858033793591,0.2792734025233938,-0.658063808859216,0.9041491451290038,-1.7670956610009658,-1.1735943869435386
77,0.001244012899905413,0.1409898346940432,-0.3883748864154936,-0.9330713639996515,-1.0246347307982544,0.24581223203683675,-0.6998111201563727,0.9486394080502376,-1.6853284718297594,-1.2438116855913335
78,0.0012365575780495062,0.13824884668729234,-0.40362631676377336,-0.9706986844884876,-1.0899274214702166,0.25034591276095114,-0.6551647629931716,0.9397245444259233,-1.7159118908769597,-1.2202310837444934
79,0.0012347417533397562,0.12070500431688184,-0.4022796742866034,-0.9972832396093135,-1.08122869368531,0.2591920491927209,-0.6653764106116477,0.9763301555532757,-1.6482493575557897,-1.3104411498053017
80,0.0012198499330641004,0.10927542867105748,-0.3752527922045812,-0.9638124092662572,-1.0053443048877284,0.26924756076172046,-0.6477492804352274,0.9156167950009899,-1.8201129112037338,-1.0744393635507836
81,0.0012322558518590159,0.10014483439338334,-0.3839897341620504,-0.8575922359297047,-1.0234874546796828,0.21727388115128735,-0.6996156571697841,0.8502915428958067,-1.7624023807125264,-1.1037697892617164
82,0.0012260284956040596,0.11148781028158557,-0.43802273787001983,-0.9657351317429305,-1.1031363327742527,0.20520732439269576,-0.7980077043521999,0.9530463463377076,-2.0625542759582167,-0.912726391581065
83,0.0012379136971912234,0.10654108130142348,-0.4048129069144021,-0.809977832931595,-1.081203509859466,0.17241287162800722,-0.7849184082029584,0.9319655999029327,-1.8360825228505164,-1.0802163933220552
84,0.0012416297163450637,0.09924572447857222,-0.4127575451997541,-0.9577258035959717,-1.0817800814972414,0.21847260678926417,-0.7201186586486702,0.8633137474372179,-1.8673003319586017,-1.073295698188928
85,0.0012396636890777315,0.09008528989993496,-0.4166059207923895,-1.0174279182453376,-1.1005296884178328,0.24263681335998666,-0.6963616411189449,0.9610583676483204,-1.959664826353753,-1.0969943198546137
86,0.0012039117874285544,0.08819363421581963,-0.3936295191723623,-0.8735112303816684,-1.0576610621334939,0.21550395068891587,-0.719320305515873,0.9260491678486539,-1.80677413552629,-1.0945007207720616
87,0.0012183071419345688,0.07889195160154348,-0.3800525099959792,-1.0076324135833563,-1.0238043262515117,0.26422393844739817,-0.6750670896149179,0.8761598816725863,-1.7828045314806475,-1.0429695277743762
88,0.001226225523272196,0.0742123454965781,-0.37997925945986466,-0.9265202324371578,-1.0148838240875682,0.2618537945032949,-0.6612634747893267,0.9506215041427519,-1.803837574337093,-1.0421616032922656
89,0.0012175459733800844,0.07857671275471094,-0.40245917260736247,-0.9423988725788828,-1.0597943178663325,0.23678024844794607,-0.709844542684962,0.9707290365749476,-1.8417035096097432,-1.0903941055268307
90,0.0012136178869243315,0.0859413192310601,-0.3598031890143994,-1.0088416184791082,-0.9879646903209032,0.28283815656123057,-0.651109247197051,0.9182736207169221,-1.7157525931692128,-1.006856311545219
91,0.001221910577229192,0.10847784365577742,-0.365237514203999,-1.0772735537098286,-1.001556240414514,0.3302468744637512,-0.5719130446369611,1.0067365431861697,-1.689455143968864,-1.097689373545788
92,0.0012136751234564996,0.1071359226034134,-0.36413458515835223,-1.0316785607762027,-1.007200932514523,0.2976384638094176,-0.6278763457614113,0.9846477839960458,-1.7796397832185373,-1.0341214684098328
93,0.0012170756952327296,0.11391320952124707,-0.3310649193702094,-1.04856455332731,-0.9580260602551984,0.334493677209473,-0.5547528636552184,0.9549511927975355,-1.5610855234155645,-1.1656440577801803
94,0.0012217004196225468,0.1189418836320645,-0.3200285714524101,-1.1102274729941883,-0.9328775936007032,0.3672824669072498,-0.5324173229136995,1.0272874843160764,-1.6926558196620505,-1.0470902123858479
95,0.0012180497350578255,0.10251860273674454,-0.35703343007662713,-1.1492881444479186,-0.9877466276993561,0.33458555618694596,-0.5954886064188775,0.9380848228957909,-1.703448947185437,-1.0753352867683361
96,0.001223606967225727,0.09593285652863184,-0.34737743261310733,-1.1510890435512164,-0.9873255810574806,0.3336534205572419,-0.5872392731828544,0.9030054044708758,-1.6361677312234035,-1.0183268763861733
97,0.0012261602266302918,0.08327243177811176,-0.3531781420858835,-1.1129289571032757,-0.9974857589122772,0.3307130626559525,-0.5786908382195018,0.9466998651744685,-1.6776504481532677,-1.07386601830696
98,0.0012125682347462778,0.08188034162279918,-0.3575496130983742,-0.9598874648505636,-0.9990058968939236,0.2954077340262107,-0.5946096333104267,0.9819315863570038,-1.6617440369683127,-1.1729397818050364
99,0.0012147456792251385,0.09529643760657387,-0.3706123005077692,-1.061908553985317,-1.0316944489569817,0.3106511689348193,-0.5912459967440234,0.9238323523814381,-1.5051750670456117,-1.2258854550992226
100,0.0019344037647609255,0.11617518512517085,-0.33435871320682164,-1.0963889093853592,-0.9619227878663548,0.34144388336958753,-0.563277825549543,0.9136021961085029,-1.400648525674521,-1.0631650324646849
101,0.00158731595100401,0.1549993489188892,-0.3078565874421131,-1.2232815630912766,-0.9592880628253964,0.4094154887505099,-0.4546981086183881,0.9268332255491557,-1.0281547280106738,-1.3190351883146696
102,0.0013558008513519918,0.21840176953210794,-0.32491387777727726,-1.3075010382501684,-1.0121189076845676,0.4366035414490206,-0.42062733382184203,0.9954815498619317,-0.9269280034917307,-1.5379552825057832
103,0.0011390558199666418,0.28584243052828995,-0.3649706074670103,-1.4417195669272043,-1.0664757714711626,0.46623789154286044,-0.4254291059384442,0.9573350302680097,-0.6839916639369197,-1.6590906868343764
104,0.0010929988345400972,0.35266105702993383,-0.3533012769162463,-0.8849698496826868,-0.9909426757208084,0.3774852042853744,-0.45154927333343836,1.1372264019043599,-0.7498737832938372,-1.9706798743288974
105,0.0011562993490210147,0.39015682272863333,-0.42553006150141853,-0.9636752418669912,-1.1975886499558555,0.38012341941798555,-0.391502485902837,1.3443938652971934,-0.8728334953129488,-2.008048623055879
106,0.0010657554423450111,0.38237338532396403,-0.3643782436874943,-0.8889211673625856,-0.9815628686968505,0.34775435885199735,-0.5162395256046713,0.9924768860355567,-0.5782183287579286,-1.8550488587649951
107,0.0010834681676841133,0.3845239381613814,-0.38902624883971054,-1.0167896853257843,-1.0328599465618984,0.5037752919085737,-0.3011283451709469,1.5979036818355312,-0.9533488717777328,-2.066900682502248
108,0.0010259619151616554,0.353794870567508,-0.39048716464856265,-1.1249051162892203,-1.026929341568748,0.4097214667630198,-0.5062339759589098,1.1440669337903933,-0.6383606394911614,-1.6639131109558427
109,0.0012863624827902705,0.3574965017847699,-0.3821569072797402,-1.0881376328191998,-1.065740143213072,0.5230458461985742,-0.2595662966395442,1.4460915482172088,-0.8364929104455601,-1.887714529473655
110,0.0010792580344889165,0.3274808751167959,-0.33414293998338196,-0.9689439037186133,-0.9486770962174492,0.4971530950226563,-0.2782440542901117,1.5827213438815226,-1.0798617338273064,-1.7226600013984767
111,0.0011292460991174083,0.3154487383313379,-0.38505911525493763,-1.3091607643830947,-1.059477309067766,0.49246256796476956,-0.3691093137867896,1.5849502979955754,-1.0115414000666343,-1.8490664698036534
112,0.0011557831599947202,0.28979874775005854,-0.29986404084037793,-1.3100131415384622,-0.8941559677541779,0.5756795287216157,-0.2612305787394738,1.3261216785220717,-1.0046030236938146,-1.454911638027561
113,0.0010429223504443716,0.2661996356982275,-0.4096344376517904,-1.2871488134087385,-1.0928179524912307,0.525267802595902,-0.3099233771578827,1.6626826890454487,-0.9740727812485007,-1.8264885285976422
114,0.0010717602923465915,0.2703427038304473,-0.3547020753052801,-1.2262203108699599,-0.9726093011115772,0.5370770020421027,-0.28556047465676243,1.7327813801373395,-1.14934518135768,-1.674058467937531
115,0.0011034612529833847,0.31453069599490685,-0.3696665497831456,-1.0787266077465745,-0.977896209036965,0.5088875581283885,-0.3055676496090293,1.804702456549165,-1.0903538541881288,-1.650952113448872
116,0.0011200079563667613,0.34655662020087813,-0.4100746675516878,-1.1631587107546357,-1.0672387439028257,0.5333758760534084,-0.28306208388269183,1.7700157258604625,-1.0873787007836881,-1.626706037307952
117,0.0010732779460979284,0.36871967836157826,-0.37346939316996963,-0.8688005223047351,-1.0164494825308794,0.38646207483225037,-0.40555287485824987,1.5601515390642988,-1.022995179132196,-1.5292370352115634
118,0.0010874834272246241,0.3578971791358023,-0.33690724657530097,-1.1240994045483217,-0.9429066618910246,0.4472282011585073,-0.39414952543986,1.2473573600897494,-1.0221616209024196,-1.3400948462956885
119,0.0010298414818913386,0.3204823113370454,-0.36243543989216087,-0.7894812796489659,-1.024061286423197,0.36331065683601094,-0.4235345382576129,1.5131940903224221,-0.837696577642157,-1.5830139475544462
120,0.0010403298170160013,0.3075402636451802,-0.37377213983883106,-1.2689684717826166,-1.0025127618904315,0.47707102138684826,-0.42896402871995937,1.0906109925829213,-0.7024901167135141,-1.3584214724997965
121,0.0010638905869088749,0.31348175727645383,-0.3891654665461255,-1.412740326589672,-1.057345883836698,0.46120731163180034,-0.4462902435918078,0.9787886851974951,-0.7226377833943569,-1.261349626764951
122,0.0010759286943244517,0.3181025593313327,-0.40963956307454147,-1.3531779074296673,-1.0888338112374032,0.4793488350145122,-0.4033692504235062,1.2409680708815314,-0.7582285954986313,-1.5873504623927546
123,0.0010592561513240294,0.27417972869119595,-0.3638184268486078,-1.0946071187387285,-1.005027378639836,0.4419057971577532,-0.4091418756667638,1.318832375295837,-0.8485556166942968,-1.5411285172502711
124,0.0010421049682082279,0.25813752789272804,-0.3749611233225813,-1.5067622259464,-1.0518774750848454,0.5513363865457572,-0.3323444901402654,1.235019097744717,-0.8048327517952317,-1.318407131494214
125,0.001020144011301323,0.21701851980199946,-0.3463986322967721,-1.5941044406884806,-0.9953298882869451,0.6145863507104217,-0.2561463103838476,1.27532219845753,-0.9359022064197166,-1.3774976275383033
126,0.0010164433936900499,0.19982246442023482,-0.37270433569238937,-1.3615374493820194,-1.040414030893825,0.5305953413269883,-0.31243706506292634,1.2691735177186139,-0.9344201121159169,-1.4311031154154437
127,0.0010210859382551079,0.21859797435699707,-0.3660342664514482,-1.1629889190003757,-1.0165528611660049,0.496104859350425,-0.33863582782036517,1.4514302317298133,-0.9404196513445875,-1.425538728215149
128,0.001056709561382694,0.2546992039967536,-0.32692029933020156,-1.1836164783877756,-0.9514646663656423,0.511245638773206,-0.3364058826063923,1.5389755854327243,-0.9459948279366316,-1.2202666871228283
129,0.0010528084394503493,0.24693145759255616,-0.34911310960143577,-1.1235983656968918,-1.019172325912527,0.43708629287844497,-0.38235340969055626,1.2564833410033744,-0.9193272845826618,-1.406110487814262
130,0.0010024181501026212,0.2603610200073609,-0.3838413615282474,-1.087970222283003,-1.050330938345675,0.43781448332300743,-0.41694729387060886,1.5234798862523298,-0.8529471609212913,-1.3219894740047562
131,0.0010299858022360083,0.2868229787243381,-0.3844018348838208,-1.4439775686190766,-1.0971992681599194,0.50186030134054,-0.3797350418776442,1.4678017891896251,-0.8205109281021405,-1.2251094229389579
132,0.0010292924985996102,0.30413473427038684,-0.41158864349881485,-1.4229214901724199,-1.1482385170334426,0.4561048502081405,-0.41512396470793334,1.312945738021299,-0.8277737533166626,-1.3405333758581413
133,0.0009993061168409557,0.26959998359126547,-0.3628957436437067,-1.3197226620756815,-1.0437383551319828,0.4548376300369988,-0.44520231984919717,1.3160066702482882,-0.7228472972801718,-1.0969275857062624
134,0.0010057445296389996,0.23941694282827258,-0.3697486796720431,-1.0941742751009405,-1.0249127626089976,0.4514397146264914,-0.3852385278233239,1.5221269830478632,-0.9133595476267312,-1.28893865905331
135,0.0009877289030483603,0.22471168723550938,-0.3809402152751301,-1.4857978584922638,-1.0435948670420467,0.4825308338092413,-0.45473727355890264,1.1595949888715458,-0.6780084129769702,-1.2740340942021204
136,0.0009837184489019405,0.21624081044184865,-0.416287765345682,-1.3165694223747837,-1.120852623135845,0.4220067112323665,-0.47729265688567823,1.3626284199552499,-0.7944175965164918,-1.3058190384624482
137,0.0009938289023768859,0.2246944768313037,-0.4002731229857791,-1.3481254014297568,-1.0584054170232664,0.4285928017000159,-0.5145036723897917,1.070652000477565,-0.6566228917023913,-1.387108685424209
138,0.000976618861264775,0.2344582215414333,-0.3754970405536347,-1.6193214799734426,-1.0586454637345082,0.5179513649787817,-0.43495175307429884,1.2767628061602505,-0.613303129787463,-1.302585493238927
139,0.000987031328970319,0.2651362181414209,-0.38044636272381505,-1.690920172944051,-1.0810904058167798,0.4842119350864896,-0.5076603241040349,1.207595457079364,-0.45693816104968127,-1.2800362316949814
140,0.0009870013106944076,0.30264117526842643,-0.39996567942594274,-1.550619190891559,-1.1160894129236227,0.4549995276768674,-0.5141696065573649,1.2938677098670717,-0.5097434428802248,-1.365639372689648
141,0.0009964543437826715,0.30432982877512677,-0.4566502317976736,-1.5090950050344225,-1.2135168320876983,0.4357197043723427,-0.525540801466325,1.6138871048855776,-0.5963665119331757,-1.503140287568528
142,0.0009729314615072003,0.2758975508638813,-0.4264724988578154,-1.4201895857361602,-1.1499636135625513,0.36315992045864454,-0.6264660166049112,1.1202800720781128,-0.5307007019335701,-1.285141707157451
143,0.0009782076616671465,0.28442847754938344,-0.4385371852599411,-1.474513256882117,-1.2015130625571364,0.41871725843141655,-0.5461361481412407,1.5955106417739897,-0.5586386469277773,-1.513594269669145
144,0.0009952196963426195,0.2485690359886422,-0.39212481041531466,-1.360659537932661,-1.1071427921051378,0.46019036249870665,-0.4499357713194213,1.4898320825950253,-0.6369669754981739,-1.4873350324652512
145,0.0009984501369117616,0.24747397332635396,-0.425418051645129,-1.186662637313043,-1.1182665776937513,0.39512912680891055,-0.5201583857920203,1.4584910834732194,-0.694653853382512,-1.4939740090682863
146,0.0009653439758447798,0.24589058675450454,-0.43153561940982393,-1.4251220431485605,-1.1443477297705051,0.43039517907576297,-0.5320472679280998,1.3999984838664454,-0.58363596167327,-1.5199440469274508
147,0.0009620247638073983,0.24832764112723027,-0.46721160540589135,-1.3834152161226667,-1.194150700476138,0.399133912423636,-0.5883459304132793,1.5546009550879358,-0.5644454920195981,-1.6153927787004165
148,0.0009502167549139741,0.26866321452460395,-0.41846619248800687,-1.6467721638122768,-1.1040949793862915,0.46894633369933353,-0.5988034439589605,1.457155524294323,-0.3743364504410992,-1.5196676288154265
149,0.0009473982521592932,0.2946672165328083,-0.43146490933096554,-1.5448366435160048,-1.1475153017218918,0.414835307151587,-0.6175443867317493,1.4817511895318498,-0.48594817142290275,-1.3000500902736083
150,0.001226553590010406,0.32064189051249997,-0.42777474703938384,-1.7080502313945698,-1.1237497079771717,0.4499813084503689,-0.6372877649208972,1.348579391663976,-0.35691015618590716,-1.314356220007397
151,0.0011758938605619148,0.3146586805931414,-0.41628216371317744,-1.7536286500359868,-1.1403112781944218,0.4423729793105734,-0.6489379885835557,1.3541262031053294,-0.31194132895096915,-1.1085183639736065
152,0.0011116129032258063,0.30915054297922334,-0.4360985448691108,-1.6910412983568215,-1.1625675006194502,0.40638155895857314,-0.6942458095578049,1.3807914407609807,-0.33850854703787864,-1.2266707316320924
153,0.0010616795005202917,0.32172334352621906,-0.46256285408181014,-1.611597674419835,-1.2233019105283311,0.38598171778491663,-0.6935905924870207,1.4921612882870816,-0.3556755602250424,-1.3926647221000417
154,0.001039843912591051,0.3378501171875995,-0.4507214304484889,-1.7340605229471033,-1.2016531114311566,0.3870619287436016,-0.7279884165549907,1.4832387086463183,-0.3110223175630597,-1.2850357025204995
155,0.0009506368366285121,0.4282871787143469,-0.5022705218881719,-1.9893914919845943,-1.3435588923273203,0.33970883241459593,-0.8651677515874464,1.5646390044174776,-0.1092486028582359,-1.1722353770479008
156,0.0009313985431841831,0.48594660054051425,-0.51173772105564,-2.0892389791665327,-1.3882251168628363,0.3645327592685833,-0.818977001992181,1.7043692737189944,-0.10080612234745262,-1.3085051953866265
157,0.0009169219562955255,0.5066742478480674,-0.5210977665700045,-2.098347035977749,-1.3741920265071341,0.3009400932703684,-0.9852478887904814,1.5701597149226654,0.07822438733586001,-1.1354188336298572
158,0.0008284911550468261,0.5302217110397168,-0.53308357503126,-2.1941612917092255,-1.41211938141535,0.30072499092045013,-1.0499672603750239,1.569576514225861,0.3995810372712529,-1.2533375067479477
159,0.0008607617065556712,0.5414356535108225,-0.5424899637198559,-2.2437399233383495,-1.4575113435471458,0.31589265292749086,-0.992445459558554,1.5323359522089055,0.3174910680798945,-1.313636089324274
160,0.0008402101977107182,0.5798241622691802,-0.5685800424025225,-2.5008569100167737,-1.4805196715103772,0.32977132126346936,-1.0844600275977747,1.7541394358249378,0.47290420988390325,-1.3509283347709753
161,0.0008261519250780437,0.6033286898942609,-0.6350992896456462,-2.4570149355886928,-1.5442693637410585,0.3146719930809773,-1.159223212588011,1.9400158622128918,0.6465196451141233,-1.7149337152504118
162,0.0007320561914672219,0.6392879168711466,-0.6542852372431522,-2.5156861926833054,-1.58322196013896,0.28925114007539454,-1.2340773284433582,1.8396440436373838,0.7709077776895015,-1.414270586131791
163,0.0007326638917793966,0.6663096899667568,-0.5192726553215865,-2.5141408854321248,-1.4286574913969845,0.32396618092933716,-1.1114689659421555,1.7493462480856374,0.5616957615393968,-1.2152813092714299
164,0.0007103829344432882,0.6530008081307991,-0.6946477990671601,-2.6818774693265715,-1.656437782919994,0.2839371457680744,-1.2814416425281199,1.9745543996907258,0.967724902631903,-1.9325953749452318
165,0.0007138439125910509,0.7043753364557265,-0.6921454773631074,-2.2975235110765126,-1.6408395359641461,0.3056244741066315,-1.1508478386408951,2.3100704417201072,0.7299295167448696,-2.279144638859627
166,0.0006884370447450571,0.7046685241779546,-0.7427832490872328,-2.4959239017904435,-1.7433575433950397,0.26264282008377615,-1.3381276977623324,2.513499216689172,0.9579072823994303,-2.032462294266991
167,0.0007468241415192508,0.6904721752267042,-0.7290673284840301,-2.5651634893671837,-1.6399339047437185,0.28195937353905703,-1.3978839439680752,2.1389997382739407,1.217389337661432,-1.88527760922389
168,0.0006939250780437045,0.6130779924126835,-0.6945850157868614,-2.1346184904984558,-1.5638378927376493,0.3044268944974035,-1.2123881486598367,2.068587560051422,0.8785140010869847,-2.1746352793406705
169,0.0006917585848074921,0.5574531470497841,-0.7106089305385008,-2.521491758715629,-1.6850226508524633,0.27736051255003036,-1.3056437513355255,2.0107987854978506,1.0632851033585107,-2.0211131606578663
170,0.0006863454734651405,0.508501940166992,-0.7415870546550072,-2.300262411738997,-1.6231709611271186,0.27668381335049036,-1.331884496278511,2.189824676683979,0.9426121285645779,-2.1599749554953593
171,0.0006882913631633715,0.45256505536708264,-0.6989611569256148,-2.530020365137257,-1.6760302211731712,0.27410516150864905,-1.2779426897158812,2.151385695329985,0.8865344880862469,-2.098381992962505
172,0.0006655775234131113,0.4005089556487224,-0.6694658192616665,-2.380172031501851,-1.5404983639584555,0.2768239236681575,-1.3075675470719743,1.9083586802181873,0.8109811329960578,-1.4316616716900656
173,0.0006598730489073882,0.39411551020268115,-0.7915373073247012,-2.644936998859703,-1.7681290076488292,0.26132539411032346,-1.4284542288154507,2.2100348356427655,1.220319083931796,-2.0026178024265637
174,0.0006482226847034338,0.3709394586681112,-0.7481726590949151,-2.4636289896257906,-1.658503730200581,0.265603033809275,-1.4131490890785734,2.1988985599949276,1.1460076528640775,-1.9426966055992245
175,0.0006319084287200831,0.3844091856757595,-0.8030114575009443,-2.666666013911137,-1.7406325785619414,0.2557754733411042,-1.4897584672253306,2.2215746002902925,1.3160521530672376,-2.2162389024906903
176,0.0006522018730489074,0.3869520745568326,-0.7976101202279852,-2.76359377521825,-1.7866566043287082,0.24303729338048696,-1.5110932193883662,2.1780450396216366,1.3373613719116566,-2.1097395626912077
177,0.0006361644120707597,0.3225336976518648,-0.746151056843695,-2.43120160559616,-1.6398242054983816,0.2751010700912334,-1.3611057905879345,2.076518859436434,1.049429723002402,-2.067763350841794
178,0.000651188345473465,0.3028244365360648,-0.7649272831069023,-2.5182002522232745,-1.7073085099186602,0.26581358495725205,-1.3910555953191936,2.237308942052693,1.0949721101508936,-2.2612744097894977
179,0.0006439209157127992,0.29165759935497193,-0.8165410842547871,-2.7716201018426565,-1.7939499913645607,0.2511018060584232,-1.501363139964116,2.196036889650646,1.3198733527070043,-2.245135455582373
180,0.0006283246618106139,0.30341327176294064,-0.7826598042637103,-2.6217846987961524,-1.7280322282639409,0.2587639926543931,-1.4297568562732905,2.0945276441962077,1.1330850453728993,-2.1908664366903876
181,0.0006397939646201872,0.28510316019714066,-0.7701438620190139,-2.6244530557679657,-1.705545648275697,0.25808929873154157,-1.4381023483771078,2.028229202107344,1.1755315248990321,-2.0672401086951724
182,0.0006333922996878251,0.24973226911613464,-0.823001532050315,-2.755714110388792,-1.7969929785159329,0.24969164824595966,-1.4996245653556692,2.2819717711026084,1.2574242631822912,-2.374841048585002
183,0.0006249365244536939,0.2484798299948083,-0.809914771539,-2.7270602254723566,-1.7545101231268465,0.2541350972027997,-1.4967794431707113,2.1092867314654002,1.3061115233870653,-2.316192267877755
184,0.0006189739854318417,0.2599500529900451,-0.8637562595246538,-2.980079638680152,-1.8530456794143955,0.23925651450829788,-1.6053814553130408,2.2006580189915748,1.4787516398812195,-2.405431568087821
185,0.0006253340270551506,0.24522109882313115,-0.8300938026188778,-2.8280423268574375,-1.8005580578228042,0.2485978605114275,-1.5220807472391333,2.071127553365808,1.3796788763791568,-2.340648624361188
186,0.0006219063475546306,0.27679623861359876,-0.8085733302169772,-2.6837670448106534,-1.7886016070029935,0.25633890172070134,-1.4366311654448776,2.2998828597091245,1.1410107258605715,-2.318139043897625
187,0.0006217918834547347,0.28387450531115865,-0.8241157324208217,-2.8324002672477913,-1.8133208046295235,0.24763714602313694,-1.4995212380547402,2.1198667684128236,1.2632715673847645,-2.354821568646334
188,0.0006275900104058273,0.2776348241490126,-0.8454280017980229,-2.865364185359653,-1.8339170811363954,0.2473036388974536,-1.5305070792109179,2.254588508350878,1.3098198567315325,-2.356278019337304
189,0.0006234276795005202,0.23169793021942983,-0.8218496814404377,-2.726405311164568,-1.7988507308836392,0.255333083145075,-1.4540445505756447,2.2912896314368454,1.1714481015417364,-2.401484568586994
190,0.0006217148803329864,0.21537475954702603,-0.8318524589620593,-2.784032298122373,-1.798149148920848,0.25012915036776323,-1.5124766487776264,2.2308267809839784,1.2930708708589416,-2.324848910203843
191,0.0006257523413111341,0.2065726283637323,-0.8647515155617469,-2.9191947633391404,-1.8644962261638116,0.24134178991897373,-1.5744057535960303,2.1579619110017427,1.463440337533486,-2.372262768299445
192,0.0006252736732570239,0.20317618278662442,-0.8610622690129581,-2.9642169047981093,-1.8754013153919327,0.2395179134147072,-1.578974688773781,2.2578487918376022,1.4736178868824064,-2.3833953619550305
193,0.000622545265348595,0.19105130705921708,-0.8742094199027626,-2.956009861297766,-1.8674550535567502,0.2383994643129382,-1.608749710308647,2.2453383603263575,1.4593711410120893,-2.2402009413056065
194,0.000617452653485952,0.18990137094979492,-0.8696384487589646,-2.945757852998042,-1.859053774335168,0.23661342617138736,-1.6207960539509116,2.230928273585964,1.5020981862642206,-2.271202499717447
195,0.0006228636836628509,0.1714920650319654,-0.8575390096450747,-2.8626313252852613,-1.8355446097218893,0.24232610855028952,-1.5756995811711219,2.200303157123397,1.4314848757615164,-2.2811714153013156
196,0.0006211737773152966,0.1572687407623295,-0.8590671570540253,-2.9472609390460303,-1.8531384305829224,0.2402738136823672,-1.5774111561554673,2.1360290693370354,1.440556325141534,-2.3608519412859046
197,0.0006203621227887616,0.14716110548249137,-0.8844407963155692,-3.013555507776268,-1.8815687245206736,0.23634238500600316,-1.6265380334822597,2.202908080330123,1.5174148586351595,-2.3771179774890925
198,0.0006113361082206035,0.1326862719111728,-0.8758477504875452,-3.0119307869899044,-1.8722651819746354,0.23528122651196753,-1.63262353247376,2.2064632789546206,1.54089200077559,-2.280150436638176
199,0.000618414151925078,0.11802036678000893,-0.8492053196626234,-2.8394118818023526,-1.8271661298960788,0.24497978990190128,-1.5475386134728941,2.2305448155602385,1.3757875475310295,-2.329700039900492
200,0.002486239828428189,0.11515777299491795,-0.8898996809591312,-2.984361950241747,-1.8861990870432805,0.23556346879451504,-1.6348133224776988,2.297436744655835,1.5257095790576682,-2.359710613977043
201,0.0024814598469800843,0.12942553470941426,-0.8866947743576801,-3.0031308684815676,-1.8807592358377319,0.23549441418842001,-1.639101965330813,2.278169757691589,1.53845378626158,-2.375234368918034
202,0.002471252215189644,0.1507896416500069,-0.8950560376784463,-3.0044529122984267,-1.884902870942677,0.23506455666656154,-1.648956784042595,2.3192997523614007,1.546810746905745,-2.441242861002713
203,0.0024599263616057153,0.1649986860598393,-0.8656265735067143,-2.9075511651882486,-1.839939216315965,0.23980267875794395,-1.609798675261525,2.2908569764844615,1.445201259754171,-2.3240562934231956
204,0.002431611698352716,0.194927753788238,-0.8860100863254669,-2.945934249412358,-1.8670862717567558,0.24066199712277644,-1.617164453544953,2.2578175184389035,1.5196604076623577,-2.416906773259534
205,0.0023757371542783984,0.24831942640854696,-0.8654112828658213,-2.9108699792658004,-1.8065336799561165,0.24370920823576245,-1.6213351358482275,2.1864758646543017,1.479541706007323,-2.3663926084679656
206,0.002344308730434212,0.32449691215195864,-0.8854527540213718,-2.9130095047792186,-1.8154546699997274,0.24178397920206018,-1.664413214086291,2.244650173149817,1.557461438426006,-2.36266156999957
207,0.0022693164637653303,0.4114309044793386,-0.8712724530736176,-2.9485682401859394,-1.7943706632581198,0.24381088418138724,-1.6645293146559768,2.089963197262986,1.5972696560285944,-2.2705181684754883
208,0.0021670127259222514,0.5394086794457322,-0.8766637040503509,-2.906891062880485,-1.8120377379176023,0.2514108773327788,-1.6100277433715295,2.0260945900007834,1.5567900179821792,-2.426967774243248
209,0.0021472246690743208,0.6597394285582534,-0.9180930384231282,-3.1345110731613217,-1.8683562036967085,0.2402676954096736,-1.7258012883327944,1.9110250813346923,1.8327556331159776,-2.409155759461844
210,0.0018526614208201168,0.7682970406305677,-0.8449140385628103,-3.128088048168307,-1.7597629335643115,0.2402282996979313,-1.7299957398149135,1.202370757618856,1.9780054651990024,-1.8244889640905246
211,0.001583624351790071,0.891423792896851,-0.8317957233496072,-3.1650739396679746,-1.6923553798724174,0.245332245796075,-1.7354268278769969,0.9903752782204549,1.8599683362950763,-1.9575663232771565
212,0.0015610295271114203,1.101865588750069,-0.7503162519621629,-2.755572349880391,-1.4462238184481342,0.2652642668551451,-1.6932150822742078,0.6537632167333175,1.933392009421927,-1.4925537841623668
213,0.0015188359565857018,1.1583341951756068,-0.7999594521173473,-3.000132820409482,-1.6148443802230155,0.26542382251143165,-1.645491115302268,1.024066152215065,1.775204849078908,-1.9412297544851824
214,0.0010542815748495785,1.2101723616366782,-0.9288731256490964,-3.647662192123283,-1.8684513435223262,0.23613171012753914,-1.8838685802958433,0.8668582443042999,2.5004441179870245,-2.6092719223157275
215,0.0010090048825054853,1.2931439255881003,-0.8799944577519007,-3.4219124138874757,-1.7428368701442496,0.25124440470365444,-1.8295370589558864,0.8272344912583347,2.5579309343905745,-2.405515986437152
216,0.0011181115243147997,1.2930574748674608,-0.7811476508116887,-3.0786233773486713,-1.5728563730831597,0.2728150565729639,-1.6493029184720416,0.6459696437975134,1.8637313356355247,-1.7933122412015816
217,0.0011213643307057335,1.4188619590315112,-0.9945475213857762,-3.871637603927633,-1.9936730654447579,0.24763322280450892,-1.892445240081845,0.7982428936464343,2.740922122013647,-2.541407776330547
218,0.0010675934055063999,1.5404794065545455,-0.845504449184578,-3.5383797921574622,-1.8245161335913231,0.2695339467787834,-1.59906512892216,0.9270550706217333,1.686824019614276,-1.917496890564565
219,0.0009278152169491921,1.682209159912168,-0.8416733613208567,-3.461002791812422,-1.6010602576245763,0.2810201915850173,-1.7867163529474057,0.8688981662296225,2.2779419280282975,-2.283733138562998
220,0.0009243558728747124,2.012415377143268,-1.000988992019329,-4.084753694361456,-1.8568245450368586,0.25510405510080747,-2.133670247484714,0.9252446651051306,3.0869530601376294,-1.676097316471447
221,0.00085001785243064,2.408803354437558,-1.1776541288350124,-4.406199453900809,-2.092385365389868,0.268946668814958,-2.1460903758046177,1.657338689455275,2.9732732699297513,-4.001432404834924
222,0.0008159265242705896,2.7191437948357704,-0.9872056851864621,-3.113893455557354,-1.6887927963950715,0.3228124268198255,-1.7467941456769447,1.341041053509386,2.735941080389013,-3.217545550881499
223,0.0008601733871839902,3.186596786422656,-1.5173834862148268,-5.062621407496245,-2.0904025382328424,0.2717653440622225,-2.9770111100041117,1.7085922699275433,5.0060291593909,-5.337436635285856
224,0.0007899532990439269,3.135059070463637,-0.9483665398612996,-3.5140870556433117,-1.6956820387737448,0.28642298205770117,-1.8707628208112312,1.0407287110631969,2.4840046471934563,-3.4045179035163184
225,0.0008430096751121575,3.0979585016841336,-1.16760442651991,-4.62910616099829,-1.7513779255453668,0.2863309035337312,-2.5787170012610074,1.81876591797075,3.480706060809343,-2.750597862011905
226,0.0007980752050955798,2.954854689396892,-1.2032327329693393,-4.2115554063156475,-1.923672158185012,0.27423762635971566,-2.372333482713205,1.3054698933398297,3.7161726833888897,-2.717250057029786
227,0.0008586460082895081,2.941794791656612,-1.3312501980784286,-3.974992481415134,-2.06589940295901,0.2707637099401675,-2.3676380856958605,2.7496392817045825,3.297863984522782,-3.973923242070865
228,0.0008045510213172096,3.3284518412122774,-1.3540221344814687,-4.049810369742284,-2.026931370385341,0.27673985541303847,-2.4441102042654386,3.2425521803141373,3.4645988000228245,-5.230902814371236
229,0.000889266344625122,2.9803619258608225,-1.1539555573207154,-3.987147193196221,-1.7518849111299355,0.302887082122098,-2.3824915639106767,2.073929084721401,3.756093150835143,-3.137859069087683
230,0.0008355854437020022,2.795350186047461,-1.3573269253187061,-4.572652256009597,-2.193712530340865,0.26072748264743417,-2.644387123447255,1.8797648017664024,4.784836616289338,-2.4964255241667246
231,0.000770583230717255,2.5372947487013437,-1.4614417454321844,-4.370196669418525,-2.0342598062150032,0.2708196407220743,-2.835643219475794,1.7602890588682825,5.092921263992297,-3.662631770601938
232,0.0007461017623974541,2.48294972397528,-1.2248905619692991,-3.8901899848799943,-1.812069349837753,0.2896091219052826,-2.4129098693233213,1.6518725037937463,3.9258087339426484,-3.417574090698669
233,0.0008280488582456055,2.340377925577418,-1.363627826933502,-4.20545343056699,-1.9138699101278853,0.285245882150312,-2.7282297425139395,1.9792194919122674,4.886713956272031,-3.09468770940576
234,0.0008257905215864167,2.158198631938088,-1.1596131693243603,-3.7501477526184175,-1.8425411090464152,0.2684718598310041,-2.4262890608571293,1.104451502818424,4.420601030540206,-1.8434620467179708
235,0.0007915859550501722,1.973375080451533,-1.1638292210729257,-3.698640013541638,-1.6991739429519277,0.30274224742570904,-2.374373208916073,1.716071276664236,4.01522005654187,-3.42609128496216
236,0.0007943861278664147,1.8884784549509768,-1.3032376574775517,-4.17487043213807,-1.9738977713356207,0.27345551893194303,-2.6011965323220876,2.108569036089761,4.603959250035118,-2.8016784630287903
237,0.000802852659096012,1.731891845537222,-1.136748016224769,-3.5022514610424884,-1.7896371020452329,0.2925212872962653,-2.2402338808028457,2.0910977847475407,3.7843631104151827,-2.545014731761077
238,0.0007935850142937319,1.680043849253243,-1.2068913339453358,-3.5302351291479535,-1.8393540280475498,0.29036355759924576,-2.315834725910926,1.8264450391697462,4.079231012073454,-3.351783888985314
239,0.0008047435603721349,1.667820362189748,-1.3250824830622066,-3.8141922688080006,-1.9202153892472622,0.2799501421613512,-2.5762727130741396,2.134583294047687,4.619399350358286,-3.1841818460554334
240,0.000779821415493348,1.6043432423609683,-1.3613780308416146,-4.030952232476739,-1.8982555835627577,0.2854360943694556,-2.694170436885649,1.9495199126973832,4.789982852978097,-3.604694396445498
241,0.0007830464789512106,1.6008171780532814,-1.2548107721117063,-4.0972214678298196,-1.923700464201512,0.27528785772088854,-2.5515073661617254,1.6354798645169513,4.562411148176244,-2.6728442346126258
242,0.0007865552018719805,1.4016225903822657,-1.3042857235705947,-4.367030290193935,-2.032837814832322,0.264304978850016,-2.626769554048612,1.4386478281983068,4.790692569754619,-2.7322809466719375
243,0.0007698534317204181,1.3618664042812227,-1.305999936309102,-4.276436396315309,-1.933297481439149,0.27188275144950086,-2.627062577258741,1.607056489434273,4.550121297173258,-3.365858172886762
244,0.0007676939518376422,1.3531118618442137,-1.4498931830473658,-4.287602883670051,-2.0027437439881908,0.27611681158471824,-2.8119177898241734,1.8713656803122478,5.154616358734835,-4.578244996367757
245,0.000756509854819721,1.271744193131824,-1.3579269789715072,-4.357658818554385,-1.9588718482239458,0.2724038805184255,-2.7518086803837094,1.5504331377239702,5.017941824026759,-3.334414115102095
246,0.0007651321725619976,1.1963003461748627,-1.3067746423326116,-4.111349923998886,-1.9664138816999195,0.26827941804191674,-2.578523982310923,1.5052375293917155,4.610787924847463,-3.3810262416778993
247,0.0007606921407228795,1.1663673365730165,-1.247354637465429,-3.8395523639603226,-1.8861442882309707,0.27312254698273125,-2.4688683576028567,1.324549642663703,4.359123322236748,-3.2705327665994535
248,0.0007485896156848068,1.1429776800365277,-1.2198821943280598,-3.8595144063784534,-1.9348534201458285,0.26836257192894536,-2.422020345198702,1.3495393453891567,4.315720288517898,-2.893131435919283
249,0.0007567368668137921,1.06377625462763,-1.2343604948654672,-3.864946468526772,-1.9093244560016978,0.27157636325946294,-2.4475958636011184,1.402966034229886,4.317830863192671,-3.0944415376299106
250,0.0015417292931744122,1.0728808596390398,-1.3032729970381722,-4.062955303961802,-1.956446536157362,0.26645743356784846,-2.596361519533873,1.5724804472381864,4.598990587614632,-3.2116351056909678
251,0.001334789218878093,1.3665362185726018,-1.4448747986407757,-4.701804329246544,-2.2372619357996038,0.24172075346258975,-2.827710308681658,1.976075094770659,5.119458861513385,-3.5990310206613407
252,0.001307254320144834,1.777725126251637,-1.4508924471760136,-4.59876445686164,-2.1920289564393345,0.245261385876476,-2.8058069183314958,1.9086547008964825,4.962110695836283,-4.1262900809189365
253,0.0013088757499924203,2.0505201320049693,-1.3781848477156489,-4.404535198138697,-2.1844862729316934,0.23878186403709661,-2.7145106383425297,1.4180068815510967,5.051721834284499,-3.037769920251753
254,0.0013129543707494616,2.224255346760873,-1.486057411258513,-5.174966661325409,-2.3617770621773593,0.2237687385050302,-2.8802483231989515,1.6490180688762979,4.890892219057743,-4.037232754629615
255,0.001313934415991866,2.1301352763353307,-1.4254306169622162,-4.766471710187627,-2.2031310185016335,0.2412117775498631,-2.7845938185386094,1.6563345504702967,4.725084267448754,-3.821799806872423
256,0.0012746994396135964,2.033274450263521,-1.4362412934805568,-4.456690157297503,-2.125575607309934,0.24356601311738366,-2.7969374417088626,1.7536469231672769,4.541215174316063,-3.815767961065454
257,0.0012941066973535943,2.046845458202177,-1.4305260214647846,-4.47380241885681,-2.1480738287242875,0.24243379767303597,-2.85154004389025,1.9072189663284855,5.127412021246102,-3.1272172928395654
258,0.0012529893683554435,2.3681900165690015,-1.4244045338298754,-4.504782102953226,-2.0934680442301206,0.23534814271157434,-2.840185743033048,1.245259296710334,4.6449006047115375,-4.717012516113135
259,0.0012435808445051344,2.7855287890806664,-1.3213938056586598,-4.030070459978189,-1.853120517410744,0.2553176333144528,-2.650018545804317,1.2913589161674626,3.99356211171404,-4.162522936657833
260,0.001244077704465923,3.1211766685644338,-1.2771950064554523,-4.293670547087508,-1.7922881399317698,0.26108633205765636,-2.599228947386765,1.2567678364735146,3.389875126607985,-4.014341239775055
261,0.0011904204204188694,3.4106727916941386,-1.1506892283995043,-3.844074488489147,-1.7235573592782771,0.2715478593656733,-2.3292891773293394,1.8151534912234675,2.8321976153461654,-3.5207799983399926
262,0.0011247787334806249,3.8265720272877473,-1.2371864411205795,-3.0210560338445154,-1.4933813874710744,0.31642633240729806,-2.4571799895442847,2.798034320424689,3.765501362202785,-3.302037999711805
263,0.0012110880899623246,3.687811046050264,-1.2543525277643308,-3.711395835407347,-1.7181863105406951,0.2821682512541974,-2.4421803937043745,2.2823216562114483,3.4955230946149145,-4.723215298288029
264,0.0011684559845916832,3.5999464703080717,-1.3144778718781005,-3.3867513134012266,-1.5202457014854676,0.3138604760831067,-2.548628604522425,2.9079449431225584,3.4393375181011265,-4.821886628070511
265,0.0011607941755624,3.417377728614802,-1.3132456443016784,-4.118354634410881,-1.5535822064959561,0.30258508260909317,-2.7393580956747385,2.3701545094921226,4.019865304555312,-5.3611496852960965
266,0.0011955673794732222,3.2504355782169596,-1.2287562687895268,-3.5241387815334173,-1.5760390017891648,0.29130243019769475,-2.483587929215479,1.831810917027402,3.866068219028842,-4.295805601918187
267,0.0011596693269775886,3.1876512932006804,-1.2168576715093986,-3.3783928846701574,-1.5954962014878487,0.2898523737337115,-2.450861518350965,2.110856090813377,3.7925780386655568,-3.5649469986313846
268,0.00116527336641973,3.405941997024592,-1.0862272941695226,-3.121064184923679,-1.5488032128083495,0.29544465473139836,-2.203437230187542,1.8164628888870002,3.263197013811845,-2.2134714641808086
269,0.001150131369241977,3.1620794447169502,-1.2089298854160893,-3.352890383164309,-1.58553253736791,0.2920417590317512,-2.5134818063434623,2.093266544604096,4.419883575077392,-3.608534160937609
270,0.0011246522851638165,3.122541091389131,-1.0866199582654685,-3.140883806536205,-1.5186190079379847,0.30051701821975413,-2.2495357069229445,2.0319761818170856,3.626349164531415,-2.5679547478144564
271,0.0011395749368894466,2.8084554774110293,-1.142513128495668,-3.5038038717257507,-1.521580037961519,0.3014035100139973,-2.331352201606824,1.7405269277851514,3.4534899514355453,-3.6227212292076483
272,0.0011574600515394911,2.4387014729616596,-1.2989220422452326,-3.7761769802259675,-1.5521221670043717,0.302168331596533,-2.725154320835634,2.1938345479034536,4.59974642006727,-4.159096796718962
273,0.0011404212483535942,2.4303297225296987,-1.1685885275587493,-3.650870587180296,-1.5760076073733629,0.2917978616742965,-2.464646800169045,2.197686280338254,3.6931247270701038,-2.9854152267793754
274,0.0011776445864430456,2.569134514515158,-1.2676748185185904,-3.700381968669946,-1.5953539438382764,0.28804070148005906,-2.735967484605067,1.9129274255447846,4.720905115342379,-2.7460257626150777
275,0.0011223555371205436,2.364681670720661,-1.2000662811001954,-3.7561099894817715,-1.5374828365935584,0.2982271459911815,-2.615332143435328,2.151989580957649,4.378511890827718,-2.821967894537143
276,0.0011333170421680427,2.196429810471533,-1.1599522357725691,-3.396291549583832,-1.551749792343932,0.2995964351573933,-2.325187600536709,2.2811294900112005,3.204308004683364,-3.261189471284969
277,0.0011433502586152174,2.02451655232468,-1.1688590901513938,-3.624208730181575,-1.551363350011329,0.2972130760150147,-2.4892702389709136,2.0984075348327362,4.150541703913992,-3.050132265984099
278,0.0011276458445289043,1.9101881656450745,-1.1735742944802545,-3.4317985253656396,-1.534425212262217,0.30065106848774836,-2.4165357335994755,2.1436117349163744,3.91550344725158,-3.175966626307539
279,0.001133292660171449,1.6121804242212898,-1.1569886297154721,-3.5785715623511853,-1.5592286244904634,0.2940506819960089,-2.3968553274906816,2.0139930315592096,3.6332334809634665,-3.3687990188081978
280,0.0011145502597750545,1.5025350085537652,-1.1043306416011827,-3.357265079188906,-1.5234689906061833,0.2996298426044617,-2.3184296587116435,2.228477786190927,3.659182373914733,-2.738872197727947
281,0.0011121053611136105,1.248365902755792,-1.1299658343898664,-3.3503873596498015,-1.5265705010154906,0.3009039518870515,-2.338171958697852,2.214102602413579,3.549951842191067,-2.8190994888267285
282,0.001121028645287505,1.1596660955348905,-1.1242984186615645,-3.2208076870222175,-1.5194043012873448,0.30339903137362634,-2.2798441428075864,2.1161848735142126,3.513778203490931,-3.0628788928059043
283,0.0011239762367429192,1.1108282676166772,-1.176033305395233,-3.4716242339835524,-1.5391456648457158,0.29933298831852756,-2.4389424107940805,2.1598247506377226,3.899764785201944,-3.250710301403699
284,0.0011204460742575265,1.3039451382878238,-1.0828137889487837,-3.028344206046362,-1.5065035266274156,0.30502268057129656,-2.1766791710553934,2.051402775368799,3.4248484291109054,-2.9166360875927415
285,0.0011128384651476414,1.197244022004117,-1.1195730768359782,-3.2154288155113653,-1.510028481623692,0.3045788217358722,-2.3174809797637677,2.19902098048355,3.8798230421570024,-2.935051414616425
286,0.0011156639574048366,1.134131656888526,-1.1187004834296106,-3.4296548213124876,-1.5276702984337216,0.29941229710949246,-2.3563467477845803,2.086772430222804,3.8858382182874633,-3.0022618155801775
287,0.001113913011943907,1.0493634886676368,-1.142502433793791,-3.345824550969335,-1.533613407987309,0.2993941856428309,-2.365087119302524,2.0557866799131026,3.9936542499383476,-3.208920912206086
288,0.0011196818998117201,1.0432884744788544,-1.1411627292942719,-3.0766459708165064,-1.513409492356488,0.30707918315844124,-2.268643018000262,2.141905765957402,3.6841088043482078,-3.505350660313479
289,0.0011132687042126133,1.13851766480043,-1.0845484761556854,-3.1747722646648935,-1.491671784220783,0.30829890338675403,-2.1950758657740654,2.0128548832307396,3.5332213807063058,-3.0891501604474745
290,0.0011016191695617614,1.3643794711390143,-1.0675218322636324,-2.949038399902485,-1.4815178636454691,0.3102914345581342,-2.1713737840093548,2.2392324817908684,3.7321927542097333,-2.6402643573965934
291,0.00111488451121144,1.3584759357631735,-1.0910481124081284,-3.1810732856122805,-1.5075125931859243,0.3044106856916202,-2.2419090391646987,2.0270867631091583,3.8119673347851113,-2.958802471020639
292,0.0011103023600828733,1.3922353533251468,-1.0858774857961961,-3.058211135948638,-1.488864836856021,0.3083136495007548,-2.2178562984725816,2.135946681361392,3.941896617558663,-2.940193633352376
293,0.0011024369064212731,1.3121783645953196,-1.0920100059009856,-3.279390377931851,-1.497116954200644,0.30459230294349393,-2.309033083834002,2.1684547707420307,4.002170445986793,-2.6994924155094253
294,0.0011085402667688035,1.2350993030371353,-1.09837443807166,-3.3486363168432516,-1.501939660086574,0.30635854349785124,-2.2771700035442866,2.25538256013069,3.596080856998381,-2.889401758102841
295,0.0011106198963816375,1.1900965635348355,-1.0801949685078762,-3.183084549895045,-1.4888631657778824,0.3095762474212815,-2.2187328883505044,2.1629253512187203,3.809415969342004,-2.8699084244004314
296,0.0011067458436758845,1.1541132680648531,-1.1092638895920655,-3.3451817260097547,-1.502875180864403,0.30482196688400165,-2.338529256434919,2.246686292229288,4.007887306569158,-2.885711757778594
297,0.0011092971119221167,1.0398997318132726,-1.0847115454693987,-3.190487259398584,-1.4887967637240582,0.3093753833868796,-2.2413082849061245,2.178925341676435,3.763417874138315,-2.823227330379316
298,0.0011055528966844425,1.046269743109036,-1.057177500431145,-3.081065987581304,-1.4704879650483809,0.31285846050313076,-2.1593876560875405,2.246974024181598,3.6787743417397527,-2.984417899512448
299,0.0011063391167298428,1.0939139187114282,-1.074154648328908,-3.1748314553247585,-1.48052081987714,0.30889073732128364,-2.244928599031825,2.314107309905902,3.96812599116347,-2.8544125136509897
300,0.0012026967171193063,1.1492617132463618,-1.0495522712781633,-3.1515263541543233,-1.4816871831413962,0.3119231013934014,-2.1442664601988284,2.2318037863641726,3.6017617937734827,-2.9449971633394667
301,0.0012014586698769376,1.1673634070470422,-1.0420082291422106,-3.252741175487351,-1.4817336927223936,0.310261561878321,-2.164637378185446,2.235442555040753,3.6136401276904233,-2.802660019947421
302,0.0011204213914011974,1.401425693687985,-1.016558098482984,-3.1917568496462647,-1.512022072293828,0.3034548789642485,-2.0816086130769254,2.141070225392033,3.1665048062923837,-2.6926804334327348
303,0.0010370663679393124,1.9396140721092119,-1.0102237992550214,-3.330046652661493,-1.5244605303701013,0.3007215443217743,-2.128467069215489,2.1323727212090966,3.438669893481224,-2.418001087386201
304,0.0010289482498960834,2.5143926990054317,-0.9982315725271093,-3.464546292379751,-1.5204158183157659,0.2976566941564278,-2.1663246421008426,2.0353467493420783,3.417797600532571,-2.0544009593629435
305,0.0009771866821899906,3.15744967015733,-0.9643426300975624,-3.1803628153294796,-1.5321143826071746,0.30531865795130425,-1.8745299341732609,1.8843062189251274,2.4852488544683453,-2.820626841718281
306,0.0009430884588232282,3.460198192933014,-0.8978772007288943,-3.102824177044124,-1.5019757265927247,0.298178694440555,-1.8922266754191204,1.966953723222256,2.8326055891470467,-2.1745791909510963
307,0.0008968694615750692,4.36688217347452,-1.0349350306674192,-4.0634068269774986,-1.6264251751042078,0.2756544467287242,-2.086289906805587,1.2293814029343637,2.0160308422497657,-4.3723668037155
308,0.0009034391725083803,4.69821569213127,-0.9641026902830726,-3.6119142340961674,-1.634193695735011,0.2675389905817679,-2.0662771454002344,1.1246405146502614,2.8270965564793205,-2.4295365073500577
309,0.0008986597804452236,5.066112788122108,-0.9412953783855734,-3.646377440710527,-1.6012595263371885,0.2873874034112829,-1.870249222352176,1.5490753051672996,2.3601085860833866,-3.56629171797265
310,0.0009131605291752035,4.736303573998517,-0.8988852464341947,-3.421806646865268,-1.5907802016264372,0.29014401648816607,-1.7467832242010322,1.5976779608284404,1.98815845468696,-2.868637003723311
311,0.00082485493895016,4.977167855066528,-0.8725284309186406,-3.2440724976174478,-1.6295268821398579,0.29428288931886826,-1.4298737120443126,1.5798686813965375,0.6721170866657615,-4.483237100510341
312,0.0009073973434937612,4.830626483021516,-0.918496185041124,-3.7901640624817885,-1.5731134094223906,0.2910475560303259,-1.8569816691968153,2.109519233323712,1.6656957333941331,-3.2893036177289448
313,0.0008381091464701388,4.652002251395375,-0.9219350976441332,-3.55736134844661,-1.5977941403548162,0.29730865158044495,-1.6578917336302923,1.975664933464579,1.0391078355830263,-4.367209412790768
314,0.0008472566741971571,5.290293239641554,-1.0050198327194233,-4.177029854897369,-1.653103993007177,0.2613711799217943,-2.0511580805325718,1.9427965197924861,1.0435122678424378,-4.44518138885667
315,0.0008333189941858989,5.243742936096679,-0.9905380019344284,-4.0045402125291165,-1.6596377057066403,0.2771342595358434,-1.826498207594439,1.99235066372839,1.1322401173731718,-5.122482291611882
316,0.0008077030285461829,5.133101646931075,-0.7852039884991179,-3.7046943672418484,-1.6211295934448704,0.28724542935221364,-1.3629622533020895,1.0786403879461526,0.2696617855561727,-3.6915820442887157
317,0.0008157692822593178,4.602499040915823,-0.7650165330015961,-3.5209925484544877,-1.5013604221948518,0.30928012667125393,-1.3596177491924473,1.554505308532157,0.5529281262143241,-3.6200753692071923
318,0.0007822691757296233,4.433510852200743,-0.8831612230517594,-3.8228695675015802,-1.5710434464212595,0.29456312701845294,-1.599362103573909,1.6762060530436422,0.6688304610849722,-4.657049174812105
319,0.0007468025955134688,4.291369630263254,-0.8517273929880714,-3.5780485832493043,-1.6245244371076155,0.2834765674959966,-1.475834066458818,1.6363039986217518,0.5581617805116776,-4.3165904117453335
320,0.0007812597753613479,3.8986406830070046,-0.9284624318441947,-3.848878524453993,-1.619874350620578,0.2770435607645318,-1.7289303510540563,1.1763482760677806,1.1127874435904705,-4.647434642891354
321,0.000721797058017686,3.927615227493552,-0.9012183788266438,-3.6147513121113213,-1.6580288659426061,0.273791176548017,-1.5428511131966596,1.6443863196358752,0.4109108271011347,-5.060145189487948
322,0.000724127405038543,3.775817164752495,-0.7787378506478332,-3.1568445468568007,-1.5543638757242446,0.2898715738683806,-1.325361459503933,1.0348823712533217,0.36543606842733706,-4.038676818308108
323,0.0007782667623997147,3.875715048547783,-0.9444308664433407,-4.096626534200233,-1.6410088295348777,0.2658040047172599,-1.8130094047219705,1.2781112150793352,0.9513108458751978,-4.398871445379841
324,0.0007865882018255874,3.307697804961066,-0.8870139221252432,-3.7059611835299133,-1.5971936746701751,0.2846626181084414,-1.5770487102122086,1.1811220192572514,0.6578527620897527,-4.418580268760205
325,0.0007487716486792241,2.89140565108324,-0.8856501142138048,-3.623659047460001,-1.601198903610481,0.2840372593753769,-1.5714542069236392,1.426987411413925,0.5904665711694762,-4.316532349342028
326,0.0007466896600685158,2.7146865218999334,-0.8646206489940554,-3.678556433734359,-1.5821548786027009,0.2866487160255043,-1.5123937984896643,1.4192783416041628,0.5461405002041518,-4.547818592959342
327,0.0007349665817340836,2.9112780694963023,-0.9020450714123348,-3.8146276638594054,-1.6314983771191311,0.2758523883920594,-1.5858008191960857,1.2875674352223032,0.6433300297898482,-5.21430335533126
328,0.0007219277133551223,3.430602647851771,-0.9092945269844183,-3.860600562597222,-1.6580137437049633,0.2760217762034595,-1.5216303976550887,1.5992340140093932,0.382949274130348,-5.410805890435993
329,0.000713005838791126,4.027323043683624,-0.7829606847758089,-3.8225456143245005,-1.614606889802562,0.27935480735257157,-1.3215743086328637,1.3264308094037571,0.30301437531234626,-5.002310615198524
330,0.0007206143833826093,3.7530398713436064,-0.8964712977534803,-3.8520291022744786,-1.6485117978945787,0.2763227937064667,-1.525066312372988,1.2691157080566988,0.5942437059167232,-5.19828177449089
331,0.0007325819720966602,3.2420811244785415,-0.8405125060157831,-3.6994234721178962,-1.581574802990833,0.29009428641379836,-1.412008451961321,1.3908369839950645,0.3435171874391149,-5.047213340903877
332,0.0007052536005678285,3.022235095122164,-0.9086177922232568,-4.1667050928083125,-1.678853784644585,0.2657388842688743,-1.5311643292467016,1.2262776594608413,0.40623157347096495,-5.890129968165715
333,0.0007127236466171988,2.8045168534281766,-0.8296629754749407,-3.7884811345092984,-1.5909151846846061,0.2853112518076258,-1.4020629992273728,1.402257090245448,0.31676223803631554,-5.010245778552568
334,0.0007157562046102349,2.3604629491562235,-0.8815061878243572,-3.9882070970935493,-1.6091058273511862,0.28151927760851414,-1.531534131628777,1.294630542053995,0.5541566273516452,-5.378516489563328
335,0.0007080773887006319,2.167944708686254,-0.8886784435973492,-3.8058703592839973,-1.625553195190549,0.28219107162940726,-1.4963955624484948,1.5182086192095163,0.45156832976377154,-5.372320805403228
336,0.0007105849613752904,1.874172158485369,-0.8840898337207711,-3.8822697350416635,-1.6098940542277602,0.2836011121948488,-1.4895519337875192,1.3275545760157368,0.4717942722333471,-5.576082159677362
337,0.0007023853230826384,1.9188652774426316,-0.8731649977721728,-3.928853804289741,-1.6231252113050312,0.2796008042678578,-1.4815092666062217,1.6132653846181981,0.3733719708184498,-5.519846077843919
338,0.0007072118961316699,1.7553064877927773,-0.8565796169531065,-3.7306687316845633,-1.605764727863977,0.28650191963372584,-1.3715987486823464,1.4404015174757998,0.23485774675995236,-5.74491052260477
339,0.0006973682159079903,1.8203401718947967,-0.8585152272085507,-3.8859921045336305,-1.6245013672387887,0.2801675414705522,-1.4164923398634082,1.2167703103562695,0.34626443081725544,-5.803836889958825
340,0.0006989948466056206,1.8794965481122239,-0.8362760882427336,-3.7308735621962876,-1.6114759414673123,0.2869681065752633,-1.3254026304506548,1.4067913835254677,0.17645646787564562,-5.940861257306842
341,0.000708257178991766,1.817667840163079,-0.8796590365681308,-3.730573767033278,-1.6385207394017323,0.28232250211427096,-1.4193964278256397,1.3474502287938936,0.3086245880649925,-5.732040783560753
342,0.0007027986190764602,1.6008642040505867,-0.8636123987206843,-3.839127771087486,-1.6266318253478316,0.280559415145402,-1.4146647082047166,1.343234474691533,0.31204952853156137,-5.703839116988117
343,0.0007078798518552094,1.4846650267959374,-0.8390979677357346,-3.739126965563884,-1.5991644762396506,0.2873776311301387,-1.359353814389141,1.3957123381641876,0.22892448823022626,-5.6590441031252805
344,0.0007007055951646827,1.2968131217667591,-0.8380151426570255,-3.704956535638329,-1.6127862587204156,0.2854964114254393,-1.3465753510126215,1.3743881033419423,0.2122322495864995,-5.755814752305439
345,0.0007034932703858822,1.2352364431264213,-0.8576222653407073,-3.6490596705418197,-1.6151357479209034,0.28594489223265906,-1.3911997752378773,1.4567228841141255,0.2932367201427422,-5.570841974821385
346,0.0006892769831725583,1.388447609804759,-0.8541821864310462,-3.705815877054317,-1.6110883613019953,0.2876830689680308,-1.3676991957285995,1.5841032723803177,0.21112243460616667,-5.736612461801325
347,0.000696807014321539,1.577600156543997,-0.8483242708396366,-3.7505512319305123,-1.5974718194190127,0.2895251286283193,-1.3843135021830375,1.5617185479501716,0.2720371850718297,-5.85742468703431
348,0.0006960899195476523,1.7553674519386648,-0.846789440644964,-3.588952494195198,-1.6074128667141732,0.29146020585989296,-1.3336223060558396,1.772094265830506,0.1598865721836185,-5.730160322198962
349,0.000695237678298878,1.6089770204004192,-0.8716146883391236,-3.737999695260695,-1.6221199352562372,0.28492327476983526,-1.4172159326150413,1.6021832677565053,0.31756960849709914,-5.669447896410705
350,0.00225114856832974,1.6956401164318349,-0.8743886454668461,-3.85410936431734,-1.6130842164706596,0.28777638498028985,-1.4106306385710898,1.6928143603559502,0.22879622319619683,-5.926501992035563
351,0.001932061016088036,2.103284535526961,-0.8528212603530025,-3.6245653994493225,-1.5985566902990944,0.29543113286543377,-1.3322683320731206,1.9909481454381759,0.059217685279786825,-6.063321182533686
352,0.0017198096809761575,2.5922665910060116,-0.8368901220757865,-3.5694236421136627,-1.5883761190171006,0.2979355435479838,-1.2736337183179105,2.045637324912701,-0.07171483999690728,-6.0386387837898905
353,0.0012275564859725533,3.662276020459085,-0.8569307284482206,-3.207831938310274,-1.5955236195511735,0.3077004806067716,-1.2020869092906918,2.4360087807252615,-0.28186094224306646,-5.953217128362645
354,0.0007721182503737568,4.784953702087461,-0.8531213377690743,-3.381758319470419,-1.5808002859707306,0.3159468923441127,-1.147092501784786,2.7981264272294433,-0.46787797474724035,-6.641734958380481
355,0.0005928625802344836,6.167345120594309,-0.9124393810655009,-3.5529571769935355,-1.6051067508306909,0.3128931754260911,-1.2293663958129626,2.743943523434088,-0.4463265519097721,-6.82447047063203
356,0.0005309423905379938,7.2847989805974676,-0.896355273989692,-2.875724463845237,-1.5708100998345071,0.3302379415097761,-1.1213647940887912,3.013279747283875,-0.6984960093735088,-6.763970975114563
357,0.0004379156331513571,7.719710745793787,-1.0227558318295216,-3.064615596561665,-1.6424365975525943,0.314141816401232,-1.3250588351781927,2.979681105739211,-0.45478638273787786,-7.497573870322847
358,0.0004629763297001846,8.799396286047754,-1.016665722142448,-3.729712234195482,-1.559441141460346,0.3373241490376854,-1.4997367541401485,3.80773590792827,-0.12132423257776093,-7.525675597504275
359,0.00045193421648594937,8.773496771880454,-0.9904634459707307,-2.5222435535391297,-1.6049652152797302,0.32120812150744593,-1.3100772804670473,2.966023709807031,-0.3383689503512493,-6.783214506549513
360,0.0004566106401090134,8.664561405479672,-1.096244886408289,-3.088305984679593,-1.6034106093484333,0.32322652426782816,-1.5034702965909812,2.961559062506217,-0.23790298137587512,-7.949320162021947
361,0.0005136860437049079,8.423413020767844,-0.8859581777172074,-3.117690856403214,-1.5516576177576547,0.34189123132143945,-1.1015626392214384,3.9937567713058777,-0.6567350692988905,-7.320220874021122
362,0.00047380350306245933,8.482194332442871,-1.0585420332720148,-2.6842047426502624,-1.6343472041461509,0.304732960250077,-1.4059298628493855,2.4642954941228696,-0.43910024992160945,-7.667580621428594
363,0.0004762155261256046,7.355636519605724,-0.9337084694758635,-2.4976341123929586,-1.522525182589085,0.3463718495261816,-1.1790444247149674,3.5584140246100633,-0.5413897120561353,-7.210045875995524
364,0.0004780838969838952,6.799982873534117,-1.0074484272967577,-2.9711363543338942,-1.5709006403847703,0.32676268962044636,-1.3175764756040156,3.2702238977813867,-0.42659842148666843,-7.87924287493292
365,0.00045253706070023437,7.12029226463618,-0.9765341159865372,-2.1392501585881973,-1.6091413170581113,0.32041416429389413,-1.2883343909441223,3.118863163964117,-0.32212729010329083,-6.037557710314746
366,0.0004565807674782632,7.935315116777091,-1.0249180596283047,-2.153706664411569,-1.6183648956041634,0.3189294912806523,-1.343839768179211,3.58084627063411,-0.330143598375179,-6.630823032004033
367,0.0004482401350703612,8.265871097421824,-1.0233309715275192,-2.0943073716650424,-1.6259498265419936,0.3141240764329753,-1.3193234932383513,3.4594564881318757,-0.3964872927851514,-7.053186408879088
368,0.0004348858454122116,9.057279227850733,-1.0192291394029667,-2.6017587834354496,-1.6611663633812463,0.30229288706254387,-1.4320959682396806,3.93319535046523,-0.2996303057582257,-6.811590707927832
369,0.0004245345239791951,9.148847498038382,-0.9128897709233925,-2.081347240227334,-1.62123778435932,0.3343906792991885,-1.051451918396554,4.542964254092089,-0.6856771963664021,-6.647524117946936
370,0.0004149803211638698,8.813165736328138,-1.0558323500463729,-2.5397832441259953,-1.7211775593050775,0.2967471035814329,-1.4291543652251473,3.8497733167544843,-0.30507966861197783,-7.062915149174891
371,0.0004405706304857065,8.331261076002491,-1.0641962191170142,-2.503110137186147,-1.7108183096322236,0.3015970618414743,-1.4278522169758179,4.229133870017888,-0.21120920477568855,-6.64523950510518
372,0.00043762856998827687,7.538619678185141,-1.021112896244285,-2.558008454550554,-1.6795864106087353,0.2954769742229976,-1.488278011211237,4.208680416294827,-0.27587485295932707,-6.144160902972373
373,0.0004381996305960722,6.870878340536271,-1.0271901713576552,-2.706814548022088,-1.6541148997686725,0.3126680069712952,-1.4494101285799854,4.549047559298391,-0.214822680429946,-6.341915871111826
374,0.000442820054892849,6.659036777100889,-1.0260895452690644,-2.737580568920237,-1.6162836902108864,0.3271815839381319,-1.4383552396615327,4.614909998262949,-0.1815189384834852,-6.3320727236297545
375,0.00041360650453962754,6.589863682434078,-0.9909282574826639,-3.041104670820432,-1.68050422022433,0.30890738121555,-1.356357937943186,4.254454776421132,-0.31472193958354516,-6.391378625381774
376,0.00041577127121745724,6.526470702233181,-0.9791077574109369,-2.4835530449838945,-1.701206909786661,0.2959610716888515,-1.355005093652699,4.412300314153615,-0.38465071372247045,-6.382641657606663
377,0.00042102023512321363,7.733554826239075,-1.013617072585235,-2.273295436295526,-1.7657486913391702,0.27811146517501706,-1.3752457841653611,3.9328387197705252,-0.4295445032366583,-6.750276699592188
378,0.0004060609171720404,9.291016968594086,-1.1091646285244365,-2.345350556145712,-1.7496132747100157,0.29150381164807226,-1.5785768796696642,4.530109458884241,-0.11475458138397993,-6.574018692878851
379,0.000420770246623892,9.496963828802558,-1.0858336105506008,-2.2711447285415023,-1.7437849179099802,0.28578604711687255,-1.5494481857002471,4.225499191332451,-0.1264780034880424,-6.835412556395383
380,0.0004205547239805638,9.421932390163708,-0.9982429717757052,-2.083141304441456,-1.6872017154470778,0.28647218851040207,-1.3931421266656798,3.245879552003406,-0.36742422274798864,-6.804879041894146
381,0.0003918918976483939,10.101930742585917,-1.182003901532116,-1.8427500766298759,-1.880214652465496,0.25457993750628416,-1.4907096174032086,3.012166561398592,-0.35720839027751383,-9.478727496946249
382,0.00041457999078444357,9.2648411150477,-1.0235795152885392,-2.661210606100393,-1.7019686927389244,0.3020276263947055,-1.3194721726290937,3.874079929029283,-0.4636675447145183,-8.210001602504647
383,0.0004046862924176619,8.529953093684476,-1.0463161382310229,-2.0319397745316414,-1.7466283953073518,0.2820995727674472,-1.3794099013336227,3.6260687507701075,-0.3897164999139399,-7.487810258840286
384,0.0003742574261284433,8.092744532413656,-1.095956468220445,-1.9173312944007457,-1.8145291381265451,0.2743432579203956,-1.4112853812289363,3.4206290022335755,-0.3049475812720803,-7.820904112901426
385,0.0003717991597017314,7.277067285511041,-1.1456334936891062,-1.9807697514862685,-1.8261690968188207,0.28164766401736846,-1.4394305908959126,3.7247148442040587,-0.2648536471542153,-7.9053660505823435
386,0.0003996380363845822,6.605069885085426,-1.1810350656125133,-2.0017540490060517,-1.8193902071128698,0.2668173318290289,-1.5514420500515471,3.6136381439643745,-0.23372410781837624,-8.924193241064401
387,0.00037964581646641007,6.935326142729452,-1.1176584165577337,-2.063920909798836,-1.8017596428726368,0.27370994946684263,-1.4666251885955504,4.2462076080044655,-0.3117412306671991,-7.83090399165458
388,0.00038709577442372443,6.387447229710771,-1.116015841009498,-2.1188354281251613,-1.8079215121289423,0.28536946491147497,-1.3401960515401086,3.6779647248411247,-0.39095287206116885,-8.440774634080674
389,0.00037411156080690774,7.390005603166724,-1.0863100357808315,-2.091133789329709,-1.839506513400711,0.2769225389641898,-1.3514399740989635,3.938053554756358,-0.3865674212054197,-8.026123414782461
390,0.00036852839294896955,8.486296490571323,-1.1219528956935325,-2.347943019455717,-1.8517218059926588,0.28463332234771965,-1.3144483890450223,4.392167320014426,-0.462564169626168,-8.732461122551692
391,0.0003648826802358454,9.860441428482769,-1.1273756471701866,-2.2635834278132383,-1.8678720970626248,0.2808981856905488,-1.3218396099065628,3.7664301408229184,-0.4511348318946189,-9.013711561817148
392,0.00037581571254838135,10.377241524353419,-1.1036331491877958,-2.2164099572091587,-1.892621332158035,0.29026218911051516,-1.2688912946792228,5.267865469942881,-0.42799634038905526,-8.103606205879627
393,0.00038043777383713897,9.680880108628083,-1.0963987369430215,-2.0290068715883907,-1.8663854760805292,0.28293833631209825,-1.349783153073234,4.580968030419347,-0.3279187420661162,-6.92899244920589
394,0.00037620899319833266,9.424764876840557,-1.1393378791890056,-2.402579572323659,-1.8774056562888144,0.28702807096288274,-1.4141457161698519,5.0778060595804995,-0.2807662118691805,-8.627503733843248
395,0.0003742491888650126,8.84710259516234,-1.162834079376113,-2.437004356503688,-1.89495053421113,0.28104420000775127,-1.5095966730702064,5.16134906487822,-0.17313819450485046,-8.302421182850505
396,0.00037576532582410047,8.858780973269942,-1.192516400921116,-2.3623801713869277,-1.8857089619883964,0.2725797719077896,-1.5472015984387903,4.811162630997933,-0.20265001393457907,-9.301658946943396
397,0.0003708318941890441,8.529976396265189,-1.2113965654445558,-2.4672351051578145,-1.9828900488549681,0.2621198200180949,-1.4483907145377417,4.9617912554698735,-0.4206445404056959,-10.219808777209337
398,0.0003629015393157139,10.264142678826929,-1.257098043227485,-2.4339208956170446,-2.0182689153873854,0.24375244431623908,-1.605398930498179,5.20657083938837,-0.3508808014483961,-10.401849918062613
399,0.0003526011008129741,11.317636690021423,-1.2542709008072614,-2.4522765382361134,-2.0101143022136014,0.2631925579894966,-1.552226995254189,5.737115288226565,-0.2483872172359203,-9.67685911844909
400,0.001912008199953427,11.825192675337536,-1.3412230369397486,-1.9723984936466423,-2.075223696573722,0.22079167739978386,-1.856718088793012,5.639566821921219,-0.06433047387910218,-9.490788381131404
401,0.0015426920306013713,13.497358209815506,-1.3856197704509199,-2.4266127564379913,-2.1915230084259543,0.19792890957032747,-1.8661252482606432,6.136492113728301,-0.2417382774987485,-11.403979969673175
402,0.0010993793997568476,16.505537986438995,-1.3789073680869532,-1.8607670312691356,-2.0102052500889944,0.21184288633264772,-2.1138604157790906,4.845271674539417,0.22819124100477386,-9.469505764835574
403,0.0011215890490751386,21.339439951894754,-1.3811116345090455,-1.5816477575905625,-2.074308142117666,0.19045930313333648,-2.3324019706669423,5.7082111388880925,0.5011011319173239,-7.098181859089884
404,0.0011604995154428208,23.053681814013004,-1.3680775806233196,-2.6593339933107107,-2.1925170353406904,0.20215226846689277,-2.0056894635725366,6.659003101866833,-0.00506533032394646,-9.914754634790578
405,0.0010348567134948672,24.649951313775258,-1.318120747278298,-1.6776373889362706,-2.2664622395326246,0.1566253363994139,-2.1135224739161096,7.928924974439955,0.0521331861860016,-6.964830217640097
406,0.0010131140458315407,22.840525228387598,-1.3936200851907927,-1.4352404370918879,-2.220807097824591,0.18137423709961886,-2.303592014605884,6.6234343016252,0.46197369232437224,-6.969809507286966
407,0.001008514686643744,23.350205599640177,-1.36183695307743,-1.6250983752545354,-2.221518067576793,0.18035225385111403,-2.399818070860566,8.747090808369496,0.7337137194654927,-3.752380216279362
408,0.0010027535470346234,21.022963865172162,-1.305505355704421,-1.2981946489641052,-2.1608946602403454,0.1449215078700346,-2.321035649943323,6.100555059879079,0.3422595388996006,-5.983685223278237
409,0.0010499697312502188,21.568715942982678,-1.3178655145872535,-2.137855157195102,-2.2403517079393,0.1972516967997867,-2.073581982351713,8.116437630118297,0.2206675498270791,-6.184569616330689
410,0.0009095448165840073,22.60062456548823,-1.4060690178774522,-1.4651262970446588,-2.418162559192711,0.15995547923236147,-2.151131762713789,7.896745360392876,0.2835525785342883,-5.845448879775533
411,0.0008342779373747934,26.38931554951397,-1.2163049568388555,-1.752261653735345,-2.52405072661692,0.15998330987219894,-1.9385927493871673,11.434097119498666,0.13029363903932462,-1.895548349164554
412,0.0008537543947894027,27.03049099399308,-1.178691675679449,-1.3345141749459892,-2.2761484294171086,0.12168026543144478,-2.245666453701203,7.862862194402896,0.1700737072843176,-2.8759299219856143
413,0.0008908293608033081,26.671510805488005,-1.3463925476453638,-1.1981315421543033,-2.5040647826088014,0.14379254372208172,-2.2436790974563756,11.957446142037824,0.4827057347678576,-1.7618093488322029
414,0.0008652912355537974,24.02161886705181,-1.254515282230574,-1.9811250556304838,-2.4192845276322,0.1808486029828279,-2.0029393963723034,10.15072216625171,0.22585599261207479,-3.2035449299443366
415,0.0008632785694969205,22.164469407745905,-1.461061121688207,-1.163676413917431,-2.644521504790862,0.11639349810878102,-2.149898754974759,10.45117974141194,0.06324812369714064,-6.106083757892568
416,0.0008435741943063612,20.45619308222931,-1.3276026667452945,-1.5136716615450658,-2.513964964102919,0.16299014980099427,-2.0294138314324335,11.349070213020847,0.26376741679590326,-3.434916151097494
417,0.0008388551436135939,19.06304743447685,-1.3721366926182739,-1.1856422471912562,-2.6412849857379577,0.1307714517871097,-2.1255747545768657,10.75451739111707,0.34661488547212316,-3.3293729605232016
418,0.0008463988365845431,19.42249023114936,-1.2737745048533247,-1.6828342519951676,-2.3519957487132026,0.18076126536811898,-2.0665952962493517,10.213549525801724,0.4140937195603407,-3.1427857375784702
419,0.0008053954693821753,20.73865136136421,-1.2682124931637628,-1.7208822979450857,-2.540384964677645,0.1811660208895596,-1.9780058997187444,11.668190840454848,0.44660404176138463,-1.8682751986200006
420,0.0008690636019595527,18.5535043997426,-1.3630787590842688,-1.4345499105777813,-2.581598933467126,0.17164667252768587,-2.000878480310109,11.906328611655779,0.37187190095597067,-2.483659118990091
421,0.000820698718587063,17.14218488847718,-1.2654773371208095,-1.3024210842381247,-2.4769450188889257,0.15608708875765315,-2.0970870119302303,11.082945625377214,0.41933529213370774,-1.4332058880951266
422,0.0007867284961339153,17.612552438590814,-1.2721965801742254,-1.745571840125143,-2.5764009790439006,0.1783893935228238,-1.8363477920803828,11.064811457696853,0.16840180272200247,-2.718304763598291
423,0.0007694981345437312,19.333943334423047,-1.3706785139126507,-1.8762023646361992,-2.6460367499749915,0.1909258481121769,-1.8773104210277765,11.467817242340784,0.35272467384380735,-4.850187752530017
424,0.0007384611007152458,27.376068941634518,-1.1442210839044105,-3.2377632832246133,-2.6251558651778253,0.2929720074509242,-1.255070716159317,12.836410304266296,0.26406155611471954,-2.806206997476747
425,0.0008273407700713155,30.401532575837376,-1.1871481516669615,-3.000514995305074,-2.5607154271435864,0.2876113126170887,-1.3234888553018909,12.647981911056743,0.2921659220454383,-2.6038974958659953
426,0.0007421184826960068,27.023938914809438,-1.1358604929097902,-2.220924009796629,-2.562230974214068,0.2091409781723855,-1.66381158233157,11.703066594489862,0.2466610601609607,-2.6572295454431525
427,0.0007506916322612028,24.10452639268749,-1.2499122776132157,-1.9547492226580419,-2.665025170254638,0.22127748980747053,-1.6029843199558076,11.549175016827883,0.3634712879047268,-2.7428958431403307
428,0.0008012612662585105,21.90867245700097,-1.2573244112909199,-2.0935700379280666,-2.695668805396544,0.19519177528356071,-1.7134694933505865,11.734747656126636,0.22591690424054067,-2.0929267152556497
429,0.000805219605436393,22.16237618758592,-1.2159366710298756,-2.257711048683536,-2.499867164719756,0.2013467704819547,-1.9571251239121124,11.08354185664917,0.5396720795149923,-2.712394395108928
430,0.0007976708415897034,23.03467744535908,-1.3150815026227616,-2.2211566378286705,-2.582501394703673,0.19477317086715354,-1.8670458197457083,10.25481889797272,0.28027414421300056,-3.9168805294712614
431,0.0007018275507979397,19.951517194214592,-1.135642098231412,-2.6156256138914395,-2.603245462717332,0.24039618447669986,-1.486034623883505,12.214534641268878,0.28125971752802786,-2.141114984691201
432,0.0007366132309006932,18.80263762625653,-1.2125359378315248,-2.5268325913518592,-2.742282577768081,0.22807336496415279,-1.611130061133314,12.685040890129539,0.4268183537083817,-1.5880595773187018
433,0.0007307158516672915,21.860603699260835,-1.2706082413653643,-2.432882361368206,-2.666170873378899,0.22453145416661674,-1.6246694142382907,10.68431370016471,0.36136036158979973,-3.7560385465530475
434,0.000729789226209671,21.528258967643705,-1.2528515744165354,-2.6383095475166645,-2.7377853177016256,0.2409876450234613,-1.5424603376455508,13.33119616470549,0.3443607760686016,-3.0603928434257552
435,0.0007474010968816265,22.487623344024172,-1.1907061453407695,-2.7893472178972933,-2.6923442624781453,0.23618811638172568,-1.6887582120157825,14.821601676977213,0.5631591447676668,-1.2366337511199224
436,0.0006919586487034625,22.940817324341705,-1.1591847478666215,-2.5054362979031084,-2.7451300043975007,0.23957147631834835,-1.5292446565251285,13.974898418681548,0.45517441291201094,-2.074465356626718
437,0.0006664085586754809,24.512579789597467,-1.0734468863717759,-3.0031737372196705,-2.6688146196569633,0.2566183965842207,-1.3923743317248514,14.030807822041933,0.3647766873893378,-2.021048285177376
438,0.0006951807562049756,24.98540076179473,-1.1187146102098189,-3.0123920069978833,-2.6472608700129836,0.2404590942089695,-1.4710692536191925,13.57992353779404,0.32090735167306894,-3.9871172733899396
439,0.0007126467018651423,24.474843498023734,-1.1958728439496529,-2.6466619718534052,-2.6997421867947384,0.23280832335633211,-1.5568043504444622,13.781125906017612,0.40398959768024156,-1.9756439815165792
440,0.0007001686418465331,21.62862544677252,-1.1448518728915738,-2.7871051975068455,-2.7235117541584724,0.22700337384871275,-1.5661539368028357,13.180072947145257,0.42729805488234524,-2.781280825884953
441,0.0007039721637970395,18.049040689334007,-1.203672957514727,-2.261804118304341,-2.66636282077321,0.21453167576539967,-1.6246545283997373,12.564263327689963,0.3289302421199275,-3.172779687143887
442,0.0006999289571128051,16.078525819497106,-1.1520497017140485,-2.676113600299227,-2.754390962249264,0.22895889920225845,-1.5722986904026246,14.66944964117854,0.4897790280637491,-1.940862713017837
443,0.000665509300347901,17.484013604019236,-1.0581823768388225,-2.998454694496501,-2.694757845849225,0.23682450412740869,-1.5311949358742911,15.423224029999272,0.412331280053419,-1.2350201545893298
444,0.0006714173652722208,19.50615902561022,-1.1019254303986739,-3.0881235123896476,-2.694228340772603,0.24487687075395004,-1.5071349248240355,14.371719266029134,0.49045951921352954,-2.1252100573084034
445,0.0006587852315405742,18.454357968278252,-1.0208550698302996,-3.100733190939101,-2.637727042995521,0.2662478959863988,-1.2968475662548284,13.624554365657412,0.3193301655488042,-2.6808884731760614
446,0.0006513123502815009,18.268319782614128,-1.028812362515152,-2.8462941733436944,-2.489358132486876,0.24954427358336786,-1.3517029095019686,12.303279415298443,0.16040435511317727,-2.648980232146881
447,0.0006434742704322439,17.989677683260496,-0.9982443850375712,-3.3335139751505163,-2.7052614482134514,0.2606472169595549,-1.2970968250738162,15.403229437003667,0.25687348796355075,-1.9318097493312356
448,0.0006481610029451343,16.52441554602138,-1.0093481317380903,-3.326374988829768,-2.6666571076885934,0.260000387203277,-1.3069104736214099,15.1396348593346,0.25353153692341185,-2.75439187795717
449,0.000659155450944099,15.16733087835776,-1.0891011785753866,-3.064395869115325,-2.6264778454380022,0.24696967659568086,-1.4001778015870343,14.131654600944197,0.23132516601173816,-3.0170012858414132
450,0.002874927059409212,15.024065865210998,-1.0512504575526358,-3.2831287909497178,-2.5548147404962007,0.2615901886609944,-1.3317754230859846,13.469659530529043,0.18506627979314136,-3.554643433118838
451,0.002783573323832423,15.603474952113924,-1.017664202300754,-3.2848757263470305,-2.4909339219334203,0.2550522123114444,-1.3372691806927834,12.569824451567854,0.09443007754114421,-3.887069812515762
452,0.0025440579402485285,17.63455745861246,-1.184563832972544,-3.1365690702315585,-2.5416617251315494,0.25365762911018225,-1.417838879285054,12.339814172688847,0.16708431091910292,-5.383851031188717
453,0.0022983864421741943,21.909681067331356,-1.0997735131436872,-3.482853952033483,-2.4827125890754664,0.25305259415511666,-1.2924440808709516,12.993462259046396,-0.12256023394971588,-5.1569875167912755
454,0.0020485749194509876,30.163983517853158,-1.3142193917636118,-2.8262322738635217,-2.386933757446368,0.2378930314789702,-1.5409681568236993,9.651506567521032,0.031618508080166155,-6.9630810875193045
455,0.0019885262210686387,35.35151583236001,-1.2571969316366056,-3.803645535593622,-2.5555194218772237,0.2698470501767171,-1.3356895418451187,13.150112363593593,-0.08138863547949304,-7.507908061401073
456,0.0018000904424843515,40.284077885795746,-1.6114537210309852,-2.708752193762252,-2.575332689058222,0.21605402285395484,-1.7538055194970794,9.663005270857285,-0.024651264332084,-10.201171335534116
457,0.0016782340251830913,47.375959833081176,-1.5464256597984538,-2.837885838975723,-2.3638413358039476,0.2600155595136085,-1.6276843440203248,8.651887209341108,0.056051409532194126,-9.78860773470711
458,0.0016998596713958104,46.54481048515019,-1.4258785539448242,-3.201471684011613,-2.386132063558285,0.23867331839479144,-1.7127186245225772,9.201763973752746,-0.009860893926189072,-10.485087921113232
459,0.0015794926959675814,49.461142776476684,-1.831619079697994,-2.52508500778173,-2.460872205486299,0.2124301517191058,-1.963265162613057,7.729528054733543,-0.01955940068911108,-12.906384956493033
460,0.0015884428434219228,50.6489338165754,-1.6630837639532643,-2.459183825364108,-2.3953011396512025,0.22042564124511244,-1.7667686112705219,6.744168203717727,-0.16969082998810198,-10.71093397404186
461,0.0016075397184637115,53.420320698723266,-1.652674811107042,-3.019919265841831,-2.404636681243684,0.25672095285785085,-1.8335272887169443,8.51627003031132,0.31627011764077606,-11.360231897903876
462,0.001453498670670033,59.843279434798404,-1.733359469510298,-1.8172645380899501,-2.2349193924618462,0.21709471649423803,-2.036803506846756,3.1464120636851325,0.15957352297441335,-9.988676249971096
463,0.0015183273422086961,60.94923331010762,-1.8386348767220158,-1.3519278352205188,-2.3063679165589748,0.17191849355887873,-2.2600541324437025,3.865490654349774,0.14586885885941048,-11.324736573418946
464,0.0015040318831381766,57.85228066413873,-1.528788109437926,-2.821194138859333,-2.1917652183991,0.2733407227431599,-1.761034710111902,5.410869634832471,0.3800016814691013,-9.370780244467266
465,0.0013464845852293426,59.413626295572165,-1.9440425493829463,-3.145283043282423,-2.2901371326652122,0.2542057057658878,-2.100385693595866,7.583797509241387,0.36087591113659656,-13.831640174715016
466,0.0013511074831759424,59.27553232609177,-1.6386095835331704,-2.6164961037484535,-1.9656116608516283,0.28477107557968045,-1.958818341527489,4.719117718523778,0.694650252839228,-11.135219406391665
467,0.001292904034684855,56.82026345859953,-2.0539687192957534,-1.5008239965243853,-2.2082488713688537,0.21814942593060532,-2.3481534184802215,3.753241302902857,0.5223480519188112,-14.214236032081956
468,0.0013076221799206695,53.17100380638681,-1.79364914465515,-2.591241128726191,-1.9830981509987686,0.2697093805319329,-1.9251700043627293,2.3796945797502995,0.2683648493518279,-15.166514305291157
469,0.0012942488898903268,54.68109223728637,-1.909560322402179,-2.074351475627036,-1.9771572013278944,0.2869029080841284,-2.0371928829178754,3.168929365512281,0.6054412576699723,-13.170826791071532
470,0.0012448710680890325,54.69608425948643,-1.7932932634544347,-2.4215920083264906,-1.9474533740860116,0.2990548220714218,-1.8175901561841554,4.5400943039011565,0.45249357960934977,-12.604548364216951
471,0.0011883943563021533,62.599397504353384,-1.9515469494226065,-2.7833081927735575,-1.7479437383338057,0.3213395071472146,-2.003143749538554,1.4728001502662793,0.5864202165785828,-15.544535270216432
472,0.0011634333943729707,73.39012738638905,-1.660231554170442,-3.293318821575607,-1.6630864770872613,0.33315317120673005,-1.8808039648103467,3.853512103624502,0.5041185607884339,-10.62576911516361
473,0.001148487756189038,75.66352146157469,-1.6524032592435218,-3.7832158617443064,-1.622127813906328,0.3748086864795446,-1.6846581666642453,4.710845906851347,0.7200702381452276,-12.209702382500716
474,0.0011536256115228774,75.94776189806726,-1.8956786887612287,-2.462731784249655,-1.6005018245771363,0.3219008954576066,-2.18468776399956,2.8290157032976735,0.6266242238151134,-11.672426343133823
475,0.001049371931042101,65.09052812926042,-1.8125686233783163,-2.6695862916669384,-1.6897618737319322,0.35474537126398087,-1.9360239465519926,5.1291847062344615,0.970664324838497,-10.237072354084049
476,0.0010703786294334102,67.48009679809755,-1.866659171144193,-3.4171818787406565,-1.5446874982605352,0.38801975681515016,-2.068881669304556,5.554726452761619,1.3707848975064176,-11.960541158626336
477,0.0012150375341090196,69.56565418794348,-1.535950433126266,-2.974667713905498,-1.7462323415306649,0.31529132676320265,-1.7970017032660321,5.575435493407349,0.34186248079479453,-8.468671573008281
478,0.001130329534327423,63.32939374053472,-1.819381178894777,-3.1934392232607367,-1.740532037526254,0.33135350495436683,-2.013589618859332,6.859408611498174,0.7875864801573046,-10.473906525940876
479,0.0010175066934607923,63.49731267038456,-1.495570028592915,-3.757646469049024,-1.4480664291298222,0.41924048237096784,-1.7450122465898912,6.403387626359191,1.129181671417975,-8.288034237150713
480,0.0010007439152999401,61.4195435542451,-1.784686675345388,-3.0816561852255884,-1.5050269169407837,0.38527210620651625,-2.1086276982474677,3.703838111297405,1.3385406562947137,-9.299985293657377
481,0.001018238087541526,60.68705459235853,-1.6521822980500291,-3.419642732324874,-1.4168520277902248,0.4031555981038402,-1.9356559057920324,3.8897725057950585,1.277172359671031,-11.649045974823906
482,0.001014648064201255,57.25113081190269,-1.5624169909629164,-3.6101590332164832,-1.4517715932360267,0.42055690300567017,-2.0076666705060755,7.1845735696128,1.686030572796251,-6.2011974798307055
483,0.0010056474010752354,49.3773717947759,-1.5087642277601445,-3.542957910855868,-1.383201819040297,0.4373531223227118,-1.8025053461430411,5.164863473431258,1.4536107939075344,-7.251314223904598
484,0.0009957866003449242,48.207774758444266,-1.6332033732910958,-3.750979295972959,-1.557864699317753,0.3801022935432827,-2.0073493513479828,7.348810687389867,1.2158119019059963,-8.969379499547465
485,0.0009703535168742777,56.047440590225946,-1.5551080716508057,-4.068467400686409,-1.4718405516984698,0.38760338801369515,-1.9403532059784911,7.020833572334036,1.0592812359946673,-8.242023283076072
486,0.0009884202831249322,58.97941799975089,-1.4936550777748843,-3.7214349352866134,-1.4314682304449353,0.4064834616213286,-2.037464790378886,8.38815930174331,1.3624577241464102,-4.410404382547304
487,0.0009441469930171175,54.256817559554875,-1.2573196147239296,-3.8081259521017676,-1.410542901538772,0.4109086000585689,-1.751815458599442,8.178422310602508,1.1644216178870208,-3.4936970760746013
488,0.0009008768348972493,56.07907538400942,-1.3822197459040493,-3.1741077792345074,-1.4047985935581688,0.39524806978371496,-2.039452571028105,9.721496527412267,1.4999978701830987,-2.070379320924814
489,0.0009021110773007814,50.46416690365445,-1.467824652612455,-3.8806826423008736,-1.4983932839628762,0.3700401507546547,-2.145167406834812,8.068103947548163,1.2550507447934345,-5.809955667411776
490,0.0008924049767603406,53.52905593854565,-1.4545333445676123,-3.7621828037067577,-1.4135901775728663,0.3984669737810634,-2.0929188616867656,6.572401441071804,1.54538995331879,-6.239227169607177
491,0.0009115255627930347,63.755193674609835,-1.162359487561968,-4.073721141431096,-1.4030631240151024,0.41125794546714506,-1.7650525036640128,8.316609051141459,1.2920929221129789,-5.153621045643909
492,0.0009163199992172632,69.58315698193329,-1.422018056326231,-3.2084848165687245,-1.4686682611763786,0.3782110879377482,-2.0666148493913377,6.667638215844066,1.3828660869013663,-6.968888360630633
493,0.0009389515220125529,78.71944918747563,-1.363154187994212,-3.5284191132377334,-1.429268885486989,0.40892731948667954,-1.9692638809883873,8.626234136317144,1.536205190675347,-6.987888758460302
494,0.000893022991415537,81.64198804498105,-1.421493413705077,-3.37796945757914,-1.4751864068967238,0.37351233251797566,-2.202153484476697,5.334173853414464,1.737502028396356,-10.095781753679297
495,0.0009052164873238233,77.82114693980306,-1.2012950805415723,-4.167698982677141,-1.347735520173422,0.41424816088569194,-2.198531590747805,8.581928606210932,2.159688798419166,-6.109654263805682
496,0.0009223174274860891,76.00984299459478,-1.3375732562388114,-3.855546961694223,-1.4724413975400894,0.3742475846364563,-2.395973916577414,6.882507509688713,2.008766870741234,-8.697036616758988
497,0.0008535112959669822,77.95616532821843,-1.3031778960862244,-3.840323678251952,-1.3566905639715057,0.3901604191673018,-2.5060588980564056,6.678868128598227,2.257260883597207,-8.488247239856795
498,0.0008885119972226644,72.36356218626638,-1.2079921289463331,-3.384963555783362,-1.366734875196213,0.40415574042294633,-2.0087315956953042,8.820599609263876,1.6501700310225254,-3.512911255444523
499,0.0008749841082548923,66.10159293033418,-1.4657459542299125,-3.302693554718332,-1.4370904538741942,0.3770435796379229,-2.394768632454913,5.1149896063292335,1.8718669964974586,-8.174934842975965
500,0.0013365087316763486,68.4108942732055,-0.9283893405620987,-4.240279033156808,-1.3557369902824423,0.4145785340452787,-1.8947765620526222,9.805683540192597,1.6609386409495757,-3.9423936100204697
501,0.0012952750486155153,78.30129040350266,-0.9850497149931425,-4.398885495217544,-1.3840221244951552,0.4089937736339232,-1.9665782408902508,7.883209969753148,1.6998050561181255,-1.8561858534564246
502,0.0009883500006558242,94.39145889491107,-0.7942973802362963,-4.861801538324313,-1.4010247032188063,0.4152304060422035,-1.7277516668929505,8.023758630640629,1.3351213073822943,-4.365702490261731
503,0.0007635568679548361,98.64987853556346,-0.6878229509283477,-5.313193084585455,-1.2125057291328103,0.46349310810842126,-1.7771605483084119,13.019211043281505,1.8288791135332008,-2.5333289096013347
504,0.0010389100556565584,96.91873139703979,-0.9021870184270819,-3.694262627938339,-1.4924668860814063,0.3820886621117127,-1.794257256101386,10.931751865772988,1.2654537729475617,-1.9524836158037011
505,0.0010212188111612833,92.32978678781959,-0.8755598100548841,-5.0323336505694645,-1.4881895613574434,0.3688734689074098,-1.9930902294913235,10.887091154095396,1.4573880729097803,-3.887881545208973
506,0.001041004364345345,86.14427634826274,-0.8924631805364021,-4.556277214690592,-1.5143951992068,0.36303161063698103,-2.0067490571850133,9.673499270784392,1.3350510058984522,-4.007162451247424
507,0.0009282945772594634,78.7003534048759,-0.9021055914423544,-4.408777787274293,-1.3634417179099647,0.42800910411612814,-1.857831750742639,9.135548741986497,1.732112659320864,-2.9208569667331887
508,0.0009093375880459158,74.47163021002449,-0.9308855912568823,-4.363922883767076,-1.4283829990103973,0.40518940449839325,-2.011402253992574,8.373679125731389,1.8224364389492744,-2.1131454035186756
509,0.0007295536887735406,91.98389233169037,-0.8810455688754255,-4.6328092592926895,-1.3415042079670187,0.415614242567722,-2.293127710930825,8.529027768710787,2.2085838643291904,-4.823349290875035
510,0.0008119486730965957,102.86435967567552,-0.8690747550622393,-4.283129864274824,-1.3751739032185617,0.3843699218918013,-2.4570890951517166,9.501337389517438,1.9805280689516331,-2.4829609559905
511,0.000840254293448704,106.43992620070985,-0.9773242446777205,-3.751149141476836,-1.4519199485304521,0.37534848968579787,-2.6094153540717717,8.929366150300906,2.521550676213711,-2.2611997718351704
512,0.0007599810002766846,126.71395640910993,-0.645372292610849,-5.183419140156016,-1.1065614386963156,0.4577561868516123,-2.234156854923686,12.386727809102883,2.522898374683102,-3.8495152037638505
