o2g,distribution
0,0.024677125593271024,0.10011887969372453,0.05191679591655011,-0.047085408806105504,-0.009674499191894236,0.12190446612715028,-0.08218935705001147,-0.0655251610184187,0.11522363303216465,0.03321182007559942
1,0.016587363558204497,0.10986460796385236,-0.046489280787734635,-0.03305334896617287,-0.07609423068370064,0.17785446240280373,-0.07946439757318124,-0.15595790304684115,-0.05392392407764432,0.0019262331984852294
2,0.006379236772934265,0.12870572316759848,0.021877297041659922,0.12187306148745759,-0.008882939609327532,0.2397404626107403,-0.28366041126021435,-0.2122952792687069,0.05686370659597632,-0.18296938124472253
3,0.00597937909478269,0.15377749180205133,-0.027177769276135202,-0.058901246511984875,0.021332091430418865,0.42854467562860826,-0.23570874104173858,-0.18204889409907887,0.11777457532152523,-0.04608080939486058
4,0.0044546181901575195,0.16881962773193315,-0.054077663806614606,-0.09171287608068257,-0.1731074747920581,0.27407518505880546,-0.5737822386599202,-0.014733665847473959,-0.054408363433937915,0.17249979925709596
5,0.0051830122219174634,0.15725016215703969,-0.017686435575980167,-0.062177957546251494,0.005637841387906128,0.256802262253214,-0.47870119494244195,-0.23207752565091636,0.16789515444885236,0.16577185800414868
6,0.004911826226239458,0.16056710648384742,-0.05778558624001143,-0.05147862683460833,-0.1875088790408326,0.19570095427422277,-0.5999674685625006,-0.006823950071517648,0.1899573366492443,0.04352646675933905
7,0.003958082747680019,0.1710300358524386,-0.018357447818877735,0.05681333732335529,-0.18033594946255527,0.06808762092370127,-0.7554374367347327,0.03502943364948663,-0.1541639303209543,-0.05698481225427546
8,0.0027892573505447675,0.2052109649251727,-0.084814757887287,0.0618579678235327,-0.23742559350529668,0.025592826970574495,-0.7805301939741297,-0.16829271679651192,-0.24890657295458143,0.011672352911238422
9,0.003962967625443886,0.2366091964960012,-0.26352130954722724,-0.06159719479686362,-0.14480016588667588,0.2707361592655783,-1.1251389586254972,0.07390150053709058,-0.5091382955818139,-0.37045747715921024
10,0.0029414759395853785,0.2720130431418847,-0.24216414854478616,-0.3577449199327249,-0.48460412661735,0.12181484202522369,-1.0926348595611242,0.16434401522732422,-0.0694002056208691,0.007048283758936236
11,0.002463313598885875,0.2362606310780646,-0.15565411459548256,-0.20817217054275217,-0.2830838377421227,0.232032483995438,-0.9441037693409452,0.2814390780224144,-0.30378314319808064,0.02841556018617078
12,0.005527663566061794,0.24657371607379444,-0.10965853117644105,-0.2236537070508154,-0.4055866320115563,0.48472804758782884,-0.33197131701733973,0.14340075628319876,0.1809775738977796,0.03767608224409156
13,0.006010857825740474,0.2504425569233549,-0.33233008901486294,0.14701884186055234,-0.5061922309555117,0.21490775853462185,-1.129536289597933,0.4640487008570303,-0.05031773777801443,0.022508034843989944
14,0.0030985271921094527,0.2473233955810821,-0.3181319566320516,-0.18656889365622017,-0.4808953514812274,0.14102986690649766,-1.3495388077980448,0.5341246660620201,-0.011146433365864218,-0.1977733002058222
15,0.0029064342420092974,0.2610887744578092,-0.3065838092825041,-0.02811753306375886,-0.6167865760183533,-0.07201137988809164,-1.7421029304545954,0.3050463520743405,-0.3961938687497788,0.3083224203739376
16,0.0016601130590297602,0.2452706750490229,-0.3474202056295294,0.12930305053912855,-0.9382084243516757,-0.11775080184955988,-1.5862683085051197,0.48352045521583875,-0.06665771427040769,-0.20995109929389508
17,0.0013921949158851455,0.2571152374334695,-0.3584582403513894,-0.13569625365214547,-0.867193424843157,-0.09001962674129868,-1.706024272509052,0.4207849694604272,-0.05367668296447412,-0.3526285913509411
18,0.002499613805938568,0.25352292672540105,-0.06893956643461635,0.09627199531342348,-0.07579812546640535,0.005807091901958012,-1.8530053084048281,0.055946602151410674,-0.18394575456868656,-0.2608858771570264
19,0.004170357781621131,0.21864170453723425,-0.15120917618069676,-0.16468886200780586,-0.6383785645297755,0.005675644350053127,-1.499737625822991,0.11481132400904778,-0.07808496711306619,-0.246766944808341
20,0.0017153504187831974,0.20482582339049182,-0.17931637809797848,-0.3487485505375151,-0.690496768377315,-0.0628604582071452,-1.7666003820982081,0.47502390994656457,0.17187682470303434,-0.28485322835376437
21,0.001751643953894092,0.19721437491248928,-0.3329685806346975,-0.23521335003849292,-0.7461111655359607,-0.06569917409366974,-1.9299051688075348,-1.6671329830963977e-05,-0.13933578663571938,-0.5608537732222033
22,0.001294675315890941,0.18531576685943668,-0.2866742578252941,-0.06058235918246051,-0.5951461815516739,-0.05572699585008396,-2.235735485386728,0.29685355107998984,-0.28088249788017644,-0.2727241660960319
23,0.0011571885065291346,0.16321081859589195,-0.22502682682163183,-0.42866038107941445,-0.6931490747506277,-0.04798261771206422,-1.6130576022475975,0.28494653855520086,-0.1566908466683269,-0.41153414973825386
24,0.0009132662160488674,0.14705919049481225,-0.3287905762602264,-0.06796998254210193,-0.9534887485657307,-0.1518998783759881,-2.2297254432811027,0.5211670786475263,-0.25105982065636206,-0.16509840915341542
25,0.0014604810199026876,0.12653510988856087,-0.3173863524742929,-0.01622092010017867,-0.6373617992233639,-0.049724432411369424,-1.812778889642179,0.3113785208627241,-0.3500007752600237,-0.24780204386194568
26,0.0008442297499246796,0.116130721726768,-0.28493590701265437,-0.13122205799015735,-0.7351825786339138,-0.07850435581809558,-1.9650097999445109,0.3730208888013368,-0.07715330905220963,-0.3237249368086832
27,0.0007693191073446669,0.12455204920688646,-0.37702827064396466,-0.21448325240840266,-0.9498587888764032,-0.10417388728180796,-2.169234518696958,0.3828039124716769,-0.31340079961397765,-0.20319216958370234
28,0.000793258563404034,0.1168345639635145,-0.2701363266299718,-0.24536415915940044,-0.7698285131981634,-0.08742385922433778,-2.161678127188648,0.4016797890862169,-0.1949152376481778,-0.37633637724228297
29,0.0006825807107066566,0.11475995141370796,-0.32095714798145497,-0.37995648280185274,-0.8344761032709654,-0.0724813963371969,-2.271501358113615,0.4589916019449597,-0.21222660761980494,-0.5804718526958559
30,0.0009717562072074097,0.1076122550906538,-0.2923218345679448,-0.44202199855149527,-0.7062653268302335,0.01357653744555437,-1.725110689864053,0.3165264035603196,-0.1835470147758649,-0.49319504858430907
31,0.0007230886381462499,0.0902962287645254,-0.32817230063004454,-0.17814418530092507,-0.8098695967844622,-0.09475186180294343,-2.2315744656244583,0.45326054447452774,-0.3032730764295516,-0.3171134159382561
32,0.0006923591728023222,0.07811866502592578,-0.3490356628100771,-0.2022348470084967,-0.9409951149447684,-0.11737429776448909,-2.106081765414879,0.4608641833361568,-0.32740518865287477,-0.31113012578309773
33,0.0007102102705510721,0.07983879094328061,-0.3689142925213421,-0.2548562096076437,-0.9209568690050778,-0.08342056588443678,-1.985259546854973,0.4575668836330725,-0.3063233083721437,-0.39545772793963213
34,0.0006577292952544337,0.08170339459217356,-0.3919050817187166,-0.32425563133604196,-1.0438973986151456,-0.10921662290959575,-2.0712478270905557,0.4107233612805971,-0.37504418247136573,-0.3134472758159577
35,0.0006781678603965301,0.09446888361559286,-0.38952386803242095,-0.3796941705689411,-1.0611612217153994,-0.12182024984672096,-2.138526442105161,0.40464952886393213,-0.38778589242115413,-0.46738505322010726
36,0.000670589394646616,0.09711943340841615,-0.37464528767482996,-0.31343849894745757,-1.0128841024540545,-0.11442092196639361,-2.1581697476058967,0.42108182802895316,-0.4847203868913105,-0.251394228420088
37,0.0007103248431301384,0.09415724198948107,-0.38595905790188895,-0.38559971976981217,-0.9316603065686716,-0.07628744009416699,-2.177185713923602,0.4842109558733125,-0.50233189272223,-0.35926087968988524
38,0.0006789561414444457,0.08446433864354602,-0.3296019332720934,-0.3555140167103584,-0.8444110846909656,-0.05012816226821855,-2.040686439048745,0.5108211374949349,-0.2577005177144085,-0.3492571421593965
39,0.0006867568825003768,0.07863963788776926,-0.36919603551003927,-0.34846988877969176,-0.9120320534789578,-0.061682157359023736,-2.1024425414919503,0.5002647291371506,-0.32861447838557545,-0.3753217529300884
40,0.0006931164683895874,0.07449083060919263,-0.3654435862499847,-0.3142816867406863,-0.9310003546472638,-0.08262091606159913,-2.220882767520393,0.5641076314321579,-0.2506719635978347,-0.404059978745242
41,0.0006160486829239659,0.07706884722355889,-0.4166288228670779,-0.3853706823380197,-1.076519153855911,-0.0899480193691075,-2.1528714051891757,0.4992055854889967,-0.453325566286761,-0.28994076633874494
42,0.0006687439380173618,0.07406980558773471,-0.37971045599249875,-0.2154811453598131,-0.9800637839599222,-0.11454034629718324,-2.364845028696963,0.6005813098061525,-0.338286889674956,-0.34955335007693866
43,0.0006248553925970622,0.06755733660670712,-0.43564387333384097,-0.3559324281772728,-1.1469297047084805,-0.1061509086944573,-2.1646514142714794,0.5393602844181614,-0.45470953435206585,-0.28447953005914384
44,0.0006181320986101686,0.0656576397864136,-0.40558216783352774,-0.25741046704930054,-1.112226608264335,-0.130577180438881,-2.299084681729333,0.4818772188730177,-0.38457356638529505,-0.28662727493164786
45,0.0006132455970360556,0.06421329156236023,-0.40089523820000417,-0.2362838784616294,-1.0607374271633625,-0.11798671266516644,-2.3593333078379564,0.559825335820095,-0.41040912449077366,-0.20666714621177018
46,0.0005910593093232906,0.06489561654214453,-0.45660346076322084,-0.28927927027541944,-1.1753259760085677,-0.12159896620252376,-2.3653335509892193,0.5746173593217336,-0.48233605106272315,-0.28023121273645246
47,0.0005751871873521752,0.0678193763605944,-0.4436227841839563,-0.22459243600414538,-1.161562836908538,-0.1235599041001538,-2.359944265702736,0.6232120246316146,-0.4321078736332572,-0.2442235967892905
48,0.0005906715518123322,0.0683506159306314,-0.4512635820298881,-0.26310020447561017,-1.200369950479028,-0.12748803259057506,-2.3704221592843555,0.6637006313332504,-0.44946168807686765,-0.29981803543066804
49,0.0005608508636930204,0.06877103011374221,-0.454923387198891,-0.22683147835533385,-1.15931390532654,-0.12168519425431326,-2.310376666283286,0.657530661316237,-0.49002119882409906,-0.27775480255359886
50,0.0013638745142881934,0.07175694688424071,-0.4712576055129089,-0.17441912229758763,-1.1040219822635682,-0.1179382207589709,-2.499083888793802,0.6800162127137429,-0.505742153110834,-0.3252809544080824
51,0.0012653548825636125,0.09403907706605472,-0.507119400287525,-0.1016624062665577,-1.1989549857683903,-0.14464960485053255,-2.6245167269992624,0.653495112076389,-0.5168611929998141,-0.3513237499948875
52,0.0011673327240150704,0.11674543948810046,-0.5385246631275109,-0.3161548709515254,-1.2045643186641013,-0.08872777581271166,-2.365093189270323,0.7361374143192132,-0.7416946232092565,-0.28587197169463036
53,0.0011361555308994939,0.13702388635327428,-0.5266397953772161,-0.05092828632760585,-1.2224017404440832,-0.11869846808402651,-2.638372035627512,0.790680089422227,-0.7138621253604414,-0.11907641969388325
54,0.0010736502245068695,0.1581202699636629,-0.5616330630311217,-0.19228122134153464,-1.1733246824129895,-0.07765341839748635,-2.5926234308169502,0.9227705167879241,-0.6431517282731712,-0.37691477905895815
55,0.00105406713650042,0.1777470226909534,-0.6434985339944365,-0.2656093948755704,-1.4554142064908135,-0.10155621266999429,-2.637449166106364,0.9118461527124619,-0.9091497209029442,-0.22365507136136295
56,0.0010664877067163134,0.183995544585366,-0.6421048686116116,-0.2144917303831057,-1.2256601592394285,-0.07188707024546159,-2.7313699697534948,0.8664149710540591,-0.7531422923250857,-0.3879837531513121
57,0.0010413343036989302,0.1847901994894064,-0.657923244943681,-0.45836691812188773,-1.3874262622814235,-0.054047504260228196,-2.371749090469701,0.8790289670359216,-0.8226136291010011,-0.49286101917910263
58,0.0010286203837924445,0.16140534833404818,-0.644150669792768,-0.2919680361842423,-1.3340490005412753,-0.08170951701454089,-2.7680388922601136,0.9538929285618329,-0.7208833901629011,-0.5787822632495887
59,0.0010158662351605076,0.1578789116309613,-0.5870435327224734,-0.48490874360418146,-1.2660852790376846,-0.03896975762744298,-2.534666773526164,0.7967146348734817,-0.6939768142133046,-0.4798727725520727
60,0.001066808913860981,0.16070931753879225,-0.5540988557671535,-0.42288771193192093,-1.0968864515911558,-0.027708790818443203,-2.3511401096975635,0.8774353873897054,-0.6298672738273808,-0.6226422956532345
61,0.0010070642608790029,0.1570082481676769,-0.5908149835505757,-0.23883293110926715,-1.1241860898248401,-0.06383649014540896,-2.6482540697995898,0.9718305805020194,-0.6645620235163109,-0.6837971985690786
62,0.0009605084378778238,0.1591563387331827,-0.6215179171198708,-0.05264538545586825,-1.2337326205712138,-0.12973141448869419,-3.150121967395778,1.0084870143495503,-0.7825334258238763,-0.6575515417899178
63,0.0009740672867091443,0.15036818339942778,-0.557337586208534,-0.14855371748859736,-1.1556703340242824,-0.10063398178674371,-2.7616977135941196,0.8237559195209722,-0.6815364714359368,-0.528649419190908
64,0.0009500505544676129,0.1505908343070898,-0.6010930328441253,-0.19212043644092414,-1.1750672402965157,-0.10135633216765831,-2.8135407763605533,0.793877324797825,-0.7254027911523735,-0.5052734501634997
65,0.0009509634374825996,0.14809420057039252,-0.5726454555369291,-0.1981587919767779,-1.0981201170008081,-0.08217852033349353,-2.6951077845590232,0.8169950572422665,-0.5804476344000964,-0.6083484228892367
66,0.0009864733574048467,0.1430645569898195,-0.5645112116897868,-0.2015642451211805,-1.101912652769101,-0.06467758546753481,-2.485314508197765,0.8713107203102227,-0.5984003718553186,-0.4558248003400444
67,0.0010006129744608385,0.14077596319892757,-0.6345525269586534,-0.2341754774125072,-1.2433195290380639,-0.096638815664783,-2.641981168502034,0.8531319788181729,-0.6821363215222267,-0.5875807510339611
68,0.0009263885593933142,0.17177761886111467,-0.6437741746089496,-0.1659624821822383,-1.123329744093772,-0.08146361168678794,-2.802377209603478,0.9432714730535152,-0.6129358733346592,-0.8760073769265618
69,0.0009278658087832762,0.18288546019202395,-0.6548475746907281,0.08812379427722916,-1.1508181523008334,-0.14299289814269714,-3.1606139982757737,1.027090215357775,-0.7733127839912888,-0.7003708655923228
70,0.0009042523686454779,0.19005597563996113,-0.7380682158412013,0.06781144760343706,-1.2631761264426515,-0.15776269133146267,-3.2905957898042164,1.0897245536969864,-0.8700587929769857,-0.8818818633345267
71,0.0009367155763824259,0.16540013485954014,-0.6393705474914518,0.20579588915466282,-1.1333946070751617,-0.16005380440515554,-3.3277371929036876,1.0600625010650533,-0.6906893803423735,-0.7654411856764369
72,0.0009090183798598723,0.13778233161624315,-0.6824263407568366,-0.004470377513935413,-1.218546517113636,-0.1312203928599947,-3.044057446448113,0.9669781229935441,-0.7450782874541395,-0.7133745064675799
73,0.000928644782000219,0.11630091627846717,-0.6442624634661938,-0.09468818783287472,-1.1340635143126585,-0.0936300746121248,-2.7448287342210995,0.9392771000303226,-0.6425266920196527,-0.7218361648463478
74,0.0008842022813779135,0.10594977436243838,-0.6561295196440309,-0.09483515225421882,-1.1721411217637183,-0.10511920359815417,-2.876206979095181,0.9166812510016943,-0.6733952889557931,-0.7337300097839222
75,0.0009055200963986982,0.10932339580649006,-0.6193215016427105,-0.13111007831664484,-1.111514977046721,-0.09023634791948501,-2.7921651198443187,0.8585666944484183,-0.6184538583514367,-0.7558853671761947
76,0.0009059907630428674,0.097246159062054,-0.6564705363092193,-0.09615053115067515,-1.17539984096941,-0.11149941926275767,-2.894544905338705,0.8624060569849477,-0.6797763839053174,-0.8203953717544008
77,0.0008916223602496184,0.08154889119961493,-0.6446599975990673,-0.08795162414909247,-1.1682583982237402,-0.11164363208522993,-2.8060879058802803,0.8557655326662033,-0.7360558728339788,-0.6727516186174524
78,0.0008943488358541551,0.07000434743116633,-0.6842335054128732,-0.08966285651341872,-1.190570635510817,-0.11094929702023518,-2.9029872532853496,0.975234473581905,-0.7566005951533535,-0.8044394776127151
79,0.0008872810501931137,0.07130176371223859,-0.6715659538231898,-0.09957358840227726,-1.1754567762032464,-0.1102661611418991,-2.879213378365014,0.8901986981855142,-0.7441075156067869,-0.7919248736675611
80,0.0008931900916031332,0.07048636240893526,-0.671813258630026,-0.024400128938642976,-1.1904697081367204,-0.13374468960583796,-2.9941845545040917,0.8576143356995127,-0.7587932284216243,-0.7872233986075259
81,0.0008923132087696094,0.06898157048573407,-0.6898533881016506,-0.05004691340093236,-1.2109192286739425,-0.12535345371698034,-3.016169863357553,0.9277746554090412,-0.7617454412848809,-0.7731289064844139
82,0.0008842176329789853,0.06894198097795293,-0.6680439359714644,-0.031224709899355652,-1.1942527544623327,-0.13486008869277177,-2.9949862260621356,0.7884812310130456,-0.7548245421762807,-0.7306847083702709
83,0.000882380153228115,0.0664547364514892,-0.6444426019561946,-0.0959094836445466,-1.1708811310552367,-0.11455397189940039,-2.851869629923264,0.7707552266163725,-0.7132851947800278,-0.6586346848506042
84,0.000890868130653158,0.056893103518480266,-0.6788284122299538,-0.07858702435623895,-1.1912750925792375,-0.12028019250143206,-2.907560710074649,0.850603177318239,-0.7759108240210942,-0.7602305353354074
85,0.0008867466138158209,0.056378719244646665,-0.663098793233968,-0.0538769220554448,-1.1816481894906845,-0.12305719654858416,-2.88622698661925,0.84760966322077,-0.7356721725098878,-0.7530531664202205
86,0.0008954052866166616,0.05427773861610522,-0.6674461768643696,-0.11969701151658495,-1.1922367378454946,-0.11656102785043071,-2.814981430960383,0.7845742097205027,-0.7545926365685647,-0.7569555328784345
87,0.0008855756293050684,0.05426820773546626,-0.6653704065296149,-0.0473315788567043,-1.188480875492062,-0.13150164585718874,-2.89540121133528,0.7591000508272385,-0.7399053480500231,-0.743580199026309
88,0.000878656302201086,0.05753059160359121,-0.6746598582039609,-0.05005390170925584,-1.190984273831494,-0.13060534828221024,-3.0126541028604596,0.7943691597460693,-0.7499426714134053,-0.7740815485628851
89,0.0008826765341038227,0.06980667749299735,-0.6678365007013832,-0.03640128641389984,-1.186937282192952,-0.14257112174357622,-3.0092100646190976,0.6754641533901764,-0.7459708505834102,-0.8056137454124257
90,0.0008774518924097271,0.06249565114795662,-0.6536602482400216,-0.10414713414850965,-1.1629937541166768,-0.11103720970957476,-2.826712161636267,0.818479269343054,-0.751526816622938,-0.7358807878665343
91,0.0008893924403354542,0.06062786205374434,-0.6679785500354882,-0.07839157343001404,-1.1982062317070645,-0.12767778105105865,-2.8427495148609383,0.7377010352995972,-0.7513426884407131,-0.7378162721516155
92,0.0008780156844889247,0.0552273634189031,-0.685806001964954,-0.06144147407130539,-1.197845573567511,-0.13064365044290743,-2.9794869360653795,0.7395182657961771,-0.7597601143122169,-0.7733300596215881
93,0.0008796067043916816,0.04871453593840933,-0.670577668229814,-0.08769228136073723,-1.1990349904006607,-0.13088977681292524,-2.9197795910995903,0.695462053974726,-0.7651360554667662,-0.7623847682508378
94,0.000879443808149234,0.04354463305713708,-0.6848628822016026,-0.02567490481142335,-1.198232652548841,-0.1374703885610197,-3.071621425018076,0.7947786465988174,-0.7540072178300199,-0.8038946112715964
95,0.0008803711270309385,0.04298827410742658,-0.679124635072212,-0.010722429243096722,-1.196150953986104,-0.13981677519980143,-3.02071195541655,0.7897410666192095,-0.7714306831075836,-0.7519883324309234
96,0.000876547368476577,0.04197082281507297,-0.6726454706393351,-0.01045639724497294,-1.198028812883598,-0.14094516548746908,-2.998896282586161,0.7904797826012298,-0.7575956495356664,-0.7529087807233776
97,0.0008749909698661355,0.04405268215819947,-0.6832547844465736,-0.06891514161583032,-1.2049146567869915,-0.13151501252210993,-2.961109338178435,0.7728432945571377,-0.7974315985527675,-0.7704263624499056
98,0.0008772621478733418,0.045893168192439146,-0.6866452646355027,-0.08419360142157856,-1.2129319529939826,-0.1313466564845013,-2.8954068196834744,0.7389530122074128,-0.8067496111996788,-0.768011168927503
99,0.0008815462119704359,0.042883810879608776,-0.6762141733045998,-0.06354949746809177,-1.19135251463292,-0.1308016876658837,-2.9554793984614984,0.7473867114808151,-0.7757336750085839,-0.7700166492212988
100,0.0016946926611315274,0.04196827092058634,-0.6774020004586594,-0.0034467858343786226,-1.2025672045660847,-0.14437410674313716,-2.9786290028894227,0.7768707814553848,-0.7712541777280933,-0.7704495147077045
101,0.0016232408546511738,0.052339258422141405,-0.6679133269990657,0.0432189513001939,-1.1903214219983878,-0.1531876897674748,-3.0795305236944706,0.7551550047635155,-0.7237389521660845,-0.774972720261015
102,0.0015762250734660255,0.06849740619817594,-0.6446024651086022,0.02168171493171535,-1.1598604689290481,-0.14844598349780735,-3.0093569300071557,0.6761414903890294,-0.6926557419875308,-0.7565533547812263
103,0.001526438880671659,0.09130995999382391,-0.6470515952174329,0.021603786440676072,-1.1796194013936523,-0.1510657714750067,-3.039175045912945,0.7003230991622831,-0.6775766314401305,-0.7359675593780789
104,0.00136234171847854,0.10724196557503837,-0.6782442533405706,0.1903884831022402,-1.240508219593192,-0.19375350439958655,-3.224645524237787,0.8200327842502497,-0.7334622980063881,-0.7761114495977083
105,0.0011460830876013823,0.13604559610932906,-0.6457267867794898,0.26507316168918005,-1.142772454902392,-0.18496617053688844,-3.4195497167781035,0.856503246809861,-0.6121052075647957,-0.7679131698474604
106,0.0008582541742791339,0.17875852844629328,-0.6302432186997403,0.40885555217885994,-1.2058286720334774,-0.23113615143493554,-3.4195037658183756,0.8554736568992324,-0.6575721016486036,-0.6307852102914732
107,0.0007901385876009596,0.2272753301607896,-0.6236794184493536,0.3877987054830089,-1.2121742475769108,-0.2285784786887022,-3.161270130522414,0.72163443324806,-0.5753226191145793,-0.6219835053920473
108,0.0008053695538551406,0.26877603737265204,-0.7204333264450289,0.412113182114323,-1.3508585340522172,-0.26948343206676767,-3.4878034133286593,0.7682395648521539,-0.7206180609354889,-0.7963992098513155
109,0.0007475892850280743,0.28166884211828014,-0.6900300564862699,0.4036528778195679,-1.3103432839033433,-0.2642828529039377,-3.413074693300716,0.5325863482770632,-0.6072084081009728,-0.7535933465855972
110,0.0007227519650484632,0.2785079101252705,-0.7697178730005239,0.09242085581804721,-1.4409762935389594,-0.2159956952249497,-2.9830859254361175,0.6726925659673684,-0.7210761313862462,-0.7923373602289362
111,0.0006588319690383499,0.2816991979846088,-0.657960311321261,0.3544699531311405,-1.3624264584758141,-0.2836347577787352,-3.2618671133914137,0.2839232875041456,-0.6401608286488024,-0.5841116286019499
112,0.0006520537416469328,0.2771528902556202,-0.7324649597624662,0.20102797763552377,-1.4368646215900451,-0.25817274178404764,-2.8998831044307343,0.38910954257487324,-0.7440848513592082,-0.6415433472367524
113,0.0006666795773464435,0.276049919332112,-0.6288276998264553,0.30537440249574516,-1.3180107741082958,-0.25786513672463046,-2.975072027259374,0.30731091294629204,-0.6752747550836402,-0.41358275385012566
114,0.0005957139470077512,0.28945640213772234,-0.609233877455663,0.2991544927717624,-1.2933367434002268,-0.2547641359016725,-3.3623584975425382,0.38198803820380267,-0.6161868730338617,-0.46958646969265266
115,0.0006740450940748042,0.27647074963598894,-0.6460782679340098,0.2929727043654049,-1.3308800884268557,-0.2755856915298964,-3.254750301448244,0.22795558730716275,-0.7220421074286678,-0.5222149977702196
116,0.0006369071090859073,0.2610929254237495,-0.6396944434618321,0.31469053691848264,-1.3588145227042192,-0.2775941343288821,-3.19975643809657,0.29916047880720703,-0.7531309911294839,-0.4797899768247847
117,0.0006461417710571312,0.25720034534533953,-0.5907038527052625,0.3670620012954936,-1.2681588928139975,-0.2753849712837142,-3.1765213986928713,0.2581665458473419,-0.7467043782549687,-0.3735993195884218
118,0.0006047952789874536,0.23522564593724984,-0.5926831769243908,0.3588625386228857,-1.3194007794121845,-0.2924671795180197,-3.2987037975114557,0.150690549390496,-0.7517551031281897,-0.37285467772009706
119,0.0005979830733155592,0.23991050931551552,-0.6915922791044159,0.15292620735376178,-1.4529603219153635,-0.2560280577085944,-2.4155739366249507,0.28373933635245346,-0.8556467042127628,-0.5005980122905942
120,0.0005844173927651577,0.2506859892043651,-0.5538906084844911,0.3078066529217843,-1.2941584425814863,-0.2633094018623621,-3.076274149748896,0.2921506867135941,-0.6688531648733355,-0.26962870951020274
121,0.0005849243991582746,0.28205721215607243,-0.649181068620935,0.10330705526550954,-1.431791308785012,-0.25042332899539305,-2.512374660759356,0.22889794954634782,-0.9284867000868695,-0.35296767493658715
122,0.0005809920497152105,0.2753843286123871,-0.5628901198912073,0.2742652319039899,-1.2774144889794499,-0.25203278590835865,-2.8879692567557953,0.28991985632464173,-0.7894288446628875,-0.19828202264274075
123,0.0005954580126853431,0.30186720897827635,-0.5465033262980293,0.30050751275882565,-1.28462382386446,-0.25985784432643466,-2.412695460653654,0.19644015192266243,-0.7380301149065845,-0.18253205394728803
124,0.0005788827893742612,0.2866608958965426,-0.4478958854187292,0.48473826290300626,-1.2224477115391723,-0.2886591516224284,-2.6481836979047646,0.2642609007718995,-0.6852783557762818,-0.02219186395108594
125,0.0005985522965809941,0.27547745323296374,-0.475408955209681,0.27854247988431496,-1.2028084440384768,-0.22283299737434822,-2.336550550364937,0.4092106027013145,-0.6898773987653531,0.034442567794226914
126,0.0005938811604523169,0.2501300277700698,-0.4941759014149154,0.2054197204031908,-1.2923956261223697,-0.23661876827028708,-2.3017186966454917,0.3339895485366621,-0.6944062992505564,-0.025831310343232772
127,0.0005928938427127904,0.24171876082906682,-0.49837510868428264,0.21989087816506656,-1.2775374189406403,-0.21840577809426398,-2.451017994414355,0.45794547602398616,-0.7361200837895228,0.05323916736267977
128,0.0006046320909327685,0.22255333767525862,-0.5018620461967195,0.23436674920214243,-1.2561853137548533,-0.2347921586665091,-2.3495847201465354,0.2712547874018855,-0.6721594289064059,-0.08508120230127879
129,0.000568481799003244,0.2032417869768758,-0.5421945799912687,0.1945465082800399,-1.3174002392194355,-0.2344258643374314,-2.554159715035254,0.4089074028341236,-0.7472802762212996,-0.15796104135406855
130,0.0005878960785708825,0.17826020567662296,-0.5275052503857951,0.2327023690970264,-1.2942649334186722,-0.2472863110189626,-2.5167473659319706,0.27006556995753017,-0.7287373249801826,-0.15090214275451128
131,0.0005471859142501057,0.18205825087965047,-0.5434355403499469,0.35199348533917296,-1.2528289949955866,-0.2590007701842711,-2.786603186080023,0.36441146564125343,-0.6809854746669263,-0.28547014048629465
132,0.0005519099535707768,0.1974315162539551,-0.539123439834325,0.237227239072231,-1.2398653420791519,-0.21982883971176778,-2.7381940680242085,0.5016659029036482,-0.650888819215393,-0.22249563638009318
133,0.0005378179900647146,0.19175031019558575,-0.5075529606678709,0.29362304150831336,-1.2486754747952304,-0.24656870371111966,-2.6875681572453702,0.39113661324234295,-0.6943582500829387,-0.1620026147877371
134,0.0005753746240543221,0.1694388121061446,-0.5613771536656923,0.2184446676356903,-1.3042034647535947,-0.23893802188387842,-2.749989561860831,0.36251234941629884,-0.7195841298405906,-0.24449378140732198
135,0.0005436589102407767,0.17386445115894253,-0.5603354668402595,0.18029868823237533,-1.2969311592391422,-0.23455528830300937,-2.845105939567149,0.3665362409977598,-0.741373514312815,-0.21101975069933246
136,0.000540494688365885,0.1585888146081246,-0.5547594423075036,0.22585642938838532,-1.262259641148289,-0.21904282112728016,-2.6117517647054544,0.5111920377292138,-0.7053031280362565,-0.22243424642564058
137,0.0005262906428575083,0.1410824592804305,-0.558210977176909,0.16929362770762318,-1.2984221534111533,-0.2185905068209855,-2.5513871677176145,0.4447194002870681,-0.7321994182557161,-0.1801473255657862
138,0.0005247284264078482,0.12446297890436527,-0.5299599591213132,0.2590745025700878,-1.2511147085827845,-0.2327387237297993,-2.673238780544127,0.45543089151209976,-0.7150670065006418,-0.18837581725910948
139,0.0005393759038611846,0.10976351131651568,-0.5591995791197869,0.1687891307308297,-1.2953461663918806,-0.2240512438961694,-2.6924741852582015,0.4090059015504145,-0.7595353800631474,-0.1600601364913865
140,0.0005299890344767177,0.10529571112293938,-0.5501711881268521,0.23369747649852263,-1.2776980243256046,-0.23229992558155646,-2.8774863325805184,0.46302943504146304,-0.7305449078226902,-0.2059406160247176
141,0.0005292543610937419,0.09997347082702143,-0.5409837722656221,0.2191781238161365,-1.265710069477433,-0.2301733557149149,-2.7574485063912872,0.41832275053020057,-0.7564293001519757,-0.1549927254023328
142,0.0005282244411704287,0.08890796883121266,-0.5253642988760509,0.2586673109666992,-1.2368973702348542,-0.23551168830516256,-2.760543168582501,0.39350101164859724,-0.7086776094843701,-0.1634958584718896
143,0.0005337822636728824,0.07890396720427788,-0.5338816876557669,0.25170006058765904,-1.2496586567091403,-0.23089003860041885,-2.692680345463864,0.4320238553202699,-0.7187932343993269,-0.177043925237919
144,0.0005219471778607332,0.07806469144330426,-0.5379402334988715,0.2123465467483911,-1.26098403573503,-0.2251023159988373,-2.5817401919891934,0.42618805886413014,-0.7553414441291478,-0.14800409210717982
145,0.0005177933203926713,0.07082761737191265,-0.540393715047048,0.2244286736208666,-1.2605409139897399,-0.2312809161442741,-2.6858203205767577,0.39857320845557154,-0.7539365345946458,-0.1629170291962759
146,0.0005194477573241443,0.07202894150776294,-0.5521486839351128,0.21038487907365405,-1.2642666570313879,-0.22251088604626196,-2.630416742520136,0.4466359093692108,-0.7591131582351668,-0.17163881918022292
147,0.0005200782540903917,0.06651379901089204,-0.5584326521459038,0.20540823535899527,-1.2763812420835934,-0.22318098801404837,-2.653106473459905,0.45534024091755,-0.7494749622097487,-0.19447629394037327
148,0.0005171498581854355,0.062351218964119104,-0.5546587576850615,0.19791866250135495,-1.2792303569086445,-0.22252316953413914,-2.583482735485218,0.44669932599540924,-0.7576776088690107,-0.1834239268662098
149,0.0005192424387714248,0.0611666046118249,-0.5490435240916313,0.18462750089685065,-1.2759979425478123,-0.22111253717638324,-2.68710329998922,0.44066596564281746,-0.7374367300741163,-0.1723722878644429
150,0.001033800153696169,0.06168702842133998,-0.5550384999239536,0.18145878521354847,-1.2721446787365123,-0.2170202105694184,-2.6225951095016997,0.4599715363985817,-0.7509399225474799,-0.17175266253385732
151,0.0010190370292035961,0.06657776215470315,-0.5499255063544735,0.17251039831731627,-1.2689157181211408,-0.2142999727176028,-2.597180344581035,0.4652828371086704,-0.7511264811370548,-0.157951241708024
152,0.0009967373238896284,0.0822286731470482,-0.5503534300115684,0.16241968956156028,-1.27558618271637,-0.21335163576658245,-2.607404741227522,0.4838443280878956,-0.7493484628987115,-0.17127797771534956
153,0.0009765643436593552,0.10350104857766157,-0.5488870193859865,0.1263225242951416,-1.2866569701966948,-0.2107309180696646,-2.665555899825037,0.47046821937718714,-0.7709030199749464,-0.13253432132001833
154,0.0009642710997789165,0.14288177490662174,-0.545307283177847,0.0895764912883579,-1.2852705083082638,-0.2027173356190104,-2.660828099593734,0.4902956050088486,-0.7629302565437346,-0.12460675419905501
155,0.0009330799520639272,0.1929180453651552,-0.5482387670143346,0.14725993117980718,-1.295432771971903,-0.22351510506897634,-2.6982450406665928,0.4432037052517594,-0.7979519757767174,-0.1693187552769308
156,0.000935304152910519,0.2482798038130067,-0.5591416411429395,0.10265169386724678,-1.3188736967614916,-0.21876531218872,-2.70430240980475,0.4823237896348345,-0.83342456234189,-0.17941742953091144
157,0.0009182190719878913,0.3189901033070167,-0.5738673279862111,0.015628969252964087,-1.35594341545468,-0.22101909093968125,-2.853723798986939,0.3757124203915735,-0.8466189951668222,-0.21543890337782576
158,0.0008927209207542931,0.3805965587589664,-0.5764660238661321,-0.0003923912864060852,-1.3627614073920113,-0.1953760483829965,-2.6975482941023294,0.5673894433526504,-0.8063850680316871,-0.20106106562783205
159,0.000859573203074409,0.48498765998080495,-0.5781692545394493,-0.108800402010946,-1.410783219216024,-0.20242974004440967,-2.964754973056376,0.384565097709509,-0.878445155086105,-0.138583947443371
160,0.0008278705137700792,0.5966622233941382,-0.558163394037774,-0.17238109142325464,-1.393167807187506,-0.1697440777934509,-2.8550802234378105,0.599012106635501,-0.8910674765919737,-0.07326999101296945
161,0.0008011608632565484,0.5868963179022443,-0.5673539376102611,-0.10920669781777378,-1.4415725624938,-0.2044400110990141,-2.3366040167752296,0.4036950316477753,-0.9364378795020052,-0.1517051105074925
162,0.0007939369644278258,0.566583548736659,-0.547035127548509,0.043101678741723416,-1.4193873210207428,-0.25136702390909293,-3.052836148859259,0.2674406270841627,-0.9481866706483758,-0.10114357988765334
163,0.0007634649474933006,0.5733358260056337,-0.4742422541707718,-0.08427264446511885,-1.3710329534116803,-0.21425685794304045,-3.194514454733863,0.3266581411697469,-0.8797514152430539,0.15414214385146943
164,0.0007441326424108578,0.5417690213154011,-0.4864630541643103,-0.10778299869229782,-1.3682369978349473,-0.222336160386996,-3.2022358370395145,0.24848281974341205,-0.7934257501763462,-0.010894603445196702
165,0.0006558709563708767,0.5768465236970491,-0.4768220673050731,-0.2250061952438984,-1.4481529776442323,-0.22448108441350637,-3.2285128826182956,0.08640996841060888,-0.9240134509385485,0.16716337186183733
166,0.0006361613132564469,0.6299006212159342,-0.4910019367910489,-0.06689616920548652,-1.515802154031119,-0.2771585780851651,-2.936093961054987,0.028499488945329055,-0.983912186039083,0.013770819191428654
167,0.000606942609942255,0.6884088876386095,-0.4566330297039406,-0.0992248429764593,-1.5087560675695462,-0.2593390165573861,-2.4545722774273817,0.06581393774843716,-1.0163327602573418,0.15440367995792995
168,0.0006328226758884287,0.8204294151652347,-0.38138082781351096,-0.11828824307508132,-1.5741150948427332,-0.29449396376202613,-2.4988327626894042,-0.1152173253579013,-1.008440665561797,0.26476414212348637
169,0.0006489138785585626,0.9680675091589482,-0.352986135314993,0.18715252810144214,-1.5085569775808625,-0.31919257165931414,-2.0720507132225503,0.055206899261137164,-0.930485783988359,0.2171793365005686
170,0.0006484551288856366,0.9215650048457283,-0.3686582582305209,0.156147939664763,-1.5173829736889,-0.33950236121388455,-2.1040231124731608,-0.04541438140174685,-0.8891449486141487,0.043508390787614565
171,0.0006796471550757654,0.8116424034439299,-0.4246578923906524,0.049825299516706736,-1.4856853177087106,-0.29087424512927285,-3.1262668351342198,0.04767951407410814,-0.9691523033249826,0.1770299724909935
172,0.0006433529425856784,0.6732551199444848,-0.3651288913945765,0.08007573789619861,-1.479255955965397,-0.30800317522461185,-2.1937428118531157,-0.025907487627367595,-0.8949620874396965,0.1188700299367418
173,0.00060130985156395,0.6142361759647817,-0.3342021563209412,0.1469275511041766,-1.4238993608633461,-0.2935147332823954,-2.518062253379125,0.08591139012435609,-0.9640515563258029,0.4166891409219212
174,0.0006230631022919204,0.5389997199632253,-0.43268215374369134,0.0794279584185999,-1.4576109289090504,-0.2827924071049759,-2.1640472693681785,0.13459792474346832,-1.0197982323547798,0.08143190780270218
175,0.0006154881134073889,0.4751732223335207,-0.3758912973311675,0.07643419054955987,-1.5019142602081565,-0.31254019480052864,-2.6462409990397306,-0.06706429090186375,-1.037696471543475,0.3033800914648575
176,0.0006431834843277092,0.4790655152982306,-0.44266956352753034,0.08045120549367113,-1.4845978179205812,-0.3033316948884107,-2.3171671621237286,-0.020239940781708717,-1.0702170942016493,0.10243245237260017
177,0.0006220624975835361,0.46141769261582233,-0.3341315421545338,0.09784842940915961,-1.5322597174007495,-0.3291592761426646,-2.1446600211166666,-0.1328663586420715,-1.0464287318344787,0.35472424496253846
178,0.0006132323453033009,0.41583870232462267,-0.35333537445230223,0.12709314770441196,-1.4812714745587883,-0.3106044859386583,-2.2107404136585256,0.0022897097782457396,-1.038278745914823,0.3218037455521173
179,0.0006133617394446925,0.4044702515486001,-0.3325060293888965,0.207146310426869,-1.4515910184392968,-0.31968213792257427,-2.06401021059706,0.008534440791974338,-1.0235218149597802,0.3117405362453157
180,0.0005866005615884544,0.40398173841322216,-0.3404891016224666,0.1314208178044118,-1.4942655769510353,-0.3185255428536984,-2.091227280251414,-0.03377852547807243,-0.9734958474087806,0.24134581665779525
181,0.0006034301811333827,0.3992745785195746,-0.3338270856911856,0.19397579104957097,-1.4829923966073948,-0.32688403279011186,-2.2289857838230582,0.014732060162930669,-0.969419972643639,0.24628174024899196
182,0.0006006468799637195,0.3633060325813706,-0.33478735081656386,0.23614798126323597,-1.4894280498224832,-0.3412637370616331,-2.089715856006696,-0.061518983548755665,-0.9725682305431699,0.22704430439792297
183,0.0006043813611891719,0.3609064114599904,-0.3454854105400088,0.016435849346459697,-1.539289380686909,-0.3062070976238371,-2.2148017956165718,-0.07064767713994904,-0.9936134841705857,0.3069879821131283
184,0.000590889380806208,0.3926451539820263,-0.3538153637341948,-0.0704837302980551,-1.5074142942695676,-0.2810527394877159,-2.159203664071523,-0.05015365166090027,-0.951147713788781,0.2999513116546334
185,0.0005944248342735951,0.3548636552367102,-0.34861672381334097,0.016637616466693837,-1.5190996824157381,-0.30272169314031555,-2.154104888701833,-0.07131521318138898,-0.9911318039339779,0.2988237570419835
186,0.0005923988055798794,0.3127019576565064,-0.35780740888821877,0.00038989447063294755,-1.5297982676959663,-0.3008674264918768,-2.1633142122537103,-0.07441331994163025,-0.9996055754062756,0.30274975782655794
187,0.0006071470592237687,0.30741816031113,-0.33370386556187126,-0.05609732962422616,-1.506213163250464,-0.2770941541480558,-2.0634484747589834,-0.013559700699794995,-0.9285132683887257,0.3529035595865533
188,0.0005983393127681067,0.3294116361897336,-0.3349713385403379,-0.08766624636841995,-1.4648133117507949,-0.2593875773248628,-2.040348767049994,0.038326730808789115,-0.8955791113310042,0.34934888999820707
189,0.000599940852319331,0.3094547238430548,-0.3706418113028018,-0.08669145589312621,-1.4701452459233937,-0.254510781851314,-2.3851529884981155,0.07972561549097706,-0.8915097097829465,0.2913215489816613
190,0.0005906338535092408,0.31506540696776186,-0.35531589697291965,-0.054103527007756,-1.459866843724289,-0.25256114725463824,-2.357651409556855,0.11621873517974782,-0.8909186088365699,0.3612400698110533
191,0.0005969452426770909,0.2888314218029084,-0.3437822464623716,-0.1239066086345702,-1.500182325201307,-0.25799480170839384,-2.232802285955761,0.025470919102945352,-0.919249452285823,0.39357356267052673
192,0.0005898760496432777,0.24857111589377492,-0.3363538743630135,-0.12123411433544859,-1.46369734461205,-0.25308442231246403,-2.170565277313716,0.04221036297893682,-0.875860846943169,0.3509868043136314
193,0.0005877706285906816,0.23082859587929191,-0.357075085076923,-0.10872821136498809,-1.4934531199448744,-0.2559675555400845,-2.186739214685295,0.03774324417196613,-0.8680680683186138,0.3170379624161527
194,0.0005843986414543556,0.21461455416370934,-0.3547634979225986,0.023126316451917046,-1.4584899054892533,-0.27701633787518654,-2.3005786262784262,0.07884497860629225,-0.8821675741847608,0.25333507547181894
195,0.0005901772078717176,0.1935742484363433,-0.34504201779652377,-0.028723973303718953,-1.5087647893201561,-0.27397315738334177,-2.2489692079541403,0.03540363991110705,-0.925043070936008,0.3777368431794036
196,0.0005815954326658376,0.1851011384991848,-0.3425135347984982,0.023239261176248915,-1.4923572257884636,-0.2857888994679481,-2.273459859075532,0.027255101771006547,-0.913917664180967,0.3319761621544805
197,0.0005730991534049136,0.1584252616068357,-0.3429701054998939,-0.02877338478955126,-1.486571493351485,-0.2718542806304782,-2.2567488875138872,0.042992454964725445,-0.9097985715420779,0.35808221922760813
198,0.0005784688293309953,0.14352738565197312,-0.34531168114353794,-0.06465190872601548,-1.484582638248126,-0.264198226772062,-2.1851325491344085,0.035939271079581996,-0.9025917801785219,0.3577556648209306
199,0.0005794074309142685,0.134448723304102,-0.3445792989541306,-0.06939566227460701,-1.4984434741080244,-0.267224721381768,-2.240460634797242,0.030498687099530956,-0.8874877233746032,0.34520734594388003
200,0.0007498171345260776,0.14834342396243055,-0.33604592008025275,-0.088111749263854,-1.4804262789893456,-0.2567093177084794,-2.270561915832541,0.06601095402269365,-0.8879964279147307,0.39068805392842165
201,0.0007323922602882549,0.18296730601725916,-0.33835108663025787,-0.017595932851957735,-1.4888107606979375,-0.2748355553067242,-2.289449768803485,0.04771781767524869,-0.9250823910550583,0.3640520343123863
202,0.0007303198664469245,0.20568977853771211,-0.3443326087507548,-0.05406660337397416,-1.4894424675734548,-0.2654893619630093,-2.313355292620769,0.04793628046502182,-0.9342091214889483,0.3957212476766607
203,0.0007175529016894085,0.27141591014610617,-0.34293196543281723,0.005995420058769622,-1.4703816580081477,-0.2695834966713279,-2.565896092169607,0.10320059905675329,-0.9223734079868173,0.3860673058238855
204,0.0006898878253692964,0.384890096905101,-0.33979207374277276,-0.0019560057756884304,-1.4719035386936938,-0.26852341946226793,-2.5706934987169894,0.10134558942638759,-0.9758978356142641,0.4241943766195076
205,0.0006815282463094565,0.523379944113165,-0.34805274136463454,-0.08247697296319977,-1.4357404558166162,-0.2370548917010893,-2.6293648235151577,0.15673265224394878,-0.9306763715245248,0.45669476024498074
206,0.0006909016821838613,0.5914982976478256,-0.343719035491262,-0.15673677665552227,-1.4721783852164165,-0.22394423490132054,-2.6289807262418217,0.15880154606506858,-0.8979095306089042,0.519109231033131
207,0.000678025018813736,0.635205771679476,-0.3447287995118525,-0.16928369476701388,-1.4681628277322796,-0.22231115496355547,-2.717806031313863,0.19909648407899141,-1.0064741929357621,0.5419255093975442
208,0.0006721421668989587,0.656864312495273,-0.37672036451538987,-0.2357773558974245,-1.52489285999224,-0.22268258715755218,-2.4363634202516327,0.04617555739395954,-0.9934976700551946,0.5047791447315487
209,0.0006468810620695114,0.6122676640736565,-0.37033054363548845,-0.20234920971661385,-1.445519250742268,-0.20125811417545644,-2.8910237735990507,0.2246647475229281,-1.0387269748076482,0.6005621021671125
210,0.0006634141425419936,0.5757993867628021,-0.34569159235140084,-0.08817654867419995,-1.486947304151237,-0.24528553025242533,-2.6101240764116262,0.08374253653056295,-1.061660640801661,0.6131259299187682
211,0.0006604121230584005,0.5298813026790951,-0.3549276230468145,-0.3535811696524887,-1.5111180919044227,-0.19738523655621648,-2.516419547982932,0.06942697114003105,-1.0038449503114997,0.6493020527724366
212,0.0006527900324323706,0.5093856709901814,-0.3571775215059277,-0.21302180498206824,-1.4390143626373562,-0.20114925502338085,-2.7982201989189224,0.18867582275689218,-1.0704881052405257,0.6748870002572119
213,0.000643105282930545,0.5514002821478436,-0.35539074220927813,-0.17358331531334428,-1.44665387880818,-0.22615451387892008,-2.580224436586734,0.08650786197148527,-1.0243940214611527,0.5331160451298703
214,0.0006217985853473466,0.6849995118627394,-0.3639311491406431,-0.19183402108548744,-1.4373038306278192,-0.21030547869241975,-2.675441884214777,0.14101952949425697,-1.15298678174025,0.7053202176648491
215,0.0006312410956166359,0.74699833361401,-0.3768462164142031,-0.38068461729103853,-1.4966266481835404,-0.17356779251158722,-2.9846396774652693,0.18126139371391034,-1.1224873932216872,0.7874848697668682
216,0.0006216256014835296,0.6730110129767545,-0.3839854523180817,-0.30115255563083726,-1.4689465684229503,-0.17944379718786926,-2.840913600071722,0.1970820457447702,-1.0917217886008526,0.7445199599190467
217,0.0006048019422470986,0.6250540437320031,-0.3765510021367831,-0.2423311438266221,-1.4926911585469518,-0.20759255841564453,-2.926560668645401,0.12238661989356693,-1.147239697680077,0.7349068858694625
218,0.0005998512023625954,0.6359982152498522,-0.377609006356938,-0.300638880560005,-1.4936098406573541,-0.2010945002640165,-2.881653111863764,0.10135561345960405,-1.1561163695905479,0.6890288353344027
219,0.0005869949964390035,0.6233486159153586,-0.39322270105901463,-0.4113566848860165,-1.4886862212067293,-0.16975298357026297,-3.0008872229120245,0.1686734554159725,-1.1836300717666177,0.7547763115832047
220,0.0006093143237951303,0.6249001501267343,-0.4064861104691715,-0.41965908638605803,-1.4815792113740525,-0.16467473791662515,-2.99679649240832,0.14040098813727428,-1.1720445352733573,0.7529371900629694
221,0.000581342648858731,0.6238924238935412,-0.3906022322213535,-0.2833399678971378,-1.490419255285907,-0.1942656588864224,-3.1283048699568643,0.13647313832096183,-1.335479497864924,0.9130261477952989
222,0.0005798128558308136,0.6121210785399944,-0.40171025348675854,-0.3857783438139586,-1.5370384837912694,-0.18488717390150985,-3.061108403679219,0.10062445729320699,-1.2609680579037652,0.8285011429613568
223,0.0005708557344818001,0.544539847733958,-0.40023121793430805,-0.5164528240802437,-1.541836003423296,-0.15935707688919049,-3.309698646618598,0.13110508001857774,-1.2096190786197452,0.8779889016974378
224,0.0005818823271028662,0.5242247762291528,-0.41335445375580654,-0.5251437344002894,-1.5368014509532095,-0.15780770509964834,-3.1093313026097973,0.12133522047895051,-1.1646876807348217,0.7235732415330083
225,0.0005742198158462633,0.4987388359010982,-0.3913304371515292,-0.37498986040966603,-1.5105867687729024,-0.1777336423697654,-3.031646229750665,0.1806959356045223,-1.1875032989430234,0.7559375485828949
226,0.0005675642455655052,0.4524392407907329,-0.40485586533463436,-0.4035779980410776,-1.5213640809301703,-0.1734317104389569,-3.1603257396947124,0.15702178613084183,-1.2822025065227824,0.845205305619229
227,0.0005682037772840975,0.5108332005439423,-0.41676743746682127,-0.4878013469280543,-1.5229438340875425,-0.15087901246674545,-3.2728313782418272,0.2094212425352365,-1.2814762317698323,0.844087299831407
228,0.0005681597058143062,0.5697485282935026,-0.3983098989574986,-0.3862618796653851,-1.5392401015112627,-0.17291665856117913,-3.3060720447319967,0.19744817595463104,-1.224436002241339,0.8655754273665521
229,0.0005595343007557948,0.5574230238458198,-0.4263418351500216,-0.48963478503828495,-1.5370717291025362,-0.15188474440500888,-3.3106226617293117,0.1879062525244186,-1.3335407492520257,0.8641461683077514
230,0.0005570359920266137,0.48521150408191027,-0.42787678638201165,-0.5359851336488046,-1.5548917367546364,-0.14536425023019608,-3.449266744677906,0.1860615726658625,-1.3128824460079997,0.8917841287923793
231,0.0005611664921985187,0.446305179227084,-0.42093516191369684,-0.4715033544308359,-1.5289098834922936,-0.15758500220743404,-3.2433937460848696,0.1686308773615158,-1.3619700533690784,0.8848047834585551
232,0.0005561315918756295,0.4177044910279573,-0.4202579801733322,-0.47101577833098696,-1.5327631781394346,-0.1547667664968979,-3.2685225375551665,0.19267695041276847,-1.3627961384689327,0.9100028964151438
233,0.0005504568489683452,0.4607535765117773,-0.42959794677554125,-0.558038875890209,-1.5610807146675012,-0.14199357523706468,-3.4102566106506713,0.20206662329386138,-1.3933169006964756,0.9443925086145986
234,0.0005478352284099058,0.5121268021987758,-0.42334508885671507,-0.5739972122087783,-1.5520303206503698,-0.13351267766365144,-3.2111400819388147,0.2445106271738,-1.3064300312741406,0.8766572037941764
235,0.0005455713036123748,0.4994811990764198,-0.4286338191255198,-0.533964601739063,-1.5586705142756165,-0.14402424800511635,-3.346442014438688,0.21751592458538813,-1.3847765595156505,0.9157043222238612
236,0.000541695888315617,0.5358920691234943,-0.44201120998652865,-0.565170963422712,-1.5673367023068658,-0.13267365069408144,-3.7625724892131673,0.25152883309591706,-1.4389020399481587,1.0090373560475032
237,0.0005422189140056571,0.5627718741505224,-0.43414453872339254,-0.6377024369698274,-1.5904238585684587,-0.1313674509340417,-3.5835299303857244,0.20403408212821977,-1.3387481537230927,0.9428870586456897
238,0.0005350595723318014,0.640938407928264,-0.45277907093945785,-0.7045161148109028,-1.6147054088674049,-0.11001715589978642,-3.913956917902724,0.29587162396980865,-1.5369900858026568,1.1171572607426299
239,0.0005316135256359081,0.6871629635421034,-0.4504420951044673,-0.6140941126726566,-1.5815929125214123,-0.12188123555987063,-3.7846126180822397,0.28113089776552974,-1.5582239865985672,1.1078884730075529
240,0.0005408045773042071,0.6277913068189224,-0.43428424742202515,-0.5536649427799462,-1.5886256953462436,-0.14266212487827992,-3.7633117560632057,0.21778489587769773,-1.4854830500842577,1.0956716084305749
241,0.0005335795774615245,0.5804312920236698,-0.4548425228315132,-0.6639031946295575,-1.6080173865158824,-0.11696170436117206,-3.9191292148250554,0.26826181638808005,-1.4503851995233479,1.048752398243335
242,0.0005352885335093466,0.5418524993016223,-0.43349849969822174,-0.5871191784826736,-1.6123564846293545,-0.13174365167546687,-3.7608029537407455,0.27425678759420513,-1.4075984181773402,1.055285358699171
243,0.0005265096924532684,0.5303552232184445,-0.44518455776610694,-0.6080112192532583,-1.6019922251376721,-0.12744241161411551,-4.15509570533874,0.2709123956020414,-1.569477374065432,1.2039874656704441
244,0.0005286407887148935,0.49945076723779713,-0.44441149539268987,-0.6216713591864097,-1.618187188184367,-0.12657198775571743,-4.131238913281862,0.28508390866422323,-1.5616631408510457,1.199005916003063
245,0.0005207338707797302,0.465555321866295,-0.45297357583541537,-0.6965054647068357,-1.616830293416974,-0.10954341702172085,-3.9660467645638366,0.3096277049588684,-1.414207972866266,1.0280936190965553
246,0.0005219465467686246,0.4284074169545025,-0.45895334170090035,-0.7093008857426034,-1.6288213625585546,-0.11083883768972065,-4.125306666958683,0.28265230681040143,-1.5431798931186924,1.1292074643796037
247,0.0005227364999816049,0.38086865194817304,-0.45436819803074,-0.6843206781563348,-1.638949788707843,-0.11361345818447224,-4.089293138050716,0.29681618837196694,-1.5033556184079242,1.144912740072535
248,0.0005229979562260318,0.3562797463961667,-0.45906200913563083,-0.6934946680803545,-1.6357627024474943,-0.11490465682651775,-4.144399797251711,0.26966094737947643,-1.5566325645524142,1.1537170716257223
249,0.0005192865165495611,0.3661262324250995,-0.46148003124606757,-0.6897073372034941,-1.6732097537476156,-0.11505800420425308,-4.506348552413835,0.30329625813929634,-1.6490279161538397,1.3125771682782958
250,0.0009461682590575284,0.4119846782984382,-0.4550125852736939,-0.6476252778165719,-1.6273249713028175,-0.11792536103161386,-4.2245651449309305,0.30897592204957997,-1.5070957446143392,1.1422875737701284
251,0.0009293221833693677,0.48388892722680227,-0.4560874022980182,-0.6430892782416749,-1.6529355615022923,-0.12268786324659674,-4.476102401931044,0.2908519881961529,-1.5976046919725113,1.2864981596166223
252,0.0008764425565831011,0.6673715230035938,-0.45673545644358066,-0.639019622660271,-1.6356509455894768,-0.1250383281288805,-4.243055201794903,0.24859218665398147,-1.5488836633276701,1.252522056365688
253,0.0008629604832465988,0.8491072808885366,-0.4555630035301512,-0.635165249604496,-1.6474733342730865,-0.1318658769727185,-4.2906638203697085,0.21425546987794042,-1.6327547979262982,1.3163835841914615
254,0.0008378169432739674,1.097178073473802,-0.4571287411440561,-0.64982965619565,-1.647367005793913,-0.13147741580705238,-4.306036357427864,0.20500785569253827,-1.5339074358421705,1.2264269653308326
255,0.0008034278984521475,1.461923401416255,-0.453396482788438,-0.5947223834454459,-1.6817161059156744,-0.1599164343604092,-4.242990899667564,0.05323109587350644,-1.7366270115310845,1.3909044373416377
256,0.0007869250681610579,2.13228062665732,-0.4585398504026523,-0.48421791110122453,-1.5745023023116047,-0.1652566561485277,-3.138776255160697,0.06545701626413597,-1.463434537409245,0.9892288566573821
257,0.0007867292907598768,2.465158588032515,-0.4873010003745914,-0.5721850899587982,-1.5705893244540072,-0.13001472626014468,-4.104495168491189,0.1842382895408211,-1.3892949560929582,1.0008562445652966
258,0.0007339650896301925,2.8161802033081234,-0.46732591576878363,-0.29682923720011617,-1.4939967999827362,-0.16606360369918943,-3.7512905612431138,0.2630074515311146,-1.6379204415507338,1.265621581475025
259,0.0007097535568220037,3.0265431986511566,-0.5175261205941675,-0.5786245711132673,-1.6039856243664588,-0.1388217901104197,-4.8281090647556555,0.11671494134494186,-2.2819614863622,1.739348798574164
260,0.0007260227043094265,3.548781142063367,-0.522652205540887,-0.5664563044459111,-1.572707375451519,-0.14122712663100023,-6.2233440344959785,0.12527495500035038,-1.8099764671526746,1.5792991170614261
261,0.0007160236872865959,4.640640777597025,-0.5386924622981869,-0.8749397635538508,-1.6379523011468016,-0.10724549707382691,-5.736435882717705,0.0881906421883968,-1.5913225117588394,1.4728994791162178
262,0.0007462035612969926,4.911106172981079,-0.5344423232526402,-0.5017201260784006,-1.6539695902885425,-0.17221857505874438,-5.28560776550709,0.03046212068931836,-2.286412160631662,1.8883585343223146
263,0.0007653735251582051,5.2612164717048575,-0.5984104325139128,-0.8045967752384809,-1.6321452996749195,-0.1167761863590708,-6.091530242828749,-0.007118202998661529,-1.847885276727516,1.6875226334067497
264,0.0006771757281501198,4.992368301996296,-0.6083032021072479,-0.5890817600906264,-1.751913841122311,-0.11122952501316574,-7.466823253607866,0.3914041419020354,-3.0062444424938026,2.650011859479101
265,0.0007570261578385846,4.702788320329113,-0.6639191929125502,-0.9599540222394645,-1.9017253086039827,-0.08437964884561695,-7.466447441738548,0.15257025523352025,-2.4655187128054608,2.2223606773293607
266,0.0006916602362251857,5.378495095511181,-0.6382448381511989,-0.735816032498037,-1.8221047171508429,-0.08809397864034954,-6.26529372280076,0.4241284655065951,-2.453696324554003,1.810817814139631
267,0.0007100067645646364,5.713109898255643,-0.6117674336354632,-0.6488742247552014,-1.8126423215114416,-0.0972386855553696,-3.996821738832347,0.5558452247328456,-1.598512338390336,0.8562904877490033
268,0.0006600633488983778,5.525976204877043,-0.5655711351466388,-0.4877847016838913,-1.5391525586144081,-0.11539456301679249,-3.220476880958138,0.3847718501780172,-1.4399886709719998,0.7682853207284288
269,0.0006688429247316001,4.929085335213437,-0.5741586112182845,-1.0650517564096145,-1.7668945318874791,-0.07577275482942242,-5.1778147010103694,0.1913489496337379,-1.322946818381711,0.8864961102944605
270,0.0006611516259850936,4.529785085247645,-0.5710063508007817,-1.1021163091961061,-1.973753854624839,-0.1141978702292625,-5.391689537081131,-0.07406506763624648,-2.1073370896680177,1.6847888129247766
271,0.0006989243828407544,4.345729246679237,-0.6217403827647683,-1.0297260068406773,-2.012008254205292,-0.13858535728561283,-6.83589131325044,-0.2272503885731027,-2.73054665918804,2.5641560611470964
272,0.0007000497639876685,4.195606407083577,-0.5846850510409087,-0.37680003432456033,-1.6969770985818096,-0.15169582956189823,-6.255547163307114,0.2484537598160358,-3.6797921877605666,2.8781786275855783
273,0.0006544133694522434,4.271582459710713,-0.6099744076001805,-0.6479089937395862,-1.881180214009768,-0.10646176113089847,-5.7578716562313055,0.404757898844016,-2.4816444223775758,1.9828962877468557
274,0.0006590241965467483,3.9697196016034995,-0.6160056407618008,-0.7440823600574143,-1.9268298051995172,-0.10585555144815449,-6.409329841403347,0.2945529481067537,-2.6354395341663848,2.218997127818259
275,0.0006536165242501324,3.921797896297189,-0.6373490196535851,-0.9471412977238624,-2.0583722093627457,-0.07653649393584472,-8.573819500572942,0.38827107070779254,-2.526259739235891,2.582627258600452
276,0.0006635376705203041,3.821013904341638,-0.6252747521075943,-0.942828236879327,-1.9594258364724442,-0.08813771696073072,-7.856796715448024,0.24511506080414597,-2.639278734573681,2.540328925725922
277,0.0006570267198390736,3.858272229280515,-0.5699432850364551,-0.6148556408063025,-1.6178516480961114,-0.10467261072667101,-6.048183532027254,0.3492165808138227,-2.0531889974725037,1.8382570200330153
278,0.0006455995521326748,3.9764363804993157,-0.607449831795359,-0.9898422651122792,-1.9597422189636733,-0.08936849115003748,-8.92900617259245,0.19549446850666927,-3.0557794682812736,3.2299736913912653
279,0.0006443897062381821,3.9196823295214753,-0.5766043677353312,-0.4798104624804889,-1.6612196868663094,-0.10991825750839539,-8.053908650042072,0.5468475795273445,-2.6157256877797757,2.4403863793613
280,0.0006649509871479135,3.968172249339761,-0.5915356567480787,-1.0049635132694053,-1.864934993382421,-0.08791852949340691,-9.380070914281333,0.19313213922048744,-2.3006373253921,2.713887021296311
281,0.0006897874391605082,3.904157696266056,-0.6098186795771026,-1.1171820965980181,-1.8747869280020486,-0.08031750308475552,-8.941304695169645,0.1202183147493461,-2.5333313823050974,2.74729094492817
282,0.0006622185081314555,3.4432721358372267,-0.5752493040779894,-1.0849296708415317,-1.8553569654818178,-0.08477952286806704,-8.073579899296545,0.16469059101415945,-2.0253022989543368,2.07003467866579
283,0.0006497666872400723,3.427461390815839,-0.5988740961998438,-0.8825930032084771,-1.7810862538467866,-0.08924082061738986,-9.349389135894153,0.2460561770282304,-3.44950488697769,3.413365561570237
284,0.0006459011120539919,3.367609367047844,-0.5831477655971048,-0.9854131349073476,-1.761739311193295,-0.07461883338677831,-9.228599445105111,0.30996652385318246,-2.6281531765183517,2.8435942072250926
285,0.0006248141708756175,3.43274555522502,-0.6008801746896194,-0.8446673109001005,-1.751120605017173,-0.07169905484964535,-8.539852498056172,0.5035477411686609,-2.9670650421768556,2.7514404041573024
286,0.0006319765190456986,3.0528195827180094,-0.5982532816950938,-0.9050064762101124,-1.7003286507209736,-0.07883430595704778,-7.076395896620978,0.29106166488192653,-2.8498096894452165,2.534383661254873
287,0.0006242871455073126,3.0366602383408168,-0.5888860009329128,-0.8889402275797406,-1.7176943775367508,-0.0767401897265147,-8.675934056950222,0.36668649658926034,-3.025347704038252,2.8318641192978378
288,0.0006232874141417898,2.8519231627510795,-0.5835423431645416,-0.9260922188398245,-1.6695025305635256,-0.07318039521529704,-8.972155010042146,0.329171941979109,-3.0147265756681896,2.9933116227587195
289,0.0006398539735449947,2.7514639424569505,-0.592083895645323,-0.7564895421281568,-1.649521503359733,-0.07835288149370911,-8.806956661026108,0.4711365597524799,-2.8988479501737547,2.8270008300492155
290,0.0006292021582553716,2.696462887830876,-0.5861632521488653,-0.7159857335505453,-1.6666856129378382,-0.08570890474360376,-9.522561309959869,0.4682468592693451,-3.0577712035910807,3.122250592497001
291,0.0006238091067559025,2.490953616884329,-0.5868290130407703,-0.9237156127435077,-1.7011385452360512,-0.07309812924324742,-9.494608024437902,0.35432147480422843,-2.7853451284460315,2.9257556370858246
292,0.0006166054181352568,2.356540758850138,-0.6021550283151701,-0.8185146515014,-1.6933174001867493,-0.07113803077368368,-9.486931726221748,0.482312934387204,-2.9480467974360245,2.9946160777956288
293,0.0006208789808098832,2.183348900940448,-0.5957667358995412,-0.7647694383570283,-1.6946440910474634,-0.07893545020084841,-9.178378701203671,0.48080438442316176,-3.046479607416914,3.046646271033826
294,0.0006247571017091828,2.268450848219548,-0.5877566898403097,-0.8975623398365538,-1.690427837237118,-0.07104929366197482,-9.085513834407955,0.38389104202688945,-2.324874332219222,2.5443189203238212
295,0.0006269938736572968,2.077742067610018,-0.5855017043730858,-0.7906444231779957,-1.6324565782531435,-0.07574089308870645,-8.703926100069033,0.435174768888532,-2.59825823037293,2.6286293344689895
296,0.0006277959278883508,1.8127718390237715,-0.5726411179418223,-0.6642020668246849,-1.6133291465827078,-0.08667615826797495,-8.224813681222221,0.5185513562192965,-2.763254303980285,2.5443390832628023
297,0.0006182734724144899,1.8457532574545534,-0.5778978718583676,-0.8001693970079305,-1.6358546046800861,-0.07629066280403429,-8.168273271913725,0.43236344281485733,-2.4616911453461707,2.497773300822671
298,0.0006162514180341009,1.7149155450487419,-0.5736190914918795,-0.76454514240138,-1.629822370261754,-0.0804267846995793,-8.272055061167523,0.4385965160259347,-2.6327599039993372,2.665200462397918
299,0.0006113969323400608,1.4512324089595212,-0.5830711103306265,-0.7775738198818004,-1.6514452511000204,-0.0763207673495356,-8.562877718074411,0.4708915694778711,-2.5278580858781696,2.587439087076102
300,0.0010576447061831416,1.5011861220774902,-0.5774156957561264,-0.7712235658185196,-1.6831290757383381,-0.08110519498855767,-8.30882040828862,0.47304051550794834,-2.6625857225248457,2.641709266890767
301,0.0010501887469759785,1.5290577650833184,-0.5731952690303898,-0.7483863970585074,-1.631114394839914,-0.08475321895423635,-8.57794991080338,0.43455516767851315,-2.8058112519149945,2.797631001046961
302,0.0010305530444324155,1.7227842984712096,-0.5820202189340066,-0.7382789526056808,-1.6825452670578556,-0.0920869684173615,-9.14164148053524,0.40061886583811096,-3.0494823184566244,3.0252905312176344
303,0.000988197894295668,2.01612315004708,-0.5593362909176958,-0.7338295305583352,-1.6544922600261178,-0.09685127220703368,-7.8736251461360425,0.36708143011709826,-2.716990521329401,2.699321516785372
304,0.0009152461481113571,2.631061700685013,-0.5674825680199418,-0.7517407287008646,-1.7335682699705852,-0.09901907731793107,-8.992553473284522,0.37643255762202066,-3.0488456699747646,3.1387678221722126
305,0.000883553379302405,3.285491155542761,-0.5391978118300266,-0.6187688397516687,-1.61295141498738,-0.11391817200146284,-8.295319922792148,0.3711983129989166,-3.0215361032494648,2.990921761702966
306,0.0007608823913241092,4.065224173492471,-0.5397474871430181,-0.639934560472293,-1.7316716804147196,-0.12837303761972071,-8.802470577606085,0.30273351140133165,-3.388872081533473,3.3702607312973707
307,0.0007628115949175857,4.9885052196552495,-0.5360186726825518,-0.7451244571614462,-1.7905449704522673,-0.11859716836409123,-10.214642126968632,0.284533286663234,-3.6207028330704074,4.049717454629514
308,0.0007156723910593662,6.057995674087949,-0.5173613241261239,-0.5449155504588568,-1.7224633450189795,-0.13357757170503676,-9.561409348836417,0.4273239561737034,-3.6191597214259215,3.883361656253982
309,0.0007063964154111712,7.291028121911065,-0.5398581233620817,-0.7628249122872914,-1.7752826464889815,-0.13045298831925745,-9.906397024587402,0.26532511237330264,-4.17735091029489,4.16585881083642
310,0.0006648139722183182,8.9977972320268,-0.5469883471630109,-0.7682753655251975,-2.0108309756281155,-0.13031232565837353,-8.969707144544058,0.33960591846261046,-4.562941235865848,4.594006298641775
311,0.0006264757516423998,11.274642118694038,-0.5349869346127286,-0.7867230008316763,-1.9880269424961303,-0.11311044068711479,-8.716129592485078,0.5428968348871333,-5.062690987792601,4.711958695462071
312,0.0006405527994943175,13.295714956777397,-0.4491178664893968,-0.8876189139683401,-1.5524136957172219,-0.11101895454259911,-9.515355088909972,0.3270393980338949,-2.609130426378182,3.0806749996124667
313,0.0006376970344187851,13.249188935166174,-0.5882473535058321,-1.051529886231441,-1.5392222575223902,-0.04364280852865896,-3.9554369661141253,0.45128857591207994,-0.2649394799689766,-0.4707702389527606
314,0.0005520837846688935,13.964269905334417,-0.5094645453267869,-0.8657262940320383,-1.705893227708966,-0.07452898462761665,-10.380707211450552,0.7811666464500988,-1.4918738482071037,1.7721717123268839
315,0.0006496869604300997,13.172902737160795,-0.5277079645793418,-0.6046947026006256,-2.0462687264735178,-0.1266095601146751,-14.25043278897742,0.7441012594955707,-5.100706706393453,5.636372545144187
316,0.0006423405048548038,13.591059969362282,-0.5145605743266549,-0.6391203338938544,-1.6994917192397763,-0.12358520321528743,-12.453889587661685,0.5580486380405006,-4.905419907638372,5.43861915556581
317,0.0006540285554392366,13.540275196587782,-0.4904254537096311,-0.7143965714458373,-1.6705115652645688,-0.09235169008864652,-15.081729836702785,0.8335755683247159,-5.9729335313919165,6.4272746874390805
318,0.0006041429471894305,11.562335484228802,-0.4500695975044393,-0.32016379911018816,-1.3875971299848504,-0.15046867230488778,-8.438457544435916,0.5455620809487136,-4.5788058643977205,4.279325309453174
319,0.0005870451932434918,9.69924616540291,-0.49199744212329755,-0.3664969006325455,-1.6214088327943368,-0.14629451387044043,-12.89287486571025,0.71175531780913,-5.530999154235497,5.658620996616117
320,0.0005783614414035089,9.198886519895607,-0.41867450870112044,-0.299312796289508,-1.326980484922137,-0.14335909932186539,-16.60952726516316,0.739708854559824,-5.3934483218762495,6.4924413736840405
321,0.0005879731394745945,9.601686496261623,-0.49694582789071773,-0.45297653313926295,-1.572827284039411,-0.13773868220280358,-17.047465270298126,0.6096213369055308,-6.650071459464926,7.137128851648745
322,0.0006047627723416225,9.132433947209798,-0.48536974114601367,-0.35277668070516466,-1.6838133044584838,-0.15711924962618884,-19.05680427382533,0.6209819447318575,-7.308759557226898,8.161187105347475
323,0.0005718229417625291,8.534127748993813,-0.4613004369944926,-0.27934077620581527,-1.494310418833581,-0.1627205003376164,-16.463650601651093,0.6333926996473154,-7.082953008265829,7.114084411083983
324,0.0005920227929269317,8.275697689596429,-0.4731236049685713,-0.4810925038509337,-1.609097737403256,-0.12870426355128523,-21.501821652843596,0.7932098468295269,-7.150891055565627,8.653563297113582
325,0.0005822248686088965,7.5135974941250305,-0.47318394836785693,-0.31437396814530705,-1.5864892570943798,-0.16141556613694152,-14.426947381725599,0.6336529749018237,-5.9145724895935885,6.273352550376647
326,0.0005915961752963871,6.738567766911776,-0.46360646898470304,-0.47365574642952657,-1.603082890895057,-0.14345461203055687,-16.138881814682023,0.5861555087149699,-5.378884997172383,6.592876428464069
327,0.000576440942678285,7.144201970806427,-0.45171907671817974,-0.20460303005987007,-1.4730121343798657,-0.1671736647400686,-19.574544265980787,0.7083690592667669,-6.915798341742962,8.395776504499532
328,0.0005653674956723871,7.380974347731363,-0.42925017124960435,-0.36768233837871905,-1.327437093868362,-0.14283858950560413,-14.413491574852848,0.6234962108741356,-5.074081517896419,5.780466551293966
329,0.0005584300258223067,7.278276193751059,-0.46868780699804957,-0.5118436549227773,-1.422084567813431,-0.11449645129665281,-19.507535744580167,0.737081732207379,-6.248101229144788,7.751437163906313
330,0.000549435791096565,6.890736318042203,-0.41171078048387405,-0.19641879106304636,-1.2672725100100457,-0.15551495072578203,-15.642375324035465,0.7494995661417084,-6.087337005587763,6.873912050234541
331,0.0005560071617535872,7.066249710226945,-0.4671971901315415,-0.46806616465198525,-1.4033934068970568,-0.11293067691378181,-18.87413021436585,0.8112450361318542,-5.955648810674916,7.315499094833929
332,0.0005473984415396531,7.535745208246952,-0.41542619624708854,-0.3222632425903415,-1.2561916776023265,-0.13508863389722398,-21.016599340882287,0.7756849578893252,-6.557642472378946,8.288804924001433
333,0.000549713159644937,6.2978440244516145,-0.41448107414965274,-0.27530890564755095,-1.2612933533206612,-0.1454326685232466,-18.62591061664485,0.717156386371637,-5.96445029128999,7.543993572191792
334,0.0005473407353094881,6.356532711078196,-0.4114925607670766,-0.3333918531517082,-1.2818544325946308,-0.1366497701985517,-15.750494525905104,0.7731350190767258,-5.343662193418556,6.092706552412927
335,0.0005484720038739402,6.0590385389736765,-0.41661086528482366,-0.44364066637830996,-1.2681023926642552,-0.12156080060611964,-15.070467775044966,0.7203544720075117,-4.883839993688695,5.825335155394475
336,0.0005532006028286957,5.556362481993611,-0.4228651098649703,-0.49523615409254285,-1.2501767087061884,-0.10954788850193001,-18.041244492132833,0.7716483057188609,-5.077806359788215,6.584412804224718
337,0.000546343398438699,5.468291299630088,-0.4144031178827811,-0.31115575343734625,-1.2650144954393938,-0.1372534435251071,-16.93154418622597,0.7980486351477007,-5.87207470104462,7.165792908940605
338,0.0005404571046855703,4.95065937792841,-0.41905776493453134,-0.19979914255156392,-1.2966422575498644,-0.1546652872730985,-20.54697212260763,0.7895144356047813,-7.171031671482563,8.720207139802788
339,0.0005459937816395023,4.471127881475631,-0.43789734846919603,-0.480221939460785,-1.3268518997072944,-0.11397734862775968,-18.3430830926555,0.7766880769213163,-5.132208237340344,6.626846918770539
340,0.0005430013327523102,4.46968748501984,-0.424335444841347,-0.37165577188633653,-1.3174348321400784,-0.13242376881196433,-17.828000226253053,0.7714524302209551,-5.039869028305921,6.418876372491944
341,0.0005426058633526301,4.897650520768185,-0.43251282769188054,-0.35562440309096544,-1.2895075970424477,-0.13159830836286107,-14.890775192887311,0.763372855970037,-4.781391855279608,5.531703640731186
342,0.0005475265499580395,5.312261319624769,-0.4392018943679967,-0.34976327072239555,-1.2755663595071849,-0.1239616310890044,-16.65195088278857,0.8793267583174849,-5.011478034167613,5.915161884853743
343,0.0005439898945608157,5.836183474905576,-0.41381191790164723,-0.31720471050705346,-1.2537002813670974,-0.13277143209894077,-16.016026853965723,0.8736679245548215,-4.64423196838449,5.635242912801993
344,0.0005372857755386846,6.6312536033881635,-0.4294665472577234,-0.31669527293173066,-1.299795650217455,-0.13328177707167535,-13.844141980068933,0.8748394124458931,-4.989007965901885,5.54077946876372
345,0.0005294560544023253,6.652743920334637,-0.4158730144178564,-0.22639044321635965,-1.3044750913227112,-0.14983026231876292,-14.404493864586522,0.8664080442567574,-5.294422511221046,5.828325657990158
346,0.0005336874639139668,6.840357657293063,-0.40857286150017597,-0.25859731756892107,-1.2878566764327892,-0.14764916206959489,-14.38753159387753,0.8182078939620783,-4.390975802801613,5.381025704800076
347,0.0005408858378375711,6.35947554342394,-0.41513284373205256,-0.2827885507904598,-1.278141549319836,-0.13786125251966266,-15.000284274934309,0.8954849797885543,-4.564362790591382,5.464352558907674
348,0.0005319101273301513,5.610341352893875,-0.44043810016125584,-0.3330216624928162,-1.3372772997690634,-0.13056460944067483,-16.88696520169389,0.9086300276450597,-5.2348364129627125,6.4499560211336275
349,0.0005346873132191033,5.3094113038455415,-0.4232489580935424,-0.17368198855747577,-1.3050291842157153,-0.15625047803832168,-14.248881858977576,0.8594740417560868,-5.881575691477322,6.345925860589798
350,0.002871940202351826,5.856261157473486,-0.4288800636862997,-0.19970204624052423,-1.2805297657516828,-0.13936410840990368,-15.265618020783759,1.0427127386219222,-5.070148362865761,5.543753672456619
351,0.002648108776753492,7.115336270293656,-0.4295457634839945,-0.10037933194149838,-1.2454095195780428,-0.14878236874516265,-16.186785632455035,1.0072581760978885,-5.998161701166365,6.478190234387652
352,0.002381860954073522,9.184357793209655,-0.44398778558517066,-0.1164176670226643,-1.2141399220735045,-0.1384775186816613,-14.113049602388502,1.0492263868128033,-5.532134977877208,5.778898424824197
353,0.0020850783817631664,12.430935690736556,-0.4627095118942388,-0.15679006948060648,-1.2327561881325084,-0.12013964695035072,-14.234039476930235,1.2268380732447368,-4.134107643798415,4.4959586567347865
354,0.0017969749642392798,15.679722566398953,-0.45808961550567745,0.07376307011548727,-1.1736268831129468,-0.1437526504963532,-10.69675521571882,1.3182488385245785,-5.655494854197861,4.278759381084145
355,0.0016368435346679647,19.335824653719488,-0.43916195489476156,0.40879557942334566,-1.0376807555331118,-0.16795484667569527,-13.32319028282695,1.600614079276102,-7.1433740786137845,5.667828793830728
356,0.001160500798332692,24.109768455345428,-0.4384849406462883,0.0047896656038458885,-0.9762731195428125,-0.1008316092201561,-8.20725261265105,1.6085274645158671,-5.588825711036699,4.002181815908319
357,0.0007741008240302673,31.72758326296406,-0.4632002489459891,-0.10057160879200919,-0.8138570199560576,-0.043955883522610734,-30.481531490078368,2.0783912555580284,-5.740034388815538,8.182756285838845
358,0.0007059712913457415,38.86208284797136,-0.5323491726149521,-0.7660917512380429,-0.8244470597486961,0.06482202121233197,-33.49532723094262,2.219399268265568,-4.842156815738824,8.23144157631702
359,0.0008423277725024028,37.42785141261392,-0.5224231605378419,-0.5474365037960812,-0.8411341071008925,0.022016200197975018,-21.76955700098399,1.9065119011090605,-7.703698996540953,7.131659812874349
360,0.0008178133712939404,36.21464726178328,-0.6159891994188623,-0.5696952657927776,-1.0215920008929884,0.02285676345927866,-18.924572885080195,1.8230304853804167,-4.649037922372695,4.499807878181452
361,0.0008517482989476588,32.38531081945221,-0.5059683025437891,0.07252718564360583,-0.7888945900451765,-0.04873803622929265,-29.215948475234807,2.255231744383176,-7.369799829288069,9.52306558810052
362,0.0007658488795945108,30.771523150001364,-0.46590690148977876,-0.1553862825705629,-0.8180357359068198,-0.03589242747053807,-21.635405615263128,2.1713299354716478,-7.319394613932878,7.430564120823021
363,0.0007284087063387547,28.274487393645874,-0.56940234215571,-0.5778896215425084,-0.9537789958828315,0.02238678748042989,-22.586495471389785,2.008912607446765,-5.502676531109132,6.644260577508437
364,0.0006737336056828749,28.571311561865624,-0.5440648140672921,-0.9900447389902574,-0.8659250737067947,0.08010086249475791,-40.128423470843046,1.9213290348137742,-6.279322120149526,11.00265139776084
365,0.0006791500408036831,28.802940029863578,-0.5863558488260256,-1.188331102467684,-0.9682840788398431,0.10384839542686719,-37.126404834198176,1.8706653742651183,-8.03098581969314,11.878790011861579
366,0.0006775346557331289,27.83898664606331,-0.539980087288031,-1.0185633181519982,-0.9170588310796082,0.07758540647882489,-45.606275383469566,1.990188792035239,-3.872647322101057,10.32442402415312
367,0.0006688364086627792,26.80496666749693,-0.563413306929101,-1.3845309571023925,-0.9354401855534576,0.10242643653297771,-38.58993197800767,1.5427741867592557,-5.782482992673463,9.521796080460698
368,0.0006402981019470054,27.681208159453792,-0.5735005904480461,-1.3753267085801701,-0.9356562654101291,0.11486457047838836,-41.60777310996935,1.7235064309147,-3.9581720427755185,9.109865765445914
369,0.0005610738694718641,29.64007440276677,-0.5152428138273911,-1.383443297630876,-0.9101160920914602,0.10647836264682568,-48.68183720742919,1.5992319626224551,-4.194767910574272,11.12403569824971
370,0.0005975772241043169,26.503664741324513,-0.5417439533732185,-1.4180031330523628,-0.8757873428243673,0.12355981227110556,-43.88783682114176,1.5350571515959412,-2.90559414666268,9.445314932642182
371,0.0006112826588878443,23.96686806647984,-0.5613338752252326,-1.1371555176521047,-0.9127911523655007,0.10739649575526904,-44.946844176026644,2.0511777344828745,-4.461751115479554,9.942226651456036
372,0.0006134580110249275,23.774766827688737,-0.5315821677277148,-1.4455857116987187,-0.9281804814286297,0.1145277537944921,-52.50942566404854,1.573323438432942,-3.949989462814285,11.98915970226403
373,0.0005837455246239319,21.422571641702756,-0.5385327785699572,-1.240473843246556,-0.8707989207756174,0.11404558716230066,-45.577097917623874,1.8769570527447454,-6.306078463967733,12.137967475636989
374,0.0005941887824340083,20.550819362593458,-0.51673121154966,-1.3293530835359555,-0.8535794619684145,0.1165511090780939,-43.58545538431346,1.6842806827951973,-4.734086273785336,10.899335473005412
375,0.0006013984011039728,19.098010547164428,-0.5436828680625305,-1.2681337214890682,-0.9222874452961456,0.10273620830117737,-46.93259226828569,1.6690523892000233,-7.624222641370075,13.324204929249202
376,0.000605834855819182,20.40123282779926,-0.5549647563128599,-1.352497565018879,-0.8839381612247468,0.12772772638453497,-44.67694190773083,1.7960247824261588,-7.14360633732107,12.36082304155885
377,0.0005676178009134387,18.377480781575176,-0.5307379655750726,-1.257625888556354,-0.8970552928944256,0.1086882191617423,-54.969853787118616,1.8565392701536287,-8.753873340459684,15.610608568020318
378,0.0005943381191576182,19.150175580732743,-0.5225441588036763,-1.2277491813155217,-0.9201773610723818,0.10115766539522758,-45.16587611039482,1.774412506846235,-8.163647097071092,12.855493961421988
379,0.000547164064579012,19.13207497062967,-0.5093035028753197,-1.5285497415719922,-0.8460821396684572,0.12837460386546376,-50.86857369860509,1.5132345854478,-9.547775126525343,15.773548704579209
380,0.0004936793111024428,19.35909029619766,-0.46994244361682846,-1.5613069327977893,-0.8215472557755498,0.13330410788664593,-54.57587396956557,1.6594694871048588,-8.525341434348444,15.95241126103226
381,0.000548511839836812,19.162365373710593,-0.49433379432382024,-1.3517849170594993,-0.8836426948433624,0.10957577642913749,-44.152082301813515,1.7284325548894641,-8.327114403600444,12.213753222128716
382,0.0004983201680489454,18.24539361033646,-0.48587772458506684,-1.5269863866569524,-0.8206873430771283,0.13731262012003234,-54.45854430282604,1.6652130645994347,-8.354335327744035,14.670236453532635
383,0.0005240538921432115,18.211799886927793,-0.48816039081384466,-1.6024718761627623,-0.8418243799441171,0.13277782793062104,-52.960912832640105,1.3390318481225887,-9.470405531833716,15.620568119489059
384,0.000516530242343678,16.894611741106175,-0.4800662169205453,-1.695885073401457,-0.8563468134679816,0.13096265040349303,-49.58390944675623,1.3433046517197176,-10.039342713098636,15.754828391660306
385,0.0005085348188789176,15.663088407407033,-0.4910852565090608,-1.4215096925698185,-0.8568113461431325,0.11910366820273871,-49.50700070184943,1.6786940131599537,-10.206304497788105,15.301555415096825
386,0.0005168445845491555,14.950349939407154,-0.47767791691766054,-1.6206465526625036,-0.8550827080996342,0.12950149598427427,-51.0303034180437,1.456090267474814,-10.886229013307428,16.48194620154149
387,0.0005051877012761635,15.537064541637493,-0.4582439306956384,-1.6438564101869393,-0.8204736813265324,0.13813745032919547,-55.67797025063756,1.6410069241654524,-10.533903219866028,16.645727296503807
388,0.0005051492597326521,14.973824952177692,-0.4820832092920265,-1.513600576272525,-0.8248340118085224,0.1311638919393061,-53.54097154032098,1.7195467785333505,-12.834533850065313,18.119541323126
389,0.0004848471678316994,14.458301773733776,-0.48410199230669343,-1.621721667241091,-0.8274151249605806,0.1386641504258604,-52.476546490483365,1.6138608938845045,-9.135259524944079,14.636273874997507
390,0.0005066133029924911,13.84731042570135,-0.48267849142257635,-1.510149555046154,-0.855514263809528,0.125252300467655,-55.09510923217147,1.6932792828868715,-9.927819808399285,16.671724330154174
391,0.0004762776875905143,12.639804967479147,-0.48643761067018343,-1.5213383192204215,-0.8360707429898449,0.13202848593290775,-55.95466722817105,1.767346697079954,-12.080088265716554,18.20320120602925
392,0.0004782008332442006,10.953298660641005,-0.4832131944541192,-1.5791509671402673,-0.8340801428136502,0.13429461696789738,-56.44712686214988,1.6917086016121063,-10.99003354986873,18.044711473493106
393,0.00048465911737315836,9.80646016192699,-0.4720692507553712,-1.5813445005405167,-0.8168285541903578,0.13705863379905173,-60.40989102626254,1.7174617092614315,-11.143089700928904,18.11682460546983
394,0.00047652126171745173,8.599798184912867,-0.48546122992929747,-1.626491552352565,-0.8212882248463041,0.13927643723177044,-53.895794767140835,1.5794010834906007,-10.187472667114932,16.49705111682964
395,0.0004786631207848497,7.50257674454369,-0.48196439585054085,-1.6186169868639595,-0.8268530360212638,0.13641137608076798,-54.689065350474124,1.5378118486949832,-11.623231175550893,17.42972029623695
396,0.00047659502052035035,7.321169066693558,-0.4898568734587048,-1.5671236408772966,-0.8301802940839725,0.1352960806886411,-56.823848462941434,1.603176326980879,-10.933651956789355,17.524918259912326
397,0.00047382522599105994,7.307283481062106,-0.4861998561357818,-1.569588606251501,-0.8285315107049515,0.13465725898196274,-53.92756973428051,1.6060415163179265,-9.756095799169007,15.999187710555372
398,0.00046928811624128157,6.967839701320776,-0.4936237548795126,-1.5502771472032373,-0.8396009566856167,0.13151881372402346,-51.925457818012916,1.5753442287666757,-9.588255550913212,15.808086901340793
399,0.0004751230803280751,6.954424282354602,-0.47453677969941427,-1.6188101586152444,-0.8124198922069934,0.1407531316027053,-56.14886407399038,1.6006188404350097,-10.363253043579247,16.764671526658656
400,0.0008899277858743783,6.394480890553348,-0.4830435048617367,-1.6095286325559295,-0.8182319300836636,0.138242530990668,-53.704103399270494,1.5603326897439083,-10.21323616235113,16.294505929402213
401,0.0008901433622140571,5.943613132124565,-0.4879459273416804,-1.5620112634855923,-0.8255898748643953,0.13470717295654522,-56.60613865588771,1.6201440487019594,-10.590505584483934,17.35607031263402
402,0.0008791805413232885,6.158309693689389,-0.47578874225121626,-1.6493046564683775,-0.8070183606013624,0.14180703182765098,-55.972014737553295,1.5610922537053629,-12.045510425139117,18.20826165905421
403,0.0008694452369859292,7.201097959412899,-0.47562697478532473,-1.6189344860259558,-0.8034503996855729,0.14105771672125492,-54.858291648255104,1.6029250685921532,-11.891014505954336,17.731285192796378
404,0.0008549306509041882,9.014034355221789,-0.4687288559920021,-1.7123036365177653,-0.7840105274733187,0.14965179916003668,-55.90148633536612,1.5434373266674841,-12.096582016855951,18.239791270971732
405,0.0008524435039676853,10.915680462182747,-0.46528090293440616,-1.6548668664867814,-0.781654242293529,0.14859437945995368,-54.884600507650795,1.6847183287358538,-12.391975008048403,17.946821992034167
406,0.0008493482389423576,12.808420734684422,-0.46761703968748,-1.63086575625203,-0.7779826443446953,0.14847630283804403,-59.49710370973009,1.711526173054402,-13.368690790804832,19.54618451313747
407,0.0008551470107358738,14.150592983241147,-0.46154091369461486,-1.6607071844629115,-0.7700602732273272,0.14869026035873695,-54.118738072705014,1.5933467438591014,-12.936463213476397,17.93893695136222
408,0.0008214771914498314,16.64491802217206,-0.43876489680961345,-1.754365078376547,-0.7169173652365174,0.16396418083915104,-59.54948492608276,1.6371008326129775,-16.36901845399777,21.740666754870148
409,0.0008155808780495085,19.233955364518664,-0.43028711708483147,-1.7897574887130463,-0.7142459405899843,0.16201173393508564,-60.49192750874745,1.534221133155175,-15.372790161024723,21.58680670999791
410,0.0007814731624879106,25.46333796132865,-0.3931308707063441,-1.9853760828534535,-0.665192553831341,0.17496315342847626,-66.2315812253064,1.3557753619542332,-14.986086939612095,23.656467096268187
411,0.0007968160130184128,27.936334958221853,-0.38589302600902514,-2.1091256980657835,-0.6360449847125316,0.19200331250048344,-68.31446281136,1.3620349573436135,-19.230486081137038,26.886079965847806
412,0.0007638161120973508,33.297987411370684,-0.3324817615094782,-2.3265578491248387,-0.5392187168468767,0.2154294617896105,-72.37958935954106,1.3129288163456287,-23.288752337279583,31.46237000846217
413,0.0007340263571980632,36.55925160460355,-0.34834394249671613,-2.0886050910568783,-0.6054854084164764,0.1906709538730799,-71.97093124683732,1.4390580092804655,-17.924537203306407,27.083426196665627
414,0.0007223692010601162,42.70864936420629,-0.3190284709643734,-2.284537021767462,-0.5591307083511934,0.19439462165014176,-71.82004708555044,0.9417385640938003,-23.75885618850135,31.271643872705223
415,0.0007357861870084074,45.08617387379206,-0.3080755714617688,-2.4926144459790254,-0.47910250228947127,0.22692844927684636,-71.91901949938999,1.0169486081812489,-25.019962495876545,33.130552557920346
416,0.000720335572443113,48.41081599084884,-0.2367108508947673,-3.0167834707119625,-0.33974031107728037,0.2748715876865983,-103.81488686415933,0.7840264229600489,-26.90344999226511,44.214658408105805
417,0.0007301605703334119,41.68884500948382,-0.282980540827079,-2.4230292069938564,-0.46084304685707494,0.22679946108442928,-83.84219085743354,1.188082980377136,-29.159612647666552,37.58899426949821
418,0.0007034561842777281,38.74003405339979,-0.2502522646322126,-2.735611263277066,-0.40907313904334464,0.24254184950603386,-89.38129514170669,0.8077152877574187,-26.941232471923115,39.564076650918054
419,0.0007594168769177001,37.85735419255112,-0.3425642248757704,-2.305654152055077,-0.548377516229433,0.2100271293649401,-69.1803048045485,1.1289476387048654,-19.183064796365148,29.483468129107447
420,0.0007017460012409836,32.58545243840701,-0.3299932754013609,-2.307884685503239,-0.5606880137487564,0.20378324922770272,-80.05257513683635,1.274169772815976,-19.142212762383675,30.42805827379184
421,0.000720759139541472,28.323287711015375,-0.33407500100218634,-2.198291770886829,-0.5718585675385472,0.20249531212000998,-77.32525311445383,1.497405865349167,-21.14088452015963,31.156968576618787
422,0.0007081639563485094,23.57157302961634,-0.3295259043823317,-2.265199941750479,-0.5615945539495493,0.20081602318792593,-77.08600748589947,1.2350054859130752,-21.080594372846846,30.721711278798455
423,0.0007160218546069984,24.638648945689283,-0.3430455949574772,-2.1818750537692635,-0.5703368353204198,0.2035081914151537,-69.1145774527776,1.4642230117111208,-20.41605998667581,27.95869948320796
424,0.0007165496786097664,23.93493183161974,-0.3390794652456013,-2.2095923075206327,-0.5748464339684345,0.20039724301722533,-76.42680713151518,1.486450025377256,-18.606815856839294,29.135755864319307
425,0.0007150707320040394,22.957767787018206,-0.34342423099714187,-2.2063507260554496,-0.5738180351491279,0.20316048923307342,-76.82425716118213,1.439054185199452,-18.47150859448849,28.827065248864127
426,0.0006995128692778912,25.263055999291492,-0.3483763916202661,-2.00451071031348,-0.6178294158871664,0.17840158662999092,-79.89757007610866,1.360700992310555,-17.76760066747365,27.828655982851025
427,0.0007106346930100626,24.55677509844695,-0.34588069447948633,-2.060174056132145,-0.6116987932162462,0.182272035084462,-80.0300677791938,1.5494998990236828,-21.125067042765732,30.548370288657615
428,0.0006965770761872101,23.919981789298124,-0.33505512906976825,-2.1407478860892315,-0.5834659172882097,0.1949023733205645,-83.48624582405265,1.5636769843020413,-19.505374625788058,30.293636970193333
429,0.0006947399414485535,21.213557158345903,-0.34149887149422015,-2.0315259449050345,-0.6090784529159379,0.18084517766353864,-81.56774928095825,1.4218376762446001,-19.56558409225695,29.546110698555182
430,0.0007050503657477598,22.223120571666534,-0.32576693830583753,-2.2128342452314325,-0.5736537721342455,0.19500311135535006,-80.18767362514386,1.3720502402320163,-18.951914166611022,29.64787220031462
431,0.0007008366542720593,24.66559457422352,-0.3158488319772976,-2.2677705249192615,-0.5674695021322635,0.19504119187006871,-83.80557949245045,1.219967797188833,-21.43766455456481,32.638323400914146
432,0.0006991945355886253,24.692236816318008,-0.341504498008703,-2.1466093785581464,-0.6030480909910039,0.18459711584079394,-84.48004167687223,1.3596825086177113,-19.66027202782934,30.754217123987534
433,0.0007095734890692866,26.968474771337537,-0.3099349947935487,-2.347095511571847,-0.545226824136715,0.19982331052050553,-83.66824979475773,1.0242848747565498,-21.483587711776835,33.072697261508154
434,0.0006997766729931383,27.968696689396992,-0.3227641749403443,-2.3098598347544184,-0.5530470567968248,0.19697570712186643,-83.16963886523982,0.9787589551108054,-22.288090832368997,33.355750978724814
435,0.0007017810661133162,27.493514772565533,-0.3176902406253543,-2.2597213930470574,-0.5767893316833705,0.18804839717231062,-89.51915183499904,1.1347571758168353,-19.011926079618846,31.586654145974524
436,0.0006784221899792185,27.348180347096566,-0.31164099175727045,-2.1731181071718604,-0.5833058370417064,0.17832550533532057,-87.29427513475459,0.9965494221613311,-21.374089141230417,32.97926063982539
437,0.0006970743459650097,26.961141577387753,-0.3145110506781842,-2.252227109991963,-0.5854124600835714,0.1854097266701918,-86.91235262731465,1.200705522477873,-22.416805472435286,34.05271373892487
438,0.0006917664039198588,24.686436447278638,-0.3285785819944023,-2.1044236158799805,-0.6098670269926898,0.1803078305032729,-78.725763477208,1.4123628282754468,-16.83939565365168,27.281183885549762
439,0.0006945827047645412,24.462778476059864,-0.32458885317112124,-2.0767048478635384,-0.6050525854783089,0.18149849830988404,-84.59905445661413,1.4992493094655448,-22.122786344216717,32.36210403617481
440,0.0006849316213158727,23.608406778685882,-0.3281140457786361,-2.1435180953253195,-0.607455175792236,0.18156229076160332,-77.63902217796917,1.3736042623403888,-21.999448916844127,30.588187535550976
441,0.0006916373030817021,20.219223522049194,-0.3088847346928354,-2.2642170191266477,-0.5724538957468946,0.19132051229378966,-87.3180571183805,1.2647616275014804,-23.91027506342231,34.5624860011351
442,0.0006878694871095073,17.939531502751834,-0.3237966583289222,-2.1235654284334666,-0.5986564471411694,0.1824043390179193,-82.70056924465979,1.3149466812788202,-21.85091553591369,31.77806146639239
443,0.0006937532935456168,15.31162105337216,-0.31395485305478676,-2.2410900666741584,-0.5748449595235583,0.1864565116714205,-88.2503540936769,1.0892823148033501,-23.909621736894948,35.109276108300456
444,0.0006936754426845693,13.657424339241718,-0.3153626204867517,-2.1791502519195665,-0.586702074724197,0.18336055191656758,-87.21944962183892,1.2309317385321248,-21.88521821137619,32.95450888886639
445,0.00069013938355323,13.732104591517366,-0.3193454243438515,-2.208175135572903,-0.5877106206831072,0.1864919884129022,-86.1306788276474,1.3111634436497828,-21.023427701997452,32.45123389441416
446,0.0006950130680619926,12.957997283362023,-0.3151592719107953,-2.217881835027522,-0.576477109596344,0.18950424354200288,-87.19196469252216,1.303644290348083,-21.73514264122448,33.126364784522245
447,0.0006873815315643008,13.044975150890092,-0.3235403891766974,-2.1989385389843137,-0.5977363368413121,0.18364506538950112,-90.26222431444654,1.3144279761845512,-18.636972048236444,31.90101656142005
448,0.0006931279602966373,12.465605816302938,-0.3160185161089817,-2.229268535448538,-0.5834512307464015,0.1863613050577247,-91.83773074370791,1.260192184344041,-21.46293952600479,33.960313140065665
449,0.000690910127042327,11.439226034137425,-0.3129913889957336,-2.22271096227599,-0.5744443821669493,0.18971340630951697,-88.06813787162302,1.3061671469700622,-22.919592365559353,34.54442703514085
450,0.0008796735060149137,11.506299861940908,-0.32765642596467964,-2.166006279088525,-0.6005928566028125,0.18414348198321118,-86.90315369535963,1.3782899390741596,-20.466017211822226,32.20527579046501
451,0.0008634223173435544,12.657944911798051,-0.3277086763383979,-2.173275427761637,-0.605662287358006,0.18154188118168704,-94.51917751508881,1.3495146098156465,-18.15483915515788,32.639662740419844
452,0.0008476236006682179,15.220574960003116,-0.33693512812031834,-2.1518920792951968,-0.6243610899168607,0.17721835514735784,-96.00723478432255,1.349435602717684,-15.316657935937767,30.964447283182086
453,0.0008361999304023044,19.691945852472898,-0.34105461741057547,-2.1396911828619976,-0.6284702313712406,0.1768836742565358,-93.09849044820818,1.2949024822286397,-14.866487849182539,30.042701393180018
454,0.0008081575971850411,23.314759723402478,-0.3476502171557217,-2.1425549530249297,-0.6458644471287518,0.17417826895320487,-99.36881739254852,1.371541549448639,-11.28831792799429,29.219676560209294
455,0.0007800958344963085,31.63084628466152,-0.3519276010058065,-2.106877573666076,-0.6661710960441918,0.1687591877671439,-100.46417292897681,1.379427123460871,-8.547683771767694,27.610475909111592
456,0.0007530825076321367,41.665099072112696,-0.3738672278960974,-1.999551223418817,-0.7042188289750368,0.16621173850772383,-101.17761236104289,1.7864967509732863,-4.494512682406174,24.722840559896117
457,0.0006973670447238966,46.72384666654701,-0.38593955351609116,-1.9948504464324885,-0.7218815354043838,0.16372752351141984,-89.38143691912222,1.7429702403728315,-1.8350347986370599,20.32050006292996
458,0.0007140928574140149,46.20565185366735,-0.39469976031843457,-1.9419818425734503,-0.7456906662122238,0.147073066474107,-103.79096895624438,1.3745243474968907,-3.9362147950661646,25.475245464979146
459,0.0006527644431254498,49.928818079360134,-0.4115515216819851,-1.8455467601825695,-0.7795071508296813,0.14287658474384973,-98.20753375374221,1.7195414493052235,-2.2656565022279276,21.407978121366092
460,0.000694241222699625,51.26731594671242,-0.40824048836787724,-1.8325083913970455,-0.7741316186514566,0.14147842282731377,-85.48138241027917,1.5154919138875251,-5.571751299758802,20.408340646449012
461,0.0006622999601515454,57.90403236032505,-0.43801446215078144,-1.6949795526269504,-0.8231197514389292,0.1374791784746339,-79.7697328164684,1.9133147454197004,-2.057820364046173,16.235947808966415
462,0.0006713245044556921,67.64388645872748,-0.4138085655852574,-1.4940494203835728,-0.8168529451538057,0.12058142609045425,-71.02902109038013,1.7404677611073514,-16.53036233249592,21.716180063930498
463,0.0006129793895191518,77.84392432043026,-0.4369676785227952,-1.6158700116738713,-0.8658851748419226,0.11165776162279899,-85.04046174731516,1.5553700106032669,-2.7335036934282293,17.40448976683035
464,0.0006107562943557741,89.44942181351347,-0.4302687536570385,-1.6695494471768786,-0.8709087748213356,0.10062613242665847,-86.57268606159458,1.1180383282282196,-3.4057200029522203,18.4292725686602
465,0.0005944947864543527,91.2037972845582,-0.4693553253519623,-1.3892628779528298,-0.9201275749340231,0.0955387606538094,-77.67060255703106,1.8236191014528687,-12.333045611897898,18.83747854423201
466,0.0005849594410040208,98.62729346682353,-0.49464782425405673,-1.2607947546549532,-1.020218750123847,0.07204814741063169,-47.83707561442334,2.1286232146768587,-7.96019357292934,9.803794119146229
467,0.0005802821966645541,109.81701242054311,-0.5184347048299457,-0.9976838140203921,-1.0824498570575842,0.031820976037673566,-46.97588816045434,1.1040066169089635,-19.451260009546672,16.086767176247807
468,0.0005643608258443443,108.66694633208837,-0.43677211188261594,-1.2220430046695636,-0.9410214356374513,0.0679901409325487,-89.31712532217706,1.3234572493279289,-6.48344376644568,17.141418213079003
469,0.0005461257968582241,107.81982821664838,-0.46600938519020024,-0.9770943977102744,-1.0413961013133555,0.028624629653161718,-78.95059106248922,1.2723194762599288,-10.450122172961565,15.704390837697753
470,0.00056283631016988,113.34019158245025,-0.47609038171852275,-0.9807435779987994,-1.0580486208969417,0.019998191662320287,-108.18734606398448,0.9791204954400888,-6.843270919734086,19.767639464436165
471,0.0005798062543989893,101.32646607177955,-0.4624301648561026,-0.8722770244628114,-1.0293409426516835,0.02441481262459414,-100.67039491501649,1.1543813995883823,-7.6228316448811615,18.499011433396298
472,0.0005373826284433261,95.88542602563201,-0.47260250865500325,-0.8395588062294201,-1.0814010780687704,0.010881147303979322,-82.62851471623708,1.2491632398165455,-9.162959788629154,14.799296866356114
473,0.0005378664893620157,88.66660383802112,-0.44027243637652824,-0.9521407433115449,-1.0142103305571926,0.019427297473042414,-98.82258651841465,0.9568403527393516,-16.691482813979434,22.566340061802677
474,0.0005492099360884491,77.13127496731558,-0.4251446069523328,-1.168780002826944,-0.9461345356082559,0.039517548400684874,-131.60604365231848,0.6396947396403425,-8.66142068620475,29.405053846582774
475,0.0005276684550510444,68.01155924309107,-0.4615158101835926,-0.91531453258704,-1.0181330771918469,0.027136908615333914,-105.19828694605866,1.1920305750035032,-12.141634731531592,23.902976686830925
476,0.0005421485433262352,67.57713564053724,-0.4568832262115559,-1.0019447706128168,-1.0118140219861067,0.03919317645532348,-110.42688169630219,1.5220104018600022,-8.002653424168528,22.430698242296433
477,0.0005205886250432392,66.68549564551277,-0.44849224891405115,-0.8452101653408775,-1.040821497857726,0.006497945017630208,-119.80369275464298,0.9586724046519983,-5.157228100077219,20.979058931601106
478,0.000541175000996896,63.24048665517654,-0.43967636833558343,-0.9231531216024425,-1.0023215120430566,0.025634155400055803,-128.8867719078273,1.2538606793900968,-7.400200877886951,26.186157030346273
479,0.0005471250052761735,65.97531120515876,-0.4344875033679344,-1.084048308664053,-0.9706516829735686,0.048418056420830954,-129.84948731777752,1.3664685041319373,-4.800480310251379,25.25089513457081
480,0.0005401751452581217,65.37696105040298,-0.4391107338677811,-1.0333286815094063,-0.9749591634277925,0.0346234006479086,-126.86898537560472,0.8954799592253464,-9.992087167512725,28.071175362665794
481,0.0005305866999415904,61.243291744235215,-0.45617732672135747,-1.005448554899667,-1.0222290750517529,0.029248995374075534,-108.19894924142268,0.9822486499997064,-8.941919384631964,23.211177598535837
482,0.0005361569304405449,62.410956182092406,-0.4330378479603128,-0.865295598572547,-1.0414233294257444,0.004418949986181177,-114.49806095649363,0.9250208821220667,-6.503215609717319,21.422818612880274
483,0.0005315768987435411,69.19520553589545,-0.4522357919797729,-0.8613222955539946,-1.0552348489403753,0.0021865602512035794,-117.16907304709335,0.8351861592354453,-6.64469135808882,21.739713324098716
484,0.0005306401737134631,78.07262255496624,-0.4630016178900107,-0.8541935326648714,-1.0869187083263343,-0.006956922176863101,-115.02094741359635,0.6454653187451432,-10.25976973187767,24.142845465558494
485,0.0005170087225001613,82.93301298809689,-0.458760545479963,-0.8424767973189148,-1.1067390301802706,-0.01804768834566605,-105.76979797717222,0.5868591088690234,-6.294339365208241,19.144191966203707
486,0.0005127536791742462,83.71477562640446,-0.47881402841869136,-0.8209055804897272,-1.1331607666974293,-0.022223852176628707,-80.44414201261192,0.5785225841545052,-16.828860170534597,19.066753584148348
487,0.0005221139530048483,75.69718908400023,-0.4539063281433072,-0.8321862865442075,-1.1164455110751044,-0.01799762467199503,-94.93831019150497,0.7369160029645924,-12.734968234708468,20.057475875100465
488,0.0005190604048430122,69.66305242616298,-0.48927492038063825,-0.6284597075994467,-1.194807917805611,-0.046854204761509616,-82.07852016890237,0.7199795047348584,-10.88081702886448,14.127161126404705
489,0.0005059702059668738,66.51196194368218,-0.46082090006424675,-0.7865678831949224,-1.162890344280627,-0.044245969540077534,-97.4863244579835,0.4560525008537399,-11.558603123024474,18.853096937995556
490,0.0005200255912168481,72.10826733428789,-0.4644704467952003,-0.8254242983707452,-1.0914953757549766,0.002537139334611794,-81.23192590240141,1.152736109314596,-12.605860316158806,16.926695052274106
491,0.0005226256530353799,63.494806967572515,-0.46566283667637465,-0.8017215851292836,-1.1005629901423342,-0.010566909268217722,-105.7322386165626,0.8609675527084824,-6.712318331068412,18.62875678627724
492,0.0005128788207630308,61.764534185235746,-0.45242807117844824,-0.8906291475599394,-1.0788727568308396,-0.012498781023109008,-96.01874833143587,0.5110613019072463,-16.35816985323292,22.362162279109217
493,0.0005127984933608642,61.01601546943952,-0.47793434204602553,-0.8270229288431354,-1.1315921160827014,-0.018858286730671442,-74.15610704797939,0.5968418039695392,-18.619702060937396,19.368677858703773
494,0.0005104515428873816,58.91808246451129,-0.46836560927992077,-0.7755662412437236,-1.1079190077481471,-0.018126144791260762,-88.67806449666077,0.6751456106884628,-16.116685067170057,19.57095561771551
