nan
4.111661427794342103e+02
4.101085494807924761e+02
4.092627036573389319e+02
4.086519112917570169e+02
4.082945122485586467e+02
4.082187616801103900e+02
4.084171263184708209e+02
4.088948979550640388e+02
4.096186736945186908e+02
4.105453707071936265e+02
4.116131034910055178e+02
4.127394148023219600e+02
4.138368960980185420e+02
4.148202867955602642e+02
4.156113992043427743e+02
4.161475723659647201e+02
4.163988036638516519e+02
4.163297432917164542e+02
4.159601284803139833e+02
4.152949830295258948e+02
4.143662797530126340e+02
4.132098537590798628e+02
4.118552010227917322e+02
4.103481052306444781e+02
4.089258857181414442e+02
4.073792339344275319e+02
4.057534668203828687e+02
4.040872046480649828e+02
4.024112575958047842e+02
4.007529845192541416e+02
3.991313605363206989e+02
3.975652421051601664e+02
3.960673933238470568e+02
3.946465200602688128e+02
3.933129869722579883e+02
3.920656956032639755e+02
3.909080904785307666e+02
3.898350517542116336e+02
3.888393991667012415e+02
3.879139403284620471e+02
3.870428684885903294e+02
3.862144161626482628e+02
3.854106564642860917e+02
3.846156326238144061e+02
3.838133772275984938e+02
3.829897218541624397e+02
3.821316923323577157e+02
3.812320681420921460e+02
3.805720237634837986e+02
3.798572041519109348e+02
3.790927124177410406e+02
3.782858186131663274e+02
3.774503153984037453e+02
3.766011780143599594e+02
3.757551277974789627e+02
3.749307712530598451e+02
3.741463282712267642e+02
3.734173493593787043e+02
3.727624703317664512e+02
3.721902911296879779e+02
3.717121838062520283e+02
3.713322744386333625e+02
3.710479590395658533e+02
3.708587714339953436e+02
3.707485019115414957e+02
3.707038347512221321e+02
3.707032663139816009e+02
3.707210980351976559e+02
3.707319085495495301e+02
3.707071904127110997e+02
3.706182331087772468e+02
3.704434296245689779e+02
3.702118545460931500e+02
3.698356529608562369e+02
3.693147589424154376e+02
3.686466903330043010e+02
3.678454735147860788e+02
3.669208910220558550e+02
3.658897419093558483e+02
3.647726165051833505e+02
3.635852524841023410e+02
3.623513645206197111e+02
3.610887369872449426e+02
3.598156553614609265e+02
3.585500625848516734e+02
3.573054323689839293e+02
3.560950090797520602e+02
3.549303734459455768e+02
3.538179886778904688e+02
3.527659384560334388e+02
3.517774496898676944e+02
3.508543934896259202e+02
3.500002730224943548e+02
3.492122415801683815e+02
3.484917916398555917e+02
3.478373719102593782e+02
3.473956056110532700e+02
3.470078760257428030e+02
3.466659078738740050e+02
3.463693019519374161e+02
3.461122510290077798e+02
3.458881933946493632e+02
3.456928782530889066e+02
3.455129111129530202e+02
3.453388421242746631e+02
3.451539579004210623e+02
3.449410253111720976e+02
3.446832217422246458e+02
3.443632445162928661e+02
3.439637956327366055e+02
3.434752692667956353e+02
3.428858424614920182e+02
3.421930519751844031e+02
3.413974198902529338e+02
3.404994240899138731e+02
3.395105092509086830e+02
3.384358239614794002e+02
3.372892269388743784e+02
3.360824773986727223e+02
3.348260085770283467e+02
3.335849593830468507e+02
3.323130778214759289e+02
3.310238186417333281e+02
3.297275117913556528e+02
3.284325235881344156e+02
3.271482453047774470e+02
3.258804725711233914e+02
3.246355719060429124e+02
3.234190380711081048e+02
3.222339297132000411e+02
3.210845511356796464e+02
3.199731224247619252e+02
3.189014699600703580e+02
3.178724079156590960e+02
3.168858554203517315e+02
3.159441007985298029e+02
3.150475618630112535e+02
3.141966055155978665e+02
3.133935510984816801e+02
3.126373765747467246e+02
3.119307377848784313e+02
3.112737616638479494e+02
3.106675463471710827e+02
3.101150294884553773e+02
3.096340142490341805e+02
3.092084785848475121e+02
3.088389484529812421e+02
3.085303149464913304e+02
3.082864633022912813e+02
3.081122973407470340e+02
3.080174721665966899e+02
3.080100575753458543e+02
3.081100328175286904e+02
3.083374496634363595e+02
3.087328120859822889e+02
3.093504171307399133e+02
3.102744510111037926e+02
3.116422982248093376e+02
3.136225434676424015e+02
3.165014778419414938e+02
3.206379032779520344e+02
3.265574150283119934e+02
3.351205555205864925e+02
3.468418141767464817e+02
3.611285238027010678e+02
3.750443813892348430e+02
3.860407879637332940e+02
3.939164299493701833e+02
3.999649810819640834e+02
4.052755887922767215e+02
4.107034790184907820e+02
4.166348398227290204e+02
4.230940241267445572e+02
4.296755092239538385e+02
4.358358408419705938e+02
4.412660194553406541e+02
4.459825704362609144e+02
4.504120593733192663e+02
4.551879771754336730e+02
4.610240557279482800e+02
4.677545813568251560e+02
4.740949094851693530e+02
4.787094432734874658e+02
4.815562550759879628e+02
4.831054584595138977e+02
4.838715787255718510e+02
4.840962962364824307e+02
4.839286423243996182e+02
4.834458840366859249e+02
4.827231837432630073e+02
4.818124094989651098e+02
4.807597316125180100e+02
4.795882093927397705e+02
4.783696826670658311e+02
4.771254185453226455e+02
4.758718769070760573e+02
4.746309867018900945e+02
4.734225635623994322e+02
4.722650394835859515e+02
4.711765938692898885e+02
4.701712980556726507e+02
4.692612469519270917e+02
4.684522246193606634e+02
4.677465877778882941e+02
4.671387568857263659e+02
4.666182857593471454e+02
4.661681179590592023e+02
4.657663007014003256e+02
4.653889164650375392e+02
4.650130802504009466e+02
4.646199563459291539e+02
4.641988846761153127e+02
4.637482123286086448e+02
4.632701983264384467e+02
4.627794906216577715e+02
4.622769682291516347e+02
4.619446094423148566e+02
4.615623321439322808e+02
4.610996395029803239e+02
4.605127196504523681e+02
4.597694218038450913e+02
4.588436533433895761e+02
4.577309430304137550e+02
4.564442756439147502e+02
4.549985990930116486e+02
4.534259180207466216e+02
4.517474243283263604e+02
4.499909069936272203e+02
4.481780057468495215e+02
4.463260193210108469e+02
4.444524846437012116e+02
4.425678628877029155e+02
4.406825168318119950e+02
4.388026194331013699e+02
4.369313860722245408e+02
4.350708182967069888e+02
4.332210259092290698e+02
4.313796584568773937e+02
4.295463938506480872e+02
4.276440379181595404e+02
4.257754672943490277e+02
4.239241139951437276e+02
4.220956428367463218e+02
4.203014009789122838e+02
4.185493516395177380e+02
4.168528918246556714e+02
4.152210919915218028e+02
4.136623925302901057e+02
4.121843261757870778e+02
4.107897300807861711e+02
4.094826737870930629e+02
4.082649453568419631e+02
4.071359398167692802e+02
4.060988857260040845e+02
4.051564133350110524e+02
4.043132914815961385e+02
4.035887219355492448e+02
4.029959223163160686e+02
4.025730831331059107e+02
4.023545064523228802e+02
4.023787016055331378e+02
4.026905155207155076e+02
4.032936496515540057e+02
4.040896016866118430e+02
4.051557301208869717e+02
4.063850015870276025e+02
4.077012898494550086e+02
4.090284257682772022e+02
4.103058263295127972e+02
4.115038235541859422e+02
4.126100150901992265e+02
4.136144955456699108e+02
4.145134390225244942e+02
4.152784372652654383e+02
4.158961320905456773e+02
4.163573359727939760e+02
4.166696246102549139e+02
4.168603604878415467e+02
4.169504549415293013e+02
4.169737234288294303e+02
4.169532094248031058e+02
4.169134538264744378e+02
4.168756537353136196e+02
4.168585331959642417e+02
4.168812323832622724e+02
4.169628149850712475e+02
4.171205932041694950e+02
4.174264256735166896e+02
4.179699149222330448e+02
4.186263010255927384e+02
4.194019440629727455e+02
4.202985486029202207e+02
4.213068889671713464e+02
4.223844976819148656e+02
4.234807157350176112e+02
4.245135664698291862e+02
4.254034710885716208e+02
4.260793734552430010e+02
4.264986294608588651e+02
4.266331895616393126e+02
4.264961796043501749e+02
4.260978450519924650e+02
4.254675706062805602e+02
4.246354028918048584e+02
4.236239589145853301e+02
4.224677870882852631e+02
4.211871167509744964e+02
4.198106885577275875e+02
4.183635962279850560e+02
4.168662233723966892e+02
4.153450507353582566e+02
4.138008820299427271e+02
4.121514713137887043e+02
4.105352442738143850e+02
4.089638361884301503e+02
4.074507347984573471e+02
4.060034717320039590e+02
4.046279536277345414e+02
4.033298141307470246e+02
4.021071651877488762e+02
4.009599263108916603e+02
3.998831856568344847e+02
3.988718020994706990e+02
3.979199045096382292e+02
3.970214846895165692e+02
3.961739627794372609e+02
3.953746255175174156e+02
3.946268342002630902e+02
3.939313719819947437e+02
3.932921600257754449e+02
3.927094144403324094e+02
3.921784722421094784e+02
3.916903654786774496e+02
3.912269416552335883e+02
3.907652890167141209e+02
3.902246245182621465e+02
3.895676089838526082e+02
3.888233213004792219e+02
3.879785135770654279e+02
3.870214213858591279e+02
3.859511095680307449e+02
3.847733603899469017e+02
3.834939741503471851e+02
3.821299100034020171e+02
3.806921441584127592e+02
3.791977484813484125e+02
3.776601985079605583e+02
3.760927244996484546e+02
3.745071681932406591e+02
3.729128376215533649e+02
3.713174161093520524e+02
3.697260150080733183e+02
3.681426048580494239e+02
3.665689004199126657e+02
3.650052594663932268e+02
3.634520890513280165e+02
3.619079320603996166e+02
3.603731948534314711e+02
3.588471170712642220e+02
3.573668679227720872e+02
3.558585400546759843e+02
3.543678609377774364e+02
3.528996175267703279e+02
3.514588205770666605e+02
3.500516962351720736e+02
3.486859627631634453e+02
3.473689148304886203e+02
3.461095628016868773e+02
3.449158165453388847e+02
3.437930359354668894e+02
3.427450153729287194e+02
3.417703342019889305e+02
3.408640431865793516e+02
3.400202861312713480e+02
3.392290909763461855e+02
3.384852813550623409e+02
3.377821530177488967e+02
3.371150737001580637e+02
3.364832795970160646e+02
3.358816107059016076e+02
3.353087703935857462e+02
3.347589487950829152e+02
3.342267723137880466e+02
3.337146517568938293e+02
3.332915217019788656e+02
3.328631563675073721e+02
3.324259449785818674e+02
3.319780361409502802e+02
3.315237894571453694e+02
3.310648589464168481e+02
3.306101802349457444e+02
3.301647410482727878e+02
3.297360446339342275e+02
3.293318880217709648e+02
3.289549782186496714e+02
3.286111371469321512e+02
3.282968602608359561e+02
3.280101668351686612e+02
3.277431208242994671e+02
3.274848944743749257e+02
3.272240297242664724e+02
3.269470849548702063e+02
3.266396631411416251e+02
3.262924445083799583e+02
3.258949232091583212e+02
3.254419210989951239e+02
3.249323084195480646e+02
3.243366862087989944e+02
3.236722669293687886e+02
3.229587188472509638e+02
3.222049944344344681e+02
3.214201335324397064e+02
3.206106681001764969e+02
3.197877125288687807e+02
3.189571622013465912e+02
3.181275482010031510e+02
3.173057045415798711e+02
3.164962343078672120e+02
3.157054443839746227e+02
3.149363380359584994e+02
3.141926079513469858e+02
3.134774190258463591e+02
3.127916993892221171e+02
3.121379567795665935e+02
3.115164096410357502e+02
3.109275808463801241e+02
3.103721484443162240e+02
3.098488336928303966e+02
3.093578912026958392e+02
3.088979690714291451e+02
3.084677586860443625e+02
3.080554384796512295e+02
3.076701746978333745e+02
3.073120079941353993e+02
3.069782038737865264e+02
3.066663571593039137e+02
3.063748319606020232e+02
3.061007723793729269e+02
3.058427967386182900e+02
3.055988075877380084e+02
3.053671005344177161e+02
3.051466248621686645e+02
3.049357501102580272e+02
3.047337502735997532e+02
3.045397462977942951e+02
3.043529986582327638e+02
3.041732589952581520e+02
3.040000125665748101e+02
3.038330640220770533e+02
3.036723228491201212e+02
3.035174588953649959e+02
3.033684776067829603e+02
3.032251276262301758e+02
3.030870796312437392e+02
3.029540268712453326e+02
3.028177131958050268e+02
3.026835045500745878e+02
3.025527063710808306e+02
3.024248877396643707e+02
3.022996124304685281e+02
3.021764689224352196e+02
3.020549367211456229e+02
3.019347550839765404e+02
3.018156811537245403e+02
3.016974642600385437e+02
3.015805150686178990e+02
3.014649365738710571e+02
3.013515416335006307e+02
3.012414925967783574e+02
3.011348717076377852e+02
3.010330433762485995e+02
3.009337626695055974e+02
3.008338437725930135e+02
3.007259857607846811e+02
3.005979460863153463e+02
3.004375728917663082e+02
3.002322353637337073e+02
2.999786192730157950e+02
2.996813446868682718e+02
2.994866429588283836e+02
2.993487217640210361e+02
2.992328678778877702e+02
2.991519683210659650e+02
2.991206076357336769e+02
2.991690028865567683e+02
2.993355419663341763e+02
2.996965951975518010e+02
3.003617120485619694e+02
3.014935181031028719e+02
3.033308623099576380e+02
3.060462044460314246e+02
3.097685038129951067e+02
3.142759821144021544e+02
3.191288118323557228e+02
3.237457316258142441e+02
3.276274534655042316e+02
3.304650053468907345e+02
3.323419083422062954e+02
3.334642150762772417e+02
3.340988916601275491e+02
3.344645550636185476e+02
3.346998288016386596e+02
3.349178827508354175e+02
3.352378430989165849e+02
3.356479405198411996e+02
3.362643498620592482e+02
3.371431826855913982e+02
3.383104835360817901e+02
3.397609008727495734e+02
3.414503570675402102e+02
3.433452287386601256e+02
3.453905769791197145e+02
3.475741245745459196e+02
3.498532284340765273e+02
3.522175392961238458e+02
3.546663470965015108e+02
3.572540028427897596e+02
3.600961048468182639e+02
3.633177894217453741e+02
3.670636230395010102e+02
3.714053197387611363e+02
3.763079782136405242e+02
3.816481149420074530e+02
3.872178697848131605e+02
3.928550995255861267e+02
3.984962002181646881e+02
4.042276960270918948e+02
4.102758014100115247e+02
4.169912871820691294e+02
4.240203258103269377e+02
4.311977318218578148e+02
4.382797140605752588e+02
4.450206083768100598e+02
4.512484065942056759e+02
4.568581533131531955e+02
4.618538431624314171e+02
4.662312060406940191e+02
4.700535017000293578e+02
4.733644384304612913e+02
4.762075642941649676e+02
4.786462849877424901e+02
4.807166453634202412e+02
4.824805831994129335e+02
4.839941390064722100e+02
4.853092975132226456e+02
4.864932175497031608e+02
4.875964154793020953e+02
4.886801922001735079e+02
4.897997292631438881e+02
4.909997188619307735e+02
4.923294452453050667e+02
4.937718444405946343e+02
4.953137530686912555e+02
4.969402280026304197e+02
4.985981538090098297e+02
5.002297274059665142e+02
5.017886217685866654e+02
5.032422553716727975e+02
5.045745728036558830e+02
5.057820124427714177e+02
5.068617385751503548e+02
5.078273313720251849e+02
5.086852834365085982e+02
5.094559199966626011e+02
5.101556172231891537e+02
5.108008414710295142e+02
5.114090258987136508e+02
5.119887311773851479e+02
5.125506161184532630e+02
5.130976752995820789e+02
5.136306024566137012e+02
5.141485776620153274e+02
5.146477254120770795e+02
5.151248410534665254e+02
5.155766029643826869e+02
5.157128698506919591e+02
5.157474713125418475e+02
5.157453217195746902e+02
5.157111013314499814e+02
5.156501766683496726e+02
5.155703294262468717e+02
5.154807761590539030e+02
5.153912864675431820e+02
5.153136661343802416e+02
5.152581524309306360e+02
5.152383002990694649e+02
5.152647553218554322e+02
5.153508716392565248e+02
5.155085084977306451e+02
5.157485971755822902e+02
5.160843007075151263e+02
5.165222206184816969e+02
5.170715641895933459e+02
5.177308468650977602e+02
5.184954864957408063e+02
5.193520177528060913e+02
5.202798768518134693e+02
5.212527906127933193e+02
5.222432792233217924e+02
5.231652247460797298e+02
5.240460789543162718e+02
5.248705824370036908e+02
5.256244202531840983e+02
5.263068577045119127e+02
5.269119991720447160e+02
5.274435577265880966e+02
5.279021736730270504e+02
5.282906202714061692e+02
5.286106087833543370e+02
5.288650966486762854e+02
5.290559940643838672e+02
5.291882387150619707e+02
5.292665149142136443e+02
5.292962603236845780e+02
5.292873723234403087e+02
5.292437509814586747e+02
5.291758554124104421e+02
5.290868557668432004e+02
5.289802529762241647e+02
5.288570850169405730e+02
5.287135435900014500e+02
5.285472585787964590e+02
5.283516749194860722e+02
5.281039959914327255e+02
5.277924513700828584e+02
5.274443677562760513e+02
5.270545272519193531e+02
5.266188759385373714e+02
5.261333225419533619e+02
5.255999268988838367e+02
5.250189912978289613e+02
5.243959329905989080e+02
5.237371427686640573e+02
5.230491702068212589e+02
5.223416066054066960e+02
5.216223245531804196e+02
5.208996556744134523e+02
5.201817795888366618e+02
5.194747133822135083e+02
5.187841770429669168e+02
5.181147574663382329e+02
5.174685358486224231e+02
5.168485125287959363e+02
5.162540695426108641e+02
5.156847563446009417e+02
5.151388622221822970e+02
5.146123622652195309e+02
5.141090032139584309e+02
5.135771499370599713e+02
5.130458415012298019e+02
5.125090842258715611e+02
5.119596108218136123e+02
5.113919822139213807e+02
5.108017536060263524e+02
5.101839723132555378e+02
5.095383476977361283e+02
5.088624508721416078e+02
5.081581402336834117e+02
5.074266907024997408e+02
5.066703549228008683e+02
5.058938784637113599e+02
5.051001183224738043e+02
5.042951626850010598e+02
5.034830676543274421e+02
5.026700545602344619e+02
5.018608817270201712e+02
5.010607357834482514e+02
5.002738861250637115e+02
4.995039627066541925e+02
4.987536467818887900e+02
4.980243538030672426e+02
4.973533349298746202e+02
4.966530346066933248e+02
4.959752792670950612e+02
4.953150726188430326e+02
4.946684963662476662e+02
4.940281373362283830e+02
4.933883055739702854e+02
4.927424381285688924e+02
4.920843643891809052e+02
4.914111148221794565e+02
4.907180363879337506e+02
4.900047564857283078e+02
4.892712913903673666e+02
4.885180998081386292e+02
4.877490658664371495e+02
4.869652783314542148e+02
4.861702794022829153e+02
4.853670540539346803e+02
4.845571992840184521e+02
4.837440578885708646e+02
4.829282676664892620e+02
4.821112664005098054e+02
4.812955297657731535e+02
4.804819903398760061e+02
4.796911435424087244e+02
4.788712457762300687e+02
4.780642184139763913e+02
4.772807517589454847e+02
4.765255433671378569e+02
4.758091885624208999e+02
4.751357698433554901e+02
4.745050075815445325e+02
4.739148840382945309e+02
4.733494142136576670e+02
4.727928928382535787e+02
4.722224454492851464e+02
4.716174239622628761e+02
4.709647216823007625e+02
4.702587548177688177e+02
4.695002936179373023e+02
4.687027209496217779e+02
4.678775888507902891e+02
4.670450226776886780e+02
4.662228485401104763e+02
4.654313711156991076e+02
4.646957137163905145e+02
4.640346395158587143e+02
4.634794010909528765e+02
4.630593755541146379e+02
4.628589018682044411e+02
4.628315353190389487e+02
4.629794637489297884e+02
4.633058740311764723e+02
4.637867422874900285e+02
4.643933756848435905e+02
4.650835903219194734e+02
4.658085967321125054e+02
4.665193622742654043e+02
4.671764638769427052e+02
4.677423897932426371e+02
4.681998539766290151e+02
4.685367082763898452e+02
4.687491107372496799e+02
4.688454454497938855e+02
4.688297653024122837e+02
4.687175381727731747e+02
4.685200360555230645e+02
4.682505232198708427e+02
4.679235161033754480e+02
4.675498628228314715e+02
4.671425093104508051e+02
4.667110950063969881e+02
4.663045697202559268e+02
4.659618732562249193e+02
4.656050339743740096e+02
4.652349420743873338e+02
4.648479897759171990e+02
4.644402246042490106e+02
4.640051797640417703e+02
4.635353418916728856e+02
4.630246538463627530e+02
4.624641282302860077e+02
4.618500895865790881e+02
4.611759892184990122e+02
4.604394581344245125e+02
4.596396908522369813e+02
4.587746288587430286e+02
4.578483032503290815e+02
4.568605099216325129e+02
4.558161509811260430e+02
4.547187666446977232e+02
4.535712639271195030e+02
4.523793441020489468e+02
4.511447598213364927e+02
4.498721997551223808e+02
4.485640857741750551e+02
4.470311994163218969e+02
4.454861024824894002e+02
4.439100027148418235e+02
4.423051661934572962e+02
4.406718497767021745e+02
4.390105240747712401e+02
4.373225583996069759e+02
4.356079543796506073e+02
4.338683609638675307e+02
4.321048149634393098e+02
4.303183978981290920e+02
4.285109482563480015e+02
4.266834203834358163e+02
4.248376928575922875e+02
4.229752231627830952e+02
4.210972730239671478e+02
4.192051608554685913e+02
4.173001698889487443e+02
4.153833400056980167e+02
4.134561874402712078e+02
4.115196072974857202e+02
4.095748329809218262e+02
4.076232046571968795e+02
4.056655213188323614e+02
4.035268238583088873e+02
4.013959550308779285e+02
3.992603393539217222e+02
3.971215505377062982e+02
3.949811299068482526e+02
3.928409441503278572e+02
3.907024252269694671e+02
3.885674566848492191e+02
3.864374532231661306e+02
3.843141785454884598e+02
3.821990930964551580e+02
3.800936331498396612e+02
3.779994132830619264e+02
3.759175283581714098e+02
3.738496237005115859e+02
3.717966566565423818e+02
3.697599306798827570e+02
3.677405886274571003e+02
3.657394150929522425e+02
3.637577268236451005e+02
3.617959817415895714e+02
3.598553125434172557e+02
3.579363158533444107e+02
3.560395655972304780e+02
3.540738572259533044e+02
3.520050473577601906e+02
3.499687759457277139e+02
3.479650246108554938e+02
3.459943770537572618e+02
3.440571846077327223e+02
3.421535111251844796e+02
3.402840742714397493e+02
3.384486962486521406e+02
3.366480931066935227e+02
3.348823197421831992e+02
3.331516111024869815e+02
3.314565421579021631e+02
3.297968743789900827e+02
3.281734645347394235e+02
3.265860952979012950e+02
3.250353188860277669e+02
3.235214424422024422e+02
3.220444426753268772e+02
3.206051333466020878e+02
3.192032640455450974e+02
3.178396355303112273e+02
3.165144287718659371e+02
3.152279306052292327e+02
3.139409505958327600e+02
3.127097333476961580e+02
3.115209492791469188e+02
3.103747061572941561e+02
3.092719242173592420e+02
3.082133646847900650e+02
3.071992012182049052e+02
3.062307948812118639e+02
3.053078652793888068e+02
3.044315811935404099e+02
3.036019310531307838e+02
3.028190638760213460e+02
3.020835186849795946e+02
3.013943075701241696e+02
3.007519447435319648e+02
3.001551114269744858e+02
2.996032215316170095e+02
2.990954003792765548e+02
2.986295396798469142e+02
2.982050368207108590e+02
2.978191802783316007e+02
2.974705826158032096e+02
2.971571377235402451e+02
2.968761197168943227e+02
2.966200912498604225e+02
2.964668006797185740e+02
2.963325031564363030e+02
2.962150430888120241e+02
2.961125639903654587e+02
2.960240002288770711e+02
2.959473757628221051e+02
2.958820752766531541e+02
2.958267158628396487e+02
2.957806820404790642e+02
2.957433964297719626e+02
2.957142279951373780e+02
2.956930693427612482e+02
2.956795175530533584e+02
2.956737162158955243e+02
2.956754385829889884e+02
2.956848506978443538e+02
2.957018903313539795e+02
2.957266487850565113e+02
2.957593335332410902e+02
2.957998337454754960e+02
2.958485386463734130e+02
2.959054548814155510e+02
2.959708651664551553e+02
2.960372377428327582e+02
2.961143130510440642e+02
2.962026719529093270e+02
2.963029281233131087e+02
2.964162062705822223e+02
2.965443628517333536e+02
2.966882698066229409e+02
2.968507200231030083e+02
2.970325540348405866e+02
2.972359770401782839e+02
2.974625363225040360e+02
2.977125870609373806e+02
2.979877780989592679e+02
2.982864193344634600e+02
2.986084967776822054e+02
2.989514264986329408e+02
2.993125812258884366e+02
2.996890986518013165e+02
3.000769434796108612e+02
3.004727252657294230e+02
3.008733340259689157e+02
3.012761896659518470e+02
3.016804846548955652e+02
3.020870901703592608e+02
3.025098126469970339e+02
3.029308836833212126e+02
3.033672339070225235e+02
3.038341999689502018e+02
3.043577429868548734e+02
3.049749109597160555e+02
3.057467141808858173e+02
3.067796532903182083e+02
3.082302275685472637e+02
3.103841312147723102e+02
3.136498976050633019e+02
3.185418354535299272e+02
3.254857085030027406e+02
3.341279332510831068e+02
3.433782024354663918e+02
3.521081142770721613e+02
3.600192488410158376e+02
3.675240083415426398e+02
3.750086431864775136e+02
3.824481541037717420e+02
3.894119380877144749e+02
3.953800996024859273e+02
4.000681787570238725e+02
4.034971103159596169e+02
4.056243412529315719e+02
4.065232714394313689e+02
4.067090749482267142e+02
4.063551431142285537e+02
4.055872263295455014e+02
4.045055331652216069e+02
4.031884824213496472e+02
4.016969207809660247e+02
4.000801181907900741e+02
3.983831545324882200e+02
3.966398080205038355e+02
3.948842245559405342e+02
3.931438501816792268e+02
3.914400453876705228e+02
3.897953522173503984e+02
3.882208754715966279e+02
3.867299011292246860e+02
3.853282171327244328e+02
3.840161433653984773e+02
3.827936628206973637e+02
3.816524207933216530e+02
3.805842859660211275e+02
3.795785592086077145e+02
3.786209880574027125e+02
3.776765117660422106e+02
3.767137622458452029e+02
3.757605644651613375e+02
3.748037638035712007e+02
3.738314597459515198e+02
3.728330127221276484e+02
3.718047370854961855e+02
3.707418022580768024e+02
3.696458358842050984e+02
3.685201066590561823e+02
3.673665373264646519e+02
3.661933486744295578e+02
3.650037904080289763e+02
3.638065096629335358e+02
3.626080404616507735e+02
3.614163626208372193e+02
3.602423406237567747e+02
3.590933951631256491e+02
3.579816209646075436e+02
3.569148050057735873e+02
3.559010087457451164e+02
3.549467633112876115e+02
3.540528380402993207e+02
3.532199624299518064e+02
3.524334419498264879e+02
3.516819834597532690e+02
3.509717459005049705e+02
3.502931865211023705e+02
3.496358188176283193e+02
3.489908914814476475e+02
3.483518126240190895e+02
3.477129919268712115e+02
3.470752447328098924e+02
3.464379828162975059e+02
3.458100188009599947e+02
3.451984674199255778e+02
3.446205194233397719e+02
3.440962778150845338e+02
3.436507593557541895e+02
3.433205011027588966e+02
3.431260380568406845e+02
3.430944925292398580e+02
3.432052856942557924e+02
3.434119978828114768e+02
3.436278461763150744e+02
3.437605594647607177e+02
3.437313732418295444e+02
3.435220291988525219e+02
3.431017020411176190e+02
3.425185135968730492e+02
3.418686992083328278e+02
3.412023672097101326e+02
3.405741831467350380e+02
3.400269254738381619e+02
3.396002988040040123e+02
3.393352514127432187e+02
3.392606400984223001e+02
3.394110224144888548e+02
3.398031532545027176e+02
3.404435086367983558e+02
3.413254014648618977e+02
3.424118767174929872e+02
3.436577660688516858e+02
3.450001563525619304e+02
3.463708463957939898e+02
3.477131492209026646e+02
3.489768634952758930e+02
3.501266709579272742e+02
3.511437583260139945e+02
3.520110942112872863e+02
3.527212386695406963e+02
3.532672517079994918e+02
3.535622067020858594e+02
3.535903323077308187e+02
3.534221386565073431e+02
3.530638982056649979e+02
3.525275656881668169e+02
3.518275395356439503e+02
3.509904823126204292e+02
3.500352431111273859e+02
3.489901999876164496e+02
3.478759049394952285e+02
3.467122615194710988e+02
3.455165095795163666e+02
3.443011234720946163e+02
3.430774325007672019e+02
3.418528571805942420e+02
3.406335887849985511e+02
3.394234815298714807e+02
3.382256742039353981e+02
3.370415585112945109e+02
3.358721614654799623e+02
3.347179004571297583e+02
3.335785864290407403e+02
3.324541226697240859e+02
3.313438396413188229e+02
3.302507721932988147e+02
3.291304216041079371e+02
3.280226402589826762e+02
3.269270575877391707e+02
3.258435791591148245e+02
3.247719147786671670e+02
3.237124195170191001e+02
3.226652502430574145e+02
3.216308283210182140e+02
3.206098186880974481e+02
3.196026418608376503e+02
3.186101740511610387e+02
3.176330887464055195e+02
3.166720182229079228e+02
3.157279617988587006e+02
3.148012925724163438e+02
3.138929357039016850e+02
3.130033427456383492e+02
3.121329972303242926e+02
3.112826680292447463e+02
3.104523506530588861e+02
3.096427975070787397e+02
3.088539759390249628e+02
3.080861857658955500e+02
3.073261955208803329e+02
3.065605185306796443e+02
3.058190448233656298e+02
3.051012475266597903e+02
3.044072367051455217e+02
3.037369221633398979e+02
3.030897318922610566e+02
3.024658978337004669e+02
3.018645912695914149e+02
3.012858440421913429e+02
3.007291651420040921e+02
3.001939792911678637e+02
2.996802012073425772e+02
2.991868993058666888e+02
2.987139394908897998e+02
2.982605907684866793e+02
2.978262437374305023e+02
2.974105617272683730e+02
2.970125558646833497e+02
2.966318667018179553e+02
2.962676421869549586e+02
2.959191289338071442e+02
2.955858265687133439e+02
2.952666159111044522e+02
2.949697079909855120e+02
2.946748153361830305e+02
2.943925921856481978e+02
2.941222193161553378e+02
2.938626140523572872e+02
2.936131499258920030e+02
2.933728828957956694e+02
2.931411868673749836e+02
2.929173928984001236e+02
2.927009107563972066e+02
2.924912798383315362e+02
2.922880347114112283e+02
2.920908787199063568e+02
2.918994886815170844e+02
2.917137525595467764e+02
2.915334605989186798e+02
2.913586411904385614e+02
2.911892821501473350e+02
2.910253871336967677e+02
2.908671438736546975e+02
2.907145276267650047e+02
2.905677989185508068e+02
2.904270129486394012e+02
2.902922947889720149e+02
2.901995164842450095e+02
2.901210408524959234e+02
2.900472679024790068e+02
2.899779634445565080e+02
2.899129886588739851e+02
2.898521678023072923e+02
2.897951776716082009e+02
2.897418498998054588e+02
2.896918225802218103e+02
2.896448233846680296e+02
2.896005642254772283e+02
2.895586847021480139e+02
2.895189416744413506e+02
2.894810037282810526e+02
2.894446045272424612e+02
2.894095140418361325e+02
2.893754780594472891e+02
2.893423348844893326e+02
2.893099275333726723e+02
2.892781175038547303e+02
2.892468562524929325e+02
2.892160816762150262e+02
2.891857854294424328e+02
2.891560402293566199e+02
2.891312619469186984e+02
2.891075939559081576e+02
2.890836631710940310e+02
2.890596788238657382e+02
2.890359188399940535e+02
2.890125484374195253e+02
2.889898771792026650e+02
2.889680947233973143e+02
2.889474291022876855e+02
2.889281248768800765e+02
2.889103064925329249e+02
2.888941938431154881e+02
2.888798849867628746e+02
2.888674855558950298e+02
2.888570999387753204e+02
2.888487224706848338e+02
2.888423936986447416e+02
2.888380805659005546e+02
2.888357246021518563e+02
2.888352861388929114e+02
2.888366523852354817e+02
2.888397393866567882e+02
2.888444813001203784e+02
2.888507554385366802e+02
2.888604331284414570e+02
2.888728958962000775e+02
2.888875343311531196e+02
2.889047674453931904e+02
2.889251796568954092e+02
2.889498731831001805e+02
2.889801119325361469e+02
2.890184240178552386e+02
2.890681521031585817e+02
2.891358911427817020e+02
2.892324891957250088e+02
2.893777401021977767e+02
2.896121987430816489e+02
2.900019020099373392e+02
2.906958811649106451e+02
2.919083652138480147e+02
2.939917740030931554e+02
2.972845438955096711e+02
3.017516583209185796e+02
3.067063988267915988e+02
3.110614679598863290e+02
3.141474762568439587e+02
3.160594763689515503e+02
3.171647953774177040e+02
3.177631055354149225e+02
3.180579499732685349e+02
3.182592480882332211e+02
3.184535233763037922e+02
3.186930732453531050e+02
3.190326940219381413e+02
3.195263278639762348e+02
3.202585128885611425e+02
3.213250660724261252e+02
3.228491041530956522e+02
3.249475362660149926e+02
3.276799007971884521e+02
3.310090311938340051e+02
3.347577494165745406e+02
3.386465680520472006e+02
3.423238057742670435e+02
3.454882220049269108e+02
3.479733340020721926e+02
3.498349542929748850e+02
3.512819788823303497e+02
3.526407866507772155e+02
3.543346279715228206e+02
3.568445571447889506e+02
3.606853194858005622e+02
3.659751229100789374e+02
3.727059029305988815e+02
3.799764229620651577e+02
3.867912462229152766e+02
3.924000024760869678e+02
3.965190325351550769e+02
3.992442350670310702e+02
4.008211677354184417e+02
4.016244828741924380e+02
4.019002198490013029e+02
4.018617582345499954e+02
4.016383538165857203e+02
4.013148229631156028e+02
4.009476470375508370e+02
4.005670055397566216e+02
4.001935551222716754e+02
3.998338596291975477e+02
3.994910516264125135e+02
3.991610008144874087e+02
3.988393269724899710e+02
3.985194848801933176e+02
3.982005798694159466e+02
3.978798960244619707e+02
3.975651403161347162e+02
3.971265772279194834e+02
3.968629922878446337e+02
3.966361952550978458e+02
3.964583488537716107e+02
3.963437600260320437e+02
3.963029234280154469e+02
3.963434990274961365e+02
3.964740184566700236e+02
3.966959154818733282e+02
3.970112692611351690e+02
3.974226924788338238e+02
3.979284366355055909e+02
3.985384897177140715e+02
3.992565630372569103e+02
4.001035745077733736e+02
4.010960696716148277e+02
4.022591252695928006e+02
4.036187279704524258e+02
4.051882019889064281e+02
4.069892036175157841e+02
4.090285005689167974e+02
4.113298986202087804e+02
4.139236110458824669e+02
4.168468680624281433e+02
4.200411845292384783e+02
4.237160337639160730e+02
4.276513473965199523e+02
4.317047458426085882e+02
4.357030469521740201e+02
4.394634103808177770e+02
4.428686641341989798e+02
4.458477133834559254e+02
4.484144280325447198e+02
4.506055120270802377e+02
4.524823335906590387e+02
4.541084835666606523e+02
4.555420430340786879e+02
4.568417477942027745e+02
4.580568855669281447e+02
4.592446974985354018e+02
4.604489147350955136e+02
4.617270012426523067e+02
4.631126971412123794e+02
4.646318441778929582e+02
4.662793033458192440e+02
4.680102242388064724e+02
4.697560518127398268e+02
4.714424018851078699e+02
4.727407083486100987e+02
4.738789014837933564e+02
4.748829487974897461e+02
4.757817157874254690e+02
4.766209743410458373e+02
4.774283455796178259e+02
4.782278099022898346e+02
4.790320885941501956e+02
4.798455426398427335e+02
4.806696067027464210e+02
4.815035954733170911e+02
4.823469569485177999e+02
4.832020097249518926e+02
4.840751495957667885e+02
4.849750559697000085e+02
4.859192063083423250e+02
4.869213784225611903e+02
4.880032547259443731e+02
4.891741681184452659e+02
4.904428834226461618e+02
4.917904806630435246e+02
4.931803222731662117e+02
4.945523176787958164e+02
4.958331359526470692e+02
4.968512138133810936e+02
4.975787815697693190e+02
4.980484175125849333e+02
4.982715122620729176e+02
4.982776192554496788e+02
4.981044579991828414e+02
4.977996408666554657e+02
4.974022765466939973e+02
4.969506802958858884e+02
4.964736916103946669e+02
4.959961973175231265e+02
4.955326297618166791e+02
4.950938397331486840e+02
4.946807263642446628e+02
4.942894381828535302e+02
4.939120509451056478e+02
4.935351403316101369e+02
4.931455554317067822e+02
4.927300246686045853e+02
4.922752172267714741e+02
4.917713943005659303e+02
4.912098125490222742e+02
4.905818709879123389e+02
4.898820549692406416e+02
4.892174293849085984e+02
4.884192503750163041e+02
4.875200057822870008e+02
4.865153021149459960e+02
4.854053983315106393e+02
4.841894099909850411e+02
4.828732513710460807e+02
4.814605431749010336e+02
4.799599827391577946e+02
4.783792988755622559e+02
4.767263186133712907e+02
4.750102558372300336e+02
4.732378922265564825e+02
4.714172354486008771e+02
4.695554780873598588e+02
4.676596068954588645e+02
4.657385620833543953e+02
4.638020040667419721e+02
4.618599578292722754e+02
4.599259251731173777e+02
4.580112892158160207e+02
4.561314979819520090e+02
4.543009237510825642e+02
4.525346819715541642e+02
4.510129880380442273e+02
4.496894554644454729e+02
4.485001981494394840e+02
4.474656584985884251e+02
4.466131753230800427e+02
4.459720956925639825e+02
4.455647692087001133e+02
4.454201531469593078e+02
4.455455650815902118e+02
4.459488040013029035e+02
4.466118075461207582e+02
4.475040129162443918e+02
4.485808024797977964e+02
4.497848891875518120e+02
4.510623519197710038e+02
4.523575203795249422e+02
4.536300676744487532e+02
4.548427732633255687e+02
4.559747778283406205e+02
4.570076147814415890e+02
4.579404009963031967e+02
4.587695156936229068e+02
4.595074927764056270e+02
4.601613453926784132e+02
4.607293009242907260e+02
4.611669648766417140e+02
4.615261658767689141e+02
4.618013183488216100e+02
4.619792774820049885e+02
4.620473126766758583e+02
4.621111526654415229e+02
4.620201388959987412e+02
4.618160512560898496e+02
4.615108657930250615e+02
4.611203396717709211e+02
4.606743501376976724e+02
4.602019557746240253e+02
4.597413871950606108e+02
4.593320632308251561e+02
4.590112164125350205e+02
4.588112703567552444e+02
4.587517818707704578e+02
4.588343520021034578e+02
4.590450455695633991e+02
4.593500892182656230e+02
4.597129384723541534e+02
4.601058587303834884e+02
4.605135452267824689e+02
4.609358822546084298e+02
4.613487933370629435e+02
4.618113047373124687e+02
4.623300278866160511e+02
4.628931615439602751e+02
4.634783380424036636e+02
4.640466276369275533e+02
4.645592323103113017e+02
4.649892327595661072e+02
4.653125403724708917e+02
4.655298653616285378e+02
4.656435854774547352e+02
4.656575801939288795e+02
4.655798309808330941e+02
4.653965569788965695e+02
4.650956176317852737e+02
4.646603244544276663e+02
4.640822405672132618e+02
4.633694572587925222e+02
4.625437804107704665e+02
4.616304927141947587e+02
4.606677391924049516e+02
4.596828855933792966e+02
4.587089600521078978e+02
4.577619934148464154e+02
4.568909945859464869e+02
4.561051417337409362e+02
4.554146555666875997e+02
4.548362660342755248e+02
4.543764758587021788e+02
4.540401799585505955e+02
4.538296051840680434e+02
4.537357655751915786e+02
4.537506883520273391e+02
4.538526614578392469e+02
4.540189199924390095e+02
4.542175000582282678e+02
4.544148531101137110e+02
4.545728187602367711e+02
4.546578659447884547e+02
4.546353013857811334e+02
4.544786607546650430e+02
4.541684410476261178e+02
4.536876203897326150e+02
4.530347169708298907e+02
4.522049093581707098e+02
4.512071014359417518e+02
4.500498974242499912e+02
4.487184162717435356e+02
4.472519977849650559e+02
4.456615798567315210e+02
4.439657854641206995e+02
4.421782602280541710e+02
4.403133872938216200e+02
4.383849613175437412e+02
4.364034335025239670e+02
4.343804605082874559e+02
4.323244197877367583e+02
4.302437407028631924e+02
4.281454416006940846e+02
4.260354172477206589e+02
4.239191101355443720e+02
4.218009191450354365e+02
4.196846560284595284e+02
4.175735477890924017e+02
4.154702699958730250e+02
4.133769524960014792e+02
4.112955447009499039e+02
4.092272684906337759e+02
4.071733810960514575e+02
4.051346379943158809e+02
4.031115426066114651e+02
4.010489428844040276e+02
3.989503333518547947e+02
3.968670571290689395e+02
3.947988848769990113e+02
3.927460298841155577e+02
3.907082699230235221e+02
3.886855693968421974e+02
3.866779768504965205e+02
3.846851817427017863e+02
3.827075938724778439e+02
3.807448557017513053e+02
3.787973869500376054e+02
3.768652657086154818e+02
3.749485789519651462e+02
3.730480472871374218e+02
3.711635038461237741e+02
3.692958375343100670e+02
3.674452087857645779e+02
3.656120976193906245e+02
3.637972324025924422e+02
3.620006916569542454e+02
3.602233819661184384e+02
3.584654910403480699e+02
3.567275264574302014e+02
3.550214168492178715e+02
3.532389653962694069e+02
3.514827830207304942e+02
3.497527801975373336e+02
3.480494855757165737e+02
3.463731891864115369e+02
3.447240617201483701e+02
3.431027654782274681e+02
3.415093862910611051e+02
3.399447049071501397e+02
3.384091111104776814e+02
3.369031559955487296e+02
3.354277301009043981e+02
3.339833090546737822e+02
3.325711087914186805e+02
3.311918910094140074e+02
3.298468083427835040e+02
3.285372397819416506e+02
3.272644413689724843e+02
3.260302807365691820e+02
3.248364210590473249e+02
3.236851586093704896e+02
3.225787891446573212e+02
3.215200495433032302e+02
3.205236019604306534e+02
3.195484108937365590e+02
3.186291337689499983e+02
3.177667521518030753e+02
3.169614235429301630e+02
3.162110319075702591e+02
3.155121963963314897e+02
3.148593213691520418e+02
3.142450037248412400e+02
3.136615776261256201e+02
3.131010303453337542e+02
3.125551621554335497e+02
3.120193820860828282e+02
3.114883482757446700e+02
3.109608411808661117e+02
3.104360866978515219e+02
3.099146526357195057e+02
3.093993677109283453e+02
3.088916567665774551e+02
3.083955522727240464e+02
3.079132145334970119e+02
3.074479726826060073e+02
3.070022787394118495e+02
3.065780163609678652e+02
3.062059442096893349e+02
3.058461332683917249e+02
3.055156540444229449e+02
3.052147870505527862e+02
3.049438736182565322e+02
3.047026425581844364e+02
3.044899442066245001e+02
3.043049094680513349e+02
3.041458154982438487e+02
3.040113032678405602e+02
3.038998926299971686e+02
3.038102759119686311e+02
3.037416847315163864e+02
3.036938774090953643e+02
3.036672397743154193e+02
3.036632022858666460e+02
3.036838570891139852e+02
3.037323380763582463e+02
3.038127732358699404e+02
3.039303294309956414e+02
3.040908983742510827e+02
3.043017844981553139e+02
3.045701406273606153e+02
3.049049774010496776e+02
3.052967640822256499e+02
3.057508743790627364e+02
3.062933025385886481e+02
3.069272166043826928e+02
3.076554772159244635e+02
3.084730730141938579e+02
3.093726133898905459e+02
3.103404475346228537e+02
3.113579774746887097e+02
3.124043134951738239e+02
3.134576932093652886e+02
3.144948301858937043e+02
3.155005521630988596e+02
3.164589138449347843e+02
3.173622014405596587e+02
3.182061503475894142e+02
3.189862408693939528e+02
3.197054020711862563e+02
3.203599838593286222e+02
3.209505367684972725e+02
3.214749065431918780e+02
3.219285414907961922e+02
3.223106596411874420e+02
3.226164741857208469e+02
3.228148104882304779e+02
3.228937417925822047e+02
3.228887289347925957e+02
3.228041099928110498e+02
3.226424445269655052e+02
3.224078261859887675e+02
3.221069928226957018e+02
3.217446044450950922e+02
3.213283054559765333e+02
3.208647598469519266e+02
3.203601072006147774e+02
3.198223716732648541e+02
3.192566448812407316e+02
3.186696113504629011e+02
3.180661451394651635e+02
3.174507356450640145e+02
3.168282032713727858e+02
3.162011652154771468e+02
3.155735808850440662e+02
3.149473309738401667e+02
3.143251583983790169e+02
3.137089595957667711e+02
3.131000965294508092e+02
3.125004445759799410e+02
3.118878163997126762e+02
3.112397112577664302e+02
3.106051826640097602e+02
3.099841228348340678e+02
3.093753687303681659e+02
3.087770363371472513e+02
3.081874700944071037e+02
3.076041695415721620e+02
3.070249513242094963e+02
3.064480909012362417e+02
3.058720905614439971e+02
3.052966480795421376e+02
3.047223873036905957e+02
3.041501294306757472e+02
3.035825416316442897e+02
3.030215134695660595e+02
3.024702055007325612e+02
3.019315328211742440e+02
3.014079947447503969e+02
3.009029177365454188e+02
3.004182347719827249e+02
2.999567999183005895e+02
2.995206281286033914e+02
2.991115380308559679e+02
2.987696292098854087e+02
2.984598938228895690e+02
2.981813140497885684e+02
2.979340298390512203e+02
2.977190874513914309e+02
2.975370967729966196e+02
2.973881192661536943e+02
2.972731499233098020e+02
2.971915241588696972e+02
2.971439344611085289e+02
2.971296179620059092e+02
2.971481942755674481e+02
2.971991719760795831e+02
2.972811628405456759e+02
2.973936694536175196e+02
2.975348738711090846e+02
2.977037808438297475e+02
2.978987388933509237e+02
2.981181334790290975e+02
2.983605744937532336e+02
2.986242315711594983e+02
2.989078198394241781e+02
2.992095322544626015e+02
2.995278152145631907e+02
2.998464165779569157e+02
3.001724578482615584e+02
3.005083901466849170e+02
3.008525440979570931e+02
3.012027574328910191e+02
3.015570808343774729e+02
3.019133179927843571e+02
3.022688830096304287e+02
3.026220286185576924e+02
3.029699585313589409e+02
3.033109548478537363e+02
3.036427852613843470e+02
3.039633409739668082e+02
3.042716130265818038e+02
3.045652502359364462e+02
3.048440936698109454e+02
3.051066857259055496e+02
3.053526687931371271e+02
3.055820682273526359e+02
3.057943472851005140e+02
3.059906088838873188e+02
3.061708247470575088e+02
3.063363037194134222e+02
3.064880826288698472e+02
3.066265005589200996e+02
3.067515363733987215e+02
3.068660772674806481e+02
3.069718832579911236e+02
3.070701919261551325e+02
3.071621312972599753e+02
3.072490006564675582e+02
3.073315012125669909e+02
3.074105331221707615e+02
3.074866409683330062e+02
3.075601015892798955e+02
3.076311695260691295e+02
3.076997149056203398e+02
3.077655967348174499e+02
3.078284521220560919e+02
3.078878408952400605e+02
3.079431853132443848e+02
3.079940416421480904e+02
3.080396758573130001e+02
3.080796726122262044e+02
3.081134998990673353e+02
3.081406080889851751e+02
3.081609563404165897e+02
3.081740020606667940e+02
3.081769882417503936e+02
3.081479515824210011e+02
3.081102002017540826e+02
3.080644385418665934e+02
3.080107945499869402e+02
3.079503008469330894e+02
3.078834411086570526e+02
3.078110305936266968e+02
3.077340682331371795e+02
3.076531377017789737e+02
3.075694781387865078e+02
3.074837477647482729e+02
3.073969664273714102e+02
3.073100077746982492e+02
3.072235806053006968e+02
3.071386378772889998e+02
3.070557367791581100e+02
3.069756448496290204e+02
3.068988584033198777e+02
3.068258690644069020e+02
3.067570477808005762e+02
3.066926987134237379e+02
3.066329639536240848e+02
3.065779804463687697e+02
3.065123943253341281e+02
3.064228973970834318e+02
3.063376052519450923e+02
3.062561548944001970e+02
3.061783458279061279e+02
3.061036204023083087e+02
3.060317178256902935e+02
3.059620875945543048e+02
3.058943195026625972e+02
3.058280202891064619e+02
3.057626281524283058e+02
3.056979193109779658e+02
3.056333480808282843e+02
3.055687377652490113e+02
3.055036709178844490e+02
3.054379589194767846e+02
3.053714631145981002e+02
3.053039190533575606e+02
3.052353930264983433e+02
3.051656226651836619e+02
3.050947817761345959e+02
3.050228493731527237e+02
3.049498777838927026e+02
3.048761357898576421e+02
3.047833149047676216e+02
3.046783843584066176e+02
3.045743540321292357e+02
3.044715314261756021e+02
3.043704448655545889e+02
3.042712528408144408e+02
3.041747563955506735e+02
3.040812972106852499e+02
3.039915636397764729e+02
3.039063744187225211e+02
3.038261306944971238e+02
3.037519256995993260e+02
3.036842315133262673e+02
3.036239049317287026e+02
3.035718018356821517e+02
3.035283025996502033e+02
3.034944013023778666e+02
3.034703163105663748e+02
3.034566731271092976e+02
3.034539048204364349e+02
3.034620406575534730e+02
3.034815381965238430e+02
3.035121825013410444e+02
3.035540504703011493e+02
3.035858738148043585e+02
3.036230708889455059e+02
3.036694935231930117e+02
3.037242680714219318e+02
3.037867476147455932e+02
3.038563468042278828e+02
3.039319858571678310e+02
3.040131336562959632e+02
3.040987195486105179e+02
3.041876277602548271e+02
3.042791117966826846e+02
3.043714788726565530e+02
3.044638898565780210e+02
3.045547040608830685e+02
3.046422467377737462e+02
3.047254944256196154e+02
3.048021149285676756e+02
3.048712878831432818e+02
3.049311359994903796e+02
3.049801093470972546e+02
3.050175938931124051e+02
3.050415229550023923e+02
3.050520804881123240e+02
3.050479907471317915e+02
3.050052327223488078e+02
3.049441154011077515e+02
3.048646111552166076e+02
3.047682938267820418e+02
3.046550877999081308e+02
3.045262786895976888e+02
3.043830052204452841e+02
3.042258368775495683e+02
3.040566262528263906e+02
3.038760092264329842e+02
3.036854714446107550e+02
3.034862526401778382e+02
3.032791515520602843e+02
3.030655973647587871e+02
3.028464142091653457e+02
3.026225253455587563e+02
3.023950733516305149e+02
3.021644668474655191e+02
3.019318111119104060e+02
3.016977261346903560e+02
3.014626968003598790e+02
3.012277134197995565e+02
3.009928606141888281e+02
3.007590535174901447e+02
3.005204916394546331e+02
3.002732565020039033e+02
3.000313590673777639e+02
2.997947716916266927e+02
2.995644973678527094e+02
2.993406451678428084e+02
2.991236395177397753e+02
2.989140853599371326e+02
2.987117299289070047e+02
2.985172705083064102e+02
2.983304202486006602e+02
2.981514841377799030e+02
2.979805675898929849e+02
2.978174171662353729e+02
2.976623825021546281e+02
2.975150704065619038e+02
2.973756580312016240e+02
2.972440849248162067e+02
2.971202305181038241e+02
2.970043356309479918e+02
2.968962561147457109e+02
2.967963116741394174e+02
2.967047416543484246e+02
2.966219008020332240e+02
2.965612567209178110e+02
2.965249540433540574e+02
2.965007565964321543e+02
2.964901200973255868e+02
2.964958078179238896e+02
2.965227438761508552e+02
2.965789501377018382e+02
2.966836489405887960e+02
2.968719706041410404e+02
2.972357496732639106e+02
2.979706971600867291e+02
2.995124194019285824e+02
3.027434959146886513e+02
3.085965029551626913e+02
3.170194309840131268e+02
3.253094674150982542e+02
3.311513175432334606e+02
3.348595746479473405e+02
3.380283599822029714e+02
3.422956154137377780e+02
3.488721916714831082e+02
3.576464154779264959e+02
3.662006812795483484e+02
3.725427611867623909e+02
3.767372332437115574e+02
3.801571679388299572e+02
3.838578348395847115e+02
3.889311777212975016e+02
3.963747397066226767e+02
4.054300524209586456e+02
4.140696470477295748e+02
4.215878602086841056e+02
4.296253918033485206e+02
4.394707783867901867e+02
4.502931183442517522e+02
4.597218246794195693e+02
4.663843553368412245e+02
4.707098206190063934e+02
4.739389421681820522e+02
4.769979404946205364e+02
4.803327462331704965e+02
4.840851328355587953e+02
4.879634702498745469e+02
4.915367396838382774e+02
4.944751027035239304e+02
4.967347177644568887e+02
4.984325177048742717e+02
4.997791823403645708e+02
5.006255241106244398e+02
5.013722963446926997e+02
5.020438856080628511e+02
5.026620473668828595e+02
5.032346897564933101e+02
5.037555663933169399e+02
5.042235505179027655e+02
5.046299188778281177e+02
5.049793896247911675e+02
5.052733523871755779e+02
5.055193669661125568e+02
5.057360522788525259e+02
5.059403544674985369e+02
5.061790270460438137e+02
5.065079014585870141e+02
5.070070997180523023e+02
5.077815329788467693e+02
5.088842625565010849e+02
5.103242232249143058e+02
5.119611225016314506e+02
5.135937601848119129e+02
5.150333144846586038e+02
5.162089780059525310e+02
5.171109044083090112e+02
5.175078281305829933e+02
5.176505802458912058e+02
5.176484848633283491e+02
5.175306597232701051e+02
5.173054707932111569e+02
5.169856638697784774e+02
5.165730172425231785e+02
5.160691819216505110e+02
5.154812934613579500e+02
5.148068209981337304e+02
5.140553887990380417e+02
5.132269125173412476e+02
5.123277196668535680e+02
5.113628968893930278e+02
5.103333532052464534e+02
5.092473944892144573e+02
5.081033652508655791e+02
5.069071642514369955e+02
5.056581806114682536e+02
5.043566748067237882e+02
5.030040089492119364e+02
5.015968239105828843e+02
5.001371240334199797e+02
4.986232029811954476e+02
4.967469740811906718e+02
4.947584334073183641e+02
4.927457458396235666e+02
4.907121490066306819e+02
4.886622148851426459e+02
4.865994525380843356e+02
4.845294741674950956e+02
4.824581266780908777e+02
4.803909939577283694e+02
4.783373750372684299e+02
4.763041697497168343e+02
4.743037566140665717e+02
4.723474732823115687e+02
4.704491863570587498e+02
4.686271785213239127e+02
4.668977813573727076e+02
4.652868819124097399e+02
4.638139468325123289e+02
4.625052707157240093e+02
4.613786394919472968e+02
4.604437824225936993e+02
4.596999426050741704e+02
4.591247371979416698e+02
4.586827712245931821e+02
4.580361191664741796e+02
4.573406888477555867e+02
4.566501022731512762e+02
4.559458864486665561e+02
4.552138943372895596e+02
4.544634516956567722e+02
4.536950018952495043e+02
4.529218198681900844e+02
4.521530469130012762e+02
4.513985313778280215e+02
4.506717886127462975e+02
4.499818415528011428e+02
4.493408545580569466e+02
4.487546469346218601e+02
4.482268511214485898e+02
4.477522866179178891e+02
4.473199272419528825e+02
4.469108525424001641e+02
4.465055663085073547e+02
4.460857520431469538e+02
4.456348499563335963e+02
4.451505851782809486e+02
4.446284255107462968e+02
4.440794435591491265e+02
4.435770250008366133e+02
4.430632127370051876e+02
4.425922374794221810e+02
4.421896714165223443e+02
4.418899849778916860e+02
4.417278032242554104e+02
4.417359466529909469e+02
4.419518293901130619e+02
4.423896943102427599e+02
4.430584728158103758e+02
4.439357518141069363e+02
4.449765925542250216e+02
4.461229305652121297e+02
4.473084391844786296e+02
4.484714276500438928e+02
4.495792451632291886e+02
4.506137559821212335e+02
4.515852887265487539e+02
4.525289060198468860e+02
4.534831553808585909e+02
4.544999460603397097e+02
4.556060316825434597e+02
4.568139110707474515e+02
4.580996398307452750e+02
4.595305703601839582e+02
4.609413568242784436e+02
4.623011614626113328e+02
4.635797372589930205e+02
4.647815456559109748e+02
4.659100198266129382e+02
4.662102493278478619e+02
4.671934854863158648e+02
4.681242381342030967e+02
4.689304655428824731e+02
4.695846757320989013e+02
4.700837431570868716e+02
4.704512720456763191e+02
4.707583247438125227e+02
4.710768762156754406e+02
4.715005254317337631e+02
4.721009246043475969e+02
4.729090964046501426e+02
4.739244007706910793e+02
4.750934879046104697e+02
4.763377384457980384e+02
4.775760796636714076e+02
4.787461959468204782e+02
4.798192130694459934e+02
4.808445145151959537e+02
4.818122719467998536e+02
4.827835991360058756e+02
4.837950152957654382e+02
4.848618547158681054e+02
4.859748007983600928e+02
4.870988314592516417e+02
4.881700524724901697e+02
4.891268600597452973e+02
4.899048531378693951e+02
4.904669231751894358e+02
4.907912370956736936e+02
4.908812768907687882e+02
4.907517932083165988e+02
4.904234952984168672e+02
4.899203825433376096e+02
4.892651860704297064e+02
4.884776600065835623e+02
4.875762290649936403e+02
4.865747107322833926e+02
4.854850781633410293e+02
4.843153191814135994e+02
4.830711444860772303e+02
4.817554350999120061e+02
4.803889734620032641e+02
4.790466308659455876e+02
4.776405050001462769e+02
4.761734006179414109e+02
4.746441081001480029e+02
4.730557535457908216e+02
4.714105068206384885e+02
4.697107483857857346e+02
4.679605929639386090e+02
4.661627501639210891e+02
4.643212564433609941e+02
4.624409364346088864e+02
4.605254328679814080e+02
4.585796043243428812e+02
4.566088813746600295e+02
4.546165809656973238e+02
4.526095437244729851e+02
4.505903286914200976e+02
4.485647822810124126e+02
4.465367002263636209e+02
4.445091836572899524e+02
4.424870354618268493e+02
4.404717288718989039e+02
4.384666425552972555e+02
4.364978543480850703e+02
4.345671562131354904e+02
4.326443932367191678e+02
4.307285294601554142e+02
4.288195045796170461e+02
4.269159737246037594e+02
4.250181964855872252e+02
4.231243470868295162e+02
4.212355968473920598e+02
4.193507456299255409e+02
4.174702557048087783e+02
4.155936372331119060e+02
4.137191519321659143e+02
4.118465391733363390e+02
4.099720076519208760e+02
4.080940389496676630e+02
4.062078787697681719e+02
4.043106712629520985e+02
4.023983699525393263e+02
4.004679285402254436e+02
3.985170664545760815e+02
3.965437046685741507e+02
3.945479292534330398e+02
3.925287733616142987e+02
3.906483171759376205e+02
3.886824546080299001e+02
3.867068984510676160e+02
3.847233676347256051e+02
3.827326396859007787e+02
3.807365265012608688e+02
3.787352087974350638e+02
3.767298481045549465e+02
3.747213126255521161e+02
3.727108424344805258e+02
3.706999249257568749e+02
3.686907192000851978e+02
3.666854068546459757e+02
3.646873634464429301e+02
3.626999209755804259e+02
3.607267018779055547e+02
3.587718799792347113e+02
3.568392159031732831e+02
3.549330829443566131e+02
3.530574557016123549e+02
3.512159051524640745e+02
3.494122409057724781e+02
3.476495870115417688e+02
3.459307427268050219e+02
3.443089006305132216e+02
3.427202407011879473e+02
3.411863648843717556e+02
3.397083416599300563e+02
3.382871619114703776e+02
3.369237950236963570e+02
3.356174613788141414e+02
3.343690324593544574e+02
3.331767794791072106e+02
3.320404111608409039e+02
3.309588061653681734e+02
3.299296786223349045e+02
3.289529322487836680e+02
3.280253124409109091e+02
3.271462817165016190e+02
3.263134065090551985e+02
3.255240799444125059e+02
3.247773982917675539e+02
3.240691678027868647e+02
3.233989944970832084e+02
3.227627397657549295e+02
3.221587913518238224e+02
3.215847338343839397e+02
3.210371500436334031e+02
3.204884925366740163e+02
3.200719328014632765e+02
3.196663153527115355e+02
3.192689874125882170e+02
3.188787934888232485e+02
3.184943250425110932e+02
3.181135692423333694e+02
3.177354849747090952e+02
3.173581665422116771e+02
3.169808617141633817e+02
3.166020474218656204e+02
3.162210988876352076e+02
3.158369327511696838e+02
3.154492733317892430e+02
3.150577615830430318e+02
3.146619800526819972e+02
3.142620116640915171e+02
3.138572636786505541e+02
3.134479852332596579e+02
3.130340804955778253e+02
3.126152080274374043e+02
3.121920413502516567e+02
3.117639513508585196e+02
3.113318138914924020e+02
3.109054042516921186e+02
3.105260979671610926e+02
3.101394776665792392e+02
3.097459197457566802e+02
3.093477043261586914e+02
3.089459260747674421e+02
3.085417843648938288e+02
3.081371065194853713e+02
3.077320310017756810e+02
3.073280731273075048e+02
3.069253279962129568e+02
3.065241659246700578e+02
3.061249535395160706e+02
3.057272059389753736e+02
3.053312077092137429e+02
3.049362901451681296e+02
3.045423930106355215e+02
3.041489465776504062e+02
3.037557189530926394e+02
3.033621154981810832e+02
3.029678203721029490e+02
3.025723435699318316e+02
3.021749656737421219e+02
3.017753915476485531e+02
3.014893210556281247e+02
3.012314267806000885e+02
3.009697232750887679e+02
3.007044751558102575e+02
3.004360459726063937e+02
3.001641590695001014e+02
2.998895416480723384e+02
2.996117546085835670e+02
2.993313500922940307e+02
2.990483201589358373e+02
2.987625783244230888e+02
2.984746363282201287e+02
2.981840271134469162e+02
2.978913258034804699e+02
2.975963458855354702e+02
2.972992901435922022e+02
2.970005745979451603e+02
2.967000222979303317e+02
2.963983390660324631e+02
2.960955939635714458e+02
2.957923536690395849e+02
2.954892490138510652e+02
2.951866370684202252e+02
2.948855678566507095e+02
2.946044853371262207e+02
2.943337423919607545e+02
2.940706317258101876e+02
2.938156524570268289e+02
2.935696599159869038e+02
2.933331469283219803e+02
2.931067335014700461e+02
2.928911414595481233e+02
2.926866906741736898e+02
2.924940286481930798e+02
2.923135110691919749e+02
2.921454135848766214e+02
2.919902401584910763e+02
2.918479242579568904e+02
2.917188943805678036e+02
2.916031703474859000e+02
2.915008094168853177e+02
2.914121898083868700e+02
2.913370058147167470e+02
2.912759192317976158e+02
2.912287079052550780e+02
2.911957717387309117e+02
2.911775170209994599e+02
2.911738290416186032e+02
2.912012872795178851e+02
2.912465081738260437e+02
2.913067968907491831e+02
2.913816714435311610e+02
2.914701460959799419e+02
2.915716546205616169e+02
2.916840043231750315e+02
2.918057734416634617e+02
2.919342491877911812e+02
2.920667876868565713e+02
2.922005190746283461e+02
2.923324145181946392e+02
2.924594863631708677e+02
2.925792475518492779e+02
2.926893919912935189e+02
2.927882096052434804e+02
2.928749285746183091e+02
2.929486742429203332e+02
2.930102810037369636e+02
2.930604251964016385e+02
2.931004944497810811e+02
2.931323651795416367e+02
2.931577265358633895e+02
2.931786928472814111e+02
2.932033517219688292e+02
2.932211818203537064e+02
2.932390997348927613e+02
2.932572067101660878e+02
2.932748901571575857e+02
2.932912052831199503e+02
2.933048016063968362e+02
2.933139441000229795e+02
2.933171158284821445e+02
2.933127071015898650e+02
2.932992759901255226e+02
2.932763400607173594e+02
2.932426860150861216e+02
2.931990612464544483e+02
2.931455258015398044e+02
2.930831018363189742e+02
2.930132818732296300e+02
2.929372175535163478e+02
2.928572282308302306e+02
2.927752411654668094e+02
2.926933890562821148e+02
2.926141959322499133e+02
2.925398677884941776e+02
2.924726637716576079e+02
2.924132149668777743e+02
2.923634503584714253e+02
2.923296505160847119e+02
2.923130986935877331e+02
2.923149767720021828e+02
2.923365856267695904e+02
2.923777824058848296e+02
2.924393456194450209e+02
2.925205410421090164e+02
2.926210586054747864e+02
2.927402751260455034e+02
2.928770930781806214e+02
2.930308223946792054e+02
2.932006811467120997e+02
2.933860086331292223e+02
2.935869378913087075e+02
2.938036403428742460e+02
2.940368036382744776e+02
2.942881613475613563e+02
2.945591077005471448e+02
2.948526161658572846e+02
2.951711468952279347e+02
2.955179983720258292e+02
2.958964739602624263e+02
2.963057559473501783e+02
2.967766136111162041e+02
2.972899086692549417e+02
2.978483266115632659e+02
2.984539982864960166e+02
2.991085316289101570e+02
2.998130443095980127e+02
3.005694373377011175e+02
3.013773981495384078e+02
3.022392608494403703e+02
3.031549918048826271e+02
3.041255301118927719e+02
3.051525953879640269e+02
3.062343984924793858e+02
3.073736869328523653e+02
3.085667044407165918e+02
3.098125709701229766e+02
3.111065145804914778e+02
3.124390412347638630e+02
3.138011157871169416e+02
3.151758344041016926e+02
3.165448208827284589e+02
3.178881717243499452e+02
3.191818313428094598e+02
3.204339242309672500e+02
3.215928166657692486e+02
3.226327557350052189e+02
3.235488647802950481e+02
3.243358042013977069e+02
3.249969206273239593e+02
3.255393860818378471e+02
3.259700573609144385e+02
3.263031854580684694e+02
3.265498468138030717e+02
3.267239382514998738e+02
3.268398120729619336e+02
3.269091218145263156e+02
3.269452292365754715e+02
3.269590953719523441e+02
3.269599498245788141e+02
3.269578170916762474e+02
3.269584503026167113e+02
3.269683886447676855e+02
3.269916809002255604e+02
3.270302446176900730e+02
3.270864998434724384e+02
3.271586795940592083e+02
3.272463031964079505e+02
3.273251565418798918e+02
3.274108914673980166e+02
3.274971649812574697e+02
3.275782022947951759e+02
3.276491945972314284e+02
3.277039757642680797e+02
3.277384220402423693e+02
3.277471186588879277e+02
3.277275373425265457e+02
3.276762731710635421e+02
3.275920412223804306e+02
3.274746219406399064e+02
3.273234729852060809e+02
3.271410465276184709e+02
3.269280435062984225e+02
3.266880134959566817e+02
3.264236302911550069e+02
3.261382497530626665e+02
3.258359888522828669e+02
3.255202825311571360e+02
3.251957334002197513e+02
3.248662135541502494e+02
3.245364290777806104e+02
3.242104917103614525e+02
3.238871452481832875e+02
3.235988725816736178e+02
3.233286300957068988e+02
3.230801256792563549e+02
3.228576129568307920e+02
3.226653834306047770e+02
3.225063536965285493e+02
3.223854780522057126e+02
3.223040262606756414e+02
3.222661142690026281e+02
3.222724530950973758e+02
3.223243032988860364e+02
3.224224262334730611e+02
3.225646024332650086e+02
3.227506876721760705e+02
3.229762697994143537e+02
3.232388976684533191e+02
3.235340172394313072e+02
3.238575818980513645e+02
3.242052467202196908e+02
3.245732739919438927e+02
3.249582692850637500e+02
3.253575364911372390e+02
3.257693993576190792e+02
3.261624657573501054e+02
3.265674901938111816e+02
3.269754804781834423e+02
3.273866928802778489e+02
3.277998277809458614e+02
3.282136841052788441e+02
3.286271585395057286e+02
3.290370375465540178e+02
3.294420250994993467e+02
3.298378553417398962e+02
3.302217891335783406e+02
3.305895223445642728e+02
3.309367082917850666e+02
3.312599307497293921e+02
3.315540011278299630e+02
3.318161585117919685e+02
3.320420661359173664e+02
3.322289406661236058e+02
3.323746891161600843e+02
3.324768077293491615e+02
3.325350886322527231e+02
3.325484218721983325e+02
3.325175149095138636e+02
3.324433904489132487e+02
3.323040860372418024e+02
3.321201414933450451e+02
3.319004431426211568e+02
3.316475988794897489e+02
3.313639295866842645e+02
3.310519001838548547e+02
3.307144910985485353e+02
3.303540936399848533e+02
3.299736590276651782e+02
3.295756141799186594e+02
3.291625130226289002e+02
3.287367113564779402e+02
3.283003198842123425e+02
3.278553059248377508e+02
3.274033085895486579e+02
3.269458209075228297e+02
3.264840104848467490e+02
3.260189407022892283e+02
3.255513082580981745e+02
3.250817597144545630e+02
3.246106906883836700e+02
3.241384053719723397e+02
3.236651614964101213e+02
3.231911353329448957e+02
3.226932222113990747e+02
3.221954317210259546e+02
3.216985885591622605e+02
3.212032721090964742e+02
3.207103320815571124e+02
3.202207385471797920e+02
3.197358265301293159e+02
3.192571695965409617e+02
3.187866202037481003e+02
3.183265380765308805e+02
3.178793856663079396e+02
3.174482286983696326e+02
3.170362917278275177e+02
3.166469550465917564e+02
3.162842206870942050e+02
3.159516276179213605e+02
3.156534110954489734e+02
3.153931857468919020e+02
3.151741569143028414e+02
3.149997285076055960e+02
3.148717258234390783e+02
3.147919162713729406e+02
3.147609224159750170e+02
3.147774371110802463e+02
3.148198800934869155e+02
3.149074997563805027e+02
3.150335798148317963e+02
3.151914870267633546e+02
3.153729536596107437e+02
3.155704996007289651e+02
3.157739001805242651e+02
3.159745742392141210e+02
3.161627068921528121e+02
3.163288525886492835e+02
3.164649636760295266e+02
3.165627383802597592e+02
3.166156576181182345e+02
3.166182229680178466e+02
3.165657011897216080e+02
3.164554968197832636e+02
3.162857133667394578e+02
3.160556879315880110e+02
3.157667851503832139e+02
3.154198383765322546e+02
3.150182602149000672e+02
3.145648509186064530e+02
3.140634272233147044e+02
3.135188435967899636e+02
3.129445610490362242e+02
3.123239497436961756e+02
3.116734529796935931e+02
3.109981090992363306e+02
3.103031130927168988e+02
3.095926521057641594e+02
3.088720046430879052e+02
3.081453924664053261e+02
3.074173345466780347e+02
3.066926033652081856e+02
3.059751934474633117e+02
3.052701250320401414e+02
3.045819166734244732e+02
3.039156686084734247e+02
3.032772537758033877e+02
3.026729246788557930e+02
3.021103836215258980e+02
3.015991425221860709e+02
3.011505645511309126e+02
3.007794953298660516e+02
3.005063321833912369e+02
3.003537877694677150e+02
3.003576498895563986e+02
3.005519650885444776e+02
3.009881133156395094e+02
3.017229651663687946e+02
3.027082586441562171e+02
3.039009157073779193e+02
3.052014675425634209e+02
3.065190337504814693e+02
3.077981612923632042e+02
3.090459696266571541e+02
3.102977458977881611e+02
3.116372228595080287e+02
3.131376658382172309e+02
3.149166322469380361e+02
3.171038476197315958e+02
3.198824429246153613e+02
3.236139365011314339e+02
3.289123630600039974e+02
3.373029340597377654e+02
3.512886569320326089e+02
3.726334269887234996e+02
3.964199098807076211e+02
4.147112304363756721e+02
4.257804772213701767e+02
4.327303754245105551e+02
4.382422281183445421e+02
4.448928542141543971e+02
4.548538152045160814e+02
4.677487013471381943e+02
4.793366608522869114e+02
4.868336225834921720e+02
4.914683981778424027e+02
4.946233133138606490e+02
4.970515647049665517e+02
4.990895967948662246e+02
5.008857297883596402e+02
5.025070334704346919e+02
5.039807946303326958e+02
5.052928677418545931e+02
5.064305236458145032e+02
5.073701503579251835e+02
5.080977247463081312e+02
5.086152955218433362e+02
5.089210424738669758e+02
5.090357901522062321e+02
5.089660748767826703e+02
5.087309208300514456e+02
5.083405743350139119e+02
5.078058851946660184e+02
5.071391786606997130e+02
5.060185538121733089e+02
5.042593133080433176e+02
5.024014073634864417e+02
5.004617597096752775e+02
4.984521749800135240e+02
4.963874530382154830e+02
4.942822064964337869e+02
4.921498264809306988e+02
4.900056809396285189e+02
4.878644159925303825e+02
4.857409813832771306e+02
4.836527447700343032e+02
4.816170699945798219e+02
4.796531784440065849e+02
4.777846988976607463e+02
4.764894648009578759e+02
4.756107280927820966e+02
4.740677874844523103e+02
4.726800067258826061e+02
4.714392759024613042e+02
4.703176897471752795e+02
4.692698204323345976e+02
4.682407595695621580e+02
4.671802830268936759e+02
4.657572893548074262e+02
4.642699676348672142e+02
4.627738911347511248e+02
4.613704820546944347e+02
4.602017730929120489e+02
4.595168076109056869e+02
4.596064774852745813e+02
4.607932305199294660e+02
4.631675061508580029e+02
4.663795099312275170e+02
4.696613104194416337e+02
4.723479884186015170e+02
4.741034268808377306e+02
4.749878431664746472e+02
4.752252274324346786e+02
4.750805870396175692e+02
4.747630717550032955e+02
4.744378011913706814e+02
4.742126148958128624e+02
4.741604613019913472e+02
4.743228473560026259e+02
4.747203653449145691e+02
4.753378474066711874e+02
4.761445964455038506e+02
4.767922263448267586e+02
4.773940788641073141e+02
4.781116927593324704e+02
4.789616987059968665e+02
4.799727396711547271e+02
4.811691655134280836e+02
4.825413428442970485e+02
4.840638019598756046e+02
4.856670991835235327e+02
4.872919096851341578e+02
4.888199504328276248e+02
4.901362336681028751e+02
4.910956606355471195e+02
4.916087289901300892e+02
4.916104294469299134e+02
4.911414546324314188e+02
4.902542076891800207e+02
4.890427766800636959e+02
4.876044766394182943e+02
4.860251793737266439e+02
4.844041324868093739e+02
4.828394173699027760e+02
4.814414994451256575e+02
4.803507699920120331e+02
4.795749520697944490e+02
4.791923727989520216e+02
4.793323743922583731e+02
4.798101251871860313e+02
4.803308293292080862e+02
4.806411168590615830e+02
4.806073438918078296e+02
4.802378624506349638e+02
4.796176173833110283e+02
4.788159900596559737e+02
4.779176019977753640e+02
4.769609025300432563e+02
4.759867851170031372e+02
4.750156289151039459e+02
4.740700732735660381e+02
4.731652376910878388e+02
4.723177989889528590e+02
4.715387809670826300e+02
4.708365088444655839e+02
4.702186661843469437e+02
4.696794743145246684e+02
4.692137153750931589e+02
4.688041755547846492e+02
4.684310714442697190e+02
4.681155841168071561e+02
4.677663256814817601e+02
4.674227466554455077e+02
4.670751355512337568e+02
4.667175313556111291e+02
4.663498541305426670e+02
4.659587521602130664e+02
4.655391873079030347e+02
4.650723527596670692e+02
4.645437419881890264e+02
4.639395086878483312e+02
4.632503365521644128e+02
4.624701310153985787e+02
4.616058635929563252e+02
4.606658468776720383e+02
4.596675279860618843e+02
4.586328052902278500e+02
4.575826977838628409e+02
4.565473248905622086e+02
4.555550680731971056e+02
4.546399409441731905e+02
4.538466259332615778e+02
4.532163814772421802e+02
4.528103545416624911e+02
4.527393451601034258e+02
4.530801621325584847e+02
4.537793329428039328e+02
4.548241089594092728e+02
4.561840365345096302e+02
4.577796591848784260e+02
4.595292542016679249e+02
4.613450575485806553e+02
4.631565731814347373e+02
4.648834254036039511e+02
4.664674072598057819e+02
4.678398949096293222e+02
4.689578541052488845e+02
4.698025372649277642e+02
4.703710500125632734e+02
4.706942190267805017e+02
4.707967744012217395e+02
4.707260975066721471e+02
4.705250367624250316e+02
4.702424911156569465e+02
4.699278398830747392e+02
4.696363513571764656e+02
4.694146795504624379e+02
4.693168735201458048e+02
4.693718398520146025e+02
4.695794980808856280e+02
4.699841714386416811e+02
4.705817234709004993e+02
4.713720478488725689e+02
4.723374477539014151e+02
4.734588685764608158e+02
4.747215083974780896e+02
4.761030677815684840e+02
4.775912428277213166e+02
4.791691581391102659e+02
4.808224423225842656e+02
4.825339949584193846e+02
4.842873555078526238e+02
4.860570224131261625e+02
4.878249680819753280e+02
4.895643034511439282e+02
4.912557285933583557e+02
4.928813036035741675e+02
4.944261735491606373e+02
4.958874280840179836e+02
4.972610876069541632e+02
4.985556293286511504e+02
4.997772100001849935e+02
5.009196277309810625e+02
5.020710259400834730e+02
5.031747284031806657e+02
5.042319320743303592e+02
5.052395581372610991e+02
5.061899595061312880e+02
5.070723100680822313e+02
5.078721690781277402e+02
5.085760151661477266e+02
5.091690387764728030e+02
5.096381008964248167e+02
5.099734579424973049e+02
5.101644102028526504e+02
5.102070455083577940e+02
5.100944366477053222e+02
5.098257934532737181e+02
5.093990996285955362e+02
5.088146394228591021e+02
5.080755457907510504e+02
5.071826925728232709e+02
5.061423296254596380e+02
5.049572474050291362e+02
5.036339963012305816e+02
5.021789606137273267e+02
5.005816815119048329e+02
4.988981852579653946e+02
4.971015729117995647e+02
4.952012261058723652e+02
4.932043377706057186e+02
4.911181634746913005e+02
4.889516978262399221e+02
4.867108024221475375e+02
4.844043336024442397e+02
4.820386567774905870e+02
4.796208586841883630e+02
4.771581285436989219e+02
4.746560001606247852e+02
4.721214310621707000e+02
4.695595374362854386e+02
4.669759912242265614e+02
4.643759143234909743e+02
4.617636757500918065e+02
4.591440192215199545e+02
4.565205195262112170e+02
4.538970675814138644e+02
4.512769100012583294e+02
4.486629985616872887e+02
4.460582127228654485e+02
4.434575625363045788e+02
4.408448134703761525e+02
4.382432699601291688e+02
4.356545092019757703e+02
4.330801504866934124e+02
4.305211357824554170e+02
4.279786357052867061e+02
4.254533248970193426e+02
4.229457290645902958e+02
4.204564750087836842e+02
4.179855631082543823e+02
4.155333319790124165e+02
4.130997721603631021e+02
4.106847064914542216e+02
4.082884346787105301e+02
4.059104338985254117e+02
4.035511207104547111e+02
4.012101723823340080e+02
3.988876891453464850e+02
3.965840246751882319e+02
3.942988721783654000e+02
3.920330555831738479e+02
3.897862707342997055e+02
3.875592133103703532e+02
3.853206797131963981e+02
3.830142786012715419e+02
3.807290276639824356e+02
3.784647784452750443e+02
3.762225980164946577e+02
3.740026010382566142e+02
3.718052729121063749e+02
3.696313480836155350e+02
3.674807343097742773e+02
3.653544864973981134e+02
3.632524933722541505e+02
3.611754353171081107e+02
3.591238479585866799e+02
3.570977180553597918e+02
3.550981215888361362e+02
3.531248356617518311e+02
3.511787298437993741e+02
3.492600998266728425e+02
3.473691327856092812e+02
3.455067349745278875e+02
3.436726822346504377e+02
3.418678353380637986e+02
3.400922993368069456e+02
3.383463144986743600e+02
3.366441502385371223e+02
3.349418647718139823e+02
3.332725661095873875e+02
3.316359281469020743e+02
3.300321811431453511e+02
3.284615402463259102e+02
3.269236380410075640e+02
3.254189626508275524e+02
3.239470041847523021e+02
3.225079823867774849e+02
3.211017449757546842e+02
3.197279796881816196e+02
3.183868553387932820e+02
3.170777119343016466e+02
3.158007457570792553e+02
3.145554020332534151e+02
3.133415527373753093e+02
3.121589605723640375e+02
3.110071332870891752e+02
3.098861625164350357e+02
3.087954235031869530e+02
3.077350620154358012e+02
3.067047124855556035e+02
3.057042966638877033e+02
3.048129667395245406e+02
3.039709810785893183e+02
3.031632962743339590e+02
3.023901918154884925e+02
3.016528430654740873e+02
3.009520185522213183e+02
3.002883264206375316e+02
2.996631508115698352e+02
2.990765673967287626e+02
2.985299626069818828e+02
2.980234306026377453e+02
2.975575351096460395e+02
2.971328343851408817e+02
2.967487542765809962e+02
2.964059320687183572e+02
2.961031749397698718e+02
2.958402335008719888e+02
2.956159564966646371e+02
2.954286278499947116e+02
2.952771199862593221e+02
2.951585878495496331e+02
2.950712043448911572e+02
2.950118896486889639e+02
2.949776704973031656e+02
2.950290838298423637e+02
2.951241286712875649e+02
2.952392118974812547e+02
2.953706612965922318e+02
2.955149373486380000e+02
2.956687934136047033e+02
2.958287904490216533e+02
2.959919725206225962e+02
2.961556145738337591e+02
2.963169500739630280e+02
2.964741335280863836e+02
2.966251133205912538e+02
2.967684231307407003e+02
2.969031389193461905e+02
2.970280500880334102e+02
2.971431175145950192e+02
2.972477495938124434e+02
2.973420896204069663e+02
2.974264933583622224e+02
2.975011084333957001e+02
2.975668482526604066e+02
2.976240987505003659e+02
2.976738026242917385e+02
2.977168274761256725e+02
2.977430930392497999e+02
2.977410005430002684e+02
2.977333874762230153e+02
2.977214297810887729e+02
2.977061534894841088e+02
2.976885334958986959e+02
2.976695326267128507e+02
2.976499881287780340e+02
2.976306377916598649e+02
2.976121409360516168e+02
2.975950224580822123e+02
2.975796950333023574e+02
2.975664120896265672e+02
2.975553295714478281e+02
2.975463715660222306e+02
2.975394975940331506e+02
2.975343998486287660e+02
2.975307728581250331e+02
2.975284429046300261e+02
2.975268722110825479e+02
2.975262589569382499e+02
2.975264413059674666e+02
2.975280399930351791e+02
2.975322379404180424e+02
2.975491532718228314e+02
2.975697753520789774e+02
2.976087169458317021e+02
2.976707113375809968e+02
2.977607457600586827e+02
2.978836887158686864e+02
2.980449334340204928e+02
2.982489289121522233e+02
2.984998948245871020e+02
2.988008464588293691e+02
2.991536834270843315e+02
2.995577450258517729e+02
3.000118589602630550e+02
3.005109101644608245e+02
3.010493844071668263e+02
3.016188077064928166e+02
3.022078071474659851e+02
3.028062380383507843e+02
3.033996407126342660e+02
3.039764821207680825e+02
3.045236008556915976e+02
3.050294670689949612e+02
3.054852179991609660e+02
3.058829917508750214e+02
3.062339257505939827e+02
3.065253883068896243e+02
3.067521004448094004e+02
3.069171568299577757e+02
3.070253959041705230e+02
3.070829226045555629e+02
3.070994237995973890e+02
3.070838686641150161e+02
3.070499832599306842e+02
3.070146920733031379e+02
3.069995674935433385e+02
3.070444971819982243e+02
3.072063491761147702e+02
3.075977219738651343e+02
3.084208271293722987e+02
3.100028547326243711e+02
3.129314734863490912e+02
3.177251965957422613e+02
3.246161773841948275e+02
3.327773821266192726e+02
3.409015992948304188e+02
3.482485694016189655e+02
3.554195101295960626e+02
3.632284802890103492e+02
3.721329028060363271e+02
3.818103098834707794e+02
3.912064599637827200e+02
3.991076146377882310e+02
4.051513163654030336e+02
4.098390152629863223e+02
4.141867688783506765e+02
4.192400541654800463e+02
4.255357653872068795e+02
4.327964070682730267e+02
4.401561497090901298e+02
4.472194001147058771e+02
4.543268013843476751e+02
4.614697212523490180e+02
4.680766602018042022e+02
4.736793317785873683e+02
4.781822942056165289e+02
4.815883857982713039e+02
4.840063279621472816e+02
4.855600234696761390e+02
4.864787160467924423e+02
4.869926008680317864e+02
4.872507383130283642e+02
4.873668821166015732e+02
4.871468568473035248e+02
4.869260430644391704e+02
4.866990223330370782e+02
4.864572306516504909e+02
4.861923870871902409e+02
4.858974424043506701e+02
4.855717403939147516e+02
4.852258311281242413e+02
4.848693300615132102e+02
4.845198676422622839e+02
4.841918628525774579e+02
4.838975157076384903e+02
4.836502204056242249e+02
4.834562977235771655e+02
4.833243885866947380e+02
4.832583610896130608e+02
4.832602166599540965e+02
4.833342195916395099e+02
4.834782849187350280e+02
4.836956069144050048e+02
4.839853612182999996e+02
4.843470388087194465e+02
4.847846162447044662e+02
4.852947616949801386e+02
4.859551786306154781e+02
4.867702240196939556e+02
4.876336524060890838e+02
4.885444395249813283e+02
4.894891341456420264e+02
4.904567446122559886e+02
4.914255329965481565e+02
4.923691224161440800e+02
4.932603405387315547e+02
4.940709759721752903e+02
4.947776731419273801e+02
4.953669890182420090e+02
4.958284361928294857e+02
4.961598247023623571e+02
4.963599220638215002e+02
4.964267644402263500e+02
4.963629849775540492e+02
4.961645466097372719e+02
4.958342902085244646e+02
4.953708770109970487e+02
4.947772975012184702e+02
4.940597813911260232e+02
4.932230201264506491e+02
4.922799032837275490e+02
4.911583301969187687e+02
4.898989049384462646e+02
4.885775822231897223e+02
4.872009129295179264e+02
4.857762239830955764e+02
4.843072468244409379e+02
4.827997772448385376e+02
4.812563819856009673e+02
4.796804862399216631e+02
4.780743932567542629e+02
4.764394067629646088e+02
4.747777149320576200e+02
4.730895339879564858e+02
4.713763736961764721e+02
4.696384046685344629e+02
4.678761575153700960e+02
4.660902507030113497e+02
4.642805539802715202e+02
4.624479701603518720e+02
4.605923136626823862e+02
4.587144304495593587e+02
4.568144647653157904e+02
4.548930723638727045e+02
4.529511611726989599e+02
4.509960075236773491e+02
4.489950283571602654e+02
4.469755806875414805e+02
4.449398057231175017e+02
4.428893242073137912e+02
4.408262274409206611e+02
4.387529551552215139e+02
4.366715765628396753e+02
4.345850295738902105e+02
4.324957100110131023e+02
4.304064732921505652e+02
4.283199282335460225e+02
4.262388071462052039e+02
4.241654819557847418e+02
4.221025477535667392e+02
4.200518922461254192e+02
4.180156326257774140e+02
4.159953323734030164e+02
4.139920666583059301e+02
4.120071378806910047e+02
4.100406961269450790e+02
4.080934120812779611e+02
4.061649581482342910e+02
4.042550530673229900e+02
4.024072300371370261e+02
4.006064530588848811e+02
3.988202010156632014e+02
3.970468551247651021e+02
3.952855995824225488e+02
3.935351316373267991e+02
3.917946949862937913e+02
3.900637150833226769e+02
3.883416694447844293e+02
3.866287193910420683e+02
3.849248382822138979e+02
3.832308417221503873e+02
3.815474050668973405e+02
3.798756526070396831e+02
3.782170215411738923e+02
3.765728054873892461e+02
3.749449058614851538e+02
3.733348190098033683e+02
3.717443289462943312e+02
3.701752870402370945e+02
3.686289729934903789e+02
3.671071568000724596e+02
3.656108388656134025e+02
3.641412170588819777e+02
3.627152438559732559e+02
3.613044857635064773e+02
3.599209985580451985e+02
3.585642688341960707e+02
3.572340387293806430e+02
3.559295058419441489e+02
3.546494685217884353e+02
3.533930870377515134e+02
3.521585750497940239e+02
3.509447465791697596e+02
3.497499805927139391e+02
3.485726296948423624e+02
3.474114423087564774e+02
3.462646121320117913e+02
3.451311397878235994e+02
3.440096101363400294e+02
3.428988843198083600e+02
3.417982576291109353e+02
3.407066358695915937e+02
3.396237436331900312e+02
3.385488743073103137e+02
3.374816974266819329e+02
3.364222230227147747e+02
3.353700953779540441e+02
3.343669001447539131e+02
3.333713528422941863e+02
3.323826340173478684e+02
3.314010923967720714e+02
3.304271133190097203e+02
3.294612558396409554e+02
3.285041007024734085e+02
3.275563227587559822e+02
3.266185186938560605e+02
3.256916234097053575e+02
3.247761018076981259e+02
3.238729403049139819e+02
3.229826305477670303e+02
3.221058658477578547e+02
3.212434443005629987e+02
3.203954951082279763e+02
3.195627354025192517e+02
3.187451840712007538e+02
3.179429663287071435e+02
3.171562096090931391e+02
3.163843495558236327e+02
3.156273961708117781e+02
3.148845768566682750e+02
3.141552992560641542e+02
3.134424428670263296e+02
3.127241853115223194e+02
3.120166336331218417e+02
3.113188199443385997e+02
3.106301669863659072e+02
3.099501562523858524e+02
3.092780984619600986e+02
3.086137610065557624e+02
3.079567694425586524e+02
3.073070790274576893e+02
3.066647424155402177e+02
3.060298407995090315e+02
3.054028620614994338e+02
3.047841995903912675e+02
3.041746917962151429e+02
3.035750857272311691e+02
3.029865716674641476e+02
3.024103537149554768e+02
3.018478619917145807e+02
3.013008842824905855e+02
3.007710533743946826e+02
3.002607290483295515e+02
2.997719136681563441e+02
2.993071639199502556e+02
2.988793883711887815e+02
2.984838018342258579e+02
2.981243019498733133e+02
2.978034039235524801e+02
2.975242797082960919e+02
2.972895606968864968e+02
2.971012478818961426e+02
2.969619956445487219e+02
2.968726882487446233e+02
2.968352158364499473e+02
2.968501778068688282e+02
2.969179077986635207e+02
2.970393112329896326e+02
2.972134512760807752e+02
2.974413704638614036e+02
2.977223385324282390e+02
2.980571137827761277e+02
2.984465124704818209e+02
2.988911872957891092e+02
2.993946588014185863e+02
2.999586907222720811e+02
3.005898318321653164e+02
3.012933636096527152e+02
3.020788393488919610e+02
3.029515802471530606e+02
3.039353788900057793e+02
3.050579880468995384e+02
3.063449164103118960e+02
3.078399471755044488e+02
3.095961692817198241e+02
3.116640354317075321e+02
3.141187821843502093e+02
3.169641328395622395e+02
3.201734484073076601e+02
3.236068884261688368e+02
3.270629531202476414e+02
3.303192017573805401e+02
3.332483425473574243e+02
3.357915977875816225e+02
3.380035606908406862e+02
3.399663118467003073e+02
3.417701447431869610e+02
3.435069628861684237e+02
3.440678788855981338e+02
3.457214062658750890e+02
3.473720471583883977e+02
3.488817621280798562e+02
3.501745268957301391e+02
3.511929252028409678e+02
3.522054255034134371e+02
3.530515281206788814e+02
3.537853436121880577e+02
3.544520842507168368e+02
3.551118741107994197e+02
3.558075511714390018e+02
3.565966579898253599e+02
3.575313583304632061e+02
3.586861258792808940e+02
3.601610660636341095e+02
3.621299401473481794e+02
3.648836417929427967e+02
3.687570711028704409e+02
3.741515587278925068e+02
3.810376488630183758e+02
3.890061603004932067e+02
3.971735190387167336e+02
4.047629612316931684e+02
4.112098668002862496e+02
4.163350897465182925e+02
4.200064621831845102e+02
4.223678822487439106e+02
4.236387445820402604e+02
4.238993985610277377e+02
4.235496912689328042e+02
4.228854194925705769e+02
4.220553045901691576e+02
4.211383176472802461e+02
4.201860740760521367e+02
4.192252107455606165e+02
4.182681156709654147e+02
4.173202126197630264e+02
4.163853611162695074e+02
4.154616602322522567e+02
4.145529450491791295e+02
4.136591555863353733e+02
4.127831328056184930e+02
4.119299274644561706e+02
4.111020706448294391e+02
4.103071588273151065e+02
4.095509251685630829e+02
4.088413991905181888e+02
4.081886047202607983e+02
4.076020709726820428e+02
4.070934845656075254e+02
4.066755829812731804e+02
4.063592191576595951e+02
4.060458515597172209e+02
4.057865126537591323e+02
4.056509771375211812e+02
4.056445207099020536e+02
4.057634259639072525e+02
4.060036127291915591e+02
4.063512133513545450e+02
4.067884774213565606e+02
4.072943397114859749e+02
4.078443716778631369e+02
4.084182476032536329e+02
4.089946476408875924e+02
4.095604085480251797e+02
4.101007470281677456e+02
4.106064710401030311e+02
4.110661909855551812e+02
4.114727443739429305e+02
4.118239129846830906e+02
4.121172769423173463e+02
4.123672655416752377e+02
4.125882754099380918e+02
4.128093784527333696e+02
4.130744853788988848e+02
4.134262563705649427e+02
4.140762973548363561e+02
4.149647246710807735e+02
4.161292177738809528e+02
4.175992805665756578e+02
4.193665501676499616e+02
4.213995507669195604e+02
4.235981591558086166e+02
4.258529468646827922e+02
4.280214598290426693e+02
4.299817325635162888e+02
4.316281389324237239e+02
4.329172263608045910e+02
4.338224447826967207e+02
4.343833740270866883e+02
4.346436707578805567e+02
4.346663371631464656e+02
4.345231828665030207e+02
4.342658273363560397e+02
4.339546573779510368e+02
4.336260026961559788e+02
4.333072972039501565e+02
4.330144657712587559e+02
4.327393659061764311e+02
4.324740828081899622e+02
4.322159832964317161e+02
4.319339994992494667e+02
4.316289783392092545e+02
4.313083444100245742e+02
4.309925358492100145e+02
4.307125942041669759e+02
4.305048071217146912e+02
4.304172811161494110e+02
4.304854857426822718e+02
4.307532484771023746e+02
4.312439488023584886e+02
4.319677066216563048e+02
4.329171157862773498e+02
4.340702007231010953e+02
4.354168614582704322e+02
4.369484411548158960e+02
4.386885827143589722e+02
4.406276926666348004e+02
4.427567861957422792e+02
4.450033137207701657e+02
4.472675076740312079e+02
4.494160111180950139e+02
4.513320616907116687e+02
4.529154076217144507e+02
4.541692894314041951e+02
4.550619112016709096e+02
4.556268687001575017e+02
4.559442292807784156e+02
4.560811257765797677e+02
4.561261492177940795e+02
4.561506576370505286e+02
4.562222791891882139e+02
4.563967445268826850e+02
4.567160419264619122e+02
4.572138640395586435e+02
4.579011498126081392e+02
4.587861981148567452e+02
4.598469842276730901e+02
4.610582525352323273e+02
4.623764110551900899e+02
4.637513456456799759e+02
4.651341864175122396e+02
4.664812151033214604e+02
4.677572255536334183e+02
4.689420142070322868e+02
4.700264510576103021e+02
4.710091040605691433e+02
4.719018193812838717e+02
4.727508076327943627e+02
4.734766287531853095e+02
4.741654943665139399e+02
4.748388439373823644e+02
4.755287808536867260e+02
4.762607627157539696e+02
4.770639261398102917e+02
4.779663769295295310e+02
4.789814035217118544e+02
4.801237005735312096e+02
4.813870688434785734e+02
4.827582142211501264e+02
4.842103628545003176e+02
4.857045952169469274e+02
4.871960395699964010e+02
4.886376818711714805e+02
4.899815426854571569e+02
4.911857900207980379e+02
4.922186447601846453e+02
4.930485583231431974e+02
4.936666167668868752e+02
4.940579052646504010e+02
4.942269559379893167e+02
4.941781373929069900e+02
4.938572157456240461e+02
4.933664881582555495e+02
4.926995455166484135e+02
4.918805270808652494e+02
4.909259903219270882e+02
4.898553093496951760e+02
4.886862801755552255e+02
4.874326990026239628e+02
4.861103866920641963e+02
4.847305175165522542e+02
4.833043646456653732e+02
4.818419332697198456e+02
4.803514359515082788e+02
4.788410517787658591e+02
4.773181768788026602e+02
4.757884911171693716e+02
4.742588831856658658e+02
4.727337268627836124e+02
4.712177218117107032e+02
4.697151247949519188e+02
4.682277471368363990e+02
4.667588327470442096e+02
4.653084061049162301e+02
4.638773073282649193e+02
4.623740734369147845e+02
4.608557062056938207e+02
4.593497826798259212e+02
4.578555763865583685e+02
4.563729910384904542e+02
4.549027897047492388e+02
4.534449601218257726e+02
4.520013105304050782e+02
4.505727967363354765e+02
4.491612768495297701e+02
4.477690856482427080e+02
4.463976434847336350e+02
4.450500313718609959e+02
4.437271948331567160e+02
4.424319329352891259e+02
4.411651915778276134e+02
4.399280950255601397e+02
4.387219094707356817e+02
4.375454815082094342e+02
4.363992930593529422e+02
4.352811441452904546e+02
4.341892744072259234e+02
4.331219994224745733e+02
4.320757834398808086e+02
4.309956870591216784e+02
4.297693394623493077e+02
4.285507648721362557e+02
4.273419755511598623e+02
4.261418162629398694e+02
4.249545305334082741e+02
4.237823423373879450e+02
4.226287919650745835e+02
4.215012229625235705e+02
4.204015315569708946e+02
4.193394496451349482e+02
4.183155020693461097e+02
4.173344466335501011e+02
4.163970861204066978e+02
4.154988020010543437e+02
4.146378274320833839e+02
4.137990729654249549e+02
4.129701808313632228e+02
4.121242800937081370e+02
4.112319382216814461e+02
4.102575192184665980e+02
4.091713788412230883e+02
4.079448191735013438e+02
4.065716419966757940e+02
4.049959443399352494e+02
4.031525937693955939e+02
4.011948746221940496e+02
3.991401410620604793e+02
3.970125079737591136e+02
3.948270917863879390e+02
3.926004011834421590e+02
3.903446695965967024e+02
3.880692171377630757e+02
3.857832158635804944e+02
3.834922113610255678e+02
3.812022559835503444e+02
3.789177209861702522e+02
3.766421039633464147e+02
3.743792770101848078e+02
3.721314904594736390e+02
3.699019451254865203e+02
3.676928016400270280e+02
3.655063282464704457e+02
3.633449992138508833e+02
3.612103975469885313e+02
3.591050583168227490e+02
3.570304511913395231e+02
3.549887542095886488e+02
3.530445181462490609e+02
3.510159001635875597e+02
3.490359885470957693e+02
3.471050778121631311e+02
3.452245119364596349e+02
3.433944587157740784e+02
3.416150939715226400e+02
3.398867240619786116e+02
3.382083076818499308e+02
3.365796072184459717e+02
3.349991138182970758e+02
3.334652066723872963e+02
3.319765379102816496e+02
3.305302610395285114e+02
3.291248057853724731e+02
3.277574573091714569e+02
3.264256594014051416e+02
3.251278244678074429e+02
3.238609793452019971e+02
3.226240169753033911e+02
3.214148562172945276e+02
3.202319445132329747e+02
3.190748214422852698e+02
3.179415787214701936e+02
3.168957121555066010e+02
3.159095269285656968e+02
3.149441419152169033e+02
3.139996990691329870e+02
3.130760748555836699e+02
3.121748135536837481e+02
3.112962817867679632e+02
3.104434315788494132e+02
3.096184255614252265e+02
3.088264207690386343e+02
3.080736169728888854e+02
3.073688194038014103e+02
3.067259744602699811e+02
3.061589995705288061e+02
3.056937467559398556e+02
3.053503875757604078e+02
3.051584056980844366e+02
3.051411743594672998e+02
3.053077523230663815e+02
3.056586352650942331e+02
3.061538645264941465e+02
3.067402508933490139e+02
3.073453127050377134e+02
3.079035447870401754e+02
3.083589957374099981e+02
3.086918623916446336e+02
3.089033454312569802e+02
3.090253797656800430e+02
3.090891350542750047e+02
3.091280888527989532e+02
3.091746432809025578e+02
3.092515943862498489e+02
3.093798988729304256e+02
3.095739929928803917e+02
3.098412474957544305e+02
3.101863494647538460e+02
3.106076963567938378e+02
3.110996281750399817e+02
3.116531161907175260e+02
3.122532300404229773e+02
3.128831590927647426e+02
3.135220156307040043e+02
3.141487600954992558e+02
3.147398358251911077e+02
3.152759385458101065e+02
3.157358087090124741e+02
3.161055565242248804e+02
3.163728946212044093e+02
3.165078844974578374e+02
3.164883550855318504e+02
3.163561135407081224e+02
3.161197799281308107e+02
3.157872759365246793e+02
3.153699907180131845e+02
3.148800432614216334e+02
3.143286076829958802e+02
3.137286668167020025e+02
3.130905759587982402e+02
3.124256732067976827e+02
3.117432910429279218e+02
3.110524982427703549e+02
3.103612574273502673e+02
3.096766768802145293e+02
3.090058189141712433e+02
3.083546145196143016e+02
3.077300947962589248e+02
3.071380746864027742e+02
3.065862479324131300e+02
3.060831224056699966e+02
3.056376160841633691e+02
3.052648007039318259e+02
3.049760241637327454e+02
3.047769944006944911e+02
3.046774704773305871e+02
3.047084404083153686e+02
3.048812201260636812e+02
3.051886424388637806e+02
3.056242936122062019e+02
3.061717075624900986e+02
3.068409417844905533e+02
3.076644764110268966e+02
3.087570221403744313e+02
3.102784540957323429e+02
3.124629394418628294e+02
3.155918530570829716e+02
3.198249414063334939e+02
3.252310841059097015e+02
3.315721003762075725e+02
3.384858984937858963e+02
3.456016149373533608e+02
3.526580624205983554e+02
3.595093213262809400e+02
3.660552612842827216e+02
3.720690662827531696e+02
3.771968243266115905e+02
3.811537544882781958e+02
3.836237211047179017e+02
3.847399909429291256e+02
3.850629302247006081e+02
3.849192992779941846e+02
3.845515161648149274e+02
3.840859137675536772e+02
3.835997591249403058e+02
3.831065696345066272e+02
3.826041187244367165e+02
3.820735780985011729e+02
3.815084873261100711e+02
3.809001213776268742e+02
3.802530991972014363e+02
3.795745609320378549e+02
3.788715141209356148e+02
3.781587002413269261e+02
3.774414721152141396e+02
3.767342676714459913e+02
3.760432375303223580e+02
3.753784880118969909e+02
3.747478055265116268e+02
3.741569344461943842e+02
3.736143387153482536e+02
3.731225498864637302e+02
3.726518632335390180e+02
3.720525582293317939e+02
3.715184682423158051e+02
3.710479185274315910e+02
3.706371282759583323e+02
3.702824982203446780e+02
3.699757543150775518e+02
3.697106787482254617e+02
3.694770818958089080e+02
3.692661387867634630e+02
3.690677207218105877e+02
3.688718112961632869e+02
3.686693947193968484e+02
3.684517605396519002e+02
3.682116837025616292e+02
3.679426684115758235e+02
3.676402574347132486e+02
3.672998030310027957e+02
3.669202591519632506e+02
3.664988500084421048e+02
3.660364124509989665e+02
3.655329744434894224e+02
3.649895536846904065e+02
3.644096994055046821e+02
3.638466619084954914e+02
3.632264453971274065e+02
3.625822167487260685e+02
3.619191299990338280e+02
3.612414166542753264e+02
3.605519466148935521e+02
3.598563644693285823e+02
3.591558647109625895e+02
3.584544217038537113e+02
3.577528656668166036e+02
3.570515531324025460e+02
3.563504895509449852e+02
3.556471349754814923e+02
3.549397339412269616e+02
3.542243391534557873e+02
3.534980325250697319e+02
3.527562416132846010e+02
3.519960926492854014e+02
3.512137457423023079e+02
3.504065927205556363e+02
3.495730421279544089e+02
3.487106219902925091e+02
3.478201332656462910e+02
3.469002490223116979e+02
3.459979031641510119e+02
3.450785969172758882e+02
3.441362751379475640e+02
3.431739873682040525e+02
3.421929585248829540e+02
3.411965950016063402e+02
3.401867949462484830e+02
3.391661708803108013e+02
3.381373232738450270e+02
3.371021709857683391e+02
3.360635489763949408e+02
3.350232503212469624e+02
3.339837482793398067e+02
3.329469835227412773e+02
3.319149996722549645e+02
3.308898302209322537e+02
3.298732893090910352e+02
3.288673985193289582e+02
3.278738632227582457e+02
3.268946305267722323e+02
3.259312570023387821e+02
3.249857164163030347e+02
3.240594991215727418e+02
3.231543656756662699e+02
3.223524422111718195e+02
3.216046682902476164e+02
3.208828906809913519e+02
3.201880001941685805e+02
3.195219422956367907e+02
3.188857437137494344e+02
3.182806042155436330e+02
3.177083270460571498e+02
3.171693386297143888e+02
3.166659963222819556e+02
3.161989139739150119e+02
3.157701325872827169e+02
3.153817873841177288e+02
3.150354024744784169e+02
3.147351386145937227e+02
3.144828221127450547e+02
3.142835112467737417e+02
3.141411851981868608e+02
3.140602394831291804e+02
3.140474485748858342e+02
3.141055681949924292e+02
3.142411627046765261e+02
3.144557402167745295e+02
3.147511321175650778e+02
3.151638688792608036e+02
3.156737029928577272e+02
3.162435032631798322e+02
3.168630003130261343e+02
3.175254064470026378e+02
3.182217833598549532e+02
3.189492024537101997e+02
3.197045480607565651e+02
3.204921322384705036e+02
3.213195980308009894e+02
3.221960371180973652e+02
3.231372576284757656e+02
3.241567909703601913e+02
3.252711580007306225e+02
3.264969886428978612e+02
3.278458878925291629e+02
3.293299391043632909e+02
3.309558177675606316e+02
3.327225589805863706e+02
3.346299263736358967e+02
3.366664413833976255e+02
3.388180867674778369e+02
3.410725205645680944e+02
3.434052450630577482e+02
3.457204717342552271e+02
3.479983180331839776e+02
3.502886749044484418e+02
3.525771108825886131e+02
3.548485960529175713e+02
3.570921418478673672e+02
3.593104050178232001e+02
3.615069705428747397e+02
3.636966669846359537e+02
3.659034827938542662e+02
3.681377168822385784e+02
3.704212832159090567e+02
3.727548473894476047e+02
3.751361768487983568e+02
3.775553069961224537e+02
3.799938237644586820e+02
3.824354493261956236e+02
3.848663270351525512e+02
3.872802171407763012e+02
3.896768292239123639e+02
3.920728421626648128e+02
3.944802975270581555e+02
3.969301735336765091e+02
3.994392524935462347e+02
4.018235890048442798e+02
4.042305078046403537e+02
4.066111664273688007e+02
4.089077280528667302e+02
4.110314338210478695e+02
4.129121847571507260e+02
4.144900437088247713e+02
4.157281235119061193e+02
4.166145161938789556e+02
4.171449192096561660e+02
4.173372678481386515e+02
4.172173902883979508e+02
4.168257689822997349e+02
4.162049780769010567e+02
4.153999174028308516e+02
4.144488094674352396e+02
4.133853496355587254e+02
4.122358029678852063e+02
4.110208874891914661e+02
4.097566272519454742e+02
4.084546098850163389e+02
4.071246554729252694e+02
4.057728293835851900e+02
4.044046547973587735e+02
4.030596815246437927e+02
4.016353616258172678e+02
4.002059662279698387e+02
3.987702502760373022e+02
3.973278265123241795e+02
3.958767777167172994e+02
3.944163424331032957e+02
3.929450211239774831e+02
3.914616433858313940e+02
3.899655136328335630e+02
3.884557313053967960e+02
3.869325207516288287e+02
3.853957022958633729e+02
3.838460983967897846e+02
3.822844316060186998e+02
3.807119530734623822e+02
3.791300766013568477e+02
3.775402887200327768e+02
3.759442434656176033e+02
3.743433448977066291e+02
3.727392167031524082e+02
3.711328793204024805e+02
3.695257541032874542e+02
3.679184306773690878e+02
3.664296716279273483e+02
3.648652967236143922e+02
3.633054434164739632e+02
3.617499421565973989e+02
3.601981839267493228e+02
3.586501349299310277e+02
3.571051291823372935e+02
3.555630596596016630e+02
3.540235055879277297e+02
3.524863506016832844e+02
3.509515233340941904e+02
3.494190151086887113e+02
3.478890993492578332e+02
3.463619308342499039e+02
3.448382068325733485e+02
3.433182483171454464e+02
3.418029874127570906e+02
3.402931291615328178e+02
3.387896870505900893e+02
3.372938138363261373e+02
3.358064016036814792e+02
3.343288563461117064e+02
3.328621792551333556e+02
3.314076617073576472e+02
3.300270749565445385e+02
3.286082784610362069e+02
3.272096280759668048e+02
3.258317680318561429e+02
3.244758217299324201e+02
3.231425911029342615e+02
3.218328177310169735e+02
3.205475836695356406e+02
3.192872974119830474e+02
3.180530322860049637e+02
3.168452435256103854e+02
3.156646690023762289e+02
3.145121304401080806e+02
3.133879570111630528e+02
3.122932849027828865e+02
3.112283836920236695e+02
3.101943107980791865e+02
3.091918645561668200e+02
3.082217708015085122e+02
3.072856067795631816e+02
3.063842193497429776e+02
3.055198830159456520e+02
3.046949156372136258e+02
3.039124835675508507e+02
3.032074832653678413e+02
3.025755142088862613e+02
3.020110540627727005e+02
3.015318700513653312e+02
3.011623587481842605e+02
3.009492535335285197e+02
3.009438064181471191e+02
3.012300519824819389e+02
3.018978658163609339e+02
3.030230645193618102e+02
3.046689198129565170e+02
3.068050649439117592e+02
3.094455320516948404e+02
3.126488420618060786e+02
3.167112434554827018e+02
3.220449106789957909e+02
3.292827045852193351e+02
3.390413390858779508e+02
3.519247880481026982e+02
3.676724631580388518e+02
3.845408758894014909e+02
4.002279476312623387e+02
4.134504170676911485e+02
4.239030623113516754e+02
4.314409548278973148e+02
4.364168015022341933e+02
4.395605163429931963e+02
4.415282754386932424e+02
4.427406315059031954e+02
4.435179092578393920e+02
4.440451870254767641e+02
4.444251875437289527e+02
4.447263331666082422e+02
4.449833748644206253e+02
4.452197034597775769e+02
4.454499868928746764e+02
4.456790843572573522e+02
4.459123816963626723e+02
4.461463103622382391e+02
4.463789041465552145e+02
4.466010702883822319e+02
4.468050899154235367e+02
4.469782645257245690e+02
4.471108075714821553e+02
4.471898664390005820e+02
4.472043570910625476e+02
4.471468313753500752e+02
4.470071854740539834e+02
4.466347346458573497e+02
4.461571423875248001e+02
4.455928189139469850e+02
4.449438413827164709e+02
4.442124130783436726e+02
4.434055226998008266e+02
4.425302919729007272e+02
4.415962360917394562e+02
4.406118215096194035e+02
4.395869163032540996e+02
4.385292523933766802e+02
4.374464050022434662e+02
4.363448804321242847e+02
4.352272216252098929e+02
4.340981971395211758e+02
4.329569179428830807e+02
4.318043523421339955e+02
4.306398730989188834e+02
4.294614230780169919e+02
4.282703703532557711e+02
4.270646129716383825e+02
4.258468201503420687e+02
4.246178715488157991e+02
4.233812788071610953e+02
4.221731708264043732e+02
4.209170072349267571e+02
4.196630073076046870e+02
4.184145381790411307e+02
4.171785435950645820e+02
4.159585116885192519e+02
4.147590451376992178e+02
4.135839280952423564e+02
4.124338005824270112e+02
4.113124275305781339e+02
4.102178472351465075e+02
4.091532098564200055e+02
4.081168366369292357e+02
4.071113392054319888e+02
4.061395664978967375e+02
4.052024854544479808e+02
4.043075842602124794e+02
4.034549856964995911e+02
4.026519476493044749e+02
4.018988511961230188e+02
4.011948345233183773e+02
4.005381205690127331e+02
3.999161138646166478e+02
3.993187918264065956e+02
3.986778812875963354e+02
3.978990124811762712e+02
3.970928061169756802e+02
3.962434715585781646e+02
3.953353346951153640e+02
3.943591706745570491e+02
3.933144043715560656e+02
3.921983271714676675e+02
3.910232687965274749e+02
3.897952388568091919e+02
3.885303579393469136e+02
3.872445151554445602e+02
3.859527797014678754e+02
3.846770980028857139e+02
3.834320747636157876e+02
3.822373458336696217e+02
3.811071707232786707e+02
3.800505802276159670e+02
3.790751373714354031e+02
3.781783083943741985e+02
3.773563964333038712e+02
3.766015570584991110e+02
3.759072131237689405e+02
3.752658894376234002e+02
3.746917264265676977e+02
3.742074704619781755e+02
3.738171191559278554e+02
3.735236269924103567e+02
3.733340816659502366e+02
3.732578928992184046e+02
3.732937914415257978e+02
3.734534926663106376e+02
3.737350769227577416e+02
3.741437532007738582e+02
3.746883894169905034e+02
3.753668576906110275e+02
3.761903280716132372e+02
3.771492303569341402e+02
3.782360278357298853e+02
3.794361689675647540e+02
3.807228985613294299e+02
3.820736336072081940e+02
3.834606755583317863e+02
3.848598144321402401e+02
3.862555455004817873e+02
3.876433325832937271e+02
3.890210531524476778e+02
3.904089044465657707e+02
3.917910389467019172e+02
3.932172014446595654e+02
3.946994282647797831e+02
3.962551924785161077e+02
3.978942998446062802e+02
3.996207949424840535e+02
4.014399202830603599e+02
4.033727307055212350e+02
4.054550819572576756e+02
4.077743339566388840e+02
4.104217909951327670e+02
4.135344238708273679e+02
4.172271580733705036e+02
4.215814963218944627e+02
4.266294880316067406e+02
4.322901815273013995e+02
4.384343848881827626e+02
4.448720067973692380e+02
4.514328090194604215e+02
4.579966077175162695e+02
4.645111773189540827e+02
4.709391791553584312e+02
4.772495453901792644e+02
4.833514525040098420e+02
4.890331487553365832e+02
4.942872106705632973e+02
4.990358014595995542e+02
5.032136353212019912e+02
5.067530726078121575e+02
5.096200101095171817e+02
5.118255486821701652e+02
5.133972664043225222e+02
5.144112908702390996e+02
5.149242889509640690e+02
5.150275685692022307e+02
5.147725211264090603e+02
5.142186584698989691e+02
5.134052502319641462e+02
5.123585406614441808e+02
5.111111738297591387e+02
5.096738003791155620e+02
5.080698738353043495e+02
5.063062380619556961e+02
5.043924157406407289e+02
5.023333576101778704e+02
5.001306538219533877e+02
4.977897737087251357e+02
4.953136412843912240e+02
4.926958382913010723e+02
4.901303341636440791e+02
4.874781587417450055e+02
4.847474891124822989e+02
4.819502888025310767e+02
4.790972197753323485e+02
4.761983849331641636e+02
4.732661809290348174e+02
4.703086705181618186e+02
4.673378651269376860e+02
4.643620183640792334e+02
4.613908874445020274e+02
4.584345140913117120e+02
4.555014133108302303e+02
4.526043643603200053e+02
4.497568713295945599e+02
4.469801260238137957e+02
4.443140947509972989e+02
4.418258149332169182e+02
4.396818638105137325e+02
4.382033178762874286e+02
4.380638183053014814e+02
4.403555212604725284e+02
4.456178485645772298e+02
4.523550839422217109e+02
4.574805377676352691e+02
4.598064465920246562e+02
4.602615745543960770e+02
4.597707651135095261e+02
4.588246063073620462e+02
4.576812634222285396e+02
4.564628831890875063e+02
4.552529345742805162e+02
4.540860428777182847e+02
4.529581204721487779e+02
4.518217562723795027e+02
4.506118174204357842e+02
4.492726917440945726e+02
4.477792149319983537e+02
4.461292556143343973e+02
4.443568807264231282e+02
4.424889579641400701e+02
4.405622344186440387e+02
4.385977872190637186e+02
4.366086864469028228e+02
4.346001595380769231e+02
4.325714402964559895e+02
4.305161927594330677e+02
4.285694084073826389e+02
4.265859346808959458e+02
4.245771504348477947e+02
4.225489747302541446e+02
4.205063712273002920e+02
4.184633329934033554e+02
4.164268720312159076e+02
4.144098858610404932e+02
4.124200209230328937e+02
4.104617079447902483e+02
4.085384090170898617e+02
4.066454893336859868e+02
4.047810598283120953e+02
4.029358289952116365e+02
4.011056300785562598e+02
3.992852950413153508e+02
3.974735905211066438e+02
3.956796389295356562e+02
3.939110533903107125e+02
3.921943285870573277e+02
3.905512633928968285e+02
3.890148696984580283e+02
3.876205715454253209e+02
3.863909092025089080e+02
3.854392036512369373e+02
3.848267141828241620e+02
3.843784256763024132e+02
3.840480305313264466e+02
3.837704811018386977e+02
3.834718654678537746e+02
3.830829764023786765e+02
3.825455000240185086e+02
3.818293488496727264e+02
3.809275364909913719e+02
3.798442406243499363e+02
3.786105367689020795e+02
3.772481430543629131e+02
3.757922651484156518e+02
3.742705471189131572e+02
3.727068170742547295e+02
3.711252008219630625e+02
3.695416466224784244e+02
3.679727095460410169e+02
3.664310731475648026e+02
3.649264851491652735e+02
3.634684894337659671e+02
3.620641288142048779e+02
3.607187954674226376e+02
3.594203033023896978e+02
3.582147555336996447e+02
3.570695205461310593e+02
3.559836257677903291e+02
3.549545550354634997e+02
3.539797846729576918e+02
3.530526340178299165e+02
3.521685992725028882e+02
3.513195111173822056e+02
3.504994240280841495e+02
3.497010927493132613e+02
3.489187450918992681e+02
3.481470137265619087e+02
3.473819288813238586e+02
3.466206391633827479e+02
3.458602133796058524e+02
3.450991642489499895e+02
3.443345710877686088e+02
3.435648061826291269e+02
3.427869360971710648e+02
3.419980656561677961e+02
3.411959013130648373e+02
3.403770097052524761e+02
3.395404418331960414e+02
3.386698631056927979e+02
3.377318856828362641e+02
3.367799624027244931e+02
3.358151385408131091e+02
3.348410345450771501e+02
3.338598205244379642e+02
3.328749399358082997e+02
3.318896242606878673e+02
3.309063014338387347e+02
3.299284201497083586e+02
3.289580156822527215e+02
3.279977782948571985e+02
3.270500808547578231e+02
3.261165010957153640e+02
3.251997625634621158e+02
3.243009452741805489e+02
3.234226891410763756e+02
3.225665348962805297e+02
3.217342737214349313e+02
3.209284018592127268e+02
3.201500077613337112e+02
3.194023838361401886e+02
3.186866046728436572e+02
3.180059360208576891e+02
3.174378734592821729e+02
3.170034430601501185e+02
3.166149517995144151e+02
3.162707735053286910e+02
3.159721123736755430e+02
3.157165434505462827e+02
3.155031662211968637e+02
3.153294131113278809e+02
3.151907000239174295e+02
3.150826652518800870e+02
3.149977638248020639e+02
3.149283749369003544e+02
3.148662300662644498e+02
3.148024857891182933e+02
3.147297799823844571e+02
3.146429175804251486e+02
3.145364166557781118e+02
3.144106698795656598e+02
3.142647195081999030e+02
3.141014533344988422e+02
3.139246399548292175e+02
3.137377521988461240e+02
3.135469877498233586e+02
3.133561488403948943e+02
3.131934609640854887e+02
3.130535125385858919e+02
3.129183720109269302e+02
3.127906193187100712e+02
3.126720799129245165e+02
3.125640107015615285e+02
3.124665029889021071e+02
3.123795061407562912e+02
3.123015361285059157e+02
3.122312195252715696e+02
3.121660264982680815e+02
3.121030995942927575e+02
3.120394029390622563e+02
3.119711652162443443e+02
3.118947937899713452e+02
3.118063869247235402e+02
3.117020575759546546e+02
3.115781743088998610e+02
3.114316505073050507e+02
3.112589216212660972e+02
3.110581582421888243e+02
3.108268642927711767e+02
3.105638334377862861e+02
3.102689698061600438e+02
3.099151668596058471e+02
3.095117316867355157e+02
3.090785014731533238e+02
3.086190374385792552e+02
3.081377101444195432e+02
3.076380257497855268e+02
3.071262340796653802e+02
3.066070160186822591e+02
3.060868650635997028e+02
3.055729781227366288e+02
3.050718614238932105e+02
3.045932089026579774e+02
3.041458850504340603e+02
3.037412224524871363e+02
3.033938703767065022e+02
3.031183830419713559e+02
3.029381681844046170e+02
3.028771743856956391e+02
3.029692447859304707e+02
3.032592402973644425e+02
3.037943436354407254e+02
3.046503328437920004e+02
3.058934232099239807e+02
3.076144281484451994e+02
3.098937341432683183e+02
3.127962714252361138e+02
3.163098574428104826e+02
3.203830739508610463e+02
3.249461175281629721e+02
3.299092536187945939e+02
3.351600769055189630e+02
3.406218202732596296e+02
3.461903631276290980e+02
3.517384230497875137e+02
3.571430014500281800e+02
3.622499712713714075e+02
3.669301549712516817e+02
3.711141957159858862e+02
3.747358370670136765e+02
3.778037784631709997e+02
3.803303406738718309e+02
3.823465847541642688e+02
3.839162165926083503e+02
3.850813993567221587e+02
3.859025456415658368e+02
3.864217343205880297e+02
3.866729442607652913e+02
3.866911552681955868e+02
3.863405841312787175e+02
3.855456524006253289e+02
3.845973239171332239e+02
3.835187453278483645e+02
3.823341464118807949e+02
3.810620465015782656e+02
3.797213450902691534e+02
3.783266626049815500e+02
3.768905641239014130e+02
3.754243155521796211e+02
3.739359911019508900e+02
3.724334292286025629e+02
3.709220658730669129e+02
3.694068264360718103e+02
3.678916572481105618e+02
3.663793820191399391e+02
3.648726622654826315e+02
3.633733204486691761e+02
3.618829529079072813e+02
3.604029223599642364e+02
3.589341153520340413e+02
3.574774622570707834e+02
3.560339083119167753e+02
3.546039578850682688e+02
3.532555216963981479e+02
3.518193532691031464e+02
3.504113342198387500e+02
3.490314991853579158e+02
3.476795344364682023e+02
3.463560744007249923e+02
3.450606896543093853e+02
3.437941744876890766e+02
3.425563314795468273e+02
3.413473471776808879e+02
3.401676546540974186e+02
3.390167082604233428e+02
3.378952607277627749e+02
3.368024455712258032e+02
3.357385386017137421e+02
3.347032495991146561e+02
3.336962165166190744e+02
3.327179823136495429e+02
3.317683473680805264e+02
3.308486406505879813e+02
3.299601077729186045e+02
3.291057325000434162e+02
3.282893329953807324e+02
3.275179572341207290e+02
3.268655450230788801e+02
3.262431740658595913e+02
3.257104168192376505e+02
3.252901665563760503e+02
3.250210522055689921e+02
3.249424807249887408e+02
3.251226389232563747e+02
3.256337302208093547e+02
3.265636939348084411e+02
3.280198004075432436e+02
3.300576786474917412e+02
3.327296949525193668e+02
3.359878795835010692e+02
3.397487875987039843e+02
3.439128954497240898e+02
3.483628679919345359e+02
3.529854107843093516e+02
3.577053871486676826e+02
3.625051932412200131e+02
3.675804783588212103e+02
3.732765701714973261e+02
3.800759981605082203e+02
3.882229207567460207e+02
3.973981378376141151e+02
4.068542194960714369e+02
4.165500819986602892e+02
4.265872305517834775e+02
4.371319214547099250e+02
4.475731188799180131e+02
4.568528481343795988e+02
4.643008046508570033e+02
4.698824367644740505e+02
4.741760512944590573e+02
4.777625039400522269e+02
4.811103038369669207e+02
4.845259627887663214e+02
4.881758731058086482e+02
4.920874148422801682e+02
4.961323096643042163e+02
5.000944631813059118e+02
5.037814417088783330e+02
5.070948603028498383e+02
5.100435403689651821e+02
5.126695298814365742e+02
5.150164981280672691e+02
5.171161385267487276e+02
5.189799665808400277e+02
5.206220441397863397e+02
5.218161900519299934e+02
5.227574602126416039e+02
5.234969894732970488e+02
5.240455300291292815e+02
5.244127460905067437e+02
5.246103992586635059e+02
5.246562813531226084e+02
5.245667874952408738e+02
5.243644428635294616e+02
5.240689525188734024e+02
5.237051140228272743e+02
5.232930361781716329e+02
5.228555854363345361e+02
5.224126900748283333e+02
5.219826229600951137e+02
5.215835948875899248e+02
5.212278013021358447e+02
5.209290449696011365e+02
5.206943442504224322e+02
5.205308588973630322e+02
5.204406099278667170e+02
5.204259383831686137e+02
5.204845698125734543e+02
5.206161194421620166e+02
5.207573066607071723e+02
5.209810994695345698e+02
5.212679572500384211e+02
5.216095805691754776e+02
5.220028146457167395e+02
5.224388100054687811e+02
5.229075471408630165e+02
5.234000845088746701e+02
5.239017729209383560e+02
5.243997364211807053e+02
5.248789816716082441e+02
5.253231292913696961e+02
5.257179634437815139e+02
5.260510822245347526e+02
5.263119507128068335e+02
5.264978328838934658e+02
5.266068574206535686e+02
5.266414251507152358e+02
5.266070371471786302e+02
5.265056223944184239e+02
5.263412847208620633e+02
5.261128517140616623e+02
5.258200372605199391e+02
5.254618285620632605e+02
5.250334463427300307e+02
5.245230005682540195e+02
5.239355521110313703e+02
5.232786374570987391e+02
5.225583209673889087e+02
5.217824996950984087e+02
5.209585965043988836e+02
5.200912453352822240e+02
5.191843761714392258e+02
5.182374739352287634e+02
5.172488656797742124e+02
5.162132904305276497e+02
5.151235270431444633e+02
5.139725282134954796e+02
5.127496600163376570e+02
5.114482954918907467e+02
5.100589680899403788e+02
5.085755924976627398e+02
5.069944559093411840e+02
5.053105518403925203e+02
5.035260056921237037e+02
5.016390568777156318e+02
4.996542227789948925e+02
4.975751399034106157e+02
4.953050994242205434e+02
4.928194354799052235e+02
4.902529600920766484e+02
4.876154627772806407e+02
4.849124617086231979e+02
4.821508374184264198e+02
4.793368260934677210e+02
4.764736548182174261e+02
4.735661204752240110e+02
4.706154833426032837e+02
4.676240960241694324e+02
4.645936863312673495e+02
4.615269411744931745e+02
4.584272966341262645e+02
4.553007664685245004e+02
4.521532889334039851e+02
4.489932209642050225e+02
4.458287874693556887e+02
4.426678767353493527e+02
4.395192614261674748e+02
4.363893177375800292e+02
4.332853766056930453e+02
4.302129497689418827e+02
4.271768466707623588e+02
4.243233720315623714e+02
4.213941547002355605e+02
4.185241831414816716e+02
4.157139489103810774e+02
4.129646170905464828e+02
4.102770894728217286e+02
4.076510861920483535e+02
4.050876826569249829e+02
4.025857820064956059e+02
4.001457650442570184e+02
3.977665793888567123e+02
3.954470796722671366e+02
3.931866304872277169e+02
3.909827070987625461e+02
3.888346916406701439e+02
3.867396170638247668e+02
3.846959183432609848e+02
3.827012532835574916e+02
3.807526971857481044e+02
3.788489358742383502e+02
3.769862299553283833e+02
3.751634567415792390e+02
3.733774426182013144e+02
3.716260506156532983e+02
3.699302484672201103e+02
3.681698229584588375e+02
3.664426416281175420e+02
3.647449790611831304e+02
3.630746998198648612e+02
3.614290393567064825e+02
3.598049021768869693e+02
3.582001378718150022e+02
3.566115777017673736e+02
3.550371699435523283e+02
3.534744077935228006e+02
3.519214353063241560e+02
3.503764194645536918e+02
3.488381430331453430e+02
3.473054245201019512e+02
3.457777384990374117e+02
3.442549461967524280e+02
3.427368261771777611e+02
3.412242284767431784e+02
3.397174573659827388e+02
3.382177334985631205e+02
3.367261733772181174e+02
3.352439341311871317e+02
3.337727020228512060e+02
3.323954194020027444e+02
3.311119009751980116e+02
3.298432325144425477e+02
3.285909919719422305e+02
3.273569762656353532e+02
3.261425315590203127e+02
3.249491042797184832e+02
3.237781015645495586e+02
3.226304541283226399e+02
3.215074634049251472e+02
3.204098779690354490e+02
3.193384860906137988e+02
3.182942084960936882e+02
3.172772935915706967e+02
3.162887219263186012e+02
3.153286987528243799e+02
3.143978477636298408e+02
3.134967873824292042e+02
3.126257662238966191e+02
3.117858663814817533e+02
3.109773964182311374e+02
3.102015626511716846e+02
3.094592460825932108e+02
3.087517035392056641e+02
3.081207094541456968e+02
3.075961350618305801e+02
3.071097890132972452e+02
3.066623498259293115e+02
3.062555808785504610e+02
3.058898960708223171e+02
3.055661067041637011e+02
3.052845322761864963e+02
3.050442507719754417e+02
3.048449227130594750e+02
3.046840038741192984e+02
3.045592809347548950e+02
3.044674509746359945e+02
3.044043905977919735e+02
3.043663034891904431e+02
3.043487008530988760e+02
3.043469802908860515e+02
3.043575836459926904e+02
3.043764408330704896e+02
3.044003214130236756e+02
3.044266868520784328e+02
3.044523896915124510e+02
3.044763266635266632e+02
3.044963193766243421e+02
3.045176229578720495e+02
3.045369367163464176e+02
3.045459987513611964e+02
3.045457051612137320e+02
3.045355404275268825e+02
3.045167782522457287e+02
3.044902132823848433e+02
3.044570923096549677e+02
3.044196575735744545e+02
3.043794215721842420e+02
3.043398021690782116e+02
3.043032421245802084e+02
3.042737702335998051e+02
3.042553594520472302e+02
3.042525773815044090e+02
3.042713019247642023e+02
3.043170225558436073e+02
3.043975398698557910e+02
3.045200117296720919e+02
3.046950350921188146e+02
3.049324368179088083e+02
3.052464563170179304e+02
3.056524732360544476e+02
3.061678963001639318e+02
3.068030345113858743e+02
3.076224875327483801e+02
3.086271800969256560e+02
3.098378942249896113e+02
3.112844408521276591e+02
3.129854152479584286e+02
3.149377742731902572e+02
3.171327556899215097e+02
3.195124532097888164e+02
3.220106103239826325e+02
3.245311715809469888e+02
3.269817559079627927e+02
3.292740705764556992e+02
3.313602782016957349e+02
3.331998512966692942e+02
3.348012439963806628e+02
3.361752846603048965e+02
3.373440324342479357e+02
3.383386926066532396e+02
3.391746850161840143e+02
3.398773173536055765e+02
3.404562696430323854e+02
3.409217242401842327e+02
3.412795841780975366e+02
3.414709695783620305e+02
3.415519116236054060e+02
3.415265215860499097e+02
3.414010405416491949e+02
3.411837541038597692e+02
3.408834383515220452e+02
3.405106641377921619e+02
3.400764707300002101e+02
3.395914023294301956e+02
3.390670730243502931e+02
3.385136387330733214e+02
3.379417661602194016e+02
3.373612832746438244e+02
3.367809593724075512e+02
3.362096222075207947e+02
3.356545776994797734e+02
3.351227995895384311e+02
3.346207849382588506e+02
3.341526622858683595e+02
3.337233633733513898e+02
3.333348446794095139e+02
3.329888234502329283e+02
3.326858501244464037e+02
3.324235137645351301e+02
3.321556741729756368e+02
3.319269510388593289e+02
3.317196955186362288e+02
3.315274385403093902e+02
3.313431120512197481e+02
3.311602160261473955e+02
3.309735668745077533e+02
3.307783996223159875e+02
3.305726245807958890e+02
3.303563358040196363e+02
3.301297924442448561e+02
3.298984539556361710e+02
3.296658433755500255e+02
3.294395123653906694e+02
3.292273453847471387e+02
3.290351961987774416e+02
3.288721769564606916e+02
3.287421582704651541e+02
3.286507985414411905e+02
3.286018355935934778e+02
3.285947979688168630e+02
3.286320904469387187e+02
3.287105074597359931e+02
3.288296019246799915e+02
3.289757583509403389e+02
3.291161880949546799e+02
3.292893677990816741e+02
3.294953374586261248e+02
3.297375616174919628e+02
3.300206737174979708e+02
3.303507157013489177e+02
3.307371077449135441e+02
3.311900041965963624e+02
3.317232597882853611e+02
3.323520974623836537e+02
3.330932238794323439e+02
3.339657852523420729e+02
3.349860716990537526e+02
3.361730064251695467e+02
3.375401332523923656e+02
3.391022817806867806e+02
3.408729459054516155e+02
3.428716360676615409e+02
3.451367124087783509e+02
3.477273377719272389e+02
3.507687254490000441e+02
3.544233083267524762e+02
3.589523484451388526e+02
3.646883709658513908e+02
3.717438690569500181e+02
3.803592704496628016e+02
3.902396420229442811e+02
4.008041722523737462e+02
4.112260836788129268e+02
4.208475963394432711e+02
4.291725212469115149e+02
4.361093099934569182e+02
4.416832324058336781e+02
4.462225478796911489e+02
4.500516657418503996e+02
4.535497450278847396e+02
4.569822369395140527e+02
4.604153118074763711e+02
4.637195586898130841e+02
4.666390553112807993e+02
4.689783434275670970e+02
4.707247799278499656e+02
4.719550484949396605e+02
4.727834893043500983e+02
4.733149702425638452e+02
4.736174957158411303e+02
4.737439087451422779e+02
4.735842588495962104e+02
4.731916243285944574e+02
4.727297236343284794e+02
4.722097382418813254e+02
4.716359829059270510e+02
4.710119419895931969e+02
4.703384092694516312e+02
4.696146802671913747e+02
4.688412496210194718e+02
4.680179116970207929e+02
4.671465091061253929e+02
4.662300250718473080e+02
4.652727191170005767e+02
4.642799925877261558e+02
4.632583766502777394e+02
4.622139312969210891e+02
4.611537679513248804e+02
4.600837638594881582e+02
4.590101034017122288e+02
4.579382689953898762e+02
4.568732131698174612e+02
4.558199927234343249e+02
4.547828670475765875e+02
4.537663626422714742e+02
4.526478533084394940e+02
4.515265776106719500e+02
4.504439465097592574e+02
4.494049629955530349e+02
4.484147797560709137e+02
4.474797515501701923e+02
4.466047469053813757e+02
4.457970055306175823e+02
4.450608644615054459e+02
4.444020190948122035e+02
4.438251957785309969e+02
4.433311240647694262e+02
4.429240070742005742e+02
4.425992482121971534e+02
4.423555268910693599e+02
4.421867764254446342e+02
4.420821748849128880e+02
4.420356267801016656e+02
4.420300776585846734e+02
4.420534615983780213e+02
4.420903564241664867e+02
4.421240770735336127e+02
4.421422775639975953e+02
4.421331929320209611e+02
4.420544142124294353e+02
4.421076332822015615e+02
4.421174042810424680e+02
4.420941408161313575e+02
4.420581080557851124e+02
4.420235548847239784e+02
4.420153807074813699e+02
4.420529650716360948e+02
4.421511975724396848e+02
4.423279710452627569e+02
4.425855395170790416e+02
4.429274410541358407e+02
4.433485523414507270e+02
4.438345880574396460e+02
4.443719406462739698e+02
4.449407601956044118e+02
4.455202419012024961e+02
4.460954125536263177e+02
4.466475880792175417e+02
4.471642786463029324e+02
4.476373405397105216e+02
4.480600198405342667e+02
4.484327878074695946e+02
4.487620918529156029e+02
4.491394064299843194e+02
4.496739391606648155e+02
4.502087384856329209e+02
4.507517097889106026e+02
4.513128826449108146e+02
4.518826893467782497e+02
4.524464082434214447e+02
4.529750665607152769e+02
4.534351854950394909e+02
4.537868433179922363e+02
4.539983751886146024e+02
4.540397018173090373e+02
4.538889991139321864e+02
4.535399322357862388e+02
4.529806785803554590e+02
4.522222463211266472e+02
4.512710444506640215e+02
4.501439813642014656e+02
4.488647037050341169e+02
4.474526418795489917e+02
4.459361849370725963e+02
4.443372461923184460e+02
4.426782468160603230e+02
4.409803391921000753e+02
4.393958058789293091e+02
4.378883696413940925e+02
4.364163080377916231e+02
4.349893787741963251e+02
4.336180555423626970e+02
4.323097190322824304e+02
4.310724789150397669e+02
4.299173241917372366e+02
4.288505850979468619e+02
4.278860413261320446e+02
4.270313337853015696e+02
4.262969181471613638e+02
4.256943801160061867e+02
4.252271094514362062e+02
4.249059330533941647e+02
4.247283578632000740e+02
4.246949088918441362e+02
4.248013676262233957e+02
4.250349464883921087e+02
4.253876486897812015e+02
4.258401550979273225e+02
4.263767776127571665e+02
4.269816738954950210e+02
4.276360738215716992e+02
4.284425578157195673e+02
4.293778207215015641e+02
4.303219771893734560e+02
4.312720440290869988e+02
4.322228799066652414e+02
4.331769677803144418e+02
4.341332645768561633e+02
4.350940815089091416e+02
4.360611429733182263e+02
4.370338629272918070e+02
4.380115683674400771e+02
4.389886997341448591e+02
4.399575756085940270e+02
4.409071279990230892e+02
4.418206191797559654e+02
4.426816444369835608e+02
4.434689281438888884e+02
4.441608659490211721e+02
4.447399430156685867e+02
4.451838135294365202e+02
4.454821134699698177e+02
4.456204376767383337e+02
4.455930737127791872e+02
4.453990412163654469e+02
4.450455566657630584e+02
4.446584604549419169e+02
4.441043498645336172e+02
4.433967939877878166e+02
4.425484958597064633e+02
4.415723994246113193e+02
4.404853842469275946e+02
4.392999146993514614e+02
4.380318198114776465e+02
4.366934729527259833e+02
4.352965183485109151e+02
4.338520448720350942e+02
4.323673945111373200e+02
4.308500299859694564e+02
4.293041658216039878e+02
4.277330749038781619e+02
4.261380328183371944e+02
4.245193908107885363e+02
4.228761219071311075e+02
4.212069493027947260e+02
4.195100406099475663e+02
4.177833300664693184e+02
4.160257438746568255e+02
4.142358419125687305e+02
4.123544575517502153e+02
4.104427431820492984e+02
4.085054926352971734e+02
4.065454016467361953e+02
4.045658884676986418e+02
4.025715502064235807e+02
4.005662339496826121e+02
3.985552130588102955e+02
3.965429471424252483e+02
3.945341813607214476e+02
3.925343081690588178e+02
3.905470931454495940e+02
3.885780017278221976e+02
3.866300412900611718e+02
3.847072934177518846e+02
3.828127510806650093e+02
3.809484301489323457e+02
3.791171620219658962e+02
3.773191580696251322e+02
3.755558980283620940e+02
3.738270772658190140e+02
3.721325587033270494e+02
3.704722458840144554e+02
3.688449453024299487e+02
3.672314870773305415e+02
3.657760381357172719e+02
3.643512738120811036e+02
3.629556367865417883e+02
3.615881882280399964e+02
3.602479252734102602e+02
3.589335625843329467e+02
3.576449753145101340e+02
3.563802330717935547e+02
3.551390129563385472e+02
3.539192010940816431e+02
3.527191963702778139e+02
3.515376718454016327e+02
3.503716553336552124e+02
3.492205607865689103e+02
3.480815114894394355e+02
3.469536263216720045e+02
3.458362447815712244e+02
3.447279951927473576e+02
3.436302183483071531e+02
3.425418591760073923e+02
3.414646382500819186e+02
3.403990320356168127e+02
3.393459080113088930e+02
3.382825679025058889e+02
3.373310825917711213e+02
3.363948466247897500e+02
3.354742056550812208e+02
3.345697952568410187e+02
3.336818896653708748e+02
3.328100298916680799e+02
3.319539256620582250e+02
3.311127326998710600e+02
3.302858588300757674e+02
3.294724170117871722e+02
3.286718216550900706e+02
3.278833393302435297e+02
3.271066162143849851e+02
3.263414137985332673e+02
3.255880381097798022e+02
3.248466815263903413e+02
3.241185859623517445e+02
3.234043605840497548e+02
3.227061264818482869e+02
3.220254611537087044e+02
3.213644883835303858e+02
3.207263920096720540e+02
3.201125968994774098e+02
3.195052874668706977e+02
3.192477115233062364e+02
3.190325949531531933e+02
3.188628953703081379e+02
3.187383324643168407e+02
3.186597876043201154e+02
3.186226232303911843e+02
3.186251483308276988e+02
3.186619380004539721e+02
3.187286046965210744e+02
3.188213144187574812e+02
3.189337955980275865e+02
3.190631165520473473e+02
3.192026479918565656e+02
3.193491116206625406e+02
3.194966044805065053e+02
3.196412470882876846e+02
3.197781485121897731e+02
3.199029165329574198e+02
3.200121836592367686e+02
3.201012783642651698e+02
3.201695284112416289e+02
3.202128972621881644e+02
3.202329365235916612e+02
3.202689481387941441e+02
3.203076841248534379e+02
3.203461850711048555e+02
3.203829873323173842e+02
3.204202681222220122e+02
3.204547696786276560e+02
3.204856213485188619e+02
3.205096754747324894e+02
3.205227662220880802e+02
3.205221651497155904e+02
3.205033760523508590e+02
3.204648566339477611e+02
3.204038866983497087e+02
3.203213949652624137e+02
3.202174882198132764e+02
3.200968620786212000e+02
3.199661308518880105e+02
3.198356097542388170e+02
3.197247716657871592e+02
3.196636518490340677e+02
3.197028605210173282e+02
3.199401927511149211e+02
3.205178857213562083e+02
3.216993800359535953e+02
3.238873451639233849e+02
3.274494618523251006e+02
3.328273461108764764e+02
3.398055300255392126e+02
3.475815824834089653e+02
3.549562231471325049e+02
3.612069457821101537e+02
3.661562738791037646e+02
3.700545709158511158e+02
3.731072049092429097e+02
3.756019148055873416e+02
3.777533073469179499e+02
3.798544171359362167e+02
3.821980204931379035e+02
3.852232590868781585e+02
3.894497162761570621e+02
3.953472328618254323e+02
4.030181932152871696e+02
4.115685036623861492e+02
4.196056453567751419e+02
4.261744037697995964e+02
4.311974414518990102e+02
4.352782075131977422e+02
4.391508148110877983e+02
4.429682457902966917e+02
4.466437728819534527e+02
4.496265557118451284e+02
4.514948282965689259e+02
4.524148545710606868e+02
4.526844616372781616e+02
4.526029550517782809e+02
4.523377870884220897e+02
4.519868801316506506e+02
4.516044299854183919e+02
4.512218283496707159e+02
4.508626622737384650e+02
4.505421570001872169e+02
4.502777226108764239e+02
4.500823196566091156e+02
4.499697111722812792e+02
4.499560270959173067e+02
4.500530924791061125e+02
4.502818598435169974e+02
4.506655775120501630e+02
4.512305997723068458e+02
4.520229395078148400e+02
4.530665739277663988e+02
4.543815811281889978e+02
4.556627255945932120e+02
4.569666843364224746e+02
4.582757240254916269e+02
4.594461642346597614e+02
4.603673167518007858e+02
4.610068700845178000e+02
4.613919182614855572e+02
4.615694816972571175e+02
4.616164539506078199e+02
4.615783460348815765e+02
4.614985170236854515e+02
4.613937542174840587e+02
4.612661289756208021e+02
4.611084775216895082e+02
4.609072587818832289e+02
4.606538680950958451e+02
4.603377068647087071e+02
4.599616643289052149e+02
4.595244581875443828e+02
4.590358208616537468e+02
4.585042204672321873e+02
4.579377789271659367e+02
4.573497696201044960e+02
4.567458846387363565e+02
4.561232700161925777e+02
4.555604294619547545e+02
4.549955096929862179e+02
4.544285707729218302e+02
4.538511967213851790e+02
4.532582117405476652e+02
4.526398556625035781e+02
4.519924405066142867e+02
4.513119760950460204e+02
4.506036005952344112e+02
4.498749742940873375e+02
4.491382500201175390e+02
4.484111613661145839e+02
4.477064873303895638e+02
4.470429113325051844e+02
4.464300783122379244e+02
4.458764204968005060e+02
4.453837981953485610e+02
4.449440096805041094e+02
4.445454375587681852e+02
4.441670615294315780e+02
4.437873924887767316e+02
4.433833444025410699e+02
4.429386028880973072e+02
4.424590112708244192e+02
4.418898666881191843e+02
4.412510379984314000e+02
4.405464252140964163e+02
4.397832454626822027e+02
4.389660727799752067e+02
4.381057527507893496e+02
4.372073569179182755e+02
4.362792100334089014e+02
4.353272665803667678e+02
4.343563138169326407e+02
4.333721836980339503e+02
4.323779157811682126e+02
4.313779333718948692e+02
4.303748113129106514e+02
4.293711435616893937e+02
4.283690153600963413e+02
4.273696435449732007e+02
4.263742326084831120e+02
4.253829173716353012e+02
4.243959337397398031e+02
4.234123931411087938e+02
4.224316922474933449e+02
4.214523599330428851e+02
4.203850621662020330e+02
4.191184234393522843e+02
4.178480521737009212e+02
4.165729279388932014e+02
4.152909956152457198e+02
4.140010042199186273e+02
4.127018316812170724e+02
4.113919098612100242e+02
4.100711369968637428e+02
4.087383097338434936e+02
4.073936440177103577e+02
4.060369870208178895e+02
4.046682901470648517e+02
4.032887371653348509e+02
4.018984664879014872e+02
4.004991372610107305e+02
3.990918540747620114e+02
3.976780945043080351e+02
3.962602807031256020e+02
3.948397403899211326e+02
3.934193541326389436e+02
3.920011916246530177e+02
3.905874761366750931e+02
3.891809623423650351e+02
3.877563415711647963e+02
3.862515799213799141e+02
3.847597353890953968e+02
3.832821924019891071e+02
3.818201520816555217e+02
3.803736599713711826e+02
3.789435950689015158e+02
3.775294522227806624e+02
3.761318585310962135e+02
3.747504724121273512e+02
3.733856962433737863e+02
3.720376329390639398e+02
3.707065191566771887e+02
3.693931644113819175e+02
3.680973542719837042e+02
3.668200703069404653e+02
3.655612832157485741e+02
3.643214462871941919e+02
3.631009083324973403e+02
3.619001903499182617e+02
3.607205775188619441e+02
3.595638735109785102e+02
3.584327258378082774e+02
3.573306259051536244e+02
3.562617592623147971e+02
3.552561272105695593e+02
3.543067962437663709e+02
3.534133927279498835e+02
3.525764959199589725e+02
3.517927348007101500e+02
3.510570247308029934e+02
3.503626123464321154e+02
3.496995844502966975e+02
3.490568488973283365e+02
3.484245025070158590e+02
3.477911081666040332e+02
3.471504045353131005e+02
3.464968880416531078e+02
3.458279562350235778e+02
3.451460697155795856e+02
3.444519017248975956e+02
3.437521168160064349e+02
3.430503219635251071e+02
3.423528649340831294e+02
3.416644809221078276e+02
3.409888413571165984e+02
3.403303495240481880e+02
3.396899845102811355e+02
3.390012899944613309e+02
3.383410642317403472e+02
3.377060434164207550e+02
3.370945520471646546e+02
3.365042881643038868e+02
3.359335864741248656e+02
3.353795281457769306e+02
3.348403557874599414e+02
3.343143175736365720e+02
3.338004459449523438e+02
3.332983064950211087e+02
3.328079128840465160e+02
3.323302391382086967e+02
3.318664881730638854e+02
3.314193724005624517e+02
3.309907201149750904e+02
3.305844115553452411e+02
3.302033202394684963e+02
3.298509921942225560e+02
3.295311243153713576e+02
3.292446420729467604e+02
3.289942687416345848e+02
3.287764023930939175e+02
3.285878439547477115e+02
3.283790915112566609e+02
3.281443126038060427e+02
3.279038998918438779e+02
3.276460172142913052e+02
3.273594357671088346e+02
3.270357285389052890e+02
3.266708066197084008e+02
3.262614500350308049e+02
3.258120462183021004e+02
3.253256879840867555e+02
3.248103856963617773e+02
3.242744696861942089e+02
3.237262138617430196e+02
3.231753951381968477e+02
3.226306346707671651e+02
3.221003808893839278e+02
3.215934033734108084e+02
3.211168549402778467e+02
3.206773621113286481e+02
3.202825976528002343e+02
3.199358365928176227e+02
3.196434342427625097e+02
3.194070882455282572e+02
3.192290706072658963e+02
3.190830590564378895e+02
3.189394857637226437e+02
3.188557355109200557e+02
3.188311378441049442e+02
3.188705140981146542e+02
3.189822231757351005e+02
3.191756352908203098e+02
3.194711446482924657e+02
3.198806772780746428e+02
3.204209363574712484e+02
3.210956478668191494e+02
3.218941390620503853e+02
3.227879239656841150e+02
3.237336194403100649e+02
3.246714452956127275e+02
3.255460243427972955e+02
3.263032348223160284e+02
3.268976266529732584e+02
3.273086096305098636e+02
3.275255760283969266e+02
3.275646739345936567e+02
3.274454473338295202e+02
3.271954648043884504e+02
3.268398839976385375e+02
3.263485791841627019e+02
3.257617341559276269e+02
3.251276391921559252e+02
3.244593105564655389e+02
3.237657510658357296e+02
3.230553971248343146e+02
3.223352853731222467e+02
3.216115905864808155e+02
3.208908668167415499e+02
3.201792632898159923e+02
3.194835288500426600e+02
3.188118931599973394e+02
3.181720673315022623e+02
3.175744233842455628e+02
3.170292092580756957e+02
3.165467527469705260e+02
3.161385968860554954e+02
3.158095825143331581e+02
3.155636975322377680e+02
3.153933779932012271e+02
3.152843310871766107e+02
3.152140018432408510e+02
3.151568771246965639e+02
3.150842131504118129e+02
3.149438780817496877e+02
3.147064684590138768e+02
3.144160058769402895e+02
3.140765460976385839e+02
3.136923000350228108e+02
3.132760818022040894e+02
3.128349907627997482e+02
3.123798760139872570e+02
3.119183286415220095e+02
3.114574080228038611e+02
3.110038288226680265e+02
3.105625549252611108e+02
3.101391438333996575e+02
3.097379354464753192e+02
3.093645925692694050e+02
3.090235590407166342e+02
3.087226908333468600e+02
3.084676933275019337e+02
3.082681328362418753e+02
3.081340240350166368e+02
3.080751171935815478e+02
3.081065830054479875e+02
3.082356066336879508e+02
3.084749396871881686e+02
3.088014135218608089e+02
3.091956210524216431e+02
3.096825749013485165e+02
3.102377184696372865e+02
3.108350279957558087e+02
3.114443709305463130e+02
3.120411086922713935e+02
3.126068041772889501e+02
3.131350877569927320e+02
3.136224709276709177e+02
3.140787516267014894e+02
3.145120266423452904e+02
3.149345743178455450e+02
3.153577283978726769e+02
3.157906075132390811e+02
3.162413147706039354e+02
3.167141825461033022e+02
3.172113411961556153e+02
3.177326897995387753e+02
3.182749628098646895e+02
3.188350640624337871e+02
3.194058323851492673e+02
3.199824262723245738e+02
3.205579752320563784e+02
3.210905421805423430e+02
3.215322436489151414e+02
3.219569952806738229e+02
3.223654375716199070e+02
3.227602254280238867e+02
3.231466338245701877e+02
3.235321092261819445e+02
3.239268576018345698e+02
3.243396999701027994e+02
3.247829483332481573e+02
3.252663436445263869e+02
3.258009089650947772e+02
3.263984040788014340e+02
3.270691529116222114e+02
3.278289683200583795e+02
3.286922045720368715e+02
3.296825978856186907e+02
3.308256049727203276e+02
3.321552054619889418e+02
3.337161316548663308e+02
3.355511318897749220e+02
3.377195204856323585e+02
3.402591484943737896e+02
3.432011969041262205e+02
3.464889089807012397e+02
3.500091879908426904e+02
3.537707259967679079e+02
3.576437285814584470e+02
3.614770756804941243e+02
3.651445200353143150e+02
3.685486075896052398e+02
3.716273596615646966e+02
3.743871841030136807e+02
3.768315681084944799e+02
3.790083263889290492e+02
3.809484652868638364e+02
3.826778583942834757e+02
3.842177302521583897e+02
3.855698435144097971e+02
3.867276441695976814e+02
3.876802542881286513e+02
3.884050950388901242e+02
3.888900618744288522e+02
3.891288399192927159e+02
3.891307509903540449e+02
3.889168494566368963e+02
3.885216664293730560e+02
3.879853538796503472e+02
3.872950141651672880e+02
3.863282454411769322e+02
3.853604683568376572e+02
3.844211245407719275e+02
3.835345386767462514e+02
3.827135797638362078e+02
3.819585580527070761e+02
3.812640659665640328e+02
3.806061196079248816e+02
3.799619899616259318e+02
3.792995780023601355e+02
3.785911391007917928e+02
3.778089949072682430e+02
3.769366615441538215e+02
3.759584377523424337e+02
3.748754734727049822e+02
3.736911694111727797e+02
3.724149375566178151e+02
3.710655415551756846e+02
3.696550864024702037e+02
3.682071410154741216e+02
3.667372352815449403e+02
3.652648011315095573e+02
3.638074425975912050e+02
3.624769825284708986e+02
3.610785562502617267e+02
3.597509470700326233e+02
3.585105458296512779e+02
3.573709516140019673e+02
3.563454502227882585e+02
3.554444015717978118e+02
3.546742443019120401e+02
3.540351633821936161e+02
3.535217682921127675e+02
3.531185554260696904e+02
3.528057865160653250e+02
3.525566627300752316e+02
3.523409522785461832e+02
3.521299450471762498e+02
3.518940283968346989e+02
3.516078880661092398e+02
3.512552093055622890e+02
3.508215863516564355e+02
3.503028114258797814e+02
3.497009571556553169e+02
3.490196110733554065e+02
3.482727743735725312e+02
3.474710938621414584e+02
3.466842714722700407e+02
3.457516463857974145e+02
3.448255965720651375e+02
3.439286797727808107e+02
3.430872184969578598e+02
3.423281206572908104e+02
3.416794666853392641e+02
3.411740107454969007e+02
3.408388742930185913e+02
3.407087520668874845e+02
3.408127371469570335e+02
3.411769654556792943e+02
3.418365541196723143e+02
3.428078011350839347e+02
3.441120743576987593e+02
3.457493948662821026e+02
3.476754905460489908e+02
3.498333749265974006e+02
3.521063775029138583e+02
3.543862262915045562e+02
3.565770098574224676e+02
3.586219517924566276e+02
3.605016220441217456e+02
3.622174207239553994e+02
3.638571514671668865e+02
3.651132139958066318e+02
3.660783551104847788e+02
3.667087449961009611e+02
3.669994196570000895e+02
3.669623965509483128e+02
3.666593725280337139e+02
3.661450812043785277e+02
3.654783906769397959e+02
3.647128562799716747e+02
3.638838448631690312e+02
3.630258975925829645e+02
3.621603762361334589e+02
3.613028701412077908e+02
3.604674171949010884e+02
3.596586765963278367e+02
3.588846452072593252e+02
3.581482664491120431e+02
3.574530005990366135e+02
3.568044663505173730e+02
3.562059710752258752e+02
3.556663832784500414e+02
3.551942644266873685e+02
3.548016479449333929e+02
3.544543497101769276e+02
3.540379931819982744e+02
3.537520211721937358e+02
3.536113111061716836e+02
3.536344296949979480e+02
3.538390291386146487e+02
3.542369166037403261e+02
3.548400813327666015e+02
3.556500658028013504e+02
3.566573403524113246e+02
3.578432346509969761e+02
3.591675105814358062e+02
3.605820132917982050e+02
3.620312489469065440e+02
3.634583736464503545e+02
3.648226860042156545e+02
3.660948432005868085e+02
3.672562896960417902e+02
3.683055734432650752e+02
3.692451336202923358e+02
3.700839661307704205e+02
3.708409127270861632e+02
3.715264698791847877e+02
3.721619532324352804e+02
3.729188455686786483e+02
3.734861953066152864e+02
3.740377545356062114e+02
3.745925629553987619e+02
3.751666284951226658e+02
3.757857350016641931e+02
3.764661504153155533e+02
3.772317109606074723e+02
3.780969302212761249e+02
3.790758007526141000e+02
3.801712393210963796e+02
3.813760827698373532e+02
3.826745255640542496e+02
3.840314973365986475e+02
3.854101546157071994e+02
3.867597700924863489e+02
3.880387361680562321e+02
3.891992416322902386e+02
3.902162508721107201e+02
3.910594866340381941e+02
3.917253265075512445e+02
3.922114967353088559e+02
3.925310942672772399e+02
3.927132300071806981e+02
3.928329328043539022e+02
3.927194224193647756e+02
3.925843169308482175e+02
3.924700869488689250e+02
3.924209129226777009e+02
3.924649347977756406e+02
3.926270439766335016e+02
3.929225539872970785e+02
3.933561254327523216e+02
3.939362761137330722e+02
3.946667647691154457e+02
3.955504969921101974e+02
3.965944670216105123e+02
3.977904622313523646e+02
3.991226708754771266e+02
4.005610376081896220e+02
4.020449382941479826e+02
4.035045599392729514e+02
4.048518119291250628e+02
4.060008220932638210e+02
4.068930838740647005e+02
4.074898016460315944e+02
4.077842094433044053e+02
4.077992348191071983e+02
4.076189031293023390e+02
4.071221682835595743e+02
4.064511035272136610e+02
4.056445522832772781e+02
4.047320995678119289e+02
4.037371680048642588e+02
4.026783269448611122e+02
4.015674532826236600e+02
4.004153367786943249e+02
3.992306515460344940e+02
3.980202577781034847e+02
3.967953783559002545e+02
3.955641734714416771e+02
3.943392903067176576e+02
3.931338172698731341e+02
3.919596255726876848e+02
3.908341663593807311e+02
3.897674828697066118e+02
3.887737880705213342e+02
3.878605094064265586e+02
3.870302108238875576e+02
3.862810453123166781e+02
3.855988869557029375e+02
3.849667591680699843e+02
3.844450201504341180e+02
3.840278100665247507e+02
3.835965447253978482e+02
3.831421340516026248e+02
3.826562206489353457e+02
3.821458588840417860e+02
3.816209577745682964e+02
3.810937868896224359e+02
3.805826304722681357e+02
3.800994013596950936e+02
3.796575971132687073e+02
3.792664463204621939e+02
3.789287653690140587e+02
3.786459769527849630e+02
3.784156215891196666e+02
3.782292668639596513e+02
3.780811106111868298e+02
3.779583134975632674e+02
3.778510987327203452e+02
3.777490394991916105e+02
3.776408310323965907e+02
3.775191842228560972e+02
3.773761383053783902e+02
3.772071590493916347e+02
3.771457015199000580e+02
3.773813670040678971e+02
3.775806752084347977e+02
3.777486250053423191e+02
3.778867670223044684e+02
3.780031233618011584e+02
3.781013682566605780e+02
3.781868588726746339e+02
3.782662763082813626e+02
3.783414627083696473e+02
3.784209346563049507e+02
3.785056679966945694e+02
3.786037741360129303e+02
3.787186807863582203e+02
3.788566481803663351e+02
3.790254021019687229e+02
3.792283676390453593e+02
3.794756014021675696e+02
3.797693157244260647e+02
3.801173099156486614e+02
3.805224980044185372e+02
3.809884007168808466e+02
3.815182209105674360e+02
3.821112509127736416e+02
3.827903873559739623e+02
3.837907542495952384e+02
3.848188308246365636e+02
3.858661448464574164e+02
3.869272138659250686e+02
3.879903933370082996e+02
3.890481024606144729e+02
3.900876236611291006e+02
3.910993824134073407e+02
3.920740186437695911e+02
3.930004299866013184e+02
3.938737436626638555e+02
3.946813598404511936e+02
3.954187430718361611e+02
3.960725932228822899e+02
3.966342715689425518e+02
3.970904722445195034e+02
3.974299261941682744e+02
3.976412305434970449e+02
3.977158875549379218e+02
3.976485968284742398e+02
3.974358436139928017e+02
3.970792330655320939e+02
3.965806948125150484e+02
3.958549667771394525e+02
3.949729194487422319e+02
3.939598000347127709e+02
3.928262092792109001e+02
3.915835474503124942e+02
3.902419189004440909e+02
3.888122177259274963e+02
3.873028845658611203e+02
3.857231602290312935e+02
3.840802525395732232e+02
3.823813493336011788e+02
3.806334338274155016e+02
3.788418711217223063e+02
3.770135749270222618e+02
3.751530293314127107e+02
3.732664121276334868e+02
3.713586597342022628e+02
3.694344658608276291e+02
3.674990124486224659e+02
3.655560996873167596e+02
3.636102934201737185e+02
3.616653152734156720e+02
3.597245062570266896e+02
3.577914745834956989e+02
3.558094078118311359e+02
3.538043198477493547e+02
3.518175791736472888e+02
3.498515096736391001e+02
3.479087605964684826e+02
3.459911101458245071e+02
3.441006992595744691e+02
3.422396766695720203e+02
3.404095606253334267e+02
3.386128939751192775e+02
3.368511225692034259e+02
3.351266581146605859e+02
3.334418701383174266e+02
3.317989529652184046e+02
3.302013018420806816e+02
3.286517431942834264e+02
3.271544299280028554e+02
3.257137487191228047e+02
3.243350189939894790e+02
3.230261728613669447e+02
3.217977528067344224e+02
3.206727267365009766e+02
3.196914512616100978e+02
3.189478493403697144e+02
3.187613068419578894e+02
3.193936540547346112e+02
3.213037508360692982e+02
3.250478229379446020e+02
3.311155097070634383e+02
3.392420902213470981e+02
3.482039703723709181e+02
3.563730020309505448e+02
3.629019804522793038e+02
3.678581893829559135e+02
3.718874144980090364e+02
3.755758908332125543e+02
3.794255548528416853e+02
3.836367826762185587e+02
3.881749698475074979e+02
3.927608902834618902e+02
3.970654866104315488e+02
4.008974749195095342e+02
4.042909022906684982e+02
4.073295317369433519e+02
4.101051923902474527e+02
4.126761460143150089e+02
4.150602139284785608e+02
4.173007790711063763e+02
4.192884313718607814e+02
4.211208338884981686e+02
4.227920569094197845e+02
4.242554374378767079e+02
4.254817954620171463e+02
4.264534010447307537e+02
4.271909802252454824e+02
4.277157483935075675e+02
4.280784079324004665e+02
4.283169329803851042e+02
4.284725876773725872e+02
4.285793401248429859e+02
4.286661879965723756e+02
4.287565220617748309e+02
4.288693989247843774e+02
4.290189854581443569e+02
4.292126638656993123e+02
4.294554065796293116e+02
4.297419835840563564e+02
4.300662644382531994e+02
4.304164979027540312e+02
4.307818660860117461e+02
4.311554390574960962e+02
4.315369880960085993e+02
4.317780487750932821e+02
4.318373688056586843e+02
4.319298311568756503e+02
4.320652936996239646e+02
4.322534689188919970e+02
4.324879351584489200e+02
4.327585803983238293e+02
4.330450664926776199e+02
4.333295514139989564e+02
4.336012115260458586e+02
4.338522707487034040e+02
4.340921266088346329e+02
4.344558463677846021e+02
4.346872369003509107e+02
4.349200278517618017e+02
4.351462841783168756e+02
4.353531119815477268e+02
4.355168436425691993e+02
4.356185027551706526e+02
4.356274362460400766e+02
4.355251663330080305e+02
4.352845331607830417e+02
4.348915708079850333e+02
4.343330014810606485e+02
4.334642182312771297e+02
4.321897170834969302e+02
4.307561923430523052e+02
4.291817790354486419e+02
4.274761081328514933e+02
4.256571993900901134e+02
4.237404291155867782e+02
4.217384102788020073e+02
4.196678014017759324e+02
4.175373936769119041e+02
4.153607298561623224e+02
4.131450383210793689e+02
4.108991718557043669e+02
4.086299510941262838e+02
4.063420510064734117e+02
4.040420687699252653e+02
4.017320533019819777e+02
3.994175472366442818e+02
3.970999375931434656e+02
3.947824324880466520e+02
3.924673848365408730e+02
3.901554757852887292e+02
3.878501102329319679e+02
3.855506530452300922e+02
3.832651276888560119e+02
3.810400185341981114e+02
3.788239839083233846e+02
3.766184495322531234e+02
3.744230526354375570e+02
3.722402758489507164e+02
3.700696011874739497e+02
3.679133578541084262e+02
3.657721139968651869e+02
3.636472047737366893e+02
3.615407251003924785e+02
3.594532396103614929e+02
3.573877008020287462e+02
3.553448961079123478e+02
3.533274542691009970e+02
3.513371953519265958e+02
3.493758164697632651e+02
3.474461460587903616e+02
3.455493508024175071e+02
3.436884006758173769e+02
3.418645977312219770e+02
3.400804080738410562e+02
3.383378092457517141e+02
3.366384953141562733e+02
3.350311088897224181e+02
3.335021723992265379e+02
3.320194752464033741e+02
3.305839369728344650e+02
3.291975498244563596e+02
3.278618588367529583e+02
3.265778489895091639e+02
3.253478078841781098e+02
3.241718526605002921e+02
3.230521049394688475e+02
3.219887851957545877e+02
3.209826217698151822e+02
3.200344609217851257e+02
3.191433094703594975e+02
3.183099868561176322e+02
3.175327636445212534e+02
3.168108263793199626e+02
3.161427226717165695e+02
3.155254243686471227e+02
3.149573050556300586e+02
3.144340165375230640e+02
3.139521904696363777e+02
3.135075127260236627e+02
3.130942403784763428e+02
3.127030894825690552e+02
3.123476264609369082e+02
3.120194915181467081e+02
3.117138761647766501e+02
3.114254629051168308e+02
3.111500104122741845e+02
3.108823040561069320e+02
3.106178390328996670e+02
3.103526922609783014e+02
3.100824652311956129e+02
3.098043098630007535e+02
3.095150917717693346e+02
3.092122623465378410e+02
3.088945777121543870e+02
3.085600761305814785e+02
3.082086753351562152e+02
3.078396269303464123e+02
3.074531141026960199e+02
3.070498238447567587e+02
3.066301022774230773e+02
3.061956498985328494e+02
3.057473100237554036e+02
3.052873162943545253e+02
3.048173642047516978e+02
3.043776419916825375e+02
3.039505879146979055e+02
3.035352960275640157e+02
3.031358507880260618e+02
3.027552368303836374e+02
3.023971787161939915e+02
3.020644493809639357e+02
3.017600201925009173e+02
3.014863570965387680e+02
3.012454404677369553e+02
3.010392369372849544e+02
3.008687507392357361e+02
3.007356812269956663e+02
3.006401901093769879e+02
3.005841482148703108e+02
3.005674771196731854e+02
3.005919472958568690e+02
3.006585864284788272e+02
3.007680803168781267e+02
3.009230621282378024e+02
3.011229188581205563e+02
3.013701676100467921e+02
3.016639452205936323e+02
3.020038347870438997e+02
3.024531397092209204e+02
3.029734920025413771e+02
3.035340424242803010e+02
3.041267081135463286e+02
3.047433698007201883e+02
3.053746392056223726e+02
3.060100178224401475e+02
3.066387307892040326e+02
3.072505334256537139e+02
3.078342576817977374e+02
3.083809963147349436e+02
3.088817177239724856e+02
3.093286200949448244e+02
3.097168021668890106e+02
3.100404107695900962e+02
3.102978885384892465e+02
3.104869700202768286e+02
3.106077051471711457e+02
3.106619396584570723e+02
3.106509346685630817e+02
3.105788897110316498e+02
3.104488604357650843e+02
3.102654321015851338e+02
3.100334941478965334e+02
3.097937774179694088e+02
3.095263784352220569e+02
3.092252675891676859e+02
3.088953026044183048e+02
3.085409226577765480e+02
3.081661254212528434e+02
3.077749422222470912e+02
3.073707674207209379e+02
3.069568536014801339e+02
3.065361802359244052e+02
3.061112894823357919e+02
3.056845829293041561e+02
3.052581607192481670e+02
3.048337667576144554e+02
3.044131789397250714e+02
3.039976724104559480e+02
3.035885826997835579e+02
3.031869866550805455e+02
3.027937018945639238e+02
3.024096995995403176e+02
3.020354566472134934e+02
3.016717103296248865e+02
3.013188316181369828e+02
3.009771771075230617e+02
3.006533221011028445e+02
3.003355293939304147e+02
3.000298345033693295e+02
2.997359942079888242e+02
2.994539444354639386e+02
2.991835181231363094e+02
2.989243249646979166e+02
2.986762832522251188e+02
2.984388356127113866e+02
2.982117712717112568e+02
2.979946364013210314e+02
2.977869522541961373e+02
2.975884545743456897e+02
2.973985151794872763e+02
2.972168843687314279e+02
2.970430723064786775e+02
2.968766560581444196e+02
2.967174111057396431e+02
2.965648253804428123e+02
2.964187575931821357e+02
2.962788197611812961e+02
2.961447733141575895e+02
2.960164707938931201e+02
2.958935628734604393e+02
2.957691341041428359e+02
2.956432762941644796e+02
2.955213847768445135e+02
2.954033024376427647e+02
2.952887829561831836e+02
2.951777994597541692e+02
2.950700305202462914e+02
2.949654135817681890e+02
2.948637085334009953e+02
2.947647234862586174e+02
2.946683535018756857e+02
2.945743729540043887e+02
2.944827159268855894e+02
2.943932921579630033e+02
2.943060809155159632e+02
2.942212367007728631e+02
2.941389649909297077e+02
2.940596751249337899e+02
2.939840966845505363e+02
2.939130804776741002e+02
2.938481289884865078e+02
2.937909846037064199e+02
2.937440470217030111e+02
2.937106215076090621e+02
2.936848317921762828e+02
2.936663354160707513e+02
2.936729146997824387e+02
2.937100540692656523e+02
2.937810333529063769e+02
2.938877201413059765e+02
2.940300170965521716e+02
2.942022045766287306e+02
2.943965086999024265e+02
2.946008675412563207e+02
2.948020949641858692e+02
2.949910772400375549e+02
2.951617697610711275e+02
2.953142116811528126e+02
2.954556343716982951e+02
2.955949743058739614e+02
2.957482427691186899e+02
2.959312276201293912e+02
2.961653215285347187e+02
2.964744435031322496e+02
2.968857397964383154e+02
2.974353258795110833e+02
2.981570453511290566e+02
2.990971484020454341e+02
3.003716546483224192e+02
3.019888919784318659e+02
3.039523464640870429e+02
3.062755377991618388e+02
3.089563727458207723e+02
3.119399592691764838e+02
3.151053785405666190e+02
3.182926173966245642e+02
3.213252599149938646e+02
3.240463437106990341e+02
3.263944295614975317e+02
3.283480266145814426e+02
3.299537561564703765e+02
3.312771967139492517e+02
3.323801560027939672e+02
3.333284101399231076e+02
3.341557930863488650e+02
3.348848260740348337e+02
3.355114910977037539e+02
3.360172506935920751e+02
3.363759269566996295e+02
3.365602086374487385e+02
3.365464266994566742e+02
3.363310145496023438e+02
3.358397948794623176e+02
3.351131646933928323e+02
3.342342669448347010e+02
3.332308168139450686e+02
3.321354550668356183e+02
3.309711061546156543e+02
3.297659741895650996e+02
3.285399214573949962e+02
3.273098572631645879e+02
3.260917059392006081e+02
3.248942098431676868e+02
3.237266068708012199e+02
3.225934975720978741e+02
3.214971256967425006e+02
3.204389348642804407e+02
3.194168660351788276e+02
3.184290234194177174e+02
3.174720311899961871e+02
3.165423235205970514e+02
3.156361680414341890e+02
3.147507359829699567e+02
3.138831565730291118e+02
3.130318873854611752e+02
3.121959522647665040e+02
3.113597825744413967e+02
3.108430545418353859e+02
3.103337428200489398e+02
3.098358037246127878e+02
3.093526281432860969e+02
3.088882174377637284e+02
3.084468827208661992e+02
3.080318183020693255e+02
3.076469853469873783e+02
3.072944863997256562e+02
3.069758848338161101e+02
3.066908974605229901e+02
3.064384753993282970e+02
3.062156404593762886e+02
3.060195060619093965e+02
3.058464307061412910e+02
3.056926302915549627e+02
3.055564815150950153e+02
3.054343694444959283e+02
3.053270869392552527e+02
3.052332493551893435e+02
3.051539140404810837e+02
3.050907268303809019e+02
3.050442133399019440e+02
3.049885236111906579e+02
3.051488740461830957e+02
3.053320930163779963e+02
3.055446912825391337e+02
3.057936492583882000e+02
3.060885863405392797e+02
3.064368329253911725e+02
3.068485790275484533e+02
3.073309427058006236e+02
3.078923336981155785e+02
3.085418428341491222e+02
3.092880129865873755e+02
3.101496325501694287e+02
3.111414576585777922e+02
3.122952905813223197e+02
3.136371498374612656e+02
3.151915445573641250e+02
3.169744234562089673e+02
3.189596106164376010e+02
3.210994695495253382e+02
3.233017388878449765e+02
3.254612492558872532e+02
3.274835344757859161e+02
3.293046001323885434e+02
3.308538955558383350e+02
3.322179374087866108e+02
3.333831989578694106e+02
3.343871018874415881e+02
3.352703631293056219e+02
3.360731808866809729e+02
3.368374002928425739e+02
3.375976792063090670e+02
3.383873248195819201e+02
3.392430622899717605e+02
3.401963176699319433e+02
3.413065142686320996e+02
3.426207992419357993e+02
3.442128531236589311e+02
3.461418088935228639e+02
3.484257007927262748e+02
3.510456136510858869e+02
3.538652545350087166e+02
3.567012859870914099e+02
3.593474468257837202e+02
3.616568835923500274e+02
3.635450310026314469e+02
3.650394600690825087e+02
3.661726416877452266e+02
3.669931608937259284e+02
3.675893206954532957e+02
3.680380438740277782e+02
3.684040928700802056e+02
3.687372030124448656e+02
3.690919431989532882e+02
3.695007233424025230e+02
3.699929083035333406e+02
3.705747022375070401e+02
3.712329740723664599e+02
3.719371460376018490e+02
3.726523239124511520e+02
3.733450138770512012e+02
3.740188839871712503e+02
3.747072389882073367e+02
3.754726884342335893e+02
3.764130964324876345e+02
3.775826674125334534e+02
3.790297197068581454e+02
3.807054755775228614e+02
3.825196713732311764e+02
3.843588744381162314e+02
3.861351550468629057e+02
3.877958009893968665e+02
3.895419166813965148e+02
3.909949525076794430e+02
3.923434288536437862e+02
3.935862070754423598e+02
3.947087153605123149e+02
3.957089326759656274e+02
3.965767108398439404e+02
3.973183781496924212e+02
3.979477678947151844e+02
3.984735025152113508e+02
3.989213449076664801e+02
3.993014738060600735e+02
3.996327044775274544e+02
3.999260855590862320e+02
4.001899232191965439e+02
4.004348671976617311e+02
4.006630678190655885e+02
4.008822364070308026e+02
4.010939977428452607e+02
4.013018407865846484e+02
4.015095972777363613e+02
4.017176211280811913e+02
4.019312669980776036e+02
4.021496380516259137e+02
4.021873855540366094e+02
4.023212588949201063e+02
4.024616904254163501e+02
4.026068511266183236e+02
4.027471814630796985e+02
4.028731446524849389e+02
4.029735484889282588e+02
4.030332991327870786e+02
4.030418906615554988e+02
4.029894745322777112e+02
4.028669032928921752e+02
4.026762688941547594e+02
4.024174772921319914e+02
4.021016751570570023e+02
4.017440193626373457e+02
4.013597357682006077e+02
4.009748815677057792e+02
4.006053427921993375e+02
4.002724174342396282e+02
3.999871768890463954e+02
3.997520882405335101e+02
3.995666714161500295e+02
3.994169229696182128e+02
3.992884207561070298e+02
3.990342182588164519e+02
3.988292554464201203e+02
3.986255004282342043e+02
3.984178411724338957e+02
3.982059124284479594e+02
3.979942581282455194e+02
3.977891704110266460e+02
3.976082736075353523e+02
3.974752832716613398e+02
3.974332122271453045e+02
3.975221775005601899e+02
3.977953732292377822e+02
3.982831285363602092e+02
3.989839647022689633e+02
3.998516575074957586e+02
4.007848054532358333e+02
4.016647895969912270e+02
4.023901426226100853e+02
4.029034385347679290e+02
4.031852411429931635e+02
4.032655719788118063e+02
4.031665680339801270e+02
4.029353553972360373e+02
4.025982879644446371e+02
4.020978276858634217e+02
4.015768502431828892e+02
4.010138102350455824e+02
4.004269496566921021e+02
3.998244787130082614e+02
3.992198566960188373e+02
3.986165039485823058e+02
3.980209484197742995e+02
3.974349117050534232e+02
3.968577988956795934e+02
3.962901597764816870e+02
3.957275723524102204e+02
3.951696766430136449e+02
3.946141508152193182e+02
3.940629004088910960e+02
3.935192457921511391e+02
3.929959036476279834e+02
3.925054308777404799e+02
3.920765608322600997e+02
3.917421649925043425e+02
3.915425959618917773e+02
3.915337146057539144e+02
3.917452923220372440e+02
3.922102296078685981e+02
3.928012597933753227e+02
3.935794699986706178e+02
3.944223884250911851e+02
3.952353473190607929e+02
3.959423054698490887e+02
3.965216513402780834e+02
3.969768695760798209e+02
3.973414750262996336e+02
3.976585156391508917e+02
3.979678256502114664e+02
3.983106871817619776e+02
3.987118996283985553e+02
3.991846861684237524e+02
3.997215599621848128e+02
4.002987953143154982e+02
4.008817099246154498e+02
4.014226020508841088e+02
4.018878816654620323e+02
4.022419606052417294e+02
4.024670982125892920e+02
4.025567105505708128e+02
4.025051480176703649e+02
4.023228517122928451e+02
4.020123931396080366e+02
4.014030464695651972e+02
4.006593498490881871e+02
3.998248183599013714e+02
3.989068504868033074e+02
3.979097643370088235e+02
3.968403302854760000e+02
3.957038492503282896e+02
3.945067386617635066e+02
3.932548328045467656e+02
3.919539812145239921e+02
3.906100294417377654e+02
3.892281041922621512e+02
3.878138108103237300e+02
3.863714312152614525e+02
3.849062328867037763e+02
3.834218689709693422e+02
3.819228232463277095e+02
3.804133733739039371e+02
3.788974068625747122e+02
3.773805830042946923e+02
3.758671751580804994e+02
3.743632664322187793e+02
3.728753638361521325e+02
3.714089042319162104e+02
3.698383235717883508e+02
3.682920087311739508e+02
3.667889682390165262e+02
3.653318942202993185e+02
3.639218978361310519e+02
3.625582975782963899e+02
3.612326970226681055e+02
3.599367180953571506e+02
3.586552641913698380e+02
3.573739234506433604e+02
3.560765369027434417e+02
3.547518066540580435e+02
3.533882836484852987e+02
3.519834335104651473e+02
3.505361771529896373e+02
3.490492459009989830e+02
3.475301661994565166e+02
3.459837256326919714e+02
3.444201771852921183e+02
3.428465272074937502e+02
3.412702653446243630e+02
3.396990384754505499e+02
3.381381431294320237e+02
3.365937599521946026e+02
3.349981473065091677e+02
3.333935968360062247e+02
3.318239362614282868e+02
3.302925779977586558e+02
3.288037085953909582e+02
3.273615832629945999e+02
3.259686263170424354e+02
3.246298673137060291e+02
3.233470455093701048e+02
3.221238139694753499e+02
3.209626935836809025e+02
3.198640244646678070e+02
3.188304036230842371e+02
3.178589410466727827e+02
3.169489015724709020e+02
3.160958308133442642e+02
3.152941519524445084e+02
3.145380420362850487e+02
3.138190155709110059e+02
3.131302480122320731e+02
3.124634836363025556e+02
3.118132047873074271e+02
3.111732050767778333e+02
3.105411447966141054e+02
3.098903473102281509e+02
3.092587575442223056e+02
3.086360614496400672e+02
3.080247439163718468e+02
3.074314124731678248e+02
3.068621963725387900e+02
3.063310625782212355e+02
3.058581923583771527e+02
3.054787249057349072e+02
3.052641436725086237e+02
3.053249782900912237e+02
3.058932266356969762e+02
3.072881625252092590e+02
3.099408051916205977e+02
3.141688166127062232e+02
3.197936218990590760e+02
3.263076721300747636e+02
3.332447830435526726e+02
3.402918587414906710e+02
3.469716402627340130e+02
3.527450490410870998e+02
3.573526141293878595e+02
3.611000966579149463e+02
3.643501986062378251e+02
3.673109484577670401e+02
3.704179193120976947e+02
3.736234191915440306e+02
3.768979625027881752e+02
3.801723460434552067e+02
3.833491500219561772e+02
3.863101059200013196e+02
3.889689755298419982e+02
3.913103837847903606e+02
3.933529415962931353e+02
3.951649595464284630e+02
3.968168531087217161e+02
3.983833485855090544e+02
3.999274256563201675e+02
4.015019443332860192e+02
4.031463574671683432e+02
4.048763711180727682e+02
4.067011433249757602e+02
4.085922097938176307e+02
4.105148504607143423e+02
4.124161822537666353e+02
4.142356293497014121e+02
4.159215172613101572e+02
4.174263714994770567e+02
4.185225023582728454e+02
4.191382908300152508e+02
4.194970141973868749e+02
4.195948546817115243e+02
4.194402720164090397e+02
4.190414185171428585e+02
4.184299817510524235e+02
4.176273489236706382e+02
4.166665970123282818e+02
4.155775200727168794e+02
4.143891439616555203e+02
4.131336945775320828e+02
4.118409673661364536e+02
4.105448828400079719e+02
4.092772792102020958e+02
4.080744776759786419e+02
4.069588894351365980e+02
4.058262216337083714e+02
4.043036336590165547e+02
4.034705787908255843e+02
4.025981782334278591e+02
4.016391141265204396e+02
4.005575410311341216e+02
3.993696078375798493e+02
3.979077952984486046e+02
3.963286465121040010e+02
3.947925415337569461e+02
3.933336881573339952e+02
3.919922272404409682e+02
3.907775726794502589e+02
3.896985349794428544e+02
3.887491745479242127e+02
3.879137439136157468e+02
3.871779126468329082e+02
3.865212242574835955e+02
3.859264774263286313e+02
3.853787659477407601e+02
3.848588421543059894e+02
3.843516642641685053e+02
3.838371890583521804e+02
3.832849480807844884e+02
3.826730763643902833e+02
3.819659445292654141e+02
3.811363387731172452e+02
3.801705222106101019e+02
3.790564756251861240e+02
3.778111859732356379e+02
3.764505753911521992e+02
3.749257579593063952e+02
3.732994096825279371e+02
3.716524692716833442e+02
3.700157951671693581e+02
3.684050940833629397e+02
3.668399118867058633e+02
3.653247158990610615e+02
3.638634802924374867e+02
3.624504071072723264e+02
3.610746479160970921e+02
3.597205522475136945e+02
3.583675478475905720e+02
3.569946797536430267e+02
3.555802174010761973e+02
3.541077799673959134e+02
3.525612606084245613e+02
3.509379084392977006e+02
3.492315873198422196e+02
3.474511486716327227e+02
3.456034183063850378e+02
3.436993891862111923e+02
3.417544797208567502e+02
3.397783085893972270e+02
3.377873020046616261e+02
3.357875271062388833e+02
3.337655693057062649e+02
3.317647710049443504e+02
3.297922688990552729e+02
3.278572463104648591e+02
3.259649768490043016e+02
3.241213452350600051e+02
3.223317967202675050e+02
3.205991903929374871e+02
3.189285801317336677e+02
3.173219856648977952e+02
3.157827460411531320e+02
3.143135703482786880e+02
3.129156866745034904e+02
3.115922550352967733e+02
3.103436005162438960e+02
3.091719433888740127e+02
3.080780673299604473e+02
3.070622216340489672e+02
3.061257809258298721e+02
3.052675874579165907e+02
3.044883357858486761e+02
3.037867736415530544e+02
3.031617074458209800e+02
3.026237617307583037e+02
3.021701268205655992e+02
3.017877272500743970e+02
3.014729943738785778e+02
3.012224555997910898e+02
3.010326341096406964e+02
3.008987130171759077e+02
3.008168485827164886e+02
3.007822512876343808e+02
3.007902991033837452e+02
3.008370062759175312e+02
3.009176481825335259e+02
3.010285566341331673e+02
3.011659596337011635e+02
3.013261841833316907e+02
3.015067704860758795e+02
3.017044085616697089e+02
3.019170479592601168e+02
3.021423851944416015e+02
3.023781800680170022e+02
3.026230400917121983e+02
3.028746485827430206e+02
3.031316762131598921e+02
3.033922036887439049e+02
3.036409190029144156e+02
3.038968348485498723e+02
3.041484090353242777e+02
3.043944377091589786e+02
3.046331322168717861e+02
3.048634444875125951e+02
3.050838270998340249e+02
3.052933716256617913e+02
3.054910309597265723e+02
3.056758668346402601e+02
3.058475843668275047e+02
3.060054608516280723e+02
3.061497223909809122e+02
3.062801594707368622e+02
3.063971933074496974e+02
3.065012902965545436e+02
3.065928521444541843e+02
3.066729961840963483e+02
3.067425037891902093e+02
3.068027024177305861e+02
3.068548334840672283e+02
3.069003297386769304e+02
3.069409039074225234e+02
3.069783529459543843e+02
3.070045609366971462e+02
3.070372327957957737e+02
3.070728970746038726e+02
3.071138740315940368e+02
3.071627872119457265e+02
3.072218241244453338e+02
3.072934413924553496e+02
3.073795947545580702e+02
3.074821405824338285e+02
3.076027218001195251e+02
3.077422366222643291e+02
3.079015703217687587e+02
3.080805831740020722e+02
3.082790285615908488e+02
3.084959281916662803e+02
3.087296312924307813e+02
3.089782120725638492e+02
3.092387558513032673e+02
3.095084637646440342e+02
3.097836191829224504e+02
3.100606960711803026e+02
3.103356644420806560e+02
3.106045421814624206e+02
3.108634110095480310e+02
3.110998304284217966e+02
3.113154179546578462e+02
3.115110651103613009e+02
3.116839576195847030e+02
3.118309065346968509e+02
3.119495621776231928e+02
3.120382837544394761e+02
3.120951576376014600e+02
3.121200297180445205e+02
3.121119663675748370e+02
3.120716396932539851e+02
3.119997580021213253e+02
3.118973979504569343e+02
3.117668600508064287e+02
3.116099546250366643e+02
3.114298322212978292e+02
3.112296812759500426e+02
3.110130427792944374e+02
3.107843974434926508e+02
3.105479579478621872e+02
3.103086694275726245e+02
3.100719654245800712e+02
3.098428861440659148e+02
3.096275886214457387e+02
3.094364125425004772e+02
3.092640404287529918e+02
3.091245748556448802e+02
3.090225526609422673e+02
3.089642199312713728e+02
3.089543887371650612e+02
3.089971803664501522e+02
3.090979999843587507e+02
3.092583948463356478e+02
3.094821153850086830e+02
3.097692828195702646e+02
3.101189278331733021e+02
3.105297376585128291e+02
3.109955451249367684e+02
3.115110775350255494e+02
3.120665784736962678e+02
3.126510385055881898e+02
3.132523058705180006e+02
3.138558168869402607e+02
3.144468758282733347e+02
3.150112842305824756e+02
3.155337901191251149e+02
3.160022874009803218e+02
3.164053911858074457e+02
3.167046969631001616e+02
3.168861596391611215e+02
3.169781879713466424e+02
3.169821052348189028e+02
3.168985183241391610e+02
3.167303500536102092e+02
3.164835345782053651e+02
3.161618533644630133e+02
3.157736043897781997e+02
3.153242931436287790e+02
3.148215673196216926e+02
3.142726512431262904e+02
3.136839253378654462e+02
3.130629683800053158e+02
3.124155568624394164e+02
3.117483119427973293e+02
3.110668196757533224e+02
3.103765276962781172e+02
3.096824820172998329e+02
3.089893358116592594e+02
3.083013336110382170e+02
3.076224689574949593e+02
3.069563115156797721e+02
3.063059736389326986e+02
3.056636581410473923e+02
3.050317742381683956e+02
3.044271045858424714e+02
3.038506803286023228e+02
3.033037968682488099e+02
3.027872981468195235e+02
3.023011635991363733e+02
3.018460782420904707e+02
3.014210949794379530e+02
3.010261032529364229e+02
3.006599139094972202e+02
3.003211443944828716e+02
3.000085935779956117e+02
2.997198694566528729e+02
2.994533772092111121e+02
2.992064492174686734e+02
2.989767241504260937e+02
2.987616813881816711e+02
2.985584286899918425e+02
2.983644822110330210e+02
2.981770402054193596e+02
2.979935726264282039e+02
2.978116907556910178e+02
2.976291133843068906e+02
2.974427430151861245e+02
2.972440267851195586e+02
2.970401683405928566e+02
2.968302206406763730e+02
2.966133793599209412e+02
2.963892099089929957e+02
2.961578360037696029e+02
2.959193936029879524e+02
2.956747921707790283e+02
2.954251121641622717e+02
2.951719354606464094e+02
2.949177657625400570e+02
2.946652463605844332e+02
2.944185917343848473e+02
2.941829414769773621e+02
2.939649121685876594e+02
2.937748868013069909e+02
2.936239020961979804e+02
2.935307704018754293e+02
2.935161070872451887e+02
2.936080769569630320e+02
2.938430248409447927e+02
2.942516615987586874e+02
2.948765590698841947e+02
2.957268006793316886e+02
2.970172839499767861e+02
2.984780529609313362e+02
3.000475614263040711e+02
3.016600079876197924e+02
3.032750562134186794e+02
3.048804128653812313e+02
3.065008738085356867e+02
3.081828077603331622e+02
3.099796941783901616e+02
3.119431078438772715e+02
3.141118912335596178e+02
3.165169017263583555e+02
3.191873176722671701e+02
3.221916110842771559e+02
3.256236142573116012e+02
3.296130707013917913e+02
3.343026904263948040e+02
3.397658490159906250e+02
3.460599452848554733e+02
3.531626205508279668e+02
3.609810741947192696e+02
3.693789950887700684e+02
3.779978803792358804e+02
3.863000461144410451e+02
3.939451180769495977e+02
4.005119665996404592e+02
4.059151284224191159e+02
4.102911026131959034e+02
4.137932330000442107e+02
4.166129418433724254e+02
4.188644713151350629e+02
4.206601729591484968e+02
4.220764720195332984e+02
4.231880888632541087e+02
4.240551667514961878e+02
4.247258968734192877e+02
4.252436178023591538e+02
4.256367672554458750e+02
4.259309072589835523e+02
4.261477108889885699e+02
4.263026382915522845e+02
4.264174833644086675e+02
4.265084115726424443e+02
4.265950066138124157e+02
4.266970332947237807e+02
4.268334730484411921e+02
4.270246655865960292e+02
4.271610199881478138e+02
4.274403697334632284e+02
4.278161332558156005e+02
4.283103570629169212e+02
4.289317182166724365e+02
4.296890182791464667e+02
4.305653501238610374e+02
4.315266694662259397e+02
4.325179091271456286e+02
4.334631718618653053e+02
4.342951494573586046e+02
4.349613961052449440e+02
4.354443125399486689e+02
4.357507456912586576e+02
4.359121631854360999e+02
4.359695140427405704e+02
4.359649996819325111e+02
4.359450830628995277e+02
4.359434667484644592e+02
4.359944744671485637e+02
4.361220812865631160e+02
4.363353691405845325e+02
4.366333014349680752e+02
4.369891114695658985e+02
4.374519046932175570e+02
4.378426140976491752e+02
4.382084231444202942e+02
4.385561264050521686e+02
4.389266686264643909e+02
4.393768026562534033e+02
4.399906446378367377e+02
4.408432665414147209e+02
4.420003872195972008e+02
4.434869200396240672e+02
4.452787444790666882e+02
4.473176321822065802e+02
4.495474061021810144e+02
4.519383903953471417e+02
4.545347940179262309e+02
4.573616524840260240e+02
4.604779008208824962e+02
4.638907131360940070e+02
4.675627895324852261e+02
4.714359482077755388e+02
4.753974706165734005e+02
4.793402587612081334e+02
4.831541363697135694e+02
4.867603362406563861e+02
4.898505933458312143e+02
4.925963565867915008e+02
4.950617645205001622e+02
4.972941350038530004e+02
4.993377153395241521e+02
5.012398019927388759e+02
5.030480385854410201e+02
5.047910566242223922e+02
5.064978918128612690e+02
5.081846872689708334e+02
5.098633674036123580e+02
5.115411786317233691e+02
5.132201629568241970e+02
5.148958732441534494e+02
5.165633490698584183e+02
5.182119889135987023e+02
5.198306840063698928e+02
5.214099760996351733e+02
5.229362373006730422e+02
5.243942661970974086e+02
5.257657751546363443e+02
5.270290963914970916e+02
5.281621335203177523e+02
5.291495371576539810e+02
5.299215215303593141e+02
5.305400458401210244e+02
5.309702245500629942e+02
5.312306449052670132e+02
5.313414098025174326e+02
5.313242640161761301e+02
5.312071519747036064e+02
5.310067907088227912e+02
5.307424677095582410e+02
5.304196918162432439e+02
5.300423762259457590e+02
5.296072507246389023e+02
5.291088342626936765e+02
5.285423781495093181e+02
5.279001604579449349e+02
5.271786154454634925e+02
5.263702440583779207e+02
5.254706215240153142e+02
5.244751040046049866e+02
5.233812917830041442e+02
5.221936321172540829e+02
5.209181472861555449e+02
5.195714260103673041e+02
5.181703106130646574e+02
5.166243333659645032e+02
5.150424573393529499e+02
5.134771072199504260e+02
5.119615315970774532e+02
5.105224929550510637e+02
5.091884852813763587e+02
5.079745877368467859e+02
5.068886504615245485e+02
5.059262770342305089e+02
5.050640067815693897e+02
5.042714365906133480e+02
5.035054105117652625e+02
5.027277866734883105e+02
5.019104589738690834e+02
5.010454455987997449e+02
5.001367156337435063e+02
4.992112865489655178e+02
4.982916142685746195e+02
4.974023430251160107e+02
4.965551921031223515e+02
4.957475235223562322e+02
4.949692013269993254e+02
4.942001693955079986e+02
4.934263391242420767e+02
4.924915937683567790e+02
4.910201912968665852e+02
4.895419065278717881e+02
4.880825016851720193e+02
4.866707148638479907e+02
4.853360767722418245e+02
4.841047859858446145e+02
4.829872119826037533e+02
4.819804234368658626e+02
4.810592946391640794e+02
4.801781192526171367e+02
4.792832753396967291e+02
4.783159150545608895e+02
4.772334683950950307e+02
4.760033249397994837e+02
4.746178720048693549e+02
4.730700607057004845e+02
4.713756072875308405e+02
4.695434200903488318e+02
4.675904982413647986e+02
4.655327999508270409e+02
4.633828118861999883e+02
4.611605319445088185e+02
4.588735382157569234e+02
4.564877625982728091e+02
4.539454373146479043e+02
4.513668236770530484e+02
4.487585395045049381e+02
4.461274237161900942e+02
4.434818044475088641e+02
4.408298746381263982e+02
4.381843167388808524e+02
4.355545580469518541e+02
4.329559597815035659e+02
4.304006320074636278e+02
4.279023691761169061e+02
4.254774425582623962e+02
4.231369120672271151e+02
4.208988282613630645e+02
4.187768286013644001e+02
4.167873671220358460e+02
4.149523543027327719e+02
4.132860076282587443e+02
4.118148958141123899e+02
4.105525996424243544e+02
4.095126352149145532e+02
4.087000865580843083e+02
4.080921725858267450e+02
4.076067549328247992e+02
4.072524254972819335e+02
4.069452105677440272e+02
4.066244680754560932e+02
4.062482981120993486e+02
4.057865862499975265e+02
4.052310251199813251e+02
4.045712764344577863e+02
4.038040823445687124e+02
4.029271900231719883e+02
4.019312894037685737e+02
4.008257339577272660e+02
3.996126972383950147e+02
3.983102781825982106e+02
3.969369219092357071e+02
3.955112553313747981e+02
3.940582307916793070e+02
3.925951492779998944e+02
3.911432759783931488e+02
3.897184340261574675e+02
3.883342422433584602e+02
3.870030226336351120e+02
3.857312355541699844e+02
3.845243243796877550e+02
3.833591468469588790e+02
3.822373710196417846e+02
3.811706931874812199e+02
3.801522062849174404e+02
3.791757293444547940e+02
3.782352903060657923e+02
3.773239968780984555e+02
3.764381260077850584e+02
3.755719252912780348e+02
3.747206023894475493e+02
3.738797552100451753e+02
3.730430682476543893e+02
3.722049629127020580e+02
3.713600707498569591e+02
3.705024111722008797e+02
3.696291801820123055e+02
3.687385223637745071e+02
3.678302464998560595e+02
3.669091008170129840e+02
3.659782887233815813e+02
3.650460964860738500e+02
3.641201049183280247e+02
3.632073350417825282e+02
3.623169524261917331e+02
3.614206403784275494e+02
3.603723939685802407e+02
3.593488908817004699e+02
3.583464173336217868e+02
3.573579605505570953e+02
3.563746127756103306e+02
3.553872765124446573e+02
3.543869357016014874e+02
3.533683871599976101e+02
3.523259933672447346e+02
3.512603763451168675e+02
3.501702279332565695e+02
3.490589998400959644e+02
3.479296373404404221e+02
3.467848626123725353e+02
3.456295522966796625e+02
3.444651854394389829e+02
3.432966655707480754e+02
3.421257928131018957e+02
3.409558244865862093e+02
3.397893918152762467e+02
3.386287057963449456e+02
3.374768785862762570e+02
3.363355035333182173e+02
3.351765597421906477e+02
3.339659536323201223e+02
3.327743520068462999e+02
3.316046016350553600e+02
3.304603648489056695e+02
3.293460771128538340e+02
3.282669879295211217e+02
3.272298386580841907e+02
3.262420366223020665e+02
3.253134431433962277e+02
3.244533626164098905e+02
3.236742067990497276e+02
3.229843889470378713e+02
3.223918375993255836e+02
3.218981284227373862e+02
3.214971806948494759e+02
3.211753292645890951e+02
3.209109315471379773e+02
3.206764574646419419e+02
3.204470068591858762e+02
3.201996995290207906e+02
3.199177276348585792e+02
3.195954952932976880e+02
3.192263685770871007e+02
3.187805648229546591e+02
3.182886162023638690e+02
3.177662309769690978e+02
3.172243147552570690e+02
3.166722526741535262e+02
3.161226870190418481e+02
3.155448867055412734e+02
3.145420343775456331e+02
3.141087460045366129e+02
3.137342375922048632e+02
3.134329853260576328e+02
3.132152676030931389e+02
3.130987830164785919e+02
3.130943722384119496e+02
3.132170602560414636e+02
3.134808995283278819e+02
3.138896607523053035e+02
3.144528357446159248e+02
3.151557154421905693e+02
3.159806215381460106e+02
3.168896523669590124e+02
3.178306090667479680e+02
3.187425491312519625e+02
3.195662733944818683e+02
3.202468482400032599e+02
3.207017068379557259e+02
3.209813783744918965e+02
3.210904994684337908e+02
3.210620737090785042e+02
3.209198700512832261e+02
3.207044461211236239e+02
3.204497952162100773e+02
3.201874063893738480e+02
3.199535090654175633e+02
3.197736650278460502e+02
3.196805126352925299e+02
3.196993643956141113e+02
3.198537903705591248e+02
3.201696316011809245e+02
3.206587359004936388e+02
3.213375402668973493e+02
3.222075424891738749e+02
3.232652403881047576e+02
3.245028043202741515e+02
3.259005791105656158e+02
3.274494895287671170e+02
3.291346790845475425e+02
3.309624215467316617e+02
3.329087323310308193e+02
3.349542107070096222e+02
3.371872756606623511e+02
3.396116094073204863e+02
3.422261424533405716e+02
3.449870211098935329e+02
3.478264460328762766e+02
3.506421775872599369e+02
3.533211024978219825e+02
3.557409994692825990e+02
3.578438294827010395e+02
3.595886659636491913e+02
3.610051557120352754e+02
3.621555167950112946e+02
3.631354421145705942e+02
3.640840410829631537e+02
3.651740146458083132e+02
3.666318058160103988e+02
3.686493576428269989e+02
3.713381734543137327e+02
3.744405990617718771e+02
3.774407863480701053e+02
3.797817742566970765e+02
3.812104841748764557e+02
3.816356436350138210e+02
3.811664562823866049e+02
3.802358372893931460e+02
3.790205113278268527e+02
3.776213797448042442e+02
3.761056673556936403e+02
3.745197209376498222e+02
3.728895368868094238e+02
3.712362200672526455e+02
3.695728721482403785e+02
3.679085605633449063e+02
3.662502772324662601e+02
3.646026301327709120e+02
3.629681532377980488e+02
3.613491375892824635e+02
3.597455845325693531e+02
3.581574712197768804e+02
3.565841000766312163e+02
3.550234093842948937e+02
3.534744247396170067e+02
3.519342906472875825e+02
3.504013051751782655e+02
3.488735179270169624e+02
3.473483994502255996e+02
3.457581327405953289e+02
3.440664058334760966e+02
3.423879067547948694e+02
3.407213866842722609e+02
3.390661155856469691e+02
3.374231165921819411e+02
3.357915615429773197e+02
3.341736792828872922e+02
3.325697121341493130e+02
3.309815369943430596e+02
3.294112496724499692e+02
3.278598062653931038e+02
3.263304532278539796e+02
3.248240713945259586e+02
3.233436051757581140e+02
3.218907148582371747e+02
3.204671300188971941e+02
3.190754546840525450e+02
3.177164681723729132e+02
3.163928532114722429e+02
3.151052961343769994e+02
3.138556114073633694e+02
3.126451818783157250e+02
3.114746805053031835e+02
3.103850455601681801e+02
3.093275645288191527e+02
3.083148283205098892e+02
3.073485521982362343e+02
3.064330365653412969e+02
3.055752341218015431e+02
3.047884449677459315e+02
3.040961760945600076e+02
3.035404564214204584e+02
3.031974808470574203e+02
3.031813921124573312e+02
3.036880393140236833e+02
3.049368802497126580e+02
3.071866771842206845e+02
3.106433986313264768e+02
3.153676401676533487e+02
3.213183572052394652e+02
3.281182512232759336e+02
3.351423645164111349e+02
3.417348756218899553e+02
3.474958872443227165e+02
3.523941726058807831e+02
3.567279973639801938e+02
3.606553270365045591e+02
3.641510482121061614e+02
3.673131635583406478e+02
3.700508180262334008e+02
3.725058375427668125e+02
3.747364804293721932e+02
3.766598322432722625e+02
3.780865575845625699e+02
3.788444716224739750e+02
3.789532540125289870e+02
3.785219766216936819e+02
3.777005363283615225e+02
3.766375211273179389e+02
3.754245841199089000e+02
3.741378057672366708e+02
3.728187602231562323e+02
3.714948785110591416e+02
3.701843396303460167e+02
3.688979401339320816e+02
3.676435865953420716e+02
3.664281217921209759e+02
3.652566628344914079e+02
3.641352740174691576e+02
3.630719438789190008e+02
3.620729741092604854e+02
3.611139842232285559e+02
3.602236172121383788e+02
3.594166543752046437e+02
3.586995572929002947e+02
3.580667011835652715e+02
3.575096366706068238e+02
3.570044450441812955e+02
3.565222864196315982e+02
3.560289047845777191e+02
3.554965899752227756e+02
3.549023833430934474e+02
3.542404964872781079e+02
3.535121921014224995e+02
3.527257489189069588e+02
3.518962085088730305e+02
3.510336608104593097e+02
3.501529093295404209e+02
3.492629996575603855e+02
3.483721075877467115e+02
3.474870788328649382e+02
3.466118198041928053e+02
3.457505591145931021e+02
3.449055890826636528e+02
3.440788148555046746e+02
3.431708492570465410e+02
3.422191943180473004e+02
3.412912117165978998e+02
3.403869305528883160e+02
3.395066438095186641e+02
3.386504190354784782e+02
3.378178678384024920e+02
3.370091616434478965e+02
3.362236194469343786e+02
3.354612474764778653e+02
3.347215822088557502e+02
3.340043379044261087e+02
3.333094590369479988e+02
3.326364943438178443e+02
3.319857057824885942e+02
3.313567537803158416e+02
3.307499001435343757e+02
3.301651159528958033e+02
3.296023811043348246e+02
3.290619097693958111e+02
3.285433590766974703e+02
3.280468048131066894e+02
3.275717178873379112e+02
3.271176046741142045e+02
3.266685761551540281e+02
3.262571758501993031e+02
3.258625320269516692e+02
3.254829374184530479e+02
3.251168162370401546e+02
3.247623252725433645e+02
3.244177004602204306e+02
3.240810940870806007e+02
3.237509562944210870e+02
3.234256676928908405e+02
3.231040492154886579e+02
3.227850129329709716e+02
3.224677799215994014e+02
3.221520901999271018e+02
3.218376489180793101e+02
3.215249529878931298e+02
3.212142795328937837e+02
3.209066660045638173e+02
3.206030122812002219e+02
3.203046132792064213e+02
3.200128076205588172e+02
3.197288860717073931e+02
3.194544970477737706e+02
3.191906339468548595e+02
3.189252583556629475e+02
3.187035067779119686e+02
3.184970467150101285e+02
3.183059971144166980e+02
3.181302830379676720e+02
3.179701501634161787e+02
3.178243619379734355e+02
3.176932650847776927e+02
3.175752220244948489e+02
3.174700168418157205e+02
3.173765537647131509e+02
3.172936488776628607e+02
3.172211943104973670e+02
3.171573287746788878e+02
3.171022869549107668e+02
3.170543981423757032e+02
3.170134947763673949e+02
3.169787858110987031e+02
3.169493308883255622e+02
3.169252422300423291e+02
3.169052269502947752e+02
3.168897474193263406e+02
3.168777704457396567e+02
3.168696250866095738e+02
3.168476115158757125e+02
3.168354437633879002e+02
3.168229414858060409e+02
3.168099001797421579e+02
3.167972967018413897e+02
3.167850735948042598e+02
3.167739142198433910e+02
3.167640670377718379e+02
3.167556419946318442e+02
3.167490171892441140e+02
3.167438180652264350e+02
3.167402273416644221e+02
3.167376557300095214e+02
3.167358254125487633e+02
3.167341276769528235e+02
3.167317770772396557e+02
3.167283365316534969e+02
3.167225711653688336e+02
3.167141409849999718e+02
3.167017917656462487e+02
3.166849745122551099e+02
3.166629239717106543e+02
3.166345660398945938e+02
3.165999358911663535e+02
3.165532149139215790e+02
3.164912069032125146e+02
3.164199572271783154e+02
3.163394273593675621e+02
3.162499482165541735e+02
3.161505760790382737e+02
3.160420870636995119e+02
3.159234720474109395e+02
3.157949250887502330e+02
3.156561056190449790e+02
3.155061374704062018e+02
3.153450530680210591e+02
3.151716533105310987e+02
3.149856889376807203e+02
3.147862475687531969e+02
3.145726643053861267e+02
3.143443178061011736e+02
3.141005727235265681e+02
3.138410582293249718e+02
3.135654152959258454e+02
3.132736945161514655e+02
3.129656690036800342e+02
3.126419539796145841e+02
3.123027428090036892e+02
3.119534159056126441e+02
3.115933872197851429e+02
3.112194538273409989e+02
3.108331356706935935e+02
3.104353716610855258e+02
3.100277645922603824e+02
3.096117790149784810e+02
3.091888258247029739e+02
3.087606851207391401e+02
3.083287608904183799e+02
3.078947320579642906e+02
3.074602602405927883e+02
3.070266994862141701e+02
3.065957107846928693e+02
3.061685986866951339e+02
3.057466302778876752e+02
3.053312096073510702e+02
3.049230978666375904e+02
3.045234869993121265e+02
3.041330077318140752e+02
3.037522342823760937e+02
3.033818246350848540e+02
3.030217493715617252e+02
3.026723963473068579e+02
3.023414412159917788e+02
3.020189113883694745e+02
3.017060691744674159e+02
3.014020462424955440e+02
3.011063388472107363e+02
3.008180055761127960e+02
3.005363549413335704e+02
3.002607558351772354e+02
2.999904951567387457e+02
2.997252685145510327e+02
2.994649873663273638e+02
2.992100641108407331e+02
2.989620035659783071e+02
2.987235833315614286e+02
2.985001609834669125e+02
2.983024909775228934e+02
2.981469768740312816e+02
2.980693179396178039e+02
2.981227471404299649e+02
2.984079172169158483e+02
2.990925718142106007e+02
3.004077418286956913e+02
3.027307280146384869e+02
3.063063743482537120e+02
3.111968226070396781e+02
3.174129379983637023e+02
3.236021314525818298e+02
3.290711551272516431e+02
3.337404178463188487e+02
3.379167130658402129e+02
3.423055652474925523e+02
3.475752436731019657e+02
3.540882283122554668e+02
3.619255725840807827e+02
3.713539694894366789e+02
3.827890666159479451e+02
3.963524562391297081e+02
4.110417456875665039e+02
4.254719147852281935e+02
4.385846867088685599e+02
4.504564376204939435e+02
4.610846652477887915e+02
4.700259499139505692e+02
4.766866854392177970e+02
4.813013905616855368e+02
4.843661144254182886e+02
4.865463800828740091e+02
4.882324042822024239e+02
4.895724802414285932e+02
4.908833040544686810e+02
4.921995817877002537e+02
4.935680914800344112e+02
4.949999981887767149e+02
4.964973547089991257e+02
4.980355791166072095e+02
4.995836549207552935e+02
5.010950776501779842e+02
5.025152726776896657e+02
5.037893869126735353e+02
5.048711471447369377e+02
5.057212930953641035e+02
5.063285666373699314e+02
5.066898713721489571e+02
5.068237189611278950e+02
5.067586129220253497e+02
5.065277691859994889e+02
5.061736546698978714e+02
5.057304584785929364e+02
5.052378134694690175e+02
5.047232197048110720e+02
5.042138361953457206e+02
5.037263685511036897e+02
5.033264811396692835e+02
5.030556432764134911e+02
5.027978918739048027e+02
5.025361137198858614e+02
5.022468501168815465e+02
5.019094229349214515e+02
5.015078364620469529e+02
5.010387383277890194e+02
5.005023061823237640e+02
4.999132205139325720e+02
4.992840460965502416e+02
4.986319672505879907e+02
4.979736795297552021e+02
4.973217414877788656e+02
4.966900076131574906e+02
4.960876335273727022e+02
4.955250530928275907e+02
4.950105606644366958e+02
4.945539696835538166e+02
4.941654844891959328e+02
4.938563691200373569e+02
4.936417886450047376e+02
4.935372244364998551e+02
4.935629363005051005e+02
4.937944450970803700e+02
4.943163151248907070e+02
4.950345267030883178e+02
4.959757785088847299e+02
4.971678903380492898e+02
4.986488472507607526e+02
5.004407748714320405e+02
5.025788030535582038e+02
5.050816652995845288e+02
5.079371821449467461e+02
5.111040053453248788e+02
5.144460473901059459e+02
5.177837023120869162e+02
5.209239916969589785e+02
5.237607274305238434e+02
5.262570144532146514e+02
5.284461341608703151e+02
5.303566178511421185e+02
5.320372349273692407e+02
5.335178053490127468e+02
5.348343484079949803e+02
5.360194032317958772e+02
5.370964674391486824e+02
5.380989285382022445e+02
5.389608918656701917e+02
5.397748988079943047e+02
5.405271791382206175e+02
5.412179042102366111e+02
5.418431877592709043e+02
5.423881274492615603e+02
5.428401795224636999e+02
5.431828642827319982e+02
5.434106285051003624e+02
5.435175179031629114e+02
5.435126228875030847e+02
5.434082707722085388e+02
5.432205554753995784e+02
5.429726497143990400e+02
5.426829407177414168e+02
5.423741484064501037e+02
5.420649628802161715e+02
5.417724855473501293e+02
5.415112484172333325e+02
5.412931287098069788e+02
5.411270109104879111e+02
5.410183063055001185e+02
5.409708980250800323e+02
5.409827889298160244e+02
5.409171988038195877e+02
5.409311469107792618e+02
5.409740253023630885e+02
5.410352296710919973e+02
5.411010090098104683e+02
5.411590339630446351e+02
5.411962972115295543e+02
5.412025076054061401e+02
5.411671153985170122e+02
5.410858689474239327e+02
5.409547582607591494e+02
5.407756536092580291e+02
5.405533498980262266e+02
5.402907324362878398e+02
5.399940287367477367e+02
5.396655748152443266e+02
5.393071972494699367e+02
5.389208821793217794e+02
5.385067994775715761e+02
5.380662991122286485e+02
5.376049291984945739e+02
5.371269393727218358e+02
5.366449413542526372e+02
5.361685791376493171e+02
5.356288295310774856e+02
5.348404403891199763e+02
5.340639640677667330e+02
5.332953174806339121e+02
5.325125369104167703e+02
5.316928619020663973e+02
5.308068524236693975e+02
5.298265897927601600e+02
5.287293700885259113e+02
5.275003871265823818e+02
5.261322809578155102e+02
5.246271974776376510e+02
5.229914228790851212e+02
5.212374562821970585e+02
5.193799490097154603e+02
5.174345872843972529e+02
5.154202094367892641e+02
5.133539607873359500e+02
5.112553306294504409e+02
5.091422493552169044e+02
5.070329225221530578e+02
5.049460601736341232e+02
5.028982454870630363e+02
5.009071019430335241e+02
4.989729958579107461e+02
4.970133061895326136e+02
4.951567417755558154e+02
4.934168705926703637e+02
4.918113547886249535e+02
4.903502054049267826e+02
4.890461907469448875e+02
4.879013471453658326e+02
4.869116354426912494e+02
4.860631043243575959e+02
4.853247068103174229e+02
4.846598583305365082e+02
4.840186563845031174e+02
4.833538886707642064e+02
4.826186198318827678e+02
4.817768392616957271e+02
4.807993551808212942e+02
4.796714512937916766e+02
4.783879348605572659e+02
4.769500174339956402e+02
4.753719032680698433e+02
4.736709392383659747e+02
4.718742886032533761e+02
4.700171610757268468e+02
4.680192492154740194e+02
4.659172065292457319e+02
4.638903650506611029e+02
4.619871420330761680e+02
4.602657555287413516e+02
4.587693091816663014e+02
4.575396587701430917e+02
4.566065694173199176e+02
4.559658696281668426e+02
4.556078744843541699e+02
4.554776778387420677e+02
4.555055957027922204e+02
4.556219748752695295e+02
4.557483129522407239e+02
4.558273133816816198e+02
4.558180274003424870e+02
4.556809401317077572e+02
4.553974981823837425e+02
4.549493975928466512e+02
4.543206363823950937e+02
4.535161728744581637e+02
4.525330094991010697e+02
4.513856669670680049e+02
4.500913467326467412e+02
4.486423989988723520e+02
4.469485974375010642e+02
4.451641960085629535e+02
4.433285997148544766e+02
4.414951966580011913e+02
4.397266420138573153e+02
4.381220136762087805e+02
4.368020498712660924e+02
4.358807963824542071e+02
4.354566336366784185e+02
4.354339698753661310e+02
4.355730391241386315e+02
4.355146751688124027e+02
4.349963447908513672e+02
4.339066323981252822e+02
4.323337628411432547e+02
4.303772642407685680e+02
4.281685387079222664e+02
4.257931610474113313e+02
4.233115003758770172e+02
4.207673451627774170e+02
4.181829661418408364e+02
4.155788054546641206e+02
4.129644362476467450e+02
4.102172419211754573e+02
4.074587846365868131e+02
4.047099706180455883e+02
4.019761441851290442e+02
3.992607544334260865e+02
3.965686339234924844e+02
3.939022589242453023e+02
3.912658298918180435e+02
3.886613865726689596e+02
3.860920354541951838e+02
3.835598345417427595e+02
3.810661320961947922e+02
3.786131037112240847e+02
3.762005483682971771e+02
3.738298811123864880e+02
3.715002350679609435e+02
3.692110336725562547e+02
3.669616875830135427e+02
3.647499833565353811e+02
3.625751264249852852e+02
3.604345706005295824e+02
3.583270030576150589e+02
3.562506450255030472e+02
3.542041437286459882e+02
3.521096377220205795e+02
3.500272176986153454e+02
3.479734603512069384e+02
3.459490083541283525e+02
3.439552299171231198e+02
3.419935456580235495e+02
3.400661240052028802e+02
3.381753851330669249e+02
3.363238960592363469e+02
3.345156040825997934e+02
3.327532846755704554e+02
3.310415912979132145e+02
3.293849461249553201e+02
3.277880307023052069e+02
3.262583140432126356e+02
3.248011799342029349e+02
3.234277888637913065e+02
3.221480133351587938e+02
3.209773626595251130e+02
3.199390792372008150e+02
3.190594375120059567e+02
3.183921566322311492e+02
3.179961942723247148e+02
3.179718441871963250e+02
3.183987237621872168e+02
3.193655389392098414e+02
3.210029537688825485e+02
3.231780305008820733e+02
3.256342300028978229e+02
3.280334857823544326e+02
3.302144666915152698e+02
3.322495813394426705e+02
3.344431059330410676e+02
3.371369154343577179e+02
3.408221139975042320e+02
3.462040791547973413e+02
3.490230818348895809e+02
3.511934063891500841e+02
3.528812223103851693e+02
3.543740654064061459e+02
3.558466177297121931e+02
3.573686470592180626e+02
3.589048052095618004e+02
3.603577074116149106e+02
3.616263570924673445e+02
3.626261629471063088e+02
3.633527142616530909e+02
3.638054165247388028e+02
3.639036232775305280e+02
3.639505244913900128e+02
3.638526305532654987e+02
3.636582284661706126e+02
3.633972046006447272e+02
3.631111351884311489e+02
3.628191905003936313e+02
3.625493863736016920e+02
3.623153002870864157e+02
3.621266745901961599e+02
3.619894552023578171e+02
3.618927010734593637e+02
3.618257661551859883e+02
3.617632000267882972e+02
3.616812525505384883e+02
3.615590473337978779e+02
3.613869613494185273e+02
3.611698279158051150e+02
3.609349956432894260e+02
3.607175317944902417e+02
3.605593537579897543e+02
3.604706292176700231e+02
3.604284937296214935e+02
3.603453753641317121e+02
3.600256824538678870e+02
3.594405799646278297e+02
3.585641041335640580e+02
3.573997506675455043e+02
3.560108858407314756e+02
3.544473860482657983e+02
3.527694312565202495e+02
3.510193108202387862e+02
3.492271441476561336e+02
3.474178116022148401e+02
3.456045838896363875e+02
3.437993684857880794e+02
3.420091932768639253e+02
3.402384022213523735e+02
3.384916661297870633e+02
3.367705852030993583e+02
3.350784292097130219e+02
3.334170787004906629e+02
3.317883870588260606e+02
3.301955332592197010e+02
3.286396367249703871e+02
3.271245901815894968e+02
3.256520700492249603e+02
3.242252099032406250e+02
3.228500682432816689e+02
3.215037567856230680e+02
3.202286051172559951e+02
3.190252137836304200e+02
3.178961612829640444e+02
3.168423549500195691e+02
3.158639073156956556e+02
3.149620656742504821e+02
3.141347515433345734e+02
3.133819531521150452e+02
3.127008209477128275e+02
3.120887653825595294e+02
3.115426830658383324e+02
3.110576945194314362e+02
3.106296885474222904e+02
3.102530142224478595e+02
3.099221740346436036e+02
3.096313760693486188e+02
3.093745459911926901e+02
3.091457010930836873e+02
3.089394023147582971e+02
3.087497815710063378e+02
3.085722468968315297e+02
3.084020803464541132e+02
3.082872403380679316e+02
3.081898808861288330e+02
3.080819316193266104e+02
3.079622278200073993e+02
3.078288650045415693e+02
3.076812333172962326e+02
3.075191469928289507e+02
3.073421930168155995e+02
3.071513910841929942e+02
3.069467755271096507e+02
3.067295753669236547e+02
3.065005512602976410e+02
3.062606571476919157e+02
3.060112175737467624e+02
3.057529125744026146e+02
3.054871212807729535e+02
3.052145144972999447e+02
3.049361003591743611e+02
3.046527049739989366e+02
3.043648887500801266e+02
3.040735205118900240e+02
3.037790399120335110e+02
3.034822238760329469e+02
3.031839349675738617e+02
3.028817072785485607e+02
3.025857255188892054e+02
3.023008561551202433e+02
3.020330882011296012e+02
3.017906162405445230e+02
3.015840196882948021e+02
3.014285835973790313e+02
3.013432914343607081e+02
3.013535132923910851e+02
3.014924095782391760e+02
3.017979442843383708e+02
3.023194998735546619e+02
3.031087649826940265e+02
3.042192350698629184e+02
3.057072896628472449e+02
3.076101819893234506e+02
3.099558355551284308e+02
3.127447655674441194e+02
3.159300680395746781e+02
3.194514086229159489e+02
3.231864811854566710e+02
3.270032988632202660e+02
3.307566702800552321e+02
3.342981530864199726e+02
3.375047798822850496e+02
3.402934447405650076e+02
3.425774513467682141e+02
3.443302185433103659e+02
3.455482737502244390e+02
3.462501650911743241e+02
3.464930515429940669e+02
3.463189017190441632e+02
3.458031822959287638e+02
3.450008714350342416e+02
3.439700187639174942e+02
3.427633767104746312e+02
3.414196532980874963e+02
3.399784826116237468e+02
3.384675663502173961e+02
3.369116728972642250e+02
3.353306911164937105e+02
3.337398759724943034e+02
3.321518756635507543e+02
3.305766641589357846e+02
3.290214925720459860e+02
3.274926142649529197e+02
3.259944686959518663e+02
3.245301145592927696e+02
3.230997844080885102e+02
3.217191153168122923e+02
3.203800089782466785e+02
3.190825256755527448e+02
3.178269980268622135e+02
3.166141653450152376e+02
3.154434252349279291e+02
3.143160267128220084e+02
3.132314218135348369e+02
3.121906626545612653e+02
3.111943000521106910e+02
3.102429077552789636e+02
3.093384108292363521e+02
3.084813623501647726e+02
3.076747362328402460e+02
3.069200082597635060e+02
3.062205223063725725e+02
3.055795224539500623e+02
3.050001369378433651e+02
3.044877104320319745e+02
3.040452852562935959e+02
3.036793016413687951e+02
3.033936555483538768e+02
3.031936904291485462e+02
3.030833833722014106e+02
3.030720737943540257e+02
3.031628484469646878e+02
3.033561856116373292e+02
3.036545188478660862e+02
3.040568917442564043e+02
3.045604119939462748e+02
3.051620349005900721e+02
3.058541919467395473e+02
3.066301009015091950e+02
3.074795016889552244e+02
3.083917330349648296e+02
3.093549402304593059e+02
3.103564963473951366e+02
3.113839256526238728e+02
3.124248946616713170e+02
3.134674763036384775e+02
3.145006297913108142e+02
3.155144562642748269e+02
3.164997281870859638e+02
3.174492527515995448e+02
3.183559267908419201e+02
3.192147854874566519e+02
3.200215419475076715e+02
3.207622072746240178e+02
3.214701685710893457e+02
3.221153226636998284e+02
3.226990965690196163e+02
3.232214307388018710e+02
3.236841101037485942e+02
3.240904555019585018e+02
3.244414631816321162e+02
3.247428153269079871e+02
3.249964343990789075e+02
3.252074549244001105e+02
3.253802066614746877e+02
3.255178508056352484e+02
3.256261421789904489e+02
3.257073810513025478e+02
3.257666592366347800e+02
3.258066804157307388e+02
3.258305783534975717e+02
3.258413066406229746e+02
3.258406785608404448e+02
3.258308972008003934e+02
3.258132002780136531e+02
3.257888875746986628e+02
3.257586534449500846e+02
3.257029600211357661e+02
3.256381604099609604e+02
3.255709340079241088e+02
3.255011023035989979e+02
3.254283567842772413e+02
3.253526932642896554e+02
3.252730356009818138e+02
3.251894722487457443e+02
3.251006401738684986e+02
3.250056688422528737e+02
3.249038504945115733e+02
3.247934226235144592e+02
3.246740999133389209e+02
3.245439680397775533e+02
3.244021598204886345e+02
3.242476109429260305e+02
3.240784340742752079e+02
3.238944780030315087e+02
3.236938032422071956e+02
3.234760606074465272e+02
3.232401835216581389e+02
3.229850020244114717e+02
3.227105473850832027e+02
3.224155029975265165e+02
3.220871133757481175e+02
3.217154706194904179e+02
3.213256862612503255e+02
3.209182402150995586e+02
3.204928086278747514e+02
3.200501723252261286e+02
3.195906213024159683e+02
3.191147234914185447e+02
3.186234988389290947e+02
3.181176885636961060e+02
3.175984972418735879e+02
3.170669955661455788e+02
3.165244055855591228e+02
3.159720835667642973e+02
3.154114964063636535e+02
3.148438798422119476e+02
3.142708447062823893e+02
3.136935625000106711e+02
3.131134994605756106e+02
3.125320879805737491e+02
3.119503186052235719e+02
3.113698124789917188e+02
3.107912186116170687e+02
3.102158695812949532e+02
3.096502181679704222e+02
3.090737988618950567e+02
3.085031911143017282e+02
3.079383889935621141e+02
3.073802554386421093e+02
3.068288821217955160e+02
3.062846315312443153e+02
3.057480199374999188e+02
3.052189085285589272e+02
3.046979776364827330e+02
3.041850273905511131e+02
3.036804671487677751e+02
3.031844434718955199e+02
3.026969581807905456e+02
3.022184375815103294e+02
3.017487208696751395e+02
3.012882592287995180e+02
3.008370572360612414e+02
3.003953169808757480e+02
2.999633509535775602e+02
2.995411874405748449e+02
2.991293751504430247e+02
2.987279539590088575e+02
2.983375333666604092e+02
2.979614049645389855e+02
2.975943306869334037e+02
2.972408920322874337e+02
2.969013295692626571e+02
2.965765519057597430e+02
2.962669077632774020e+02
2.959733379300025149e+02
2.956966243427906988e+02
2.954375485382469151e+02
2.951974481494998486e+02
2.949770364650473766e+02
2.947779356801285644e+02
2.946011448638478214e+02
2.944480508503111764e+02
2.943202850152622432e+02
2.942189785835097382e+02
2.941461904853446754e+02
2.941031951995539089e+02
2.940918207307904026e+02
2.941139726522452520e+02
2.941712197280866121e+02
2.942659021949884846e+02
2.943998214968900697e+02
2.945751783980153959e+02
2.947892500907495901e+02
2.951075992254202447e+02
2.954813601841453305e+02
2.959144026381313779e+02
2.964125043004574991e+02
2.969817383880807711e+02
2.976302156986693603e+02
2.983688190562957061e+02
2.992131953059129046e+02
3.001863407003450561e+02
3.013232234247905126e+02
3.026744043606006471e+02
3.042987454224082740e+02
3.062543945215913368e+02
3.085547440542641198e+02
3.112269476335972058e+02
3.144822466878030127e+02
3.190163632146143300e+02
3.260685657117981577e+02
3.376573337169085676e+02
3.550104062392843502e+02
3.769128780576895110e+02
3.987624902620647163e+02
4.171390035177408322e+02
4.317172143543928087e+02
4.439671030099643758e+02
4.548241565277793939e+02
4.648138697981029850e+02
4.739502363076769029e+02
4.820428265373649879e+02
4.891337759515647576e+02
4.950948800729423738e+02
4.997744713582084728e+02
5.030930416850054030e+02
5.052876562491882169e+02
5.066365229955936229e+02
5.074347506809116339e+02
5.078706202049795593e+02
5.080654215241494285e+02
5.081099906371200632e+02
5.080501432891398963e+02
5.079339952186817300e+02
5.077894045617985626e+02
5.076420975189500950e+02
5.075167838676484280e+02
5.074251257464180185e+02
5.073841528588556571e+02
5.073936524551583034e+02
5.073550736768997353e+02
5.072825689435214827e+02
5.072072171070038280e+02
5.071042718479558857e+02
5.069488132320291243e+02
5.067247036276478980e+02
5.064255218512504939e+02
5.060591191428101183e+02
5.056380916306377458e+02
5.051871150002309605e+02
5.047307669838288575e+02
5.042948960951930530e+02
5.039076094424603411e+02
5.035901694640509163e+02
5.033620563933801577e+02
5.032368756013191842e+02
5.032140647850325763e+02
5.032917259631089451e+02
5.034499512083954187e+02
5.036718673696290125e+02
5.039353135557414021e+02
5.042287845024881108e+02
5.045439414979055641e+02
5.048900151928363584e+02
5.051825129221584234e+02
5.055088055265234743e+02
5.059157478358951607e+02
5.064190479409270438e+02
5.070355056719336631e+02
5.077614328398656198e+02
5.085781306456017887e+02
5.094614584934042796e+02
5.103694528908071675e+02
5.112700892925832363e+02
5.121308910591834547e+02
5.129287758105195962e+02
5.136427196502133938e+02
5.142636565890961720e+02
5.147762685138217194e+02
5.151834566155922630e+02
5.154908894908621733e+02
5.157060753798319865e+02
5.158557323507476440e+02
5.159480142800551903e+02
5.159977554199234646e+02
5.160030486302370036e+02
5.159531911271511717e+02
5.158389363196851036e+02
5.156371593257053974e+02
5.153666115773606862e+02
5.150237015900041797e+02
5.146167591927596732e+02
5.141499567287430636e+02
5.136333330919530908e+02
5.130728014393919239e+02
5.124697091177309858e+02
5.118239817904789675e+02
5.111330348984069474e+02
5.103917163112933508e+02
5.095985792765828251e+02
5.087539058051553411e+02
5.078575021598441595e+02
5.069183145711559746e+02
5.059406479876422509e+02
5.049335350919456005e+02
5.039068699387914876e+02
5.028619738023481887e+02
5.018020152400256393e+02
5.007212436991018194e+02
4.996109495023940781e+02
4.984644431181832260e+02
4.972711483824353991e+02
4.959601294275660734e+02
4.945261611930532695e+02
4.930222853790652948e+02
4.914627070380548162e+02
4.898561548109562409e+02
4.882188172361970260e+02
4.865646164491511740e+02
4.849059891136176361e+02
4.832574028185696875e+02
4.816256500927332240e+02
4.800202251464438632e+02
4.784415019481749596e+02
4.768895226572118418e+02
4.753580854621365006e+02
4.738382406260612356e+02
4.723196966989845578e+02
4.707924314302370590e+02
4.692490355675138289e+02
4.676860641402686269e+02
4.661070871626121743e+02
4.645165012534839093e+02
4.629303191078986401e+02
4.613597924770322720e+02
4.598269501762623577e+02
4.583726366972106234e+02
4.569457445603823089e+02
4.556349495762416382e+02
4.544524380898998857e+02
4.534203835638936084e+02
4.525412782315991080e+02
4.518221513123140767e+02
4.512556389621701669e+02
4.508252932745699582e+02
4.505093251052631445e+02
4.502729811034035379e+02
4.500822747233871155e+02
4.498995155271716158e+02
4.496959740166834081e+02
4.494491989737093149e+02
4.491512562360836114e+02
4.487998045516995376e+02
4.483964025287864388e+02
4.479419012940737161e+02
4.474309200279841434e+02
4.468581592065562518e+02
4.462089642042811874e+02
4.454823991072317426e+02
4.446732915845600473e+02
4.437820765307030229e+02
4.428837466339116418e+02
4.419495741753317475e+02
4.410135878048102995e+02
4.400917563558865595e+02
4.392083383481326564e+02
4.383665495462868193e+02
4.375613177970532206e+02
4.367759202531710230e+02
4.359812343216698309e+02
4.351484994729657387e+02
4.342519219011437599e+02
4.332750383695844789e+02
4.322112042412591109e+02
4.310680189388220924e+02
4.298522269109321883e+02
4.285835735030552769e+02
4.272739351509190442e+02
4.259396028762574815e+02
4.245920531905488247e+02
4.232401511393620126e+02
4.218924759095000923e+02
4.205525329533659828e+02
4.192242920665650558e+02
4.179582683466683193e+02
4.168066376269968032e+02
4.156730660210451447e+02
4.145558739904198546e+02
4.134521938088531670e+02
4.123597475173309022e+02
4.112753195827664854e+02
4.101957552966712797e+02
4.091193238039912785e+02
4.080425002924022806e+02
4.069645390476287048e+02
4.058828455083479412e+02
4.047971814574497671e+02
4.037069415843607203e+02
4.026114333458030501e+02
4.015117615096715440e+02
4.004071584968184538e+02
3.992983445119164685e+02
3.981833671729687580e+02
3.970611943248386524e+02
3.959284456130795888e+02
3.947818637544193621e+02
3.936159072739043836e+02
3.924251993582787463e+02
3.913374883101159298e+02
3.902791746894920379e+02
3.891940092022337581e+02
3.880819349121404116e+02
3.869459022086196001e+02
3.857882166136279807e+02
3.846144982883136549e+02
3.834277915118831288e+02
3.822314499573408852e+02
3.810262898988169695e+02
3.798106048136011168e+02
3.785819797533296764e+02
3.773362517436759731e+02
3.760695379461748757e+02
3.747794135234270243e+02
3.734647270012947615e+02
3.721257993904157502e+02
3.707648550567076882e+02
3.693840341796990288e+02
3.679871800374564259e+02
3.665779339363062945e+02
3.651601085625868564e+02
3.637377047635862937e+02
3.623145773366024969e+02
3.609600846435216113e+02
3.595647225132182143e+02
3.581771139739620935e+02
3.567998602678814564e+02
3.554348312887333918e+02
3.540832527661635254e+02
3.527459916495083121e+02
3.514230052381668088e+02
3.501137019015031342e+02
3.488169301444675625e+02
3.475311142148449903e+02
3.462538982044497970e+02
3.449836098128842536e+02
3.437174962611907745e+02
3.424538270787948591e+02
3.411908530609681520e+02
3.399264863026277226e+02
3.386607504342925949e+02
3.373918606411423866e+02
3.361206336579199956e+02
3.348468124686571628e+02
3.335708060713950545e+02
3.322941651198892714e+02
3.310168232853498580e+02
3.296898649782915527e+02
3.285629002014541129e+02
3.274285299711490325e+02
3.262891363151496193e+02
3.251469293815228525e+02
3.240050230389919648e+02
3.228653039808244216e+02
3.217306800486571206e+02
3.206031754501468640e+02
3.194850437560764362e+02
3.183786901896402242e+02
3.172856520643942417e+02
3.162084544971402806e+02
3.151482328908975887e+02
3.141072279271999150e+02
3.130866035317582146e+02
3.120878269648160312e+02
3.111124041592457843e+02
3.101610261246483446e+02
3.092352788236752303e+02
3.083354383192497039e+02
3.074626747630339878e+02
3.066174458719595464e+02
3.058000329055578277e+02
3.050027846782859910e+02
3.041958508400909409e+02
3.034198985381566445e+02
3.026743013648669489e+02
3.019590130225985831e+02
3.012739022663472497e+02
3.006179710080702421e+02
2.999916160523694089e+02
2.993932532108841542e+02
2.988230655545723948e+02
2.982797597843563153e+02
2.977626446697752272e+02
2.972710851817565754e+02
2.968036007289942972e+02
2.963598802440600934e+02
2.959382904142734674e+02
2.955380810897070205e+02
2.951581275565214924e+02
2.947970278264548369e+02
2.944542167473146037e+02
2.941278757600072709e+02
2.938175664720359350e+02
2.935217024497699185e+02
2.932394523614589161e+02
2.929667372677384378e+02
2.927004733854179790e+02
2.924497532543563239e+02
2.922128322283783177e+02
2.919894664756382099e+02
2.917785450596763894e+02
2.915794657518991926e+02
2.913921075027854499e+02
2.912156224641432800e+02
2.910505196355521775e+02
2.908963848856129744e+02
2.907537889122694992e+02
2.906233989902026451e+02
2.905056737865862715e+02
2.904025250896747821e+02
2.903146648286837035e+02
2.902447985360441862e+02
2.901947987911096334e+02
2.901678344882420220e+02
2.901675266148238279e+02
2.901974472169242745e+02
2.902629638446265403e+02
2.903684832910197997e+02
2.905207343107674092e+02
2.907253241633885068e+02
2.910039439386500817e+02
2.913506448683294821e+02
2.917697606816633993e+02
2.922671513073425444e+02
2.928444975571259761e+02
2.935041137717929018e+02
2.942451186096434981e+02
2.950641407865206247e+02
2.959572472380631893e+02
2.969170113428008904e+02
2.979355476172670478e+02
2.990043500520600901e+02
3.001138044951965753e+02
3.012560771482400810e+02
3.024240262022024126e+02
3.036109474296247299e+02
3.048140600038216803e+02
3.060297389571680924e+02
3.072580042599570334e+02
3.084988076701523596e+02
3.097534439235800505e+02
3.110238855275945298e+02
3.123115694049330955e+02
3.135920455148727228e+02
3.148446015201813566e+02
3.161110516860742337e+02
3.173906912378496372e+02
3.186825713888459291e+02
3.199856991537473618e+02
3.212966222681802719e+02
3.226135237681884860e+02
3.239324590566761799e+02
3.252488732440397712e+02
3.265604728363094296e+02
3.278609794548117975e+02
3.291477098440610689e+02
3.304153581979012984e+02
3.316581758713579688e+02
3.328730651423018685e+02
3.340522988259172621e+02
3.351928305299618387e+02
3.362889534443302182e+02
3.373354945782349432e+02
3.383306639705500629e+02
3.392693478165116403e+02
3.401518224374062811e+02
3.409762430401788151e+02
3.417190963397914061e+02
3.423491786781922315e+02
3.429300076791024026e+02
3.434646913863357440e+02
3.439545353835212040e+02
3.444013879966975082e+02
3.448067320607394777e+02
3.451708049667849991e+02
3.454940208999166771e+02
3.457758704189898822e+02
3.460146513017418783e+02
3.462100229967243763e+02
3.463585170932799429e+02
3.464591241252558689e+02
3.465087141602930387e+02
3.465045759945289774e+02
3.464452357116014127e+02
3.463270232857061615e+02
3.461496780706086724e+02
3.459108466337761456e+02
3.456106852780941949e+02
3.452492259532270396e+02
3.448272065549797389e+02
3.443466279372520376e+02
3.438106544233140198e+02
3.432389244540634650e+02
3.426193548838321021e+02
3.419560860521399945e+02
3.412529025384230863e+02
3.405144119361766570e+02
3.397445596627682676e+02
3.389476361248792387e+02
3.381276415799225106e+02
3.372880278154398184e+02
3.364327725482819460e+02
3.355646772250802883e+02
3.346872240286717215e+02
3.338029862889162018e+02
3.329146099732974449e+02
3.320246562067096647e+02
3.311349973549741321e+02
3.302482297174292967e+02
3.293659672940748351e+02
3.284905068139640889e+02
3.276237599067906103e+02
3.267677081916831412e+02
3.259250745813308754e+02
3.250978723050994290e+02
3.242894972121987962e+02
3.235010680202134381e+02
3.227368542245004051e+02
3.220017030983634641e+02
3.212993457734380058e+02
3.206370801899184357e+02
3.200184716531873619e+02
3.194498889129386043e+02
3.189356210146391959e+02
3.184768082243372191e+02
3.180753758470931984e+02
3.177246182965103003e+02
3.174171437277664154e+02
3.171394874967458009e+02
3.168730115187833007e+02
3.165967792605908357e+02
3.162871550339921782e+02
3.159194799784203838e+02
3.154762855737218956e+02
3.149468906624970828e+02
3.143302822363421569e+02
3.136387499453803116e+02
3.128855169960219769e+02
3.120911306583961959e+02
3.113986490907515758e+02
3.107162207140920032e+02
3.100377831329037690e+02
3.093690142848648179e+02
3.087175263846249322e+02
3.080898729541679018e+02
3.074951918090434333e+02
3.069445102085661574e+02
3.064520753475106289e+02
3.060395495531594747e+02
3.057322364612098227e+02
3.055712282210964759e+02
3.056017458555882627e+02
3.058866417060685876e+02
3.064943956484690943e+02
3.074841383208284924e+02
3.089148153290660161e+02
3.107874822032781026e+02
3.130727986019968512e+02
3.156930987318903021e+02
3.185296928477474694e+02
3.214611167194890413e+02
3.243899507128458595e+02
3.272199575442978130e+02
3.299389043949277607e+02
3.325778697196815301e+02
3.350339375074678969e+02
3.373005552311849442e+02
3.393390920950720897e+02
3.411423016285136214e+02
3.426962299427912626e+02
3.439998976005066424e+02
3.450722329791245784e+02
3.459141539590017942e+02
3.465172019128369243e+02
3.468557727075353228e+02
3.468896749615539647e+02
3.466061497464941112e+02
3.460120034288460715e+02
3.451351289198440213e+02
3.440339785368492471e+02
3.427524755877815323e+02
3.413472733768376202e+02
3.398572818131037252e+02
3.383157876089034630e+02
3.367506786468209157e+02
3.351791663135932708e+02
3.336185105527537189e+02
3.320220591246233539e+02
3.304052007716994694e+02
3.288358043390784928e+02
3.273176695341995810e+02
3.258553039883909150e+02
3.244509486384123420e+02
3.231057222865563290e+02
3.218213398906831344e+02
3.205966233515447357e+02
3.194318958012156031e+02
3.183254691441198929e+02
3.172754129547242883e+02
3.162802006072275844e+02
3.153363528682745027e+02
3.144418878201009306e+02
3.135932614138597501e+02
3.127873068440308089e+02
3.120212111325390083e+02
3.112912415117382920e+02
3.105948755765788292e+02
3.099288297305457149e+02
3.092905057524156973e+02
3.086775211793906237e+02
3.080874026521680662e+02
3.075208161197530785e+02
3.069510283896468650e+02
3.063991810038242534e+02
3.058641359780182256e+02
3.053449662898499923e+02
3.048409263146812123e+02
3.043514719914886086e+02
3.038761270347469008e+02
3.034145839179295763e+02
3.029667323868224003e+02
3.025322995732237814e+02
3.021114989266504267e+02
3.017042150563432870e+02
3.013107337251379931e+02
3.009313246058412687e+02
3.005661995901308501e+02
3.002159731008237031e+02
2.998808938038829410e+02
2.995615537491935925e+02
2.992585373088379583e+02
2.989721967206801310e+02
2.987033307979828578e+02
2.984522349346209467e+02
2.982193113857803155e+02
2.980084214108226206e+02
2.978132949456281153e+02
2.976372505166864357e+02
2.974796639722894724e+02
2.973399319875742890e+02
2.972177211280304618e+02
2.971115280632794793e+02
2.970209822054672486e+02
2.969443493109895371e+02
2.968803663856434127e+02
2.968278397053033473e+02
2.967846015622337745e+02
2.967497360560019501e+02
2.967209787151703608e+02
2.966968981884854202e+02
2.966759000560932691e+02
2.966560638148143880e+02
2.966363072852154232e+02
2.966148472155760487e+02
2.965905598463416482e+02
2.965622905772772810e+02
2.965290044077087259e+02
2.964899463338039709e+02
2.964445049878830787e+02
2.963892521803289810e+02
2.963210191376862781e+02
2.962451596533608154e+02
2.961617456836985980e+02
2.960712901398881058e+02
2.959737891169044701e+02
2.958699775660878686e+02
2.957600993971936987e+02
2.956445923239808735e+02
2.955240442036895843e+02
2.953985144022116742e+02
2.952686760548126017e+02
2.951345464258554330e+02
2.949965727306585563e+02
2.948549714981868419e+02
2.947099467434119902e+02
2.945620446288757535e+02
2.944114887867000334e+02
2.942591547674055619e+02
2.941056762093826364e+02
2.939523515403512306e+02
2.938006187260402271e+02
2.936523804108026070e+02
2.935101853424970386e+02
2.933746539346098530e+02
2.932650155886589687e+02
2.931745279466292686e+02
2.931093217716339154e+02
2.930767015900191268e+02
2.930863504896610152e+02
2.931498554327575903e+02
2.932830682913148621e+02
2.935066916508737904e+02
2.938480174281296513e+02
2.943482834266771420e+02
2.950587370790863702e+02
2.960634437817756179e+02
2.974707544786729159e+02
2.994455035903427529e+02
3.022105977914612822e+02
3.060474992334089848e+02
3.112872462873482959e+02
3.181372139723397936e+02
3.265066387661753993e+02
3.355521219873388077e+02
3.440351205830536401e+02
3.510628887161236094e+02
3.565968803065740644e+02
3.612056873481985235e+02
3.650203592133738653e+02
3.683758133499579230e+02
3.714017932097482912e+02
3.741291528890420182e+02
3.765802621608473828e+02
3.787433774425604156e+02
3.806047675148845428e+02
3.821656183415959731e+02
3.834296002065628386e+02
3.844408084209474055e+02
3.852689908904695812e+02
3.860117038649603955e+02
3.868070798976082187e+02
3.878300117150920414e+02
3.892714857857758375e+02
3.913493183178952108e+02
3.942083188982049364e+02
3.979199588867271018e+02
4.023664068567874779e+02
4.072617141761325001e+02
4.121677525646029494e+02
4.166298757493718767e+02
4.203243104179020406e+02
4.231467455545798089e+02
4.253061546021281174e+02
4.268677577529558107e+02
4.279923437178048289e+02
4.287813504429816476e+02
4.293121141735891229e+02
4.296222783145335029e+02
4.297425475110218827e+02
4.297110248544445881e+02
4.295656375362319750e+02
4.293616372790871196e+02
4.291530656803635679e+02
4.289932859950300212e+02
4.289313654320219484e+02
4.290063498763654479e+02
4.292445207558099582e+02
4.296621632588648936e+02
4.302562173793248235e+02
4.310115497408233409e+02
4.319054252783790275e+02
4.329025297720730805e+02
4.339703936939995970e+02
4.350759125077592557e+02
4.361881579838106404e+02
4.371637475132536110e+02
4.382421964119076847e+02
4.393149250388637483e+02
4.404167756833311387e+02
4.415788550809614321e+02
4.428622126270450394e+02
4.443096594145553127e+02
4.459613941050965309e+02
4.478353666982660570e+02
4.498993233144976216e+02
4.520956940570521851e+02
4.543367342638526338e+02
4.565459138835898329e+02
4.586824065075140879e+02
4.607711716051102258e+02
4.628446542376766502e+02
4.649984648588954315e+02
4.672798060142843042e+02
4.697288220399039460e+02
4.723403397239237620e+02
4.750538850841551834e+02
4.777897456758277031e+02
4.804519041167606019e+02
4.829547609272194677e+02
4.850458792193454656e+02
4.868256482714594995e+02
4.883338123923545027e+02
4.895901766718771455e+02
4.906050841844540287e+02
4.914057661151095999e+02
4.920216103412246298e+02
4.924761647686444235e+02
4.927996790278613162e+02
4.930119428950006295e+02
4.931321592325842857e+02
4.931733839188525508e+02
4.931440614233989095e+02
4.930497244179016434e+02
4.928924604823003506e+02
4.926737671110039400e+02
4.923955296759308453e+02
4.920588605090431997e+02
4.916698156545850793e+02
4.912325893779324133e+02
4.907550956986820552e+02
4.902455024972668980e+02
4.897118564284759259e+02
4.891650559060159367e+02
4.885963561870210583e+02
4.880314420019675481e+02
4.874861443339632388e+02
4.869707867470439169e+02
4.864951649809942751e+02
4.860682030279828609e+02
4.856977499228494821e+02
4.853911307117517708e+02
4.851533837368070863e+02
4.849880171173781491e+02
4.848968187881924905e+02
4.848777071147133597e+02
4.849292588485005240e+02
4.850449275579832715e+02
4.852199566233164774e+02
4.854472308808014986e+02
4.857198775999415830e+02
4.860314964377461138e+02
4.863739339510153741e+02
4.867394013674303324e+02
4.871184721547512595e+02
4.875004801924657727e+02
4.878735138537384159e+02
4.882264091033786713e+02
4.885542134691022511e+02
4.888350106058888969e+02
4.890514286960254253e+02
4.891971249542742726e+02
4.892664969128566668e+02
4.892557195403636001e+02
4.891681977870600804e+02
4.890043203498220237e+02
4.887730198419921521e+02
4.884805712362689860e+02
4.881380246621879451e+02
4.877564019802366602e+02
4.873467382768137668e+02
4.869212550007596860e+02
4.864902219592151482e+02
4.860636673644887082e+02
4.856488559169659425e+02
4.852520962189840930e+02
4.848765586136149750e+02
4.845242929036089663e+02
4.841944117108041610e+02
4.838850693206513824e+02
4.835928784956332720e+02
4.833136559191609081e+02
4.829648761032379412e+02
4.825884041930756894e+02
4.822050696607186637e+02
4.818116924396394438e+02
4.814076424180349250e+02
4.809915205895785562e+02
4.805650751730755132e+02
4.801290221827588311e+02
4.796862160554392744e+02
4.792396631354399688e+02
4.787926207380036772e+02
4.783487014029697093e+02
4.779120220676641111e+02
4.774862790610981733e+02
4.770749841446315145e+02
4.766826841420460141e+02
4.763112295272611618e+02
4.759654508955473489e+02
4.756460149854073620e+02
4.753541822078958035e+02
4.750915793211172513e+02
4.748550486864089066e+02
4.746453040317190926e+02
4.744566958117388253e+02
4.741666118261410929e+02
4.738316665651356629e+02
4.734784783464602924e+02
4.731018940058010003e+02
4.726956052599352915e+02
4.722553934608777126e+02
4.717809870815730733e+02
4.712718534759022191e+02
4.707329748604383326e+02
4.701697277533554598e+02
4.695902533255292610e+02
4.690041127783542265e+02
4.684225839621061596e+02
4.678569088596715346e+02
4.673182382397998822e+02
4.668204790146605205e+02
4.663723700761021291e+02
4.659890282446781384e+02
4.656780441579140302e+02
4.654485511386158691e+02
4.653087161183609055e+02
4.652525473518039689e+02
4.652789248348011029e+02
4.653591714463960329e+02
4.654633354670778544e+02
4.655686111657132074e+02
4.656231337700025961e+02
4.655653395703137107e+02
4.653508396523069450e+02
4.649414528521992338e+02
4.643272192735662998e+02
4.635173947870525808e+02
4.625288288345220735e+02
4.614028614485380899e+02
4.601729072227683446e+02
4.588823079241680603e+02
4.575720861084154762e+02
4.562754834342591721e+02
4.550278775279799675e+02
4.538587215808448718e+02
4.527901222140465620e+02
4.518489325697163395e+02
4.510438389407463546e+02
4.503860959370817341e+02
4.498747318245133329e+02
4.494943580260029421e+02
4.492266779722277761e+02
4.490300730676337366e+02
4.491663124817716266e+02
4.493771468094724355e+02
4.495184704111775318e+02
4.495427462300522734e+02
4.494263965034701300e+02
4.491445969734565438e+02
4.486968093911719393e+02
4.480877938877014799e+02
4.473276792916560680e+02
4.464406669554223868e+02
4.454418318964052901e+02
4.443587018774812236e+02
4.432111701098534127e+02
4.420204252944458858e+02
4.408066937766573119e+02
4.395862386511620343e+02
4.383754183376132119e+02
4.371874807491369097e+02
4.360334536393369262e+02
4.349206768113764383e+02
4.338566450578878744e+02
4.328386817401057556e+02
4.318683202029827726e+02
4.309313537398617768e+02
4.304788451041264352e+02
4.303163141216505210e+02
4.303221564409989810e+02
4.305140072011490133e+02
4.308887004710895212e+02
4.314480169322940242e+02
4.321729756596820948e+02
4.330359919393213772e+02
4.339964872857314049e+02
4.350031570212585166e+02
4.359927493876697895e+02
4.369099490403914388e+02
4.376949971049189116e+02
4.382989325477801117e+02
4.386955452477347421e+02
4.388460898039810445e+02
4.387613767114961547e+02
4.384333404751586158e+02
4.378793645859925050e+02
4.371221692359982285e+02
4.361761870699931478e+02
4.350803100377419241e+02
4.338530853595744929e+02
4.325307563452372506e+02
4.303438991263893172e+02
4.277881680937617261e+02
4.251392006317249752e+02
4.224136713367417997e+02
4.196335880043305906e+02
4.168130308670498039e+02
4.139657297407657097e+02
4.111034419369179886e+02
4.082356273969431300e+02
4.053709465329353634e+02
4.025163252791496689e+02
3.996784161818118832e+02
3.968613047352504850e+02
3.940715977026105179e+02
3.913105039596300117e+02
3.885844256069951257e+02
3.858935830590743308e+02
3.832423579696505840e+02
3.806321904775993517e+02
3.780647925022930167e+02
3.755430763999281680e+02
3.730672159368015741e+02
3.706388382162343191e+02
3.682595445973786354e+02
