nan
5.259534720073447716e+02
5.291094079152024960e+02
5.366010385230238171e+02
5.513351463259498360e+02
5.760754994708610184e+02
6.111990664410118370e+02
6.499777159901076402e+02
6.831435463737868758e+02
7.060131038011113560e+02
7.194220703581553380e+02
7.259357936691035320e+02
7.280000310988307319e+02
7.268512904059588209e+02
7.235432078379199083e+02
7.186247043619036958e+02
7.125347179493701333e+02
7.056206219349774074e+02
6.980949043536541012e+02
6.901813124224754574e+02
6.820119418143896155e+02
6.737066731732343214e+02
6.653522872465550790e+02
6.570174303835420915e+02
6.487519105641407577e+02
6.406924273235804321e+02
6.327910476600587799e+02
6.250656322674084322e+02
6.175360924428374574e+02
6.102040177755587820e+02
6.030923593419094004e+02
5.961948515705544196e+02
5.895264105399484151e+02
5.830885025308923559e+02
5.768826986911763015e+02
5.709206498299633950e+02
5.651934246649187799e+02
5.597100018901368230e+02
5.544640422286765897e+02
5.494504938241043419e+02
5.446693288143887912e+02
5.401004471590791809e+02
5.357418618011149647e+02
5.315681522929593257e+02
5.275644133757260761e+02
5.237112271634745184e+02
5.199853274374788725e+02
5.163774216001093009e+02
5.128730973602141603e+02
5.096304527419531496e+02
5.065127107712368684e+02
5.035998334539649477e+02
5.010352284358907582e+02
4.990099597940593412e+02
4.978672358912730260e+02
4.979361182367201195e+02
4.995886633476728775e+02
5.029231037640469708e+02
5.075721330097605346e+02
5.127280332639471681e+02
5.174175844335396732e+02
5.208406219836767832e+02
5.227160649435469395e+02
5.231253892260564271e+02
5.223649185868866880e+02
5.208116096819252334e+02
5.187111186153032349e+02
5.162848460956187182e+02
5.136398425983013567e+02
5.108502787872306499e+02
5.079498501366065852e+02
5.049543909317927159e+02
5.018713918269441479e+02
4.989992236964718018e+02
4.959920212259316941e+02
4.928667828338240611e+02
4.896403743870451422e+02
4.863327438517113137e+02
4.829661267966316700e+02
4.795584853058715566e+02
4.761300739235283004e+02
4.726974373867739700e+02
4.692732377899675384e+02
4.658712207700892236e+02
4.624965186549289911e+02
4.591556997339015425e+02
4.558507715724375657e+02
4.525802019255420419e+02
4.493442915374514541e+02
4.461369522855358696e+02
4.429565807801579354e+02
4.397979167373648011e+02
4.366590602573785986e+02
4.335398407532254055e+02
4.304418941823050773e+02
4.273752303957386403e+02
4.243536405130726621e+02
4.214894258643139437e+02
4.187348290399979760e+02
4.161637222451393541e+02
4.139251137979529744e+02
4.122247630327864840e+02
4.114000156979923304e+02
4.119607954591062935e+02
4.144053473584340281e+02
4.193062530772869536e+02
4.264605430832321531e+02
4.349156282974239502e+02
4.428779273509076688e+02
4.487853081633282386e+02
4.518539246533489973e+02
4.525101448652038130e+02
4.513548308406495266e+02
4.490734489721168075e+02
4.461336215461486177e+02
4.428169780970698639e+02
4.393153796815672649e+02
4.357230241804053890e+02
4.321066992146718917e+02
4.285088981140691544e+02
4.249612673373592884e+02
4.212384624874604810e+02
4.176633708720738127e+02
4.142921544238355978e+02
4.112207690977278389e+02
4.085573209469759490e+02
4.064788619857920935e+02
4.051619192786399708e+02
4.047552684338059521e+02
4.053275452735468320e+02
4.067117248391227804e+02
4.086560585593459223e+02
4.108653080138613518e+02
4.131179831395359656e+02
4.152498428042151772e+02
4.170910301226374486e+02
4.184402859583337317e+02
4.192158508945022959e+02
4.193878857229146320e+02
4.190483199729315515e+02
4.183417082535059421e+02
4.173872167833802678e+02
4.163103204979530574e+02
4.151680865018075792e+02
4.140042630498856511e+02
4.127807779155463663e+02
4.115379147516181888e+02
4.102744603834426584e+02
4.089922164832029239e+02
4.077008314746993278e+02
4.064072024858169243e+02
4.051316667487768655e+02
4.038851486624202494e+02
4.026885586327254032e+02
4.015554586393548107e+02
4.005025740775324721e+02
3.995454923516310828e+02
3.986963075348497796e+02
3.979735449266858041e+02
3.973889370296536185e+02
3.969649685993920230e+02
3.967197489201098506e+02
3.966765364269324436e+02
3.968630669614752264e+02
3.972982337699079949e+02
3.980113568532817681e+02
3.990166785420125848e+02
4.003285585188738196e+02
4.019619920623296707e+02
4.037642364117568832e+02
4.058936351331934702e+02
4.083601622281296954e+02
4.111906373856066352e+02
4.143944428483320621e+02
4.179458069927680981e+02
4.217400383483742985e+02
4.255925113837594154e+02
4.292891381691439392e+02
4.326679469582805382e+02
4.356879142485751117e+02
4.384491372353394922e+02
4.410872878933171819e+02
4.437476273266905196e+02
4.465036918308524037e+02
4.494102814481515793e+02
4.525584081562250276e+02
4.560503071574099749e+02
4.599220143332344151e+02
4.639509629519729970e+02
4.676730745833086189e+02
4.705987919946086322e+02
4.725668873135970784e+02
4.736157999428677954e+02
4.741986145541766859e+02
4.741965589001142121e+02
4.737283949056580923e+02
4.728576596825288334e+02
4.716312320698344820e+02
4.700959543999952075e+02
4.682878145954337015e+02
4.662718664337629093e+02
4.640940250635306370e+02
4.618214089631715638e+02
4.595089707868484084e+02
4.572160405259164122e+02
4.550071202108829311e+02
4.529384235347187655e+02
4.510897940627784806e+02
4.495023346839982423e+02
4.482098537593919332e+02
4.471572563985294551e+02
4.462141914834732006e+02
4.451980319281428820e+02
4.439755555031891276e+02
4.424859061903108000e+02
4.407677042442497850e+02
4.388808027461927281e+02
4.370435668707544323e+02
4.351712787605204653e+02
4.333091970819866106e+02
4.315169822779390074e+02
4.298206997060664207e+02
4.282501133349221618e+02
4.267886780639337871e+02
4.253918119531908815e+02
4.239866351289210797e+02
4.224995560239037218e+02
4.208694732614032432e+02
4.190803943020325733e+02
4.171363727119108944e+02
4.150621150443764122e+02
4.128935529039355288e+02
4.106556780915851164e+02
4.083806828856386346e+02
4.060868655453144243e+02
4.037913728560835125e+02
4.015063441767935615e+02
3.992402041586963151e+02
3.970008590789817617e+02
3.947931098977005036e+02
3.927293327891904937e+02
3.907059402162974493e+02
3.887195460248374275e+02
3.867734646833914667e+02
3.848708764610279900e+02
3.830147423084527532e+02
3.812075993171626465e+02
3.794522842505274980e+02
3.777509593434634780e+02
3.761064520896662771e+02
3.745209929992569755e+02
3.729969826367147903e+02
3.715370763915180419e+02
3.701429954232195314e+02
3.688179068975057362e+02
3.675632590945974698e+02
3.663819032903547850e+02
3.652755653911361833e+02
3.642453141307951228e+02
3.632937816089981311e+02
3.624202519285836956e+02
3.616260657700964316e+02
3.609099021428907577e+02
3.602693535667322635e+02
3.597323612263597283e+02
3.592953273789838704e+02
3.589146640436728148e+02
3.585817490565968342e+02
3.582886621880635403e+02
3.580258487564584584e+02
3.577852302518927559e+02
3.575585170914288824e+02
3.573399181476631270e+02
3.571267850598326845e+02
3.569164400802329737e+02
3.567149025404457348e+02
3.565253630797867004e+02
3.563631097769074358e+02
3.562488239080026915e+02
3.562171908932011206e+02
3.563425495807063612e+02
3.567380134161526826e+02
3.576414043014547133e+02
3.593615771016271765e+02
3.621802848687436835e+02
3.659826992285382516e+02
3.700977044691964579e+02
3.739175956878116835e+02
3.775606048862448461e+02
3.814869104264174666e+02
3.860286531303191282e+02
3.909462435332205814e+02
3.956417019785789648e+02
3.996733077494808413e+02
4.029346648235789985e+02
4.055653439241837646e+02
4.077563897261450165e+02
4.096091697117932995e+02
4.112320679172016753e+02
4.126525356355057284e+02
4.139096572289558367e+02
4.149865983749469933e+02
4.158524965892623300e+02
4.164683174856457413e+02
4.168055874084992070e+02
4.168550077317302680e+02
4.166489552837416568e+02
4.162237380991400642e+02
4.156333247730728999e+02
4.149256274279918557e+02
4.141397937506059748e+02
4.133100872661801191e+02
4.123881212036823172e+02
4.114427806154076848e+02
4.104858943553689983e+02
4.095202596417162795e+02
4.085490443492336112e+02
4.075784869968681505e+02
4.066445448296337872e+02
4.058644132006772907e+02
4.056158627215017418e+02
4.068703190825605702e+02
4.113171269697692765e+02
4.204952194020756906e+02
4.321480107653736127e+02
4.446390101478268662e+02
4.566729154806306497e+02
4.662206867111321458e+02
4.766898386605026303e+02
4.877662425401753126e+02
4.938808989021343336e+02
4.948441415245936810e+02
4.935711544444295100e+02
4.915967795515782086e+02
4.896721672811876829e+02
4.883573843516474540e+02
4.883487313249042927e+02
4.908410366834790466e+02
4.955886726031273497e+02
5.000863890043746096e+02
5.021469473585883634e+02
5.018646712431234960e+02
5.004362559418054843e+02
4.987366707901185805e+02
4.972866652400516614e+02
4.962684990714536752e+02
4.955955456233090786e+02
4.949542467187401371e+02
4.939754152215518843e+02
4.924799367499796858e+02
4.904746546247284300e+02
4.881183079767529307e+02
4.856172112969011323e+02
4.831730218568433770e+02
4.809705702228300765e+02
4.791346709963629564e+02
4.776639264553381850e+02
4.763642221679870090e+02
4.749209996711517192e+02
4.731012673581547574e+02
4.706513835119473015e+02
4.677534961146541264e+02
4.646582187708594347e+02
4.614880637048478320e+02
4.583573622372470027e+02
4.553290019656228651e+02
4.524560540312302805e+02
4.497675425020952389e+02
4.472781050920025905e+02
4.450003854211912540e+02
4.429339672983272180e+02
4.410869067920823454e+02
4.394678046147708415e+02
4.380879633636369590e+02
4.369744468980760530e+02
4.361465107859178829e+02
4.356390777821732172e+02
4.354854809734269452e+02
4.357143625808826073e+02
4.363675179773138666e+02
4.374465035505626247e+02
4.389523496283212012e+02
4.408387830470932727e+02
4.430292066832791988e+02
4.452473302920913625e+02
4.478319740849499340e+02
4.505319356080739226e+02
4.533743855435508294e+02
4.564189770360860052e+02
4.597562104980614777e+02
4.634467746353973894e+02
4.675601574616007952e+02
4.721046392616828484e+02
4.770752371264538283e+02
4.824586756485400656e+02
4.882085599571490775e+02
4.943153604240022219e+02
5.007208027353857460e+02
5.072898142030022086e+02
5.138165094706010905e+02
5.200620971556778613e+02
5.258999387034533584e+02
5.315021699669341615e+02
5.370927184116879971e+02
5.428739455874823534e+02
5.486947183337439355e+02
5.540593298883948137e+02
5.584230750137048744e+02
5.615100900053954547e+02
5.637937651401492758e+02
5.652499359087269113e+02
5.661433562208582089e+02
5.667018982113947914e+02
5.671254634950436184e+02
5.676162371089152430e+02
5.684036297391508015e+02
5.696704433675737391e+02
5.715870878072853429e+02
5.740289233568569216e+02
5.766607272942217151e+02
5.789935400890917663e+02
5.807215958614211786e+02
5.817950363498481465e+02
5.824203902805323878e+02
5.828066150022622196e+02
5.831584556252178118e+02
5.835694984506561696e+02
5.840684180751405847e+02
5.846161831818717474e+02
5.851520504695442924e+02
5.856229978352167791e+02
5.859366747722410764e+02
5.858913549728525823e+02
5.854096614101284786e+02
5.844065386043424724e+02
5.828915844000546258e+02
5.809302453376719768e+02
5.786111879224682752e+02
5.760464747140301824e+02
5.733096255162328134e+02
5.704737526859800028e+02
5.675796527128594562e+02
5.646582617608220289e+02
5.617187108080499911e+02
5.587577563110133951e+02
5.557617847226111962e+02
5.527100778711443354e+02
5.495825373182735802e+02
5.463688064718389796e+02
5.430619632091288622e+02
5.396722248603867911e+02
5.362116641700396258e+02
5.326983155983277811e+02
5.291531504325699871e+02
5.255918520918011154e+02
5.220327210659314687e+02
5.183898334575300169e+02
5.146514865912095047e+02
5.109492914546021893e+02
5.072866387320167973e+02
5.036698644203793833e+02
5.001003654927284288e+02
4.965815152569327324e+02
4.931166031307381559e+02
4.897061011598655682e+02
4.863556875931732293e+02
4.830641458195844962e+02
4.798350420841331356e+02
4.766680358099267210e+02
4.735611374331288630e+02
4.705144177401779757e+02
4.675215125562987168e+02
4.645795415756824696e+02
4.616819258745722436e+02
4.588217822470563192e+02
4.559934814998577508e+02
4.531892502722424751e+02
4.504032764875157682e+02
4.476305119859396200e+02
4.448657375192060499e+02
4.420349473166854182e+02
4.391346595761041840e+02
4.362417726442187700e+02
4.333580657248056696e+02
4.304848061455413699e+02
4.276262362637705792e+02
4.247855776259575578e+02
4.219675286022673504e+02
4.191770374759320816e+02
4.164189123264853833e+02
4.136984155591229069e+02
4.110199503632439360e+02
4.083884860401379342e+02
4.058074405971741498e+02
4.032811134514948321e+02
4.008118674368514007e+02
3.984026320004452941e+02
3.960551311615482746e+02
3.937700664553533443e+02
3.915487796017027335e+02
3.893901268243029676e+02
3.872944066716272005e+02
3.852596925248591333e+02
3.832844023596510397e+02
3.813987314971927276e+02
3.796268440853068569e+02
3.779013540402157787e+02
3.762184162607966869e+02
3.745752084136958047e+02
3.729681043238749112e+02
3.713936059685628379e+02
3.698484570770703499e+02
3.683290830761576444e+02
3.668322914209959436e+02
3.653550555731816303e+02
3.638944854793082868e+02
3.624480933436085479e+02
3.610137555363601791e+02
3.595894088673411488e+02
3.581740420299622656e+02
3.567662936319952678e+02
3.553659993216450630e+02
3.539730344863642699e+02
3.525877606300475691e+02
3.512114677410316972e+02
3.498450863310656018e+02
3.484911556194509785e+02
3.471515279618424188e+02
3.458310743894738266e+02
3.444955006883642454e+02
3.431945429395713063e+02
3.419334256023524858e+02
3.407166224565581842e+02
3.395503511729921229e+02
3.384391413058006606e+02
3.373901212137121775e+02
3.364092044084436566e+02
3.355037483753208107e+02
3.346835020018254454e+02
3.339562063968895131e+02
3.333372217913134818e+02
3.328384155227852830e+02
3.324806916699799331e+02
3.322913554144184332e+02
3.323027367549987048e+02
3.325829463300396469e+02
3.332253200358240406e+02
3.344355001974658421e+02
3.366327218290566066e+02
3.404801237360043729e+02
3.468320011297464589e+02
3.548058192555185428e+02
3.618725449779300334e+02
3.666660847233092113e+02
3.699642632164836868e+02
3.728997665928574179e+02
3.763741739153524577e+02
3.806657727563541016e+02
3.848990216905862098e+02
3.883965968449729758e+02
3.916521310152169235e+02
3.955089872469006878e+02
4.002000469320665843e+02
4.051743173999266219e+02
4.096391153913235144e+02
4.132082195219362575e+02
4.159974091992223180e+02
4.182786248233837796e+02
4.203500028428966857e+02
4.223730565990530863e+02
4.244735273430533766e+02
4.266328199079943602e+02
4.287451908548388815e+02
4.306513068201430769e+02
4.322269447240195746e+02
4.334353786061049050e+02
4.348032307050200984e+02
4.360225575736693600e+02
4.370689922616165290e+02
4.380039096120911495e+02
4.388634072056356104e+02
4.396570910327711204e+02
4.403820260404255578e+02
4.410167187418009007e+02
4.415448370877684852e+02
4.419393123586607999e+02
4.421831162357808012e+02
4.422543321341808564e+02
4.421350249824216121e+02
4.418179788840429865e+02
4.412863212639110770e+02
4.405488599775256375e+02
4.396025421726188256e+02
4.384620465561818605e+02
4.371432611260900671e+02
4.356605078248894642e+02
4.340396961594674963e+02
4.322976203363239733e+02
4.304585971792766941e+02
4.285420731911759731e+02
4.266494941690464771e+02
4.247531315856930405e+02
4.228258259175556759e+02
4.208818968454994547e+02
4.189328016276775770e+02
4.169910456841174664e+02
4.150711342072171419e+02
4.132003416147966846e+02
4.114368455817650556e+02
4.099514148392744346e+02
4.091730647971432973e+02
4.101172990099200319e+02
4.145383508798884122e+02
4.226783485779129137e+02
4.307789401568107337e+02
4.352664473435962122e+02
4.367746798727306441e+02
4.372197802818491823e+02
4.376299329314796864e+02
4.383763634352544045e+02
4.395444317602457431e+02
4.412693955937691612e+02
4.439441179062807805e+02
4.481465272367121884e+02
4.541075190658010570e+02
4.614484781519418561e+02
4.694673589179320743e+02
4.763985589784356307e+02
4.817240125415752345e+02
4.865040323476563344e+02
4.920253673333162396e+02
4.993713481930168996e+02
5.092662322230540326e+02
5.204746073421583787e+02
5.291846119167472580e+02
5.335929061922980736e+02
5.348420754220710478e+02
5.346648735609437608e+02
5.342635562757973275e+02
5.347343576336207889e+02
5.374054829550258319e+02
5.436576630553086034e+02
5.537470082554335704e+02
5.665373025641955564e+02
5.801482175193459625e+02
5.920923327407681427e+02
6.022318933860299239e+02
6.169228549138400695e+02
6.392603816210086052e+02
6.542171972426302773e+02
6.597458376507094044e+02
6.637239284449640309e+02
6.684365241294710813e+02
6.740375748254251675e+02
6.799473485343971788e+02
6.861031705886866803e+02
6.946203074603256482e+02
7.094132225101964195e+02
7.240402235665826538e+02
7.294256243734516829e+02
7.285986475902283246e+02
7.259277308356240610e+02
7.229052754153558453e+02
7.199614486892877494e+02
7.170585423017588482e+02
7.141452519463036879e+02
7.112628198706605644e+02
7.084272861661753495e+02
7.057822428333601010e+02
7.034912523073778630e+02
7.016640227465887847e+02
7.002992415783984370e+02
6.985898142908885120e+02
6.968270153569395688e+02
6.949850791269934689e+02
6.930032969819865230e+02
6.908672684316551340e+02
6.886181472285529708e+02
6.863336073205795174e+02
6.841261023246931927e+02
6.820794388300527089e+02
6.802542685329112828e+02
6.786531743603445648e+02
6.771730636342707612e+02
6.756719407122977827e+02
6.739705603772716813e+02
6.719364495173484784e+02
6.695397708916732427e+02
6.668381723658956162e+02
6.639510801680007717e+02
6.610637298532448085e+02
6.583414110860151141e+02
6.559306080493099671e+02
6.539126314307119401e+02
6.522670757683706597e+02
6.509699066093547799e+02
6.496419480644221949e+02
6.485683681538667997e+02
6.475285513265794179e+02
6.464331455639452315e+02
6.451663915520681485e+02
6.435781288587301106e+02
6.415915173948566235e+02
6.393470671160406482e+02
6.370167469856158959e+02
6.346427790187464097e+02
6.320676498182027672e+02
6.290485317128340057e+02
6.254658515324562131e+02
6.213922393779129152e+02
6.169520855030875737e+02
6.123221985728995378e+02
6.076000687713367370e+02
6.028516023205254442e+02
5.980951684847360639e+02
5.933262277095982427e+02
5.885271555124824090e+02
5.836811085514736988e+02
5.787670238223911383e+02
5.737837636425333585e+02
5.686612071984029626e+02
5.633405300109867540e+02
5.579677571247257220e+02
5.525565073803164751e+02
5.471319877530919484e+02
5.417073466006569333e+02
5.363052526500472368e+02
5.309410857005733533e+02
5.256269639138730554e+02
5.203767208888821187e+02
5.151957661180272225e+02
5.100916478751333329e+02
5.050682037711205226e+02
5.001260515169045107e+02
4.952679092040679052e+02
4.904918151584780048e+02
4.857975367601592893e+02
4.811840799258498578e+02
4.766485949189281541e+02
4.721910223838154934e+02
4.678080171675899805e+02
4.634987196285436539e+02
4.592614388160792487e+02
4.550942048526414965e+02
4.508381540251342585e+02
4.465272886891469284e+02
4.423073067457993943e+02
4.381776375228494658e+02
4.341396422786181120e+02
4.301941477259466069e+02
4.263422357855277482e+02
4.225865542693254611e+02
4.189278743705926331e+02
4.153702747479982236e+02
4.119151275233699039e+02
4.085666952370024774e+02
4.053280979617842377e+02
4.022022362177048080e+02
3.991944243357686446e+02
3.963060801769001955e+02
3.935426774968906898e+02
3.909056871137721600e+02
3.883975913290251469e+02
3.860211429715473059e+02
3.837747329751907728e+02
3.816602595200803876e+02
3.796746434932102829e+02
3.778153884371096183e+02
3.760824413279305531e+02
3.744844432135055854e+02
3.730039655809539454e+02
3.716322333156360287e+02
3.703616769994285391e+02
3.691860764543309870e+02
3.680946724660664700e+02
3.670820250063817412e+02
3.661382018290205451e+02
3.652552554533223770e+02
3.644266054604522651e+02
3.636424626889520937e+02
3.628975662493322147e+02
3.621834258311661756e+02
3.614934883236381893e+02
3.608222950327578360e+02
3.601629200869602982e+02
3.595112358792754321e+02
3.588620309217998283e+02
3.582114536901163433e+02
3.575570039797441382e+02
3.568958361675907440e+02
3.562267829131475878e+02
3.555487844619891007e+02
3.547985287941218644e+02
3.540838370327371081e+02
3.533513675074202069e+02
3.526025218623491924e+02
3.518387902803660836e+02
3.510613646742272635e+02
3.502719919636632540e+02
3.494718851934482586e+02
3.486624203512361646e+02
3.478445861902144998e+02
3.470194862839334746e+02
3.461879855315882537e+02
3.453509607334517000e+02
3.445091542993849885e+02
3.436631486810859997e+02
3.428137211911607096e+02
3.419612041121587254e+02
3.411063507132589621e+02
3.402495081971404147e+02
3.393911817876193027e+02
3.385318577686148842e+02
3.376717000416209657e+02
3.368113140149932860e+02
3.359508639149032660e+02
3.350345587774705223e+02
3.340439946506061801e+02
3.330591406185425853e+02
3.320812751667094744e+02
3.311115293666156845e+02
3.301513101754008517e+02
3.292021457828255393e+02
3.282656284156139463e+02
3.273437204165139178e+02
3.264383977744082017e+02
3.255519603402479447e+02
3.246868965611104727e+02
3.238459436034679584e+02
3.230320448728147653e+02
3.222485831061893577e+02
3.214989823371716966e+02
3.207873708391319383e+02
3.201180497457776255e+02
3.194957246569274503e+02
3.189262806952848450e+02
3.184151146134043415e+02
3.179701498544941956e+02
3.175985277955008428e+02
3.173096997429343560e+02
3.170984013126489458e+02
3.170488672459612758e+02
3.171185252134142729e+02
3.173186784585132045e+02
3.176671989783294521e+02
3.181801324223889651e+02
3.188753606325184364e+02
3.197770250087615409e+02
3.209018761193249816e+02
3.222805334821773613e+02
3.239324584757293337e+02
3.258858602591859608e+02
3.281677540840262850e+02
3.307933594481114028e+02
3.337907865544295305e+02
3.371572060541647033e+02
3.408979961577301765e+02
3.449928815575493672e+02
3.494080633689035835e+02
3.541045193741942398e+02
3.590248342101612025e+02
3.641135490535357917e+02
3.693172019599650184e+02
3.745804114332758559e+02
3.797864087247846214e+02
3.847374507966266037e+02
3.895720677360151285e+02
3.942626513437854783e+02
3.987562288318345622e+02
4.030232808772862541e+02
4.070167293309385741e+02
4.106932777545795261e+02
4.140272343083651663e+02
4.169849476049839723e+02
4.195613477468056089e+02
4.217579143911577262e+02
4.235806091954493127e+02
4.250608648111900152e+02
4.262211404899446734e+02
4.271009928630635955e+02
4.277446426209506285e+02
4.281889044471736270e+02
4.284851987495822527e+02
4.286659845434048179e+02
4.287692109310083310e+02
4.288190554943150232e+02
4.288293127511836360e+02
4.288115545395696131e+02
4.286380089515199074e+02
4.282896676420866697e+02
4.278907374378143800e+02
4.274235128467112190e+02
4.268725828098177999e+02
4.262213439807547388e+02
4.254612452344610460e+02
4.245858511829035820e+02
4.235949230646609749e+02
4.224905549438092862e+02
4.212799127851246794e+02
4.199691036973395057e+02
4.185692132865072494e+02
4.170884397254164924e+02
4.155362758877302554e+02
4.139227938885222216e+02
4.122541925871220769e+02
4.105420172363652114e+02
4.087920724556324217e+02
4.070140293453181357e+02
4.052156236922236872e+02
4.034038779463541005e+02
4.015890923969229789e+02
3.997771141958147609e+02
3.980135041036365351e+02
3.962766837590085061e+02
3.945736615675704684e+02
3.929132918719977283e+02
3.913034329667945599e+02
3.897547321919702767e+02
3.882741771805642088e+02
3.868731510813364594e+02
3.855601211618175057e+02
3.843473747023907663e+02
3.832498660514506241e+02
3.822855795509789800e+02
3.814860149808889105e+02
3.808904090448884290e+02
3.805659771093991139e+02
3.806031705945180761e+02
3.811226751888750073e+02
3.822772004003335837e+02
3.841815357547384906e+02
3.869140774929397253e+02
3.903854366308631256e+02
3.944188457649553925e+02
3.988028207873853717e+02
4.034015663451902469e+02
4.081755923875761596e+02
4.131926034831420225e+02
4.180736184898646570e+02
4.224091593934728621e+02
4.258001347548489548e+02
4.280018604131303732e+02
4.290767887298463279e+02
4.291829461532411187e+02
4.285866206432499439e+02
4.274898527583759460e+02
4.260550386224857675e+02
4.244054633319868799e+02
4.226195888460342758e+02
4.207571059123582700e+02
4.188548082493305174e+02
4.169371815605398410e+02
4.150192424102642690e+02
4.131082551655068187e+02
4.112071170800783761e+02
4.093149380674648796e+02
4.074309310376488611e+02
4.055510550065959592e+02
4.036753404649729760e+02
4.018015633955922681e+02
3.999051339806970304e+02
3.979903167744544703e+02
3.960803693222296715e+02
3.941794055159815002e+02
3.922882301883674927e+02
3.904095102652632363e+02
3.885456436428634674e+02
3.866974313038626860e+02
3.848677982561280260e+02
3.830573593077825194e+02
3.812677479300126606e+02
3.795002960226259461e+02
3.777551251897871225e+02
3.760337287365558723e+02
3.743361783038350268e+02
3.726640414891667774e+02
3.710187891513543832e+02
3.694032113944016942e+02
3.678224617390775961e+02
3.662838669933158258e+02
3.648020748827793227e+02
3.633923760233192866e+02
3.620821378320691224e+02
3.608919920720847472e+02
3.598610624914498999e+02
3.589649020471998710e+02
3.582083656410785579e+02
3.576473968119967708e+02
3.575297395055016523e+02
3.586289240257881374e+02
3.619029328652301274e+02
3.669346305501970846e+02
3.711983458057251255e+02
3.742952328176463084e+02
3.781955034062750087e+02
3.846867308020848100e+02
3.935464733116456273e+02
4.019582455237392082e+02
4.073305926542374777e+02
4.093935297246697473e+02
4.092627814056765487e+02
4.080595743710247234e+02
4.067213491174915703e+02
4.061227009150106255e+02
4.073066637571572528e+02
4.114013182259373593e+02
4.178068575823011770e+02
4.239310981092045267e+02
4.278805015433020458e+02
4.301217849729734439e+02
4.319963702031409980e+02
4.341309417992354156e+02
4.365772493805457088e+02
4.393015152818976503e+02
4.425194400307550495e+02
4.467338145405046248e+02
4.519715614220627344e+02
4.574079780314309573e+02
4.620649838359192927e+02
4.657030228026235932e+02
4.685238176379638730e+02
4.702027762659533323e+02
4.703517828659441307e+02
4.691621729602013602e+02
4.671940606124061333e+02
4.648327051302198925e+02
4.623108486263960799e+02
4.597365844597318869e+02
4.571574594328770900e+02
4.545885554353157545e+02
4.520282898070945521e+02
4.494686266627247733e+02
4.469171905510410170e+02
4.442265389817522419e+02
4.415795849957068526e+02
4.389745057832171824e+02
4.364153644228949247e+02
4.339035703761620084e+02
4.314410003042198127e+02
4.290308404225016261e+02
4.266718964189028611e+02
4.243664851105791627e+02
4.221131561931481428e+02
4.199121617619589415e+02
4.177641465321289616e+02
4.156677895187111744e+02
4.136254129900596581e+02
4.116365619057035019e+02
4.097036102652484715e+02
4.078290297921370779e+02
4.060149696058635982e+02
4.042672627919129695e+02
4.025907900423287060e+02
4.009941515466211968e+02
3.994905093876915885e+02
3.980921908060412306e+02
3.969334704468478776e+02
3.958740210882969563e+02
3.949758218845541933e+02
3.942491452992796894e+02
3.936749321101506212e+02
3.932203785011965920e+02
3.928219698977268308e+02
3.924172035642263836e+02
3.919482353820278036e+02
3.913946313789478495e+02
3.907488179322261317e+02
3.900346016907202511e+02
3.892753471270971772e+02
3.884942115493174697e+02
3.877128384856640082e+02
3.869414102517149558e+02
3.861888817498077060e+02
3.854561919814358362e+02
3.847414717540573292e+02
3.840395182069687507e+02
3.833442322652518897e+02
3.826481868508142270e+02
3.819445967703825886e+02
3.812284965164444088e+02
3.806012443442839412e+02
3.799388674569152045e+02
3.792653137810893327e+02
3.785815386230360104e+02
3.778890140372649853e+02
3.771888106245847894e+02
3.764856115196740802e+02
3.757818989260134117e+02
3.750825321567325545e+02
3.743922053662328153e+02
3.737147840297292305e+02
3.730562892557374539e+02
3.724206244856551393e+02
3.718127850622380492e+02
3.712375609045222973e+02
3.706977267217149574e+02
3.701974894549960595e+02
3.697382161568967831e+02
3.693215574252841975e+02
3.689475885270576896e+02
3.686143929696370947e+02
3.683197224615387881e+02
3.680586061355090237e+02
3.678263341624801797e+02
3.677238293781906577e+02
3.678289331447971904e+02
3.679409485486511358e+02
3.680525726768956929e+02
3.681559394781663173e+02
3.682431789611259774e+02
3.683089470484957246e+02
3.683456382146982264e+02
3.683511355121228803e+02
3.683202257780694140e+02
3.682525652316509195e+02
3.681468083334534640e+02
3.680027209268786805e+02
3.678228430817817980e+02
3.676045599361897871e+02
3.673488603040319731e+02
3.670478404041818976e+02
3.666941322585171861e+02
3.662758099395916247e+02
3.657794550017217148e+02
3.651971993708628474e+02
3.645244026494422087e+02
3.637658899402025554e+02
3.629288418275892241e+02
3.621850788328770818e+02
3.615410020264318405e+02
3.608645574979073558e+02
3.601595139169404547e+02
3.594271192950932914e+02
3.586713225318267746e+02
3.578957663283601960e+02
3.571036260611337525e+02
3.563009735991374782e+02
3.554911764172400126e+02
3.546807122014740798e+02
3.538744374629674780e+02
3.530779055882334205e+02
3.522977197307206438e+02
3.515396723498826077e+02
3.508125605657564279e+02
3.501268842663400847e+02
3.494985270575327831e+02
3.489519906340813122e+02
3.485274972862344498e+02
3.482873088100823793e+02
3.483552385782400620e+02
3.489429928631209350e+02
3.505388915426012773e+02
3.539790981968870938e+02
3.602500945334324456e+02
3.691726446759489590e+02
3.788338945827467796e+02
3.877182067168661206e+02
3.959165983285060975e+02
4.035452230739935544e+02
4.106240917522781615e+02
4.170350339302690372e+02
4.226107139809340651e+02
4.272627334413575113e+02
4.309470975349135529e+02
4.337799678704955113e+02
4.359249232072917266e+02
4.375101345347825941e+02
4.386704348358163088e+02
4.394795538464020410e+02
4.400007892507070437e+02
4.402635256852676662e+02
4.402749618717946873e+02
4.400221758552486335e+02
4.394946360010505941e+02
4.386772829406868368e+02
4.375920755141821132e+02
4.361358641318407194e+02
4.344385831537724130e+02
4.325740795609969496e+02
4.305783945430466702e+02
4.284887242794040958e+02
4.263283537759087380e+02
4.241222550373511240e+02
4.218875509151306460e+02
4.196381766178303678e+02
4.173881015607857989e+02
4.151472118186500779e+02
4.129270843299459557e+02
4.107392022764169610e+02
4.085933765112577021e+02
4.065051692961233130e+02
4.044842326413326532e+02
4.025457698082813636e+02
4.007009423491093116e+02
3.989561266933027923e+02
3.973175823151474901e+02
3.957736012250426256e+02
3.943102459326231610e+02
3.928982868204720944e+02
3.915039190113805034e+02
3.900371315119386395e+02
3.885195666101112693e+02
3.869253936027417922e+02
3.852468047441038834e+02
3.834817323419418926e+02
3.816359575148800332e+02
3.797230553448787305e+02
3.777521605868043935e+02
3.757399229178894302e+02
3.736967829793869100e+02
3.716340762894895420e+02
3.695611634915436525e+02
3.674855919651649856e+02
3.654143099304876046e+02
3.633530469234730162e+02
3.613065807580333626e+02
3.592792839400000844e+02
3.572751298611135553e+02
3.552972611586554308e+02
3.533495138004905698e+02
3.514343341377964975e+02
3.495551424522518005e+02
3.477146295958209521e+02
3.459154563990014708e+02
3.441078819394265906e+02
3.423040954876440196e+02
3.405586644563219352e+02
3.388737431376408722e+02
3.372526096965627858e+02
3.356978816046647012e+02
3.342117075495791596e+02
3.327971939064089497e+02
3.314556372614869701e+02
3.301899076752022779e+02
3.290011102629325705e+02
3.278905824367934656e+02
3.268598498256278617e+02
3.259083814914938557e+02
3.250375248806954005e+02
3.242458842469769706e+02
3.235331777075272157e+02
3.228982541299897093e+02
3.223384676298619524e+02
3.218528629736975972e+02
3.214375129527825266e+02
3.210903600345927771e+02
3.208078403631051856e+02
3.205858067813994126e+02
3.204058308801025419e+02
3.202784311617352841e+02
3.202018749307021039e+02
3.201711331520521640e+02
3.201815073689667770e+02
3.202291385684186480e+02
3.203083691581944663e+02
3.204157977120673308e+02
3.205463082583239611e+02
3.206956257345638051e+02
3.208602682396743830e+02
3.210355271930147865e+02
3.212188371716788424e+02
3.214061709255237815e+02
3.215946274793024031e+02
3.217818371144182947e+02
3.219646658440844362e+02
3.221418025725334360e+02
3.223106229657828976e+02
3.224698335435319336e+02
3.226180378764997840e+02
3.227537137338883895e+02
3.228764714251026930e+02
3.229851916479047986e+02
3.230853204362634870e+02
3.231218245752741609e+02
3.231473907873997859e+02
3.231636961262080376e+02
3.231721722648890136e+02
3.231761524774526606e+02
3.231789914813900282e+02
3.231862416870808943e+02
3.232057441398515607e+02
3.232467594291258024e+02
3.233259090498418686e+02
3.234588357238243930e+02
3.236721630465802946e+02
3.239918411263838607e+02
3.244445002410298002e+02
3.250564070896890030e+02
3.258221660886241011e+02
3.267233927996895773e+02
3.276936901304628691e+02
3.286543328710633318e+02
3.295245046369851138e+02
3.302560398490780926e+02
3.308252201836623954e+02
3.312559206235796410e+02
3.315532362862202262e+02
3.317268401524644332e+02
3.318687800181538705e+02
3.320123605463056151e+02
3.321830446461360111e+02
3.324019529169818270e+02
3.326802669329427999e+02
3.330256061150448659e+02
3.334478692801736770e+02
3.339760213820230206e+02
3.347327346198163696e+02
3.360481448415542900e+02
3.388380352712486001e+02
3.445310686454214419e+02
3.531121083205590594e+02
3.609565327469663885e+02
3.671270949415186919e+02
3.763121841069579432e+02
3.893672125505643180e+02
3.965961005109797384e+02
3.990802134096336999e+02
4.024493010655564262e+02
4.095850687662758105e+02
4.156447402373626119e+02
4.179033761172308914e+02
4.192867658472800940e+02
4.206347591408375592e+02
4.229124752364210735e+02
4.279803461957311583e+02
4.388487693712546616e+02
4.563487819108374310e+02
4.750940746772959073e+02
4.881493754584381008e+02
4.937597987365336962e+02
4.957404339941996341e+02
4.969095535616718848e+02
4.990674330312897382e+02
5.035491401677280692e+02
5.110202001648501664e+02
5.198634910991293054e+02
5.272896674415859479e+02
5.326638314172466835e+02
5.374111771604566457e+02
5.428111363006894408e+02
5.488336735911809683e+02
5.542499284292224502e+02
5.578610010112532791e+02
5.597262339328190137e+02
5.602164555604406360e+02
5.604414019597338665e+02
5.606211675742512170e+02
5.609202546859265794e+02
5.612362188428373884e+02
5.613140073413009077e+02
5.608823751037978127e+02
5.598134065505491890e+02
5.582240985847838601e+02
5.562676413159581443e+02
5.541409154522232257e+02
5.518981562189018177e+02
5.495254169767284793e+02
5.469515114113626169e+02
5.441365291872052694e+02
5.410830067853236187e+02
5.378609066677250894e+02
5.345382452242400859e+02
5.312019911815538080e+02
5.279266349388508388e+02
5.247980750150173890e+02
5.219263283157970363e+02
5.194279923334589739e+02
5.174476838473688076e+02
5.159516899893043274e+02
5.148269485040796098e+02
5.139856739325043691e+02
5.132161844606332579e+02
5.124019746651690639e+02
5.116189317344997676e+02
5.109900504168962243e+02
5.107115719968078906e+02
5.108889196038356317e+02
5.116089404088000947e+02
5.128368752681345768e+02
5.144917394184935802e+02
5.164489293547489979e+02
5.185636443604616943e+02
5.207108613098591832e+02
5.227291016624127451e+02
5.245087245220967134e+02
5.259674793084909652e+02
5.271198904651993189e+02
5.280004918097753261e+02
5.286903916878488872e+02
5.292078786000669197e+02
5.295361651293596879e+02
5.296178391200686519e+02
5.292154034946341881e+02
5.283909403093954325e+02
5.271604158057040195e+02
5.255572301266755630e+02
5.236237012346944084e+02
5.214269176111373554e+02
5.205227177334281805e+02
5.180727325952568663e+02
5.155098025822666159e+02
5.128831944995599770e+02
5.102348704838419167e+02
5.076036427912488875e+02
5.050145110021843493e+02
5.024915692287157185e+02
5.000470016040287078e+02
4.976832183387297164e+02
4.953935964871483293e+02
4.931540794634545932e+02
4.909323655372087956e+02
4.886858383567320629e+02
4.863735767741724771e+02
4.839498075690071914e+02
4.813911178792433248e+02
4.786714827162123242e+02
4.757605857824825080e+02
4.726588494294093152e+02
4.694266915762814847e+02
4.660904567641275662e+02
4.626647920085724195e+02
4.591764355911376470e+02
4.556435024962017906e+02
4.520845612738850150e+02
4.485176475645513392e+02
4.449549839277219689e+02
4.414109806909853546e+02
4.378945855380857779e+02
4.344154966267529403e+02
4.309804168675719893e+02
4.275957797014312973e+02
4.242666584201895716e+02
4.209971160350162336e+02
4.177912460627746327e+02
4.146512330353109519e+02
4.115807979050021004e+02
4.085810811373878551e+02
4.056550773993901657e+02
4.028043732748843127e+02
4.000306566642983057e+02
3.972459180993768086e+02
3.944787359831202593e+02
3.918312753646221154e+02
3.893068731075131836e+02
3.869102553527109762e+02
3.846450460890645786e+02
3.825125750527171249e+02
3.805168397550692703e+02
3.786566796595108713e+02
3.769355698196356457e+02
3.753536047297795903e+02
3.739115127274192218e+02
3.726134938793529727e+02
3.714571818325865706e+02
3.704483641418208890e+02
3.695845376830004625e+02
3.688668812616523951e+02
3.682948025675258350e+02
3.678614283080467544e+02
3.675659114060347861e+02
3.673962696398677394e+02
3.673458111490010083e+02
3.674019520704765682e+02
3.675499321411822393e+02
3.677681707566173941e+02
3.681364578310678439e+02
3.685405703291766599e+02
3.689613114947331383e+02
3.693809053631044890e+02
3.697830070524294115e+02
3.701504671782976743e+02
3.704683482306900260e+02
3.707232995760380163e+02
3.709030344851474297e+02
3.709987343848391106e+02
3.710051540168910265e+02
3.709172714430249584e+02
3.707374221939184054e+02
3.704661908140309947e+02
3.701096396200059075e+02
3.696745788814387197e+02
3.691674854326358854e+02
3.685988628672185996e+02
3.679756703511864657e+02
3.673078305980172900e+02
3.666031941178410420e+02
3.658694902521826862e+02
3.651146233838354647e+02
3.642855981372765655e+02
3.634229390650808682e+02
3.625569845000724740e+02
3.616916833369892856e+02
3.608306796208959781e+02
3.599763891020169808e+02
3.591308122469349087e+02
3.582955289984076330e+02
3.574708384799809551e+02
3.566573652273938251e+02
3.558545262220177392e+02
3.550618057407899641e+02
3.542782576097159790e+02
3.535025107084321121e+02
3.527334785035284881e+02
3.519695442729096158e+02
3.512094625402331189e+02
3.504518152527571146e+02
3.496955517667170170e+02
3.489395342217165989e+02
3.481832357636218376e+02
3.474257647662437876e+02
3.466671580032549400e+02
3.459070003374651492e+02
3.451336265995229269e+02
3.443721110954428468e+02
3.440568177879198402e+02
3.447432016278935976e+02
3.456081737693839955e+02
3.463294399830629686e+02
3.484461593140152331e+02
3.570542438928917477e+02
3.808789984213643152e+02
4.130730815336334558e+02
4.298860953389515203e+02
4.370962140189296861e+02
4.497883634752811872e+02
4.732323021268759362e+02
5.049759049517469407e+02
5.462511289226962390e+02
5.670780705471703413e+02
5.823823578440646997e+02
5.976469094973981555e+02
6.126513604614802944e+02
6.256934593854035711e+02
6.366422256303438871e+02
6.451112408769396325e+02
6.478406921100063300e+02
6.454584704081144082e+02
6.413426114256045594e+02
6.374494698547632652e+02
6.343770914658983884e+02
6.318445430265446703e+02
6.293423045638487565e+02
6.268367565295264967e+02
6.247824707463447567e+02
6.235272132208280027e+02
6.232153791554360396e+02
6.234852335447867517e+02
6.236577178549040354e+02
6.229597468080077078e+02
6.209970793309508963e+02
6.177085751805968812e+02
6.134161759795013040e+02
6.084298782043733809e+02
6.030200199341363714e+02
5.973920531020950193e+02
5.916731429821369375e+02
5.859690772134736108e+02
5.803543983081915485e+02
5.748950328796763642e+02
5.696525780993234775e+02
5.644560041732263471e+02
5.594085479786326687e+02
5.545343014818193978e+02
5.497328770668981406e+02
5.448852189153362815e+02
5.399320480985794575e+02
5.348396686398575639e+02
5.296353973283294181e+02
5.243564280082123332e+02
5.190396585834790812e+02
5.137264310074752984e+02
5.084368265200313886e+02
5.031946883219217170e+02
4.980094299114153955e+02
4.928917161522056745e+02
4.878471512334952536e+02
4.828795063138171031e+02
4.779935033576862224e+02
4.731894163112102660e+02
4.684708803238335122e+02
4.638369439473066222e+02
4.592891777415884462e+02
4.548272881130076826e+02
4.504502222700750167e+02
4.462438732699423554e+02
4.421178373793659375e+02
4.380809556080758966e+02
4.341305771940854470e+02
4.302664253701075268e+02
4.264880731473904234e+02
4.227940584502707679e+02
4.191860619693437116e+02
4.156625307479390585e+02
4.122258079492198704e+02
4.088763157900149281e+02
4.056156108528829805e+02
4.024472928127401588e+02
3.993729320171673294e+02
3.963991709876730170e+02
3.935307296192947888e+02
3.907771084824292984e+02
3.881503387285980011e+02
3.856649884614870416e+02
3.833450250942101434e+02
3.812153457795944291e+02
3.793172603629702735e+02
3.776926960874127417e+02
3.763997492423625886e+02
3.756040078194874354e+02
3.752573949114743641e+02
3.753975870143245857e+02
3.760219090739112175e+02
3.771104972895863625e+02
3.785755740303882817e+02
3.802914561686105799e+02
3.821190253162546924e+02
3.839183132781352015e+02
3.855722508547618190e+02
3.870164680028549355e+02
3.882027275474331987e+02
3.891099928770341307e+02
3.897362681894950924e+02
3.900699391585972080e+02
3.901260990267043667e+02
3.899076258896620857e+02
3.894357190929001149e+02
3.887336524241405300e+02
3.878254216037013862e+02
3.867435075129061488e+02
3.855117947493524753e+02
3.841580442761234622e+02
3.827043597003731179e+02
3.811473402662880972e+02
3.794602292623713993e+02
3.777345174291199896e+02
3.759818656612911809e+02
3.742110749694191441e+02
3.724285984968564094e+02
3.706409955351271037e+02
3.688524054866733195e+02
3.670674929513382949e+02
3.652901677969417733e+02
3.635240876902997229e+02
3.617734401767639270e+02
3.600423318571197342e+02
3.583354815895299907e+02
3.566584795075681882e+02
3.550174233324656257e+02
3.534197077511787484e+02
3.518734962329202176e+02
3.503887243181927715e+02
3.489766496153766298e+02
3.476502997561156576e+02
3.464259212485389412e+02
3.453208116792663986e+02
3.443591630727378856e+02
3.435766359695132905e+02
3.429954769884961934e+02
3.426621301025855928e+02
3.426313108217905210e+02
3.429983918719582903e+02
3.438814878505127695e+02
3.454766160495286726e+02
3.480804597400272655e+02
3.520446545206144151e+02
3.578648913327298828e+02
3.656262616242125318e+02
3.748661195030496742e+02
3.843826350467344923e+02
3.930943992684415207e+02
4.005264820181585037e+02
4.069377889690623533e+02
4.126577381938104168e+02
4.181465573833788767e+02
4.236614777212955687e+02
4.293644274187664678e+02
4.351976996688626969e+02
4.409423333389062236e+02
4.463385312807792502e+02
4.511709828620907388e+02
4.552552192474150843e+02
4.586430155104999358e+02
4.613455037603020514e+02
4.634298020937090428e+02
4.649883815950154258e+02
4.660882926800404107e+02
4.668257717514496221e+02
4.672692901172181337e+02
4.674837156643866933e+02
4.675283116434875410e+02
4.674433406544964100e+02
4.672704568894105250e+02
4.670375995823121684e+02
4.667689488337030639e+02
4.664846692756071320e+02
4.661980365635150179e+02
4.659225581762087245e+02
4.656658706179039768e+02
4.654353797362819591e+02
4.652357788733806387e+02
4.650694774477631768e+02
4.649382412180212327e+02
4.648411178382609705e+02
4.647762847019890842e+02
4.647364825928912069e+02
4.646166089674508726e+02
4.645187457844216397e+02
4.644386715109549186e+02
4.643706915769440684e+02
4.643117972490464922e+02
4.642597057760869461e+02
4.642127671609327422e+02
4.641728440924976553e+02
4.641411119566511729e+02
4.641218282703279101e+02
4.641194113056821493e+02
4.641392915341451726e+02
4.641880168527046067e+02
4.642727182060965561e+02
4.644005894701209627e+02
4.645801045713848794e+02
4.648189429187200972e+02
4.651259894105428430e+02
4.655100469006625303e+02
4.659788559607345064e+02
4.665421400084608194e+02
4.672056265012790277e+02
4.679780881248772744e+02
4.687828379204902376e+02
4.695968431570487951e+02
4.705246605210663233e+02
4.715632136194119539e+02
4.727125080114113871e+02
4.739675493246442670e+02
4.753252691290184657e+02
4.767847323206882493e+02
4.783425496160716079e+02
4.800032618378784832e+02
4.817702287882833048e+02
4.836539144315890439e+02
4.856760616224072464e+02
4.878643509403812004e+02
4.902863958814739931e+02
4.930409339713210102e+02
4.963390404877790729e+02
5.005354386706724199e+02
5.062002948864751488e+02
5.141452676928405481e+02
5.248529568657406799e+02
5.381056196031951231e+02
5.526708433429498655e+02
5.673622436526076172e+02
5.809733934416813099e+02
5.930702102579795110e+02
6.027628910564209264e+02
6.103470046378063216e+02
6.160087800254041213e+02
6.197049261512513567e+02
6.214013591661904456e+02
6.213298475887429504e+02
6.199468266351092325e+02
6.176471280905172989e+02
6.147264758840566401e+02
6.113822319538777492e+02
6.077507871162742958e+02
6.039194199624206476e+02
5.999495041977818346e+02
5.958870588572328870e+02
5.917580550336409715e+02
5.875888753435066292e+02
5.833910633012551443e+02
5.791759445445995880e+02
5.749500877496667499e+02
5.707161861590889202e+02
5.664797865842848523e+02
5.622414655886470882e+02
5.577374827846311973e+02
5.530744647248794763e+02
5.484370599096873775e+02
5.438261368028061042e+02
5.392410567806845165e+02
5.346815683726442785e+02
5.301445489981616674e+02
5.256312736009256241e+02
5.211397920888719000e+02
5.166753612798432869e+02
5.122409187529059409e+02
5.078425963698938403e+02
5.034879567082728045e+02
4.991812236939902050e+02
4.949312369955302415e+02
4.907406331574493947e+02
4.866157375379140717e+02
4.825592663838663725e+02
4.785732023086283675e+02
4.746609324419349036e+02
4.708211954891773416e+02
4.670563420033691386e+02
4.633644266450699547e+02
4.597450194152195877e+02
4.562559798734641276e+02
4.528111734702901003e+02
4.494375449534923064e+02
4.461305671381196021e+02
4.428880409862527472e+02
4.397065084500927696e+02
4.365825398795668661e+02
4.335141767300464153e+02
4.304977965801479058e+02
4.275320577463981522e+02
4.246147995233614552e+02
4.217450621417518732e+02
4.189229015268157923e+02
4.161483925957086853e+02
4.134241970714022614e+02
4.107528528780324564e+02
4.081402905159968668e+02
4.055935993929373353e+02
4.031237510899807717e+02
4.007464870011044127e+02
3.984810833603057745e+02
3.963591206931263287e+02
3.944152756800648376e+02
3.927056507214649059e+02
3.913639760635767288e+02
3.904103226029998268e+02
3.899306795301410489e+02
3.900075599745259183e+02
3.907386536306225935e+02
3.921630384946363392e+02
3.942845637275460717e+02
3.970611980502798701e+02
4.003993272923797804e+02
4.042338145173801536e+02
4.086259637191341199e+02
4.139687067266614804e+02
4.213334594392853774e+02
4.318607233937125898e+02
4.443688767443793495e+02
4.549272311283067438e+02
4.620422717651570110e+02
4.673067636029421692e+02
4.719759249594793573e+02
4.762289570024851173e+02
4.797550860559646253e+02
4.823610820366453709e+02
4.841678042902315724e+02
4.853759930074150475e+02
4.861366917730158548e+02
4.868371022862625068e+02
4.872621170956059586e+02
4.874389425023231297e+02
4.873795814360958616e+02
4.871181289600463060e+02
4.866718006820420896e+02
4.860417713371660398e+02
4.852284171772381569e+02
4.841817173245376011e+02
4.828362998205732879e+02
4.811391295739780958e+02
4.790486990239101601e+02
4.765940759937701046e+02
4.738213442341198061e+02
4.707857510949518201e+02
4.675527195138944307e+02
4.641608219964328441e+02
4.606542938333447523e+02
4.570649593127063213e+02
4.534186810642112277e+02
4.497482246761719580e+02
4.460772894043349197e+02
4.424429394585858404e+02
4.388221612677086227e+02
4.354113706947265996e+02
4.323488028425771859e+02
4.299448184521635312e+02
4.288829788712023401e+02
4.299605867287606316e+02
4.334781996825414012e+02
4.379935381057510426e+02
4.415162776057161409e+02
4.434521132610091172e+02
4.445379655218030734e+02
4.454650852083018435e+02
4.467949919864881849e+02
4.490495268847351440e+02
4.523112995060983508e+02
4.560606971723697711e+02
4.591860281753525328e+02
4.609890984734796575e+02
4.614089490848774631e+02
4.608808759927033520e+02
4.597519936747465863e+02
4.582355204497483783e+02
4.564784131983296334e+02
4.545604767371542607e+02
4.524054531556208758e+02
4.500078793811102855e+02
4.476312381995211922e+02
4.452957776319051391e+02
4.430139079882468423e+02
4.407956209116503032e+02
4.386414890691303299e+02
4.365560948269592245e+02
4.345368749596320868e+02
4.325837589600175761e+02
4.306948044712677302e+02
4.288664015726587309e+02
4.270973084857203048e+02
4.253829371528331080e+02
4.237219919839155295e+02
4.221113505038957214e+02
4.205494637568721714e+02
4.190356368178219100e+02
4.175690811044199791e+02
4.161522458662996087e+02
4.147859895172927054e+02
4.134748837293485622e+02
4.122225720449181949e+02
4.110337679395310033e+02
4.098025347525277766e+02
4.086936938557332724e+02
4.076784820714995021e+02
4.067587559872739575e+02
4.059401786148809492e+02
4.052238577632207921e+02
4.046080590136390356e+02
4.040942241521537426e+02
4.036754499782306880e+02
4.033544088378660604e+02
4.031258202984920445e+02
4.029948632717310488e+02
4.029625659520468730e+02
4.030342173830521801e+02
4.032170540228200935e+02
4.035069244591068127e+02
4.039064078165593514e+02
4.043940869540031144e+02
4.049487903625570198e+02
4.055327159110343018e+02
4.061042608486508243e+02
4.066183516596168488e+02
4.070383992454583790e+02
4.073332952376106277e+02
4.073716593148636775e+02
4.071284913942011485e+02
4.067432165695811364e+02
4.062374983178290222e+02
4.056266473529558425e+02
4.049382395767212870e+02
4.041970765418200813e+02
4.034283870188024821e+02
4.026631295169840428e+02
4.019261629312491664e+02
4.012483334529599119e+02
4.006551862190614202e+02
4.001711079874888810e+02
3.998164045062293894e+02
3.996043169519085723e+02
3.995413678693020074e+02
3.996240795526705369e+02
3.998402069564129988e+02
4.001666528607838700e+02
4.005783755690962380e+02
4.010393465627670366e+02
4.015199542493704143e+02
4.019885972629472803e+02
4.024209231421572781e+02
4.027505037649747806e+02
4.030555434491225242e+02
4.033388738062626544e+02
4.036086369558081515e+02
4.038744997532504613e+02
4.041550029686981134e+02
4.044597790392720071e+02
4.048073433823130927e+02
4.052028980533717686e+02
4.056527217267419587e+02
4.061538987895136188e+02
4.066928039488562376e+02
4.072487015160935471e+02
4.077845105060470701e+02
4.082599700777986413e+02
4.086293252448174371e+02
4.088582242302699115e+02
4.089169740624238329e+02
4.088034092997646667e+02
4.085160717884473343e+02
4.080748279394211977e+02
4.074994264572775364e+02
4.068096814352416573e+02
4.060291096731351672e+02
4.051295514650096266e+02
4.042879210968957295e+02
4.033847790202657961e+02
4.024274919332842160e+02
4.014210642584392872e+02
4.003699525130282382e+02
3.992786009953297253e+02
3.981508550607038615e+02
3.969930922820659021e+02
3.958097840578262776e+02
3.946092451720476220e+02
3.933973787116094059e+02
3.921831483624906696e+02
3.909749136463848913e+02
3.897818296591938747e+02
3.886189396349626008e+02
3.875086515049820832e+02
3.865137273158383096e+02
3.858048758760665464e+02
3.858142146278964333e+02
3.874797858133682666e+02
3.910086355024968725e+02
3.942491997990318850e+02
3.952933218060906029e+02
3.948718731345765605e+02
3.940728750034436416e+02
3.935289947517637188e+02
3.935341518209725677e+02
3.943050762654075356e+02
3.960612269538274290e+02
3.989078715605407410e+02
4.029949913389584140e+02
4.083412439587760332e+02
4.149562341024588932e+02
4.223563863043383435e+02
4.296343281338636757e+02
4.357434462336479442e+02
4.405682396478874239e+02
4.447089545333113847e+02
4.491558630322493855e+02
4.544464008297800319e+02
4.600225310442564250e+02
4.649975501948791816e+02
4.692169792995711077e+02
4.732897353442315875e+02
4.781657254410478686e+02
4.850727262546229781e+02
4.954033485375982764e+02
5.094505170337486106e+02
5.239793314461670661e+02
5.353929179594343850e+02
5.433885673229913209e+02
5.487454303449846975e+02
5.521537770382249164e+02
5.529352289848585542e+02
5.540568216115050291e+02
5.536100388650276045e+02
5.518584017344662698e+02
5.490483758021837275e+02
5.455042754759493846e+02
5.414531271521490225e+02
5.370964216124207269e+02
5.325533386678725947e+02
5.279105929852574945e+02
5.232254083863713277e+02
5.185415011540038677e+02
5.138909365953227280e+02
5.093013388654167102e+02
5.047943561079221695e+02
5.003862585204728362e+02
4.960900036189892148e+02
4.919119462135322465e+02
4.878321683585188566e+02
4.838748638541630385e+02
4.800415952207086434e+02
4.763233425491625894e+02
4.727173096343532279e+02
4.692114371858925210e+02
4.657920006520675429e+02
4.624396838792815174e+02
4.591276483144818030e+02
4.558263474441361041e+02
4.525126662261114348e+02
4.491643784173469385e+02
4.457742466469443343e+02
4.423437401749367268e+02
4.388788965764290992e+02
4.354000702355958197e+02
4.319209762384668920e+02
4.284658369893841723e+02
4.250522418525520720e+02
4.217017292130609576e+02
4.184337954537716087e+02
4.152681381728110068e+02
4.122287666667930353e+02
4.093371751090097632e+02
4.067529659983276815e+02
4.043947097049874628e+02
4.022821477770914385e+02
4.004665569600397248e+02
3.990073782359697248e+02
3.979930330535743224e+02
3.974882163103443418e+02
3.975858859393697458e+02
3.983176577560718101e+02
3.996704090711912158e+02
4.015570258560063621e+02
4.038152295309628812e+02
4.062682752933334314e+02
4.087933874008505200e+02
4.113381485040951020e+02
4.139165794316053848e+02
4.166005286806970958e+02
4.193938645871318727e+02
4.222965583382589898e+02
4.252119547382033602e+02
4.280112518701837416e+02
4.305706365367850594e+02
4.327866473740691617e+02
4.346065259277638688e+02
4.360265931010556528e+02
4.371340814105488448e+02
4.379379924392902126e+02
4.385064535572162185e+02
4.388987311658286217e+02
4.391731431144601743e+02
4.393639183494479994e+02
4.394991988759377932e+02
4.395872941748310723e+02
4.396270408127745100e+02
4.396135747468995305e+02
4.395323874086820410e+02
4.393695750874333044e+02
4.391114996220350690e+02
4.387377138352823636e+02
4.382401570104645430e+02
4.376062224212647038e+02
4.368301313467342766e+02
4.359169045252029377e+02
4.348663457858057200e+02
4.336957610445065256e+02
4.324157186259619721e+02
4.310423380896950221e+02
4.295932098047911722e+02
4.280468297384506400e+02
4.265578203855314996e+02
4.250234395163547561e+02
4.234563258117297551e+02
4.218665449212281828e+02
4.202616514829488779e+02
4.186494913767893422e+02
4.170351099661889975e+02
4.154235018505245876e+02
4.138185868968190562e+02
4.122231169883750681e+02
4.106397944402279450e+02
4.090703679493988716e+02
4.075162169829135337e+02
4.059786799960764938e+02
4.044581778009299455e+02
4.029554084339155793e+02
4.014705526782103675e+02
4.000035278284075275e+02
3.985545383119838903e+02
3.971230355025963377e+02
3.957089720700388398e+02
3.943119077755412150e+02
3.929313375612138657e+02
3.915505793217427026e+02
3.902017528796010311e+02
3.888670145646750029e+02
3.875458016979796412e+02
3.862379015196270302e+02
3.849430645157302706e+02
3.836609360925538112e+02
3.823915136558898098e+02
3.811344546162854954e+02
3.798898498552799765e+02
3.786575093126091929e+02
3.774374957620394753e+02
3.762298606215674113e+02
3.750345355141059258e+02
3.738518204659869753e+02
3.726815772601011076e+02
3.715241542161132315e+02
3.703795111078687796e+02
3.692478091584671347e+02
3.681291871484149283e+02
3.670235328779666588e+02
3.659310490958435480e+02
3.648515416972755361e+02
3.637850434317678037e+02
3.626983165978595025e+02
3.615790445609429185e+02
3.604716573124988486e+02
3.593758828995585759e+02
3.582916093025840496e+02
3.572187809300423851e+02
3.561572261393040435e+02
3.551070840243970679e+02
3.540682503397619598e+02
3.530408953577296529e+02
3.520251735290515853e+02
3.510210817541711776e+02
3.500290361362187355e+02
3.490489540057836848e+02
3.480812373445675121e+02
3.471259836948728434e+02
3.461831544909366585e+02
3.452532631738178566e+02
3.443359702537109115e+02
3.434318399233515038e+02
3.425406202282142090e+02
3.416624808723777278e+02
3.407977319056428769e+02
3.399459526186917628e+02
3.391311591567570645e+02
3.383168693475120676e+02
3.375168549066157198e+02
3.367309019287402521e+02
3.359586456065489983e+02
3.352004231495138242e+02
3.344554678326163639e+02
3.337241337160253352e+02
3.330058350630009159e+02
3.323005150037121780e+02
3.316081341854475113e+02
3.309281791268156212e+02
3.302610203573594845e+02
3.296061598123730505e+02
3.289641082072052995e+02
3.283347707804178981e+02
3.277185530934837061e+02
3.271160617118785012e+02
3.265277051341815877e+02
3.259547712360029550e+02
3.253978294391608870e+02
3.248586308348093894e+02
3.243383182210214386e+02
3.238386900464909104e+02
3.233634695829534280e+02
3.228963203857741178e+02
3.224574415134915739e+02
3.220481745119471952e+02
3.216712537336456421e+02
3.213286818764591430e+02
3.210226260150005828e+02
3.207558688414723633e+02
3.205301050407756520e+02
3.203485788638891449e+02
3.202129157833252862e+02
3.201262465249457705e+02
3.200904724227009979e+02
3.201078222336909107e+02
3.201807971466610070e+02
3.203104431588678267e+02
3.204995449548907231e+02
3.207479819912435914e+02
3.210574990477138613e+02
3.214276428719836076e+02
3.218580140218315364e+02
3.223473816354559744e+02
3.228935612622615849e+02
3.234931965008859720e+02
3.241436519508235961e+02
3.248682233215938595e+02
3.256335716522893904e+02
3.264332957136461459e+02
3.272571860085727735e+02
3.281016888424396143e+02
3.289558918993338352e+02
3.298163135495252050e+02
3.306752582555127447e+02
3.315249541445858199e+02
3.323609474819015759e+02
3.331717906547380039e+02
3.339524178181387697e+02
3.346921222000935927e+02
3.353841647051552854e+02
3.360206266920418443e+02
3.365964198298126462e+02
3.371072446695008011e+02
3.375518176734198050e+02
3.379296951816974683e+02
3.382416683477190418e+02
3.384914642684423711e+02
3.386796497342228349e+02
3.388123703562250739e+02
3.388930006527419891e+02
3.389241083894413009e+02
3.389229904216499563e+02
3.388937256877152322e+02
3.388424783979839390e+02
3.387705696174970740e+02
3.386832189288339805e+02
3.385809514914876672e+02
3.384661279258557443e+02
3.383399190467999915e+02
3.382016728436881863e+02
3.380522388224126189e+02
3.378898242441368893e+02
3.377142640177578414e+02
3.375236489865298495e+02
3.373170157596516674e+02
3.370925994663626284e+02
3.368489729709341987e+02
3.365848856921533070e+02
3.362986788164656673e+02
3.359902012219964718e+02
3.356576889132429642e+02
3.353018120722351227e+02
3.349218545315191591e+02
3.345273484224511549e+02
3.341314247123425503e+02
3.337073315028817433e+02
3.332582008681329739e+02
3.327848327573864822e+02
3.322901782922092480e+02
3.317765078622025499e+02
3.312456849206557763e+02
3.307010055168718168e+02
3.301439284477178830e+02
3.295777269605400193e+02
3.290043548030603233e+02
3.284263386192023972e+02
3.278463661870900978e+02
3.272664990824267193e+02
3.266903151564849281e+02
3.261199468229064564e+02
3.255597984795111302e+02
3.250128698240988001e+02
3.244838296910269264e+02
3.239779438169813943e+02
3.234993333965622355e+02
3.230565761697405947e+02
3.226534578709954530e+02
3.222910999093628561e+02
3.219914660455154944e+02
3.217647814931835910e+02
3.216503988490852066e+02
3.217290439138583906e+02
3.222624750581910575e+02
3.238885413337316663e+02
3.277736407102255498e+02
3.343012726621288380e+02
3.404338783932894898e+02
3.435237100378103037e+02
3.446903241150185977e+02
3.454397356278300322e+02
3.469422736419177227e+02
3.509726887655810970e+02
3.617855363566804954e+02
3.823086594714789044e+02
4.010293308917243280e+02
4.180920601349392314e+02
4.451603659817376411e+02
4.834068249236857469e+02
5.095659813609065623e+02
5.228689544199545480e+02
5.357192806768875926e+02
5.516238775843015674e+02
5.655180540945042367e+02
5.759343903598062298e+02
5.858822671549476127e+02
5.968814654165277034e+02
6.089391480261230072e+02
6.208098523825948405e+02
6.310594203225381307e+02
6.392977913519006279e+02
6.460177134204644744e+02
6.518037585258331319e+02
6.571969127450188353e+02
6.624512013471895671e+02
6.677349193057325465e+02
6.730782327098934275e+02
6.783661507377094040e+02
6.833657779708735234e+02
6.877944398442693910e+02
6.915222507123745572e+02
6.945296170377899898e+02
6.969629383646351926e+02
6.989103225010348979e+02
7.004264957724011538e+02
7.014557613559547917e+02
7.020685523374240802e+02
7.023593501612721184e+02
7.022912126033560298e+02
7.019682379978579547e+02
7.014129018403311875e+02
7.006177262348820705e+02
6.995078965977775169e+02
6.980160130453436977e+02
6.960916663559612516e+02
6.937468156028349995e+02
6.910047866284473912e+02
6.879391743891815167e+02
6.846024968034598714e+02
6.810604563318638611e+02
6.773626424060626050e+02
6.735597478484974090e+02
6.696984346222028535e+02
6.658241116213622490e+02
6.619852680184170595e+02
6.582175204007191951e+02
6.545553749087688402e+02
6.509925295500936500e+02
6.475033739845436003e+02
6.440311174975403219e+02
6.404600739171251007e+02
6.369305407048933603e+02
6.333769801630851362e+02
6.298711817035799641e+02
6.265752017976897150e+02
6.237701914232694662e+02
6.221243098784841550e+02
6.229656273009155711e+02
6.281811662426450766e+02
6.389896502039122197e+02
6.551051656089179005e+02
6.759129096209841236e+02
6.938550399773830577e+02
7.020655175855431480e+02
7.030387682085005281e+02
7.010606573532987795e+02
6.979054414631425516e+02
6.943377294505368127e+02
6.906326396763192861e+02
6.869247074883287496e+02
6.832827270658758607e+02
6.797723933405428625e+02
6.764884398387087003e+02
6.736568607449036108e+02
6.717953286274126867e+02
6.727459865263965639e+02
6.784547639775734069e+02
6.878360863983026547e+02
6.951875692331361734e+02
6.980304219913637098e+02
6.985979115902196099e+02
6.987845405263581142e+02
7.003187514730404928e+02
7.046854903494370319e+02
7.114295230580586349e+02
7.168035594344870560e+02
7.191557150381531756e+02
7.199066384164613055e+02
7.202596070826497225e+02
7.207978049853929861e+02
7.218408282684812320e+02
7.236575197165446980e+02
7.268865535899724364e+02
7.318880733471232816e+02
7.370330008650860236e+02
7.398892652610288678e+02
7.403980197306264017e+02
7.396800931759005380e+02
7.382464095158557029e+02
7.362609790933971681e+02
7.338055582951710676e+02
7.308992658629083508e+02
7.275518453679444519e+02
7.237908185749797667e+02
7.196575404435366181e+02
7.151856438215997969e+02
7.104262422145317259e+02
7.054146189566589555e+02
7.001885580854420823e+02
6.947837283561282220e+02
6.892265391699819475e+02
6.835478699109738727e+02
6.777715730543466179e+02
6.719204185053955598e+02
6.660169292211887750e+02
6.600769405526017408e+02
6.541177669408519932e+02
6.481513242808438235e+02
6.421888977347092577e+02
6.362398581758131968e+02
6.303117424824180262e+02
6.244122897214358545e+02
6.184427295442297918e+02
6.123776756270389114e+02
6.063685388461080947e+02
6.004219574004126798e+02
5.945447490252297484e+02
5.887425913991436346e+02
5.830209857338712709e+02
5.773844435687249188e+02
5.718361203828568478e+02
5.663790683267634449e+02
5.610148186479364085e+02
5.557438573535100659e+02
5.505680096171549849e+02
5.454861306217555921e+02
5.405007970024983024e+02
5.356128793386424150e+02
5.308243013642041888e+02
5.261402165116476226e+02
5.215616027656211600e+02
5.170956266951599218e+02
5.127447150554912696e+02
5.085123748624027371e+02
5.044018371947699961e+02
5.004092551823849817e+02
4.965593918928623225e+02
4.927693389455533861e+02
4.890766783014735211e+02
4.854640593058912827e+02
4.819146610925603227e+02
4.784133920805563207e+02
4.749460373711414718e+02
4.715070855175491715e+02
4.680890882388580962e+02
4.646947924953522602e+02
4.613244856839700674e+02
4.579826241674167591e+02
4.546743027077632178e+02
4.514018568191658005e+02
4.481709816664208574e+02
4.449821018282329987e+02
4.418377191374137283e+02
4.387374936817465709e+02
4.356800283799505564e+02
4.326634510325962992e+02
4.296844780103198786e+02
4.267400476891643279e+02
4.238264469943044332e+02
4.209409868298525339e+02
4.182433389622162281e+02
4.155947760446206303e+02
4.129661599872513307e+02
4.103574415486008320e+02
4.077702481210719156e+02
4.052048369744254614e+02
4.026642120164249263e+02
4.001500263065942704e+02
3.976649004101838045e+02
3.952122741209294645e+02
3.927938468057116665e+02
3.904131447125048453e+02
3.880724028155959786e+02
3.857735597617773919e+02
3.835196119672307873e+02
3.813112808574485371e+02
3.791508766803239610e+02
3.770393450692885722e+02
3.749771490072915867e+02
3.729657774625121078e+02
3.710045208360898528e+02
3.690941331372947047e+02
3.672342408279520782e+02
3.654240062786380463e+02
3.636671931744597259e+02
3.619202565465820953e+02
3.602229161222871312e+02
3.585764311018152739e+02
3.569866815793968726e+02
3.554696010595309872e+02
3.540653155605633060e+02
3.528519499501877021e+02
3.519633176395363421e+02
3.514936451794357026e+02
3.513501688531376885e+02
3.512494767471952741e+02
3.510311124120373165e+02
3.507354299186680464e+02
3.505814704901001164e+02
3.508242695340574073e+02
3.518706642847781723e+02
3.540527961574347273e+02
3.575217483777968255e+02
3.618814028986372477e+02
3.665030494651674644e+02
3.711913710599584419e+02
3.762329133621118444e+02
3.818004458635367087e+02
3.875953260337334996e+02
3.933163139060785056e+02
3.985115117349349703e+02
4.031379951075550707e+02
4.071826203229716157e+02
4.106885425194092818e+02
4.137149626697669191e+02
4.162919644216108281e+02
4.185365137760706489e+02
4.205125701875127220e+02
4.223235519692564139e+02
4.239797225836375674e+02
4.255208459153662375e+02
4.270759163614150111e+02
4.290227407119564873e+02
4.321693837170918755e+02
4.378452368036276425e+02
4.472765951709774868e+02
4.593127414107274831e+02
4.703684442871904707e+02
4.781990158020200852e+02
4.840791505197987021e+02
4.906629201946048511e+02
4.996457460622537496e+02
5.093418064202060123e+02
5.171303125319039964e+02
5.225899865575481726e+02
5.277725913063968619e+02
5.343635687706448607e+02
5.422151626826541815e+02
5.496225253958548365e+02
5.551994289986245121e+02
5.592780390956874044e+02
5.624871895529199719e+02
5.652605432436409956e+02
5.677565736885663910e+02
5.700066834859583196e+02
5.720403872615662522e+02
5.738865075628322074e+02
5.755547053759115670e+02
5.770154417164976621e+02
5.782056031221605963e+02
5.790499829254490578e+02
5.794817531737984382e+02
5.794892539858814189e+02
5.790607304253343273e+02
5.782444532688140271e+02
5.770828735659422364e+02
5.754133339858564113e+02
5.733718187357070519e+02
5.711463852187797556e+02
5.687943152961898932e+02
5.663537180927592090e+02
5.638600074704801273e+02
5.613455714983908820e+02
5.588331052171392912e+02
5.563457450344698145e+02
5.539016538043243827e+02
5.515130998537380265e+02
5.491929840014437332e+02
5.469462815147290939e+02
5.447766084642612441e+02
5.426829898390980134e+02
5.412126395246746142e+02
5.398304872015852425e+02
5.379001403213927688e+02
5.360123715448038411e+02
5.341494685711680859e+02
5.322986770077117171e+02
5.304424623144215047e+02
5.285694608804196832e+02
5.266675618406403601e+02
5.245794463888995551e+02
5.223165059453405092e+02
5.200167332373750924e+02
5.176845049510375247e+02
5.153159425904868840e+02
5.129154187790946935e+02
5.104833593365361821e+02
5.080209989564156103e+02
5.055322569559457975e+02
5.030162705398241201e+02
5.004782755052416974e+02
4.979178036016533611e+02
4.953397267675643434e+02
4.927457863961974454e+02
4.901395437415976630e+02
4.875249767359360931e+02
4.849037091593092441e+02
4.822808022534060228e+02
4.796572451949385822e+02
4.770371169681895367e+02
4.744221725777780989e+02
4.718145742589048837e+02
4.692174222616422412e+02
4.666318785498211241e+02
4.640319596375204014e+02
4.613392321929799209e+02
4.586755360276466149e+02
4.560443828450534056e+02
4.534504629240800568e+02
4.508995818087471434e+02
4.483966601844335855e+02
4.459488940300975059e+02
4.435624836905747657e+02
4.412450364913249246e+02
4.390045307375972357e+02
4.368475184669734404e+02
4.347836070938874968e+02
4.328192553245069689e+02
4.309631938766834764e+02
4.292236852314971429e+02
4.276060037626518238e+02
4.261200002424499189e+02
4.247677834529820871e+02
4.235563601422194893e+02
4.224891102497688280e+02
4.215699597772956508e+02
4.208129950723910611e+02
4.202354498712383020e+02
4.198543325784175408e+02
4.197741285963602422e+02
4.201098074940894094e+02
4.209786028683913628e+02
4.223019449446463227e+02
4.238026441250087828e+02
4.251589134685486897e+02
4.263803158202539407e+02
4.277446000284488150e+02
4.297812953124561659e+02
4.333274303271816166e+02
4.398215725238139271e+02
4.512095763488227931e+02
4.668757217558168691e+02
4.824843466383002806e+02
4.951739765587906845e+02
5.052426501557410461e+02
5.136919080974295184e+02
5.216323213831649355e+02
5.295677603638529263e+02
5.375408110503514081e+02
5.455532747581080457e+02
5.540096207117829863e+02
5.636695916935904052e+02
5.753938646572597690e+02
5.888345392047880296e+02
6.027516473752071988e+02
6.145598855293184215e+02
6.228175591133677926e+02
6.282004560769346426e+02
6.316824554925958637e+02
6.334342374644460278e+02
6.334867705304520769e+02
6.320742727090797644e+02
6.295501496333805562e+02
6.263105496162539794e+02
6.225701990385329054e+02
6.184949622347631930e+02
6.141945912926246365e+02
6.097325344424774585e+02
6.051785981329070410e+02
6.005720671495768102e+02
5.959744934776100536e+02
5.914370364080457421e+02
5.870115295892675249e+02
5.827500283579789766e+02
5.786674380286995074e+02
5.747685042210276833e+02
5.709546305971495030e+02
5.671170649152882106e+02
5.632703117220420381e+02
5.593426577892464593e+02
5.552688706290122127e+02
5.510343398688494290e+02
5.466288282162390715e+02
5.420752831934199776e+02
5.374056253707703945e+02
5.326471113875853689e+02
5.278452823111941825e+02
5.230319858312230963e+02
5.182677300697401961e+02
5.136483911444333899e+02
5.094324941721251321e+02
5.062644215663762566e+02
5.055490538608233919e+02
5.091678981993059097e+02
5.155377331308454814e+02
5.192449524980034994e+02
5.186833457096812481e+02
5.157143280790888866e+02
5.120299965257099757e+02
5.085504079843091176e+02
5.060302540876471085e+02
5.056280506998870692e+02
5.092588568291840829e+02
5.160305684872095071e+02
5.223419648230537859e+02
5.266400516053806768e+02
5.303841724308074390e+02
5.342502402430176289e+02
5.376266374521412672e+02
5.400809463835338420e+02
5.416903797827139897e+02
5.424271738595696206e+02
5.420432326001277943e+02
5.407993712645208007e+02
5.392849941490287620e+02
5.379929179812808115e+02
5.371188703050881941e+02
5.366598691834304873e+02
5.366551435991093513e+02
5.373123381616550205e+02
5.387156299590694744e+02
5.405268427531715361e+02
5.420111878417509388e+02
5.427379557641434076e+02
5.430188016358893037e+02
5.435808239990520860e+02
5.451394471210052188e+02
5.489686131766945891e+02
5.565922259730351698e+02
5.679582697456627329e+02
5.798082157758800577e+02
5.879482198725914941e+02
5.916020984110919017e+02
5.919318701867814525e+02
5.904596644920590052e+02
5.880259287959561334e+02
5.850642571330987494e+02
5.818143863053080622e+02
5.783843821871784030e+02
5.748529087413733123e+02
5.712603619258325125e+02
5.676368694609418526e+02
5.640027884821320185e+02
5.603710601025873075e+02
5.567522823223882824e+02
5.531527364549058348e+02
5.495775122966183517e+02
5.460295928916923458e+02
5.423670028408930648e+02
5.386682852384057014e+02
5.350009911499427062e+02
5.313654618494280157e+02
5.277622984322755428e+02
5.241916707652152354e+02
5.206533372111993003e+02
5.171476788097539838e+02
5.136739842415063322e+02
5.102326496644659528e+02
5.068230665765032654e+02
5.034450998112953926e+02
5.000987872667209899e+02
4.967833907757592442e+02
4.934994542841004090e+02
4.902461930839236288e+02
4.870239626098951931e+02
4.838326358897509181e+02
4.806719637237290499e+02
4.775426080296826399e+02
4.744440458931574653e+02
4.713770620488613190e+02
4.683416431392446952e+02
4.653380995048118507e+02
4.622345438509912583e+02
4.590924724903327387e+02
4.559876235808592355e+02
4.529199355400773470e+02
4.498902118662415432e+02
4.468990733787990735e+02
4.439466192420669017e+02
4.410340196546420657e+02
4.381611240473809517e+02
4.353289413891336608e+02
4.325378216395091044e+02
4.297878930960628736e+02
4.270801642728274032e+02
4.244140498255129614e+02
4.217904831222230655e+02
4.192090240047080556e+02
4.166695227857427994e+02
4.141721676223401687e+02
4.117155988959107731e+02
4.092999676820275567e+02
4.069236371693110073e+02
4.045858777191771765e+02
4.022856763267193969e+02
4.000214266155230689e+02
3.977272217704911554e+02
3.954058149481583087e+02
3.931248258901685517e+02
3.908879894534729260e+02
3.887070308473265641e+02
3.866044540331432131e+02
3.846231708089562744e+02
3.828536144015158698e+02
3.814368275223228579e+02
3.806425707058431271e+02
3.807946915856098258e+02
3.822089898793107636e+02
3.848454623687460980e+02
3.880615064748781151e+02
3.909223982469296175e+02
3.929551487886138830e+02
3.943188744306564786e+02
3.955790033520298721e+02
3.973974585958546299e+02
4.003057126508003876e+02
4.044874880377761315e+02
4.097353135849867272e+02
4.153709785896018616e+02
4.206122870991738978e+02
4.246898047729260952e+02
4.275298926985151411e+02
4.290974807880027697e+02
4.297573630859913010e+02
4.298153056054566150e+02
4.296031513507586510e+02
4.293249139916713375e+02
4.291649120983909711e+02
4.292301986105901506e+02
4.295632590736763632e+02
4.301230365620623388e+02
4.307646480893290573e+02
4.313124426919732741e+02
4.316345095722313090e+02
4.316747971952920011e+02
4.314684168623594474e+02
4.310906737594285687e+02
4.306143783316679787e+02
4.300984575334008468e+02
4.295591808585090234e+02
4.289857972663610326e+02
4.283454195031123959e+02
4.275984400544791697e+02
4.267251176925948357e+02
4.255963645585877089e+02
4.243248394663497152e+02
4.229453324181293965e+02
4.214789257187107410e+02
4.199513127244533734e+02
4.183784265468950139e+02
4.167746941491425332e+02
4.151493155137165445e+02
4.135075883096985194e+02
4.118541163576123836e+02
4.101907576440880234e+02
4.085199930148236831e+02
4.068444168983129998e+02
4.051658248210804345e+02
4.034883593839536502e+02
4.018143075396195627e+02
4.001477369210687129e+02
3.984918843854118222e+02
3.968493160754500764e+02
3.952233145003369827e+02
3.936152342416586976e+02
3.920271443755370910e+02
3.904600812038116828e+02
3.889143920670120451e+02
3.873528792339488973e+02
3.858057215145919940e+02
3.842885321103479441e+02
3.828011237778761142e+02
3.813434995612976763e+02
3.799161578333450962e+02
3.785185814417536676e+02
3.771514372599484091e+02
3.758143092774103025e+02
3.745073572003461777e+02
3.732307628707040976e+02
3.719840827754652537e+02
3.707677772182179297e+02
3.695810425891502859e+02
3.684241627502731831e+02
3.672964525073850268e+02
3.661975352377468766e+02
3.651270328675265091e+02
3.640838032456073279e+02
3.630675675316024922e+02
3.620767767773963897e+02
3.611107025251210985e+02
3.601679010752615113e+02
3.592468871139113276e+02
3.583307451981511917e+02
3.573890786814064882e+02
3.564630407251772226e+02
3.555501148789899730e+02
3.546486907695528430e+02
3.537565552682998486e+02
3.528715369223534708e+02
3.519919022050165722e+02
3.511152788657051360e+02
3.502401711074956552e+02
3.493644701360640852e+02
3.484867846686542521e+02
3.476055744548239659e+02
3.467196964181775911e+02
3.458282913708911792e+02
3.449305521471223983e+02
3.440262587827280640e+02
3.431151374079700531e+02
3.421976444618076130e+02
3.412740909375024785e+02
3.403453714600254898e+02
3.394124012988473851e+02
3.384763577404751800e+02
3.375387989187690323e+02
3.365771184868800674e+02
3.356156628559296564e+02
3.346577943612718968e+02
3.337053307022290483e+02
3.327599719773380684e+02
3.318235053009054241e+02
3.308976718887663537e+02
3.299844096945304273e+02
3.290855303669611089e+02
3.282035944568733612e+02
3.273432181744290119e+02
3.265244234293920158e+02
3.258608135776163977e+02
3.262108527305767325e+02
3.311859559748561992e+02
3.410438989574463449e+02
3.530016053559118063e+02
3.912052497560871984e+02
4.553972295097346432e+02
5.079777240413284289e+02
5.505481007934977242e+02
5.869020868716003179e+02
6.546095108753920613e+02
7.241483484415865632e+02
7.597827994826893701e+02
7.899488011072855898e+02
8.259471304168423558e+02
8.470657024861931177e+02
8.582158697090625310e+02
8.670423884192059631e+02
8.754713793866338847e+02
8.839294301048436182e+02
8.926417546028143306e+02
9.018514812670380252e+02
9.118293685644218840e+02
9.227687568675798957e+02
9.345304942066576359e+02
9.465400737796580870e+02
9.582230220806534362e+02
9.695081798807242421e+02
9.805925073410530786e+02
9.917799326787909422e+02
1.002982996131003574e+03
1.013868364653480398e+03
1.024440052885122213e+03
1.035025565648767952e+03
1.045552287363769665e+03
1.054717290346308346e+03
1.061080342857840151e+03
1.064613012642458443e+03
1.066397034397651851e+03
1.066783150164547578e+03
1.065948048900317872e+03
1.064081355526149764e+03
1.061354024091319388e+03
1.057878920429747495e+03
1.053752982528157872e+03
1.048920563692619453e+03
1.043305226662932228e+03
1.036779203460999497e+03
1.029362867059088330e+03
1.021182505267332431e+03
1.012432244890410743e+03
1.003343373901208565e+03
9.940519636647724155e+02
9.844773637852227921e+02
9.743520538209694450e+02
9.637129022244080261e+02
9.527989931132607353e+02
9.418236802887952308e+02
9.308871227572152520e+02
9.200335924404398611e+02
9.094895236221983623e+02
8.994978968504675549e+02
8.896034018359491711e+02
8.797914093975159631e+02
8.700522378451183840e+02
8.603867772415699164e+02
8.507917961075550011e+02
8.412911378491938876e+02
8.319063813110867613e+02
8.226938207175822981e+02
8.137265095264738193e+02
8.051084658239539067e+02
7.969861586538677329e+02
7.894822101870986444e+02
7.826933019785848273e+02
7.765343642355409202e+02
7.709247746247516488e+02
7.657934674671797666e+02
7.609476707568195479e+02
7.561711294121031415e+02
7.514423673828721348e+02
7.467497185160418667e+02
7.421391927565435935e+02
7.377122238275313748e+02
7.333800910917890405e+02
7.291848431589885422e+02
7.250385827946356585e+02
7.209314325762164799e+02
7.168860167055315742e+02
7.129185070902798316e+02
7.090322343364329072e+02
7.051069664771767975e+02
7.011052396534022364e+02
6.969956250748022057e+02
6.927643552405207856e+02
6.883874246770373020e+02
6.838693686887957028e+02
6.792141765050711228e+02
6.744375784259289048e+02
6.695690855678352591e+02
6.646283611013462860e+02
6.596508381221275386e+02
6.546585114829626946e+02
6.496781390645961665e+02
6.447309171206112524e+02
6.398346016889250905e+02
6.350061866701790905e+02
6.302571407617191426e+02
6.255264327178222175e+02
6.208911936383466355e+02
6.163406765263342777e+02
6.118735715497816727e+02
6.074887674329173706e+02
6.031812491956310396e+02
5.989447842493514145e+02
5.947742326709823146e+02
5.906633811129174774e+02
5.866096144368873411e+02
5.826103320774241183e+02
5.786652995819356420e+02
5.747771235658971136e+02
5.709483581134639962e+02
5.671853686183543459e+02
5.634933182144400234e+02
5.598802288797215851e+02
5.563553124190516428e+02
5.529275006128793848e+02
5.496104751624787923e+02
5.464144183363996490e+02
5.433569131473791458e+02
5.404517909051904780e+02
5.377159859453427089e+02
5.350917425668470742e+02
5.326576849439441048e+02
5.304242128292486314e+02
5.283915131842672963e+02
5.265618022171883013e+02
5.249267758514845355e+02
5.234704509831642554e+02
5.221734404753999570e+02
5.210093621110313507e+02
5.199482464475872803e+02
5.189592144120797457e+02
5.180073753453874588e+02
5.170543408034044432e+02
5.160679810664906881e+02
5.150089064787414372e+02
5.138503191021947032e+02
5.125689599566400148e+02
5.111485013507986537e+02
5.095885512890400264e+02
5.078898812733244199e+02
5.060656120336020081e+02
5.041284160459474606e+02
5.020945315487881544e+02
4.999792355513564530e+02
4.976828309605630807e+02
4.952709675453588147e+02
4.928236663442458507e+02
4.903507260439587867e+02
4.878566419296390677e+02
4.853499096154918107e+02
4.828316691983459918e+02
4.803082151169998610e+02
4.777819725218570284e+02
4.752556205510915106e+02
4.727352729066151369e+02
4.702222830559335307e+02
4.677244666588028963e+02
4.652439524040863148e+02
4.627874446975382057e+02
4.603594876452765448e+02
4.579644889370969736e+02
4.556087997956131517e+02
4.532946669429787789e+02
4.510284107447163819e+02
4.488116320155681365e+02
4.466488884982754257e+02
4.445425226636258458e+02
4.424948635216121602e+02
4.404046971893603768e+02
4.383552572718024294e+02
4.363710242608038357e+02
4.344511956036292304e+02
4.325977175629857356e+02
4.308103341382744702e+02
4.290870981615232722e+02
4.274280120388102659e+02
4.258277081991279260e+02
4.242838709205502141e+02
4.227893864527035817e+02
4.213379271020193073e+02
4.199217814151897414e+02
4.185319903063261791e+02
4.171609305073998826e+02
4.157989401492787920e+02
4.144394168078239886e+02
4.130740261229294674e+02
4.116983579923402772e+02
4.103073225567496252e+02
4.088983674570613402e+02
4.074701419062164973e+02
4.060215066728664510e+02
4.045543855503944997e+02
4.030079614589869834e+02
4.014098004349759208e+02
3.997980054323181776e+02
3.981764525032052688e+02
3.965485150214087753e+02
3.949174914120441713e+02
3.932869657319646990e+02
3.916596949212149070e+02
3.900390287613748228e+02
3.884273573001264594e+02
3.868274530056736467e+02
3.852414234553328924e+02
3.836714461980193960e+02
3.821193007702740942e+02
3.805868244528432456e+02
3.790755388757096966e+02
3.775871954042058292e+02
3.761230712374421614e+02
3.746843798229458571e+02
3.732727176408882315e+02
3.718886826976042812e+02
3.705339816112704625e+02
3.692086385206534374e+02
3.679134016575699206e+02
3.666321930852373043e+02
3.653639914473120029e+02
3.641262653158236162e+02
3.629157453789306373e+02
3.617298158396226881e+02
3.605646112424772127e+02
3.594161565647835346e+02
3.582807547278558218e+02
3.571548111421673752e+02
3.560350353904962049e+02
3.549201650693646002e+02
3.538092506547442326e+02
3.527039469207397246e+02
3.516078226537845808e+02
3.505261582313730173e+02
3.494683975629786801e+02
3.484461524953208027e+02
3.474752391493163941e+02
3.465768143020713978e+02
3.457741497780039026e+02
3.450965647963889751e+02
3.445747560384497774e+02
3.442376338162478646e+02
3.441112238892645223e+02
3.442327458734433776e+02
3.447043165433944409e+02
3.454502233886714180e+02
3.464675615711096839e+02
3.477625997220293357e+02
3.493694657654619959e+02
3.513183449129747942e+02
3.536893197563267677e+02
3.565375068437947448e+02
3.599349452004281602e+02
3.639230837122244111e+02
3.684776188151917609e+02
3.735388443131048462e+02
3.789473075623236014e+02
3.845430643127500616e+02
3.901401042548960163e+02
3.956246507635162857e+02
4.008911319642426179e+02
4.059145338127926266e+02
4.106727096335404212e+02
4.151666101596404133e+02
4.194047738098834088e+02
4.233893739094642115e+02
4.271295157091524288e+02
4.304344375828481475e+02
4.333468194953253487e+02
4.359578966245860556e+02
4.382443945842421726e+02
4.401670904231230566e+02
4.417030545170957794e+02
4.428479549483874962e+02
4.435982395522878505e+02
4.439886476381765306e+02
4.440449210300088794e+02
4.438127298461647001e+02
4.433341152157881879e+02
4.426456194479799819e+02
4.417889517141509828e+02
4.407907244917167873e+02
4.396820766163098710e+02
4.384836363772182608e+02
4.372146383712773172e+02
4.358915845348357152e+02
4.355137530643403352e+02
4.342423409326873980e+02
4.328438458286352102e+02
4.314256969561096753e+02
4.299943523685004720e+02
4.284570398073039996e+02
4.267939482342453061e+02
4.251319784155556363e+02
4.234748276604065040e+02
4.218245475753952292e+02
4.201832656955361927e+02
4.185524176778374681e+02
4.169329477329464453e+02
4.153257412899990868e+02
4.137311769619972210e+02
4.121495799648758975e+02
4.105810423275646599e+02
4.090255518870890796e+02
4.074830865376377460e+02
4.059536780733764090e+02
4.044372202321228542e+02
4.029337113262707817e+02
4.014431322540366978e+02
3.999653787258703233e+02
3.985005986897197658e+02
3.970485429674821489e+02
3.956091273674951481e+02
3.941821930664495994e+02
3.927670987439194050e+02
3.913411325790036699e+02
3.898382049460967664e+02
3.883577474633273710e+02
3.868989102117260472e+02
3.854608879506470771e+02
3.840429982467413765e+02
3.826440808285119601e+02
3.812636728833530242e+02
3.799005953611986115e+02
3.785544807549683810e+02
3.772245818929617371e+02
3.759105145088130371e+02
3.746123668948298473e+02
3.733300043536693806e+02
3.720643622076550514e+02
3.708161928958314775e+02
3.695876193692492961e+02
3.683814707749443187e+02
3.672023570966529746e+02
3.660566886838763594e+02
3.649537671682816153e+02
3.639064983850687440e+02
3.629305253206345014e+02
3.620479293160057068e+02
3.612429804813426699e+02
3.605649229553762325e+02
3.600418496430514779e+02
3.596927514637789614e+02
3.595444967546234238e+02
3.596451769648018626e+02
3.600925872384120225e+02
3.610467109827925469e+02
3.627345102197684810e+02
3.653951665366823818e+02
3.691589856026362213e+02
3.739821501584314092e+02
3.796650765562654328e+02
3.860463231876998407e+02
3.930444015868904444e+02
4.000838724745316313e+02
4.062431777814069278e+02
4.110252925260186885e+02
4.146939176087692545e+02
4.180487524609636694e+02
4.219206520143106331e+02
4.270090989004781363e+02
4.335081799617810248e+02
4.407665018981780349e+02
4.480557512899257517e+02
4.553823303357166310e+02
4.629939094727013753e+02
4.711760307329724924e+02
4.792153240565868373e+02
4.860776642976831567e+02
4.911340878824876199e+02
4.942297090966341671e+02
4.957063644845235899e+02
4.960821721839619158e+02
4.958129593804784463e+02
4.953143372723072844e+02
4.948379477160805209e+02
4.945842731067430691e+02
4.946979842451377181e+02
4.952737297678354480e+02
4.964238691890542441e+02
4.982521880750659307e+02
5.008858068810397413e+02
5.044829497536209715e+02
5.091013323844827596e+02
5.147421534233559441e+02
5.212034785884125085e+02
5.280908548351900436e+02
5.349684658254369651e+02
5.412163975366796649e+02
5.464278627386162270e+02
5.504637510422978721e+02
5.533355769792846104e+02
5.551802355365706489e+02
5.562275039693247436e+02
5.566479038908584016e+02
5.566184509654852945e+02
5.562690945378639071e+02
5.558152771889804171e+02
5.555468909350734066e+02
5.557705315373488020e+02
5.566691157916236534e+02
5.583034264352562559e+02
5.604671397610517261e+02
5.627763306384761108e+02
5.647253194932013685e+02
5.658817383348440444e+02
5.659930272420730262e+02
5.650857931649077273e+02
5.632413198407807613e+02
5.606583612620740951e+02
5.574831739087544520e+02
5.537987205469281662e+02
5.497453936193172694e+02
5.454236786967849184e+02
5.409084793165970950e+02
5.362547311855762473e+02
5.315051342562941272e+02
5.266949672308046502e+02
5.218517724124457118e+02
5.169961654017009778e+02
5.121495996113510500e+02
5.073277745118004418e+02
5.025543655035742745e+02
4.978672142839211006e+02
4.933744225587240635e+02
4.894659824657525746e+02
4.877092848870102557e+02
4.935074054669054817e+02
5.121261381679987608e+02
5.346887402056768224e+02
5.546811727276621014e+02
5.804424477570181580e+02
6.028796422304757243e+02
6.171074934357205848e+02
6.340595319435013835e+02
6.569581491764398606e+02
6.804115373428489875e+02
6.995614533861493101e+02
7.190007098022555283e+02
7.448185902583911684e+02
7.746717394109175530e+02
8.007572096869380402e+02
8.175943494711202675e+02
8.284089109768107164e+02
8.366168649862694338e+02
8.435791909294888455e+02
8.496679260821122170e+02
8.551956967327469101e+02
8.605044731222253631e+02
8.656863192488990535e+02
8.706630522171806206e+02
8.751233395494051592e+02
8.788026269120749703e+02
8.816891072956397011e+02
8.838364103453287726e+02
8.853303209751368286e+02
8.862747788333967947e+02
8.866957897799762804e+02
8.865913580959761475e+02
8.854345966231551301e+02
8.836449337481727753e+02
8.813434833130152128e+02
8.786113355293101677e+02
8.754920692465344700e+02
8.720116803052229670e+02
8.681859304188067199e+02
8.639925845305958774e+02
8.594325550580028903e+02
8.544823449521871908e+02
8.491559142790609940e+02
8.434702021657637943e+02
8.374723721718809202e+02
8.312319825420606776e+02
8.248224066853454133e+02
8.183312183151286945e+02
8.118175419001053115e+02
8.052825336732940968e+02
7.986698798109300697e+02
7.919899602351488284e+02
7.852595120291042576e+02
7.785074812642810684e+02
7.717876165200369769e+02
7.651720607600298081e+02
7.581853458662650382e+02
7.514987761607559378e+02
7.452936523638571771e+02
7.395895298765211692e+02
7.342744148581981563e+02
7.292939570672748459e+02
7.246952116878073866e+02
7.204677867489364189e+02
7.165053879390242173e+02
7.126876673996313230e+02
7.088677012839187910e+02
7.050082213133259756e+02
7.009258103413839081e+02
6.965588956680134061e+02
6.918944957125588644e+02
6.869539216472489898e+02
6.817634212613173759e+02
6.763643473984949424e+02
6.708014821040300149e+02
6.651170002707691538e+02
6.593531213336533483e+02
6.535424108017180060e+02
6.477163858356183255e+02
6.418972410953982717e+02
6.357317574916964986e+02
6.295895625922155432e+02
6.234996558279282226e+02
6.174694168160200434e+02
6.115048413421965279e+02
6.056103786231375352e+02
5.997881728649269917e+02
5.940414691606961242e+02
5.883701003977699884e+02
5.827761386295769626e+02
5.772590873110104894e+02
5.718191755690664877e+02
5.664567469410689000e+02
5.611700808325078924e+02
5.559602579519620349e+02
5.508249903172072663e+02
5.457644700089837215e+02
5.407776123449018542e+02
5.358626870204059287e+02
5.310201118543546954e+02
5.262470713449831692e+02
5.215439658392309639e+02
5.169088203725021913e+02
5.123406654463153700e+02
5.076950499166870827e+02
5.030960234091061238e+02
4.985626766166884067e+02
4.940930362600668104e+02
4.896870086128782873e+02
4.853437782611972011e+02
4.810619340598084932e+02
4.768417684728732979e+02
4.726812928704458159e+02
4.685808363856252186e+02
4.645391030239637189e+02
4.605553842351546905e+02
4.566296441911371176e+02
4.527602166775219530e+02
4.489477640789638144e+02
4.451908111374431201e+02
4.414895429472713317e+02
4.378437634245840400e+02
4.342527407998836679e+02
4.307176681628246229e+02
4.272378263252691113e+02
4.238150118779481659e+02
4.204503173590712777e+02
4.171457444748544390e+02
4.139353159356862761e+02
4.107945600961647870e+02
4.077326052292589793e+02
4.047584346945550919e+02
4.018884572337173609e+02
3.991447244584800842e+02
3.965514577251748847e+02
3.941519487545243692e+02
3.919775531402653428e+02
3.900751552261334609e+02
3.884706283539548508e+02
3.871644232876744809e+02
3.861280886489156501e+02
3.852820676073203572e+02
3.845407289656452008e+02
3.838240987152665298e+02
3.830999486191201981e+02
3.823664047435561315e+02
3.816746598400658854e+02
3.810723316138062842e+02
3.806154788070699624e+02
3.803471392823984729e+02
3.802793768983720497e+02
3.804133919740470446e+02
3.807188441405116350e+02
3.811339161044145385e+02
3.816110294496092479e+02
3.820993436899726703e+02
3.825475143266552323e+02
3.829167930869223255e+02
3.831734653968656517e+02
3.832916961834396261e+02
3.832643910140550361e+02
3.830779218480118402e+02
3.827406294733803520e+02
3.822544191736214430e+02
3.816293597050501489e+02
3.808790150189036012e+02
3.800114195069200491e+02
3.790422416643225461e+02
3.779804783088309250e+02
3.768385291694269199e+02
3.756266571769333495e+02
3.743547406564832158e+02
3.730324882718057893e+02
3.716691320785598691e+02
3.702732339913208079e+02
3.688531202565770286e+02
3.673856368568144717e+02
3.658664349422033979e+02
3.643569605372229603e+02
3.628610923226946738e+02
3.613830638494347340e+02
3.599255422346383853e+02
3.584902402014139966e+02
3.570791796115343004e+02
3.556923453481406909e+02
3.543307614464611106e+02
3.529939240186146208e+02
3.516814399142777461e+02
3.503930793784028879e+02
3.491274834993649279e+02
3.478844642207542961e+02
3.466627384461344832e+02
3.454616241394148801e+02
3.442805575897822905e+02
3.431185398869334904e+02
3.419754982784889989e+02
3.408507614143817932e+02
3.397442864517243493e+02
3.386561170239367584e+02
3.375861955676485877e+02
3.365353369751670130e+02
3.354841921637190580e+02
3.344541739514410779e+02
3.334458441834584619e+02
3.324601864539274629e+02
3.314981938398820489e+02
3.305605840464489233e+02
3.296488047070913012e+02
3.287633697365455987e+02
3.279058425313307907e+02
3.270769500780067460e+02
3.262776921201244704e+02
3.255093704646297965e+02
3.247722799432668239e+02
3.240679823173526870e+02
3.233966193740522499e+02
3.227592586583336924e+02
3.221565121598667361e+02
3.215886267729343899e+02
3.210567129624417930e+02
3.205606812136353483e+02
3.201016341473836064e+02
3.196799458586957599e+02
3.192962003916868525e+02
3.189496353031149170e+02
3.186468878136268472e+02
3.183790229133236380e+02
3.181464854327622902e+02
3.179500698980594962e+02
3.177909543364344813e+02
3.176694431913642802e+02
3.175871150357742749e+02
3.175441299205045311e+02
3.175414474944583958e+02
3.175795535311925164e+02
3.176581400521962451e+02
3.177780044941622464e+02
3.179379727202954768e+02
3.181384528455587315e+02
3.183784830990268802e+02
3.186575882127050932e+02
3.189758996529628803e+02
3.193320785913874715e+02
3.197271173588366651e+02
3.201600926762880590e+02
3.206317707558634993e+02
3.211428770527460301e+02
3.216933338930774653e+02
3.223080554003993825e+02
3.229974322208277613e+02
3.237248215503493611e+02
3.244961399438751073e+02
3.253222555708599089e+02
3.262210475121942181e+02
3.272291279279601213e+02
3.284103206706994911e+02
3.298976686373473513e+02
3.319915268658675132e+02
3.353688635215993941e+02
3.416748888097085910e+02
3.541007937191461110e+02
3.747727826983903014e+02
3.990014489033570158e+02
4.203760499967439159e+02
4.362949661407047302e+02
4.500383962696838580e+02
4.672776254068886033e+02
4.914123300366264857e+02
5.204545397669353406e+02
5.493272282285753363e+02
5.721301786250545547e+02
5.853740744405610030e+02
5.909232596634379888e+02
5.925091654098780509e+02
5.921437012042306378e+02
5.907904115869778252e+02
5.888213849666888109e+02
5.864430204950309644e+02
5.837757192883472044e+02
5.808972329466716928e+02
5.778759412441986569e+02
5.747528691365931763e+02
5.715691353977836116e+02
5.683503379850949386e+02
5.651181378052696118e+02
5.618884579452575281e+02
5.586715106518608991e+02
5.554766378931778945e+02
5.523079114984851685e+02
5.491700607441168813e+02
5.460641483322229988e+02
5.429917339561355902e+02
5.399531011961192917e+02
5.369476419831530620e+02
5.339758134202610336e+02
5.310361817896990715e+02
5.281835339379217658e+02
5.253300667486236080e+02
5.225104158848777161e+02
5.197244555631453977e+02
5.169715980473853278e+02
5.142520402543399314e+02
5.115652138726629232e+02
5.089112826303637007e+02
5.062898152929643061e+02
5.037007536810685338e+02
5.011438626636921754e+02
4.986186467870033425e+02
4.961252091665964485e+02
4.936627128219427050e+02
4.912313956331875602e+02
4.888305566295654785e+02
4.864600024944620031e+02
4.841196962852543493e+02
4.818089339582934372e+02
4.795281206000890961e+02
4.772765473458901511e+02
4.750543800028088981e+02
4.728615192318387699e+02
4.706975462642047319e+02
4.685230087941444026e+02
4.663415049561600085e+02
4.641886201190325210e+02
4.620637274870169904e+02
4.599663840973909146e+02
4.578963183058456252e+02
4.558525330767643027e+02
4.538347212498089789e+02
4.518417092853860595e+02
4.498726661166368785e+02
4.479265418650304582e+02
4.460017930538662085e+02
4.440973816598104804e+02
4.422114195425239132e+02
4.403424865129422301e+02
4.384888939421683176e+02
4.366486534325617299e+02
4.348204301431191539e+02
4.330022047459733585e+02
4.311926469279401886e+02
4.293903434635520853e+02
4.275938777049620967e+02
4.258026153422062521e+02
4.240154934611342128e+02
4.221947862739015136e+02
4.203509366504987383e+02
4.185117197475867670e+02
4.166777195478559861e+02
4.148494713034892811e+02
4.130280053911672553e+02
4.112141998235152869e+02
4.094092669657334227e+02
4.076142749765786562e+02
4.058303209983254760e+02
4.040586270898933776e+02
4.023000304255640458e+02
4.005556537164549127e+02
3.988261041452007589e+02
3.971120398241704379e+02
3.954141329163954310e+02
3.937325649804658383e+02
3.920679795949960749e+02
3.904205446482414459e+02
3.887906012864299896e+02
3.871788209034633041e+02
3.855858906530365857e+02
3.840134435746518307e+02
3.824641992406281474e+02
3.809734007413360359e+02
3.795303972953612401e+02
3.781450443079344836e+02
3.768462193906156017e+02
3.756931413666399635e+02
3.747759077021550524e+02
3.742700304019255100e+02
3.744188621220229720e+02
3.755404287433866557e+02
3.779218810459540805e+02
3.815037412224723994e+02
3.858480487102949041e+02
3.903091309501508022e+02
3.945213379741130097e+02
3.987039469617685086e+02
4.035178448887040759e+02
4.099599383862604327e+02
4.192379687281767247e+02
4.321150721410289748e+02
4.485388396640011592e+02
4.667864239688651082e+02
4.847958021984884454e+02
5.014465237023945292e+02
5.168027179972173144e+02
5.309980180283342861e+02
5.441244618934694017e+02
5.550973691889257680e+02
5.630896431513726839e+02
5.680674125421179497e+02
5.706115390569361807e+02
5.714183827261456372e+02
5.709415008235075675e+02
5.695620864255200786e+02
5.675131701266232085e+02
5.649750713470094752e+02
5.620878091256324751e+02
5.589682883894931820e+02
5.557182718748913430e+02
5.524332073782863972e+02
5.491890787353229371e+02
5.460591318440366422e+02
5.431167826458568015e+02
5.404824475418000702e+02
5.383896460170591354e+02
5.373744279993780992e+02
5.384220285937841481e+02
5.424942746492820334e+02
5.501075112506140385e+02
5.600146236299017346e+02
5.701754769321057665e+02
5.789153917331705088e+02
5.852695740844358170e+02
5.890188687164617249e+02
5.915198866179964625e+02
5.941561002076472278e+02
5.977425810336566201e+02
6.021450011761143060e+02
6.065061930640196124e+02
6.100173881195814829e+02
6.126262170261193205e+02
6.150497090506823952e+02
6.179060533975491580e+02
6.213718249947370396e+02
6.251086189055367868e+02
6.285227315743812824e+02
6.313755727516893330e+02
6.333818101297320027e+02
6.340692037426720162e+02
6.332228415556784284e+02
6.310132595614002184e+02
6.276846633918040652e+02
6.235572903101846123e+02
6.185364936603058368e+02
6.128592067711621212e+02
6.069664581578263096e+02
6.009533288001366600e+02
5.948917249674739196e+02
5.888218068539478054e+02
5.827729648227864345e+02
5.767644942518146536e+02
5.708081984300298473e+02
5.649146064916536716e+02
5.590891722894791656e+02
5.533369350874738757e+02
5.476618704175145922e+02
5.420652715541660882e+02
5.365504852441018784e+02
5.311172289692200366e+02
5.257674015069389952e+02
5.205011676889629371e+02
5.153178439213418187e+02
5.102190112656815018e+02
5.052025861420732440e+02
5.002701257361769649e+02
4.954203063340116273e+02
4.906528447473023107e+02
4.859709833993124448e+02
4.812241828907745003e+02
4.765740477016810814e+02
4.720194662430469066e+02
4.675632047467762504e+02
4.632085535643977323e+02
4.589621780433614049e+02
4.548382558035651755e+02
4.508590317219638450e+02
4.470688537069082145e+02
4.435301224386377044e+02
4.403553016472679360e+02
4.376496561643955374e+02
4.355074816339289896e+02
4.338707134666366869e+02
4.325152555398628920e+02
4.311469032212293087e+02
4.296191995075839145e+02
4.279419304804962962e+02
4.263003456305794430e+02
4.248920572009157013e+02
4.239803905261908312e+02
4.237750437722214656e+02
4.244581852409874614e+02
4.260743506722693041e+02
4.283996027562123459e+02
4.311903747712821087e+02
4.342568917910461437e+02
4.375347982465689824e+02
4.411427401577699925e+02
4.450605563309495096e+02
4.492091297914955703e+02
4.532585045203941831e+02
4.568048644394730786e+02
4.596394735187844844e+02
4.616580946271783432e+02
4.627063291411724322e+02
4.626999119862933867e+02
4.616858302763529309e+02
4.598982512680183845e+02
4.576321395059586052e+02
4.550865862349791655e+02
4.524115859550981327e+02
4.496806158684829029e+02
4.469323440417556981e+02
4.441893482252075955e+02
4.414596725979514531e+02
4.387546790757759254e+02
4.359246497157785711e+02
4.329702070236932059e+02
4.300828710761078923e+02
4.272703460000847144e+02
4.245455699045074880e+02
4.219142704126052195e+02
4.193848983173450620e+02
4.169630662444522500e+02
4.146509933857748820e+02
4.124546670922271119e+02
4.103711160340946549e+02
4.084021771604083710e+02
4.065417854163451921e+02
4.047820191409952031e+02
4.031142901018661178e+02
4.015230729619809154e+02
3.999944505252042291e+02
3.985135784194538360e+02
3.970645361460253753e+02
3.956369392443200468e+02
3.942202789708987893e+02
3.928067747145123576e+02
3.913950135025534678e+02
3.899796331669080587e+02
3.885901205475194047e+02
3.871433303866597839e+02
3.857030513378620071e+02
3.842729878042028986e+02
3.828534877166836168e+02
3.814494927860197322e+02
3.800614606913693478e+02
3.786924346777606729e+02
3.773439209972901835e+02
3.760167245835344261e+02
3.747128085772394570e+02
3.734316716410784807e+02
3.721745486509086618e+02
3.709406569048753681e+02
3.697298222404923536e+02
3.685414147462405481e+02
3.673740057130677314e+02
3.662269738388500286e+02
3.650982291479272135e+02
3.639866241305666676e+02
3.628903819702472333e+02
3.618079516183786950e+02
3.607379017919082571e+02
3.596787833270358874e+02
3.586446267194753545e+02
3.576022382880519217e+02
3.565657845105977799e+02
3.555354492270268452e+02
3.545121801798336492e+02
3.534968476205933143e+02
3.524919010691002654e+02
3.514995694589533173e+02
3.505234322255286088e+02
3.495679025598406042e+02
3.486378690045342523e+02
3.477400093696400063e+02
3.468827331720802931e+02
3.460771445328819595e+02
3.453399889749712770e+02
3.446976966733254244e+02
3.441904992728240131e+02
3.438940258807684245e+02
3.439261156943119317e+02
3.444954176369562902e+02
3.459411782821867405e+02
3.488270696087082001e+02
3.540462996197481971e+02
3.630111216415405124e+02
3.769804278023392499e+02
3.953046152372228335e+02
4.153185659019893023e+02
4.341794620713006907e+02
4.496756482761865641e+02
4.608574121064224869e+02
4.684583829232217909e+02
4.742693466896511154e+02
4.794937111178745681e+02
4.840555504983195760e+02
4.873063630669178110e+02
4.889930258157099274e+02
4.893090555523307899e+02
4.888767087182191062e+02
4.882337403947050802e+02
4.877738712473137639e+02
4.877736706581171688e+02
4.882885231973463078e+02
4.892519396811384809e+02
4.904621247539379851e+02
4.916462074913129641e+02
4.925339235758767131e+02
4.929823159257006182e+02
4.929136547692782528e+02
4.923030089591938463e+02
4.911645881966888396e+02
4.897740881714877901e+02
4.882362061088405198e+02
4.866039881472447064e+02
4.849358977581166528e+02
4.832718477828402683e+02
4.816520542695913605e+02
4.800915337008814276e+02
4.785881559294689964e+02
4.771039519808735463e+02
4.756018689702611368e+02
4.740388612886275155e+02
4.724117961089503410e+02
4.707430791737616005e+02
4.690701648785394582e+02
4.674582048633263867e+02
4.659528098506388005e+02
4.646050829017956971e+02
4.634501452602813742e+02
4.624981077043261166e+02
4.617535143232230439e+02
4.611966704406927988e+02
4.608013570526303511e+02
4.604777509032277862e+02
4.602878018188702072e+02
4.615868093628747602e+02
4.708667038175880748e+02
5.103420946494127861e+02
5.553648714824959143e+02
5.853103925565151258e+02
6.869342383098851315e+02
7.283434184522536725e+02
7.260381100211255898e+02
7.286220433592061454e+02
7.527174507258833955e+02
7.761298244700075202e+02
7.786527173061617759e+02
7.788700273574961557e+02
7.818549269851955614e+02
7.866760677661156933e+02
7.905855327642035490e+02
7.927312729363490007e+02
7.938223767619907676e+02
7.949037161428328773e+02
7.964634208356566205e+02
7.983955014937798751e+02
8.003998998362513930e+02
8.027621460377375797e+02
8.065138004603994659e+02
8.117723450179418023e+02
8.186520138634476780e+02
8.269910390017242889e+02
8.365468105579685698e+02
8.474968011509779444e+02
8.600662962774254083e+02
8.744013395532208506e+02
8.920383702064001454e+02
9.151078115634146570e+02
9.379410395315234155e+02
9.562968285350599444e+02
9.745429283770935172e+02
9.918430726329323761e+02
1.005814274167777057e+03
1.017845399531938483e+03
1.030605348870347370e+03
1.043682082779794200e+03
1.055796771214894989e+03
1.065662888350113235e+03
1.071748057223835758e+03
1.074389545684531413e+03
1.075296849209058792e+03
1.074908378839795660e+03
1.074550716590951652e+03
1.074775522752633833e+03
1.074860674862370843e+03
1.073840332972944225e+03
1.071564278745100864e+03
1.068487555522164485e+03
1.064615573043798349e+03
1.059595609717318212e+03
1.053127503230222828e+03
1.045174673902841960e+03
1.036049211120895052e+03
1.026027088174943174e+03
1.015456262472915000e+03
1.004554405600413588e+03
9.934902738982775645e+02
9.823868649299099616e+02
9.713091115609186090e+02
9.602841488945289257e+02
9.493024410619146920e+02
9.383124789892018498e+02
9.272809304391253136e+02
9.162079905508364845e+02
9.051595021225007258e+02
8.937472090577774679e+02
8.823178956378063731e+02
8.713343790522283143e+02
8.608854430557644264e+02
8.510219880828707346e+02
8.416195905482084072e+02
8.325875059247334775e+02
8.237825478344396970e+02
8.151235592867367359e+02
8.066180296613736118e+02
7.983455138601369754e+02
7.903718318587822296e+02
7.828137371849330748e+02
7.757669656800575240e+02
7.692311796939729902e+02
7.630739492268371578e+02
7.570887666362065147e+02
7.511863200252473689e+02
7.452084697449574833e+02
7.390091334631630389e+02
7.325692640765640817e+02
7.258934862974612088e+02
7.190125449229440164e+02
7.119668187224851863e+02
7.044885095212989654e+02
6.967181349784772237e+02
6.889458270787084757e+02
6.812259250058924636e+02
6.736072620773535391e+02
6.661058216554450837e+02
6.587036644474219429e+02
6.514190930752579334e+02
6.442683692656248695e+02
6.372661202385760362e+02
6.304239999948126751e+02
6.237278368535055506e+02
6.171536593653984255e+02
6.106556143923688751e+02
6.041921069497614099e+02
5.977323302076883920e+02
5.912772610471137114e+02
5.848403863515217154e+02
5.784541170180069685e+02
5.721326294210176684e+02
5.658380214877998924e+02
5.595909276835435548e+02
5.534477580804561967e+02
5.475050349604138091e+02
5.421175716040137331e+02
5.373548883754733652e+02
5.335688068864504885e+02
5.310026886833604749e+02
5.294522762633102957e+02
5.281095716323366105e+02
5.261220070531220472e+02
5.232338843814814027e+02
5.198564026940483700e+02
5.166249081307826145e+02
5.141948013371434172e+02
5.130515127293175510e+02
5.131987486076720870e+02
5.138880809473212139e+02
5.143826292416749766e+02
5.146836302308006452e+02
5.154785649623125892e+02
5.175981758038780072e+02
5.215774158152630662e+02
5.271220753081329349e+02
5.325505086600607001e+02
5.358129188857379859e+02
5.362798293666517111e+02
5.347748356173940465e+02
5.322327703960687586e+02
5.292050116572597744e+02
5.259743195219697327e+02
5.226836677647487477e+02
5.193683839765433277e+02
5.160251536297672601e+02
5.126302359153352199e+02
5.091693519521341500e+02
5.056397728060874215e+02
5.020392048470365580e+02
4.983900682492736678e+02
4.947012485561544963e+02
4.909949815490351170e+02
4.872848658275624416e+02
4.835821767366093695e+02
4.798997127543528904e+02
4.762411748639744928e+02
4.726160872985728929e+02
4.690272989112469872e+02
4.654811549348033282e+02
4.619840839346836106e+02
4.585409831758146879e+02
4.551629210814818407e+02
4.518543255898466668e+02
4.486021202822507234e+02
4.453489937941106973e+02
4.421931261006687919e+02
4.391352329804819874e+02
4.361666687839930887e+02
4.332818191208141343e+02
4.304668975030240290e+02
4.277127210046932078e+02
4.250087272455094762e+02
4.223501017065489691e+02
4.197344702882155616e+02
4.171614926527862508e+02
4.146341743135981801e+02
4.121508682284556926e+02
4.097125216180220377e+02
4.073136341348259180e+02
4.049507909671286825e+02
4.026178584909867482e+02
4.003097984294856815e+02
3.980250190400435031e+02
3.957607435830576037e+02
3.935210167087839750e+02
3.913062994527857654e+02
3.891224183382950628e+02
3.870364999321907362e+02
3.849835293417684170e+02
3.829724996872168390e+02
3.810034080796747844e+02
3.790778923995677587e+02
3.771943764935848549e+02
3.753504301425620611e+02
3.735432495969663478e+02
3.717680995126767698e+02
3.700214048488808203e+02
3.682976705294384487e+02
3.665932229586090330e+02
3.649036076022241559e+02
3.632258711181642639e+02
3.615578591609606178e+02
3.598978698351217531e+02
3.582460720156538514e+02
3.566025449943421677e+02
3.549693472954995741e+02
3.533485347219022401e+02
3.517429959668281754e+02
3.501556329405236738e+02
3.485898146045303747e+02
3.470486060806791215e+02
3.456304532788963684e+02
3.443934716130746096e+02
3.431865526322478672e+02
3.420100409985320198e+02
3.408624424287908141e+02
3.397423082471863154e+02
3.386463765087768820e+02
3.375721897928208364e+02
3.365163145233905766e+02
3.354768696560935837e+02
3.344526712301489511e+02
3.334436265828341561e+02
3.324522891216873290e+02
3.314817382451044523e+02
3.305388179128265733e+02
3.296327594153128757e+02
3.287767600381489501e+02
3.279929698695341358e+02
3.273126558969500479e+02
3.267887648282430746e+02
3.265068056765883853e+02
3.265902841091292998e+02
3.272442466800219449e+02
3.286688401778077946e+02
3.311577099024737549e+02
3.346344387003790075e+02
3.389742548009201073e+02
3.441640597945238369e+02
3.506022465340522558e+02
3.585710369979064467e+02
3.679967152378360993e+02
3.782429329532607767e+02
3.884818198866113903e+02
3.980326717954502556e+02
4.066562476214125468e+02
4.141731620131383806e+02
4.204879942781462319e+02
4.254730830404338349e+02
4.290174736819677150e+02
4.311881091247221320e+02
4.321619275046409143e+02
4.321606267668437340e+02
4.314451107045080107e+02
4.301936503452099032e+02
4.285687712495754909e+02
4.266801518463641969e+02
4.246270913684985544e+02
4.225649575099525350e+02
4.208951598067311011e+02
4.216784170490122960e+02
4.320830299105290351e+02
4.616757200513054613e+02
5.059156037448670986e+02
5.604421849136235778e+02
6.219891041638928755e+02
7.045848713880409377e+02
7.673372182577596732e+02
7.849076340190603105e+02
7.850272113163587164e+02
7.876166076281132291e+02
7.874373441851606685e+02
7.808389223301028323e+02
7.740306180120830959e+02
7.678858530728103915e+02
7.625784912691212867e+02
7.580805221046820179e+02
7.543004756426818176e+02
7.510217296385203554e+02
7.480502538677734492e+02
7.452571124790410977e+02
7.426115498014095238e+02
7.400694264943346070e+02
7.377291536171853750e+02
7.349620278252248227e+02
7.319937358788291704e+02
7.287727448768486056e+02
7.252436062268869819e+02
7.213714643895626750e+02
7.170827447102630003e+02
7.123831333644283177e+02
7.073166627337927821e+02
7.018970891805948895e+02
6.961842161014982366e+02
6.902429254389593325e+02
6.841217725748423391e+02
6.778707297310055537e+02
6.715284172045090827e+02
6.651249510619234115e+02
6.586919743743364961e+02
6.522540623566779914e+02
6.458333256991373901e+02
6.394531241658808085e+02
6.331288994789466642e+02
6.268780655548771392e+02
6.207127224302043942e+02
6.146435269981285501e+02
6.087838728692048562e+02
6.029074660976237965e+02
5.971548772577486943e+02
5.915295183331911630e+02
5.860369398400337104e+02
5.806801806021829861e+02
5.754608586578788163e+02
5.703814435981412316e+02
5.654393794269416276e+02
5.606339755627694785e+02
5.559599026604714709e+02
5.514105440978410115e+02
5.469797396724134160e+02
5.426569233864295256e+02
5.384344675721141584e+02
5.343037760544839330e+02
5.302550086998194274e+02
5.262849164891127884e+02
5.223850310626077089e+02
5.185537927192592633e+02
5.147875144470142459e+02
5.110821770031329834e+02
5.074387115664508769e+02
5.038507885235071626e+02
5.003454080847507726e+02
4.967652293558218730e+02
4.932306485068681354e+02
4.897362970230896053e+02
4.862742323571682732e+02
4.828383557918692759e+02
4.794211802576035097e+02
4.760163779751122775e+02
4.726184885521021215e+02
4.692240223841314446e+02
4.658293906375287747e+02
4.624351561080342208e+02
4.590408751297677554e+02
4.556493999467630260e+02
4.522649109478827540e+02
4.488906209923462711e+02
4.455338935646606160e+02
4.421991746056644956e+02
4.388938617796851531e+02
4.356252431003674701e+02
4.324007134651969295e+02
4.292387486086996660e+02
4.261954429629086576e+02
4.235930964940029071e+02
4.228382631982192379e+02
4.287940944656879765e+02
4.398115006700909930e+02
4.507116554778583009e+02
4.671610005015826914e+02
4.857620571012960795e+02
5.013011016815488006e+02
5.095062972443814715e+02
5.118243241552972336e+02
5.116678932428733901e+02
5.108633466586963436e+02
5.099790010152626678e+02
5.092971887840949989e+02
5.090174001735724119e+02
5.095763385170615152e+02
5.116293947065997259e+02
5.157823708116428634e+02
5.213607313906796890e+02
5.263788742344773937e+02
5.295621913634984139e+02
5.319132554924591432e+02
5.355273835566753178e+02
5.437502320275624470e+02
5.575189653838917820e+02
5.713192675850808655e+02
5.801758612649957740e+02
5.845488344824829028e+02
5.862545405807970837e+02
5.862769055183453020e+02
5.847104099717001873e+02
5.818892228114491445e+02
5.781702956568821037e+02
5.739513846347219896e+02
5.695235780106091852e+02
5.650819040985860511e+02
5.607992497252320163e+02
5.567837457563267662e+02
5.530723792560449965e+02
5.496421608527128910e+02
5.463559395232828138e+02
5.430734445777998189e+02
5.396734890775016993e+02
5.361259165948321197e+02
5.324529018671335052e+02
5.287419282859700616e+02
5.250864875941572336e+02
5.216021534809503919e+02
5.184286119114891562e+02
5.159684175160722361e+02
5.149152253306914417e+02
5.157813751133711548e+02
5.197748773168984826e+02
5.277775928296700840e+02
5.386706129857626593e+02
5.483469694484657566e+02
5.542570668199153943e+02
5.577408981490874567e+02
5.620350552009238072e+02
5.708514977772268821e+02
5.865238622406855029e+02
6.052574461775983536e+02
6.230948105124115273e+02
6.387611480537607349e+02
6.520153161436850269e+02
6.649252753922033889e+02
6.767167852093130023e+02
6.836696310258290623e+02
6.862819030444918553e+02
6.869853470093445367e+02
6.870759908589585621e+02
6.870344064104890549e+02
6.869813899676404390e+02
6.867955881189880074e+02
6.868243757536588419e+02
6.869168931682456787e+02
6.872512255644431889e+02
6.878738502131541281e+02
6.888789409122050529e+02
6.902888748097311691e+02
6.920126974368056381e+02
6.939176338376951207e+02
6.958238973022490654e+02
6.975377712794579566e+02
6.988765096559720860e+02
6.997392790443692547e+02
7.001183299082388203e+02
7.000271460831809236e+02
6.995638083688498909e+02
6.987775526505381549e+02
6.977504749214605226e+02
6.965500958663047868e+02
6.952400433640752908e+02
6.939097207125245177e+02
6.926539893877234135e+02
6.915595112262594739e+02
6.907028306013766041e+02
6.898099980397103081e+02
6.890259746465764010e+02
6.880298520248948080e+02
6.867813971526898058e+02
6.852748907091507817e+02
6.834957922948401574e+02
6.814278934376750385e+02
6.790447959810977636e+02
6.763546287105183410e+02
6.733531556727643874e+02
6.700153957140299781e+02
6.662848105526034033e+02
6.621728480889960338e+02
6.577156230117413998e+02
6.529520970633200250e+02
6.479494225718584630e+02
6.427634247237176623e+02
6.374629121595027073e+02
6.321069794829145394e+02
6.267549967135300903e+02
6.214586433034692163e+02
6.162678518092066042e+02
6.112220775944415436e+02
6.063566696633508855e+02
6.015573873479569329e+02
5.968620769436904538e+02
5.923763094973691068e+02
5.880750752705026798e+02
5.839291610306024722e+02
5.798981516842727615e+02
5.759384230349332938e+02
5.720164480551297856e+02
5.681055363054982763e+02
5.641920252047646045e+02
5.602759287198065294e+02
5.563623818202786424e+02
5.524653984880511643e+02
5.485981884138680016e+02
5.447745862544492184e+02
5.410039858207952648e+02
5.372919455813857894e+02
5.336379764641130805e+02
5.300353878833407180e+02
5.264750699739057609e+02
5.229433295993736692e+02
5.194268057336796574e+02
5.159148891980514691e+02
5.123987613153141183e+02
5.087124230946811281e+02
5.049603231515190487e+02
5.012135105358657370e+02
4.974797935690182840e+02
4.937659633740026379e+02
4.900813565528616778e+02
4.864338766565795709e+02
4.828328542304092252e+02
4.792848118705524030e+02
4.757976738744410454e+02
4.723764299188537734e+02
4.690257748702605909e+02
4.657502386926065014e+02
4.625508697511879177e+02
4.594312774657788054e+02
4.563910814301029859e+02
4.534310061744824338e+02
4.505517452172763910e+02
4.477509192534242288e+02
4.450303745563214761e+02
4.423872922669065133e+02
4.398216520266311136e+02
4.373333932958472019e+02
4.349193598018351281e+02
4.324959379393853851e+02
4.300291537797070305e+02
4.276401355541163980e+02
4.253244728053588801e+02
4.230770177909083145e+02
4.208948554651141762e+02
4.187721789747071739e+02
4.167070371064569940e+02
4.146966292875392242e+02
4.127412223721579494e+02
4.108412312179402761e+02
4.089986412016078816e+02
4.072157981263225679e+02
4.054946316986769830e+02
4.038393462598548922e+02
4.022495166135311138e+02
4.007283142608335993e+02
3.992746405924136184e+02
3.978876417022544842e+02
3.965676717594343472e+02
3.953096263253195843e+02
3.941129722420924963e+02
3.929718798591961786e+02
3.918818849533535058e+02
3.907932161377294165e+02
3.898104787642281508e+02
3.888498663754025415e+02
3.879017628461816116e+02
3.869574943224121739e+02
3.860081068231094719e+02
3.850436638199261665e+02
3.840540420673415269e+02
3.830310027840690736e+02
3.819662338149715310e+02
3.808530679787455142e+02
3.796893808564927326e+02
3.784705641211513694e+02
3.772004333331782959e+02
3.758802167178251921e+02
3.745154094564533125e+02
3.731144836065873847e+02
3.716821911868216830e+02
3.702302636848189081e+02
3.687648650846272176e+02
3.672956160683812072e+02
3.658306504767895717e+02
3.643754774921010267e+02
3.629375997221742409e+02
3.615125172094935806e+02
3.601457615196014785e+02
3.588102760676090952e+02
3.575094227117377272e+02
3.562467721538562273e+02
3.550237158918029081e+02
3.538421081903839536e+02
3.527024582113371594e+02
3.516050541011179007e+02
3.505493130824840478e+02
3.495348979753193248e+02
3.485599797785156397e+02
3.476237207902444197e+02
3.467237691118821772e+02
3.458580153753498507e+02
3.450248836588812651e+02
3.442207148857724519e+02
3.434448673421923672e+02
3.426935469101000535e+02
3.419657873008683282e+02
3.412594724801326720e+02
3.405727409509885319e+02
3.399054786701748867e+02
3.392552739294583830e+02
3.386243114757957642e+02
3.380382633087785962e+02
3.374680074286777653e+02
3.369138886169471334e+02
3.363775934102010297e+02
3.358607059912047248e+02
3.353648585627205421e+02
3.348930885367255428e+02
3.344461492333784349e+02
3.340276742062351332e+02
3.336378165758094951e+02
3.332788010728045265e+02
3.329511651363963551e+02
3.326544418386218354e+02
3.323889405946236479e+02
3.321521483941834845e+02
3.319427849651545444e+02
3.317576875284814264e+02
3.315940024582367300e+02
3.314482815498146806e+02
3.313175378436689016e+02
3.311986424309980066e+02
3.310918065652682003e+02
3.310070173723935909e+02
3.309909714010008770e+02
3.313328436321238541e+02
3.330732946143889421e+02
3.385503383433091358e+02
3.449075412585184495e+02
3.468528255377886467e+02
3.463970964696015926e+02
3.454500613847164345e+02
3.444588674086858759e+02
3.435150813697508738e+02
3.426444056567859775e+02
3.418746496787313163e+02
3.412852596584493767e+02
3.411401290113433902e+02
3.421535960934640457e+02
3.460654307714553966e+02
3.528609054702497474e+02
3.582559167368725070e+02
3.602372070261540671e+02
3.605885228017638156e+02
3.604305648342223094e+02
3.600578958384209045e+02
3.594933568393923906e+02
3.587539088734515076e+02
3.584584604387017066e+02
3.583047969690373975e+02
3.581865917498778913e+02
3.581442565860559739e+02
3.582023155456845984e+02
3.583648258734593810e+02
3.586140667108448952e+02
3.589194605575676746e+02
3.592399496076458263e+02
3.595350182856786887e+02
3.597615045666906326e+02
3.598983609259475998e+02
3.599231116437460969e+02
3.598369349557810892e+02
3.596447932199129696e+02
3.593558905630513323e+02
3.589897317108228663e+02
3.585579338678567751e+02
3.580789827020204257e+02
3.575651257632234774e+02
3.570304658147745727e+02
3.564857198199803747e+02
3.559434304962179567e+02
3.554126477499323187e+02
3.552810748370368970e+02
3.553250150224364461e+02
3.553828306276966487e+02
3.554661942719677654e+02
3.555812489981871636e+02
3.557408527924636132e+02
3.559519289118649681e+02
3.562282176138231193e+02
3.565820175044788130e+02
3.570290397832660574e+02
3.575935120579061390e+02
3.582956507567277527e+02
3.591775351839033306e+02
3.602766741208840244e+02
3.616908513764373652e+02
3.636813991849062973e+02
3.674005707843701316e+02
3.767639466603073402e+02
4.002395050542161243e+02
4.450123290285777102e+02
5.203198972066302304e+02
5.853063365321621632e+02
6.116057956368470059e+02
6.193616052859781576e+02
6.213895578513081546e+02
6.221398492643841109e+02
6.221094599650801911e+02
6.218166620587188618e+02
6.215915354699498039e+02
6.215880439970209181e+02
6.218501787455445537e+02
6.224515718778895916e+02
6.234359486127262926e+02
6.248651286261384712e+02
6.267337740046943964e+02
6.290841518209917922e+02
6.322244435956237112e+02
6.365441748330658811e+02
6.421643136495944191e+02
6.485369023062328324e+02
6.546290038956432227e+02
6.595241285872479011e+02
6.629230678273696640e+02
6.652829643193550737e+02
6.684789031624375184e+02
6.750869528735610174e+02
6.833018051238958606e+02
6.867785057504340784e+02
6.842971233573391601e+02
6.794437908759770153e+02
6.737744192548361752e+02
6.679801983467294804e+02
6.623148645837693493e+02
6.568499660496327124e+02
6.515792624749462902e+02
6.464552933450218006e+02
6.414238051033241845e+02
6.364579116026933434e+02
6.316046760854470676e+02
6.269454144374598172e+02
6.226612781385305198e+02
6.189395641442540636e+02
6.159518563292439239e+02
6.139135981156783828e+02
6.130091514820212524e+02
6.132897139575610481e+02
6.143181311720768463e+02
6.150642129369676923e+02
6.144001212652146933e+02
6.120384210130537213e+02
6.083381932197622746e+02
6.039033456069563499e+02
5.988603956251579348e+02
5.934092900724059518e+02
5.879542161709731545e+02
5.825569293972595233e+02
5.772447805125104878e+02
5.720152032863840077e+02
5.668489726867484251e+02
5.617193488539697910e+02
5.566084955803016783e+02
5.515039289776489113e+02
5.464086566066669093e+02
5.413353641946583821e+02
5.363000356972759164e+02
5.313269303131337438e+02
5.264384902248934850e+02
5.216578080984828603e+02
5.170090343353691651e+02
5.125162730160379851e+02
5.082028071933872866e+02
5.041007827749558601e+02
5.002360336903198004e+02
4.966483133875991030e+02
4.933748780089208026e+02
4.904530119092323162e+02
4.876900568965084517e+02
4.852117511652189705e+02
4.831804295324577652e+02
4.815850860683979704e+02
4.803885853850293302e+02
4.795332003336833964e+02
4.789139340969471732e+02
4.784144587256795944e+02
4.779215765415315786e+02
4.773384106705865406e+02
4.765980528710085764e+02
4.756789327864565848e+02
4.745614936762394223e+02
4.732582325685781939e+02
4.717702260851299343e+02
4.701071956776670504e+02
4.682831909427135315e+02
4.663062886424874591e+02
4.641984788230549839e+02
4.619744422811770619e+02
4.596559257937266807e+02
4.572619325807461905e+02
4.548105932638836748e+02
4.523194407325636348e+02
4.497128955850741931e+02
4.471795633825191771e+02
4.446342270816792848e+02
4.420886118302212822e+02
4.395507607313421090e+02
4.370306392490795133e+02
4.345341977580306434e+02
4.320710498343698305e+02
4.296532328517294559e+02
4.273092495265152593e+02
4.251384401884594695e+02
4.234375497691934243e+02
4.233195390394138826e+02
4.276141837960832959e+02
4.417775529190174097e+02
4.653090106219241875e+02
4.850118663367748582e+02
4.943340751545044327e+02
4.971316669352016220e+02
4.959669401229057826e+02
4.933913770855360212e+02
4.911314131910462493e+02
4.912236048923112435e+02
4.978879327775927663e+02
5.121399520790805582e+02
5.284631253413110699e+02
5.398964560732824793e+02
5.435401144230030468e+02
5.425870639521607472e+02
5.408772014458403419e+02
5.412747552455681443e+02
5.468043055173466200e+02
5.572006453103527974e+02
5.687413655981220018e+02
5.792132219568154596e+02
5.856733122187481513e+02
5.865269704239232169e+02
5.840697170384280525e+02
5.803425256413829629e+02
5.763002661557882220e+02
5.722201763011009916e+02
5.681854305564412471e+02
5.641833705094943525e+02
5.601726036198396059e+02
5.561079080059341777e+02
5.519763815618130138e+02
5.477819496290838970e+02
5.435624790597464653e+02
5.391757950167616400e+02
5.352625364343113006e+02
5.314662163394215213e+02
5.277985455264198436e+02
5.242797302757093121e+02
5.209229275666193644e+02
5.177353719635239031e+02
5.147274070218071529e+02
5.118909043042690996e+02
5.092247282656796301e+02
5.067093631557711433e+02
5.043312151936223700e+02
5.020676668779905185e+02
4.999004308847239599e+02
4.978136557464856651e+02
4.957868718100983187e+02
4.938116485715507338e+02
4.918656057098784231e+02
4.899421224759202573e+02
4.880181080814567167e+02
4.860817368633605611e+02
4.841113794835918043e+02
4.820867449076425260e+02
4.799871243314472053e+02
4.776949105667292770e+02
4.754687425223063428e+02
4.731574982276436572e+02
4.707755932915759445e+02
4.683339014760119881e+02
4.658531947969767089e+02
4.633512257194233825e+02
4.608453026102004628e+02
4.583536507157420488e+02
4.558865247206105664e+02
4.534555148793838839e+02
4.510632729764739679e+02
4.487117303893103326e+02
4.463980582036371061e+02
4.441190717669261403e+02
4.418732937464234851e+02
4.396574478682146605e+02
4.374745657216495829e+02
4.353236969553072413e+02
4.332086113176885078e+02
4.311298503134073030e+02
4.290876314391804272e+02
4.270812768971658215e+02
4.251060435704462179e+02
4.230691517852214361e+02
4.210583276204596359e+02
4.190976444659349909e+02
4.171929056810198517e+02
4.153536048442444439e+02
4.135905921629794193e+02
4.119158471722587933e+02
4.103443004012194137e+02
4.088881833569427044e+02
4.075623985067460353e+02
4.063760862931388260e+02
4.053378078250271415e+02
4.044501148430540525e+02
4.037097775620848097e+02
4.031108365858766547e+02
4.026412472469469890e+02
4.022844850062701312e+02
4.020270293324508657e+02
4.018470196761257398e+02
4.017315746021379255e+02
4.016624948646982602e+02
4.016271832909105228e+02
4.016180633949200001e+02
4.016254036308375248e+02
4.015719651799979033e+02
4.015561572265376640e+02
4.015716810933099623e+02
4.016245617088858353e+02
4.017180567805640408e+02
4.018457708398028103e+02
4.019932484699224347e+02
4.021388591621876003e+02
4.022580269107642152e+02
4.023325590106547907e+02
4.023548334617798901e+02
4.023220573389934884e+02
4.022509491779630935e+02
4.021531308512125520e+02
4.020489541149886463e+02
4.019543958323057495e+02
4.018771809461538282e+02
4.018210230285191642e+02
4.017785190348328683e+02
4.017345937347033100e+02
4.016731362188049843e+02
4.015765778615955810e+02
4.014329677378958081e+02
4.012464295037631814e+02
4.010691752489598230e+02
4.008860587136117601e+02
4.007515091768163416e+02
4.007109743180488408e+02
4.008347846071008576e+02
4.011615810609283130e+02
4.017254922712397729e+02
4.024967518321952866e+02
4.033968910506716838e+02
4.043023101251893081e+02
4.050892972255366544e+02
4.056524718520784063e+02
4.059467739177126759e+02
4.059565308536868997e+02
4.056911780984106031e+02
4.051800552487638356e+02
4.044427243169182589e+02
4.035137473966893822e+02
4.024153980510577071e+02
4.011731520657667716e+02
3.998090199949409111e+02
3.983416931413672728e+02
3.967893091268983312e+02
3.951671086900774981e+02
3.934557658936471967e+02
3.917746340166356731e+02
3.900566297315285738e+02
3.883142897146783525e+02
3.865622366381147117e+02
3.848180100284363334e+02
3.831089473338434459e+02
3.814815490376131493e+02
3.800286161600644732e+02
3.788952653194086224e+02
3.783440863710444546e+02
3.785634872274598592e+02
3.794618883747849054e+02
3.803845306658342338e+02
3.806498438972677718e+02
3.800477312640541072e+02
3.788901711574302453e+02
3.774653482885082099e+02
3.759834452702864951e+02
3.745629498697437612e+02
3.732622901403723290e+02
3.721208990257062510e+02
3.711652220548506307e+02
3.704088270239585654e+02
3.698927129900393993e+02
3.701055788698316746e+02
3.705750784252113021e+02
3.713158143677421776e+02
3.723559385277498563e+02
3.737574509693985760e+02
3.755950544625100065e+02
3.779410342325876400e+02
3.807588126821917172e+02
3.837731508900459971e+02
3.865951468010681538e+02
3.890724761353581584e+02
3.914979944546502679e+02
3.946177279578472508e+02
3.999174520116382610e+02
4.091534070216204100e+02
4.235560014995173219e+02
4.411738980426935086e+02
4.583206138685918063e+02
4.718842985091920355e+02
4.817414096784967796e+02
4.899222720672973992e+02
4.983514000842281462e+02
5.062719038054519842e+02
5.113241605239736032e+02
5.124270261000810933e+02
5.107912105932861095e+02
5.075889200630188611e+02
5.035832398816217506e+02
4.992194123405653272e+02
4.946877494522515804e+02
4.900755498102210481e+02
4.854245812591731806e+02
4.807754818425078724e+02
4.761541136519583688e+02
4.715830990258558586e+02
4.670796467245906456e+02
4.626515076246524814e+02
4.583092174506921879e+02
4.540547287942604839e+02
4.498928239033567138e+02
4.458256448837167909e+02
4.418536038980753347e+02
4.379804970770084083e+02
4.342053165685493354e+02
4.305322252282696809e+02
4.269623448139734592e+02
4.234990747151790629e+02
4.201145662979072313e+02
4.168508253856517172e+02
4.137185993811813773e+02
4.107260526693689258e+02
4.078908908555497987e+02
4.052304522133890714e+02
4.027667821687531955e+02
4.005296598397728758e+02
3.985424373943936303e+02
3.968414749319914563e+02
3.954469038370378939e+02
3.943807206751648664e+02
3.936540867400331649e+02
3.932557645010898000e+02
3.931751292021020276e+02
3.933724896318046831e+02
3.938032732151832533e+02
3.944193139142691962e+02
3.951553855429702935e+02
3.959599235836262210e+02
3.967797873567745910e+02
3.975673162749309881e+02
3.982966438960268647e+02
3.989484260918489440e+02
3.994333002183206531e+02
3.999164772909272187e+02
4.003661648650264056e+02
4.008180126438489310e+02
4.013166766559879193e+02
4.018931734651496868e+02
4.025858817793159687e+02
4.034274733256859236e+02
4.044409249431084277e+02
4.056560386305853854e+02
4.070901286575831932e+02
4.087489748491262276e+02
4.106294039939240292e+02
4.126848298484705992e+02
4.148587170458693549e+02
4.170740664234823498e+02
4.192656484530219245e+02
4.214086833472282478e+02
4.235480845404482011e+02
4.258330929875309039e+02
4.286223914269801867e+02
4.329355527268194805e+02
4.413591524716691765e+02
4.591584062351869875e+02
4.870518836846961790e+02
5.185189019160494581e+02
5.536562112354572491e+02
5.941288032525428662e+02
6.303530102505500281e+02
6.553755686199205002e+02
6.714601101688925837e+02
6.826013515317940801e+02
6.919714718923198689e+02
7.023178946535476825e+02
7.170158652508264367e+02
7.373987651959716914e+02
7.590016545021073853e+02
7.762632893425700331e+02
7.885356898632817320e+02
7.970352876723186455e+02
8.026929662458915118e+02
8.061787743796198811e+02
8.078110632445823285e+02
8.078960328047588746e+02
8.068363173495067713e+02
8.049863298904962221e+02
8.026187880785311108e+02
7.999164260737863970e+02
7.965480681056920957e+02
7.931299544897116220e+02
7.895578399445046216e+02
7.858593296991627994e+02
7.820600820137057099e+02
7.782066037845208939e+02
7.742835409649413805e+02
7.701944148177179841e+02
7.659613875215758299e+02
7.616663115013363949e+02
7.574137509902293459e+02
7.532696547522456285e+02
7.492064746599875207e+02
7.451781768673599800e+02
7.410511355175874542e+02
7.367625398018064971e+02
7.323164291419094525e+02
7.277271062186930521e+02
7.230479076590673913e+02
7.183541116479740367e+02
7.137610848705127182e+02
7.094082940519512022e+02
7.053592416998199042e+02
7.016775899783945079e+02
6.980379781528968124e+02
6.945002812075415477e+02
6.907945309711393520e+02
6.868486329017538310e+02
6.826179610730760032e+02
6.781078385818125298e+02
6.733266487832825078e+02
6.683057292167816286e+02
6.630879852747009409e+02
6.577098019294287496e+02
6.522208238659559356e+02
6.466581916456490262e+02
6.410616785024265027e+02
6.354630032724927560e+02
6.298912677628906067e+02
6.243695308301257683e+02
6.189182403323530934e+02
6.135539644058768545e+02
6.082888143723663461e+02
6.031372408976978932e+02
5.981055305376139586e+02
5.932057602311340361e+02
5.884433623374619629e+02
5.838244991582287184e+02
5.793086013938467431e+02
5.748868764680703407e+02
5.706154889250772158e+02
5.664866283846474744e+02
5.624946615379568584e+02
5.586316573643747461e+02
5.548839194751925561e+02
5.512441410015773045e+02
5.476962781964348324e+02
5.442307149802286403e+02
5.408338262332387103e+02
5.374930046980889529e+02
5.341962316620250704e+02
5.309296941794425493e+02
5.276812512874533923e+02
5.244357579827914151e+02
5.211805367645041542e+02
5.179009298489971798e+02
5.145869561384438384e+02
5.112273826852695038e+02
5.078159959879693020e+02
5.043486248967575989e+02
5.008238218495678780e+02
4.972455029404887910e+02
4.936453746376857907e+02
4.899934952966564765e+02
4.863163481265330574e+02
4.826246370014899298e+02
4.789291782775381421e+02
4.752389093396304816e+02
4.715648128861858481e+02
4.679147453412028312e+02
4.642976581778701188e+02
4.607214878437951029e+02
4.571927600604224153e+02
4.537187178795389286e+02
4.503058671714165371e+02
4.469615516305215692e+02
4.436948174048583837e+02
4.405182144965909856e+02
4.374467827309230188e+02
4.345043699375507913e+02
4.317195871939877634e+02
4.291237596193089985e+02
4.267491428210627191e+02
4.245855524808504242e+02
4.225874098447834513e+02
4.206430621794012836e+02
4.186614419663963531e+02
4.165470067958289633e+02
4.142685099183601096e+02
4.118498748049505593e+02
4.093488871183994320e+02
4.068076440665025757e+02
4.042589870325917900e+02
4.017266894745070545e+02
3.992224765064870553e+02
3.967562775597506288e+02
3.943330408632497210e+02
3.919560040953987254e+02
3.896285499897870181e+02
3.873524555961313922e+02
3.851306068829135256e+02
3.829667435497027554e+02
3.808648622966620110e+02
3.788331690569655734e+02
3.768831060116222034e+02
3.750345107246645284e+02
3.733261850538430053e+02
3.718110219151230922e+02
3.705865962692725475e+02
3.697456308524987207e+02
3.694413622598625579e+02
3.694726107784886153e+02
3.695090687199024728e+02
3.693256646803432659e+02
3.689832659293104484e+02
3.687964021875806111e+02
3.692176066399777596e+02
3.708591523857895709e+02
3.742735219858673190e+02
3.795841965026165212e+02
3.861276996378733770e+02
3.926878989797861550e+02
3.986460806980823577e+02
4.043949106165424610e+02
4.105328778870893416e+02
4.170279671517104134e+02
4.235753338640994343e+02
4.298479430375185757e+02
4.360873210354753837e+02
4.424558994779912382e+02
4.488347461557066822e+02
4.546766925651708107e+02
4.594192289276348902e+02
4.627134859096513537e+02
4.646269348349401298e+02
4.652004467620276387e+02
4.647548103244683944e+02
4.635781605199517230e+02
4.618674534789132622e+02
4.598115359161339484e+02
4.575246321076569416e+02
4.550970088568590768e+02
4.525877720287662669e+02
4.500362822067687034e+02
4.474704838155107609e+02
4.449081318352259018e+02
4.423619902774851198e+02
4.398395388032531628e+02
4.373469774766973615e+02
4.348866738074871705e+02
4.324615153466922379e+02
4.300724691541136622e+02
4.277199924989035935e+02
4.254054042597707621e+02
4.231282330917197783e+02
4.208898719576741883e+02
4.186907593473924294e+02
4.165318366749679058e+02
4.144737352762929277e+02
4.123366257907823069e+02
4.102507987443744355e+02
4.082165936317309729e+02
4.062351211449658308e+02
4.043073868655492902e+02
4.024333980188073951e+02
4.006141214746979813e+02
3.988483785541934594e+02
3.971359437416433025e+02
3.954747261836211578e+02
3.938625114889238148e+02
3.922962708733651880e+02
3.907715561527091381e+02
3.892843318417838532e+02
3.878287023729499197e+02
3.863990834833819008e+02
3.849890572840609479e+02
3.835920898917523232e+02
3.822018952556322802e+02
3.808121925616975432e+02
3.794169028539482724e+02
3.780111337291566542e+02
3.765901499865096298e+02
3.751500820068548023e+02
3.736679187151872270e+02
3.721608748465546341e+02
3.706301616713577687e+02
3.690766538578240556e+02
3.675027735851687680e+02
3.659127705530856929e+02
3.643097371652514198e+02
3.626999915081610197e+02
3.610886718497995389e+02
3.594822150122668063e+02
3.578884834186192165e+02
3.563132988148138907e+02
3.547653269126546434e+02
3.532511354407551494e+02
3.517778007124566102e+02
3.503534384370997259e+02
3.489838811138658912e+02
3.476799602983963950e+02
3.464523611801591869e+02
3.453187747248733785e+02
3.443062010697454411e+02
3.434437755591879977e+02
3.427771620866270155e+02
3.423175497094096613e+02
3.420436219098563129e+02
3.419381588801712724e+02
3.419089603213404303e+02
3.418354117582359777e+02
3.416296351444692618e+02
3.412329571056435498e+02
3.406512362552979312e+02
3.399129669118706261e+02
3.390557266229218385e+02
3.381249145565521985e+02
3.371478551905051404e+02
3.361536762424323683e+02
3.351583970087819466e+02
3.341754484205451945e+02
3.332142732886257477e+02
3.322801402761887175e+02
3.313788893173085626e+02
3.305123415542712451e+02
3.296832880908983157e+02
3.288925386034113671e+02
3.281403089244625448e+02
3.274271566518404484e+02
3.267513727716753920e+02
3.260882871653838038e+02
3.254058684883204933e+02
3.247569447726939416e+02
3.241417564903980519e+02
3.235635964023107931e+02
3.230306447717979950e+02
3.225635775883690144e+02
3.222032911049604991e+02
3.220448690259330533e+02
3.222353865499059111e+02
3.229620173214597685e+02
3.241684191539538347e+02
3.253807365565875216e+02
3.261636283258644085e+02
3.266607980389709383e+02
3.271714999216493425e+02
3.279489140933318367e+02
3.291054003793640845e+02
3.306808161646821986e+02
3.326782094178253715e+02
3.350588892669339316e+02
3.377997006731148986e+02
3.408999165204846804e+02
3.443900189590037826e+02
3.486227910920672457e+02
3.533361455094599251e+02
3.585753366797207491e+02
3.643131393351253564e+02
3.704833940012770768e+02
3.768685586290151264e+02
3.831231558883047228e+02
3.888128861354059040e+02
3.936352010560112262e+02
3.974677134980527740e+02
4.004477371027130630e+02
4.027821955715914441e+02
4.047069392933451013e+02
4.064247007561508553e+02
4.080768031777103602e+02
4.097471726762377102e+02
4.114372192609462786e+02
4.130976800669668023e+02
4.146299173928031223e+02
4.159306523810579961e+02
4.169441628042351340e+02
4.176384344756426117e+02
4.180419888756945284e+02
4.181941697146502861e+02
4.179604283537200331e+02
4.173288341512063084e+02
4.165877715553196481e+02
4.157732071820741453e+02
4.149198280377104879e+02
4.140522858661106511e+02
4.132045862751149912e+02
4.124076977025274005e+02
4.116839711615710939e+02
4.110637106957562423e+02
4.105395593514335815e+02
4.101018429032939707e+02
4.097112153732961701e+02
4.093168468668648643e+02
4.088686098979025019e+02
4.083291582892312590e+02
4.076723069431552631e+02
4.068975726398354595e+02
4.060067196185235048e+02
4.050079634509513085e+02
4.039131912910978031e+02
4.027238465682960395e+02
4.014504737795114124e+02
4.000946901631776313e+02
3.986118654928361593e+02
3.969200120778398286e+02
3.951670176280554756e+02
3.933626617010210680e+02
3.915104681324015701e+02
3.896167257865933493e+02
3.876872439678034539e+02
3.857257312133617688e+02
3.837385362139748963e+02
3.817305359095227004e+02
3.797065687878695712e+02
3.776733040719124688e+02
3.756357514550953169e+02
3.735997877644522873e+02
3.715715666883853032e+02
3.695553779601710858e+02
3.675576814572785906e+02
3.655820602148052103e+02
3.636333048143727069e+02
3.617152482592655360e+02
3.598306082883399881e+02
3.579832878501676987e+02
3.561747391060134191e+02
3.544081455072611107e+02
3.526547123711287099e+02
3.508287560927435038e+02
3.490606063354362618e+02
3.473503146999581759e+02
3.456992288277880903e+02
3.441072566342072037e+02
3.425748723154395066e+02
3.411025774689624654e+02
3.396900625911178508e+02
3.383380443838252631e+02
3.370463115987039942e+02
3.358150164709718410e+02
3.346445930223579239e+02
3.335346353950336606e+02
3.324858760984395190e+02
3.314981319059814950e+02
3.305713201427368517e+02
3.297060253375390175e+02
3.289012611850287726e+02
3.281575079995683950e+02
3.274735792056267769e+02
3.268484511019573802e+02
3.262813513738435631e+02
3.257693220268360506e+02
3.252742023652541548e+02
3.248722665785911090e+02
3.245211137967133936e+02
3.242160464689795276e+02
3.239519043004566470e+02
3.237245754194713072e+02
3.235285948648414660e+02
3.233605431390371905e+02
3.232160462002908616e+02
3.230921322010635777e+02
3.229864564991124212e+02
3.228967175198494033e+02
3.228223303584163659e+02
3.227618438021695511e+02
3.227152197219321579e+02
3.226822286263991941e+02
3.226627180530457508e+02
3.226574141227217751e+02
3.226658040363389546e+02
3.226882484836257845e+02
3.227246592515467682e+02
3.227743985321558284e+02
3.228377307099132167e+02
3.229132404266543404e+02
3.229550082813794916e+02
3.230603959615211807e+02
3.231746942788975048e+02
3.232971780106514075e+02
3.234258095143708260e+02
3.235609555315575676e+02
3.237023390584465687e+02
3.238520696775379406e+02
3.240156083978968695e+02
3.242001104857098426e+02
3.244240277066747353e+02
3.247088104818370198e+02
3.250975898843049094e+02
3.256522930233924740e+02
3.264664808293748024e+02
3.277335079203042483e+02
3.297528149014237897e+02
3.331516463567575101e+02
3.384060994916752065e+02
3.444245489592252625e+02
3.486936673057579696e+02
3.506977217219283034e+02
3.512817221343134975e+02
3.512815563952795515e+02
3.510400498110555532e+02
3.509635765022256919e+02
3.517717253534751194e+02
3.550331430016333911e+02
3.643032446643653657e+02
3.835930139025894050e+02
4.085508824274889434e+02
4.287450748206765070e+02
4.439399236857479991e+02
4.577884433697481086e+02
4.709535251379726333e+02
4.866774434573007397e+02
5.040700823150361884e+02
5.208691218206851090e+02
5.377644969836238715e+02
5.498765697161812795e+02
5.545721645420389905e+02
5.551513574657303707e+02
5.543018325375030599e+02
5.536843633928672261e+02
5.543666848468914168e+02
5.570017237344135310e+02
5.615858438771816736e+02
5.674907726641411045e+02
5.734538788708299535e+02
5.776342379248208090e+02
5.793814754563582028e+02
5.784974439264700550e+02
5.756384882463020176e+02
5.716481084881008883e+02
5.671237150866001002e+02
5.623582057388509838e+02
5.575163726387885390e+02
5.526955536382137097e+02
5.479895807857520822e+02
5.435870603631748281e+02
5.399838177730943016e+02
5.385330706939290621e+02
5.423888714029972107e+02
5.520266719448895856e+02
5.598956768934041293e+02
5.619642654873491665e+02
5.622427547637164480e+02
5.646761622710117763e+02
5.695414072378108585e+02
5.728620783278173576e+02
5.726110528354849976e+02
5.698764066988272816e+02
5.659147847526091937e+02
5.610393428179629609e+02
5.561188175284432873e+02
5.512758117750436213e+02
5.465546387074368795e+02
5.419661806609989299e+02
5.374290997802654601e+02
5.328460885585553797e+02
5.281604554406700345e+02
5.233821929752239157e+02
5.185564117795178163e+02
5.137375459045445041e+02
5.090045426001257738e+02
5.044754879327279582e+02
5.003769267879051768e+02
4.970515413519785852e+02
4.950796661275115866e+02
4.946968455098825643e+02
4.953835648474092750e+02
4.957275839795428851e+02
4.948303191642489196e+02
4.927191732337964822e+02
4.899735406575804291e+02
4.869897618354501105e+02
4.840985072032514722e+02
4.815992418948758882e+02
4.795004898049079429e+02
4.779002160178723670e+02
4.767481949220658635e+02
4.758918357639909686e+02
4.750078162730251847e+02
4.738033418674869495e+02
4.721049158659853333e+02
4.699372431952583611e+02
4.673938322742870355e+02
4.646404415548154248e+02
4.617974764043261757e+02
4.589682910479771181e+02
4.562369349721300864e+02
4.536705715624734125e+02
4.513536802228402962e+02
4.493808251223708226e+02
4.478806539267738458e+02
4.470255341916029010e+02
4.470009622199030446e+02
4.480156145526099749e+02
4.502568632010951433e+02
4.536462806924587312e+02
4.575886660957621643e+02
4.610806235703940956e+02
4.634240917243322428e+02
4.646646974121433118e+02
4.653846472828010405e+02
4.661565258627128401e+02
4.673954162186682879e+02
4.692932853652496874e+02
4.717214901964706542e+02
4.743444244555070668e+02
4.767150445071314948e+02
4.785398698565830387e+02
4.797048081793469123e+02
4.803189453916019716e+02
4.805100959616232785e+02
4.804049136882545668e+02
4.800781495123381433e+02
4.795577974546081350e+02
4.788525084305779274e+02
4.779504773166704581e+02
4.768619689392510281e+02
4.755979636780614896e+02
4.741897109309294365e+02
4.726803903602926766e+02
4.709898894452673517e+02
4.694549184861882054e+02
4.679612054690570631e+02
4.665506423967387377e+02
4.652640593326697740e+02
4.641239615685847753e+02
4.631517350322886841e+02
4.623510978372362388e+02
4.617065282243162301e+02
4.611955550565543263e+02
4.607695913295212904e+02
4.603769080609015987e+02
4.599597929218471677e+02
4.594651283695284860e+02
4.588481215593720890e+02
4.580837231270305097e+02
4.571500854233667042e+02
4.560500374686971554e+02
4.547874453846677056e+02
4.533708994109611581e+02
4.518190576797996982e+02
4.501404259778706205e+02
4.483551088129372033e+02
4.464759779549056589e+02
4.443957967358255132e+02
4.422903416488376251e+02
4.401243540754246624e+02
4.379150338040462316e+02
4.356735245625582706e+02
4.334115468368447068e+02
4.311398576523662882e+02
4.288657048675898977e+02
4.265976939722253860e+02
4.243413773408215093e+02
4.221018526973701910e+02
4.198832476851980005e+02
4.176885922491425731e+02
4.155203393774237384e+02
4.133805459753475589e+02
4.112702902897873400e+02
4.091906391385445545e+02
4.071421478674951686e+02
4.051248074724546200e+02
4.031389408195552733e+02
4.011839554868780056e+02
3.992596747737076157e+02
3.973655328182173889e+02
3.955007237607537718e+02
3.936298255598788955e+02
3.917887155947090037e+02
3.899733813078219100e+02
3.881824534954288310e+02
3.864144799780492008e+02
3.846682589671568167e+02
3.829423028018962327e+02
3.812355758145511118e+02
3.795469691197561701e+02
3.778757190040166734e+02
3.762214444107387976e+02
3.745839207679559308e+02
3.729638994663758922e+02
3.713623467958564106e+02
3.697823974143453256e+02
3.682318966790807053e+02
3.667561506765546255e+02
3.656848855850625455e+02
3.682208616699314234e+02
3.814525223342799904e+02
3.900473099419038476e+02
3.967150461177205898e+02
4.224635952677007253e+02
4.611242560490636038e+02
4.746737806274951481e+02
4.851996323095254979e+02
5.261664738915268344e+02
6.074573958055419780e+02
6.572546773124927313e+02
6.951260583972754148e+02
7.075224216201623904e+02
7.135591529250294798e+02
7.212125271644571285e+02
7.291031531473131508e+02
7.387183987163294887e+02
7.549499752967865334e+02
7.794754538979459539e+02
8.015639212875588555e+02
8.107634783412503339e+02
8.119066757782081822e+02
8.102726594429799434e+02
8.076522062513977289e+02
8.048487823889857964e+02
8.026058113181574072e+02
8.019355135701654262e+02
8.024419841907989621e+02
8.016319408772779980e+02
7.984430341568555605e+02
7.936202603220347100e+02
7.884087042336916511e+02
7.830351208852634954e+02
7.776808488609832466e+02
7.725002008669436009e+02
7.675902536165850734e+02
7.629764580970025918e+02
7.585425513294359234e+02
7.541825449902760283e+02
7.498914070003125971e+02
7.457123925458082567e+02
7.416322604124439977e+02
7.377193510162856001e+02
7.342023425545369264e+02
7.310996859803429970e+02
7.282831481074924795e+02
7.255431162426892797e+02
7.227120728881503737e+02
7.196568100597577313e+02
7.162795486279011357e+02
7.126627651536675785e+02
7.088877846800921816e+02
7.050435799039241829e+02
7.011547309835096939e+02
6.969331894011016857e+02
6.925697473187960895e+02
6.880433247481943226e+02
6.833832522699659648e+02
6.786232885884397774e+02
6.738009978630789192e+02
6.689612354076755310e+02
6.641567496438871103e+02
6.594521145111503984e+02
6.549310875848110527e+02
6.506672958955941795e+02
6.466646730448528615e+02
6.428580837981317018e+02
6.391106299432672131e+02
6.353485384580952768e+02
6.315323070126543143e+02
6.277364395867798521e+02
6.240175163616821692e+02
6.204209137970447046e+02
6.169476091456905351e+02
6.135496743357408604e+02
6.101711236006524359e+02
6.067650920218235342e+02
6.033241846075148942e+02
5.999180984573996511e+02
5.965866810132635010e+02
5.933467237475817910e+02
5.902699750060876340e+02
5.874190371689547874e+02
5.848639266406653405e+02
5.826733186577486094e+02
5.809303141750764325e+02
5.797214997649748511e+02
5.791381705117971705e+02
5.792237529674852112e+02
5.799677016739607325e+02
5.817146497040388340e+02
5.833399523764691139e+02
5.848682291066537573e+02
5.860410410463057360e+02
5.866403619061441077e+02
5.865452628187946402e+02
5.857059860976719392e+02
5.841520660622378500e+02
5.819884070987574205e+02
5.793305957237329267e+02
5.763236103136556494e+02
5.731098710781158161e+02
5.696661189512099099e+02
5.663284354320448983e+02
5.631160729737251813e+02
5.600857049958775633e+02
5.572688482950417210e+02
5.546417286879043331e+02
5.521573121695229247e+02
5.497521786414977214e+02
5.473660086587767637e+02
5.449454405943213260e+02
5.424748695332802981e+02
5.399322771381578150e+02
5.373243777443246927e+02
5.346500688541866566e+02
5.319095885659245369e+02
5.291099855576477466e+02
5.262453323075591243e+02
5.233187557700607613e+02
5.203271742401962001e+02
5.172643249030868446e+02
5.141285114588102942e+02
5.109121792300386460e+02
5.076101091913373580e+02
5.042191298833938049e+02
5.006386897588106422e+02
4.970148861428879741e+02
4.933071515237057270e+02
4.895280468879172417e+02
4.856930692815323596e+02
4.818179638869448240e+02
4.779198564878304865e+02
4.740163756997004612e+02
4.701245117800137336e+02
4.662663375868581284e+02
4.624795396733330790e+02
4.588527017835201605e+02
4.556611501023146502e+02
4.537627045654758717e+02
4.547289265960497460e+02
4.585800965284568633e+02
4.603828229803567069e+02
4.585829505947020266e+02
4.552515547303816561e+02
4.515367201678304241e+02
4.477877526155000396e+02
4.441148571666225280e+02
4.405851268580292981e+02
4.372798631451452707e+02
4.343391319724357231e+02
4.320639916972756964e+02
4.309945590497319472e+02
4.316030348131462233e+02
4.332301458961118215e+02
4.342356370461424717e+02
4.336304806314420830e+02
4.317068179702480961e+02
4.290749800399443643e+02
4.262407356078415432e+02
4.236168149520881911e+02
4.217086778401905462e+02
4.212938005683653273e+02
4.229867536136738408e+02
4.263005643052157438e+02
4.293267401362632540e+02
4.310718096284330159e+02
4.322531671467870638e+02
4.343050703259008287e+02
4.383345400265621947e+02
4.441934025974248357e+02
4.507641166172484759e+02
4.573531971169033454e+02
4.651154661822330354e+02
4.760049184190105507e+02
4.910824021301887115e+02
5.105625098000688240e+02
5.320289204917871757e+02
5.511346531679494092e+02
5.645572680286727518e+02
5.722286632287695056e+02
5.755388234757792816e+02
5.762501219482109036e+02
5.753762726018832154e+02
5.736117471653578832e+02
5.713165120612655983e+02
5.687090910231634098e+02
5.659317882061138789e+02
5.630704246727231066e+02
5.602004984150586324e+02
5.573687953456510513e+02
5.546226501654996355e+02
5.519896042773181080e+02
5.494930917643034718e+02
5.471437046354084259e+02
5.449386581094455551e+02
5.428691512430184503e+02
5.409072084618308054e+02
5.391072086933437504e+02
5.372640037396246271e+02
5.354145994787313612e+02
5.335221496079001327e+02
5.315707284336928069e+02
5.295380162835851934e+02
5.274178686905332825e+02
5.252113551722306966e+02
5.229233075383480127e+02
5.205765136500632480e+02
5.181858485984432718e+02
5.157818981246336989e+02
5.133860543085247627e+02
5.110235753955654445e+02
5.087171498563951673e+02
5.064827525937731707e+02
5.043394686625018153e+02
5.022918100733085112e+02
5.003477334461132386e+02
4.984956652722574972e+02
4.967212510457742951e+02
4.949974603435264271e+02
4.932910364457142691e+02
4.915665019661573183e+02
4.898239312809309922e+02
4.880044328140915013e+02
4.861064122406431238e+02
4.841294125647269766e+02
4.820727505788295275e+02
4.799539172100401174e+02
4.777925833689788533e+02
4.756158878869073874e+02
4.734580087750578627e+02
4.713514322292530210e+02
4.693294686816274179e+02
4.674214142268391470e+02
4.656482853494812844e+02
4.640204119695945337e+02
4.625391280301789720e+02
4.611875851462795595e+02
4.599406306802192717e+02
4.587616871242884145e+02
4.576056126825612864e+02
4.564283400662129679e+02
4.551868693627014864e+02
4.538413915004890669e+02
4.523679120223022210e+02
4.507454040703541978e+02
4.489651484009589808e+02
4.470496857773920851e+02
4.449852818417776916e+02
4.427896784328563626e+02
4.404778838536639682e+02
4.380691625499342194e+02
4.355829657199965936e+02
4.330357259488011437e+02
4.304452553698034762e+02
4.278256861809070415e+02
4.251896516632043586e+02
4.225484511035460287e+02
4.199109461442935753e+02
4.172845447101889818e+02
4.146758689635886981e+02
4.120889405142186774e+02
4.095281013765342664e+02
4.069957929161155334e+02
4.044937792874854949e+02
4.020239915652386458e+02
3.995864469519895579e+02
3.971822373618999791e+02
3.948110480162785620e+02
3.924728044177533661e+02
3.901607448887175451e+02
3.878233107811716991e+02
3.855195158873512469e+02
3.832484154670087833e+02
3.810096408572248947e+02
3.788027569145094162e+02
3.766271503210780338e+02
3.744828325428009634e+02
3.723692224290621766e+02
3.702864638504540267e+02
3.682342889673249715e+02
3.662126416720800535e+02
3.642216402114244715e+02
3.622609683549067086e+02
3.603310342543070419e+02
3.584315192247055961e+02
3.565627560140620744e+02
3.547247820226999693e+02
3.529176764893737754e+02
3.511422011661250053e+02
3.493987249953097489e+02
3.476893422734904675e+02
3.460166937798069284e+02
3.443872239640619455e+02
3.428084955255597492e+02
3.412971309723613444e+02
3.398992974956628927e+02
3.386749934369991593e+02
3.377244110412438545e+02
3.371595412143693125e+02
3.371495461458446243e+02
3.378982454436257399e+02
3.400181354543187240e+02
3.444908188679979162e+02
3.504024873807438780e+02
3.542641955901552819e+02
3.554551111900873366e+02
3.552147908742350069e+02
3.544856342447046700e+02
3.536026007316165192e+02
3.526820758706402898e+02
3.517661406469813983e+02
3.508701980889461538e+02
3.500028901969406547e+02
3.491702624021177712e+02
3.483817798034181692e+02
3.476514213474516168e+02
3.470102951965988041e+02
3.464459130750574900e+02
3.460045031064806267e+02
3.459117057963397883e+02
3.462842949397547727e+02
3.471286109860923830e+02
3.482138540366059374e+02
3.491727607091686423e+02
3.497669790729772785e+02
3.499518004159822340e+02
3.498215637153249418e+02
3.494898228359728023e+02
3.490298952735320199e+02
3.485002674014310742e+02
3.479274360671477098e+02
3.473319615189627143e+02
3.467251938393996511e+02
3.461173335753012452e+02
3.455172135403352058e+02
3.449344100506812083e+02
3.443817782874986619e+02
3.438717406351972272e+02
3.434262392075298180e+02
3.430634128238558560e+02
3.428109145123150938e+02
3.426239645010501249e+02
3.424629191704275968e+02
3.424770015270664771e+02
3.426460153924743963e+02
3.429397877906577037e+02
3.432945802017472374e+02
3.436406949150230616e+02
3.439059644570133401e+02
3.440478330523060322e+02
3.440358709745054853e+02
3.438762397939152606e+02
3.435829421205848462e+02
3.431776687199363209e+02
3.426891269932954174e+02
3.421350602645589447e+02
3.415395666332466931e+02
3.409162579478031603e+02
3.402795180490862776e+02
3.396395619009595634e+02
3.390053811139350159e+02
3.383849141081896619e+02
3.377840793261831323e+02
3.372092487269718504e+02
3.366637261384937574e+02
3.360766946178407579e+02
3.354543219892371440e+02
3.348850333929756857e+02
3.343702295113796481e+02
3.339101649041165274e+02
3.335056195662374421e+02
3.331538953757893182e+02
3.328538685483149493e+02
3.326013126144275134e+02
3.323922348691130537e+02
3.322216612694812170e+02
3.320827591663598355e+02
3.319699172062910293e+02
3.318751037743645611e+02
3.317923287117418454e+02
3.317139489211108412e+02
3.316342212213751282e+02
3.315473527070704449e+02
3.314484964941836438e+02
3.313354305238185589e+02
3.312047241369965604e+02
3.310571187564129900e+02
3.308914778213639352e+02
3.307098389453711320e+02
3.305074416513452320e+02
3.305311375135154890e+02
3.305349321755351184e+02
3.305208238028959045e+02
3.304937499322018652e+02
3.304570465803098500e+02
3.304138720051759606e+02
3.303687067326286524e+02
3.303231613034233760e+02
3.302810387313501224e+02
3.302440231389668384e+02
3.302140068993869022e+02
3.301935988097860104e+02
3.301832652567861146e+02
3.301855840943831595e+02
3.302014299449219266e+02
3.302329093500486010e+02
3.302826475916653521e+02
3.303534521030330211e+02
3.304496514396505518e+02
3.305760164952035893e+02
3.307388929341133803e+02
3.309446776245293904e+02
3.312009149267772159e+02
3.315139801968881557e+02
3.319450683923095653e+02
3.324261354582960735e+02
3.329550853461012139e+02
3.335420323033288810e+02
3.342498149830159946e+02
3.353633438426707585e+02
3.376766018376621332e+02
3.426645656345925772e+02
3.500172134920977669e+02
3.565856387743319260e+02
3.620750541118414958e+02
3.669212001281938456e+02
3.696196024054754616e+02
3.710170578825965322e+02
3.719397056408184312e+02
3.726875430106293834e+02
3.733398943689646217e+02
3.739185845900395293e+02
3.744316696662136792e+02
3.748827414039463406e+02
3.752731162137332035e+02
3.756038387050949723e+02
3.758762263584391690e+02
3.760081008640844971e+02
3.758609021892463034e+02
3.756634015040613122e+02
3.754229686193446014e+02
3.751500044026710157e+02
3.748576042843055234e+02
3.745706987699942374e+02
3.743228635706504974e+02
3.741790405303962643e+02
3.742507312372726460e+02
3.747095466226660392e+02
3.758457230158923039e+02
3.778967694912569186e+02
3.809779770751405295e+02
3.848476221673938085e+02
3.892516778056277644e+02
3.945057546874257923e+02
4.011805220663596288e+02
4.093152097571866648e+02
4.173065679904067338e+02
4.232354204844666015e+02
4.266955302840414674e+02
4.285729102269677924e+02
4.295593462662468482e+02
4.298789216284972099e+02
4.305734387722853853e+02
4.311561638187151857e+02
4.316306529176785034e+02
4.320963452001194582e+02
4.326455428459648260e+02
4.333710662112305272e+02
4.343091230602155406e+02
4.354567109112013554e+02
4.367561689676032302e+02
4.381420082270886383e+02
4.395979807817024039e+02
4.411872624785306698e+02
4.430674476064235705e+02
4.456541500930562165e+02
4.495784408074471798e+02
4.560303156400352691e+02
4.657644053013164012e+02
4.783056057945484554e+02
4.910520239560969458e+02
5.001980377508841684e+02
5.043535776722798687e+02
5.054757838265867349e+02
5.051404016773268495e+02
5.038856777142230499e+02
5.018918929280156931e+02
4.999699900344398884e+02
4.982119679724602861e+02
4.965614058317413537e+02
4.950074806462773154e+02
4.936024500068398879e+02
4.924296890501535700e+02
4.915535089919006282e+02
4.909357581462094799e+02
4.907188673986134972e+02
4.909663019179204184e+02
4.916080697085567977e+02
4.922632613405115194e+02
4.924758554578864391e+02
4.919640247676377953e+02
4.907709660792019122e+02
4.890388292721019070e+02
4.869697318192780813e+02
4.846928115698651141e+02
4.823007085701643177e+02
4.798603194903932376e+02
4.774177600129086727e+02
4.750208355355774188e+02
4.724065288883437006e+02
4.700450197938936867e+02
4.678888297366848974e+02
4.659803540471858696e+02
4.643370706690399743e+02
4.629525887452016377e+02
4.617716830803908579e+02
4.607511548678271538e+02
4.598571555051782411e+02
4.591368759219149638e+02
4.586573551898987944e+02
4.585533132246100081e+02
4.589326174003510914e+02
4.598544866975773289e+02
4.613011148140976161e+02
4.631308811752320480e+02
4.651217212227481355e+02
4.670349800801604943e+02
4.686709073057763248e+02
4.699143060934943605e+02
4.707349192644626896e+02
4.711364657308502046e+02
4.711644695575437254e+02
4.708641330769014530e+02
4.700485554237046131e+02
4.690476937151630636e+02
4.678656835101197089e+02
4.665393868855759365e+02
4.651098338788468141e+02
4.635980963936780199e+02
4.620178242365357164e+02
4.603779334209056628e+02
4.586805433977938833e+02
4.569420666003694009e+02
4.552334516850904151e+02
4.540894602789839496e+02
4.561639610676625693e+02
4.674859635833329321e+02
4.781612055880058847e+02
4.796210899147826581e+02
4.781478100857277695e+02
4.764303729384042754e+02
4.754448250263535556e+02
4.772348641510477592e+02
4.859917529083834893e+02
5.073478720827052371e+02
5.409917824545931353e+02
5.676590121051442566e+02
5.761577907809991075e+02
5.767911657152055795e+02
5.757745181192694872e+02
5.759320572129734046e+02
5.792258498872480459e+02
5.871457452206024072e+02
5.973800950874456248e+02
6.046215395275058881e+02
6.062833854820577244e+02
6.040403015258148116e+02
6.000238994799368584e+02
5.952884268569084725e+02
5.902059121382562807e+02
5.849368266156318441e+02
5.795628570556112891e+02
5.741352743378473633e+02
5.686917013318097815e+02
5.632609849902846690e+02
5.578630961809587916e+02
5.525169214049766424e+02
5.472326751616790261e+02
5.420224537128648308e+02
5.368935567605921051e+02
5.318526639361474508e+02
5.271995724854951959e+02
5.229190884549228713e+02
5.187375191918001747e+02
5.146584678048104706e+02
5.106931198027243113e+02
5.068540038642839249e+02
5.031577965792769760e+02
4.996379012336526557e+02
4.963262899420227541e+02
4.932877552802085006e+02
4.905810641119334718e+02
4.882747029938220180e+02
4.864116386159810759e+02
4.849433279100498453e+02
4.837445371455051486e+02
4.825844413480689354e+02
4.812369468425829950e+02
4.795532118336129201e+02
4.774997372239196807e+02
4.750988544515399212e+02
4.724425593217252981e+02
4.695953137988839785e+02
4.666258761636629515e+02
4.635801126626039945e+02
4.603799360301265438e+02
4.571927883930483745e+02
4.540180011816452179e+02
4.508685950556276225e+02
4.477522658031838318e+02
4.446751332478419272e+02
4.416409120766156775e+02
4.386529303455975537e+02
4.357128255626947180e+02
4.328225702982421126e+02
4.299828983828909372e+02
4.271941531575757267e+02
4.244572516426637776e+02
4.217713405330758292e+02
4.191372080261457995e+02
4.165538481348651203e+02
4.140209943475945806e+02
4.115382975710503501e+02
4.091043583959639705e+02
4.067191885825276358e+02
4.043810390083364155e+02
4.020894332775090447e+02
3.998431329633293672e+02
3.976406660101879993e+02
3.953475509763974856e+02
3.930765153782685957e+02
3.908516840514616888e+02
3.886718520990617094e+02
3.865364596623481361e+02
3.844451276505060378e+02
3.823966174560853801e+02
3.803911032731568298e+02
3.784273236637104674e+02
3.765051329130565705e+02
3.746239886847857861e+02
3.727829785299123841e+02
3.709822627466876384e+02
3.692205853091435870e+02
3.674979727963980736e+02
3.658137274731115554e+02
3.641670323177823434e+02
3.625579763148294887e+02
3.609851081931020076e+02
3.594485031566297266e+02
3.579470869023661521e+02
3.564800812273203974e+02
3.550474005661183128e+02
3.536473721145277409e+02
3.522344511439007420e+02
3.508549379447583192e+02
3.495155879975445714e+02
3.482173132232944681e+02
3.469594123925567146e+02
3.457436077828825773e+02
3.445690178686458012e+02
3.434364958358439139e+02
3.423464569742319554e+02
3.412979756181118205e+02
3.402925135346016532e+02
3.393280233202025897e+02
3.384048504623979170e+02
3.375215435970633280e+02
3.366761941419300115e+02
3.358681277211246652e+02
3.350938392440891676e+02
3.343520254775129388e+02
3.336397186280539131e+02
3.329552533606301949e+02
3.322970619168729058e+02
3.316648543182021740e+02
3.310591727743715751e+02
3.304822151487156248e+02
3.299456707189806934e+02
3.294651839088605243e+02
3.290429277967782582e+02
3.286863056036612534e+02
3.284069433765544090e+02
3.282144831817063846e+02
3.281197296320860346e+02
3.281351822642857883e+02
3.282701878041989403e+02
3.285388153177256640e+02
3.289511917209371177e+02
3.295203047494023281e+02
3.302605329533949998e+02
3.311845989051823835e+02
3.323141969603422012e+02
3.336678333195592927e+02
3.352807840205099978e+02
3.371919912506511423e+02
3.394649067428191529e+02
3.421940965087796940e+02
3.454976014811942377e+02
3.495752683814679358e+02
3.546076915111736980e+02
3.608394954644707582e+02
3.684796383612214754e+02
3.773618908728533938e+02
3.871391415165716694e+02
3.972713663554722530e+02
4.071831886678737078e+02
4.165061823138787531e+02
4.249643742569506344e+02
4.324470437570385570e+02
4.389236448148033105e+02
4.443574659171423491e+02
4.488326272838166915e+02
4.524287751430832714e+02
4.552662001682792834e+02
4.574721240096671977e+02
4.591333999352170849e+02
4.603418582121568647e+02
4.611636463062625353e+02
4.616574192560186702e+02
4.618835577668003793e+02
4.618854996017543044e+02
4.617056983936150800e+02
4.613727046286605855e+02
4.609042577684323874e+02
4.603164007679434917e+02
4.595589274720604180e+02
4.586694092167212489e+02
4.577195326238085613e+02
4.567741546581196985e+02
4.559657365351093290e+02
4.554518440019605237e+02
4.554733346140405388e+02
4.562446124847671172e+02
4.578367372486552540e+02
4.601134815280764201e+02
4.626600951554908079e+02
4.650613076125766270e+02
4.670294905707562521e+02
4.685204413682852191e+02
4.696952902506433247e+02
4.708924675869332077e+02
4.724956484761422644e+02
4.756615323952599965e+02
4.800719789305579752e+02
4.836120646250435584e+02
4.862601067861482989e+02
4.874994556873707552e+02
4.873517161141033966e+02
4.861403866136343481e+02
4.840238844213531024e+02
4.814775719874933770e+02
4.787285905343784407e+02
4.759196040452752641e+02
4.731320153714310095e+02
4.704243241433380263e+02
4.678206744624832822e+02
4.653382164829560566e+02
4.629674149200325246e+02
4.606858012112699612e+02
4.584589289808096169e+02
4.562447079790802036e+02
4.540086926762703570e+02
4.517261877866459372e+02
4.493917657455713197e+02
4.470074789042005250e+02
4.445937706754987175e+02
4.421672847752162170e+02
4.397525896036064523e+02
4.373696470477040634e+02
4.350350144618913646e+02
4.327648983904359739e+02
4.305673432344747198e+02
4.284502048486848480e+02
4.263394910966867997e+02
4.242887355581251541e+02
4.223159861295748669e+02
4.204126053907617120e+02
4.185680962549727724e+02
4.167738864366530720e+02
4.150180166817279428e+02
4.132932686571188015e+02
4.115918380092555822e+02
4.099087452975639394e+02
4.082447315644389505e+02
4.066028220148666037e+02
4.049971768939492449e+02
4.034519899737626929e+02
4.020102321903310667e+02
4.007386345160206247e+02
3.997373288041388832e+02
3.991435901092789891e+02
3.991178671965016633e+02
3.998667385978278048e+02
4.015340942737289538e+02
4.042125529239903017e+02
4.077471244446144851e+02
4.117903598525912798e+02
4.159625340570194112e+02
4.205410963828983313e+02
4.255657123432457638e+02
4.312085507071896018e+02
4.374191171319542377e+02
4.438621449045873533e+02
4.500865997224491366e+02
4.556252566383199110e+02
4.601617951385373999e+02
4.634547200493233845e+02
4.655087901506888670e+02
4.664962814068887837e+02
4.666378841205032018e+02
4.661777501884452590e+02
4.652842117774702047e+02
4.640979779313971676e+02
4.627050387710435189e+02
4.611675232737662782e+02
4.595263785023291234e+02
4.578065832249403115e+02
4.560308350134353645e+02
4.542140590021820685e+02
4.523750427967474366e+02
4.505287356305047410e+02
4.486834558159412722e+02
4.468597625598319496e+02
4.450759610103031605e+02
4.433303901184955862e+02
4.416083352197370573e+02
4.398934134900073900e+02
4.381606007469231940e+02
4.363840790110190255e+02
4.345380740414555021e+02
4.326083334753810163e+02
4.305869185129823222e+02
4.284788849128017318e+02
4.262950589779831603e+02
4.240481602752697654e+02
4.217544224832117834e+02
4.194255495054578091e+02
4.170741718478523126e+02
4.147094189452636783e+02
4.123391756267279220e+02
4.099705035484257678e+02
4.076083357996579934e+02
4.052581570554465316e+02
4.029236194860496312e+02
4.006087019735255126e+02
3.984886242044860296e+02
3.964362912463644761e+02
3.944159192153031199e+02
3.924291367252311602e+02
3.904781640519751704e+02
3.885647120072154053e+02
3.866903490709458993e+02
3.848577568008797130e+02
3.830697373625495743e+02
3.813344753880760436e+02
3.796690589365808819e+02
3.781253126937156139e+02
3.768283397368713850e+02
3.761252813271332798e+02
3.768148890803119002e+02
3.803143008773371321e+02
3.881768912951556558e+02
3.998254300016708953e+02
4.133138042296610024e+02
4.272189025523520058e+02
4.404937029782451532e+02
4.523754407190079974e+02
4.630606327499515942e+02
4.733394164759329215e+02
4.827069498518511068e+02
4.913896488594316452e+02
5.008493111097135966e+02
5.099017383986807772e+02
5.149681950724783519e+02
5.159743480098985629e+02
5.155075676555954942e+02
5.158764110809346448e+02
5.195906342365467481e+02
5.280101875375271447e+02
5.388604807004658142e+02
5.458783927501131075e+02
5.465175097257715606e+02
5.436839627153824495e+02
5.398057542166634448e+02
5.360042196522653057e+02
5.327499035123097428e+02
5.294734072179870736e+02
5.252741471925354517e+02
5.204655013608045238e+02
5.155155666286649421e+02
5.106214748123582581e+02
5.058333770871806223e+02
5.011663605121788123e+02
4.969396508311824618e+02
4.929020308878567107e+02
4.889949433052941572e+02
4.852182133547831882e+02
4.815727689364997559e+02
4.780596785827262920e+02
4.746769833993832322e+02
4.714261326077893273e+02
4.683038068196853487e+02
4.653099741179469788e+02
4.624414056442185483e+02
4.596951185930859651e+02
4.570682847187696893e+02
4.545550440076046925e+02
4.521519337838967090e+02
4.498514617425265669e+02
4.476477377915904867e+02
4.455328095579106957e+02
4.434980223908398784e+02
4.415349543156804657e+02
4.396335031699964020e+02
4.377842451577934639e+02
4.359775801612455552e+02
4.342036563803467288e+02
4.325507676493079998e+02
4.309431485636000616e+02
4.293430127147937583e+02
4.277455706200348686e+02
4.261460464570543536e+02
4.245422596696806750e+02
4.229329642452918847e+02
4.213181364856920936e+02
4.196996128028068256e+02
4.180795813445019462e+02
4.164615798138022456e+02
4.148496502615550980e+02
4.132483966206085597e+02
4.116624881663531141e+02
4.100972259479226523e+02
4.085571347062218024e+02
4.070472919411506041e+02
4.055721862182637665e+02
4.041355758477189966e+02
4.027417389169233957e+02
4.013929571430641090e+02
4.000924915582673407e+02
3.988416067043447697e+02
3.976412872833957977e+02
3.964999368066061152e+02
3.953673708369506130e+02
3.942864041796384527e+02
3.932542725493693752e+02
3.922674182810272896e+02
3.913218824969985121e+02
3.904118149727057698e+02
3.895315124063691883e+02
3.886746081265209796e+02
3.878340578349299221e+02
3.870038609277963815e+02
3.861771917192695582e+02
3.853486759701624464e+02
3.845134018107381735e+02
3.836670825666544147e+02
3.828073363872556456e+02
3.819318170547588807e+02
3.810400896080971052e+02
3.801320233529168604e+02
3.792085412361763588e+02
3.782710723021347121e+02
3.773214169041615946e+02
3.763615618458629228e+02
3.753935965236429411e+02
3.743807658230376774e+02
3.733416290527201227e+02
3.722985771255829945e+02
3.712526454577247819e+02
3.702049596740928337e+02
3.691563010918431473e+02
3.681068229388570217e+02
3.670572065959364636e+02
3.660071601071860528e+02
3.649571092871408950e+02
3.639068930820469632e+02
3.628566629833755997e+02
3.618067886880011201e+02
3.607572737487784025e+02
3.597089593048149823e+02
3.586620673294013955e+02
3.576176846222088557e+02
3.565766241528592104e+02
3.555401153091324886e+02
3.545098013051058388e+02
3.534873457150731610e+02
3.524759797754031183e+02
3.514794627434210383e+02
3.505071132787603574e+02
3.495767268312886813e+02
3.486974579944854327e+02
3.479886407536043293e+02
3.476554892482928949e+02
3.481518616996693822e+02
3.500792594813697178e+02
3.539403833452983577e+02
3.593221157191737234e+02
3.656014734662858814e+02
3.720847074920717432e+02
3.776089187776190670e+02
3.814867842456877725e+02
3.842057366132200968e+02
3.863733155222585651e+02
3.886934398616346016e+02
3.918050540937828146e+02
3.962321254748643469e+02
4.023732188265792615e+02
4.100944281352093412e+02
4.188957757687010712e+02
4.277861547418728492e+02
4.358532838708542840e+02
4.424229510400767253e+02
4.474486977416669902e+02
4.508469330809805911e+02
4.532519141059850654e+02
4.548296336403518012e+02
4.557670458664888429e+02
4.561396842181747502e+02
4.560089887776735509e+02
4.554515775535253965e+02
4.545217312799297815e+02
4.533056617494054876e+02
4.518732939660603165e+02
4.502905823630744635e+02
4.486166387086266241e+02
4.468951893802554878e+02
4.451598329173650086e+02
4.434356205029120588e+02
4.417377178491777272e+02
4.400771045417844789e+02
4.384600894816581445e+02
4.368892824397507866e+02
4.353669768407068545e+02
4.338933798696583608e+02
4.324707882522579894e+02
4.311040238528128725e+02
4.298022342037339740e+02
4.285153747316819022e+02
4.273677177189767349e+02
4.263789260417087803e+02
4.256276870836779267e+02
4.251805675805525198e+02
4.251063843903076531e+02
4.253712015576869589e+02
4.258716230395554021e+02
4.264887014820957347e+02
4.272389241426243416e+02
4.283144868516179145e+02
4.298302667054239805e+02
4.316113015220610123e+02
4.330906064562524875e+02
4.338299713250257810e+02
4.337780544741286803e+02
4.332597042814019233e+02
4.326208746831840131e+02
4.321479846969078267e+02
4.320157539318420277e+02
4.322276469909753018e+02
4.326649656737558303e+02
4.331655479762260370e+02
4.337101210828146804e+02
4.345321162912355817e+02
4.360111988517706436e+02
4.389782036945500749e+02
4.442428981765203844e+02
4.525737045347255503e+02
4.636757566933916905e+02
4.763523384130066347e+02
4.892411377467116722e+02
5.017731021748508624e+02
5.136994957192607671e+02
5.245008368180482421e+02
5.324755087752408826e+02
5.363940199206817852e+02
5.370158814633729207e+02
5.355909514401107572e+02
5.332302834541992524e+02
5.306188104884140557e+02
5.284627339757810205e+02
5.280385680393670782e+02
5.314431338269216667e+02
5.369521131309355724e+02
5.391047460119694961e+02
5.383395160436343758e+02
5.362498476703302686e+02
5.335906581465445697e+02
5.316137892165100993e+02
5.311998644593774088e+02
5.341211768088038525e+02
5.408108681311045984e+02
5.469365293772867744e+02
5.508809859129578399e+02
5.554860528480860467e+02
5.613939238280102018e+02
5.657422102604348311e+02
5.669312415125241387e+02
5.657634401290069945e+02
5.635174599120589392e+02
5.608824333905404274e+02
5.582231327299841723e+02
5.557659362766851245e+02
5.537039710193854489e+02
5.521914296881531072e+02
5.513315390225661758e+02
5.511491079802343620e+02
5.514957761133523491e+02
5.521332485759987776e+02
5.527711894060475970e+02
5.532036831513103152e+02
5.531648459366185762e+02
5.527229922897263350e+02
5.523101323370956379e+02
5.521178666467604899e+02
5.522568702180112723e+02
5.528311452883367565e+02
5.538477379196065158e+02
5.552602574093509702e+02
5.568438557981556869e+02
5.582434300921393060e+02
5.591200823336359917e+02
5.593798416829778262e+02
5.592131086214644711e+02
5.590238435469664182e+02
5.586844186649955191e+02
5.576823275487702176e+02
5.559840939950129268e+02
5.541907218544712350e+02
5.532230659353716646e+02
5.545489559037038134e+02
5.598464345459398146e+02
5.699078570230449259e+02
5.823915111140108820e+02
5.945241392462434078e+02
6.046048676948927323e+02
6.125424648951006930e+02
6.179250837828141130e+02
6.209564834399199071e+02
6.223424674754086254e+02
6.229586285801244685e+02
6.230131931179851108e+02
6.222557195660050411e+02
6.204912007114244261e+02
6.177057861482027192e+02
6.141380824002113741e+02
6.100411089780535576e+02
6.056317981207550929e+02
6.010873993190398323e+02
5.965347040042054232e+02
5.920729717747602763e+02
5.877800332877867504e+02
5.837182924734627250e+02
5.799216508209007088e+02
5.764265592177025610e+02
5.732234566345973690e+02
5.703017194203140434e+02
5.676299050942536724e+02
5.651547613351423252e+02
5.625317466110022906e+02
5.598098826793947183e+02
5.571021626838644352e+02
5.543337455115409966e+02
5.514423453111487561e+02
5.483838797446852595e+02
5.451668512794244634e+02
5.418178864261803938e+02
5.383815477667581035e+02
5.349105705196319605e+02
5.314442648472798965e+02
5.280317683488718785e+02
5.247136907683112668e+02
5.215451790976578650e+02
5.185775054625549956e+02
5.158620371672747069e+02
5.134314232841690000e+02
5.112638367158317010e+02
5.092938611045246944e+02
5.074065745553946272e+02
5.054886419158790432e+02
5.034527622855649724e+02
5.012681066594890353e+02
4.989176121065444818e+02
4.963113982394904156e+02
4.931116256527002975e+02
4.898713714455028025e+02
4.866369009442881861e+02
4.834754876090216271e+02
4.805678309264841914e+02
4.782698176620698405e+02
4.772367264307472396e+02
4.781693104772738820e+02
4.802762461500676068e+02
4.814462250624199555e+02
4.810636045016271396e+02
4.801922024190795923e+02
4.799362236839200477e+02
4.807326480819818357e+02
4.839208868778923716e+02
4.912260841194499221e+02
4.987287445322366466e+02
5.042870313015164925e+02
5.100024605429135249e+02
5.153983829554150589e+02
5.202733906555505428e+02
5.266070794005947846e+02
5.337946670953148214e+02
5.387395388283449620e+02
5.403715153854733444e+02
5.407415162690851957e+02
5.417373686652811102e+02
5.444579670086296801e+02
5.487739969415608812e+02
5.531855209639302302e+02
5.564948686515065219e+02
5.592434644202966183e+02
5.621065544126367968e+02
5.651132348540404564e+02
5.675267317727897307e+02
5.688157695492903940e+02
5.688477903463150369e+02
5.677845142869526853e+02
5.659091035449172296e+02
5.635209347768876569e+02
5.607943069341811224e+02
5.578191952873613673e+02
5.545983911086591434e+02
5.511221633879359842e+02
5.474000069715631298e+02
5.434492873201787688e+02
5.393244973344877735e+02
5.352779735936334191e+02
5.313774791146788630e+02
5.274160343114689340e+02
5.234190215877761148e+02
5.194111790214186613e+02
5.154063251129975924e+02
5.114185075374588223e+02
5.074587734548665594e+02
5.035338031892658819e+02
4.996536225662679271e+02
4.958220563390466964e+02
4.920457466459185980e+02
4.883289815916647854e+02
4.846736983450572893e+02
4.810841116248183766e+02
4.775594702808496095e+02
4.741013938270024823e+02
4.707093481189629642e+02
4.673817049473423708e+02
4.641180248548275813e+02
4.609153208282727405e+02
4.577719090046329029e+02
4.546856885984567498e+02
4.516535992113678617e+02
4.486110062101768108e+02
4.456519655997423683e+02
4.427359768214714109e+02
4.398613555523644436e+02
4.370260738948448420e+02
4.342298946155547128e+02
4.314710508031209315e+02
4.287499101805829582e+02
4.260656852854206704e+02
4.234185087620971899e+02
4.208090055742530922e+02
4.182369672807961933e+02
4.157038962899275134e+02
4.132095365250532950e+02
4.107555384401394463e+02
4.083420696076522063e+02
4.059700963139801502e+02
4.036405160497566271e+02
4.013534832297388562e+02
3.991102094569154133e+02
3.969103309391864514e+02
3.947546123526838642e+02
3.926429549864041064e+02
3.905752113455304197e+02
3.884824145004302522e+02
3.862645128701178123e+02
3.840972084639750506e+02
3.819789198550341212e+02
3.799085911511832023e+02
3.778850524643273161e+02
3.759066332670251995e+02
3.739726381253172462e+02
3.720813459539727432e+02
3.702320585575050700e+02
3.684236820595992867e+02
3.666552901430613929e+02
3.649264526398682165e+02
3.632361500467833366e+02
3.615842664641098736e+02
3.599701922757553234e+02
3.583937547963914767e+02
3.568548672453635504e+02
3.553530267543229684e+02
3.538886362247615125e+02
3.524611760299542880e+02
3.510711333606239464e+02
3.497183840373605790e+02
3.484034362993097602e+02
3.470832893032194875e+02
3.457716649641924391e+02
3.444999478975651073e+02
3.432697793166676661e+02
3.420842723743642182e+02
3.409464168871608081e+02
3.398625554646489491e+02
3.388380122571359152e+02
3.378819629696351399e+02
3.370048893728921939e+02
3.362187698157150635e+02
3.355475248826162442e+02
3.350338897498581900e+02
3.348501608155442568e+02
3.357089353101932261e+02
3.400896512535570650e+02
3.519543656842445785e+02
3.643116365277135174e+02
3.696262252091103164e+02
3.719267808516840432e+02
3.744345597043991916e+02
3.803181933461495987e+02
3.889885649757584929e+02
3.938802148907018363e+02
3.957517833249859791e+02
3.966553798389716121e+02
3.976410084115335621e+02
3.991291422119790582e+02
4.021703733467349480e+02
4.100364188874586375e+02
4.331155343434730867e+02
5.118010921596822413e+02
5.631314012535075335e+02
5.986284451576840411e+02
6.152992852103382120e+02
6.219078560087394862e+02
6.290583267940281758e+02
6.432388395888705190e+02
6.684628823343565500e+02
6.923379755083873306e+02
7.033134724775001132e+02
7.074897458811832394e+02
7.075079409169828750e+02
7.046666553541676876e+02
7.004017164997630971e+02
6.956051576292069285e+02
6.905364047584230320e+02
6.853192655798643500e+02
6.801476305424088196e+02
6.748036043503199153e+02
6.692297234349133532e+02
6.633760905010522038e+02
6.572712133472044798e+02
6.509393378940483217e+02
6.444411878879145661e+02
6.378238842421419577e+02
6.311385370968740745e+02
6.244298980561254666e+02
6.177253718311006878e+02
6.110469542036286157e+02
6.043998510442962697e+02
5.977809486362549478e+02
5.911866001876393284e+02
5.846052934727215415e+02
5.780402476753180281e+02
5.714927612896337905e+02
5.649726202227437852e+02
5.584961104860260548e+02
5.520757088335349181e+02
5.457363736252791568e+02
5.395030124453127200e+02
5.334287172020234493e+02
5.276544083297353609e+02
5.222813222666169395e+02
5.178674661701646755e+02
5.152084546703187016e+02
5.153727564845560210e+02
5.184234024306192623e+02
5.230507606626243842e+02
5.284231023854779323e+02
5.349783835858424936e+02
5.429256371489422008e+02
5.502802734785976781e+02
5.549671198650947872e+02
5.572261015695140713e+02
5.589570537550071094e+02
5.619383334464394011e+02
5.656334694026110128e+02
5.675070438404660536e+02
5.660359782494443834e+02
5.620500755195961347e+02
5.567008634660190864e+02
5.508167930018668130e+02
5.447588373944709019e+02
5.387050603094929784e+02
5.327382735419628261e+02
5.268427566761439493e+02
5.210792223292362451e+02
5.154811240475320346e+02
5.100581384701940237e+02
5.048241506850972655e+02
4.997981669350928655e+02
4.950013058780083952e+02
4.904653176946433177e+02
4.862224291666961449e+02
4.822865417496706186e+02
4.786520700754913946e+02
4.752430460535142629e+02
4.719504784555070955e+02
4.686439412284851187e+02
4.652488450269568148e+02
4.617282255265084245e+02
4.581221425446658486e+02
4.544705024440680745e+02
4.508210821175076717e+02
4.472141138976522257e+02
4.436714574479124735e+02
4.402145221161329687e+02
4.368514100752553873e+02
4.335880327318775471e+02
4.304454556031307675e+02
4.273710688636139707e+02
4.244042728696173299e+02
4.215402389129583867e+02
4.187749597654103013e+02
4.161041778224882819e+02
4.135221075022620880e+02
4.110262226393319338e+02
4.086180698157078268e+02
4.063183719802642599e+02
4.042303219546447508e+02
4.026986928127719239e+02
4.027760317212294012e+02
4.062639730789133523e+02
4.118238163232061879e+02
4.142221956858384715e+02
4.133507731859399428e+02
4.111840817222220608e+02
4.087016928719901898e+02
4.061552337702600539e+02
4.036044626022594457e+02
4.010612348366344122e+02
3.985272742684099967e+02
3.960009220163581745e+02
3.934571950755297962e+02
3.908444802069898856e+02
3.882406096162098379e+02
3.856495855853679586e+02
3.830843064981531256e+02
3.805863399910328440e+02
3.783068526578949218e+02
3.766947608222342296e+02
3.769837158490266802e+02
3.812793281105810479e+02
3.933127381155740068e+02
4.171981792784289951e+02
4.545498500289411936e+02
5.022241662391145383e+02
5.398404124872760121e+02
5.705346983346961451e+02
5.947290910143670999e+02
6.042459755951629177e+02
6.068929933256605409e+02
6.078479453987680472e+02
6.088433734400618960e+02
6.113961622568185703e+02
6.200589161924827977e+02
6.381714839012518041e+02
6.532287688463685527e+02
6.584416659250638304e+02
6.596097467910915384e+02
6.599034239786946046e+02
6.600393971912272946e+02
6.601479716400594953e+02
6.602609838641168380e+02
6.603774857157754923e+02
6.605007557752990124e+02
6.606389988580759791e+02
6.608550074256849030e+02
6.613610967085620587e+02
6.628557773411544076e+02
6.670087142753181979e+02
6.743717063773299287e+02
6.805342566442936914e+02
6.828975421017429426e+02
6.832642521920524814e+02
6.831431616589028408e+02
6.829764384751026682e+02
6.828539354313402328e+02
6.827635512168077412e+02
6.826706262221074439e+02
6.825344458748776333e+02
6.822202064940565833e+02
6.819363099651750417e+02
6.815544553663545457e+02
6.810908812472405316e+02
6.805540566268413158e+02
6.799617484057411048e+02
6.793247433124898862e+02
6.786470401071134120e+02
6.779344556578826086e+02
6.771791323580930566e+02
6.763818575249664491e+02
6.755346237476718443e+02
6.746361136725321330e+02
6.736883495627600951e+02
6.726907174628187249e+02
6.716553766291779084e+02
6.705871689303747871e+02
6.694989559324906168e+02
6.684005703459669121e+02
6.673007490523197021e+02
6.662098759204092175e+02
6.651332149448817290e+02
6.640775273551944338e+02
6.630461302496033795e+02
6.616981453298981251e+02
6.604602125701105706e+02
6.592358194848609401e+02
6.580247642371861048e+02
6.568248852917226941e+02
6.556348908024931461e+02
6.544534271472841738e+02
6.532793546683499244e+02
6.521136245164124148e+02
6.509565349784052160e+02
6.498105650656184480e+02
6.486776012517898380e+02
6.475597943633589466e+02
6.464588541828330790e+02
6.453746676628535397e+02
6.443064173775204608e+02
6.432506497004162611e+02
6.422037265246115112e+02
6.411596956332281252e+02
6.401145805727985589e+02
6.390642645156564186e+02
6.380062691921140186e+02
6.369413959198532211e+02
6.358704380166843748e+02
6.344786766331706076e+02
6.332573002200239216e+02
6.320407169606365869e+02
6.308358995614088371e+02
6.296487214712947207e+02
6.284838851202890737e+02
6.273462265048360678e+02
6.262366436687065061e+02
6.251561794414820952e+02
6.241032240066399481e+02
6.230730853086810157e+02
6.220602259103774259e+02
6.210560625847649590e+02
6.200510015697329891e+02
6.190354013850629826e+02
6.180007747869053674e+02
6.169380958077605328e+02
6.158460898189290447e+02
6.147210800330110487e+02
6.135684342612909177e+02
6.123925606594547162e+02
6.112003657805832972e+02
6.100012435172204732e+02
6.087999562468500017e+02
6.072576135831980082e+02
6.058460263299210737e+02
6.044196883699623868e+02
6.029735810065440091e+02
6.014980958352864491e+02
5.999844176943290677e+02
5.984210734489859078e+02
5.967988600724709158e+02
5.951109872422614444e+02
5.933511903483389460e+02
5.915192399926812641e+02
5.896146038045077376e+02
5.876409755566141939e+02
5.856035088241919766e+02
5.835079201324771248e+02
5.813608177134343578e+02
5.791681760177966680e+02
5.769348895869366061e+02
5.746659174761284703e+02
5.723633616189717941e+02
5.700298781554042762e+02
5.676665684117882620e+02
5.652736757969295240e+02
5.628530237895255368e+02
5.601765039369115584e+02
5.575069193972326502e+02
5.548016995457263647e+02
5.520633886548620239e+02
5.492943001132931613e+02
5.464956067412042557e+02
5.436709977550613075e+02
5.408220148503845621e+02
5.379527550058768384e+02
5.350667464343613347e+02
5.321678392337283867e+02
5.292610294890472460e+02
5.263506548749463718e+02
5.234417828449820718e+02
5.205393377617035640e+02
5.176474096056266490e+02
5.147706243780951354e+02
5.119120346346290376e+02
5.090745649046513677e+02
5.062605503675700334e+02
5.034706967717514203e+02
5.007064319970099291e+02
4.979670506987841918e+02
4.952523213819309831e+02
4.924589667949378509e+02
4.896428552703314381e+02
4.868479371635209532e+02
4.840722505104476454e+02
4.813147462823786782e+02
4.785745656715901646e+02
4.758501882639969267e+02
4.731418439661085813e+02
4.704483340971782468e+02
4.677698409144191487e+02
4.651065224053477323e+02
4.624580849914827922e+02
4.598257906873208185e+02
4.572093544809187051e+02
4.546100468719060927e+02
4.520283143971854543e+02
4.494646607465471675e+02
4.469203789962450060e+02
4.443954670136541267e+02
4.418911800470020808e+02
4.394075221033879188e+02
4.369451730508714036e+02
4.345044859609674290e+02
4.320855924652855151e+02
4.295862354921516157e+02
4.270621214569278550e+02
4.245681924903774984e+02
4.221144343593490476e+02
4.197490098048891696e+02
4.177317294309705176e+02
4.172689805882354221e+02
4.247379576450113632e+02
4.514324515159866564e+02
4.868884959770151113e+02
5.184796499331808945e+02
5.458259821035177310e+02
5.717143982911277362e+02
6.113745267948518176e+02
6.352922712213844534e+02
6.785097826060576836e+02
7.171808133930014719e+02
7.560810327456883897e+02
7.935879479534876282e+02
8.120662436910930637e+02
8.097969619403285151e+02
8.022607522743206800e+02
7.941492479200062462e+02
7.861730838347294821e+02
7.777401944457525360e+02
7.694717295368801615e+02
7.614045055628946557e+02
7.535561367173020244e+02
7.460035234858246440e+02
7.388006170828452923e+02
7.320518979309230190e+02
7.258954741572910052e+02
7.204732356995904183e+02
7.159675502024922480e+02
7.123590835059889059e+02
7.093740172950460874e+02
7.066196422543969220e+02
7.036477145021530077e+02
7.002812411987955556e+02
6.965074509220842174e+02
6.922752015976971052e+02
6.875319303756234603e+02
6.821999108418763171e+02
6.763084728517355870e+02
6.699933296467645505e+02
6.634013013392127505e+02
6.566527063822899208e+02
6.498178808966374618e+02
6.426517863525835992e+02
6.356234844662762953e+02
6.286290124828318540e+02
6.216780871028447564e+02
6.147824617032676997e+02
6.079504266651049420e+02
6.011901240077372677e+02
5.945123234821567166e+02
5.879213996792449279e+02
5.814286984855355058e+02
5.750385389041849749e+02
5.687596005875999481e+02
5.626008525670639528e+02
5.565703038134817007e+02
5.506884645910810150e+02
5.449821568094091617e+02
5.395281316269226863e+02
5.344868400963897557e+02
5.303482611771155462e+02
5.285278605224851844e+02
5.331633934240168173e+02
5.457648132582863809e+02
5.563649881639938712e+02
5.658504388204246425e+02
5.787318368114058558e+02
5.964760789407881703e+02
6.154952627201840869e+02
6.331603248482183517e+02
6.488412906736400600e+02
6.627391262525105731e+02
6.753735978573078000e+02
6.881778058451923243e+02
7.011235538982371054e+02
7.128199775090016601e+02
7.221014943687289360e+02
7.286391512615964530e+02
7.328166915147699001e+02
7.352569918130604947e+02
7.364171674255304652e+02
7.365431931204071816e+02
7.357003044982876645e+02
7.338612274364029417e+02
7.311416859994624247e+02
7.276293253658963067e+02
7.236210480574861776e+02
7.194067928528651237e+02
7.151807625244518931e+02
7.108698407267213497e+02
7.058188309520461416e+02
7.006251700839668501e+02
6.955264113640770347e+02
6.907249970557472807e+02
6.864967873217929082e+02
6.831007340129158365e+02
6.807251489037352030e+02
6.794768295827792599e+02
6.794179425198421995e+02
6.806501720218244600e+02
6.832525475106001522e+02
6.871728010681345040e+02
6.921399197470724403e+02
6.976481432360209283e+02
7.030700672924788250e+02
7.077927338519949672e+02
7.114800986236309654e+02
7.140354613156226833e+02
7.154844217501322419e+02
7.159069959579666147e+02
7.153372787112938340e+02
7.139621395004770648e+02
7.120520622278723977e+02
7.098222307071694104e+02
7.068074155371137977e+02
7.036054333973248731e+02
7.003393346189839122e+02
6.968743758022219481e+02
6.931111396334351866e+02
6.890599142325513640e+02
6.847711892036518293e+02
6.802987490072659966e+02
6.757269088994494268e+02
6.711374473280899338e+02
6.666152417677772064e+02
6.622471301024529566e+02
6.581112131608683740e+02
6.542442487218092992e+02
6.506434624808501894e+02
6.472926614648240502e+02
6.442212221634871412e+02
6.414879152914616043e+02
6.393010358103791759e+02
6.382165485186870910e+02
6.389668853043843910e+02
6.418359297658996638e+02
6.449679243885110509e+02
6.460734531527605213e+02
6.445584820598279521e+02
6.417460881610414845e+02
6.381283485942267362e+02
6.340776918122743382e+02
6.297076797956839300e+02
6.250926821924171009e+02
6.202647131608476911e+02
6.152581479357905891e+02
6.101107311663520250e+02
6.048487807478103377e+02
5.995107878066874036e+02
5.941200498113355479e+02
5.887041669185201727e+02
5.832819977889097345e+02
5.778711923830609294e+02
5.724855496169711842e+02
5.671356985728855307e+02
5.618315244505298551e+02
5.565787066409159252e+02
5.513848260327135904e+02
5.462526063054798442e+02
5.411879253365716522e+02
5.361938317292219836e+02
5.312743680029293500e+02
5.262819342254630328e+02
5.213453623516354583e+02
5.164996187660060514e+02
5.117541826334272059e+02
5.071229891608568323e+02
5.026260438449597245e+02
4.982855317508168014e+02
4.941330042167257943e+02
4.902051544989897138e+02
4.865403715090588435e+02
4.831901498792060465e+02
4.802056684809739409e+02
4.776585305326447042e+02
4.756380732725816074e+02
4.742401685122873687e+02
4.735280480205543086e+02
4.734693966301603041e+02
4.739402109596352375e+02
4.746875358224363595e+02
4.755135997964158605e+02
4.762245843281034468e+02
4.767877180035047218e+02
4.772490514966646629e+02
4.778120440155443589e+02
4.785810218592294518e+02
4.798184102658466941e+02
4.814870456492732842e+02
4.833587755450438976e+02
4.851723127742189376e+02
4.867005617833290785e+02
4.878364336757571209e+02
4.885120581249856286e+02
4.887829113658397659e+02
4.887072787507754015e+02
4.884373021802848029e+02
4.881923764094966032e+02
4.881482142070136092e+02
4.884764344706904922e+02
4.891589176302554733e+02
4.900071748227832131e+02
4.907295930153652534e+02
4.909031100460348966e+02
4.901967194817354425e+02
4.887477201814869545e+02
4.873760852342717271e+02
4.856639759800697789e+02
4.822275578966397234e+02
4.784724945454071303e+02
4.760292419628452194e+02
4.749941063396237837e+02
4.762980503030287878e+02
4.822283945378766816e+02
4.903997120139734989e+02
4.943031155461158619e+02
4.940851431322512326e+02
4.922473512726938907e+02
4.899499127877239744e+02
4.875760643067478100e+02
4.853217853153680608e+02
4.832770652264151749e+02
4.815169126787126288e+02
4.801967420478756594e+02
4.798899817674368933e+02
4.820208587210375413e+02
4.873310547689601435e+02
4.942182955354734872e+02
5.057767840293619201e+02
5.242951806148267906e+02
5.451627542099248558e+02
5.617545699635285246e+02
5.716395641985697011e+02
5.776850937795219352e+02
5.831527870844463450e+02
5.869469608241115566e+02
5.874801279455728036e+02
5.854829644804900681e+02
5.820748152315717334e+02
5.780651952403044334e+02
5.738790294941468346e+02
5.697687352863108572e+02
5.659273946224487872e+02
5.625283360693991881e+02
5.596999720447323625e+02
5.573821572897121541e+02
5.553260652069127445e+02
5.531140734877935756e+02
5.504295590109703653e+02
5.471774548738786734e+02
5.434654476142234216e+02
5.394301713147578994e+02
5.352333552923680600e+02
5.309701589559015247e+02
5.267095135330640687e+02
5.224928316965859949e+02
5.183428114151729460e+02
5.142715029626875776e+02
5.102823206375855420e+02
5.062875541299740121e+02
5.023709376239425524e+02
4.985237358560326584e+02
4.947382419875707456e+02
4.910050239792261095e+02
4.873151738786322653e+02
4.836632602077459069e+02
4.800419861997979183e+02
4.764508653104436462e+02
4.728866269263043591e+02
4.693508189647493509e+02
4.658453495530802115e+02
4.623709475412758252e+02
4.589322813897153992e+02
4.555298404084168737e+02
4.521676429604897862e+02
4.488476773979102177e+02
4.455712613628206782e+02
4.423413994956250122e+02
4.391579533310118109e+02
4.360233287946581981e+02
4.329377107936016955e+02
4.299016328824639004e+02
4.267541533611725981e+02
4.236169403430726561e+02
4.205338464123989297e+02
4.175033754449745516e+02
4.145254390767891550e+02
4.115994998621758327e+02
4.087241491935289446e+02
4.058997418404391624e+02
4.031243640366766385e+02
4.003981666728040523e+02
3.977199233776089500e+02
3.950887491551848711e+02
3.925045087899848681e+02
3.899656196667309587e+02
3.874723364346214680e+02
3.850234009388983054e+02
3.826185721815872398e+02
3.802575449718965501e+02
3.779395107058354029e+02
3.756648976536810665e+02
3.734329218010169029e+02
3.712441892593768102e+02
3.690985869085174045e+02
3.669965680582030245e+02
3.648497752980420614e+02
3.627260679154189233e+02
3.606538835105067733e+02
3.586344493495988104e+02
3.566705102001336627e+02
3.547642705406024675e+02
3.529186461911414767e+02
3.511375787608562860e+02
3.494242468402680402e+02
3.477846666167591820e+02
3.462230714230083208e+02
3.447470882874424660e+02
3.433640795010470015e+02
3.420829588950882112e+02
3.409169576908849422e+02
3.398776627694766148e+02
3.389872751999427010e+02
3.382647799385356961e+02
3.377408640032271592e+02
3.374521932086679499e+02
3.374369533005504422e+02
3.377535445240677063e+02
3.384402065735518477e+02
3.395507947746932018e+02
3.410873332977195673e+02
3.430571231005413324e+02
3.455051090049360027e+02
3.484678224745959483e+02
3.521182645130880928e+02
3.567962143219303357e+02
3.631922498858223776e+02
3.727055282577593971e+02
3.880311924777123522e+02
4.137572764450447949e+02
4.443176137573952360e+02
4.819506592850912625e+02
5.153572670755444278e+02
5.635504246371490353e+02
6.097209939223521360e+02
6.390001949077078507e+02
6.571532709344083969e+02
6.711263759482748128e+02
6.829637524144496865e+02
6.926549526430584365e+02
7.001502227330402093e+02
7.057555665858311613e+02
7.100128641464468728e+02
7.131882702931952736e+02
7.147197926217495478e+02
7.149515995608207959e+02
7.135525943679525653e+02
7.107501927721717720e+02
7.071915002050476460e+02
7.034151461360264648e+02
6.997839131060593445e+02
6.964651448801530478e+02
6.935168459164167416e+02
6.911525384128264022e+02
6.894926950168419353e+02
6.885531106939129131e+02
6.884909693015647463e+02
6.894224640143040688e+02
6.912992884281995885e+02
6.940327710721660424e+02
6.974514890659595494e+02
7.021292728182445444e+02
7.090861090643253419e+02
7.196991563603652367e+02
7.343014593016073377e+02
7.517910996898629037e+02
7.695582430853627329e+02
7.821799347071602142e+02
7.867044576700266134e+02
7.854841089767610356e+02
7.811104951228509208e+02
7.750956837919948157e+02
7.682068225898370883e+02
7.609274111350952126e+02
7.534983930692011427e+02
7.461906365180416287e+02
7.392048948148022873e+02
7.325899037650657419e+02
7.263091899635312529e+02
7.202709636631591366e+02
7.142956208802719402e+02
7.080718931172036719e+02
7.014653635307653303e+02
6.945092276350726479e+02
6.872601959601777253e+02
6.798055778521061256e+02
6.722371286724791162e+02
6.646128211535402670e+02
6.569196061628217649e+02
6.490695071902357540e+02
6.410477074435667646e+02
6.329572008886217418e+02
6.249849408965858402e+02
6.172527465733768395e+02
6.096850979388347014e+02
6.022880979740471048e+02
5.950699375489383556e+02
5.880338295837003670e+02
5.811795277904586783e+02
5.745100095774322426e+02
5.680194953275163243e+02
5.617084392557632100e+02
5.555702235741423465e+02
5.495997638106759950e+02
5.437922524339415986e+02
5.381379595549752821e+02
5.326322579746090469e+02
5.272649893025173924e+02
5.220289644892270644e+02
5.169165614942761522e+02
5.119185128287651878e+02
5.070291245183100841e+02
5.022399138291078771e+02
4.975453084482809913e+02
4.929396859126804884e+02
4.884174297119708967e+02
4.839045096131324044e+02
4.794553456574602706e+02
4.750789895865364656e+02
4.707730237050252526e+02
4.665359337804044344e+02
4.623670126476643532e+02
4.582652405007960965e+02
4.542315856315275937e+02
4.502667057231399212e+02
4.463734506479194124e+02
4.425567494430362103e+02
4.388234095885028978e+02
4.351859686528111411e+02
4.316613122489550278e+02
4.282704121612360950e+02
4.250452740536221654e+02
4.220032803523851612e+02
4.191591418788828491e+02
4.164899635292308631e+02
4.139461809252224498e+02
4.114600241711233366e+02
4.089990785548165491e+02
4.065846875168080032e+02
4.043253066991651394e+02
4.024651066918477227e+02
4.011907847113285470e+02
4.008975093349177428e+02
4.019774384779674961e+02
4.048727321553220122e+02
4.098834653111140369e+02
4.169526811487631903e+02
4.255960127970420217e+02
4.348471161706818293e+02
4.435987058256811224e+02
4.509363787436114421e+02
4.564066066679608866e+02
4.599666242942042800e+02
4.619267206550752576e+02
4.626455513622897797e+02
4.625176019928971414e+02
4.618298110106513832e+02
4.608069436197052369e+02
4.595934115602693737e+02
4.582822507561089083e+02
4.569354817161042774e+02
4.555925120688126526e+02
4.542953770675360943e+02
4.530893761849654311e+02
4.520427481370759324e+02
4.513147669376657518e+02
4.511079467704039985e+02
4.517534062530386336e+02
4.537931374108058549e+02
4.582474286997594959e+02
4.666344475942742633e+02
4.814469834246098117e+02
5.043943079182689644e+02
5.337728723061973142e+02
5.627459681059550576e+02
5.856039027225413065e+02
6.013853420309129660e+02
6.125552160138286126e+02
6.208722593342066602e+02
6.273603457526311331e+02
6.323957918227351911e+02
6.362739071471136185e+02
6.392749855698016290e+02
6.417374618734696696e+02
6.439400916423389845e+02
6.460540774265249411e+02
6.480903682318958090e+02
6.498754698116655391e+02
6.515413725212464442e+02
6.535145587292164464e+02
6.558088357475743351e+02
6.584420899798684559e+02
6.614387443449244302e+02
6.648361652459474271e+02
6.687721514406094911e+02
6.734844512954457514e+02
6.792802245100964456e+02
6.865138726959585256e+02
6.951345573486194098e+02
7.047064658219170497e+02
7.142807340164119978e+02
7.228679117246334727e+02
7.297583793963085554e+02
7.348518619127372631e+02
7.383031360760905955e+02
7.405516063668734432e+02
7.419639335860890696e+02
7.428286058825449345e+02
7.433652241452471117e+02
7.436941213574223184e+02
7.439025402342525695e+02
7.440353160835639983e+02
7.441196254041852853e+02
7.441699015464790818e+02
7.441962010036791071e+02
7.442034708784138957e+02
7.441926733642992531e+02
7.441647717637082451e+02
7.441207082282571719e+02
7.440616397377335716e+02
7.439879347061349790e+02
7.439003872041741943e+02
7.437951855810199504e+02
7.436663195497884544e+02
7.434978538575063567e+02
7.432636864384963928e+02
7.429224630955379780e+02
7.424166020568147815e+02
7.416730306402901078e+02
7.406079810098193548e+02
7.391427088755109480e+02
7.371963484086421659e+02
7.347266190448814314e+02
7.316972828630947561e+02
7.281186080835249186e+02
7.240213683579252120e+02
7.194366766843547794e+02
7.145264152241429656e+02
7.093079760910098912e+02
7.038610933370680414e+02
6.982501852455459357e+02
6.925332974285448699e+02
6.867598326401564464e+02
6.809671646219464947e+02
6.751843409450347053e+02
6.694331336101058696e+02
6.637275638770191790e+02
6.580770591496766428e+02
6.524893660983369728e+02
6.469659728323712216e+02
6.415120267183131091e+02
6.361269129514357701e+02
6.308122629922426086e+02
6.255689590316133035e+02
6.203951937919432567e+02
6.152930342119233273e+02
6.102598650597864207e+02
6.052966134313347766e+02
6.004020335592058473e+02
5.955752164252294278e+02
5.907838983295184789e+02
5.861625420402508553e+02
5.816058247371723837e+02
5.771123453459979373e+02
5.726827346484063810e+02
5.683167261798506615e+02
5.640142445886435780e+02
5.597763282906408904e+02
5.556023657709924919e+02
5.514939098008846941e+02
5.474506680675719963e+02
5.434732427228245797e+02
5.395623346400884657e+02
5.357170470095107930e+02
5.319384421792930198e+02
5.282250942291341289e+02
5.245766585703673854e+02
5.209924427465113013e+02
5.174700819184073453e+02
5.140093928525953970e+02
5.106073580159486482e+02
5.072628255863648405e+02
5.039738378557847227e+02
5.007376496547929605e+02
4.975052322812270518e+02
4.942507767377351797e+02
4.910410890194530680e+02
4.878739205460095718e+02
4.847476237794804774e+02
4.816612614450143610e+02
4.786126100836275441e+02
4.756014185668869914e+02
4.726257080845650194e+02
4.696850130184415661e+02
4.667782199795069573e+02
4.639042348678036660e+02
4.610628088390257631e+02
4.582524992566435458e+02
4.554733325050785879e+02
4.527241909508792332e+02
4.500047405502509719e+02
4.473146169568860842e+02
4.446530065151514464e+02
4.420200727179278601e+02
4.394149569459020199e+02
4.368378195718311190e+02
4.342882906168165960e+02
4.317661491223810231e+02
4.292225102671932291e+02
4.266416530844882118e+02
4.240893048858780503e+02
4.215651101717166966e+02
4.190693770459442362e+02
4.166021944780379727e+02
4.141634886421617807e+02
4.117538978027242251e+02
4.093732720397314893e+02
4.070225806717438104e+02
4.047022901754609165e+02
4.024138195494842307e+02
4.001592530268666792e+02
3.979418769559624707e+02
3.957682991644325625e+02
3.936492843121088185e+02
3.916096673090248146e+02
3.896946812154643567e+02
3.880259004028330878e+02
3.869059459418189704e+02
3.872775487043709290e+02
3.923797568929758199e+02
4.074293073788494439e+02
4.269034955005247980e+02
4.498367831959296836e+02
4.752286326947555608e+02
4.870966578387643722e+02
5.291157580765750481e+02
6.624249149344958596e+02
7.611171179103554323e+02
7.878460656675456448e+02
7.978303001491997293e+02
8.064658004184527726e+02
8.479377276006681541e+02
8.800260271189689547e+02
8.815311879970421387e+02
8.763264349905509789e+02
8.693218764501528995e+02
8.613867137292560301e+02
8.528088726723015043e+02
8.437648614814621624e+02
8.345172638641016647e+02
8.253462937409365168e+02
8.164645763471864939e+02
8.079278826349578821e+02
7.996504890863787978e+02
7.915513980143657591e+02
7.836407459707883163e+02
7.752949846622410632e+02
7.672928761287271300e+02
7.599805624924483709e+02
7.531858833035382759e+02
7.462566614516326808e+02
7.386400444107160865e+02
7.302631538201960666e+02
7.214725033184413405e+02
7.125893038251978169e+02
7.037591154267098545e+02
6.951021817936723437e+02
6.867739196925213037e+02
6.788785895121869771e+02
6.713740162426893221e+02
6.641641715647493811e+02
6.573655248883068225e+02
6.513357545806200051e+02
6.467207228446527552e+02
6.438638134912565647e+02
6.421749631860056979e+02
6.402122291837461034e+02
6.377473686087136002e+02
6.355712256901209685e+02
6.346176904399188743e+02
6.348849482972724445e+02
6.359071451115607942e+02
6.363537750000875803e+02
6.356780450044766440e+02
6.340798408794244096e+02
6.320532975296846416e+02
6.302715908810632754e+02
6.294964156471959313e+02
6.307994014062819588e+02
6.353945312164297547e+02
6.438277941700486053e+02
6.552389062538748021e+02
6.669926247535175889e+02
6.770981443412841827e+02
6.848189640423385072e+02
6.896832937029203094e+02
6.916762585230195555e+02
6.917442260940928236e+02
6.908406674114423822e+02
6.897224314191549865e+02
6.887772378880177939e+02
6.881858029970746884e+02
6.879377500790992599e+02
6.878757716586590050e+02
6.876249798346304942e+02
6.873863198008797326e+02
6.869351375478559021e+02
6.861619336447043906e+02
6.848600919623307846e+02
6.828638436196046086e+02
6.801570824723082751e+02
6.769043925873236276e+02
6.733342396644558221e+02
6.696037383130926628e+02
6.657734957316921509e+02
6.617666830869968635e+02
6.575817521485461157e+02
6.532475662870389215e+02
6.487872082543993884e+02
6.442131144313736968e+02
6.394539798675847351e+02
6.345189818167722251e+02
6.294568118052110322e+02
6.243648425614677535e+02
6.193800800231797439e+02
6.147688736076604528e+02
6.109143838123465002e+02
6.084305640992154167e+02
6.078646488323720405e+02
6.099822090711089686e+02
6.145938262471067901e+02
6.209284710897583182e+02
6.285682408562256569e+02
6.386132907878117067e+02
6.515545577685949183e+02
6.632148794989144562e+02
6.706959719095385708e+02
6.768007562494158265e+02
6.835438617133369235e+02
6.908114138067264776e+02
6.975464249942424431e+02
7.031987489972107142e+02
7.086732564885564898e+02
7.161200950901585429e+02
7.255166099143280007e+02
7.335295618913544331e+02
7.380451429397824086e+02
7.391711054679584549e+02
7.383089003173170113e+02
7.366076855672298507e+02
7.346744605030930870e+02
7.327055506141608703e+02
7.304257946135545581e+02
7.281378850106199252e+02
7.260792071495446862e+02
7.243189504668595191e+02
7.228885731504016121e+02
7.216970332746909662e+02
7.206671642034127672e+02
7.198780734147218254e+02
7.195726946981335459e+02
7.200857780195600526e+02
7.216561658118695277e+02
7.239198212037699705e+02
7.263266250409672011e+02
7.285310630170662307e+02
7.306381029824598272e+02
7.326687526123043881e+02
7.345335857297993698e+02
7.359568203121831402e+02
7.366957206170862946e+02
7.365724057225994557e+02
7.356730049197097969e+02
7.341989729617562261e+02
7.327376188501934848e+02
7.320844879851066480e+02
7.324960606354621859e+02
7.331215764604455671e+02
7.324976702070089232e+02
7.298708659502514138e+02
7.261028333000856492e+02
7.219744616105386967e+02
7.178513115519067469e+02
7.138421907632904322e+02
7.101292217950528993e+02
7.068712250175659619e+02
7.042309714347662748e+02
7.021816994257585520e+02
7.006686492058214526e+02
6.994178532602600171e+02
6.980751484911992293e+02
6.963649220417040624e+02
6.942784054021601605e+02
6.919590741731205981e+02
6.897308111225053153e+02
6.880216664304153937e+02
6.874133919505694621e+02
6.886415558100097769e+02
6.921385489908569753e+02
6.973110028144515127e+02
7.024664993339355306e+02
7.061895128780413415e+02
7.082064659568785601e+02
7.089612857157635517e+02
7.091972360174738697e+02
7.093887404491495090e+02
7.092642784937074794e+02
7.079859587200567148e+02
7.052771697546829728e+02
7.012980049121723596e+02
6.965186620982246950e+02
6.912681422736886816e+02
6.858435525756788138e+02
6.803976403665568569e+02
6.749295481025197887e+02
6.694075027027299711e+02
6.639011900279884912e+02
6.584800499438022143e+02
6.532089255182975194e+02
6.481539903425123157e+02
6.433675435053389720e+02
6.389046195131852528e+02
6.347858778817142138e+02
6.309954749464750421e+02
6.271685557513341109e+02
6.232206521321032824e+02
6.192616020964333075e+02
6.151636443263507772e+02
6.108630645795693681e+02
6.063187849682501565e+02
6.015537682118394969e+02
5.965889105901699168e+02
5.914608292497222237e+02
5.862057440144292286e+02
5.808498268025174411e+02
5.754248760191163683e+02
5.699535250386280723e+02
5.644608209807153116e+02
5.589694437815267065e+02
5.534999862124058154e+02
5.480733314187054930e+02
5.427074875755200765e+02
5.374198949486141146e+02
5.322254688939592597e+02
5.271359677421658034e+02
5.221620927914314052e+02
5.173117786367037070e+02
5.125906513249470891e+02
5.078863656591772155e+02
5.032497677595616210e+02
4.987549703952188338e+02
4.943972138716415543e+02
4.901718453205057813e+02
4.860716633509879898e+02
4.820883174363065109e+02
4.782134850736715066e+02
4.744367711747136127e+02
4.707487264403790164e+02
4.671400247648695654e+02
4.636004740143641811e+02
4.601228741116793231e+02
4.566988655845598259e+02
4.533220236799009513e+02
4.499878880387038294e+02
4.466902732488568972e+02
4.434275956453986964e+02
4.401957913737741137e+02
4.369936077390216269e+02
4.338204790145116476e+02
4.306745945850256589e+02
4.275579964575011900e+02
4.244697788996661529e+02
4.213615429401310166e+02
4.183269693844130188e+02
4.153257917677047431e+02
4.123616083524994451e+02
4.094364768633714675e+02
4.065543059354922093e+02
4.037177393857619450e+02
4.009306165146523426e+02
3.981961309817212964e+02
3.955179335516237984e+02
3.929000394932640461e+02
3.903457932255190599e+02
3.878601255528798788e+02
3.854461944993448697e+02
3.831092121966601098e+02
3.808533595816250568e+02
3.786834094986098194e+02
3.766053305296843519e+02
3.746239156178008898e+02
3.727468024075911899e+02
3.709812326344479629e+02
3.693377590567014295e+02
3.678278463417338457e+02
3.664672436406086149e+02
3.653015780841612923e+02
3.643063056069922823e+02
3.634748530054865228e+02
3.627889277517484174e+02
3.622126036886812130e+02
3.616949658498359099e+02
3.611814352410973470e+02
3.606351866060072666e+02
3.600297792149059433e+02
3.593605294448107657e+02
3.586347162215142816e+02
3.578613048041412412e+02
3.570604229701753525e+02
3.562437819171007050e+02
3.554297385151883191e+02
3.546305065712178362e+02
3.538597732402180327e+02
3.531311204357000406e+02
3.524539309764451787e+02
3.518413492224964898e+02
3.512985851453285591e+02
3.508342209715517583e+02
3.504508119842213318e+02
3.501486837166165174e+02
3.499109074033909792e+02
3.499148558558086393e+02
3.499724922517945629e+02
3.500713205420483405e+02
3.501980143683570077e+02
3.503373468648420044e+02
3.504760805101323626e+02
3.505982642538135678e+02
3.506975569089916007e+02
3.507685670640458397e+02
3.508326075175650658e+02
3.509633378462260680e+02
3.514404435618361049e+02
3.531387853500705774e+02
3.581081225405069972e+02
3.681941849858306455e+02
3.784011539802086190e+02
3.831612347846845523e+02
3.844650995831140108e+02
3.846302124392229302e+02
3.845980198206771661e+02
3.845839215188539129e+02
3.844694172995295389e+02
3.839515064524505874e+02
3.834122805462720862e+02
3.827914244273720215e+02
3.821909723809285424e+02
3.821172396282406680e+02
3.842513808368321975e+02
3.935922223446120825e+02
4.101809047256367649e+02
4.208216298487176914e+02
4.235702627789164012e+02
4.240655817946389448e+02
4.244361527149940230e+02
4.252273566539545868e+02
4.264922209193487674e+02
4.281369609920064363e+02
4.300382150415854881e+02
4.321322726620254002e+02
4.344234911237257393e+02
4.368668544786264647e+02
4.393923382941038653e+02
4.418229098473332783e+02
4.440022452515055420e+02
4.457353091639874947e+02
4.469043356771808817e+02
4.474116999101884176e+02
4.473356705056197598e+02
4.466473068555320083e+02
4.455382525867981371e+02
4.441282382132075668e+02
4.425157132206836650e+02
4.407867634593757202e+02
4.390094024561909691e+02
4.372397736214670658e+02
4.355221829977176071e+02
4.339034927655084743e+02
4.324176503883946907e+02
4.311060984482706431e+02
4.300041397533591407e+02
4.291357872682056609e+02
4.285270282778119508e+02
4.281653030937608833e+02
4.280342424966010526e+02
4.280944194986729485e+02
4.283167995033370516e+02
4.286902971616688092e+02
4.292474992461636703e+02
4.300658763035280003e+02
4.312455641205864367e+02
4.329236975623440458e+02
4.353940979441509285e+02
4.384471209107245500e+02
4.422721289026118257e+02
4.468629107623921755e+02
4.522279854627960276e+02
4.583357484571301939e+02
4.652262374651991763e+02
4.729774526763328026e+02
4.816820233790368775e+02
4.913462714253475951e+02
5.016766045145745352e+02
5.121263373750635992e+02
5.220734304780792172e+02
5.310806198450459306e+02
5.389258045886589343e+02
5.456456926183606129e+02
5.512443198476339603e+02
5.558182209620753156e+02
5.594256858399702423e+02
5.621405602096181156e+02
5.640764518543613804e+02
5.653220991889178322e+02
5.660017545472169331e+02
5.662083856906809842e+02
5.658602717315304744e+02
5.651461499493004794e+02
5.642261008887625167e+02
5.631526286576743132e+02
5.619625369853109760e+02
5.606921392718201105e+02
5.593658471913352059e+02
5.580076383296351423e+02
5.566347359075143686e+02
5.552624737721580459e+02
5.539050094562925324e+02
5.525684043213773293e+02
5.512568869457481924e+02
5.499646111871983294e+02
5.486880958996545132e+02
5.474366013101321187e+02
5.462470073955765884e+02
5.451848696190953660e+02
5.443218259847232048e+02
5.436965564157650306e+02
5.432889866425713308e+02
5.430288096419874364e+02
5.428516922952114783e+02
5.426883694663896449e+02
5.424852003754214138e+02
5.423521602878588510e+02
5.421470436044663757e+02
5.418517764343413319e+02
5.414965685282411414e+02
5.411238084495993235e+02
5.407994073356067020e+02
5.405671176766081771e+02
5.404418347055433287e+02
5.404301853676288374e+02
5.404857309208481411e+02
5.406041081556228391e+02
5.407441032127525204e+02
5.408675411518718192e+02
5.408740852791401039e+02
5.406235668941690165e+02
5.399870066071903238e+02
5.389374229156458114e+02
5.374902032500273208e+02
5.357170590192196187e+02
5.336771848182311260e+02
5.314167637260730999e+02
5.289662009188231195e+02
5.263465538340952889e+02
5.234599132116632063e+02
5.203129291117536468e+02
5.170526853920772510e+02
5.137084901481504176e+02
5.103045467146428109e+02
5.068729038587113109e+02
5.034448829257599414e+02
5.000443062665304410e+02
4.966971051006673861e+02
4.934092915126894354e+02
4.901822525638921206e+02
4.870018055963197980e+02
4.838521037131877165e+02
4.807220856180196051e+02
4.776184554085190257e+02
4.745597873746628466e+02
4.715764990116168178e+02
4.687088889280931312e+02
4.659872535784498950e+02
4.634515151574770471e+02
4.611256551915266755e+02
4.590213364168103567e+02
4.571380370665688702e+02
4.554385298068980887e+02
4.539250541428648944e+02
4.524969287500757673e+02
4.510841371691645350e+02
4.496713605409914294e+02
4.483953297378586171e+02
4.480391543865685549e+02
4.503831255844078214e+02
4.543867890490705008e+02
4.569269751364537910e+02
4.607272248811543136e+02
4.674621570975705822e+02
4.755595391171254391e+02
4.844570877609138506e+02
4.947922415659676858e+02
5.061204527601066729e+02
5.166723706308492865e+02
5.252522064145988452e+02
5.315160969818009562e+02
5.361243944178877427e+02
5.396020700655676592e+02
5.418533814271613664e+02
5.422517588994124935e+02
5.405969923158761503e+02
5.371706903044133696e+02
5.331241369485539963e+02
5.285339958272364811e+02
5.236286059256318595e+02
5.186755310233243108e+02
5.138302378955499989e+02
5.092175416490034081e+02
5.049344618072018420e+02
5.010724467422763837e+02
4.977252620878255698e+02
4.949654718714063506e+02
4.929165104324944764e+02
4.917556588050912865e+02
4.914935334602714647e+02
4.918112916509255115e+02
4.926811849674967334e+02
4.947626203886426310e+02
4.993071897298872841e+02
5.081449586723949778e+02
5.219957902728926911e+02
5.393837778646501420e+02
5.571008234183425429e+02
5.720758052498555344e+02
5.828198902021745198e+02
5.900223114995109199e+02
5.952839745976377799e+02
5.994246007539750281e+02
6.023587947753526350e+02
6.036863523720176090e+02
6.032988374561417686e+02
6.014353497806208679e+02
5.984777433432615226e+02
5.947224963250977225e+02
5.904634100904710294e+02
5.858579932525095728e+02
5.810411158628721751e+02
5.760888488812158812e+02
5.710547235637893664e+02
5.659791614503737947e+02
5.608859394802350380e+02
5.557978903899582974e+02
5.507296080690188091e+02
5.456913271314959957e+02
5.406918877633092961e+02
5.357370997556483871e+02
5.308355688157133727e+02
5.260064686253164155e+02
5.212736970743363827e+02
5.166833521378101750e+02
5.125723209690860358e+02
5.087784438054181919e+02
5.053122530022132537e+02
5.022080276798679392e+02
4.995104056175842970e+02
4.972333999727626974e+02
4.953943509856980540e+02
4.940067207508049592e+02
4.930596830257260308e+02
4.925509611480168815e+02
4.924258197317244594e+02
4.925920480372395787e+02
4.929289664314841275e+02
4.932880090941769140e+02
4.935402730463703165e+02
4.936339888446639748e+02
4.935414356612912457e+02
4.933180051618983839e+02
4.930125288967625465e+02
4.926803656342118529e+02
4.923700866250659942e+02
4.920811340137103684e+02
4.918117152663044749e+02
4.915106230404435905e+02
4.910306082615188643e+02
4.902660172543292560e+02
4.893304184342163694e+02
4.881997902569023040e+02
4.868791885647228810e+02
4.853853586181836590e+02
4.837504685878669761e+02
4.820092625956020242e+02
4.801893809612625432e+02
4.783181833615078631e+02
4.764111904456919433e+02
4.744814370714444749e+02
4.725359617082775685e+02
4.705785460569350676e+02
4.686143612680089063e+02
4.666420673641470103e+02
4.646669126094551530e+02
4.626871139897096441e+02
4.607054985916977330e+02
4.587235800406770636e+02
4.567401439460391543e+02
4.547593366021053498e+02
4.527782929381864960e+02
4.508002057533533389e+02
4.488195217475114305e+02
4.467550955106541437e+02
4.446950695046111264e+02
4.426382828658730091e+02
4.405860356126906936e+02
4.385380734989586813e+02
4.364965117297270467e+02
4.344622217331904039e+02
4.324377420098845164e+02
4.304254288584647270e+02
4.284274403224069374e+02
4.264477277582187185e+02
4.244880342126422761e+02
4.225523371528884127e+02
4.206427847095461061e+02
4.187622130025342244e+02
4.169137398803072756e+02
4.150986615975379550e+02
4.133193670512558242e+02
4.115768579216274361e+02
4.098723302635565915e+02
4.082066859064804021e+02
4.065804404823971936e+02
4.049936176669191354e+02
4.034446674017460737e+02
4.019029861056329764e+02
4.004029990645958037e+02
3.989441547490946505e+02
3.975251932520616833e+02
3.961466467017761488e+02
3.948067369655719290e+02
3.935061542062570652e+02
3.922435268075465160e+02
3.910179430067210546e+02
3.898291866449638405e+02
3.886744797245450513e+02
3.875535466053229356e+02
3.864626190135938941e+02
3.853993954211599657e+02
3.843603623194100010e+02
3.833405553526290532e+02
3.823365646115904042e+02
3.813424376893740941e+02
3.803536600839125867e+02
3.793651891611953033e+02
3.783716960442496315e+02
3.773695192710558217e+02
3.763544590667630132e+02
3.752835959028523121e+02
3.742536217517225055e+02
3.732011863795421505e+02
3.721268353384418219e+02
3.710304936436486969e+02
3.699132276184151920e+02
3.687768274943097708e+02
3.676225871238094101e+02
3.664534641152814629e+02
3.652718740479693906e+02
3.640809101545098656e+02
3.628841695931648701e+02
3.616854045061760985e+02
3.604889701094485872e+02
3.593002410948789134e+02
3.581238358692132806e+02
3.569670031462725888e+02
3.558352327814349110e+02
3.547358753522910320e+02
3.536766837943497990e+02
3.526634790148148682e+02
3.517054267406896884e+02
3.508058003482859135e+02
3.499707303202287676e+02
3.491746031727986974e+02
3.485005627445544860e+02
3.478936951868743108e+02
3.473479606742386068e+02
3.468593010790964968e+02
3.464221840243197335e+02
3.460318594156161112e+02
3.456886393338986068e+02
3.453960457616104804e+02
3.451621975156267013e+02
3.450088320516620684e+02
3.449588041907168758e+02
3.450548783667371708e+02
3.453453288768371294e+02
3.458881602897545235e+02
3.467608649493310509e+02
3.480122674986233733e+02
3.497150388220482000e+02
3.518985028351554547e+02
3.546580452192712869e+02
3.581235212628526483e+02
3.625118195067008742e+02
3.679642528415881202e+02
3.743927746715165767e+02
3.815408362323182132e+02
3.891400738598715634e+02
3.971171822423004869e+02
4.051096432344861000e+02
4.128760970117992883e+02
4.201515004012218810e+02
4.270940692238001475e+02
4.339257934009738733e+02
4.409581949601606539e+02
4.477539146003780957e+02
4.533645917517736166e+02
4.571395160755769211e+02
4.595934767136408254e+02
4.618318777257267698e+02
4.648641427729631346e+02
4.685935133146521707e+02
4.714328393879870873e+02
4.727430980402019145e+02
4.735228237358181218e+02
4.759057566774663997e+02
4.837032195670230976e+02
5.006876639136002609e+02
5.192195190221663097e+02
5.291442704201195966e+02
5.315568454597209893e+02
5.309624635266944779e+02
5.297681187865211996e+02
5.282653517598967028e+02
5.263531618704141692e+02
5.241345822466986419e+02
5.217001596291257783e+02
5.191050427035064558e+02
5.163816956744774416e+02
5.135507735960889022e+02
5.106354585680462037e+02
5.076551597362681036e+02
5.046408844068257622e+02
5.016240551294094416e+02
4.986650887035084452e+02
4.958613896915044279e+02
4.934781752103891108e+02
4.921738136690614169e+02
4.934933650736032291e+02
4.996545426833910710e+02
5.090028694613388893e+02
5.153220611035628735e+02
5.171404236021720635e+02
5.167383240553774613e+02
5.160204865587728591e+02
5.165676558487241437e+02
5.211591353795786290e+02
5.328144327846937358e+02
5.505810649437929669e+02
5.700653514726066078e+02
5.864413527838419213e+02
5.979214833018180570e+02
6.078670597566226661e+02
6.149732797424325099e+02
6.175192173632294725e+02
6.173165053636723769e+02
6.159600243947384115e+02
6.142552480113068896e+02
6.124739894013403045e+02
6.107288859983053726e+02
6.090872823023468072e+02
6.076394252044910900e+02
6.065516086922579007e+02
6.066543358182971133e+02
6.106570064882449742e+02
6.255544165277054844e+02
6.523968237516414774e+02
6.786497298738324844e+02
6.947153951916762935e+02
6.999129164595310613e+02
6.996655536871170398e+02
6.990512227320989496e+02
7.024191467475528725e+02
7.123331971719069315e+02
7.216926365610895573e+02
7.248605634267030382e+02
7.247298277992838393e+02
7.233548764991029429e+02
7.214383321626092993e+02
7.193778398881017893e+02
7.178903715535556103e+02
7.182474662690603964e+02
7.237815082832955795e+02
7.413125214875068423e+02
7.674229944033728543e+02
7.877050493759013534e+02
8.062814355882760537e+02
8.211451559016212514e+02
8.251783764126136020e+02
8.210471505691702987e+02
8.137896344194030007e+02
8.056255430800920294e+02
7.971568982503989673e+02
7.887899085580124847e+02
7.807630390434421770e+02
7.732754199959085781e+02
7.665784663802777459e+02
7.609532886757106098e+02
7.565279309674292563e+02
7.531269748919337417e+02
7.504608780942145358e+02
7.481541602377955087e+02
7.462102186566589808e+02
7.446694682153348595e+02
7.435687064739845482e+02
7.428792438218661118e+02
7.426099394249542911e+02
7.426191996776022961e+02
7.426411338452439850e+02
7.425074544025555952e+02
7.423556838923543637e+02
7.425020670489024042e+02
7.430885999513931210e+02
7.441405836323813219e+02
7.450798646003364638e+02
7.451366139178993535e+02
7.433733201660116947e+02
7.402993107462907574e+02
7.364831789930681225e+02
7.324794980346596276e+02
7.286747154467219616e+02
7.253903998408873122e+02
7.226977819003730019e+02
7.206328586931379050e+02
7.192070615967454614e+02
7.183698655445199392e+02
7.179336270489270646e+02
7.174635170097027412e+02
7.167218990475046212e+02
7.156190067199345322e+02
7.140948692792300108e+02
7.121686065493720434e+02
7.098873819199116042e+02
7.073590017577254230e+02
7.047529815949881140e+02
7.022942284421270642e+02
7.002530107353559288e+02
6.988397259809942170e+02
6.981722937094766621e+02
6.980933024673538512e+02
6.979137286102243252e+02
6.975162306722145331e+02
6.968442975879117967e+02
6.958656544901772349e+02
6.947441994250704056e+02
6.935815358781038640e+02
6.924538116522894597e+02
6.917178740888672337e+02
6.919060822646459883e+02
6.938133993606386412e+02
6.981767541538893056e+02
7.050521048581957757e+02
7.140395235183904106e+02
7.235257191400247621e+02
7.314279999962163856e+02
7.364605604050035481e+02
7.388608649846191838e+02
7.391429757082654532e+02
7.380844844059995467e+02
7.362962287828767103e+02
7.344611476537419321e+02
7.333169312624103213e+02
7.336945826207005439e+02
7.364871865726828446e+02
7.416523336565144291e+02
7.478297556339977064e+02
7.539835110332080603e+02
7.597419233671627126e+02
7.647190589412921327e+02
7.680127613265103719e+02
7.689368257119022019e+02
7.672398526065153419e+02
7.633724076307270252e+02
7.578448197072312951e+02
7.510713107451664428e+02
7.434248863698463765e+02
7.351416861378946805e+02
7.264630498987236251e+02
7.175964027046676392e+02
7.087382735744373576e+02
7.000819952320450739e+02
6.918436119256957682e+02
6.841848017582607326e+02
6.772709687308928324e+02
6.711344664976979857e+02
6.653673649357399427e+02
6.597654023088709891e+02
6.543690763636149086e+02
6.490331352936671010e+02
6.439854278640683560e+02
6.394443309912876430e+02
6.355899490494183510e+02
6.325442232820022355e+02
6.304546796965047406e+02
6.292779895348739956e+02
6.288918237593536560e+02
6.290057784487665913e+02
6.292513700724573482e+02
6.292540327106460154e+02
6.287775939759783341e+02
6.276607960332011089e+02
6.259058440012611300e+02
6.235711987201503916e+02
6.207402255281569978e+02
6.175479683824663653e+02
6.140792143442836277e+02
6.104505404591950537e+02
6.067395123189249944e+02
6.030216876094714280e+02
5.993603954860705016e+02
5.958074365072103546e+02
5.924106987902486026e+02
5.870976228929737317e+02
5.812099615900110621e+02
5.754273058401911385e+02
5.697703394017753453e+02
5.642463030158272659e+02
5.588711983597927428e+02
5.536547413009404863e+02
5.486056379505855602e+02
5.437435318461790530e+02
5.390721886477371072e+02
5.346185804400591906e+02
5.303923035081392072e+02
5.264175561853976433e+02
5.227192762485462936e+02
5.193098465618681985e+02
5.162163260536411826e+02
5.134277944445381081e+02
5.109242644389715906e+02
5.086501744948650980e+02
5.064982239078957491e+02
5.043514524603428413e+02
5.020599646027025642e+02
4.995170909085965718e+02
4.966547748122021062e+02
4.921258771297304406e+02
4.872316786547850711e+02
4.824489618738869012e+02
4.777799244190189825e+02
4.732148675823701751e+02
4.687523849490878547e+02
4.643884371567591529e+02
4.601164955738001368e+02
4.559374843865653020e+02
4.518426597989960101e+02
4.478313113879303273e+02
4.438993350484465736e+02
4.400417333641258324e+02
4.362596026387314510e+02
4.325450015236887680e+02
4.289008998517965665e+02
4.253207068373189372e+02
4.218054048566846745e+02
4.183526125589519893e+02
4.149608408315194197e+02
4.116312367795453042e+02
4.083618239558353480e+02
4.051533665525424226e+02
4.020073257397037878e+02
