nan
4.359301521542736850e+02
4.330585302829265970e+02
4.302068645227869297e+02
4.273833228291073851e+02
4.245977675304540639e+02
4.218590546329726294e+02
4.191737517297142972e+02
4.165501547401188986e+02
4.139938824171707097e+02
4.115097924058403578e+02
4.091051565197066680e+02
4.067805209356186538e+02
4.045443758868620421e+02
4.023961480592362818e+02
4.003412584464611541e+02
3.983843559372139680e+02
3.965275021908249755e+02
3.947843075274438434e+02
3.931588802337674906e+02
3.916715755261803906e+02
3.903438745978758107e+02
3.892058174872944392e+02
3.883136357331445083e+02
3.877191347994935882e+02
3.875115579460457980e+02
3.879237219653171564e+02
3.890994743140630021e+02
3.912347009558428681e+02
3.944901293919562590e+02
3.991191601336653321e+02
4.051644122043111338e+02
4.126089617204459614e+02
4.211466215320879201e+02
4.302166773720236961e+02
4.391020646099140663e+02
4.471169310427782193e+02
4.537078316249485397e+02
4.586658029946224815e+02
4.619988757775972772e+02
4.638383406854036934e+02
4.644772917640468108e+02
4.641041307067358161e+02
4.629795603778114241e+02
4.612664794420089152e+02
4.591091967590910485e+02
4.566290116703248145e+02
4.538992632209834710e+02
4.509994955150015699e+02
4.476998073793858453e+02
4.443649887051807923e+02
4.410282198261835447e+02
4.377140725736141462e+02
4.344413412780780845e+02
4.312241078044755227e+02
4.280710778108655745e+02
4.249886553403105154e+02
4.219812859582753504e+02
4.190485738517677419e+02
4.161933181546788774e+02
4.134115629362572122e+02
4.107030089937779849e+02
4.080649165032343717e+02
4.054938890869224224e+02
4.029900365795321022e+02
4.005490110243442814e+02
3.981714481609478185e+02
3.958564815582197411e+02
3.936044499804626753e+02
3.914196351576962911e+02
3.893030182364014422e+02
3.872644064376304414e+02
3.853087176993046228e+02
3.834000307312976474e+02
3.816017982631877885e+02
3.799277481218813364e+02
3.784042840619991352e+02
3.770469491605999224e+02
3.758894062010505195e+02
3.749525355868983070e+02
3.742610509970787689e+02
3.738384197396728723e+02
3.736827056258157427e+02
3.737998052670491234e+02
3.741539105555540345e+02
3.747094011701354361e+02
3.754037422478629651e+02
3.761679346915279893e+02
3.769217265938724495e+02
3.775956629147472086e+02
3.781184917852220906e+02
3.784410214762678493e+02
3.785288563602949239e+02
3.783578199176301951e+02
3.779375050645854230e+02
3.772658717972451541e+02
3.763756379995000998e+02
3.753965604377276577e+02
3.742408241469215113e+02
3.729362244210512927e+02
3.715030625043153805e+02
3.699688586200585974e+02
3.683498675120457051e+02
3.666658138018422051e+02
3.649307132491377388e+02
3.631571440445819690e+02
3.613561444799449305e+02
3.595361985180330748e+02
3.577053049349117373e+02
3.558694962988055863e+02
3.540349669099107359e+02
3.522059235215016315e+02
3.503880410357380129e+02
3.485851243913833741e+02
3.468025723730029881e+02
3.450462400148519464e+02
3.433215943994789541e+02
3.416386902557741791e+02
3.400053549293292576e+02
3.384353928530175040e+02
3.369445696308806077e+02
3.355739221515439112e+02
3.343196084402833321e+02
3.332012236911564855e+02
3.322527746032647542e+02
3.315031090587625613e+02
3.309763753585643826e+02
3.307057745752562710e+02
3.306861299268090306e+02
3.309185096754108599e+02
3.313599583680001501e+02
3.319507667877336416e+02
3.326091108547659587e+02
3.332415625470068221e+02
3.337567294749563303e+02
3.340887876637229397e+02
3.341964870244522672e+02
3.340625108119192532e+02
3.337118722821528536e+02
3.331646523300663603e+02
3.324768205370124861e+02
3.316950791475089773e+02
3.308678700038037164e+02
3.300504530587988938e+02
3.292804124929025988e+02
3.286427234720598562e+02
3.281417789443528363e+02
3.277911109504985347e+02
3.276063400454516454e+02
3.275757645766263408e+02
3.276860387882094869e+02
3.279077921053917066e+02
3.282020753840864131e+02
3.285262792160508525e+02
3.288379834436458395e+02
3.290958094175495035e+02
3.292683424995549899e+02
3.293328531867771289e+02
3.292693905830022914e+02
3.290785143507363273e+02
3.287538609677916384e+02
3.283071525139602613e+02
3.277470447835735854e+02
3.270844471409478160e+02
3.263372435877315070e+02
3.255149636257744419e+02
3.246358762412895658e+02
3.237097813186742314e+02
3.227506994172525197e+02
3.217482815156647575e+02
3.207367676621899477e+02
3.197259041517000355e+02
3.187215253144752865e+02
3.177319082658519278e+02
3.167613544585286149e+02
3.158158648602547487e+02
3.148992022854361039e+02
3.140154826552206373e+02
3.131682294052092743e+02
3.123598456946245960e+02
3.115939667575295857e+02
3.108716332242531166e+02
3.101962789579899322e+02
3.095685974374952707e+02
3.089909657381048760e+02
3.084649046972434689e+02
3.079909652141571996e+02
3.075716542375872109e+02
3.072063421113052186e+02
3.068973055105565777e+02
3.066444274295768082e+02
3.064482846928385129e+02
3.063103082646706525e+02
3.062281131864875761e+02
3.062126472839114513e+02
3.062644237049132698e+02
3.063858930251740844e+02
3.065792991072845552e+02
3.068459082294316431e+02
3.071886624290796703e+02
3.076082713010686120e+02
3.081074417574913014e+02
3.086869198312143112e+02
3.093484097427501069e+02
3.100933345586601035e+02
3.109209558177417421e+02
3.118329297251765979e+02
3.128271888235393021e+02
3.139030675950523914e+02
3.150610193868697024e+02
3.162993141485569026e+02
3.176219058941908315e+02
3.190332451422272015e+02
3.205327104128737119e+02
3.221255419839179126e+02
3.237900746993867642e+02
3.254996693253165745e+02
3.273067473534969736e+02
3.290173126755694852e+02
3.305621045149846395e+02
3.318897369102682546e+02
3.329658833661336530e+02
3.337862937649933315e+02
3.343631803427749105e+02
3.347177229056537726e+02
3.348787654214917211e+02
3.348700139700378031e+02
3.347181140205306065e+02
3.344412888374963018e+02
3.340596219513147389e+02
3.335853526016286992e+02
3.330318575851065361e+02
3.324096141115014120e+02
3.317246587649142953e+02
3.309867598808264688e+02
3.302000438858323719e+02
3.293738954282890177e+02
3.285170210584858523e+02
3.276384881264154956e+02
3.267502506253769070e+02
3.259589474201881103e+02
3.252652291369689124e+02
3.245900243050295444e+02
3.239304057535242691e+02
3.232812430629663822e+02
3.226362856665973027e+02
3.219888493081039655e+02
3.213320747603297036e+02
3.206608264123652816e+02
3.199689276508256626e+02
3.192546532941811392e+02
3.185148392021200721e+02
3.177498192747232792e+02
3.169601199640364371e+02
3.161471630748617940e+02
3.153141646861405434e+02
3.144635161551520923e+02
3.135996047764806463e+02
3.127255487066848332e+02
3.118458202555745515e+02
3.109639234983735037e+02
3.100838123306044167e+02
3.092091966103916434e+02
3.083433492120753385e+02
3.075428169945706713e+02
3.067860988134861486e+02
3.060431045849901466e+02
3.053160717123174663e+02
3.046078649088405541e+02
3.039205281183020588e+02
3.032558094654064007e+02
3.026157728315956206e+02
3.020011950971207852e+02
3.014138908973211528e+02
3.008541983836923919e+02
3.003229566607071774e+02
2.998206435212618999e+02
2.993469543256347833e+02
2.989023908514045047e+02
2.984860163046570278e+02
2.980977050221948730e+02
2.977365881159446417e+02
2.974015015942474633e+02
2.970918929010376814e+02
2.968059140302421497e+02
2.965429057208286849e+02
2.963010141795723484e+02
2.960791272620404584e+02
2.958831879482265776e+02
2.957084331283845700e+02
2.955492957419160689e+02
2.954042534690524917e+02
2.952731953613992459e+02
2.951551033015985581e+02
2.950499921889340271e+02
2.949581254954586029e+02
2.948795462167074675e+02
2.948160244372540433e+02
2.947681719225766415e+02
2.947389242894508357e+02
2.947307642686967029e+02
2.947473662367727911e+02
2.947945205565703191e+02
2.948771250890711713e+02
2.950053688092135076e+02
2.951877938614138657e+02
2.954385289655568272e+02
2.957744151712281564e+02
2.962127058454359485e+02
2.967806234794754232e+02
2.974968605348639699e+02
2.983890567499765325e+02
2.994756336271901205e+02
3.007613968081465146e+02
3.022360026274255347e+02
3.038701369759160684e+02
3.056311535233093082e+02
3.074767349114558215e+02
3.093639605206141709e+02
3.112551337305456514e+02
3.131172720816860533e+02
3.149121095750098789e+02
3.166171756489021618e+02
3.182014813799603417e+02
3.196435555071122394e+02
3.209319047655269515e+02
3.220497895084387778e+02
3.230033520433221383e+02
3.237883926725441484e+02
3.244136863491909821e+02
3.248875809946405298e+02
3.252165050660266274e+02
3.254152469533543695e+02
3.254910550978258357e+02
3.254572726786018961e+02
3.253239479142753225e+02
3.250497756987433036e+02
3.246717502823354380e+02
3.242279965502198706e+02
3.237318961894332006e+02
3.231991144415469535e+02
3.226496067590741177e+02
3.221162651934826044e+02
3.216478764036375537e+02
3.213265357924222485e+02
3.212961238369487660e+02
3.217566432407583079e+02
3.230462614931132066e+02
3.254962895919493917e+02
3.293783309226445795e+02
3.346262981712029614e+02
3.407210344119902174e+02
3.470238775020939102e+02
3.531262219665379689e+02
3.587532420614622879e+02
3.638257472235500245e+02
3.682439551698117270e+02
3.718699460992793888e+02
3.746106319965156786e+02
3.764067518874315397e+02
3.772580157922010926e+02
3.775893119075608411e+02
3.776013978919997385e+02
3.775486069840483765e+02
3.775690886532037780e+02
3.777284384014849365e+02
3.779666883149774890e+02
3.781673168463836419e+02
3.781983015621884761e+02
3.779684419765638950e+02
3.774427892546643761e+02
3.766502850288790114e+02
3.756201167416196540e+02
3.744104459969460095e+02
3.730601236692401130e+02
3.716070304499760368e+02
3.700874087361089551e+02
3.685258263424133247e+02
3.669498086808004018e+02
3.653730528518754568e+02
3.638028526045017088e+02
3.622374921482532386e+02
3.606657395922560454e+02
3.590807741297414850e+02
3.573695637320425362e+02
3.556028644454610799e+02
3.538497713402791760e+02
3.521285987788892271e+02
3.504728379544512791e+02
3.489076971156577542e+02
3.474633101473421561e+02
3.461649092375051850e+02
3.450305922844173097e+02
3.440801222591891246e+02
3.433193738213194592e+02
3.427566828298297992e+02
3.423934435551558977e+02
3.422264615684536011e+02
3.422601711216900071e+02
3.424897023583521900e+02
3.429187100432824877e+02
3.435501336424753731e+02
3.443797066223190200e+02
3.454156086316623941e+02
3.466477512732560626e+02
3.480724367994709496e+02
3.496809020417264833e+02
3.514517656961913303e+02
3.534317082606026474e+02
3.557029243586154621e+02
3.580652303077235388e+02
3.605046594783070759e+02
3.630039084720513074e+02
3.655623063388946434e+02
3.681678903198497324e+02
3.708163870636529964e+02
3.735035099715591400e+02
3.762121386852386991e+02
3.789360823809377052e+02
3.816506678596219331e+02
3.843297846548511529e+02
3.869462636905870454e+02
3.894557534560381100e+02
3.918234949063483441e+02
3.940242267493122199e+02
3.960405382478034539e+02
3.978998299125326525e+02
3.996315829143457563e+02
4.012837456433587704e+02
4.029077839266898309e+02
4.045204372447308856e+02
4.061383327300731025e+02
4.076764262185159282e+02
4.092559545576816618e+02
4.107297055089620130e+02
4.120502288341434678e+02
4.131821697180191677e+02
4.141246325841261751e+02
4.148827547931115873e+02
4.154927312738349201e+02
4.159892436513171106e+02
4.164116223589841184e+02
4.167985435123335947e+02
4.171712595531864736e+02
4.175485733133728559e+02
4.179258948851456239e+02
4.182941053015827038e+02
4.186351250654821001e+02
4.189276814523963708e+02
4.191595342940802311e+02
4.193211560373693487e+02
4.194074829088274896e+02
4.194239003424108319e+02
4.193671103045879249e+02
4.192402604808906403e+02
4.190376526637371626e+02
4.187122666751258180e+02
4.182748114380683546e+02
4.177178746269823932e+02
4.170360892821622087e+02
4.162250746690462506e+02
4.152801017067279190e+02
4.142093915879125348e+02
4.130154356426133972e+02
4.117106476253148912e+02
4.103060849578585021e+02
4.088116857234167583e+02
4.072419583881246581e+02
4.056044786133984985e+02
4.039107390164406297e+02
4.021677919904965393e+02
4.003820023497775651e+02
3.985601155382824459e+02
3.967055737261795230e+02
3.948241721919267206e+02
3.929197066735213184e+02
3.909960875119602406e+02
3.890585464342072441e+02
3.871101362387356630e+02
3.851563974589493569e+02
3.831495030383319431e+02
3.810984776384274824e+02
3.790592750584625037e+02
3.770344413596320692e+02
3.750287217331538727e+02
3.730442344348313668e+02
3.710839284278455921e+02
3.691505051286899857e+02
3.672446551814567783e+02
3.653689700834967198e+02
3.635231846953057584e+02
3.617082382076395106e+02
3.599240670969451230e+02
3.581695869999344382e+02
3.564447732338165906e+02
3.547475907199773246e+02
3.530770654593690665e+02
3.514315348319979080e+02
3.498090058860785803e+02
3.482082471133713284e+02
3.466272248046332152e+02
3.450646567538215663e+02
3.435194496199977152e+02
3.419903694859489178e+02
3.405257040482929369e+02
3.391273667889008152e+02
3.377432279234994326e+02
3.363733051297322731e+02
3.350176561148584256e+02
3.336771687688998327e+02
3.323524356089185972e+02
3.310447579453751246e+02
3.297552813582972249e+02
3.284855198386033521e+02
3.272369463392597595e+02
3.260108988410773918e+02
3.248090419862007252e+02
3.236323733354075785e+02
3.224825703630224893e+02
3.213603030530065325e+02
3.202667216367847800e+02
3.192024566905864162e+02
3.181677685041967152e+02
3.171633089558330312e+02
3.161885820935428342e+02
3.152438301631988793e+02
3.143283306397774481e+02
3.134415117209618984e+02
3.126085162837756570e+02
3.117685292036486544e+02
3.109534441909885345e+02
3.101618669846655507e+02
3.093928831278898315e+02
3.086453546432022677e+02
3.079181885742095233e+02
3.072104976706166894e+02
3.065213575531765855e+02
3.058500618009112486e+02
3.051960579931441089e+02
3.045588640038047288e+02
3.039382773345329269e+02
3.033341523766296746e+02
3.027465330425786192e+02
3.021757377448660691e+02
3.016220070833712157e+02
3.010860504094379166e+02
3.005682775995956604e+02
3.000696394680268781e+02
2.995909265869628371e+02
2.991330148178099080e+02
2.986972975966140780e+02
2.982844084268559186e+02
2.979036137267119102e+02
2.975475649447359388e+02
2.972185963474661889e+02
2.969182648861822713e+02
2.966475918853525968e+02
2.964092771535553084e+02
2.962041517272161286e+02
2.960352432146575552e+02
2.959045196432644502e+02
2.958142723097244584e+02
2.957684909721368172e+02
2.957690538384480874e+02
2.958211026670516048e+02
2.959282924713235161e+02
2.960954147737264179e+02
2.963305125219756064e+02
2.966379412698760234e+02
2.970283364117404972e+02
2.975086288562368395e+02
2.980861149329386421e+02
2.987677130534574985e+02
2.995455729127540963e+02
3.004084668208271864e+02
3.013226253886940640e+02
3.023069241562726575e+02
3.032828179051063557e+02
3.042167920319371319e+02
3.050974377981089560e+02
3.059412798428271572e+02
3.067757109277035283e+02
3.076334023268856299e+02
3.085514941557810289e+02
3.095584027800300078e+02
3.106752229955461075e+02
3.119124604573534043e+02
3.132606901070691379e+02
3.146994605238601821e+02
3.161958930908471643e+02
3.177202567777657691e+02
3.192419580900455571e+02
3.207569973835634300e+02
3.222579082721040891e+02
3.237549087789350892e+02
3.252499789532004684e+02
3.267371195128881141e+02
3.282067090211694449e+02
3.296337768756924902e+02
3.309953535123443658e+02
3.323803776521647819e+02
3.336169919938573685e+02
3.347273598235969416e+02
3.357118558459224573e+02
3.365712901564799040e+02
3.373134734737074041e+02
3.379418081992251928e+02
3.384611954341812066e+02
3.388756434803813704e+02
3.391852048724235829e+02
3.393934626233737504e+02
3.395001162123394920e+02
3.395060511983030551e+02
3.394140473355756171e+02
3.392232914616104722e+02
3.389387468745698584e+02
3.385619577176664734e+02
3.380975962510411819e+02
3.375515730279754507e+02
3.369280881462024126e+02
3.362358131086726303e+02
3.354801236615759308e+02
3.346693221200013681e+02
3.338107201298142854e+02
3.329757320247819052e+02
3.321028508639369647e+02
3.312039577163004651e+02
3.302863245437096680e+02
3.293564409424639052e+02
3.284214419914558221e+02
3.274891398417638584e+02
3.265701902183949414e+02
3.256769337633714940e+02
3.248290101401944980e+02
3.240544415754563374e+02
3.233918918026826645e+02
3.229087748917023077e+02
3.226772592441162715e+02
3.228114113905899671e+02
3.234014484595356862e+02
3.244955968173393899e+02
3.260384799902751638e+02
3.278171365551133931e+02
3.295603729959771613e+02
3.310584916130017064e+02
3.322431775489422989e+02
3.331856636595034047e+02
3.340447820103108256e+02
3.349211248993291292e+02
3.360364373516125056e+02
3.375513740100249720e+02
3.395006952068992518e+02
3.418374636917216662e+02
3.444258703182612749e+02
3.471239506998877573e+02
3.497893581113262371e+02
3.523622350979769067e+02
3.548246033620946491e+02
3.572266976976017077e+02
3.596330366578281428e+02
3.621218366019022028e+02
3.647331743551378622e+02
3.674539807947855934e+02
3.702551481955011354e+02
3.731088708755595462e+02
3.760831906637603765e+02
3.793538157071382670e+02
3.832151618435939326e+02
3.879530475931033493e+02
3.937624631547793683e+02
4.004577206321104654e+02
4.076037187490343285e+02
4.144562414187074637e+02
4.210521112432227255e+02
4.274286742635711107e+02
4.342152885595477869e+02
4.417928108266930849e+02
4.495849808393161311e+02
4.564589326169937067e+02
4.617761475516049359e+02
4.657892709468871999e+02
4.689302374251544734e+02
4.717036159588113264e+02
4.745510200659215343e+02
4.779957254686532337e+02
4.822388166584742635e+02
4.868537013778238816e+02
4.906971450167105786e+02
4.929484606281034189e+02
4.935632939734968545e+02
4.930593839989898584e+02
4.918537793012026782e+02
4.902889280844421478e+02
4.885356330820258677e+02
4.866980200266844463e+02
4.848356512864042429e+02
4.828553378542497967e+02
4.808925126525763289e+02
4.789560731471046324e+02
4.770493523011949151e+02
4.751736767225567064e+02
4.733304677599929278e+02
4.715185159635299783e+02
4.697428007304625908e+02
4.680038183644118135e+02
4.663064589391568688e+02
4.646562579672727225e+02
4.630543598668953109e+02
4.615068441831257928e+02
4.600143678624743302e+02
4.585790290036497368e+02
4.572035632720675267e+02
4.558908802203874302e+02
4.546442979269216380e+02
4.534711821168154415e+02
4.523755511752033271e+02
4.513623019349237779e+02
4.504373642411367769e+02
4.495949910670510690e+02
4.488339857691743191e+02
4.481393843418525762e+02
4.474820418060780298e+02
4.468513799518322571e+02
4.462217060486518108e+02
4.455728243218262605e+02
4.448859393463569063e+02
4.441378847824561262e+02
4.433151417915673278e+02
4.423993250837987148e+02
4.413728103399336646e+02
4.402270851630561879e+02
4.389479060960169363e+02
4.375288426682816407e+02
4.359676809488951221e+02
4.342587056118446753e+02
4.324107630618624967e+02
4.304277913273899117e+02
4.283198114470744713e+02
4.261012946809048572e+02
4.237812785170193024e+02
4.213768837338154754e+02
4.188991961036347789e+02
4.163601615602221955e+02
4.137718504119100089e+02
4.109847712782556641e+02
4.080676049711858582e+02
4.051319696121094012e+02
4.021844842827662774e+02
3.992331690294407167e+02
3.962825804939822660e+02
3.933389679352052326e+02
3.904071953230502459e+02
3.874909988109781693e+02
3.845957381024742858e+02
3.817238438559017482e+02
3.788796047811574681e+02
3.760660050236211873e+02
3.732854070709092298e+02
3.705414886140765134e+02
3.678355507958225985e+02
3.651708855630107564e+02
3.625492634564412242e+02
3.599726542904102189e+02
3.574437905260789989e+02
3.549637615229690937e+02
3.525356453586458088e+02
3.501607980317913871e+02
3.478417648322743503e+02
3.456140740670206810e+02
3.434230410777087172e+02
3.412966614123177465e+02
3.392363072959959140e+02
3.372455704279794304e+02
3.353265470440070999e+02
3.334818673172745775e+02
3.317148416681685603e+02
3.300268759190874448e+02
3.284217463863643616e+02
3.269004705252723397e+02
3.254654936775872329e+02
3.241183804923401226e+02
3.228591214414605588e+02
3.216893046672540208e+02
3.206072240632043417e+02
3.196125100237736092e+02
3.187032198058390691e+02
3.178759009620554252e+02
3.171282296988371172e+02
3.164548906188300634e+02
3.158516689874635404e+02
3.153135347318198569e+02
3.148338229181953238e+02
3.143997978789656713e+02
3.140461284389450043e+02
3.137312402109451455e+02
3.134484841821303576e+02
3.131902032820066779e+02
3.129515757965876901e+02
3.127256218458308581e+02
3.125078271437973854e+02
3.122936132965751881e+02
3.120784030689362112e+02
3.118596279405429641e+02
3.116334907649593902e+02
3.113983119278151435e+02
3.111521036588856077e+02
3.108934829677257312e+02
3.106219356454191143e+02
3.103364927378755169e+02
3.100374456516570945e+02
3.097246935379217234e+02
3.093987922685042236e+02
3.090602821214238247e+02
3.087097722753564994e+02
3.083481486844842721e+02
3.079761282643053732e+02
3.075636044889482150e+02
3.070964045132864726e+02
3.066231243177072656e+02
3.061450597798977356e+02
3.056632286013886528e+02
3.051789291250784686e+02
3.046931459267575519e+02
3.042069817428713918e+02
3.037214911152062200e+02
3.032375550709477920e+02
3.027562771162011472e+02
3.022784910456521743e+02
3.018051874964230592e+02
3.013372342940107274e+02
3.008754446355646905e+02
3.004207625986560402e+02
2.999740005924011825e+02
2.995360423543788215e+02
2.991077035828664634e+02
2.986898471418152781e+02
2.982833113690174400e+02
2.978890548844194655e+02
2.975079580415376768e+02
2.971409945717322785e+02
2.967760854261891268e+02
2.964529330111069498e+02
2.961481018181794411e+02
2.958625968113349813e+02
2.955979130001815065e+02
2.953554148274509998e+02
2.951363661632546496e+02
2.949427685881696561e+02
2.947757087250423638e+02
2.946375765768817701e+02
2.945297698166567102e+02
2.944543791464108722e+02
2.944137520697519790e+02
2.944093288422479304e+02
2.944443960020510076e+02
2.945202270104507534e+02
2.946400797842754287e+02
2.948061875200233999e+02
2.950207177397816167e+02
2.952875441078090262e+02
2.956079358905112144e+02
2.959864212281727305e+02
2.964249096803114867e+02
2.969268142340112604e+02
2.974971346867924353e+02
2.981184780652048971e+02
2.988085820229630372e+02
2.995677554376453031e+02
3.003998410688766967e+02
3.013067045011510459e+02
3.022889665730426714e+02
3.033502318928376553e+02
3.044884716279719896e+02
3.057060099660965875e+02
3.070007371532693128e+02
3.083711957726996502e+02
3.098160350233442841e+02
3.113305070835103834e+02
3.129119644332606640e+02
3.145544332104575460e+02
3.162522222462253012e+02
3.179976750036585713e+02
3.197814000351701225e+02
3.215920879111380373e+02
3.234175826976664325e+02
3.252413922573639979e+02
3.270488810078941242e+02
3.288214682801266235e+02
3.304824648626370731e+02
3.319765982376163720e+02
3.333774609987133317e+02
3.346766855098201177e+02
3.358623252775552146e+02
3.369277155508468695e+02
3.378714269126485306e+02
3.386883883946208584e+02
3.393840527624284960e+02
3.399598156297140576e+02
3.404214086203967895e+02
3.407779303592103588e+02
3.410335396713358591e+02
3.411996709688727947e+02
3.412819310701731297e+02
3.412883248183180172e+02
3.412264694303714805e+02
3.410998636528892121e+02
3.409152360400123030e+02
3.406743939904192757e+02
3.403809988250886818e+02
3.400369167367579735e+02
3.396429637912939370e+02
3.392012491789585624e+02
3.387280007906750825e+02
3.382316387421553827e+02
3.376879008383207861e+02
3.370986042214225336e+02
3.364654750130313801e+02
3.357902595280963283e+02
3.350751175492413267e+02
3.343216146529748016e+02
3.335322750611703668e+02
3.327083297910679107e+02
3.318527004124495079e+02
3.309668889289650906e+02
3.300535209070474139e+02
3.291150934828889376e+02
3.281535345440061633e+02
3.271725548623925306e+02
3.261738962387531728e+02
3.251618168014631465e+02
3.241390099274617000e+02
3.231091727645474521e+02
3.220763930462723010e+02
3.210438279119451863e+02
3.200166857700759238e+02
3.189984443317058549e+02
3.180393943013226590e+02
3.170937590496535563e+02
3.161742309049336086e+02
3.152867624393055053e+02
3.144367996571709227e+02
3.136317188325485859e+02
3.128780331146035110e+02
3.121845695287313447e+02
3.115600811109757160e+02
3.110151580076307027e+02
3.105620556498145106e+02
3.102135849614689391e+02
3.099855879868142097e+02
3.098927389520247857e+02
3.099521123110359326e+02
3.101786943184872598e+02
3.105850681028713325e+02
3.111813274707384380e+02
3.119666536118966178e+02
3.129372991020518384e+02
3.140748788634929838e+02
3.153546751331696782e+02
3.167445682783367147e+02
3.182010595326523230e+02
3.196812688561781215e+02
3.211482612789109226e+02
3.225532006884937459e+02
3.238557436451583271e+02
3.250204785846959226e+02
3.260176321933805070e+02
3.268241519323907482e+02
3.274236811813462396e+02
3.278108420545250397e+02
3.279882069597194914e+02
3.279648633387283780e+02
3.277604721995421642e+02
3.273908348803311696e+02
3.268811407509854803e+02
3.262500806199085446e+02
3.255180160391305435e+02
3.247032162818686061e+02
3.238197585180030273e+02
3.228831567465654757e+02
3.219033322728583357e+02
3.208915904300934017e+02
3.198559950447401548e+02
3.188041115543722981e+02
3.177430860830601773e+02
3.166876603441418752e+02
3.156291769068615167e+02
3.145765166287717420e+02
3.135343176732566235e+02
3.125069535059434997e+02
3.114977783851304025e+02
3.105107792815705352e+02
3.095489930067028013e+02
3.086155448114389515e+02
3.077138136072650809e+02
3.068459737640488356e+02
3.060150519513075551e+02
3.052231760618855674e+02
3.044723244185808539e+02
3.037648826210449329e+02
3.031018670705800560e+02
3.024850410991865601e+02
3.019152208564231046e+02
3.013926921145852020e+02
3.009183793861328695e+02
3.004919190923341716e+02
3.001137676943367865e+02
2.997857449611140055e+02
2.995097989463087629e+02
2.993280633371381327e+02
2.992441477999907988e+02
2.992726855567659641e+02
2.994473452259124997e+02
2.997947363260226439e+02
3.003503488912956527e+02
3.011164132760453640e+02
3.020722715051741716e+02
3.031676559957364248e+02
3.043585102162089129e+02
3.056402250901389266e+02
3.070184891673430911e+02
3.085151591281598371e+02
3.100969986503305904e+02
3.117142892658694109e+02
3.132892973119100475e+02
3.147713445383634507e+02
3.161255650592139546e+02
3.173870029771716190e+02
3.186212119146653663e+02
3.199183735785623526e+02
3.213999230770956501e+02
3.231530646164100062e+02
3.252452786590637857e+02
3.277793725676842769e+02
3.305281109897368879e+02
3.333926512820567609e+02
3.362304535688259648e+02
3.389468593873687041e+02
3.414850638220760288e+02
3.438361810155418539e+02
3.459841984829925536e+02
3.479073598899096851e+02
3.495511157825894202e+02
3.508722006895586674e+02
3.518390271339156925e+02
3.524357181866081987e+02
3.526959624310409254e+02
3.526420179924267586e+02
3.523263029766375212e+02
3.517897766571068132e+02
3.510752695542491324e+02
3.502246677070149303e+02
3.492702246122279348e+02
3.482429734509398145e+02
3.471655617564032354e+02
3.460563596753830211e+02
3.449292067355086715e+02
3.438363667762889690e+02
3.427060936190741245e+02
3.415905973837625424e+02
3.404928260807485003e+02
3.394160383332950346e+02
3.383628817514514253e+02
3.373347832981694410e+02
3.363344622913463695e+02
3.353624195175993350e+02
3.344206536847030407e+02
3.335100827822724341e+02
3.326313448890845734e+02
3.317860658055624299e+02
3.309740620959761372e+02
3.301968278906785486e+02
3.294546084833264104e+02
3.287480112727936330e+02
3.280782776792867708e+02
3.274451829087707324e+02
3.268502136705347425e+02
3.262933615565630134e+02
3.257752457989882942e+02
3.252966393994321948e+02
3.248569302095374383e+02
3.245109172445721128e+02
3.241882518620554947e+02
3.239017695021323675e+02
3.236495230842565434e+02
3.234278305143234320e+02
3.232336566095082730e+02
3.230618067377205307e+02
3.229075030445080188e+02
3.227650004107287600e+02
3.226285343151120060e+02
3.224925586190096283e+02
3.223520041372069613e+02
3.222024636186976636e+02
3.220405409761672217e+02
3.218640019957130676e+02
3.216710985281920898e+02
3.214619656842742188e+02
3.212361184458650882e+02
3.209953840376358585e+02
3.207409331206873730e+02
3.204748341777914220e+02
3.201998604176969252e+02
3.199178601242004447e+02
3.196324937066712550e+02
3.194169369233752036e+02
3.192676544590282788e+02
3.191289876173031530e+02
3.190027263388445249e+02
3.188915936137772178e+02
3.187966603486777899e+02
3.187194419056668266e+02
3.186609742441511344e+02
3.186210630607798748e+02
3.186002288684150017e+02
3.185973766140464818e+02
3.186119373989298538e+02
3.186424797525636450e+02
3.186870345042090094e+02
3.187439215484253054e+02
3.188103051276877409e+02
3.188841791994503865e+02
3.189620584044253633e+02
3.190413574380991122e+02
3.191185874712328427e+02
3.191907686380470182e+02
3.192545547411175448e+02
3.193065071578150764e+02
3.193437080561574817e+02
3.193412438984975097e+02
3.193498072049459893e+02
3.193371917166617777e+02
3.193017137597365149e+02
3.192409418017427356e+02
3.191534644079178520e+02
3.190384161932311144e+02
3.188944529311710312e+02
3.187220470765027471e+02
3.185199722254206449e+02
3.182893905574397309e+02
3.180302043637183829e+02
3.177430271048287977e+02
3.174290644249012416e+02
3.170884313643455812e+02
3.167230504068010646e+02
3.163332626381586579e+02
3.159206581466548300e+02
3.154866136327798358e+02
3.150319294842318527e+02
3.145588433154492805e+02
3.140679445121629669e+02
3.135614631660031364e+02
3.130406580820015279e+02
3.124785124017430462e+02
3.118941159461630832e+02
3.113062137708658383e+02
3.107184056923384219e+02
3.101338437030555042e+02
3.095563574297751757e+02
3.089900186711132051e+02
3.084393246089500735e+02
3.079092748076147927e+02
3.074057025106307037e+02
3.069349421654242178e+02
3.065046622367713667e+02
3.061240464086152429e+02
3.058031201543063844e+02
3.055564293891077341e+02
3.053984863126365212e+02
3.053519080825262222e+02
3.054415468706129673e+02
3.057014488163172246e+02
3.061775804418597886e+02
3.069201307237245260e+02
3.080073890612185892e+02
3.095077861479081207e+02
3.115147330002815806e+02
3.140837475110716355e+02
3.171793974645163985e+02
3.207425739775505917e+02
3.245894062202427790e+02
3.284931207705358815e+02
3.322414590812796860e+02
3.356732827948399063e+02
3.387003647111675946e+02
3.413034533933417833e+02
3.434686395524681188e+02
3.452365552244153832e+02
3.466271877926800471e+02
3.476776907593410328e+02
3.484268789579651866e+02
3.489006641706873779e+02
3.491376686884573246e+02
3.491616255327580802e+02
3.489992577783914385e+02
3.486739238827295253e+02
3.482030789695198223e+02
3.476066465221350086e+02
3.468992878354742970e+02
3.460953867529433978e+02
3.452085478182161182e+02
3.441979829290743282e+02
3.431174482894772950e+02
3.419896709405741717e+02
3.408233726354467308e+02
3.396273267913497875e+02
3.384090139177219498e+02
3.371751721420762919e+02
3.359327565473979007e+02
3.346868819482959907e+02
3.334433800973076814e+02
3.322068870557876608e+02
3.309816106750631093e+02
3.297722981380350120e+02
3.285815319357595854e+02
3.274134366754713028e+02
3.262698915765425909e+02
3.251531935543413852e+02
3.240651633990146934e+02
3.230057485213839072e+02
3.219761223526805907e+02
3.209746096108707434e+02
3.200004871638423083e+02
3.190516075921930224e+02
3.181255223194840482e+02
3.171771986504355141e+02
3.162188563325491941e+02
3.152765996975231246e+02
3.143482116935124964e+02
3.134323425328367989e+02
3.125276371867455509e+02
3.116340252129780310e+02
3.107515086566830291e+02
3.098808389584627321e+02
3.090235223415431847e+02
3.081807129682409823e+02
3.073547710709287912e+02
3.065473309123406125e+02
3.057606404990354463e+02
3.049970848119242532e+02
3.042582782955527136e+02
3.035466202040464623e+02
3.028636068904708054e+02
3.022107747146331462e+02
3.015899375543571068e+02
3.010016463169988015e+02
3.004474046490371393e+02
2.999276166868910423e+02
2.994426555236390755e+02
2.989800465675205601e+02
2.985572652224446983e+02
2.981709792673117363e+02
2.978202348269494451e+02
2.975045155324366988e+02
2.972233208092031305e+02
2.969749543428548009e+02
2.967590585181998222e+02
2.965735609965292383e+02
2.964173366209894311e+02
2.962887953565679027e+02
2.961857795664724335e+02
2.961070587109909980e+02
2.960500470395544994e+02
2.960131354057662634e+02
2.959941333526854805e+02
2.959907465156607032e+02
2.960012933090199567e+02
2.960231709435561243e+02
2.960547062203691553e+02
2.960936963550626615e+02
2.961381429290924530e+02
2.961864602992141613e+02
2.962365894057970763e+02
2.962877516025828299e+02
2.963211133138775608e+02
2.963522000428289971e+02
2.963803204861586664e+02
2.964044667256146113e+02
2.964242388163007718e+02
2.964390304981408235e+02
2.964484045925029818e+02
2.964522800569664582e+02
2.964502922136482539e+02
2.964426004602091211e+02
2.964291398922876510e+02
2.964100520604360440e+02
2.963856582293439601e+02
2.963560656234033672e+02
2.963218378410904279e+02
2.962832484840580491e+02
2.962408653038206694e+02
2.961952320914602979e+02
2.961468210495548306e+02
2.960964113938031801e+02
2.960444497757284807e+02
2.959918197913306699e+02
2.959390280428496567e+02
2.958847146929279006e+02
2.958183416645561579e+02
2.957541634735802063e+02
2.956928408328877822e+02
2.956344548173213411e+02
2.955794409215370138e+02
2.955278694285393613e+02
2.954797553100453911e+02
2.954351804645424977e+02
2.953937578099454413e+02
2.953554344815388504e+02
2.953196697251746059e+02
2.952860697992824726e+02
2.952542330526852083e+02
2.952235462788796099e+02
2.951937862751124158e+02
2.951643938249991379e+02
2.951352543052144597e+02
2.951061715176421671e+02
2.950771999198973390e+02
2.950485317212744008e+02
2.950204543431569277e+02
2.949935045606741255e+02
2.949682152617076554e+02
2.949416508792975833e+02
2.949399081311939312e+02
2.949435134264485328e+02
2.949559826660753856e+02
2.949843404449062518e+02
2.950430488128065463e+02
2.951662487205419438e+02
2.954168971980398055e+02
2.959106484136990503e+02
2.967583386709995352e+02
2.979463581160416652e+02
2.992429727822536165e+02
3.004115438181776199e+02
3.013727635337068023e+02
3.022252943079003558e+02
3.030912387338555050e+02
3.041456301442053700e+02
3.056053055831498568e+02
3.078074509562313210e+02
3.111011223575832787e+02
3.155774735279563288e+02
3.208023605694743310e+02
3.259993535335667048e+02
3.307935116756265757e+02
3.352759451053915427e+02
3.397688360511460246e+02
3.435575480410637397e+02
3.463642776012925424e+02
3.481933361335975405e+02
3.493949757670164331e+02
3.502803289394819899e+02
3.511746476997685136e+02
3.523382731063407505e+02
3.540575334511039500e+02
3.565921027593648773e+02
3.600935846978700283e+02
3.645225251730443574e+02
3.694494158503894710e+02
3.742543510503356288e+02
3.783880789561707729e+02
3.816136698424260203e+02
3.839871288765205009e+02
3.857675120848252277e+02
3.871730242263839727e+02
3.884128158691920589e+02
3.895974831090933321e+02
3.907880185476900010e+02
3.920016865433422026e+02
3.932173965341274879e+02
3.945048375349676917e+02
3.957901227415641188e+02
3.970282985258252211e+02
3.981694227190533866e+02
3.991409312340977635e+02
3.998793713463170434e+02
4.003297171084557249e+02
4.004711666395083398e+02
4.002994277863572279e+02
3.998291000693725437e+02
3.990934866444139288e+02
3.981178430921168570e+02
3.969470942427339537e+02
3.956113412554702222e+02
3.941488854933494395e+02
3.925924861260248235e+02
3.909706563820967631e+02
3.893147256148736801e+02
3.876487901787070882e+02
3.859982169997192614e+02
3.843863087592172860e+02
3.828325079261830410e+02
3.813580159936512928e+02
3.799697950489734239e+02
3.786851656575635161e+02
3.775127292129815260e+02
3.764538462150474061e+02
3.755095118964410972e+02
3.746889732371772652e+02
3.745736134390656957e+02
3.738603682177079008e+02
3.732372871820277282e+02
3.726988654713669575e+02
3.722446898870443874e+02
3.718720905842213824e+02
3.715872903626333823e+02
3.713882106431181569e+02
3.712791948182458555e+02
3.712565497150216061e+02
3.713153789685416655e+02
3.714485572939032636e+02
3.716406984913909355e+02
3.718789954598378245e+02
3.721417040808051979e+02
3.724110425930896326e+02
3.726650918111692476e+02
3.728865086373812687e+02
3.730676838282166727e+02
3.731826166698541556e+02
3.732124941598049759e+02
3.731495964200643698e+02
3.729898363651514615e+02
3.727286305820174448e+02
3.723693754356953036e+02
3.719109585856984950e+02
3.713599479333907993e+02
3.707201928352194500e+02
3.699980031287589668e+02
3.692016821554317971e+02
3.683372192282145079e+02
3.674144079020630329e+02
3.664396031124624642e+02
3.654208919095697752e+02
3.643649686769855975e+02
3.632771492740984627e+02
3.621629254783494503e+02
3.610252888912804110e+02
3.598674952473337498e+02
3.586905781613721160e+02
3.574956089681923004e+02
3.562823223379264732e+02
3.549836972689033132e+02
3.535833074397355063e+02
3.521601396518525462e+02
3.507157796440296238e+02
3.492497950854509554e+02
3.477639553486861814e+02
3.462602268899047999e+02
3.447398532651149026e+02
3.432073573786734642e+02
3.416646579615376140e+02
3.401169452400117734e+02
3.385682398745752266e+02
3.370230087729710817e+02
3.354871240184015733e+02
3.339648160420695717e+02
3.324623888127682108e+02
3.309848967179854071e+02
3.295378209029255459e+02
3.281268350066633843e+02
3.267567030035504558e+02
3.254326539754001715e+02
3.241592173759366915e+02
3.229405458658267776e+02
3.217802315608102504e+02
3.206617502864901326e+02
3.196151376284166759e+02
3.186521647460950248e+02
3.177731147664563309e+02
3.169779742961053444e+02
3.162662361072750059e+02
3.156344669334853847e+02
3.150820893046409310e+02
3.146043566714406552e+02
3.141991565782868747e+02
3.138630661093420144e+02
3.135909569934431147e+02
3.133813201916406683e+02
3.132274117042425132e+02
3.131270306116467168e+02
3.130742572773950769e+02
3.130637749042235782e+02
3.130915027729996609e+02
3.131496287055339280e+02
3.132343021249571962e+02
3.133379126809552417e+02
3.134548319190992629e+02
3.135792351050931757e+02
3.137043144090928308e+02
3.137975638144000641e+02
3.138656534245138801e+02
3.139179829766208059e+02
3.139504100270688127e+02
3.139588196542216565e+02
3.139402983415820927e+02
3.138925312119126829e+02
3.138131990360284362e+02
3.137019764033300362e+02
3.135581263424357985e+02
3.133820699699805914e+02
3.131752859890153218e+02
3.129385928594791153e+02
3.126747427393881935e+02
3.123856337183656819e+02
3.120739589431129275e+02
3.117428220690224521e+02
3.113944354715708869e+02
3.110321097134620345e+02
3.106581762094568830e+02
3.102751417862088488e+02
3.098854549640593632e+02
3.094907094636761826e+02
3.090930008987716633e+02
3.086926278802601473e+02
3.082600034674855465e+02
3.078280417541001839e+02
3.073971780580196764e+02
3.069681030172908436e+02
3.065408661156214407e+02
3.061156656310431003e+02
3.056925096372813755e+02
3.052712437479399341e+02
3.048518997057053070e+02
3.044342398184605258e+02
3.040184439411073640e+02
3.036044467810241372e+02
3.031926691938365366e+02
3.027834842780268900e+02
3.023775849853636828e+02
3.019761776770147321e+02
3.015804893805093343e+02
3.011933417929827783e+02
3.008181482605097017e+02
3.004621601049709625e+02
3.001389533127209575e+02
2.998744242562538034e+02
2.997277563217242573e+02
2.997898622921590004e+02
3.002604827235286962e+02
3.013899610392961677e+02
3.033549051626920345e+02
3.060904351334137914e+02
3.094268319516850170e+02
3.134981898993062259e+02
3.190066055786182346e+02
3.266903624897855707e+02
3.367591754884360284e+02
3.480770049871098308e+02
3.586978040406992250e+02
3.680744245191928599e+02
3.771604030641546501e+02
3.870690508394682183e+02
3.985259716728829176e+02
4.105264577637225898e+02
4.206297940832222366e+02
4.281394184086653922e+02
4.337626206350262237e+02
4.383858504290727751e+02
4.423567952639651253e+02
4.455770665675996725e+02
4.477133559377551251e+02
4.482843215853021661e+02
4.476200531438081498e+02
4.460728427346774083e+02
4.439787550424662186e+02
4.415857469063435019e+02
4.390662864654104851e+02
4.365377293648680848e+02
4.340724425317450255e+02
4.317148166029167555e+02
4.294926969371909422e+02
4.274167180278478213e+02
4.254821571007564671e+02
4.236765485956066186e+02
4.219674479843209269e+02
4.203183269190248552e+02
4.186840222558844289e+02
4.170221666183457501e+02
4.152910663842195049e+02
4.134680323045861883e+02
4.115332528589635217e+02
4.094870583186607291e+02
4.073357809752582170e+02
4.050899033814845325e+02
4.027697895806658721e+02
4.003961186193066055e+02
3.979884937238114730e+02
3.955597732849789736e+02
3.931218432339700257e+02
3.906850123712657705e+02
3.882541087530552204e+02
3.858339668544041388e+02
3.834248511629619998e+02
3.810265808243211154e+02
3.786361323344593757e+02
3.762514289271522330e+02
3.738689684280719234e+02
3.714866930333070627e+02
3.691037422472926437e+02
3.667185017729526635e+02
3.643336784071324246e+02
3.619493621067516074e+02
3.595695040554400634e+02
3.571966206806608284e+02
3.548340333998728511e+02
3.524859118245277045e+02
3.501548239162215168e+02
3.478452437687425345e+02
3.455597438994586810e+02
3.433521533213940415e+02
3.411810015070022928e+02
3.390482548006365278e+02
3.369566614841340879e+02
3.349086135787075023e+02
3.329066826024064198e+02
3.309526610573111611e+02
3.290492473330431267e+02
3.271980110266839574e+02
3.254016920115889775e+02
3.236623117772660976e+02
3.219822046467512564e+02
3.203645173191198978e+02
3.188111953875636004e+02
3.173265260577893514e+02
3.159129311060623309e+02
3.145749635760451497e+02
3.133166886144313708e+02
3.121419870336308691e+02
3.110569920366763199e+02
3.100648266420818118e+02
3.091723698444711204e+02
3.083829082279058866e+02
3.077011043089447639e+02
3.071448748317272930e+02
3.066957980244643522e+02
3.063578307104309602e+02
3.061254127537310978e+02
3.059944752272421624e+02
3.059563140081202732e+02
3.059992266244179291e+02
3.061113634938702717e+02
3.062763286845274138e+02
3.064784857157399074e+02
3.067013057734956192e+02
3.069281580162656837e+02
3.071439656681520773e+02
3.073359390964532167e+02
3.074908377301226778e+02
3.076015020354017224e+02
3.076593400477244131e+02
3.076604290583011334e+02
3.076028775712963466e+02
3.074845119682612449e+02
3.073085672964567152e+02
3.070758297226140030e+02
3.067911227718025771e+02
3.064589503791258949e+02
3.060685984636446619e+02
3.056246216643382922e+02
3.051522275389453966e+02
3.046590016667053078e+02
3.041515277535582413e+02
3.036363647997248449e+02
3.031208207323861643e+02
3.026114301259755734e+02
3.021152171536052151e+02
3.016396627798708892e+02
3.011914883821195303e+02
3.007791751736185688e+02
3.004105954266341314e+02
3.000945558207602062e+02
2.998420918781332603e+02
2.996627588319187225e+02
2.995716702799346649e+02
2.995820505490681285e+02
2.997121590063899816e+02
2.999847110016647775e+02
3.004214921870433841e+02
3.010582885029509725e+02
3.019257663088757795e+02
3.030686853461088504e+02
3.045729900347673720e+02
3.064482373853322201e+02
3.087503206039160091e+02
3.114977798325356844e+02
3.147101564936274372e+02
3.183592994717420197e+02
3.223739779935680190e+02
3.266498410645731951e+02
3.310515908254262172e+02
3.354381191605302774e+02
3.397083994716348911e+02
3.437777510431409382e+02
3.476037046527156917e+02
3.511729025011568979e+02
3.544645849800227779e+02
3.574896861382350721e+02
3.602350285991180954e+02
3.627016372965279629e+02
3.648894786350680306e+02
3.667978419084501525e+02
3.684389374225668803e+02
3.698240114669765148e+02
3.709693913109725827e+02
3.718985361528166891e+02
3.725864183187347862e+02
3.730307180676722396e+02
3.733400701860626896e+02
3.735368591836513019e+02
3.736444476871440656e+02
3.736803889098603690e+02
3.736626125264740494e+02
3.736052825754551350e+02
3.735200638846229140e+02
3.734179195317522613e+02
3.733062797020353969e+02
3.731927169401724314e+02
3.730822494586250286e+02
3.729791645007558714e+02
3.728868803599106059e+02
3.728072391814976640e+02
3.727420770092189741e+02
3.726917225418265502e+02
3.726564907453341107e+02
3.726357751968261596e+02
3.726286959048136964e+02
3.726339037357114421e+02
3.726500313422816930e+02
3.726756198594439979e+02
3.726615932809090168e+02
3.725972900833666586e+02
3.725390482113039639e+02
3.724869562664478053e+02
3.724412123807459807e+02
3.724024029101651649e+02
3.723720946259303446e+02
3.723518060677448602e+02
3.723440123543621212e+02
3.723515613093048842e+02
3.723772170375544306e+02
3.724248911477298520e+02
3.724978497866396197e+02
3.726000022858210627e+02
3.727354724856679695e+02
3.729072820278666427e+02
3.731200221873571650e+02
3.733758143837294483e+02
3.736779643407926983e+02
3.740285843522519826e+02
3.744284229008779334e+02
3.748793805183530026e+02
3.753800495337472967e+02
3.759304943416019569e+02
3.764582873511691901e+02
3.769886666374933952e+02
3.775639634797458939e+02
3.781805553973571818e+02
3.788363286017990958e+02
3.795297894941552954e+02
3.802598936710901398e+02
3.810290181988319773e+02
3.818402703432383873e+02
3.827010854984019943e+02
3.836227316188626446e+02
3.846201500939683910e+02
3.857163152146086986e+02
3.869362790478035095e+02
3.883159117514117611e+02
3.898900867830544712e+02
3.917009788719408334e+02
3.937879476270512669e+02
3.961780834730756737e+02
3.988983030987558891e+02
4.019370324913701324e+02
4.052754279789710381e+02
4.088533170698529489e+02
4.125848972055968034e+02
4.162373345593848057e+02
4.196874716074408411e+02
4.229115961986644265e+02
4.258118292448398279e+02
4.283042810126911490e+02
4.303350234497877409e+02
4.318930252001710528e+02
4.329650489816310710e+02
4.335847115974460166e+02
4.337728809538776318e+02
4.335709740683530526e+02
4.330208028437280063e+02
4.321606566680388823e+02
4.310352837688006957e+02
4.296775575001876177e+02
4.281241219629463899e+02
4.264023618285495445e+02
4.245390060353203694e+02
4.225562249598128801e+02
4.204717673011591614e+02
4.183029792317457236e+02
4.160620340441986400e+02
4.137618671636075760e+02
4.114119398835903212e+02
4.089653109322661635e+02
4.064481582142651064e+02
4.039251924334163846e+02
4.014023535613463878e+02
3.988841315831866723e+02
3.963749685908409219e+02
3.938782867298630777e+02
3.913975318873835931e+02
3.889352150126542824e+02
3.864940892833299699e+02
3.840760413069947390e+02
3.816828711105000025e+02
3.793164039441238629e+02
3.769773646781652019e+02
3.746675468256013914e+02
3.723870808442684961e+02
3.701370820076589894e+02
3.679179572834341343e+02
3.657296429533048467e+02
3.635730223689028549e+02
3.614472981015011896e+02
3.593531528222496831e+02
3.572900397763917226e+02
3.552577856271969381e+02
3.533129421286968181e+02
3.514042229048816353e+02
3.495285124515814346e+02
3.476851184443877969e+02
3.458745485409625076e+02
3.440970279271282948e+02
3.423527198841401287e+02
3.406429639660781845e+02
3.389681219022655227e+02
3.373304235370503079e+02
3.357313389956397032e+02
3.341736777718621170e+02
3.326610007672452980e+02
3.311967647530114505e+02
3.297872251526549121e+02
3.284373333669374233e+02
3.271559028030845866e+02
3.259511215096050023e+02
3.248333337995662760e+02
3.238158046303818196e+02
3.229098428188128196e+02
3.221331866489898630e+02
3.214990343145743736e+02
3.210250105652716002e+02
3.207415459777380988e+02
3.206428971973522835e+02
3.207399928340981319e+02
3.210335802894641688e+02
3.215248257444768001e+02
3.222055885533820287e+02
3.230594712474122616e+02
3.240690021369121041e+02
3.252090624123283646e+02
3.264563296606312974e+02
3.277948539665904377e+02
3.292139330259865346e+02
3.307254660149782239e+02
3.323546799140082157e+02
3.341622059513956060e+02
3.362052319912950793e+02
3.385507864254399237e+02
3.412088598876878791e+02
3.441195810660797179e+02
3.471378864210056463e+02
3.500971640037444672e+02
3.528565160831025196e+02
3.553548423428597403e+02
3.575869788207797342e+02
3.594799924273515899e+02
3.610669251526945800e+02
3.623894415047697635e+02
3.634496389626942801e+02
3.642275809198976617e+02
3.647397789847404965e+02
3.649881488948822152e+02
3.649954984973585965e+02
3.647838712395003427e+02
3.643692819064255559e+02
3.637765068924308594e+02
3.630185778572931667e+02
3.621113851123929521e+02
3.610680044889259648e+02
3.598989178942248373e+02
3.586148744729339342e+02
3.572276426764150301e+02
3.557469384589589936e+02
3.541863909228898137e+02
3.525590426700708804e+02
3.508777500427778477e+02
3.491596764478354658e+02
3.474185944453294610e+02
3.456736313722307159e+02
3.439246582812815518e+02
3.421713629295686587e+02
3.404916315826952200e+02
3.389108119009623010e+02
3.374707249973847070e+02
3.362153949834595323e+02
3.351961306082028500e+02
3.344808172301885634e+02
3.341085104320448522e+02
3.341275522298327019e+02
3.345176437935049307e+02
3.352317251811854817e+02
3.361760165347362204e+02
3.372578133086565799e+02
3.384056636170155912e+02
3.395978573638298030e+02
3.408471783498605419e+02
3.421516705469629187e+02
3.435116271197400124e+02
3.448704731075685004e+02
3.461678760433575803e+02
3.473134891000547100e+02
3.482504601816211220e+02
3.489334440317917938e+02
3.492808968916006052e+02
3.493740599923012269e+02
3.492450132993735110e+02
3.489357499626622712e+02
3.484666259072699290e+02
3.478731181970759962e+02
3.471762413369906426e+02
3.463976812482498531e+02
3.455568798770607373e+02
3.446658173448359435e+02
3.437398958673423977e+02
3.427864415009409527e+02
3.418154294594004341e+02
3.408324680109099063e+02
3.398431638711789446e+02
3.388523136716150930e+02
3.378628801081986239e+02
3.368791847282255958e+02
3.359032114640394866e+02
3.349388409980978736e+02
3.339879486212737447e+02
3.330538586483602330e+02
3.321393240213807871e+02
3.312467982253980949e+02
3.303234436843792992e+02
3.293531289722938595e+02
3.284249807520801596e+02
3.275398262169677537e+02
3.267001387434106618e+02
3.259077273454580563e+02
3.251632606254266875e+02
3.244695072599340619e+02
3.238256547363963591e+02
3.232342441140870051e+02
3.226943754369356157e+02
3.222065807087468556e+02
3.217707845118183627e+02
3.213847864120685927e+02
3.210488224487307320e+02
3.207585869857723537e+02
3.205122907465979551e+02
3.203049837184714193e+02
3.201316221227855863e+02
3.199869703735320741e+02
3.198635633287506153e+02
3.197549990912847306e+02
3.196536856158321029e+02
3.195526548160607945e+02
3.193940294556173285e+02
3.192024262871032647e+02
3.189930189122738398e+02
3.187645618356277737e+02
3.185148380870824099e+02
3.182444234612608511e+02
3.179553148885743781e+02
3.176487014989792783e+02
3.173294870703418837e+02
3.170004030874744672e+02
3.166663358442940535e+02
3.163318838457034303e+02
3.160010726811690915e+02
3.156789579206913459e+02
3.153696731195606162e+02
3.150773813881320393e+02
3.148061252876668732e+02
3.145592816826121521e+02
3.143394696436504887e+02
3.141495005788198682e+02
3.139904183802831881e+02
3.138632709424682048e+02
3.137686429711151845e+02
3.137051531823029222e+02
3.137069258950431845e+02
3.139039495138589473e+02
3.141151222141493804e+02
3.143387785287106908e+02
3.145717077858967627e+02
3.148136140543750230e+02
3.150618914234950125e+02
3.153157125781935406e+02
3.155740081151323579e+02
3.158349238458478681e+02
3.160977772026438402e+02
3.163598591356071097e+02
3.166197459998172121e+02
3.168740559126758285e+02
3.171201944506228756e+02
3.173540471442866533e+02
3.175722783796730937e+02
3.177704494587397903e+02
3.179447433321822132e+02
3.180910757640082238e+02
3.182055795977379375e+02
3.182853158415312578e+02
3.183269082157132743e+02
3.183288466716221023e+02
3.183074862998387857e+02
3.182587406147787874e+02
3.181645796040138521e+02
3.180256532512192962e+02
3.178427310635433400e+02
3.176169322432613171e+02
3.173507232511928464e+02
3.170453513987027350e+02
3.167043317525470343e+02
3.163296208632129378e+02
3.159248136428774956e+02
3.154931901559916128e+02
3.150379055314573975e+02
3.145633286788303735e+02
3.140727086529524854e+02
3.135707647202834210e+02
3.130615838463230034e+02
3.125497389313780445e+02
3.120402823518750210e+02
3.115377371575110033e+02
3.110473100095739483e+02
3.105728309997692804e+02
3.101173186327759481e+02
3.096803749005155169e+02
3.092984040081544208e+02
3.089730910255229333e+02
3.087128525383175770e+02
3.085325272937375871e+02
3.084487280261679985e+02
3.084847866106466654e+02
3.085676201953947384e+02
3.087861884127548819e+02
3.091572196220473074e+02
3.097310381125139997e+02
3.105420273271325868e+02
3.116130860464886041e+02
3.129740523767502509e+02
3.146300058342699231e+02
3.165846804527262748e+02
3.188150582321338788e+02
3.212910755141002141e+02
3.239665768288234062e+02
3.267977577976130306e+02
3.297465505825799710e+02
3.327770624289382795e+02
3.358794066928072652e+02
3.390326653957181975e+02
3.422353823675856006e+02
3.454486759412644119e+02
3.486882671731514733e+02
3.519984689687606760e+02
3.553512167629522196e+02
3.586674782658782306e+02
3.618380730227369213e+02
3.647321976344837253e+02
3.672273809134065914e+02
3.692799865369623262e+02
3.708662079383391870e+02
3.720129826807607856e+02
3.727621783172732535e+02
3.731469992941210307e+02
3.732120564905891911e+02
3.729863740393321905e+02
3.724973957370359017e+02
3.717758074450092067e+02
3.708428781374184382e+02
3.697288451797651874e+02
3.684580673038074110e+02
3.670551392987272834e+02
3.655452039398327884e+02
3.639466326800956608e+02
3.622800680571095882e+02
3.606529154671417814e+02
3.590474559298367012e+02
3.574133631514199578e+02
3.557602197993966229e+02
3.540965436996607991e+02
3.524291649208460058e+02
3.507630098571379449e+02
3.491022283124918317e+02
3.474496436620076452e+02
3.458070319991351766e+02
3.441763579537309852e+02
3.425584777430292434e+02
3.409550145143781492e+02
3.393677968537101037e+02
3.377984273116059626e+02
3.362510216873251352e+02
3.347290055243508959e+02
3.332383386052064225e+02
3.317852062759845353e+02
3.303773635615236799e+02
3.290245766198177648e+02
3.277369596895465520e+02
3.265284755499538960e+02
3.254117937787161168e+02
3.244159946378058521e+02
3.235465251473136732e+02
3.228279460737106774e+02
3.222841246619126423e+02
3.219367651542418116e+02
3.218131461115228262e+02
3.219304993189882111e+02
3.223084029359346232e+02
3.229550351887813804e+02
3.238740891055609268e+02
3.250558739642164028e+02
3.264861816557593670e+02
3.281394045825991270e+02
3.299831428123310388e+02
3.319856309656501026e+02
3.340946050453290468e+02
3.362691196661153299e+02
3.384482161118652357e+02
3.405780031095293339e+02
3.426086638417497170e+02
3.444953432729932956e+02
3.462079074389666289e+02
3.477330535470780433e+02
3.490642644225316076e+02
3.502278691036402165e+02
3.513508185282442469e+02
3.523042895104290437e+02
3.531075310514519856e+02
3.537708975111685277e+02
3.543085559735126253e+02
3.547282154593171413e+02
3.550342781355637385e+02
3.552332733082937466e+02
3.553253365262653460e+02
3.553141761502379836e+02
3.552026487358051554e+02
3.549913541517847193e+02
3.546873045053960709e+02
3.542926797657533484e+02
3.538147679573119149e+02
3.532604841695489313e+02
3.526351483309022683e+02
3.519489048960153923e+02
3.512071294574910780e+02
3.504187567657859290e+02
3.495906087254655290e+02
3.487287231466888784e+02
3.478403842208672927e+02
3.469178782053316468e+02
3.459917804777925312e+02
3.450511030065782165e+02
3.440998835644626297e+02
3.431421528759739203e+02
3.421804299156877960e+02
3.412178113902560881e+02
3.402563286527071114e+02
3.392977957521222834e+02
3.383439536168470454e+02
3.373958271294551992e+02
3.364546101735807042e+02
3.355211112463579184e+02
3.345958551936130903e+02
3.336795735397126350e+02
3.327724135281564486e+02
3.318748107828973843e+02
3.309869371428971476e+02
3.301088286433584358e+02
3.292407838549364669e+02
3.283826282274034725e+02
3.275345889275906188e+02
3.266966058561023942e+02
3.258686831197932179e+02
3.250311461195543075e+02
3.241753367112880255e+02
3.233298658929054454e+02
3.224946305438577383e+02
3.216698567822823520e+02
3.208556241087571834e+02
3.200519934343390105e+02
3.192592513856126857e+02
3.184773423668138435e+02
3.177066393795805652e+02
3.169471230180638486e+02
3.161990344447768848e+02
3.154625395056702359e+02
3.147376323268123883e+02
3.140246480877402178e+02
3.133234652367188460e+02
3.126343394822052915e+02
3.119572620906291718e+02
3.112922144349559517e+02
3.106393789395814338e+02
3.099985551291023853e+02
3.093698949263404074e+02
3.087532964019277415e+02
3.081486919792650383e+02
3.075735521617029917e+02
3.069993961585799411e+02
3.064375316518626846e+02
3.058877895765260178e+02
3.053501066248192046e+02
3.048245570379208402e+02
3.043108904139533593e+02
3.038092720534192495e+02
3.033194660817061390e+02
3.028414303809409489e+02
3.023752007362346035e+02
3.019204781366138377e+02
3.014774494115508787e+02
3.010457225905016116e+02
3.006253977096365588e+02
3.002162972025147951e+02
2.998181887769248419e+02
2.994312098523373606e+02
2.990549564789225769e+02
2.986896107604357553e+02
2.983349068511259929e+02
2.979907907102401623e+02
2.976573917889770087e+02
2.973344113658727110e+02
2.970192586557691357e+02
2.967043164574866978e+02
2.964016260612905285e+02
2.961111086153270548e+02
2.958328235855566959e+02
2.955670730303345408e+02
2.953136706033644714e+02
2.950731348482626686e+02
2.948452409694224912e+02
2.946303941210348398e+02
2.944286342796618214e+02
2.942400191626993546e+02
2.940649105456733423e+02
2.939030583471177351e+02
2.937549418336384974e+02
2.936202809769643522e+02
2.934993788372408403e+02
2.933921793716503430e+02
2.932986427584859825e+02
2.932189764321989287e+02
2.931529176308607134e+02
2.931008451408263795e+02
2.930624387043148431e+02
2.930380243907088129e+02
2.930274592089542125e+02
2.930264937495769573e+02
2.930401243630306567e+02
2.930681814918663122e+02
2.931110467540094646e+02
2.931684168339511984e+02
2.932404702310743687e+02
2.933269774261727321e+02
2.934276431806688947e+02
2.935420894838021013e+02
2.936697304289870090e+02
2.938097955351699966e+02
2.939614252240551195e+02
2.941234493223021786e+02
2.942945725673511674e+02
2.944736798554876032e+02
2.946587568012451470e+02
2.948488658168608936e+02
2.950417664103152902e+02
2.952362395680790428e+02
2.954306518330309359e+02
2.956229512783555151e+02
2.958124730479953541e+02
2.959967414121566662e+02
2.961738348970332595e+02
2.963386049807040763e+02
2.964952732134932489e+02
2.966431832021680179e+02
2.967813744322672846e+02
2.969100847222465518e+02
2.970287210638024362e+02
2.971379987404328631e+02
2.972378659020889131e+02
2.973294406319683389e+02
2.974132391856191475e+02
2.974906388129963943e+02
2.975627678411767647e+02
2.976307303136796349e+02
2.976963475189244832e+02
2.977601258539862670e+02
2.978241832887727014e+02
2.978887830326802941e+02
2.979553638950545746e+02
2.980243742720904834e+02
2.980960683994836700e+02
2.981711559302155479e+02
2.982487828608627751e+02
2.983292602022013966e+02
2.984272779057278626e+02
2.985483433377293068e+02
2.986677041918342184e+02
2.987831262007681516e+02
2.988927431226605336e+02
2.989940654099548283e+02
2.990854136608135718e+02
2.991643492123338319e+02
2.992295883203320841e+02
2.992790965263292264e+02
2.993118090426701201e+02
2.993265633496114333e+02
2.993223291528601067e+02
2.992991110330517017e+02
2.992559291544682765e+02
2.991935808963229988e+02
2.991117883383807907e+02
2.990113209913042169e+02
2.988931162671133848e+02
2.987574926591576059e+02
2.986062259657695108e+02
2.984397591925218194e+02
2.982598073055992813e+02
2.980674880019412853e+02
2.978558967099448296e+02
2.976359519090502772e+02
2.974080218996973031e+02
2.971738031763188701e+02
2.969341969790544908e+02
2.966905988192529549e+02
2.964441956337233819e+02
2.961960593093368743e+02
2.959476658891281318e+02
2.956999166977116147e+02
2.954544529194130291e+02
2.952121385140754342e+02
2.949745594135736155e+02
2.947428951394923615e+02
2.945184376512700055e+02
2.943029655218850280e+02
2.940974778009511397e+02
2.939041869886044651e+02
2.937245856455627404e+02
2.935611029105669445e+02
2.934166090168193364e+02
2.932942056868410532e+02
2.931992113024944615e+02
2.931372026456249387e+02
2.931161578596415325e+02
2.931463674667693908e+02
2.932473272237505739e+02
2.934428793351770537e+02
2.937561192617644679e+02
2.942184735099381783e+02
2.948575123840197421e+02
2.956906510815144884e+02
2.967304661905538978e+02
2.979866235135151555e+02
2.995034542041522059e+02
3.014076922224592749e+02
3.039261630914089665e+02
3.074197634214557979e+02
3.124112610290493990e+02
3.193224302971977409e+02
3.283643442403844688e+02
3.389639160701901801e+02
3.502611445712368550e+02
3.617017820194024580e+02
3.729401883281218488e+02
3.836183478868931047e+02
3.933750977561018090e+02
4.018724233104353516e+02
4.091595456195000793e+02
4.153387927490325069e+02
4.204151680700281872e+02
4.246345717647071183e+02
4.281721856255882130e+02
4.311660162638850124e+02
4.337387999400279455e+02
4.359741053281230165e+02
4.379560433676966227e+02
4.397576308964472673e+02
4.414321867246677584e+02
4.430341591126168055e+02
4.445980234660314068e+02
4.461522702228562025e+02
4.477211679602290246e+02
4.493141468125863867e+02
4.509470872086208146e+02
4.526147755404267059e+02
4.543171503638968147e+02
4.560361943140645735e+02
4.577520598850099987e+02
4.594367566675317676e+02
4.610566395269167970e+02
4.625806364421093804e+02
4.640096347623765496e+02
4.653482491979291922e+02
4.664824805681484463e+02
4.673949828639184716e+02
4.680634356596032717e+02
4.684855625219673243e+02
4.686610158487591207e+02
4.685975748832701129e+02
4.683127383168293818e+02
4.678206434351412213e+02
4.671444535647840439e+02
4.663034032052190128e+02
4.653181781430590149e+02
4.642088941888234785e+02
4.629930755937639901e+02
4.616868145603940548e+02
4.603056222429082709e+02
4.588608234375248571e+02
4.573654022106338743e+02
4.558280178263205471e+02
4.542580684658553878e+02
4.526645082205384938e+02
4.510552881796540987e+02
4.494424319990943673e+02
4.478238843582987556e+02
4.462895698632807466e+02
4.448360077651597067e+02
4.435009739780672930e+02
4.423476313152110038e+02
4.414539228438601981e+02
4.409369447013388594e+02
4.409498051430996384e+02
4.416564629065987901e+02
4.432651603905358115e+02
4.458984810405772237e+02
4.496294490674631561e+02
4.543760680568875046e+02
4.598623877061259009e+02
4.657050344592794318e+02
4.713485924957725501e+02
4.762304958923008940e+02
4.799777632029611709e+02
4.824962663202713316e+02
4.838993764323611799e+02
4.844902586298097162e+02
4.845058528892753884e+02
4.841919526370296580e+02
4.837199429502638850e+02
4.830751981638186408e+02
4.825990514104088902e+02
4.823856504889790813e+02
4.825850172655227652e+02
4.832785470239996357e+02
4.844764828481355039e+02
4.859596820355207001e+02
4.874247686430564386e+02
4.886125036711189864e+02
4.894634986463300947e+02
4.900691811134946647e+02
4.906059434909757897e+02
4.911855567485404208e+02
4.918225459135226743e+02
4.924134887260863138e+02
4.928082770375125961e+02
4.929222138410046341e+02
4.927411369815997091e+02
4.923191527858703012e+02
4.917202938086462041e+02
4.909896318610631170e+02
4.901535896358909099e+02
4.892127341415612136e+02
4.881532217313462070e+02
4.868040795431130050e+02
4.853076518159424495e+02
4.837296623934056470e+02
4.820684355553437399e+02
4.803208189386198796e+02
4.784847326812912911e+02
4.765611690881958680e+02
4.745484862521822720e+02
4.724501134920972163e+02
4.702669428255408661e+02
4.680020638504007593e+02
4.656597286273069471e+02
4.632423006136094159e+02
4.607558526585653453e+02
4.582036451122404515e+02
4.555912102623722717e+02
4.529237706899389764e+02
4.502058024235202538e+02
4.474436977563203186e+02
4.446417919229606923e+02
4.418060531474809522e+02
4.389416646139735008e+02
4.360534353078616050e+02
4.331471847540598219e+02
4.302520410625855334e+02
4.273222837935663279e+02
4.243912107264071096e+02
4.214631432943588152e+02
4.185428083026955619e+02
4.156335804318220539e+02
4.127396097887399833e+02
4.098640608038022037e+02
4.070099463288524362e+02
4.041804740177289545e+02
4.013777358418229255e+02
3.986042898585372427e+02
3.958619522727311733e+02
3.931521778875631981e+02
3.904767556490540414e+02
3.878363418304907668e+02
3.852320545117218558e+02
3.826644532203014819e+02
3.801335747003020060e+02
3.776400774978174582e+02
3.751833396397938714e+02
3.727634633887205382e+02
3.703800588659780715e+02
3.680321715056158496e+02
3.658040118493778436e+02
3.636150445996273106e+02
3.614674727666601370e+02
3.593608289587722311e+02
3.572946932111537990e+02
3.552693287856133111e+02
3.532835878170149044e+02
3.513380036564608417e+02
3.494314155240242030e+02
3.475637975317878841e+02
3.457347330471515647e+02
3.439433222565020287e+02
3.421898146490445356e+02
3.404728827842691885e+02
3.387927552735346808e+02
3.371485044436245744e+02
3.355397094356197840e+02
3.339662049899287126e+02
3.324268837841316895e+02
3.309220458308545290e+02
3.294504935575822628e+02
3.280123296462214739e+02
3.266069244917899823e+02
3.252337595724645212e+02
3.238978049322906259e+02
3.225727046952641786e+02
3.212804540655956202e+02
3.200201222840538549e+02
3.187918647506872389e+02
3.175952837390129275e+02
3.164299971323601994e+02
3.152963691898851266e+02
3.141936244522789252e+02
3.131224494824052726e+02
3.120822601391891453e+02
3.110732912582189442e+02
3.100956505443414812e+02
3.091489806161700358e+02
3.082339706573181388e+02
3.073500770621747051e+02
3.064978270932308533e+02
3.056772289480873042e+02
3.048882935901361293e+02
3.041317693979501087e+02
3.034075412591881218e+02
3.027167075772315457e+02
3.020598913125406284e+02
3.014384286402636803e+02
3.008698718783997492e+02
3.003438616628351951e+02
2.998637818783778357e+02
2.994344643338081937e+02
2.990636946736660207e+02
2.987597150490390163e+02
2.985350519311616608e+02
2.984028661765448192e+02
2.983787302811674635e+02
2.984811514866961488e+02
2.987229110064380393e+02
2.991194974746034063e+02
2.996723738582212491e+02
3.003769233189177044e+02
3.012210771830040699e+02
3.021821718702686326e+02
3.032411628863262649e+02
3.043832681596281304e+02
3.055924430521929480e+02
3.068702786036673729e+02
3.082062724754256351e+02
3.095976194224957112e+02
3.110361254404626834e+02
3.125055950533152327e+02
3.139591703773305653e+02
3.154238982804002944e+02
3.168582504722195381e+02
3.182487706512788463e+02
3.195740852529674498e+02
3.208193627353720672e+02
3.219695404133051397e+02
3.230070601292439392e+02
3.239307291413230701e+02
3.247330052560732838e+02
3.254227551451412523e+02
3.260141815168915400e+02
3.265258449291050624e+02
3.269987974182658377e+02
3.274752031910019809e+02
3.280257942095707904e+02
3.287324968263945948e+02
3.297026496864854721e+02
3.310526160318974576e+02
3.328991598466142250e+02
3.353288905266677489e+02
3.383640568803333508e+02
3.419378609745168092e+02
3.459214876715049627e+02
3.501208965751899882e+02
3.545835054853349106e+02
3.590272081480608790e+02
3.633247194190378764e+02
3.673355720932872259e+02
3.709852016471795650e+02
3.742838644622565880e+02
3.773654099676405167e+02
3.803765654958897926e+02
3.834267461091810105e+02
3.864976141244746941e+02
3.895191773304645722e+02
3.923879905885311814e+02
3.950536904342864091e+02
3.975107159791627396e+02
3.988897753468648375e+02
4.001558751790220754e+02
4.021968115770062582e+02
4.040715879572362610e+02
4.057710119575903036e+02
4.072797440860427400e+02
4.085778620607832181e+02
4.096471552136559353e+02
4.104769713918474281e+02
4.109756565193947608e+02
4.111595712958901458e+02
4.110895720125440675e+02
4.107947119462677961e+02
4.103029008687303758e+02
4.096428379847760084e+02
4.088517931708749984e+02
4.079521551111600388e+02
4.069744970636665471e+02
4.059386328867781231e+02
4.048617675805931526e+02
4.037601701123084581e+02
4.026428475803015203e+02
4.015202745727307274e+02
4.003981660982553876e+02
3.992804529885967781e+02
3.981707468063302144e+02
3.970687095484346401e+02
3.959756151654339646e+02
3.948890858712520640e+02
3.938080464730926451e+02
3.927297348985684948e+02
3.916511793347714843e+02
3.905701654776573832e+02
3.894760279180080715e+02
3.882873595999172380e+02
3.870851288153051541e+02
3.858682086513504146e+02
3.846342606722867004e+02
3.833817035883739663e+02
3.821101198602574414e+02
3.808175264313181856e+02
3.795049768358890105e+02
3.781710461335286482e+02
3.768171503431998417e+02
3.754432571766100182e+02
3.740504888700621677e+02
3.726404826489037987e+02
3.712140148854433050e+02
3.697738434003225620e+02
3.683208091743669002e+02
3.668579063729413292e+02
3.653867787359915837e+02
3.639098001784657299e+02
3.624294664892668152e+02
3.609475109033365356e+02
3.594668769247751356e+02
3.579891155048791234e+02
3.565050260231234915e+02
3.549583003167984998e+02
3.534223157843700847e+02
3.518993067519687088e+02
3.503910205309929324e+02
3.488998962163919941e+02
3.474274582466161405e+02
3.459759928558715387e+02
3.445470622771846365e+02
3.431425104465150184e+02
3.417641430311213071e+02
3.404132356849253256e+02
3.390915981679842162e+02
3.378002210796915961e+02
3.365405980929925818e+02
3.353137393169365055e+02
3.341204269060349361e+02
3.329616916172244601e+02
3.318378819774097224e+02
3.307496821457347664e+02
3.296972796044276492e+02
3.286808308369172664e+02
3.277005619779520202e+02
3.267560301153534965e+02
3.258337849829934498e+02
3.249166730514469350e+02
3.240422409074510028e+02
3.232113659708933824e+02
3.224254020192009307e+02
3.216870160469645157e+02
3.209990799557574519e+02
3.203675591112692018e+02
3.197993689628618768e+02
3.193060628741656615e+02
3.189039250668001273e+02
3.186148388100178863e+02
3.184748353164256969e+02
3.185278861418467500e+02
3.188455052440159534e+02
3.195172844249229342e+02
3.206586905563902974e+02
3.224175022465848883e+02
3.248996887544124661e+02
3.281970041678463872e+02
3.322322085910601572e+02
3.368433752464511599e+02
3.417846370503083335e+02
3.468740576895395975e+02
3.520448026501262007e+02
3.571802299629043773e+02
3.623696385965938020e+02
3.676286294199918530e+02
3.729639221185669271e+02
3.783878518070773680e+02
3.838645147502240320e+02
3.893095986172167500e+02
3.945388515704288466e+02
3.992080459349581929e+02
4.029946178481731636e+02
4.057618450312242544e+02
4.075187672196918811e+02
4.084511919501250645e+02
4.087182201755580877e+02
4.084645522568549723e+02
4.078060222240131338e+02
4.068149067939820611e+02
4.055584912537193532e+02
4.040879073949158737e+02
4.024462394672403889e+02
4.006746161079349804e+02
3.988055033813146224e+02
3.968676442191689944e+02
3.948578198282869494e+02
3.927165472101742694e+02
3.905844411799311047e+02
3.884679997108327711e+02
3.863721490888162293e+02
3.842998751245897893e+02
3.822502951486321763e+02
3.802232519545156038e+02
3.782159792794373629e+02
3.762252503179169025e+02
3.742500003887411708e+02
3.722875029074085091e+02
3.703401142109452735e+02
3.684115933553752598e+02
3.665101267624675643e+02
3.646546868225744902e+02
3.628677936392610377e+02
3.611975272496792968e+02
3.596954686173647247e+02
3.584471143377613203e+02
3.575419381485864392e+02
3.570542065986081184e+02
3.570238211577503762e+02
3.573610295765573710e+02
3.579449616993833274e+02
3.585303405155201517e+02
3.591216878216346799e+02
3.598043878376236648e+02
3.607600894402733616e+02
3.621389143011195415e+02
3.639862478501756868e+02
3.662064668520070541e+02
3.686243076076153216e+02
3.710929135918811426e+02
3.735169302320019256e+02
3.758915163732560245e+02
3.781659450335771453e+02
3.802911724200892536e+02
3.821876712334991453e+02
3.838004674765395521e+02
3.851347484074001386e+02
3.862672256691918165e+02
3.872963457960169080e+02
3.883439095168499193e+02
3.894848930171719985e+02
3.907775775670344842e+02
3.922105852679996474e+02
3.937466033540892454e+02
3.953660506982771494e+02
3.971733290214805834e+02
3.990988788115546981e+02
4.012509636916585691e+02
4.037275559267903873e+02
4.066019791337338916e+02
4.097754834477508439e+02
4.130406417815073610e+02
4.160693552788661123e+02
4.185591641446509925e+02
4.203284717549842071e+02
4.213628808646558923e+02
4.217092919574165535e+02
4.215206140814365199e+02
4.209027882107285450e+02
4.199709527898910437e+02
4.188066584082967552e+02
4.174662965511526522e+02
4.160000816246752606e+02
4.144349804654751779e+02
4.127976919794575679e+02
4.111040297138547999e+02
4.093669713873009073e+02
4.075972847504606307e+02
4.057061798597855500e+02
4.037516088716604372e+02
4.017814092735865188e+02
3.998000772560505993e+02
3.978112943985244669e+02
3.958176387687649935e+02
3.938219272425322401e+02
3.918260139783318436e+02
3.898317402745486220e+02
3.878407933235531573e+02
3.858543119117107949e+02
3.838737046357205145e+02
3.819000052050540717e+02
3.799341363698707710e+02
3.779772762552146332e+02
3.760300014832851048e+02
3.740934003421214129e+02
3.721681601416956937e+02
3.702549843873622990e+02
3.683548473567825567e+02
3.664681544013977259e+02
3.645959173483569202e+02
3.627386411021201980e+02
3.608970233730833570e+02
3.590214574275861992e+02
3.571229018216936311e+02
3.552450597998047783e+02
3.533881913658779581e+02
3.515530166007804951e+02
3.497400482264034167e+02
3.479495746547205499e+02
3.461823609815594409e+02
3.444384790390973308e+02
3.427186555926325013e+02
3.410231441284604443e+02
3.393522802344291449e+02
3.377067237349828019e+02
3.360865139810247229e+02
3.344926108760920442e+02
3.329252696078502254e+02
3.313854342196203220e+02
3.298742112935869386e+02
3.283926678310425586e+02
3.269433238814581841e+02
3.255282423881724867e+02
3.241519001156438549e+02
3.228193780938739224e+02
3.215383117660896914e+02
3.203542611639392703e+02
3.192485795136316824e+02
3.182407926708760897e+02
3.173546282259304689e+02
3.166268089828274128e+02
3.160998057445656286e+02
3.158216178629836008e+02
3.158537123606799355e+02
3.162338981804399509e+02
3.170048717508307732e+02
3.181627126961701606e+02
3.196861913513668014e+02
3.215204580490982380e+02
3.236057592816308102e+02
3.259042504495266144e+02
3.283811129200439041e+02
3.310328610457471541e+02
3.338239026087293837e+02
3.367048204892621470e+02
3.395830369623825504e+02
3.423535778879822828e+02
3.448999137143885605e+02
3.471483345158401903e+02
3.490459913040868400e+02
3.505140943127215678e+02
3.516575085685390150e+02
3.525090166263097444e+02
3.531353122372666462e+02
3.535726685800583482e+02
3.538697291095705850e+02
3.540516345451106872e+02
3.541347720836760686e+02
3.541317219137850998e+02
3.540421130536857390e+02
3.538686417506917792e+02
3.536122760587679750e+02
3.532741486961880923e+02
3.528602005146729539e+02
3.523753352331542033e+02
3.518260284592908533e+02
3.512195801848741894e+02
3.505604211425978178e+02
3.498547285052579241e+02
3.491061701447678161e+02
3.483180710660778345e+02
3.474942307828405319e+02
3.466367410727759193e+02
3.457494320142142215e+02
3.447487667920409535e+02
3.437018889408919904e+02
3.426401330252626281e+02
3.415665363163150801e+02
3.404852723690063954e+02
3.393996198366765498e+02
3.383126332926603936e+02
3.372276047740160152e+02
3.361467342952147419e+02
3.350727745162246265e+02
3.340076989633532776e+02
3.329532968864681379e+02
3.319114484052785201e+02
3.308832246499874827e+02
3.298701987042262544e+02
3.288732439939735173e+02
3.278933132733811817e+02
3.269313879622343393e+02
3.259878460484614493e+02
3.250636455710309178e+02
3.241589937700524615e+02
3.232744443450124550e+02
3.224104574701414094e+02
3.215671127716549336e+02
3.207275821580210504e+02
3.198843875805905554e+02
3.190634197723335319e+02
3.182644584628515076e+02
3.174873014340337249e+02
3.167319411117514392e+02
3.159978096999980153e+02
3.152849704042106964e+02
3.145927382705774562e+02
3.139209288218517031e+02
3.132690046013137817e+02
3.126362987169334247e+02
3.120224558324943587e+02
3.114264135643965119e+02
3.108477378377058926e+02
3.102853375651035890e+02
3.097384208019502125e+02
3.092060901771174031e+02
3.086870621900508240e+02
3.081806379827539786e+02
3.076853535883341806e+02
3.072004224469586120e+02
3.067245727081822224e+02
3.062567360386825044e+02
3.057818477041248002e+02
3.053096119216489228e+02
3.048431820829551953e+02
3.043816044144157900e+02
3.039242608771745608e+02
3.034705193313408813e+02
3.030199179553251838e+02
3.025721884927402812e+02
3.021270355488567247e+02
3.016845007586545648e+02
3.012445642940747916e+02
3.008075498088023210e+02
3.003737394251057822e+02
2.999436009745397200e+02
2.995177196407061615e+02
2.990967061605716140e+02
2.986813731407913792e+02
2.982725180828057887e+02
2.978709757242694991e+02
2.974778133441656678e+02
2.970938873450824644e+02
2.967203843558174299e+02
2.963584178909162006e+02
2.960091598729453608e+02
2.956735275191068695e+02
2.953392116438851644e+02
2.950240792513496899e+02
2.947301152511301439e+02
2.944604730371727896e+02
2.942191822748121126e+02
2.940124564176005038e+02
2.938502228324250609e+02
2.937485979628630730e+02
2.937389400920073967e+02
2.938752858745074832e+02
2.942788641445046096e+02
2.951669604555099795e+02
2.969801204209479693e+02
3.004306233144920952e+02
3.063269073464917369e+02
3.153248602495604587e+02
3.278931717542857882e+02
3.447711202419508822e+02
3.657624325606569755e+02
3.881853893452832835e+02
4.095577624993151176e+02
4.299208794383304735e+02
4.494776763405124029e+02
4.670965051897604212e+02
4.817528579449270296e+02
4.933337368005026633e+02
5.020235448072911595e+02
5.081336166165277746e+02
5.121985772687850158e+02
5.149720714407508240e+02
5.169496992416496823e+02
5.184835727242284520e+02
5.197721995562168331e+02
5.209282448920951083e+02
5.220313531005583627e+02
5.231287074673019788e+02
5.242563364852812811e+02
5.254426445057052888e+02
5.267053761636257150e+02
5.280593015534753931e+02
5.295152766413150403e+02
5.310753421502978426e+02
5.327426914353761731e+02
5.345126136650148965e+02
5.363778670979564822e+02
5.383294665162876527e+02
5.403535033673371117e+02
5.423915102546827711e+02
5.444238623678702425e+02
5.464729981800061296e+02
5.485265745952223142e+02
5.505860684009996930e+02
5.526479545709233889e+02
5.547241365979523380e+02
5.568241247065791413e+02
5.589465987881986848e+02
5.610919250108452161e+02
5.632307457046599666e+02
5.653370474222845132e+02
5.673666908557752322e+02
5.692960651335545208e+02
5.710920700054967938e+02
5.727496289803436866e+02
5.742528269828259226e+02
5.755701576894116442e+02
5.766675036120861932e+02
5.774762922889233323e+02
5.779515653280845981e+02
5.780348804067375568e+02
5.777126971506636437e+02
5.769722840399615507e+02
5.757713399845732738e+02
5.742781846646039412e+02
5.724597781605425553e+02
5.703668702355118967e+02
5.680342310077144248e+02
5.655067568731431038e+02
5.628133279356009098e+02
5.599829246220871255e+02
5.570391500547450505e+02
5.539991568676571205e+02
5.508812796198586739e+02
5.476975367964174666e+02
5.444612176950108733e+02
5.411824530717090056e+02
5.378714525676215317e+02
5.345371002288853788e+02
5.311884543408935997e+02
5.278335752315031186e+02
5.244804628155646924e+02
5.211370658460330105e+02
5.178096176420573329e+02
5.145059943266658138e+02
5.112308641830625220e+02
5.079902648983368181e+02
5.047726655608732926e+02
5.016376080055802049e+02
4.985441202882428797e+02
4.954918254195550844e+02
4.924819782539303787e+02
4.895132958830126881e+02
4.865843488720163919e+02
4.836937409969058876e+02
4.808384331183800668e+02
4.780166371736127644e+02
4.752255993281138444e+02
4.724631352276517191e+02
4.697274535993475979e+02
4.670165450072617546e+02
4.643293573677103154e+02
4.616648708729864552e+02
4.590226076173309480e+02
4.564024984590202507e+02
4.538043770029580060e+02
4.512289804497752925e+02
4.486765823804190063e+02
4.461483230969218425e+02
4.436449931541891942e+02
4.411675264558886056e+02
4.386916681865189389e+02
4.362431924214752712e+02
4.338235738460219295e+02
4.314332294723230348e+02
4.290734415301499780e+02
4.267447288802850380e+02
4.244473756679054759e+02
4.221821756919061954e+02
4.199485573719217655e+02
4.177471214336620733e+02
4.155772730476991796e+02
4.134389225235996719e+02
4.113319887000054109e+02
4.092558359867786635e+02
4.072109771981419613e+02
4.051969443080217275e+02
4.032142676802264418e+02
4.012634479105706760e+02
3.993448633895025068e+02
3.974601510007988168e+02
3.956099374376934179e+02
3.937962022891728679e+02
3.920207555367317696e+02
3.902854358740359544e+02
3.885839008261650633e+02
3.868946673723393701e+02
3.852507422317827945e+02
3.836539974041102141e+02
3.821073865138313863e+02
3.806134891790138681e+02
3.791740143958859903e+02
3.777919984802402951e+02
3.764680905414153358e+02
3.752048308116164321e+02
3.740023392583723876e+02
3.728616266171506481e+02
3.717825194888606575e+02
3.707641566218560456e+02
3.698063092297355752e+02
3.689061891141468550e+02
3.680629603659883742e+02
3.672723367579060891e+02
3.665320530377739487e+02
3.658376719185611705e+02
3.651844017583734399e+02
3.645682625373627843e+02
3.639822002015851012e+02
3.634218535559765542e+02
3.628119571573053577e+02
3.621862049202469507e+02
3.615659487527619262e+02
3.609445697164466083e+02
3.603151435228666628e+02
3.596712128615048414e+02
3.590073777089408509e+02
3.583176372100742242e+02
3.575993160492637344e+02
3.568477308577308804e+02
3.560631210433593310e+02
3.552435673748095155e+02
3.543906467350955154e+02
3.535062978060313412e+02
3.525921037875457955e+02
3.516534219882785806e+02
3.506922621483878402e+02
3.497149877314313926e+02
3.487248948738837271e+02
3.477271454653782143e+02
3.467266119334717587e+02
3.457268248560919801e+02
3.447332065474704450e+02
3.437479365497242725e+02
3.427424465628205894e+02
3.417021961912841448e+02
3.406814197093820553e+02
3.396820318605848570e+02
3.387046770007667078e+02
3.377508504561458835e+02
3.368196817115601789e+02
3.359115299303800839e+02
3.350247744275360446e+02
3.341583377845982454e+02
3.333103623628786067e+02
3.324784461106956996e+02
3.316608244306750635e+02
3.308543663904540040e+02
3.300572856537399389e+02
3.292664860722711069e+02
3.284799655757178130e+02
3.276954359618810031e+02
3.269108262447359152e+02
3.261247494461252927e+02
3.253353460917801954e+02
3.245419666055116181e+02
3.237433740471668102e+02
3.229393640908082261e+02
3.220927419186727434e+02
3.212279101643724744e+02
3.203600804720001065e+02
3.194898488419724458e+02
3.186186212788619514e+02
3.177473143704101517e+02
3.168773964470170768e+02
3.160101928391000001e+02
3.151470789693922825e+02
3.142897903818193868e+02
3.134395626050995816e+02
3.125980457358041917e+02
3.117667112715769235e+02
3.109468672941645764e+02
3.101402589703116064e+02
3.093478720200555472e+02
3.085713191284112327e+02
3.078116857064180749e+02
3.070700634942518263e+02
3.063478450267242579e+02
3.056456391777073236e+02
3.049648826366912999e+02
3.043061976113492051e+02
3.036706079083266445e+02
3.030754125878058289e+02
3.025043612446698376e+02
3.019605886573602902e+02
3.014451982669900190e+02
3.009602597029627304e+02
3.005077407624755779e+02
3.000902439524775787e+02
2.997108496185662716e+02
2.993729327896649011e+02
2.990811418213394859e+02
2.988399510885806762e+02
2.986558463018212706e+02
2.985347319072498067e+02
2.984842853219753920e+02
2.985124902015214161e+02
2.986273397875102660e+02
2.988387262537643778e+02
2.991542472640800838e+02
2.995831194545360177e+02
3.001322183595514730e+02
3.008069070393918878e+02
3.016122960311837460e+02
3.025498823824312353e+02
3.036197560325350082e+02
3.048078765052339918e+02
3.060942576877848751e+02
3.074934202734638120e+02
3.090014479159287362e+02
3.106133303710518021e+02
3.123309950937953658e+02
3.141459555761212528e+02
3.160600808152282184e+02
3.180648357212189694e+02
3.201534719127176345e+02
3.223171329659202229e+02
3.245378838460634938e+02
3.268042472429231680e+02
3.290937080012309366e+02
3.313913892433645287e+02
3.336754321596136492e+02
3.359295538653050244e+02
3.381358323325540027e+02
3.402776785357496010e+02
3.409015995217334876e+02
3.427566964202181339e+02
3.447114910151738059e+02
3.465500705754841988e+02
3.482589535054739258e+02
3.497166966937901975e+02
3.509101771334977684e+02
3.519331743899094249e+02
3.527846716722463043e+02
3.534638606017894631e+02
3.539725048398772174e+02
3.543202913439131407e+02
3.545115028333308942e+02
3.545611810643077888e+02
3.544785983785327517e+02
3.542768714554828193e+02
3.539696616935162865e+02
3.535667956807360497e+02
3.530827727356235641e+02
3.525261024666477283e+02
3.519082479839044595e+02
3.512379146671420358e+02
3.505226012625244039e+02
3.497706479946655804e+02
3.489872104776101764e+02
3.481789355010839131e+02
3.473501065946442736e+02
3.465051201396881879e+02
3.456478309596925556e+02
3.447397465854717780e+02
3.437184236561471380e+02
3.427003486021911272e+02
3.416872840250196077e+02
3.406805113875805660e+02
3.396809048634878536e+02
3.386895417504134684e+02
3.377069377073939904e+02
3.367338085956554892e+02
3.357706400221280774e+02
3.348178137258924494e+02
3.338757444683070617e+02
3.329447493700125733e+02
3.320250675570093222e+02
3.311170218020837979e+02
3.302207439326245435e+02
3.293363587459325572e+02
3.284640307444018390e+02
3.276037094893456469e+02
3.267555282836575543e+02
3.259192924908597888e+02
3.250949576800343266e+02
3.242823897485869793e+02
3.234812829979929916e+02
3.226712385171475148e+02
3.218485388139061456e+02
3.210396325587569208e+02
3.202439953697389114e+02
3.194611213482255607e+02
3.186908008774095720e+02
3.179323485624149157e+02
3.171857488812547672e+02
3.164504577019869203e+02
3.157264429034603381e+02
3.150136833669265570e+02
3.143120119349928814e+02
3.136219831163317622e+02
3.129436097564984607e+02
3.122777598697284702e+02
3.116250465904929001e+02
3.109864388812233642e+02
3.103633519235809786e+02
3.097570366305122320e+02
3.091696028739374924e+02
3.086029122548902137e+02
3.080597303457323619e+02
3.075428020200903347e+02
3.070556752590970859e+02
3.066061395454511285e+02
3.061979395538751305e+02
3.058351070509718284e+02
3.055234406800861962e+02
3.052714269726327529e+02
3.050871180861531116e+02
3.049814754161329233e+02
3.049672501509671179e+02
3.050575349181022489e+02
3.052719495939576291e+02
3.056269151295757069e+02
3.061466495548252169e+02
3.068557913735991178e+02
3.077770214032156559e+02
3.089430836909755271e+02
3.103674398225495565e+02
3.120693151696203813e+02
3.140469031029003304e+02
3.162787466097124707e+02
3.187334936536717578e+02
3.213509171742476269e+02
3.240674026045583673e+02
3.268272289578595178e+02
3.295720526531406449e+02
3.322949449841421483e+02
3.350201630979685774e+02
3.376434286378365641e+02
3.401693636039171338e+02
3.425752266786498126e+02
3.448551287353697035e+02
3.469843415287683115e+02
3.489345398803584430e+02
3.506901759164655346e+02
3.522280744045693837e+02
3.535390365566836408e+02
3.546288949694667849e+02
3.555049932965989683e+02
3.561977456893487215e+02
3.567421197880447039e+02
3.571748762265157211e+02
3.575485676731214539e+02
3.579039263903576966e+02
3.582897334217284993e+02
3.587504309714481678e+02
3.593194372796070866e+02
3.600338214875362155e+02
3.609135813437459319e+02
3.619724282422771466e+02
3.632147111946897553e+02
3.646447961479129276e+02
3.662151908225733337e+02
3.678792854632996523e+02
3.695824730380663823e+02
3.712640111242496346e+02
3.728641663224370859e+02
3.743269586021289115e+02
3.756112300539876969e+02
3.766861247552206464e+02
3.775353721958505844e+02
3.781603004460996544e+02
3.785663628261585245e+02
3.787766709777631036e+02
3.788122790609653521e+02
3.787031216236014188e+02
3.784781623878336063e+02
3.781654192069884743e+02
3.777923239291603750e+02
3.773810929450777394e+02
3.769504219337259769e+02
3.765131516050132063e+02
3.760767256418837405e+02
3.756420427129417021e+02
3.751500124569738546e+02
3.745673511189590386e+02
3.739593589525222797e+02
3.733124894265108651e+02
3.726111672570940527e+02
3.718415602724519999e+02
3.709945280703593085e+02
3.700596132322924632e+02
3.690374706185836544e+02
3.679273676500395709e+02
3.667372130001720052e+02
3.654813521215542096e+02
3.641788329493775791e+02
3.628669613059818744e+02
3.616012960890665795e+02
3.604749614242770690e+02
3.596703555037533988e+02
3.594627557661700621e+02
3.603620441030248003e+02
3.630314442286677377e+02
3.680863444060098573e+02
3.756914775012675705e+02
3.850853944303936487e+02
3.954099299655126742e+02
4.064621226681945245e+02
4.181430042055149556e+02
4.296206465852759493e+02
4.407539187381498209e+02
4.513965906871762854e+02
4.615201816889664883e+02
4.710245227579327434e+02
4.801206407635235109e+02
4.890518629659701446e+02
4.977181684319359647e+02
5.056055408518082004e+02
5.121910471092671742e+02
5.171997467515492417e+02
5.208831365215681899e+02
5.235805390976491935e+02
5.256246014349048892e+02
5.272539436591072217e+02
5.285966408170803561e+02
5.297486619375404189e+02
5.307596543373133500e+02
5.316695151862069224e+02
5.325105636239374007e+02
5.333055108719204327e+02
5.340757294829771809e+02
5.345557147724784954e+02
5.349097767654050131e+02
5.352499150404532884e+02
5.355700870419560715e+02
5.358647125866232273e+02
5.361221143469776962e+02
5.363333547411391464e+02
5.364848034309262630e+02
5.365648641705781756e+02
5.365613638882325631e+02
5.364606379386233357e+02
5.362552184050077813e+02
5.359305221445945335e+02
5.354834823915678044e+02
5.349022802951512858e+02
5.341845107623182685e+02
5.333251896286716374e+02
5.323199164514746826e+02
5.311713831782075204e+02
5.298753101306177768e+02
5.284384541207188022e+02
5.268605618254416640e+02
5.251488960768539300e+02
5.233090760062077607e+02
5.211018216364125237e+02
5.187324138953489410e+02
5.162643969187947732e+02
5.137091243692085527e+02
5.110732375133310939e+02
5.083669504998231901e+02
5.055977349908712881e+02
5.027737197654137162e+02
4.999030333500347183e+02
4.969916942891396161e+02
4.940473368994536258e+02
4.910745028283174634e+02
4.880794689611579997e+02
4.850663990796433040e+02
4.820395816630497166e+02
4.790031251237104470e+02
4.759597439718889405e+02
4.729131810565878027e+02
4.698654067432181591e+02
4.668193766586848596e+02
4.637769772740232952e+02
4.607402509578508898e+02
4.577111232762298982e+02
4.546909797732020024e+02
4.515780883983017588e+02
4.484808153873194101e+02
4.453942727462928133e+02
4.423195445707286240e+02
4.392580599970194157e+02
4.362110251557407992e+02
4.331794338890703102e+02
4.301646782584070365e+02
4.271673882812169722e+02
4.241890239695422906e+02
4.212301372996071223e+02
4.182917676753712612e+02
4.153748664365069772e+02
4.124797989396362254e+02
4.096078764167649524e+02
4.067591757129576422e+02
4.039347972320689450e+02
4.011351766076570016e+02
3.983606826586051852e+02
3.956122839728395775e+02
3.928898787681575300e+02
3.901944525382899656e+02
3.875261429591751607e+02
3.848853361041348649e+02
3.822788933807524927e+02
3.797143098836112927e+02
3.771794476650763954e+02
3.746741020968864291e+02
3.721990703466283890e+02
3.697546541693275231e+02
3.673410149270745819e+02
3.649590597446987204e+02
3.626086340160023269e+02
3.602908292912588877e+02
3.580058639927306672e+02
3.557544019565905273e+02
3.535375720184519537e+02
3.513556213967868871e+02
3.492104389572900232e+02
3.471026324085852934e+02
3.450341453014847275e+02
3.430069669534178161e+02
3.410227890307089069e+02
3.390853641429857248e+02
3.371968439486563511e+02
3.353620130277608382e+02
3.335851492651410695e+02
3.318711298890462444e+02
3.302653106531391245e+02
3.287841008964684875e+02
3.273821406204491495e+02
3.260652755862618051e+02
3.248407165854789014e+02
3.237160800074228746e+02
3.226941791468954079e+02
3.217812814567917030e+02
3.209753125129636260e+02
3.202768192209303493e+02
3.196799201599812363e+02
3.191785677965069681e+02
3.187646313371507745e+02
3.184284079839760579e+02
3.181633980261938177e+02
3.179592737171788031e+02
3.178122164119910167e+02
3.177128285008499802e+02
3.176570933957494844e+02
3.176379983692287965e+02
3.176475903505535712e+02
3.176786986830366004e+02
3.177207346684467666e+02
3.177645718527788290e+02
3.177691184327547944e+02
3.177368312981201370e+02
3.176675291111687898e+02
3.175556006740454791e+02
3.173946397769602186e+02
3.171813189276919616e+02
3.169143388173550875e+02
3.165917355492485399e+02
3.162165684065332130e+02
3.157894307234271309e+02
3.153148792334592372e+02
3.147968971514925443e+02
3.142396180604953884e+02
3.136492353863275184e+02
3.130297424758416014e+02
3.123873488683864252e+02
3.117265737050535108e+02
3.110523485508058457e+02
3.103692761975311214e+02
3.096811142754855837e+02
3.089918160861270735e+02
3.083043525256513249e+02
3.076217484934783215e+02
3.069461299123697131e+02
3.062733689177200631e+02
3.056070902050026348e+02
3.049524725578559128e+02
3.043105726249004874e+02
3.036822100624729615e+02
3.030682616513547600e+02
3.024689450402432840e+02
3.018849826772615188e+02
3.013163884778340957e+02
3.007635285165326877e+02
3.002265519056261951e+02
2.997053958225372412e+02
2.992004228497708027e+02
2.987113801734209346e+02
2.982386246989558458e+02
2.977820248006750035e+02
2.973417056635870495e+02
2.969178547758883155e+02
2.965103155757410036e+02
2.961195156624524429e+02
2.957452405978947922e+02
2.953878445556687780e+02
2.950473750123038030e+02
2.947238299145661813e+02
2.944171957356900293e+02
2.941338906737831280e+02
2.938675454032216976e+02
2.936179302211493791e+02
2.933851048198304170e+02
2.931690640092663784e+02
2.929694189611988122e+02
2.927863113411094105e+02
2.926191621488306964e+02
2.924679385220388212e+02
2.923322062741599439e+02
2.922115340926838485e+02
2.921057442983465080e+02
2.920141254234299595e+02
2.919365312953194120e+02
2.918723017414969263e+02
2.918209951528430111e+02
2.917822171426904561e+02
2.917552079567342957e+02
2.917397337311361412e+02
2.917349989338819114e+02
2.917406103325791946e+02
2.917560490162445035e+02
2.917806227766352549e+02
2.918214019713777247e+02
2.919094054134127987e+02
2.920041231980102339e+02
2.921047234445465506e+02
2.922104590830671782e+02
2.923209144380505222e+02
2.924353957451147608e+02
2.925536678734317206e+02
2.926753935312917747e+02
2.928004074843611875e+02
2.929287985815657862e+02
2.930605714439712415e+02
2.931960122418416859e+02
2.933356088800624093e+02
2.934798241975456676e+02
2.936296816118879747e+02
2.937863437323886160e+02
2.939512260161953350e+02
2.941268190547439758e+02
2.943154864499732071e+02
2.945212094565872576e+02
2.947491985233422724e+02
2.950053444792868049e+02
2.952999870024962092e+02
2.956468584607014805e+02
2.960740121571477630e+02
2.965911125322052726e+02
2.972261086609539120e+02
2.980222548059223300e+02
2.990257939407640038e+02
3.003053755812059649e+02
3.019456862370337262e+02
3.040425178377217890e+02
3.067316477518232887e+02
3.101461646555852099e+02
3.144266383765509545e+02
3.196912966917946051e+02
3.259048615394606827e+02
3.329370044920465261e+02
3.405110501850232936e+02
3.483705745567215217e+02
3.563971348654811209e+02
3.645571155842001758e+02
3.728575714708768487e+02
3.812320839206478809e+02
3.894232042188341438e+02
3.970696216525524278e+02
4.037380817534053676e+02
4.091686402409023913e+02
4.132246439417926354e+02
4.159856689492123110e+02
4.176977693457048986e+02
4.186299645728051360e+02
4.189800942983679874e+02
4.189245767159380307e+02
4.185661114682310995e+02
4.179905562711252287e+02
4.172501700263252928e+02
4.163844824276831673e+02
4.154230594651166371e+02
4.143850682116494681e+02
4.132885657237990813e+02
4.121442020286225443e+02
4.109629042857921490e+02
4.097519733409513947e+02
4.085174975686879861e+02
4.072649814815810601e+02
4.059977600878841031e+02
4.047198201714638230e+02
4.034333463732418181e+02
4.021407913118029569e+02
4.008439551405177212e+02
3.995277211053466431e+02
3.981923077821245442e+02
3.968547816197385600e+02
3.955163601341884601e+02
3.941778580518652007e+02
3.928400620305679354e+02
3.915037911188803150e+02
3.901696334164293489e+02
3.888382910148590668e+02
3.875103191722459997e+02
3.861862675869189161e+02
3.848666471587015394e+02
3.835519758891794027e+02
3.822426520595401485e+02
3.809391858142543015e+02
3.796419100958044623e+02
3.783512008513055207e+02
3.770674515323000264e+02
3.757908582018624202e+02
3.745218188085458451e+02
3.732604328240662426e+02
3.720069139557824656e+02
3.707614171268710379e+02
3.695239004405826790e+02
3.682762355956576812e+02
3.670196183351408763e+02
3.657701764098062540e+02
3.645277213772000096e+02
3.632919493628314740e+02
3.620626539149436098e+02
3.608393765943159792e+02
3.596217708299238325e+02
3.584093894680586914e+02
3.572017056735284086e+02
3.559983415069870034e+02
3.547987153610931728e+02
3.536024470845594578e+02
3.524090696334404811e+02
3.512181683334697482e+02
3.500294881966157732e+02
3.488426635826176607e+02
3.476576067930413956e+02
3.464741516463070639e+02
3.452922789948217996e+02
3.441120946757555998e+02
3.429336373277664620e+02
3.417572466762870818e+02
3.405831160232461912e+02
3.394332402318867139e+02
3.382842015524742578e+02
3.371401368575430411e+02
3.360016952375780761e+02
3.348693413459949966e+02
3.337436873003223923e+02
3.326252269414109151e+02
3.315144010474382981e+02
3.304117446378616592e+02
3.293176098685429452e+02
3.282324613464885488e+02
3.271566327099541240e+02
3.260904745612962756e+02
3.250343445999872074e+02
3.239886611375721372e+02
3.229538507800518232e+02
3.219305388190585973e+02
3.209194077138389503e+02
3.199214435525564113e+02
3.189380640926915476e+02
3.179708688281201034e+02
3.170225627363033709e+02
3.160961015616684335e+02
3.151961390658704545e+02
3.143537633299241065e+02
3.135627665663500352e+02
3.128251389459914549e+02
3.121530769425301628e+02
3.115663091091845445e+02
3.110853344744802484e+02
3.107391956908493285e+02
3.105627963115053376e+02
3.105927861491268231e+02
3.108809769191835244e+02
3.114673359047483814e+02
3.124041905013102109e+02
3.137271142464420564e+02
3.154584681002843922e+02
3.176109828946664493e+02
3.201670462939601975e+02
3.231040712088416740e+02
3.263986342097956026e+02
3.300171500498518071e+02
3.339613266467322887e+02
3.382207849520976879e+02
3.427944873234067131e+02
3.476808454379554405e+02
3.528238652115056198e+02
3.580752884261298163e+02
3.634490831238641704e+02
3.687301695159684414e+02
3.737872202606607743e+02
3.784871969436490531e+02
3.827244135958608240e+02
3.864199749163187789e+02
3.894981866381659756e+02
3.919466470029775564e+02
3.937641151649005451e+02
3.949836922869586147e+02
3.956775462140444120e+02
3.959064052637486952e+02
3.957580185854299657e+02
3.953000492062246281e+02
3.946012655906444024e+02
3.937250043379702333e+02
3.927240624828340856e+02
3.916575532089009357e+02
3.905805529296484337e+02
3.895604603762860734e+02
3.886876761114173178e+02
3.880676773734447238e+02
3.878751540475061006e+02
3.882374375042384145e+02
3.894489810112398231e+02
3.917771110590219905e+02
3.953116199747528867e+02
4.000143303872866340e+02
4.054984181000350532e+02
4.111966815751868012e+02
4.165421953273682334e+02
4.211796540178431769e+02
4.249665228795452094e+02
4.280245835525826124e+02
4.304503140375364865e+02
4.324062154796874324e+02
4.339963723986533637e+02
4.352793033887733714e+02
4.363066689720681666e+02
4.370712045962190473e+02
4.375788352645082568e+02
4.378211558060628477e+02
4.377792217544620712e+02
4.374522893149066931e+02
4.368235139287855873e+02
4.358859790617354406e+02
4.346479046395938326e+02
4.330323120073695122e+02
4.310379744319769202e+02
4.288380328764860110e+02
4.264586957286414304e+02
4.239331819897798823e+02
4.212838223832121685e+02
4.185395818948679789e+02
4.157218674982963194e+02
4.128495454504979421e+02
4.099413414307738890e+02
4.070093084554812890e+02
4.040664035864656967e+02
4.011216936744849590e+02
3.981824948366809735e+02
3.952561013694411827e+02
3.923465385856894159e+02
3.894588050065482321e+02
3.865961576698958311e+02
3.837613430500562117e+02
3.809575997285955964e+02
3.781863766883394078e+02
3.754505091235590726e+02
3.727515711077127776e+02
3.700915488240451623e+02
3.675129484272170544e+02
3.648998357297879238e+02
3.623409735951031507e+02
3.598380170539314804e+02
3.573946837112677031e+02
3.550142830789573054e+02
3.527012609490427053e+02
3.504616009959864300e+02
3.483007957994824437e+02
3.462282680883618013e+02
3.442513878361737056e+02
3.423823302372705939e+02
3.406314922393294182e+02
3.390098593704387326e+02
3.375305689526890660e+02
3.361986352872917792e+02
3.350234464668191094e+02
3.340018795165448182e+02
3.331289363990412653e+02
3.323974172276655281e+02
3.317932864444406960e+02
3.313084517945890184e+02
3.309395871828727422e+02
3.306836836224740068e+02
3.305423533716637507e+02
3.305202627054197251e+02
3.306438022729732893e+02
3.309266719283888847e+02
3.313727739247057116e+02
3.319949400314147283e+02
3.327749673584326615e+02
3.337004887390764338e+02
3.347379942772288928e+02
3.358375868116212359e+02
3.369462905869436895e+02
3.379938150971706250e+02
3.389107292241377536e+02
3.396449090562236961e+02
3.401497137404489877e+02
3.404062695238528136e+02
3.404159572284158912e+02
3.401817881411582789e+02
3.397357378483282560e+02
3.391002375004139253e+02
3.383079704779301551e+02
3.373938782357571426e+02
3.363841708684713012e+02
3.353125572702983277e+02
3.341494680160832331e+02
3.329134163633013941e+02
3.316903924708693125e+02
3.304929860288443706e+02
3.293358731017397076e+02
3.282258508574216762e+02
3.271697782454713206e+02
3.261718511898401403e+02
3.252320736338857614e+02
3.243515193292600998e+02
3.235265381546660706e+02
3.227537361645946135e+02
3.220284926132786723e+02
3.213443257370151400e+02
3.206956596309819361e+02
3.200763104052801964e+02
3.194794699805095775e+02
3.189011002167823676e+02
3.183354259290500181e+02
3.177791320877226440e+02
3.172293881322478910e+02
3.166826139244708429e+02
3.161389192415465459e+02
3.155957649740195734e+02
3.150838999101737841e+02
3.145588025657018534e+02
3.140323015709465153e+02
3.135057997880600738e+02
3.129783604119500637e+02
3.124515157628381985e+02
3.119249778947572622e+02
3.113992832238110395e+02
3.108751067122784093e+02
3.103522127353357973e+02
3.098316198446104863e+02
3.093130576904472377e+02
3.087971672014981550e+02
3.082841557398157875e+02
3.077743294418937694e+02
3.072681988591886579e+02
3.067660439364552190e+02
3.062684208482385202e+02
3.057758931992080988e+02
3.052891113231025884e+02
3.048088308069373511e+02
3.043360284079698772e+02
3.038715523527774280e+02
3.034166237665137373e+02
3.029853254823690918e+02
3.025493977712900460e+02
3.021281663570745764e+02
3.017227889677931785e+02
3.013350607869729743e+02
3.009664437240830352e+02
3.006186216895133612e+02
3.002936590398207386e+02
2.999931514841895250e+02
2.997196740795557730e+02
2.994753462278239908e+02
2.992630622917749292e+02
2.990863287724514521e+02
2.989488044625771863e+02
2.988561746805885377e+02
2.988144170532382873e+02
2.988325380764814554e+02
2.989212928300800627e+02
2.990949833148333710e+02
2.993737336842511354e+02
2.997803732576310267e+02
3.003499470313540769e+02
3.011198948674069698e+02
3.021415557167113093e+02
3.034946677517791613e+02
3.052311480657427296e+02
3.074222117297393879e+02
3.101040007244693015e+02
3.133038747287758383e+02
3.169923268049240619e+02
3.210720446949995335e+02
3.254052859144593413e+02
3.298076145302285909e+02
3.340899647771864807e+02
3.381043033000694322e+02
3.417369126512255093e+02
3.449200645506534784e+02
3.476549283640015915e+02
3.499498708408069660e+02
3.518603460003964756e+02
3.534443049334991542e+02
3.547575424141997473e+02
3.558634739525746227e+02
3.568064443066609215e+02
3.576227188658614295e+02
3.583368402710503346e+02
3.589578582434403984e+02
3.594873826261592171e+02
3.598710052983282708e+02
3.600331516317984892e+02
3.600728859559663988e+02
3.599899370554321649e+02
3.597786944890935956e+02
3.594462870353058292e+02
3.590009716898048282e+02
3.584509003202130089e+02
3.578143988428190028e+02
3.571018017718062652e+02
3.563301482339534232e+02
3.555116754047595578e+02
3.546576179119633707e+02
3.537787718886056041e+02
3.528830746403042440e+02
3.519770295492367040e+02
3.510678561353341252e+02
3.501597186478728645e+02
3.492584236299227882e+02
3.483691669614823923e+02
3.474953261457966391e+02
3.466427493320604754e+02
3.458129611861696731e+02
3.450094888175271421e+02
3.442067731963771280e+02
3.433814016958004345e+02
3.425912342266019550e+02
3.418390160655540626e+02
3.411405112645886675e+02
3.405392607301056955e+02
3.401539647018009305e+02
3.403050466082772800e+02
3.417264245001824179e+02
3.462197795815731638e+02
3.564614011800605340e+02
3.748329543713214207e+02
3.986983995665340217e+02
4.226531699401707556e+02
4.441057930148793957e+02
4.607976394752457736e+02
4.729314328658293221e+02
4.848236701233471990e+02
4.963731232084730323e+02
5.060737555119136459e+02
5.134867620401169006e+02
5.184929354344399144e+02
5.214583817574479099e+02
5.234015599524333311e+02
5.245490121716712792e+02
5.255111443949684826e+02
5.264275195379165098e+02
5.273347579487985968e+02
5.282899821470089137e+02
5.293605960520338840e+02
5.306207702340444712e+02
5.321296045039455294e+02
5.339004744238948206e+02
5.359155168617402296e+02
5.381167808166367195e+02
5.404499208677181059e+02
5.428670593396203685e+02
5.453640047319603354e+02
5.479609226886108218e+02
5.506906760306455908e+02
5.536003043246643074e+02
5.567248968903845707e+02
5.600806204626655926e+02
5.636697741707422438e+02
5.674379429795036458e+02
5.712985579500929134e+02
5.751359848054072472e+02
5.788144851195886531e+02
5.818554132855593934e+02
5.843949589246743699e+02
5.865134530825590673e+02
5.882106817058871684e+02
5.894896560823062828e+02
5.903715073534281146e+02
5.908963281820163047e+02
5.910956207135856175e+02
5.910282145376176004e+02
5.907459199797900737e+02
5.903159959565283543e+02
5.897970699610972360e+02
5.892420102373627060e+02
5.886719109643821639e+02
5.880619499195078106e+02
5.873371367013648978e+02
5.863947819815896310e+02
5.851299380280161131e+02
5.834992031812980713e+02
5.814975768681559884e+02
5.791594610536611754e+02
5.765414154980716148e+02
5.736841645998041486e+02
5.706378484672625291e+02
5.672126471714525451e+02
5.635239208613314759e+02
5.597298763169001177e+02
5.558473016306907084e+02
5.518888118341815243e+02
5.478667346814289658e+02
5.437906676609260330e+02
5.396692638056171063e+02
5.355119949680810123e+02
5.313249194327437408e+02
5.271167595341861443e+02
5.228929459467794914e+02
5.186596988272931412e+02
5.144225621350351503e+02
5.101855860054309915e+02
5.059534247331396273e+02
5.017284146599143924e+02
4.975137946549614298e+02
4.933112193556594889e+02
4.891229240306213910e+02
4.849500050881391644e+02
4.807938224977157802e+02
4.766560017706278813e+02
4.725373921820991541e+02
4.685404206915996497e+02
4.646269448413385135e+02
4.607528045806739669e+02
4.569177693188949547e+02
4.531219561180918163e+02
4.493658447109988288e+02
4.456486918717681647e+02
4.419715538199492926e+02
4.383335004278482643e+02
4.347353565236850272e+02
4.311769382620792612e+02
4.276582403111542590e+02
4.241798031637046620e+02
4.207410582215791237e+02
4.173427453313580031e+02
4.139844548828839379e+02
4.106664248597633105e+02
4.073887127537230981e+02
4.041510583504423835e+02
4.009542721633395672e+02
3.977981401085820607e+02
3.946841054545000134e+02
3.916134331230359749e+02
3.885882804431748241e+02
3.858172826805026148e+02
3.831652774206598338e+02
3.805718100221408235e+02
3.780461497737229024e+02
3.755999160193193234e+02
3.732513711031012917e+02
3.710153480968626809e+02
3.689152175718806461e+02
3.669698248210714269e+02
3.651956840635564276e+02
3.636086066685100491e+02
3.622046271400833461e+02
3.609847637755254368e+02
3.599326125828683303e+02
3.590478031109742005e+02
3.583293652414906205e+02
3.577968481477154796e+02
3.574757447821656910e+02
3.573852743171323141e+02
3.575444885960882289e+02
3.579415130929403972e+02
3.585624930812182356e+02
3.593674947863542570e+02
3.603182965518180936e+02
3.613478651311140197e+02
3.622996478252109114e+02
3.631626273391248674e+02
3.638520566435162777e+02
3.643050505428185488e+02
3.644754297341538063e+02
3.643625153178052756e+02
3.639797901641939575e+02
3.633617012309701408e+02
3.625455738553959009e+02
3.615647100183020370e+02
3.604499955695324616e+02
3.592230539852968150e+02
3.579049807750443506e+02
3.565075176016674163e+02
3.550450270044254353e+02
3.535251608260982152e+02
3.519578950194806453e+02
3.503513085605187030e+02
3.487117194807057103e+02
3.470482350597451955e+02
3.453655137386567162e+02
3.436717238443646352e+02
3.419717931555686619e+02
3.403312193244427135e+02
3.387005657570289827e+02
3.370786388974797774e+02
3.354702864967196092e+02
3.338782285444925151e+02
3.323058620117727173e+02
3.307555499363682543e+02
3.292294382271308564e+02
3.277295389819871048e+02
3.262572473528707633e+02
3.248139993452261365e+02
3.234005928299383754e+02
3.220181464264238684e+02
3.206669817416283763e+02
3.193480390411145891e+02
3.180615333926905919e+02
3.168079454026626536e+02
3.155877747870775920e+02
3.144009062357716857e+02
3.132482091933685524e+02
3.121292891487139514e+02
3.110448738602844401e+02
3.099949107163152462e+02
3.089793712724553529e+02
3.080527826572089225e+02
3.072336668691386308e+02
3.064481224235174750e+02
3.056949538456952951e+02
3.049739330525130754e+02
3.042843874630429468e+02
3.036252102365607470e+02
3.029962516743544256e+02
3.023958989318528552e+02
3.018238240445157317e+02
3.012786875186456541e+02
3.007594107227054678e+02
3.002651507342347372e+02
2.997942198545327983e+02
2.993458255286832355e+02
2.989182910215386642e+02
2.985104213680493217e+02
2.981208511864656430e+02
2.977480007355355838e+02
2.973906472252631943e+02
2.970472313650083152e+02
2.967165483349318151e+02
2.963973602148848272e+02
2.960885672361323486e+02
2.958333229702411700e+02
2.956182247094900504e+02
2.954121634954260003e+02
2.952161182401018777e+02
2.950315607698158260e+02
2.948606239953361410e+02
2.947060335964839055e+02
2.945715994916897102e+02
2.944618221095841477e+02
2.943827921334219013e+02
2.943418164123456791e+02
2.943478773151715018e+02
2.944125777128069217e+02
2.945487120255069158e+02
2.947738444155729098e+02
2.951063950480397580e+02
2.955691250780054133e+02
2.961874768720728639e+02
2.969862779650442235e+02
2.979973557648098108e+02
2.992415161384063254e+02
3.007464681250634726e+02
3.025239320893112449e+02
3.045780402383962837e+02
3.069057443917684509e+02
3.094611038111008270e+02
3.121953123230556457e+02
3.150399809564507336e+02
3.179229373602639157e+02
3.207645644313951721e+02
3.234887807298793518e+02
3.260186270154926547e+02
3.283056215241783775e+02
3.302985374909010261e+02
3.319737657272024762e+02
3.333201326836285716e+02
3.343314918543111958e+02
3.350285336205501494e+02
3.354235778311530112e+02
3.355473467595001580e+02
3.354279647993063236e+02
3.350939624106893575e+02
3.345789926380718384e+02
3.339094737535055515e+02
3.331166279693440515e+02
3.322288908916520427e+02
3.312791798839023159e+02
3.303122214384761151e+02
3.293893033033838265e+02
3.285869137414426859e+02
3.281809665368468814e+02
3.285759538689505916e+02
3.305933304529824568e+02
3.354115891187240095e+02
3.444636063964639447e+02
3.582379296520820731e+02
3.755349219393725093e+02
3.944241857470674972e+02
4.147848348379132517e+02
4.371700265899988835e+02
4.602140839540340949e+02
4.792699240060473471e+02
4.912720554956561614e+02
4.970128576245826935e+02
4.987945803973316288e+02
4.984212067144949287e+02
4.970097164778965748e+02
4.950871073851378128e+02
4.929369788022454486e+02
4.906934508704042628e+02
4.884258861545025070e+02
4.861704301841120923e+02
4.840342882193983201e+02
4.817887428960533498e+02
4.796071787029680422e+02
4.774740331629398611e+02
4.753767976182043071e+02
4.733025065204753332e+02
4.712387371450602132e+02
4.691734127496532665e+02
4.670959585648411121e+02
4.649960816235280845e+02
4.628655355640718767e+02
4.606980373869242271e+02
4.584871652439231866e+02
4.562306837873110226e+02
4.539251760598264696e+02
4.515709812856105145e+02
4.491684889222009929e+02
4.467197279065715634e+02
4.442282549398253195e+02
4.416980123207264342e+02
4.391345769873917675e+02
4.365434287154321282e+02
4.339310986196269937e+02
4.313036559655258202e+02
4.287214684465075720e+02
4.260800641688539940e+02
4.234430655608593952e+02
4.208160867415346047e+02
4.182046352285595390e+02
4.156138239396107110e+02
4.130477004533522631e+02
4.105106497225168596e+02
4.080053454893349567e+02
4.055349205339891228e+02
4.031012307208151810e+02
4.007055503996414814e+02
3.983492897686914489e+02
3.960322456965087099e+02
3.937548098556054583e+02
3.915163444069751222e+02
3.893157950704429595e+02
3.871525534781011970e+02
3.850247283448798612e+02
3.829311016032052635e+02
3.808700718566755654e+02
3.788394361287760717e+02
3.768381785636685208e+02
3.748638195580545585e+02
3.729202785806474481e+02
3.709425768577403346e+02
3.689882393670186502e+02
3.670562033965890123e+02
3.651444717504842856e+02
3.632519086510933448e+02
3.613770850302343547e+02
3.595187292708980067e+02
3.576760408975053451e+02
3.558482937723451869e+02
3.540349249509273477e+02
3.522359002095183769e+02
3.504512609541177426e+02
3.486812978045999785e+02
3.469271471717626696e+02
3.451893150495830014e+02
3.434698050048169193e+02
3.417701466506102861e+02
3.400929663783019805e+02
3.384425719791119036e+02
3.368248236639915376e+02
3.352533997576911702e+02
3.337523958467170928e+02
3.323829314361854586e+02
3.312910568681975860e+02
3.307182709512672432e+02
3.312200720003273204e+02
3.336408907606556795e+02
3.389630179481557661e+02
3.469314104377604622e+02
3.559384318039043933e+02
3.644762041771173244e+02
3.720603198576253021e+02
3.784263224042580305e+02
3.834123699173558180e+02
3.871631353358613978e+02
3.901212878705674143e+02
3.924913280609803223e+02
3.942733723056942949e+02
3.954654838449224599e+02
3.960974866363769706e+02
3.963088908347654638e+02
3.962572173540930294e+02
3.960852152287926060e+02
3.959152927665759876e+02
3.958199088670663173e+02
3.958442298040236551e+02
3.959790132204067277e+02
3.960387455885759209e+02
3.961613324093644337e+02
3.962557745993776734e+02
3.963093323564614252e+02
3.963046095272391653e+02
3.962335811617076047e+02
3.960749635386974319e+02
3.957840468110653092e+02
3.953148446363873632e+02
3.946336815644464195e+02
3.937215251402948297e+02
3.925930446554682476e+02
3.912709514916377884e+02
3.897859716503789400e+02
3.881783381705022862e+02
3.864763939312000502e+02
3.847217215568520032e+02
3.829440954558172621e+02
3.811752458052793600e+02
3.794461709916971586e+02
3.777753107397110170e+02
3.761850535290854509e+02
3.746856997843548811e+02
3.732874291874371124e+02
3.720193193450028843e+02
3.710181370935422933e+02
3.702235833121313817e+02
3.696625617383799067e+02
3.693503525086495074e+02
3.693003825400001006e+02
3.695325436592555093e+02
3.700791547549529241e+02
3.709749581022873599e+02
3.722399270427940792e+02
3.738963858497507431e+02
3.759170586090432380e+02
3.782994285378429709e+02
3.810229251899103247e+02
3.841978160821820438e+02
3.879743199963072016e+02
3.926603272043109882e+02
3.984050049086470722e+02
4.051096033171015733e+02
4.124956847354863498e+02
4.203792516906052015e+02
4.288755518915552898e+02
4.379811606651013562e+02
4.474212838246505726e+02
4.563366241246304185e+02
4.641715879623787941e+02
4.703324796564427288e+02
4.750389847059422550e+02
4.786279903961797686e+02
4.814798958455285742e+02
4.838372647918390612e+02
4.858319131092087559e+02
4.875460073459830141e+02
4.890029719155068051e+02
4.902222761337843053e+02
4.912092177840837053e+02
4.919644531259419296e+02
4.925030836544611930e+02
4.928264290887158268e+02
4.929563334694094578e+02
4.929058980537184880e+02
4.926924697422360850e+02
4.923381944622714173e+02
4.918548364411751095e+02
4.912626289123824108e+02
4.905702682010593776e+02
4.897870514560677861e+02
4.889182096479492543e+02
4.877539182424779938e+02
4.864509221931392062e+02
4.850584100123900271e+02
4.835764825433098508e+02
4.820006772968152973e+02
4.803289750788107426e+02
4.785593373581006063e+02
4.766899874081552184e+02
4.747235477489751361e+02
4.726600989259953280e+02
4.705062138534551650e+02
4.682661582731856242e+02
4.659474430323443812e+02
4.635588008152124644e+02
4.611075181857123653e+02
4.586044730304742529e+02
4.560577445223483437e+02
4.534776060299264486e+02
4.508731277475857269e+02
4.482531812576343100e+02
4.456265542888677373e+02
4.430012444151900581e+02
4.403848206479818259e+02
4.377843350846850967e+02
4.350423433331049523e+02
4.322739313800693708e+02
4.295406156641159328e+02
4.268452387312739233e+02
4.241912448689977282e+02
4.215800877645277183e+02
4.190126684132204673e+02
4.164898280013478029e+02
4.140103618103835288e+02
4.115742371773291666e+02
4.091795409975248958e+02
4.068247514015675392e+02
4.045083517956264245e+02
4.022279048020773757e+02
3.999823143213943126e+02
3.977692967727510336e+02
3.955873736081043717e+02
3.934352615582898807e+02
3.913113253037552681e+02
3.892147205606176499e+02
3.871441389196822911e+02
3.850986614802455961e+02
3.830776199520838645e+02
3.810799603482767566e+02
3.790236406672322573e+02
3.769157814428510278e+02
3.748318686653474856e+02
3.727715182450423868e+02
3.707346125698046535e+02
3.687212002438638478e+02
3.667313415461420050e+02
3.647653313184612216e+02
3.628235333389245625e+02
3.609065209284178195e+02
3.590148943365438754e+02
3.571491312507961311e+02
3.553102410568501455e+02
3.534985174294959052e+02
3.517151294814789821e+02
3.499605152917494024e+02
3.482354118754169008e+02
3.465408026560137387e+02
3.448767991633528709e+02
3.432445731382341592e+02
3.416442253545300218e+02
3.400764923660465229e+02
3.385420090432969005e+02
3.370407367625456914e+02
3.355366338789748966e+02
3.340636353218523027e+02
3.326297459301299568e+02
3.312350657860325782e+02
3.298797900478572842e+02
3.285644280385289449e+02
3.272886425947774569e+02
3.260530766201024448e+02
3.248572852692788615e+02
3.237017546406353858e+02
3.225862071204462040e+02
3.215105995615342067e+02
3.204750984414966410e+02
3.194790468227635074e+02
3.185229413866526897e+02
3.176058574564542027e+02
3.167278692110864995e+02
3.158884747759209972e+02
3.150867139017320824e+02
3.143227508724215227e+02
3.135948537981392974e+02
3.129029633464581934e+02
3.122456340689174681e+02
3.116217583013674357e+02
3.110236621413018838e+02
3.104733949516527787e+02
3.099551228211122975e+02
3.094661781550981345e+02
3.090046102202525731e+02
3.085681945355921130e+02
3.081540214952269139e+02
3.077601377135395637e+02
3.073834788281603210e+02
3.070219511430162811e+02
3.066728195318186181e+02
3.063337349317214944e+02
3.060024515153045854e+02
3.056766951755703872e+02
3.053547945150741612e+02
3.050347263361595083e+02
3.047154790038212013e+02
3.043954409886403027e+02
3.040740640926980518e+02
3.037506273785179474e+02
3.034248152191916574e+02
3.030968519174838889e+02
3.027666460789864686e+02
3.024351456469695449e+02
3.021047908678551153e+02
3.017846141272150930e+02
3.014627401860227565e+02
3.011408093244698989e+02
3.008206745770056045e+02
3.005041158026809285e+02
3.001931801734132819e+02
2.998896953956514722e+02
2.995956253582387490e+02
2.993126753354084713e+02
2.990426053490277809e+02
2.987868880087317507e+02
2.985468319061710076e+02
2.983234506568131792e+02
2.981175657485128454e+02
2.979297169656327355e+02
2.977601562746282866e+02
2.976089165463264408e+02
2.974755736561868957e+02
2.973597518018924575e+02
2.972604922266846756e+02
2.971769323992524505e+02
2.971078392280954290e+02
2.970518693516319786e+02
2.970003105328115112e+02
2.969562701270349407e+02
2.969203761436023115e+02
2.968911962410999763e+02
2.968674475108323918e+02
2.968478168762580935e+02
2.968311468134750726e+02
2.968162330217919589e+02
2.968022249577623484e+02
2.967881336417619877e+02
2.967733243670040792e+02
2.967571974715880287e+02
2.967392108961248027e+02
2.967192844637845610e+02
2.966969671601538607e+02
2.966725954767500184e+02
2.966460643575328504e+02
2.966178028621819180e+02
2.965882534670378163e+02
2.965577630878116793e+02
2.965272617999668228e+02
2.964970549354377454e+02
2.964679160686397381e+02
2.964394981735524652e+02
2.964081568781041369e+02
2.964127547155442812e+02
2.964261034012469054e+02
2.964494153748908616e+02
2.964836129669392335e+02
2.965301866944995481e+02
2.965905185841577349e+02
2.966664767551866362e+02
2.967608543706254522e+02
2.968761334979375306e+02
2.970169319003898636e+02
2.971875068854211577e+02
2.973923890792297016e+02
2.976364730303397437e+02
2.979159057181860248e+02
2.982228608548423949e+02
2.985315955486852886e+02
2.988094801437049455e+02
2.990230934977170705e+02
2.991544746232464149e+02
2.992033359940395485e+02
2.991860062990648430e+02
2.991210146930130236e+02
2.990241254917044671e+02
2.991535811541349403e+02
2.993842492002776225e+02
2.996147315306631640e+02
2.998426426043442916e+02
3.000656965783455234e+02
3.002811057974898858e+02
3.004862951716197017e+02
3.006785990042787375e+02
3.008552598656650616e+02
3.010143611801899510e+02
3.011533178432147224e+02
3.012711057394946579e+02
3.013659715004740178e+02
3.014374435395231444e+02
3.014850549983112842e+02
3.015086818794984538e+02
3.015091245072334232e+02
3.014868521408997708e+02
3.014434206393219142e+02
3.013801274096775273e+02
3.012989505192663842e+02
3.012018340804582976e+02
3.010911609034931757e+02
3.009692785790908829e+02
3.008303885240375166e+02
3.007200893456696349e+02
3.006047926607427598e+02
3.004875385746594816e+02
3.003708206147318833e+02
3.002582687488678630e+02
3.001524094713933550e+02
3.000568938510805310e+02
2.999749199782816049e+02
2.999098240822806360e+02
2.998660358013045197e+02
2.998471444725627180e+02
2.998592925415488821e+02
2.999089599630335670e+02
3.000078325318763177e+02
3.001736846613616194e+02
3.004408280552866586e+02
3.008762248835726609e+02
3.016087373166315047e+02
3.029300357337957053e+02
3.053551686180216507e+02
3.099920195983067401e+02
3.184669012506008698e+02
3.330795477133669351e+02
3.551662355368326871e+02
3.829047241942959090e+02
4.099459297400937885e+02
4.303180167496132640e+02
4.426932812539706106e+02
4.495340562323971767e+02
4.531044655879346124e+02
4.549219631804701294e+02
4.558473758236503386e+02
4.562617508648707485e+02
4.563761510132347894e+02
4.563183649098688193e+02
4.561955312636926578e+02
4.560745151856863799e+02
4.560216930579564405e+02
4.560778374018947829e+02
4.562725137549537067e+02
4.566331841459240763e+02
4.571538367486926404e+02
4.578365649711348055e+02
4.586483403746381668e+02
4.595378038656453441e+02
4.604213865409739128e+02
4.611739790102848247e+02
4.614822046802762543e+02
4.611985030505586565e+02
4.604729293779358272e+02
4.592875500610852555e+02
4.576992982614470975e+02
4.557607478872922115e+02
4.535673990790050425e+02
4.511858690662854201e+02
4.486813440117710456e+02
4.461097951252215807e+02
4.435080324428697054e+02
4.409137085776740719e+02
4.383522068503921787e+02
4.358449976809017699e+02
4.334123343274288231e+02
4.310691145243873734e+02
4.288283722264753237e+02
4.267036849334811563e+02
4.246976475147124575e+02
4.228125032509213952e+02
4.210395797162208851e+02
4.193600137300201709e+02
4.177486173694977083e+02
4.161710532225218913e+02
4.144182250523373341e+02
4.124920495070297761e+02
4.104985224883815818e+02
4.084179428989367011e+02
4.062482820905407266e+02
4.039903519156801508e+02
4.016606461620197592e+02
3.992768864619536657e+02
3.968566587393380587e+02
3.944200379210388974e+02
3.919799377772832258e+02
3.895493366355348712e+02
3.871361918627655996e+02
3.847466821047128178e+02
3.823853251777458127e+02
3.800551742415031526e+02
3.777599565058583266e+02
3.755019343087659536e+02
3.732851383924344759e+02
3.711138511675073346e+02
3.689924018299022350e+02
3.669269650343247235e+02
3.649231445299532766e+02
3.629868855440405468e+02
3.611622970673514601e+02
3.596102355923088680e+02
3.581370909706445786e+02
3.567448037412845565e+02
3.554347190231532068e+02
3.542089250643338687e+02
3.530645005856461012e+02
3.520009357003557966e+02
3.510121779477878476e+02
3.500924140387551802e+02
3.492335594735198470e+02
3.484253220398481972e+02
3.476578227754103523e+02
3.469192242962069486e+02
3.461998043052510639e+02
3.454880290810705219e+02
3.447764966806491316e+02
3.440558490116964663e+02
3.433212753910638071e+02
3.425677089932132731e+02
3.417915262407204864e+02
3.409922133883379161e+02
3.401673493343482733e+02
3.393190414026848316e+02
3.384646929545988883e+02
3.376813936963591232e+02
3.368767470834977757e+02
3.360532522269661513e+02
3.352146223772805911e+02
3.343636485521844861e+02
3.335042736205068650e+02
3.326398978310581924e+02
3.317750340722744795e+02
3.309147863208270905e+02
3.300670177869470194e+02
3.292426040916323018e+02
3.284618184305735440e+02
3.277573428729205602e+02
3.271868788302903681e+02
3.268554676610657452e+02
3.269225177651703120e+02
3.276723372918937685e+02
3.294616505648765497e+02
3.327058830559122384e+02
3.376313879957602353e+02
3.439590781479685120e+02
3.507943520371418344e+02
3.571150165827360752e+02
3.621878586105248701e+02
3.663209485080001286e+02
3.698677702186435567e+02
3.734167370018660108e+02
3.774304895988543649e+02
3.818585050704974151e+02
3.862385742323234012e+02
3.901365757133671082e+02
3.933309493901318206e+02
3.958496291686677182e+02
3.979728675934018156e+02
4.000513808707872272e+02
4.023503828867137031e+02
4.048949900754265627e+02
4.074970250429126395e+02
4.097938749899483923e+02
4.114502914691936439e+02
4.122398601121581123e+02
4.121775751704306003e+02
4.113569905243926428e+02
4.100095343088478330e+02
4.082962305557215927e+02
4.063653819518673345e+02
4.043137899734182383e+02
4.020449755207536668e+02
3.998078291915558680e+02
3.975899738771175862e+02
3.954049357847924853e+02
3.932597968830073114e+02
3.911576441992449418e+02
3.890981504212841173e+02
3.870830511205724633e+02
3.851094902486611318e+02
3.831778552663024584e+02
3.812864762079123579e+02
3.794331886764846899e+02
3.776188325646765520e+02
3.758395982828213846e+02
3.740967855737983427e+02
3.723872535419620817e+02
3.707110265137281431e+02
3.690669527234400675e+02
3.674534644834885171e+02
3.658718705014371153e+02
3.643198969365113840e+02
3.628000365396733855e+02
3.613107343810069665e+02
3.598541284290593580e+02
3.583547969080779581e+02
3.568305055044919527e+02
3.553447342726971669e+02
3.538967804451040706e+02
3.524894924312916942e+02
3.511217024836748806e+02
3.497941113444906591e+02
3.485061664980457294e+02
3.472558562299824985e+02
3.460427115900852755e+02
3.448631711495547165e+02
3.437158488547253228e+02
3.425970869517453252e+02
3.415042700104816049e+02
3.404344498114212456e+02
3.393845092301531281e+02
3.383522096629101270e+02
3.373348298390960736e+02
3.363308564668736835e+02
3.353385212090823870e+02
3.343573725637484699e+02
3.333866519133797510e+02
3.324269787696480307e+02
3.314789281722974579e+02
3.304992595882631008e+02
3.295279555963737721e+02
3.285722352803037438e+02
3.276351848926476578e+02
3.267195597236203639e+02
3.258288061025159550e+02
3.249659398653349740e+02
3.241345526434963062e+02
3.233376935811217550e+02
3.225788110257304311e+02
3.218608498490967236e+02
3.211864426940259705e+02
3.205583420776835055e+02
3.199778834348909982e+02
3.194471636385191573e+02
3.189663195411445145e+02
3.185359149709086068e+02
3.181551844600142545e+02
3.178225978680003436e+02
3.175366348689418032e+02
3.172943766328176594e+02
3.170932748383233957e+02
3.169301630439092037e+02
3.168020639079504690e+02
3.166926281307487443e+02
3.165592513904982752e+02
3.164517613826374713e+02
3.163687170123993155e+02
3.163089836473921537e+02
3.162715043688946253e+02
3.162558806781352700e+02
3.162605752252267735e+02
3.162844295728380075e+02
3.163247096502917657e+02
3.163787579631529638e+02
3.164422469328114289e+02
3.165111702066859607e+02
3.165806523225041929e+02
3.166461035098799357e+02
3.167048966926913636e+02
3.167525139057562455e+02
3.167899655318918803e+02
3.168154295479360485e+02
3.168315870022497052e+02
3.168409385536387504e+02
3.168467385588270986e+02
3.168551349964249653e+02
3.168705651764958589e+02
3.169028725132348541e+02
3.169342257506780811e+02
3.170113921093249019e+02
3.171400387760858735e+02
3.173267821583179966e+02
3.175730132421944631e+02
3.178796009242375931e+02
3.182427608447913485e+02
3.186539088632100061e+02
3.191032440447907561e+02
3.195732096623844427e+02
3.200466653682026958e+02
3.205025390362056896e+02
3.209203771498502533e+02
3.212800795402075096e+02
3.215660338593189067e+02
3.217635045938594089e+02
3.218654405266859726e+02
3.218667374460936799e+02
3.217666599062037562e+02
3.215698803449607794e+02
3.212793155109163763e+02
3.209050434226036828e+02
3.204539438262007707e+02
3.198982519940818747e+02
3.192394499688695078e+02
3.185382429011220324e+02
3.178073912737041837e+02
3.170572993606771774e+02
3.163012164207458454e+02
3.155528235985416927e+02
3.148280987321041948e+02
3.141484514477527910e+02
3.135380269927301811e+02
3.130281973809676970e+02
3.126518303276207007e+02
3.124299232143449103e+02
3.123644935330890462e+02
3.124147543424230093e+02
3.125153486886016481e+02
3.125931289844021990e+02
3.126041292303079899e+02
3.125225573895791626e+02
3.123642636727900594e+02
3.121432504922881890e+02
3.118859795765154104e+02
3.116135136543409203e+02
3.113412188863195524e+02
3.111840234361179114e+02
3.110790451795370473e+02
3.109962186336035188e+02
3.109343478811661612e+02
3.108936933174580304e+02
3.108740640071787880e+02
3.108746760211120090e+02
3.108972052767016976e+02
3.109419220318666817e+02
3.110117083826543194e+02
3.111091215883654968e+02
3.112385869381477619e+02
3.114069572483336970e+02
3.116225442543386066e+02
3.119028200758829712e+02
3.122708050222955194e+02
3.127661160911338811e+02
3.134480365971835454e+02
3.143848424538321638e+02
3.156824993390263216e+02
3.174267358032627726e+02
3.197262998610291334e+02
3.226342264513272085e+02
3.261519323493915294e+02
3.302594602444143561e+02
3.347836499514286288e+02
3.393698562764897702e+02
3.437195472018107125e+02
3.475809789258190108e+02
3.507550117710959512e+02
3.531732199650174380e+02
3.547992632655099783e+02
3.557180009690447946e+02
3.559986741140072013e+02
3.557559229500155880e+02
3.550881962987448901e+02
3.540820539090889838e+02
3.528197255519401097e+02
3.513596271007453424e+02
3.497568178082907480e+02
3.480511661485317632e+02
3.462764233068984936e+02
3.444585206383716809e+02
3.426189302420931995e+02
3.407741318407720428e+02
3.389383398544314900e+02
3.371226520564187012e+02
3.353363648152992482e+02
3.335420718758250018e+02
3.317898259458729626e+02
3.300919230007933720e+02
3.284531607304275553e+02
3.268798256080526130e+02
3.253771939055919802e+02
3.239496585247321718e+02
3.226035078742850715e+02
3.213416794151955855e+02
3.201701581283148812e+02
3.190919854135037212e+02
3.181108324783112380e+02
3.172305221257327048e+02
3.164515787165450433e+02
3.157772327634333465e+02
3.152062753349256354e+02
3.147388526343916055e+02
3.143736019626187499e+02
3.141067001710813997e+02
3.139362244549116099e+02
3.138565910914292090e+02
3.138639381016479888e+02
3.139535374728542365e+02
3.141195392797816908e+02
3.143295256134232432e+02
3.146121565754530707e+02
3.149599639296484384e+02
3.153711602808100452e+02
3.158449339976099850e+02
3.163823546688157649e+02
3.169831856592085160e+02
3.176497935457505832e+02
3.183819965028455385e+02
3.191807406015919923e+02
3.200455733142862300e+02
3.209732700112004977e+02
3.219633563449788767e+02
3.230094889831573255e+02
3.241103558111692564e+02
3.252631647646123270e+02
3.264698574295196067e+02
3.277408033673774526e+02
3.290945440769188508e+02
3.305753458018354536e+02
3.322480189597980598e+02
3.342372923203398045e+02
3.367253701431307604e+02
3.400006083058148079e+02
3.444097397365593451e+02
3.504891324675173223e+02
3.585777386527762474e+02
3.686867619015300193e+02
3.807479461423686189e+02
3.946746499247551014e+02
4.105219908462751732e+02
4.278533643655096625e+02
4.453874645289759542e+02
4.613544912548616139e+02
4.747091461822394649e+02
4.853115416840007583e+02
4.936911942909014215e+02
5.005535350229987444e+02
5.064013947294236004e+02
5.116236662718959565e+02
5.163392763282372471e+02
5.205153685202976703e+02
5.240432359861873692e+02
5.268464849860316690e+02
5.289461421794165972e+02
5.304363112009499446e+02
5.314140619803301888e+02
5.319784575059804865e+02
5.320535525663618728e+02
5.318224846447134269e+02
5.313430766016756479e+02
5.306494875000539651e+02
5.297645395148938405e+02
5.287075829523415678e+02
5.274922033315095860e+02
5.261273780731193028e+02
5.246235515471278177e+02
5.229839308486859863e+02
5.212174433550917456e+02
5.193277298267715878e+02
5.173211936277815539e+02
5.152052358787860840e+02
5.129840736921688631e+02
5.106679367862206504e+02
5.082616611083348062e+02
5.057750234742160842e+02
5.032155485818314560e+02
5.005902643691927096e+02
4.979087937062664651e+02
4.951765924399749110e+02
4.924029112199138467e+02
4.895934457056019369e+02
4.866787684221868631e+02
4.836676944692121083e+02
4.806471830279222672e+02
4.776235321083979670e+02
4.746004473169635958e+02
4.715826326408929958e+02
4.685734060945724764e+02
4.655759851764839823e+02
4.625932516255428482e+02
4.596276578802191466e+02
4.566816314762866682e+02
4.537570892315791866e+02
4.508563847599868382e+02
4.479807709115762577e+02
4.451327227894425391e+02
4.423132943885951818e+02
4.395244845542211465e+02
4.367680030662722857e+02
4.340445785180151006e+02
4.313566614952925988e+02
4.287044054624365685e+02
4.260898703355057933e+02
4.235138597880570046e+02
4.209768049965771297e+02
4.184718420010094633e+02
4.160328145517502776e+02
4.136329842228222446e+02
4.112714183449262464e+02
4.089478788023336620e+02
4.066626113928285235e+02
4.044135885339789525e+02
4.022013641381916500e+02
4.000235246693197837e+02
3.978792479063953351e+02
3.957670657248353905e+02
3.936844253669191289e+02
3.916306191065732492e+02
3.896024240872631594e+02
3.875987216014531782e+02
3.856169120350750177e+02
3.836549459879639699e+02
3.817111969034871208e+02
3.797832663599430134e+02
3.778700023673796977e+02
3.759692757204317104e+02
3.740801244994493686e+02
3.722010779666080680e+02
3.703316084972011595e+02
3.684763487653868310e+02
3.666498501642119550e+02
3.648334453740445724e+02
3.630272158619295055e+02
3.612323987203016031e+02
3.594491186912975991e+02
3.576788683032050358e+02
3.559224685775448052e+02
3.541810406783932876e+02
3.524562965770062419e+02
3.507487852602798171e+02
3.490603818976670141e+02
3.473915953022576559e+02
3.457434770157472030e+02
3.441165199226059599e+02
3.425102849372412948e+02
3.409243865218984979e+02
3.393568755170252302e+02
3.378056350380791741e+02
3.362679236003993424e+02
3.347402820734744751e+02
3.332203214093347583e+02
3.317056424311359706e+02
3.301956388013081209e+02
3.286988654587643737e+02
3.272397559806177014e+02
3.258128679103626268e+02
3.244178618076875296e+02
3.230550830685724009e+02
3.217247634781082866e+02
3.204266066331093157e+02
3.191613359708738358e+02
3.179285548128545997e+02
3.167287745413107132e+02
3.155622093730127631e+02
3.144288722727367826e+02
3.133296085301889775e+02
3.122643579809872563e+02
3.112340645176288945e+02
3.102393071220013212e+02
3.092807998430290581e+02
3.083598466792118415e+02
3.074771068132586151e+02
3.066340529430246988e+02
3.058317310768135826e+02
3.050708868195345644e+02
3.043528238178723200e+02
3.036771943168718622e+02
3.030806824472842322e+02
3.025784890907331715e+02
3.021736865343775094e+02
3.018905097745487751e+02
3.017554976149780828e+02
3.018114533327253071e+02
3.020964196655592673e+02
3.026635507746605640e+02
3.035593413103198941e+02
3.048173119691326747e+02
3.064644431126969835e+02
3.084805637038658688e+02
3.108457375261253333e+02
3.135016841551440621e+02
3.164130825035126122e+02
3.195224911647443946e+02
3.227999269663263817e+02
3.261793304131175546e+02
3.296028268508741235e+02
3.329870149476665802e+02
3.362374103282962210e+02
3.392674556584666448e+02
3.419791663896007208e+02
3.443121605342524276e+02
3.462627419987556436e+02
3.476650211740216605e+02
3.486071870467497433e+02
3.491353562579884056e+02
3.492885178226507037e+02
3.491248504818906895e+02
3.486982895926201991e+02
3.480563272999300466e+02
3.472484475526692336e+02
3.463082419293541534e+02
3.452715484691237293e+02
3.441623832169706816e+02
3.430027713699915353e+02
3.418098805400702531e+02
3.405965439034794144e+02
3.393742743422609465e+02
3.381507976457585301e+02
3.369335058728798913e+02
3.357272097651808167e+02
3.345365912723190149e+02
3.333647376165483820e+02
3.322144726373295498e+02
3.310880802975987649e+02
3.299869717452276063e+02
3.289340505826157255e+02
3.279164208147209933e+02
3.269247676595718417e+02
3.259589342449530704e+02
3.250189257010133019e+02
3.241046196729565736e+02
3.232149482469256441e+02
3.223496994979792589e+02
3.215072266007706503e+02
3.206866330362944950e+02
3.198862421442322557e+02
3.191042461123943212e+02
3.183391107047132209e+02
3.175885084302874475e+02
3.168507604921891243e+02
3.161236509039508178e+02
3.154053128663158532e+02
3.146938954272671367e+02
3.139878161769955796e+02
3.132855513010621280e+02
3.125860494459419101e+02
3.118883151420830018e+02
3.111917444505181720e+02
3.104963384884906645e+02
3.097999258122860056e+02
3.090923664659742371e+02
3.083859418433586939e+02
3.076818588472176543e+02
3.069813440958351975e+02
3.062854739705688871e+02
3.055958318126047288e+02
3.049136457624510967e+02
3.042402875354026150e+02
3.035771726418656158e+02
3.029254321567794364e+02
3.022864226826768004e+02
3.016612322941442699e+02
3.010509042222691960e+02
3.004565449639476356e+02
2.998790776897522505e+02
2.993193419583473087e+02
2.987784199267446752e+02
2.982568437404801216e+02
2.977557200475840773e+02
2.972755519313995478e+02
2.968171445729668676e+02
2.963813081708702839e+02
2.959683344800540112e+02
2.955772701294086460e+02
2.952065706282210726e+02
2.948598430653564719e+02
2.945370264743988287e+02
2.942383385586843474e+02
2.939638154517205066e+02
2.937130245362687901e+02
2.934860414828512489e+02
2.932819931859399389e+02
2.931006992067951842e+02
2.929412210418040559e+02
2.928027618548454143e+02
2.926846846364817907e+02
2.925856451309027761e+02
2.925052220321849745e+02
2.924419701976112833e+02
2.923953603062270190e+02
2.923644404037648883e+02
2.923484429910477047e+02
2.923470470050306176e+02
2.923595641220313723e+02
2.923858838783603460e+02
2.924258303431341233e+02
2.924792730939803960e+02
2.925401921591262067e+02
2.926123677132299576e+02
2.926987585666314544e+02
2.928002526539228825e+02
2.929176094581570737e+02
2.930522654236361859e+02
2.932045983066525423e+02
2.933761039945912898e+02
2.935672139254764375e+02
2.937784811510992427e+02
2.940108868594709293e+02
2.942640306206095033e+02
2.945386244862353351e+02
2.948340259443982632e+02
2.951498395449487475e+02
2.954857544015759458e+02
2.958409147722869648e+02
2.962145391580634737e+02
2.966058928377885877e+02
2.970137842929894987e+02
2.974376502980948658e+02
2.978775630599182023e+02
2.983323520331445593e+02
2.988038797035836183e+02
2.992886260058696166e+02
2.997649454075339008e+02
3.002601573843895721e+02
3.007765657032338140e+02
3.013217310682211405e+02
3.019015491561701197e+02
3.025241035759736974e+02
3.032026001798625998e+02
3.039439422854852637e+02
3.047620028196652697e+02
3.056650515111346067e+02
3.066569307796137878e+02
3.077413461959374672e+02
3.089029256777559453e+02
3.101246222751818777e+02
3.113742915185400761e+02
3.126143459336705632e+02
3.138063626393069399e+02
3.149177766276580428e+02
3.159183757686491276e+02
3.167986141409670040e+02
3.175489326812098625e+02
3.181732857670502312e+02
3.186800389967688716e+02
3.190363564043713609e+02
3.192400010081237838e+02
3.193531222204180153e+02
3.193892185787821063e+02
3.193589182684726779e+02
3.192710450742334274e+02
3.191375465180577180e+02
3.189664579472210448e+02
3.187675279735872209e+02
3.185500007160669043e+02
3.183204201700443718e+02
3.180867014688657832e+02
3.178536547215750261e+02
3.176247161010729769e+02
3.174026149516056421e+02
3.171857132914803401e+02
3.169723865096158306e+02
3.167582030131621877e+02
3.165381314628189102e+02
3.163058201318479519e+02
3.160560163930564954e+02
3.157826073111986602e+02
3.154817552016920104e+02
3.151505548978801698e+02
3.147677300959527429e+02
3.142829587003122924e+02
3.137668880221675636e+02
3.132225849556854769e+02
3.126522947797132019e+02
3.120582726544020034e+02
3.114451197474413107e+02
3.108146327354972982e+02
3.101717742010034158e+02
3.095195947793234836e+02
3.088614735496217349e+02
3.082013303143589269e+02
3.075416075926676172e+02
3.068859685995543032e+02
3.062369588842978487e+02
3.055970974293535960e+02
3.049689640984692005e+02
3.043543976401568898e+02
3.037553929487589244e+02
3.031736515882016647e+02
3.026104033693715678e+02
3.020670790849611080e+02
3.015446120316790370e+02
3.010438093765160374e+02
3.005508307916256854e+02
3.000788868588282412e+02
2.996340219571613943e+02
2.992162934592595889e+02
2.988256750549101639e+02
2.984624087078654497e+02
2.981259631540597752e+02
2.978165089437329698e+02
2.975334513579482518e+02
2.972763594562802041e+02
2.970449838761954879e+02
2.968383066198176721e+02
2.966561342567358111e+02
2.964973530895099998e+02
2.963612698079261918e+02
2.962472182936846821e+02
2.961539140041932683e+02
2.960809714539835227e+02
2.960269543101612726e+02
2.959911865554620363e+02
2.959726966593718203e+02
2.959702652575372213e+02
2.959834086585811974e+02
2.960106406341936349e+02
2.960385122440077907e+02
2.960857899883523601e+02
2.961443340733692366e+02
2.962133958906775320e+02
2.962917521731797592e+02
2.963788995774516479e+02
2.964736970053388063e+02
2.965754748096355229e+02
2.966835020479695118e+02
2.967968630156024687e+02
2.969151438276189197e+02
2.970373764548611462e+02
2.971631323574766839e+02
2.972917786146848584e+02
2.974226958916279955e+02
2.975557145425270278e+02
2.976901285719271186e+02
2.978260588614563176e+02
2.979631907250519021e+02
2.981015989995103155e+02
2.982418321581650957e+02
2.983838121861741683e+02
2.985289969220201556e+02
2.986775895263335769e+02
2.988183249987504837e+02
2.989751311792427941e+02
2.991332574842096506e+02
2.992951018022805556e+02
2.994606820022528382e+02
2.996317057942966926e+02
2.998081557294899540e+02
2.999894692531714213e+02
3.001755110365773476e+02
3.003634916625935602e+02
3.005521210155425820e+02
3.007380619571812304e+02
3.009189466138497551e+02
3.010925618256103462e+02
3.012573601562469321e+02
3.014124928729934823e+02
3.015578715609210008e+02
3.016936829514714304e+02
3.018192512429846488e+02
3.019331574729559975e+02
3.020322538555308256e+02
3.021135887638807276e+02
3.021782065459678961e+02
3.022334852759629484e+02
3.024324389280077412e+02
3.027366521095680127e+02
3.031851232705444090e+02
3.038581565084745648e+02
3.048655602964257127e+02
3.063866946660207304e+02
3.085957591056854312e+02
3.117383543480378876e+02
3.159579699412764739e+02
3.213017545372384234e+02
3.276481634079758578e+02
3.346896892343197578e+02
3.420914801628924238e+02
3.494559418502359449e+02
3.564514639122975836e+02
3.626898728957504545e+02
3.679338270425636779e+02
3.720227250864023745e+02
3.750567454349370564e+02
3.771676560337077717e+02
3.786042713461944231e+02
3.795580049474616544e+02
3.802264658559529948e+02
3.807789567880021764e+02
3.813469921792743662e+02
3.818156129421060996e+02
3.824482731941341740e+02
3.831980942936465908e+02
3.839640002146824713e+02
3.845858238045377107e+02
3.849321423649450367e+02
3.848924281365787010e+02
3.844592576255728318e+02
3.836681502147180822e+02
3.825898619262019338e+02
3.813229658904826920e+02
3.799514020888326513e+02
3.785700312407946626e+02
3.772801740336161629e+02
3.761791683556205612e+02
3.753948563168444821e+02
3.750472167595131623e+02
3.752179546614815422e+02
3.759336247115967922e+02
3.770552189406938624e+02
3.783962091557532972e+02
3.797441160748519451e+02
3.809960407361308512e+02
3.821187399279015722e+02
3.830366183339489794e+02
3.837078008602780415e+02
3.840796130752088970e+02
3.841069249240644012e+02
3.838175028428132123e+02
3.832857059902096921e+02
3.825819510474170215e+02
3.817959745907764955e+02
3.809761094273956701e+02
3.801593848786497460e+02
3.793578213958359697e+02
3.785714518632595400e+02
3.777912033227009374e+02
3.770103203350332706e+02
3.762189459165862218e+02
3.754065851594446599e+02
3.745650782004648818e+02
3.736783699051219401e+02
3.727350450437897962e+02
3.717258798355313729e+02
3.706394071022398293e+02
3.694807828402069276e+02
3.682501151126286345e+02
3.669332328615207643e+02
3.656109710345688200e+02
3.642407391528095104e+02
3.628432558401225947e+02
3.614290401314815995e+02
3.600144232953012420e+02
3.586105949772801296e+02
3.572271248046817504e+02
3.558744780981012923e+02
3.545566317386444553e+02
3.532798168418657951e+02
3.520437587521147407e+02
3.508487998947159667e+02
3.496914404201966136e+02
3.485682260559548240e+02
3.474736845240393563e+02
3.464036471168713547e+02
3.453540713286913046e+02
3.443216214556030081e+02
3.433060826425118535e+02
3.423079640155140737e+02
3.413303473068179414e+02
3.403817168023047657e+02
3.394693107879745071e+02
3.386020623795660072e+02
3.377880638850470518e+02
3.370637288407072560e+02
3.364547867581616174e+02
3.359754837513602865e+02
3.356454635150395802e+02
3.354645589806492012e+02
3.354260524864680519e+02
3.355094987297953821e+02
3.356877300372219111e+02
3.359359173197327664e+02
3.362352831451814268e+02
3.365815215350038443e+02
3.369700088527340540e+02
3.374084889557632891e+02
3.378933088689844908e+02
3.384228776193913859e+02
3.389877088760358106e+02
3.395705177856721093e+02
3.401573478855664234e+02
3.407276998540993418e+02
3.412709653225675197e+02
3.417716611944847500e+02
3.422293632117371089e+02
3.426298976518724544e+02
3.430888654270286793e+02
3.435138604002811462e+02
3.439142312470261800e+02
3.443096931309770525e+02
3.447100357955251866e+02
3.451291930505569212e+02
3.455763768790229733e+02
3.460515329445216253e+02
3.465553143206868754e+02
3.470761201164170302e+02
3.476004959401915926e+02
3.481106044244581312e+02
3.485843856022319187e+02
3.490001934487064545e+02
3.493382612392921942e+02
3.495794161193580294e+02
3.497107695303081414e+02
3.497244847279159217e+02
3.496134375153704923e+02
3.493810067285905347e+02
3.490268025192543178e+02
3.485590205394471468e+02
3.479856264937721448e+02
3.472957695814880026e+02
3.465064366310171522e+02
3.456356630340802667e+02
3.446960800496626121e+02
3.436970985547615101e+02
3.426474832019399059e+02
3.415576621916530939e+02
3.404341161825650488e+02
3.392855529277695155e+02
3.381180559696113050e+02
3.369374147423998238e+02
3.357492942677694145e+02
3.345575277516132360e+02
3.333665228554120858e+02
3.321793894821663002e+02
3.309989064573271094e+02
3.298276308174384894e+02
3.286672662703886090e+02
3.275195802825173246e+02
3.263858964365118140e+02
3.252671415548227287e+02
3.241643713428161959e+02
3.230780851295888283e+02
3.220089305547691652e+02
3.209468733033372132e+02
3.198882779096673517e+02
3.188479058242479027e+02
3.178260776780772403e+02
3.168235931577008841e+02
3.158411825274462217e+02
3.148796328595146292e+02
3.139404151900244528e+02
3.130246443853069422e+02
3.121345373318796987e+02
3.112722817575343583e+02
3.104411183289736869e+02
3.096455042688410231e+02
3.088912733041279921e+02
3.081887899460492690e+02
3.075539949911593567e+02
3.070216107925677420e+02
3.066585028129620696e+02
3.066335185095670681e+02
3.073066184431153260e+02
3.094504548420894139e+02
3.143485204189505566e+02
3.227692847884844696e+02
3.334703129408909490e+02
3.443532117722594421e+02
3.556398460996192057e+02
3.675863007390531720e+02
3.789837492802968200e+02
3.902411551381109689e+02
4.045972883138044267e+02
4.250984696125549931e+02
4.500467393843828177e+02
4.729629363138926124e+02
4.890816121106646506e+02
4.987812015570463018e+02
5.046549637873098959e+02
5.090221794145297167e+02
5.132207395223855428e+02
5.178891484583191414e+02
5.233557344584859266e+02
5.292792089944307463e+02
5.348170947601975058e+02
5.390703140054256437e+02
5.417431557346965292e+02
5.430628318335727727e+02
5.434257685566664122e+02
5.431041606225697933e+02
5.422963951672368239e+02
5.407528943249219537e+02
5.388918897513468664e+02
5.368432473421636359e+02
5.346460961555253562e+02
5.323289495691600450e+02
5.299169499871005655e+02
5.274294042719835716e+02
5.248837655120793215e+02
5.222953787977635329e+02
5.196757505852654049e+02
5.170352126376470778e+02
5.143790550652831826e+02
5.117097978841321719e+02
5.090269806344835501e+02
5.063277120390921482e+02
5.036066686767392753e+02
5.008612793131777607e+02
4.980857978523537213e+02
4.952811015919265856e+02
4.924472021267013133e+02
4.895862546586492954e+02
4.867045102100058784e+02
4.838037839382828338e+02
4.808919699183116450e+02
4.779380076903503323e+02
4.750046573406451103e+02
4.720834492238186044e+02
4.691769268988755925e+02
4.662898137174265116e+02
4.634243763333448101e+02
4.605831465942170553e+02
4.577695877942571769e+02
4.549850369142012028e+02
4.522326758453140769e+02
4.495148093870810158e+02
4.468332969966131714e+02
4.424002386258299566e+02
4.398210051535765501e+02
4.372881166272056248e+02
4.348027634201880005e+02
4.323669479359217576e+02
4.299839296765721315e+02
4.276545770369554020e+02
4.253843645324516274e+02
4.231750149355506210e+02
4.210320191592114725e+02
4.189596771454113764e+02
4.169614627248005263e+02
4.150649395386238893e+02
4.133171584952039552e+02
4.116604229073725492e+02
4.100939666425663290e+02
4.086207844087568901e+02
4.072425371266267007e+02
4.059636361997041263e+02
4.047908984065198865e+02
4.037298939577456167e+02
4.027924033434967441e+02
4.019843192013732960e+02
4.013174138309065029e+02
4.007956902367188263e+02
4.004211011616764608e+02
4.001917181431033441e+02
4.000923736676928115e+02
4.001069700242265412e+02
4.002041706632995215e+02
4.003507722002420905e+02
4.005076945492122604e+02
4.006367906786867366e+02
4.007006936244936242e+02
4.006718138917362353e+02
4.005257890335493016e+02
4.002101065080921103e+02
3.997679316663000009e+02
3.991829357475305642e+02
3.984673046302859234e+02
3.976309626032557958e+02
3.966898266815531997e+02
3.956595259598483381e+02
3.945530019399088815e+02
3.933849974436936350e+02
3.921646745172482156e+02
3.909013500612836083e+02
3.896008661547192560e+02
3.882666887988769986e+02
3.869018311341752678e+02
3.855056616342168354e+02
3.840795293702931872e+02
3.826219771301121000e+02
3.811330532887141089e+02
3.796123127404327420e+02
3.780591844493064286e+02
3.764752408028386981e+02
3.748602619681849433e+02
3.732165960111565255e+02
3.715454005281992522e+02
3.698094662352594924e+02
3.680738128611777142e+02
3.663177705817489596e+02
3.645443038601737271e+02
3.627554765058897601e+02
3.609538216950501806e+02
3.591420802897209228e+02
3.573227424921531110e+02
3.554988927771135536e+02
3.536733345911490574e+02
3.518494906451221595e+02
3.500311048795184092e+02
3.482227705088873790e+02
3.464308294552795928e+02
3.446626389160312556e+02
3.429303413224729979e+02
3.412459870119810148e+02
3.396209464556561102e+02
3.380529650513006459e+02
3.364983356263120413e+02
3.348807183257462157e+02
3.331264017496360452e+02
3.312326844968810633e+02
3.292551776358289430e+02
3.275835290092111904e+02
3.260694498958965823e+02
3.246349854160732775e+02
3.232987897859155169e+02
3.220776902327253879e+02
3.209937363855141825e+02
3.200614469427265476e+02
3.192785560763475701e+02
3.186250160108821774e+02
3.180529284011854543e+02
3.175234487886980901e+02
3.170252122528596601e+02
3.165980592304671291e+02
3.163132953753844845e+02
3.162658833775523703e+02
3.165547797926024032e+02
3.172449178687222116e+02
3.183842598196791869e+02
3.199756228234109585e+02
3.220424432416680247e+02
3.246242784052723209e+02
3.278343206915137102e+02
3.317709712761744640e+02
3.365083086892898336e+02
3.422632617718045367e+02
3.488082375515605236e+02
3.560011158170152612e+02
3.636326848158116718e+02
3.714132979996252857e+02
3.789674381482201397e+02
3.858667754441652846e+02
3.917574051918654163e+02
3.964597060967851121e+02
3.999324161191942721e+02
4.022862838022038545e+02
4.037075597368819899e+02
4.043691189102398198e+02
4.044631054112752508e+02
4.041201103654518647e+02
4.034598746171990342e+02
4.025662252186136243e+02
4.015019147241461610e+02
4.003178751788645400e+02
3.990466238280511675e+02
3.977167572213335802e+02
3.963463324546025888e+02
3.949501122581846744e+02
3.935383673855724851e+02
3.921500585948737125e+02
3.907457113289180484e+02
3.893448012250506167e+02
3.879487943742576590e+02
3.865583687408979472e+02
3.851733243848362349e+02
3.837931377886364999e+02
3.824177478628873814e+02
3.810461334284553914e+02
3.796789975982125611e+02
3.783159711647048198e+02
3.769584842930635205e+02
3.756073992619732849e+02
3.742639207558347607e+02
3.729303739212340929e+02
3.716073702604828668e+02
3.702978190013701010e+02
3.690021352590638344e+02
3.677221104996929171e+02
3.664584468383727653e+02
3.652110103351969883e+02
3.639803654901672871e+02
3.627650404235397446e+02
3.615647444276900728e+02
3.604139977380291384e+02
3.592685105440325515e+02
3.581332621736027022e+02
3.570074186764272213e+02
3.558907090087820393e+02
3.547835999688194306e+02
3.536870234895163776e+02
3.526029049791524699e+02
3.515336503834533914e+02
3.504823481147419102e+02
3.494526254884930836e+02
3.484482028676027312e+02
3.474732353043669946e+02
3.465311320821265326e+02
3.456257400296311175e+02
3.447592217784700210e+02
3.439335210922261012e+02
3.431491808797007366e+02
3.424052294061878001e+02
3.416998513977544576e+02
3.410291350675058766e+02
3.403881626742048638e+02
3.397710636587950717e+02
3.391704051440859757e+02
3.385883493528756958e+02
3.379660387095194096e+02
3.373329331630658885e+02
3.366827921189417339e+02
3.360082605273634613e+02
3.353048875639879611e+02
3.345684963238768432e+02
3.337959489153498680e+02
3.329868013783483320e+02
3.321398165637443185e+02
3.312567774043014879e+02
3.303389787153786301e+02
3.293889523443109510e+02
3.284101965101429528e+02
3.274055844130173227e+02
3.263793639885143989e+02
3.253348497334723106e+02
3.242760516335523562e+02
3.232066334411734374e+02
3.221300285370624010e+02
3.210496454425048114e+02
3.199685257225244186e+02
3.188895387308014620e+02
3.178152835515799666e+02
3.167398473248811683e+02
3.156643179324880180e+02
3.146012473587982186e+02
3.135521931386905976e+02
3.125190135296825815e+02
3.115030392692278838e+02
3.105055817041679802e+02
3.095280710160674857e+02
3.085712733634546225e+02
3.076366388222257910e+02
3.067247952012922383e+02
3.058368638316187571e+02
3.049738247356131637e+02
3.041363331426707646e+02
3.033258431512902575e+02
3.025429236421568362e+02
3.017892371684990280e+02
3.010658889468322172e+02
3.003744953328913425e+02
2.997171563094403837e+02
2.990955148381598292e+02
2.985127213508045543e+02
2.979707806699624371e+02
2.974735674116066093e+02
2.970224883129289424e+02
2.966185047533609804e+02
2.962670356647484482e+02
2.959687739681537550e+02
2.957254788914833057e+02
2.955353583505292931e+02
2.953968831837556763e+02
2.953075101520638555e+02
2.952645016233328761e+02
2.952698254250857417e+02
2.953300545355405688e+02
2.954680513135371598e+02
2.957236805417118717e+02
2.961679424293459419e+02
2.969081492457337390e+02
2.980484422314088420e+02
2.996906296420869467e+02
3.017525978119293200e+02
3.040086087094134086e+02
3.061134319321736257e+02
3.078211828795446081e+02
3.090332156103698935e+02
3.098433537757106819e+02
3.103536730856442887e+02
3.106449168165853507e+02
3.107655455198201935e+02
3.108332101122064159e+02
3.108790657124367840e+02
3.109146802094505233e+02
3.109450103878405116e+02
3.109671494642508947e+02
3.109774721359763134e+02
3.109708825007174369e+02
3.109430168936135033e+02
3.108924290900117171e+02
3.108167080930730322e+02
3.107179008479178606e+02
3.105970679200557356e+02
3.104567318443673685e+02
3.103005768497826011e+02
3.101300353949658870e+02
3.099497432306214932e+02
3.097611173616148790e+02
3.095671419238266253e+02
3.093692685339960917e+02
3.091686703590642651e+02
3.089666673474013123e+02
3.087632393475271897e+02
3.085190802773344672e+02
3.082165929499313961e+02
3.079159701461919099e+02
3.076172156661003214e+02
3.073199041273081207e+02
3.070241729698332733e+02
3.067301078007045021e+02
3.064376332485917374e+02
3.061475774946022170e+02
3.058603698919145017e+02
3.055769250147854450e+02
3.052982854736143850e+02
3.050253384484209391e+02
3.047594482881942781e+02
3.045017085734260149e+02
3.042531967561434953e+02
3.040150394280215664e+02
3.037879772085932473e+02
3.035727861395554328e+02
3.033698747644817217e+02
3.031793781963251604e+02
3.030014096175868872e+02
3.028355155938223220e+02
3.026810726713546842e+02
3.025215101254237879e+02
3.025626837236612232e+02
3.026052514161443696e+02
3.026475019920345630e+02
3.026883167103900405e+02
3.027265007721379675e+02
3.027603737720998538e+02
3.027895487880252290e+02
3.028122952938681465e+02
3.028283922854836305e+02
3.028370362982024062e+02
3.028376494983470479e+02
3.028308139867908721e+02
3.028157902552087535e+02
3.027936588773213202e+02
3.027642865692907890e+02
3.027283084637317643e+02
3.026867637071888453e+02
3.026397287712430284e+02
3.025887397116707689e+02
3.025338476378241239e+02
3.024762388920179319e+02
3.024164937138020832e+02
3.023551322627238278e+02
3.022838090351990559e+02
3.022503910109934964e+02
3.022140557156419618e+02
3.021753738824429547e+02
3.021347575245897019e+02
3.020930965333282643e+02
3.020503801368519703e+02
3.020073452001190049e+02
3.019640226529436404e+02
3.019206875037364739e+02
3.018776721766777769e+02
3.018349606739471369e+02
3.017929209077058772e+02
3.017515987109930506e+02
3.017111017792493612e+02
3.016718190533023289e+02
3.016337941036554184e+02
3.015975407398058792e+02
3.015635018167282055e+02
3.015319449313935820e+02
3.015037204592368312e+02
3.014793354375000263e+02
3.014595630172818801e+02
3.014457524458858302e+02
3.014408881943012943e+02
3.014104060118016832e+02
3.013885527844362855e+02
3.013768460876059976e+02
3.013780002424261397e+02
3.013945899351411413e+02
3.014342457622103666e+02
3.015076387829788587e+02
3.016364329802330531e+02
3.018621748606924484e+02
3.022473788273539412e+02
3.029194148854218724e+02
3.040399502937373200e+02
3.058505275508611021e+02
3.085716793862349050e+02
3.122301982540708991e+02
3.165258677769182896e+02
3.207774747021722987e+02
3.243101783302041099e+02
3.268370926729384678e+02
3.284290195044975462e+02
3.293038875803106293e+02
3.297231046872526576e+02
3.298439056658598929e+02
3.297395202871041988e+02
3.294155037464984161e+02
3.290423861576156241e+02
3.286535680299863884e+02
3.282720899864921762e+02
3.279148308795189450e+02
3.275974694723954599e+02
3.273282962366549214e+02
3.271143534530036163e+02
3.269589125125150986e+02
3.268600073006726348e+02
3.268188575841401189e+02
3.268364976782375493e+02
3.269222463918143262e+02
3.270994611770688607e+02
3.273961627251724167e+02
3.278658323983435707e+02
3.285517491662125735e+02
3.295124867985971946e+02
3.308015720582974950e+02
3.324678138318697620e+02
3.345948575549719521e+02
3.372568189007852766e+02
3.405811580267455270e+02
3.445125803179706736e+02
3.488770401708497957e+02
3.534006724055149107e+02
3.575065580022506992e+02
3.606870791581055755e+02
3.628813550602194482e+02
3.642298336790858571e+02
3.650062081303390187e+02
3.654366098567244876e+02
3.656939529117913708e+02
3.659150247092892414e+02
3.662038811786578094e+02
3.666345728313945642e+02
3.672609722008355675e+02
3.681153289053693243e+02
3.691970695968446989e+02
3.705115801109492395e+02
3.720760358345070813e+02
3.739405168053061743e+02
3.762276358317323570e+02
3.790133647916554196e+02
3.823464650337134572e+02
3.860708802258512833e+02
3.898566798496470369e+02
3.930782394143176361e+02
3.956827466369043691e+02
3.973780790941584655e+02
3.982645854890165538e+02
3.984766031669398103e+02
3.981972376573522183e+02
3.975794923748534302e+02
3.967234565794189507e+02
3.957162312756724987e+02
3.946006960381114936e+02
3.934114653721348418e+02
3.921660241031769374e+02
3.908759389585665645e+02
3.895483238410041622e+02
3.881885007675457473e+02
3.867996854958720974e+02
3.853867732322850657e+02
3.839535098329396874e+02
3.825034603680460918e+02
3.810416589467861854e+02
3.795701937056574025e+02
3.780941396886466350e+02
3.766153381265011717e+02
3.751370094934096073e+02
3.735186193210197416e+02
3.718630238816547831e+02
3.702182327993014610e+02
3.685852440986695910e+02
3.669679093599390285e+02
3.653687851520572281e+02
3.637908836749738839e+02
3.622394948457256305e+02
3.607172636274531783e+02
3.592317100531374763e+02
3.577867744279871545e+02
3.563901186512209733e+02
3.550491003390599190e+02
3.537699833834036554e+02
3.525628863331280058e+02
3.514327058341136762e+02
3.503881494658902511e+02
3.494339918311858355e+02
3.485732462766604272e+02
3.478089274639306723e+02
3.471360784947175944e+02
3.465516239016865825e+02
3.460444457437207575e+02
3.456018241448327899e+02
3.452171653811222427e+02
3.448641278208745575e+02
3.445314067802488580e+02
3.442006394205628226e+02
3.438542611494202674e+02
3.434803244899201786e+02
3.430679469852887564e+02
3.426104375393021542e+02
3.421063640050086292e+02
3.415535601447782028e+02
3.409562915912702010e+02
3.403169028154543412e+02
3.396421379030560956e+02
3.389413967246563857e+02
3.382299987678356388e+02
3.375365721063372462e+02
3.369233160134719469e+02
3.365009366632947376e+02
3.365027304086480058e+02
3.373277154913161553e+02
3.395018619613940700e+02
3.435075841799443310e+02
3.491085633828365076e+02
3.557384271776846276e+02
3.630654767286714559e+02
3.713942394646457501e+02
3.807783654599309671e+02
3.909460911918826582e+02
4.011728454207926120e+02
4.102580794331000789e+02
4.169974581849461970e+02
4.210765016183486864e+02
4.232267571521095988e+02
4.242368404739335688e+02
4.247612496858808413e+02
4.250975943620238695e+02
4.252724094046275809e+02
4.251604701135944424e+02
4.246338544475223102e+02
4.236457886846000633e+02
4.222696776458753334e+02
4.205873816928203723e+02
4.187063195719344435e+02
4.166986609861419879e+02
4.146168281669638986e+02
4.124996124812849416e+02
4.103680958494138622e+02
4.082402539071088086e+02
4.059696236563620459e+02
4.037440361876466000e+02
4.015559796260036478e+02
3.994094604348845223e+02
3.973096046732506466e+02
3.952606426566338200e+02
3.932646583297189977e+02
3.913265430997939234e+02
3.894459691853409709e+02
3.876252482480272192e+02
3.858633108230760627e+02
3.841574389212491951e+02
3.825047987033901791e+02
3.808979227480500072e+02
3.793302662476841647e+02
3.777922105514374493e+02
3.762747457782793958e+02
3.747678403899950013e+02
3.732640708670252252e+02
3.717547413614618108e+02
3.702363785895306592e+02
3.687049967127100558e+02
3.671594289440955095e+02
3.656009474795253595e+02
3.639148180082009389e+02
3.621972282129831342e+02
3.604751359165921372e+02
3.587525663332876320e+02
3.570336635398749650e+02
3.553212166070566127e+02
3.536193079149167602e+02
3.519304437218282828e+02
3.502574224307936106e+02
3.486026836336017709e+02
3.469679776842845058e+02
3.453551695064780347e+02
3.437656443952619156e+02
3.422005058125095047e+02
3.406610302738187102e+02
3.391478278863860396e+02
3.376616368393372909e+02
3.362031229941586048e+02
3.347723919599491751e+02
3.333701852198018969e+02
3.319963168110315905e+02
3.306511434733524766e+02
3.293347559620964375e+02
3.280468582073411881e+02
3.267469280576627284e+02
3.254672152232964777e+02
3.242168595687359129e+02
3.229958895748632131e+02
3.218042622264988495e+02
3.206424196016993164e+02
3.195098402743649331e+02
3.184070099819440429e+02
3.173334912024972709e+02
3.162892868686953420e+02
3.152744188212910785e+02
3.142882611551246441e+02
3.133310409340800788e+02
3.124019933475170774e+02
3.115010500288578896e+02
3.106278157296663380e+02
3.097816220517034367e+02
3.089623665524242142e+02
3.081691039259982290e+02
3.074016808473708124e+02
3.066593093033184800e+02
3.059415058652519974e+02
3.052478570353126770e+02
3.045775673573226072e+02
3.039111481549340965e+02
3.032814328831748867e+02
3.026754775026012112e+02
3.020930473470925790e+02
3.015344333206775786e+02
3.009999078411132700e+02
3.004896347246089476e+02
3.000045653752898147e+02
2.995448703207308654e+02
2.991119372711253277e+02
2.987064095563602564e+02
2.983295311534465100e+02
2.979828577229483813e+02
2.976672205135197942e+02
2.973848826143884025e+02
2.971367372558760849e+02
2.969249071228542221e+02
2.967509506344566717e+02
2.966161109714863642e+02
2.965226801888382511e+02
2.964713451009272376e+02
2.964643627639092642e+02
2.965027413599846682e+02
2.965878733135919560e+02
2.967727276445166353e+02
2.970225458873660500e+02
2.973295970208980634e+02
2.976949582974103805e+02
2.981213296378921314e+02
2.986114722958289462e+02
2.991684936445971630e+02
2.997979468670365577e+02
3.005042026393645074e+02
3.012965479165106899e+02
3.021827944468361693e+02
3.031760822212503967e+02
3.042916160519970390e+02
3.055458845707788100e+02
3.069654080594994525e+02
3.085705797083725770e+02
3.103965043469548277e+02
3.124694967026314885e+02
3.148179455548051919e+02
3.174693444696526399e+02
3.204253655503526375e+02
3.236864892452180129e+02
3.272149332689535868e+02
3.309551305201778746e+02
3.348704481042273073e+02
3.387422548726312357e+02
3.425270961990626120e+02
3.461424623579403033e+02
3.495023455724716541e+02
3.525578559802925724e+02
3.552738168452189029e+02
3.576251923009513121e+02
3.596236916120123510e+02
3.612682959895908539e+02
3.625855547533074059e+02
3.635960379700949829e+02
3.643238749723366823e+02
3.648007855985767378e+02
3.650488947067104277e+02
3.650974497192414674e+02
3.649674762895021445e+02
3.646376676424928860e+02
3.637581484439638189e+02
3.631228169372509456e+02
3.623892990640563312e+02
3.615680730997775640e+02
3.606678550041999642e+02
3.596992116463330262e+02
3.586263217512969845e+02
3.574673691857875610e+02
3.562734669880543947e+02
3.550544841301019119e+02
3.538260141075527372e+02
3.526003855906259332e+02
3.513944851246641292e+02
3.502265595109109881e+02
3.491121066508924855e+02
3.480746002871956648e+02
3.471281487171306708e+02
3.462931567282954575e+02
3.455837004643867090e+02
3.450079931153644566e+02
3.445752549183644078e+02
3.442790813132351104e+02
3.441152781866944679e+02
3.440690657162461434e+02
3.441226962745948867e+02
3.442576407246313011e+02
3.444545347037787906e+02
3.446927770198869325e+02
3.449590959011379141e+02
3.452332723993534387e+02
3.454864284708124842e+02
3.457254828017505588e+02
3.459063171709688618e+02
3.460129311240386301e+02
3.460222020060509749e+02
3.459187416661125098e+02
3.456909976466833427e+02
3.453297665860714574e+02
3.448373762865968502e+02
3.442169448444665818e+02
3.434778877072035357e+02
3.426342075190812579e+02
3.416977800710145630e+02
3.406854494864467711e+02
3.396100033259328939e+02
3.384850633060774499e+02
3.373224911338190850e+02
3.361321081721914652e+02
3.349235088780544629e+02
3.337041497654540763e+02
3.324804817522566509e+02
3.312583820965859900e+02
3.300423972228264233e+02
3.288368528864133395e+02
3.276221763860605733e+02
3.263943024326714522e+02
3.251898230443840134e+02
3.240114084228051183e+02
3.228626817327401568e+02
3.217471614598240990e+02
3.206685149851438155e+02
3.196322261167470629e+02
3.186436774992264986e+02
3.177114876825124270e+02
3.168453698229391193e+02
3.160591593468870428e+02
3.153691782175650360e+02
3.147958998228965584e+02
3.143628029249842939e+02
3.140943765422892966e+02
3.140167239212402706e+02
3.141531087100428863e+02
3.145211480920150962e+02
3.151394800541166887e+02
3.160153505693433544e+02
3.171590240938879788e+02
3.185755562329579789e+02
3.202507363723352682e+02
3.221475662585972941e+02
3.243542320039157971e+02
3.267122699219182209e+02
3.291648793094341272e+02
3.316608995686103185e+02
3.341530122152061608e+02
3.365938926738429586e+02
3.389356051434938877e+02
3.411297353146873661e+02
3.431203605063246300e+02
3.448570677516625551e+02
3.463007308687589330e+02
3.474163759997594525e+02
3.482035302894697111e+02
3.486657590151770592e+02
3.488291794018501264e+02
3.487292422724147514e+02
3.483987243362925597e+02
3.478785672021178357e+02
3.471970430175504134e+02
3.463854573822771954e+02
3.454657352652492364e+02
3.444567903324372082e+02
3.433742660362881338e+02
3.421800719628081424e+02
3.409388612897315625e+02
3.396706888486311300e+02
3.383838475273345239e+02
3.370845870128274555e+02
3.357775535074790696e+02
3.344671088222788171e+02
3.331561016824898616e+02
3.318472728059878136e+02
3.305427696839080340e+02
3.292442268492872586e+02
3.279531961222714358e+02
3.266709183747180418e+02
3.253984155982953439e+02
3.241369618025167938e+02
3.228872358250416710e+02
3.216504530724060942e+02
3.204274138023821479e+02
3.192189877150931920e+02
3.180263300749881523e+02
3.168500085856892383e+02
3.156914686938309842e+02
3.145512992183540177e+02
3.134307021888845952e+02
3.124298738297592877e+02
3.114785301969823763e+02
3.105508336735098851e+02
3.096478333196123458e+02
3.087716544147763216e+02
3.079244097210006430e+02
3.071090883941005245e+02
3.063305540993711702e+02
3.055947881461044631e+02
3.049134798092114238e+02
3.043016642212622287e+02
3.037880960399738228e+02
3.034136412267562264e+02
3.032454319366765958e+02
3.033918481489814098e+02
3.039948926292605051e+02
3.052907267645392153e+02
3.075194346148913951e+02
3.109706454714666393e+02
3.158269185337744034e+02
3.220329974359439120e+02
3.293157563071316645e+02
3.371647660959912400e+02
3.450099562680562713e+02
3.524069029403291324e+02
3.591852049071547981e+02
3.651386277963806037e+02
3.703169875069631303e+02
3.747431939268374208e+02
3.785138319815757200e+02
3.816568309453372194e+02
3.841396598628726338e+02
3.859845652413194443e+02
3.872545998516725945e+02
3.880944479357443697e+02
3.886785652850754786e+02
3.890906501273943263e+02
3.893294711343340850e+02
3.892832447794124278e+02
3.888271649876099900e+02
3.879311773899182754e+02
3.866376331047217150e+02
3.850509355888734149e+02
3.832760012182632750e+02
3.813891498933975299e+02
3.794522194145665708e+02
3.775001289807947842e+02
3.755584248342364617e+02
3.737242847252143747e+02
3.719502460348567183e+02
3.702197319683451724e+02
3.685365753475489328e+02
3.669046839783952123e+02
3.653266878950310570e+02
3.638035321545551142e+02
3.623372079254364166e+02
3.609270205658957025e+02
3.595735915153901487e+02
3.582757311634162534e+02
3.570319967418982969e+02
3.558409300490349665e+02
3.546993599430919630e+02
3.536051611744369438e+02
3.525543642500699093e+02
3.515435352579694950e+02
3.505686949506600172e+02
3.496253983303074619e+02
3.487097643900317507e+02
3.478172849802161863e+02
3.469441066593221876e+02
3.460864477883162635e+02
3.452408789613589875e+02
3.444228768990001299e+02
3.435816462345372884e+02
3.427416610716328478e+02
3.419020553959396693e+02
3.410625527835406388e+02
3.402234649934965773e+02
3.393856381419038257e+02
3.385503080982367123e+02
3.377191723332340985e+02
3.368941690174692098e+02
3.360774962522592091e+02
3.352713871673506674e+02
3.344782856052057127e+02
3.337003179047869139e+02
3.329399103662702828e+02
3.321988059723038305e+02
3.314788718807215560e+02
3.307815275832053885e+02
3.301076342300612509e+02
3.294580448539742861e+02
3.288326337903047261e+02
3.282312608278941752e+02
3.276531381667870733e+02
3.270968851943438835e+02
3.265421014735442213e+02
3.260057517036668173e+02
3.254822950142313971e+02
3.249691703764523822e+02
3.244637298448629963e+02
3.239634835995803428e+02
3.234658777510749701e+02
3.229686067462810115e+02
3.224697859862118321e+02
3.219675000812584358e+02
3.214606010754135355e+02
3.209477906356015637e+02
3.204285728106600573e+02
3.199024403572963706e+02
3.193693360937602961e+02
3.188294436106936018e+02
3.182829970774289450e+02
3.177307393450213908e+02
3.171730442713194407e+02
3.166108423314600486e+02
3.160447606606680324e+02
3.154756158027679476e+02
3.149042934447434732e+02
3.143314078957401421e+02
3.137635712508679831e+02
3.131911835976935663e+02
3.126184756233738540e+02
3.120460671363761094e+02
3.114746782033761860e+02
3.109050758896981961e+02
3.103378113500843938e+02
3.097737830437664570e+02
3.092134878873058597e+02
3.086578732860168657e+02
3.081075429054585015e+02
3.075634108321249869e+02
3.070263525674690186e+02
3.064971928621856136e+02
3.059772532003258334e+02
3.054674269674334255e+02
3.049696593170471601e+02
3.044854155647601601e+02
3.040174334466739197e+02
3.035688288214815316e+02
3.031437618463218087e+02
3.027488839053052061e+02
3.023916926657364002e+02
3.020855191573390357e+02
3.018422562200954076e+02
3.019467456147598909e+02
3.021893274573995996e+02
3.025914008711143310e+02
3.032032194271158687e+02
3.040770441676024802e+02
3.052854231562806717e+02
3.068911249975947158e+02
3.089324874686263342e+02
3.114276449239535509e+02
3.143315403485960928e+02
3.175688076060116600e+02
3.210414410899458630e+02
3.246308686970656368e+02
3.282260924174802881e+02
3.317441820512255504e+02
3.350910593761740870e+02
3.382353080550437312e+02
3.411252225018644708e+02
3.437397435276214992e+02
3.460577475597499983e+02
3.480635893234650666e+02
3.497513995121335597e+02
3.511252748467676383e+02
3.520986133780112937e+02
3.528030526309256629e+02
3.532265734392222498e+02
3.533990103114317662e+02
3.533530476140279575e+02
3.531147860863886763e+02
3.527194044187253326e+02
3.521891780104300551e+02
3.515530065692085486e+02
3.508322840013688619e+02
3.500454578792550251e+02
3.492112398998119716e+02
3.483413901633464889e+02
3.474492866753682847e+02
3.465438469067666460e+02
3.456326378869651421e+02
3.447225575490738834e+02
3.438177843496666242e+02
3.429226466273621554e+02
3.420399945157916477e+02
3.411717596707352982e+02
3.403200560819040561e+02
3.394856798244018705e+02
3.386697014337264022e+02
3.378592182293848509e+02
3.370641033033377880e+02
3.362915943800859395e+02
3.355420511050676282e+02
3.348158633779120237e+02
3.341140464191716433e+02
3.334365659220142106e+02
3.327845190602221237e+02
3.321584296216469738e+02
3.315581446113643551e+02
3.309851458494054555e+02
3.304384405338599322e+02
3.299194216266724311e+02
3.294281169065429822e+02
3.289645204191292578e+02
3.285309745980399043e+02
3.281255189980519162e+02
3.277500359691788390e+02
3.274019795609236780e+02
3.270805097065077689e+02
3.267836463288678601e+02
3.265107186493812605e+02
3.262648351302627248e+02
3.260511006541232746e+02
3.259495154608289909e+02
3.259136263512589267e+02
3.259539379523891398e+02
3.260912271620188108e+02
3.263567970236742894e+02
3.267840548336044435e+02
3.274071658329512502e+02
3.282731609678359632e+02
3.294113003112224192e+02
3.308667854801464046e+02
3.326555861715692117e+02
3.347872985557617653e+02
3.372518386739631637e+02
3.399991573397385309e+02
3.429696518622089343e+02
3.460603393561129906e+02
3.491540205669859347e+02
3.521199476316844539e+02
3.548344841681153525e+02
3.571881212896069542e+02
3.591460490096191052e+02
3.607237786849581198e+02
3.620329506913145678e+02
3.633125296235033375e+02
3.648233297033043527e+02
3.668725440677750385e+02
3.694883940344120674e+02
3.723330010484194759e+02
3.749341837464293121e+02
3.771691859294207916e+02
3.791937913945419609e+02
3.812475764141688614e+02
3.834507419019071790e+02
3.858466976206102004e+02
3.881986822947779956e+02
3.901091963442081010e+02
3.913011495548067842e+02
3.917757776799542739e+02
3.917587984681596254e+02
3.915444621256465894e+02
3.913384958484936647e+02
3.912532531177263309e+02
3.912767765123758181e+02
3.913320877363673844e+02
3.913207328730039194e+02
3.911767648905632768e+02
3.908952322717337893e+02
3.905149402602535247e+02
3.899402257408063406e+02
3.892297971295230923e+02
3.885635071815277115e+02
3.879582774272365100e+02
3.874162299904097040e+02
3.869256670802677718e+02
3.864802252492201546e+02
3.860650662684685130e+02
3.856817865426515937e+02
3.853294154692168831e+02
3.850144792063115347e+02
3.847524550109200732e+02
3.845590101939866940e+02
3.844668582185346395e+02
3.844989259862105655e+02
3.846802619890387973e+02
3.850184378621514156e+02
3.855114511685254683e+02
3.861694915843453373e+02
3.870288392338578660e+02
3.881426552398082208e+02
3.895760746270564709e+02
3.913523801236934219e+02
3.934843249458177183e+02
3.958671832733251108e+02
3.985639305112018747e+02
4.019074153657704755e+02
4.058831313315372995e+02
4.103149129489838174e+02
4.148134027543634943e+02
4.189135456333858656e+02
4.222336481101589811e+02
4.246157704616480260e+02
4.260363956848780163e+02
4.266260779560076912e+02
4.265314017053544262e+02
4.258893268516712851e+02
4.248390333217489570e+02
4.234681430172083196e+02
4.218648335472561257e+02
4.200882502809910761e+02
4.181834807644885927e+02
4.161934003800831761e+02
4.141453216564381137e+02
4.120671746479386002e+02
4.099805102214795625e+02
4.079017076373462487e+02
4.058465075521647236e+02
4.036636538810139996e+02
4.011956403017529738e+02
3.987918655585084480e+02
3.964535174085689846e+02
3.941810872887042478e+02
3.919727704709166005e+02
3.898243998078286268e+02
3.877325807516280634e+02
3.856909547995501271e+02
3.836945660011355130e+02
3.817378044348090498e+02
3.798158448443812176e+02
3.779250578797203275e+02
3.760627635795536321e+02
3.742282143577904776e+02
3.724216640459284235e+02
3.706462327930393599e+02
3.689044255115064175e+02
3.672020824555427794e+02
3.655442257165803994e+02
3.639367246355170664e+02
3.623866048550794403e+02
3.608972449408501575e+02
3.594742469127778577e+02
3.580492795653563576e+02
3.565850739202688260e+02
3.551893352842240574e+02
3.538557429158046261e+02
3.525775031041417833e+02
3.513474631429346005e+02
3.501598851633843310e+02
3.490108252980344901e+02
3.479041731974010645e+02
3.468411868633764925e+02
3.458358059111835132e+02
3.448937835594115313e+02
3.440150662449003676e+02
3.431859688407008093e+02
3.423785516209576372e+02
3.415896057798528318e+02
3.408978373583928487e+02
3.404869350534274872e+02
3.406645880176892547e+02
3.418243263424359952e+02
3.441420449747764678e+02
3.474463613164976437e+02
3.510434715696580383e+02
3.543922928307283655e+02
3.576031275140300068e+02
3.609784405554530622e+02
3.642199122847447939e+02
3.673604147377220670e+02
3.703636078314496558e+02
3.732559692159771885e+02
3.759719683615650752e+02
3.784337906197039842e+02
3.806141684676338741e+02
3.825245651082393010e+02
3.842618397809809494e+02
3.858868219481707342e+02
3.874182061293711854e+02
3.888363634630670163e+02
3.900791130246473131e+02
3.911028962636488018e+02
3.918749378985446015e+02
3.923775203328417547e+02
3.926225273409517058e+02
3.926176052844580227e+02
3.923819393754520206e+02
3.919359871814378380e+02
3.912957327921104138e+02
3.904862351477319748e+02
3.895207260175947113e+02
3.884445421643695227e+02
3.872495922455184427e+02
3.859506239946073265e+02
3.845653471889031039e+02
3.831067534958247052e+02
3.815886379356890643e+02
3.800234077894216966e+02
3.784206456089387416e+02
3.767910928568450117e+02
3.751420487749447261e+02
3.734811342910497274e+02
3.718145692001282328e+02
3.701469125184814857e+02
3.684831632516032869e+02
3.668261796893483506e+02
3.651793478676954692e+02
3.635448863336911245e+02
3.619244429816461661e+02
3.603198626926985071e+02
3.587318213376370295e+02
3.571614642626912541e+02
3.556091975934583047e+02
3.540753873256838347e+02
3.525218534331455658e+02
3.508321432762678569e+02
3.491690736467793954e+02
3.475320461629669353e+02
3.459205112181651884e+02
3.443341417565951588e+02
3.427723730397522104e+02
3.412350979950504666e+02
3.397220277367140397e+02
3.382330344751613325e+02
3.367682329493002840e+02
3.353274801715699596e+02
3.339111815365397433e+02
3.325192577445789084e+02
3.311521067990018423e+02
3.298099992879523370e+02
3.284931896245057033e+02
3.272022751144147037e+02
3.259372505407417293e+02
3.246989011405169094e+02
3.234872510673965280e+02
3.223029434425167778e+02
3.211462618018270518e+02
3.200174790374192071e+02
3.188941497460845653e+02
3.177708108317187339e+02
3.166783183901521852e+02
3.156164622687003884e+02
3.145854807405992233e+02
3.135853432094302775e+02
3.126158381267302957e+02
3.116771470918295108e+02
3.107688521410212275e+02
3.098911595509449626e+02
3.090437045568330063e+02
3.082264731364421664e+02
3.074393988314294006e+02
3.066823185653145174e+02
3.059554894051029237e+02
3.052588161026812941e+02
3.045928716912155778e+02
3.039577979733344364e+02
3.033543795179386962e+02
3.027832320378272470e+02
3.022452567311147504e+02
3.017418107512239089e+02
3.012738719515683101e+02
3.008434523169410681e+02
3.004489533207971590e+02
3.000901024770658978e+02
2.997707408224697474e+02
2.994930798845170443e+02
2.992608917907787713e+02
2.990775774498630994e+02
2.989034973843995431e+02
2.988067829734891916e+02
2.988815923261302032e+02
2.990656841191705553e+02
2.993931471319524462e+02
2.999324167605448110e+02
3.007796752076804410e+02
3.020953282570831675e+02
3.041069549471537812e+02
3.070161305343958702e+02
3.109585380332528075e+02
3.156748278137404782e+02
3.207505743906818338e+02
3.258198278915046444e+02
3.308007975187226748e+02
3.356378722272821165e+02
3.402600532060655496e+02
3.445304374517085080e+02
3.484695125506976296e+02
3.523065759593863504e+02
3.567184119003161982e+02
3.623559603944542005e+02
3.698484869466196869e+02
3.795461312464545358e+02
3.911548416205466765e+02
4.038770673377736102e+02
4.164128626992822433e+02
4.276789017436875611e+02
4.371887711278061488e+02
4.448978704256301739e+02
4.512294554540933404e+02
4.568929362861907180e+02
4.623493393028888931e+02
4.673349159157548343e+02
4.711602580823659423e+02
4.733017112004718001e+02
4.739017689835125680e+02
4.732716290978747224e+02
4.718168865483802392e+02
4.697961726261825106e+02
4.673809103991951588e+02
4.646944111428516635e+02
4.618400488578212730e+02
4.588007841505389024e+02
4.556476283499438296e+02
4.524051642912218085e+02
4.490956852771476520e+02
4.457322035493883732e+02
4.423284153920178596e+02
4.388944355522097567e+02
4.354379119808573364e+02
4.319675754444189693e+02
4.284882806760494418e+02
4.250062173789616509e+02
4.215258053969525918e+02
4.180503802456679523e+02
4.145844339683318935e+02
4.111300347240082260e+02
4.076911011543813288e+02
4.042705428530035761e+02
4.008712992533079955e+02
3.974978241017572600e+02
3.941529592013919228e+02
3.908421964136802558e+02
3.875699800232091548e+02
3.843426031015317790e+02
3.812814961945662731e+02
3.783205649236751924e+02
3.754420027066992134e+02
3.726583622629253796e+02
3.699916634523523271e+02
3.674670546994974529e+02
3.651213467539304247e+02
3.630031974397941212e+02
3.611668105108444706e+02
3.596920725929555260e+02
3.586466695814417562e+02
3.581163436937963525e+02
3.581624649050156677e+02
3.588109724259140876e+02
3.600624499665433973e+02
3.618389318249087410e+02
3.640217024885271258e+02
3.664649441643875321e+02
3.689819746867529489e+02
3.714209180465721261e+02
3.736536564703009731e+02
3.755784559229672936e+02
3.771520985867933859e+02
3.783161924938931406e+02
3.789966399786195552e+02
3.791686246156679090e+02
3.788199523130646753e+02
3.779898416685435336e+02
3.767433848569643260e+02
3.751515997986166440e+02
3.733062377756130559e+02
3.712722129652660783e+02
3.691141725061380612e+02
3.668791229834827163e+02
3.646017628477869152e+02
3.623110450219914469e+02
3.600257033168861085e+02
3.577603853929928732e+02
3.555258555182855389e+02
3.533281286271931094e+02
3.511724071075793745e+02
3.490613016912838589e+02
3.469957097249491653e+02
3.449773272654470588e+02
3.430051605602760105e+02
3.410805025655329246e+02
3.392032519322353323e+02
3.373740257222287369e+02
3.355964873542687315e+02
3.338625212534175262e+02
3.321923682101586337e+02
3.305840432917267435e+02
3.290366937204199758e+02
3.275490229108825702e+02
3.261190432943130304e+02
3.247462471004699296e+02
3.234292499238455321e+02
3.221683983637281017e+02
3.209652731889719917e+02
3.198232188317396094e+02
3.187481622998997182e+02
3.177500553742236207e+02
3.168335001074489696e+02
3.160007166413168420e+02
3.152237218488501185e+02
3.144494805402278530e+02
3.136086672560768420e+02
3.126587684976712467e+02
3.115989911621676356e+02
3.104659075608737453e+02
3.092968645749293728e+02
3.081227621280868902e+02
3.072322836945662630e+02
3.064712422247746986e+02
3.057798936362131599e+02
3.051937086748652064e+02
3.047822332003603378e+02
3.046502037089125565e+02
3.049849774606709047e+02
3.060311006097049926e+02
3.080857925391516687e+02
3.114749442546660134e+02
3.164264360401161866e+02
3.231545121087119128e+02
3.317477554364412526e+02
3.421047379990018271e+02
3.540963058483794157e+02
3.671506459981877697e+02
3.803314925248847089e+02
3.926687886819906907e+02
4.032964018373708086e+02
4.116516707297641915e+02
4.177331948147028129e+02
4.219279010312603759e+02
4.249994081016412224e+02
4.277107202921831117e+02
4.306342681685564457e+02
4.339466383524675166e+02
4.371903837936417858e+02
4.398120627006991299e+02
4.416005929266204930e+02
4.426501070855501325e+02
4.432348428336737811e+02
4.435580381928222096e+02
4.437505528575547942e+02
4.438892588067217844e+02
4.440139591851706200e+02
4.441519635046287249e+02
4.443214444211026830e+02
4.445419379081640159e+02
4.448200540926027884e+02
4.451552468194453240e+02
4.455077361175044643e+02
4.458147385677658576e+02
4.460119249990648882e+02
4.460777628740723912e+02
4.460310486046303708e+02
4.459157724177483146e+02
4.457677931845281023e+02
4.456120371732508829e+02
4.454361192171840003e+02
4.452812445012550597e+02
4.451307331189914294e+02
4.449843675520622241e+02
4.448416741960960508e+02
4.447022208699093540e+02
4.445659979134367177e+02
4.444324828392269069e+02
4.443019059765515522e+02
4.441740677961594770e+02
4.440490139362183299e+02
4.439270936150090279e+02
4.438081262757706327e+02
4.436927334964175884e+02
4.435808565091741684e+02
4.434729495700816528e+02
4.433693905241182165e+02
4.432703091411704577e+02
4.431764193903941305e+02
4.430877711295150903e+02
4.430050815274942124e+02
4.429286960560669968e+02
4.428590416877065650e+02
4.427968581799726167e+02
4.426622416293599827e+02
4.425314514621828721e+02
4.424022612112532897e+02
4.422751523531907765e+02
4.421506004186006180e+02
4.420287105291621970e+02
4.419101396697836321e+02
4.417949004775128401e+02
4.416835013975016864e+02
4.415762113749937043e+02
4.414731812623195992e+02
4.413750128132267037e+02
4.412816776681056012e+02
4.411938116369573208e+02
4.411115923263110403e+02
4.410353171502912346e+02
4.409655306181233527e+02
4.409021406211329577e+02
4.408457742057391329e+02
4.407962445530716309e+02
4.407538269167411613e+02
4.407184505631012712e+02
4.406898727918859322e+02
4.406681437197053697e+02
4.405299233485632726e+02
4.403894875034925462e+02
4.402477963305236131e+02
4.401046681025954967e+02
4.399599673542813889e+02
4.398133858824787694e+02
4.396654658991765814e+02
4.395160529114554038e+02
4.393659848962531669e+02
4.392157591295480188e+02
4.390659604693401548e+02
4.389176460723580249e+02
4.387711248837362632e+02
4.386272715968196962e+02
4.384863016872399726e+02
4.383482872952925504e+02
4.382130224141460531e+02
4.380798384631624458e+02
4.379477581796350592e+02
4.378154207348625846e+02
4.376812972426627653e+02
4.375429610201908304e+02
4.373987150892631348e+02
4.372455024185254047e+02
4.369835257075463346e+02
4.367231370519027678e+02
4.364376846217871275e+02
4.361249195016430917e+02
4.357803426899145620e+02
4.354016416325619048e+02
4.349853386552734378e+02
4.345281729074650912e+02
4.340284996796953578e+02
4.334827300984389922e+02
4.328902856197241817e+02
4.322489847628780240e+02
4.315580870495049908e+02
4.308176831156004027e+02
4.300267386764181765e+02
4.291868217032239841e+02
4.282976570551399504e+02
4.273606497059534490e+02
4.263771917303430996e+02
4.253478794333430528e+02
4.242751271387159591e+02
4.231595913524742514e+02
4.220033568351074678e+02
4.208082247113086964e+02
4.195036968514941691e+02
4.181447388776072671e+02
4.167490487010122138e+02
4.153195310937653630e+02
4.138586599784513282e+02
4.123685945037026954e+02
4.108526251318350546e+02
4.093127520202868368e+02
4.077521150231700631e+02
4.061731995609470118e+02
4.045784291036307536e+02
4.029706432860841119e+02
4.013518358993912329e+02
3.997245615219104025e+02
3.980908337078029149e+02
3.964524838968926019e+02
3.948114310915249803e+02
3.931690340291287953e+02
3.915267859502504280e+02
3.898858649281747830e+02
3.882471726369435032e+02
3.866116455134242074e+02
3.849799044429549895e+02
3.833525265537929840e+02
3.816540573049643399e+02
3.799141155778744974e+02
3.781803482640250422e+02
3.764531843605799963e+02
3.747329320943425159e+02
3.730201861302682573e+02
3.713151663823680337e+02
3.696185185726856162e+02
3.679305882646355599e+02
3.662518121287029089e+02
3.645828822144208630e+02
3.629241149612991535e+02
3.612762922594305905e+02
3.596397680123361056e+02
3.580151161876603965e+02
3.564029327502842079e+02
3.548035902084304780e+02
3.532177853354357353e+02
3.516458329253918578e+02
3.500883544108576757e+02
3.485458835849021284e+02
3.470192234433478689e+02
3.455096872480998513e+02
3.440191504208852962e+02
3.425470932278850000e+02
3.410994670286341375e+02
3.396989409553698920e+02
3.383777172300056009e+02
3.371996817441215057e+02
3.363174172408826621e+02
3.360049373872197975e+02
3.368581277930738906e+02
3.397865626553734728e+02
3.457742521849074819e+02
3.550233912469062716e+02
3.662176862381933802e+02
3.781638975147778865e+02
3.921643329291317173e+02
4.101558844383190490e+02
4.303604199128851064e+02
4.487548153818207197e+02
4.655683002150293532e+02
4.826441385760757612e+02
4.993478166563938885e+02
5.132908696897395657e+02
5.237256671840574427e+02
5.310655382536461957e+02
5.354932888835901394e+02
5.367672831613364224e+02
5.358779072483845312e+02
5.336315333250322510e+02
5.306189074650301336e+02
5.271713986564085417e+02
5.234942113792048985e+02
5.197146932635548637e+02
5.158962256719665902e+02
5.120820804329468956e+02
5.082925732478062173e+02
5.045376487372244014e+02
5.008216355512514042e+02
4.971440718441343165e+02
4.935029204142276171e+02
4.898946492046618459e+02
4.863153379969760408e+02
4.827605684357527593e+02
4.792264378011734038e+02
4.757086142149122452e+02
4.722040746452786948e+02
4.687095821105324376e+02
4.652230518038797413e+02
4.617432625379404953e+02
4.582691163239880439e+02
4.547234562729098570e+02
4.512516239068900177e+02
4.477875353683654680e+02
4.443322818667774641e+02
4.408886014362797141e+02
4.374596690240633734e+02
4.340476128081741081e+02
4.306572305774876668e+02
4.272907117059748998e+02
4.239530425222449139e+02
4.206477517427501880e+02
4.173792957463414837e+02
4.141537916720395742e+02
4.109763847508395429e+02
4.078572807723952565e+02
4.048066215307598554e+02
4.018446678909581351e+02
3.989989424145032331e+02
3.963204612731450425e+02
3.938973467639380033e+02
3.918797941054701255e+02
3.905547321854483585e+02
3.903251441293442099e+02
3.918149970165162586e+02
3.954230565365767802e+02
4.013156324389033216e+02
4.091318670564068611e+02
4.181520350805380417e+02
4.276191728107844483e+02
4.371702233098804982e+02
4.465620041025303522e+02
4.556162366001667579e+02
4.638747698644409070e+02
4.710028577249472619e+02
4.771650027048106040e+02
4.826562415099817258e+02
4.877728173923628106e+02
4.925049619097259210e+02
4.965609695773292742e+02
4.996239672082757011e+02
5.015617796359127851e+02
5.024181227508904612e+02
5.024384882548521318e+02
5.018054899955583323e+02
5.007031334810012027e+02
4.992563072938671667e+02
4.975488962366201804e+02
4.956615437501954489e+02
4.934058436270440779e+02
4.910865062009772828e+02
4.887549053768835847e+02
4.864538951078383775e+02
4.842382034575265948e+02
4.821565645542879679e+02
4.802590926916315652e+02
4.786061872526819911e+02
4.772405973864440512e+02
4.762176007194615863e+02
4.755691338287995791e+02
4.753125628459518452e+02
4.754417898264108544e+02
4.759085359609383659e+02
4.766426895983601071e+02
4.775529185078813157e+02
4.785397788662067455e+02
4.795171091379611426e+02
4.804123877381147167e+02
4.811635562866163127e+02
4.817347782163448642e+02
4.820797003698256731e+02
4.821735268524849403e+02
4.819860844317903457e+02
4.812539320522678850e+02
4.800539349282602757e+02
4.785506740834101720e+02
4.767704960315564904e+02
4.747489145638322725e+02
4.725235664349586955e+02
4.701461483329783277e+02
4.676615354432345271e+02
4.651224392526755196e+02
4.625848946584307555e+02
4.601044646732063939e+02
4.577551145540531934e+02
4.555993448847199261e+02
4.537071808696424000e+02
4.521016325041029518e+02
4.507462798482033577e+02
4.495412974520477292e+02
4.483734503178953901e+02
4.471534061651135517e+02
4.458821369519008613e+02
4.445758412329593057e+02
4.432938104206780849e+02
4.420908770322871533e+02
4.410161649413531109e+02
4.400676537792926979e+02
4.393987315818511092e+02
4.389285322187682254e+02
4.385816088131158494e+02
4.382270020903567342e+02
4.376967181937063174e+02
4.368522841948894779e+02
4.355970249141754493e+02
4.339543672699408603e+02
4.319636763901629024e+02
4.297059075325512936e+02
4.272545630886033337e+02
4.246651658354369374e+02
4.219898972568732347e+02
4.192582430019151616e+02
4.164969225354909668e+02
4.137220752746632115e+02
4.109458688090585952e+02
4.081772584176846408e+02
4.054222970443543090e+02
4.026859640326533736e+02
3.999719438791667585e+02
3.972832630620162604e+02
3.946224218732394320e+02
3.918920150315756246e+02
3.891556033198690443e+02
3.864550491636469474e+02
3.837926665517261995e+02
3.811712734691651576e+02
3.785938242487438288e+02
3.760634102266366767e+02
3.735840977213555334e+02
3.711598368212314654e+02
3.687960138060087161e+02
3.664979557978440994e+02
3.642726473917495582e+02
3.621272013788517370e+02
3.600699319542616195e+02
3.581102649554425170e+02
3.562571796172582026e+02
3.545221314570965205e+02
3.529134052409679612e+02
3.514406079795182904e+02
3.501107348696887698e+02
3.489269443678902007e+02
3.478914993188408289e+02
3.470001136164824516e+02
3.462450174028371066e+02
3.456015205149906251e+02
3.450865743866100956e+02
3.446794872294517518e+02
3.443651547417685492e+02
3.441281307437431565e+02
3.439646300992528154e+02
3.438605678859227623e+02
3.438160708509724373e+02
3.438224427482822989e+02
3.438755082895518171e+02
3.439715907934457277e+02
3.441058905333615598e+02
3.442772265663703593e+02
3.444858660669303845e+02
3.447365334144940334e+02
3.450322009166643511e+02
3.453864359447400716e+02
3.457969258705171569e+02
3.462697390213930362e+02
3.467948533891362786e+02
3.473530568641029959e+02
3.479201386059094148e+02
3.484551895859362958e+02
3.489180863412207145e+02
3.492537357161369869e+02
3.493959521735824296e+02
3.493841809416405795e+02
3.492360478984616066e+02
3.489784936152504997e+02
3.486847117653709347e+02
3.484457660346254215e+02
3.483432485168950734e+02
3.484043425321615928e+02
3.484554962259325066e+02
3.482621901500426134e+02
3.477020435949934267e+02
3.468530439578631217e+02
3.458789912711361012e+02
3.449564834738890795e+02
3.442516561536558584e+02
3.439684504522899147e+02
3.443140829586612881e+02
3.455539350083121803e+02
3.479004794779933718e+02
3.515025291122033764e+02
3.565654331173859077e+02
3.631428234304227090e+02
3.710734406919970638e+02
3.797918228164139123e+02
3.881674299743118013e+02
3.952123016899829508e+02
4.007093538054227793e+02
4.047148859319188432e+02
4.075481851566559044e+02
4.094546126146939855e+02
4.105769193933798533e+02
4.110483409019633996e+02
4.109454518136716956e+02
4.103765705828440673e+02
4.094642069466702310e+02
4.083046361217627123e+02
4.069982624486380587e+02
4.056043925737047857e+02
4.041671059085948627e+02
4.027051402945770064e+02
4.012215113750479532e+02
3.997085371686385429e+02
3.981527142892356324e+02
3.965404442789928225e+02
3.948659158335816528e+02
3.931228524787848642e+02
3.913192294388643973e+02
3.893130308205524557e+02
3.872194555761942638e+02
3.850948974558272653e+02
3.829480988426188901e+02
3.807905142479099823e+02
3.786286440471614583e+02
3.764690831506421205e+02
3.743171353883291204e+02
3.721757491824000113e+02
3.700488803263486375e+02
3.679382487271362834e+02
3.658460333426538682e+02
3.637741239449678687e+02
3.617233038744073497e+02
3.596955133838989127e+02
3.576912763185316066e+02
3.557118818052918527e+02
3.537583321552540951e+02
3.518310270694319684e+02
3.499312948644889048e+02
3.480592056967472558e+02
3.462158073935771085e+02
3.444014666494707058e+02
3.426165269406807283e+02
3.407837147214245306e+02
3.389610264176752139e+02
3.371736385608261344e+02
3.354212300989511846e+02
3.337041251129812167e+02
3.320225515424369291e+02
3.303763472483053079e+02
3.287663239953232051e+02
3.271921477122377837e+02
3.256547307022457289e+02
3.241541379939998819e+02
3.226908454561821031e+02
3.212656748915479739e+02
3.198786551233209821e+02
3.185311439883903972e+02
3.172232405475295991e+02
3.159562312156516555e+02
3.147308729407658348e+02
3.135479031888629038e+02
3.124089881853618067e+02
3.113145515084280532e+02
3.102667426699964039e+02
3.092664050615509836e+02
3.083153454643720011e+02
3.073909175830345362e+02
3.064959198248937469e+02
3.056625102693915892e+02
3.048920497752579877e+02
3.041881368706324906e+02
3.035532439868428582e+02
3.029904633325210739e+02
3.025043026377356910e+02
3.020974739744997919e+02
3.017762998278960822e+02
3.015703982687555822e+02
3.013027200653406794e+02
3.013639331440794535e+02
3.015379579988635328e+02
3.018344495147098883e+02
3.022575615077533371e+02
3.028168491174707810e+02
3.035181105715668082e+02
3.043679536530866585e+02
3.053766505857815332e+02
3.065503738539044889e+02
3.079053576053735810e+02
3.094566443023301758e+02
3.112295697745142888e+02
3.132385639111088267e+02
3.155293750015658247e+02
3.181898774030830168e+02
3.213023497149574155e+02
3.249955057734183583e+02
3.294352769681477184e+02
3.348065163141669132e+02
3.413742826379962594e+02
3.492985339177141668e+02
3.586980248472383437e+02
3.694670439660703778e+02
3.813546642136911373e+02
3.940551492174103601e+02
4.072592111825225061e+02
4.205566197217371496e+02
4.334293267049079077e+02
4.453824203941776432e+02
4.560204792801511644e+02
4.652663057309375745e+02
4.731258036440698334e+02
4.797526258525799108e+02
4.852500667091059654e+02
4.897521898896044377e+02
4.933380863152927418e+02
4.958542674387590523e+02
4.976067633463550806e+02
4.986946806055889283e+02
4.992340717508541843e+02
4.993052149903547843e+02
4.990193304768773714e+02
4.984629047117013556e+02
4.977264884881188891e+02
4.968914884187988150e+02
4.960283377047477984e+02
4.952071279958079799e+02
4.944815997524331124e+02
4.939106858276489902e+02
4.935379408008309383e+02
4.934156132713504235e+02
4.935874134808347549e+02
4.941040006426908349e+02
4.950116559865944623e+02
4.963488347397274083e+02
4.981393275437712305e+02
5.003642156863772925e+02
5.029533595667997474e+02
5.057617541337167495e+02
5.085748343822970128e+02
5.109256133313808732e+02
5.126664615966132033e+02
5.136807176141702485e+02
5.138904258780361261e+02
5.133070107267589037e+02
5.120014270362654543e+02
5.100760406250902292e+02
5.076274990872991566e+02
5.047617178897463077e+02
5.015576227151357216e+02
4.980945275919486335e+02
4.944305861954356374e+02
4.906167468346641840e+02
4.866943623171418949e+02
4.826946405580035844e+02
4.786450364150494465e+02
4.745654136586240952e+02
4.704734797504804078e+02
4.663819434503275261e+02
4.623027888360076076e+02
4.582442268643374064e+02
4.542146330810769541e+02
4.502199537867287518e+02
4.462652770954104540e+02
4.423114181736257251e+02
4.383947685650771859e+02
4.345301422854533371e+02
4.307188253711981361e+02
4.269636115299119297e+02
4.232661522492313679e+02
4.196269387997260196e+02
4.160482072885648108e+02
4.125291303141014509e+02
4.090713588220812653e+02
4.056744325433131735e+02
4.023382534652124605e+02
3.990634596627318729e+02
3.958485294156014334e+02
3.926944035873672760e+02
3.895995471645096586e+02
3.865638898649477255e+02
3.835869750674497141e+02
3.806673820101270280e+02
3.778054804545646448e+02
3.749993909770603864e+02
3.722492483623274211e+02
3.695539098193090695e+02
3.669124845785098614e+02
3.643318434909497228e+02
3.617936230271779436e+02
3.593068261540055346e+02
3.568702270730441342e+02
3.544837917068897468e+02
3.521473461340015660e+02
3.498601683233164863e+02
3.476231296379872333e+02
3.454355319281060588e+02
3.432985190169457610e+02
3.412124527432081322e+02
3.391782101914030250e+02
3.371977505423606658e+02
3.352721309265691048e+02
3.334046442940812085e+02
3.315978098194042900e+02
3.298558543691623299e+02
3.281842417440940380e+02
3.265885667638966652e+02
3.250786550085995827e+02
3.236636134195651380e+02
3.223585074128509405e+02
3.211802264027583078e+02
3.201492081823627700e+02
3.193124491676213665e+02
3.186996993560658780e+02
3.183460618195184111e+02
3.182797127468775216e+02
3.185312850535029270e+02
3.191249173954822709e+02
3.200656023915485662e+02
3.213550254201505822e+02
3.229578905642879363e+02
3.248310367929392442e+02
3.268999683919054746e+02
3.290787372730522975e+02
3.312715749291620000e+02
3.333855611848963463e+02
3.353370542356012152e+02
3.370635785015302872e+02
3.385229768957347005e+02
3.396931061328755845e+02
3.405783625172522875e+02
3.411876677190406895e+02
3.415527799395604234e+02
3.417019348523824078e+02
3.416740986024852305e+02
3.415084193045643701e+02
3.412283059624891166e+02
3.408972518504610321e+02
3.405577949398216901e+02
3.402690568493377441e+02
3.400977016265450175e+02
3.401355573242308310e+02
3.404902416293847978e+02
3.413165061275706762e+02
3.427994472092187266e+02
3.451609784996142594e+02
3.486636445826303543e+02
3.534836706520966914e+02
3.597366681345947654e+02
3.672410491557845944e+02
3.756239358705517475e+02
3.842736992240803602e+02
3.926370979249824131e+02
4.002390577789150825e+02
4.069043844013127682e+02
4.125739196121280656e+02
4.173299819755687281e+02
4.212779246009425265e+02
4.245442848717717084e+02
4.272609822868930110e+02
4.296695735606083417e+02
4.317929844564119435e+02
4.337164351089183469e+02
4.355373108366709971e+02
4.373299018839525729e+02
4.391562523018200750e+02
4.410686192672731636e+02
4.431128755087588615e+02
4.453176158532564273e+02
4.477157018460827658e+02
4.503122188206642136e+02
4.531079955762908753e+02
4.560840300656859085e+02
4.591975779808996663e+02
4.623994942460251991e+02
4.656239915988820144e+02
4.688045204489594653e+02
4.718824099710512314e+02
4.748089164232411576e+02
4.775445577372792059e+02
4.800763642047747908e+02
4.823885841915217725e+02
4.844884181954845985e+02
4.863818131391427642e+02
4.880730365543570883e+02
4.896541256307535832e+02
4.910429893110768944e+02
4.922536610663429428e+02
4.932909281571215843e+02
4.941601351669222595e+02
4.948683043907746537e+02
4.954140519519137342e+02
4.958035789777129025e+02
4.960338886019986830e+02
4.961067962997324230e+02
4.960217812687608330e+02
4.957762058328989383e+02
4.953729014374002304e+02
4.948086257636053915e+02
4.940877771352290324e+02
4.932114337976174170e+02
4.921838562408361781e+02
4.910124266421040033e+02
4.897015763559105608e+02
4.882624088968869955e+02
4.867019224658772032e+02
4.850308757634475114e+02
4.832598102381058993e+02
4.813654347583904496e+02
4.794125206043618732e+02
4.773920467590221506e+02
4.753146105839472284e+02
4.731887544525236535e+02
4.710221127453615964e+02
4.688226694665963805e+02
4.665960664316125985e+02
4.643485263312423967e+02
4.620847749391655270e+02
4.598090609526933576e+02
4.575251865841926815e+02
4.552362444289993846e+02
4.529449610876251313e+02
4.506537389401387941e+02
4.483645421485614406e+02
4.460790920209490196e+02
4.437991385501856030e+02
4.415258659709389804e+02
4.392608593329449604e+02
4.370051589259194316e+02
4.347600609493575803e+02
4.325267638534415369e+02
4.303062502577815280e+02
4.280850788781844471e+02
4.258488606873807498e+02
4.236255745682773863e+02
4.214160186346442174e+02
4.192212210319135579e+02
4.170421453049846718e+02
4.148794421600308056e+02
4.127342602050743494e+02
4.106069225771908009e+02
4.084983974491473191e+02
4.064090511321539338e+02
4.043392067461128931e+02
4.022895344984318626e+02
4.002598050685355133e+02
3.982505882095690595e+02
3.962616663455715980e+02
3.942929406087073403e+02
3.923446441214156835e+02
3.904161124497508695e+02
3.885076695074458826e+02
3.866186775203307775e+02
3.847490063633404702e+02
3.828985686124046879e+02
3.810666850846777720e+02
3.792217288068253538e+02
3.773550128589224073e+02
3.755053517887966450e+02
3.736725557678196310e+02
3.718563641091333238e+02
3.700570630934181509e+02
3.682741894923137238e+02
3.665081503626145718e+02
3.647586445741936245e+02
3.630258272133100945e+02
3.613098347311685075e+02
3.596105106405285028e+02
3.579282950913653281e+02
3.562629469565255249e+02
3.546148758797590403e+02
3.529841029108152952e+02
3.513707636223028317e+02
3.497752454506015738e+02
3.481974879086455985e+02
3.466380122476064116e+02
3.450968109292143140e+02
3.435743213851899327e+02
3.420708216770219678e+02
3.405865773800750844e+02
3.391145253815676597e+02
3.376481484047906179e+02
3.362027865965879982e+02
3.347787149743469968e+02
3.333766027546212740e+02
3.319970510279867426e+02
3.306405667034746898e+02
3.293082430111718963e+02
3.280006178497829410e+02
3.267192354087087551e+02
3.254651741338767579e+02
3.242404376018973267e+02
3.230473615773098004e+02
3.218887752232602111e+02
3.207694749269418253e+02
3.196944907623969243e+02
3.186738969433532134e+02
3.177190743415305860e+02
3.168508507783698178e+02
3.161029865309723164e+02
3.155303762103539498e+02
3.152534437325737713e+02
3.154709630628917694e+02
3.166270519655340081e+02
3.194241475805285404e+02
3.253928514893337933e+02
3.355812758656946926e+02
3.501573592114199869e+02
3.671559033605869899e+02
3.843522639136988914e+02
4.032508960099234514e+02
4.279364609578976797e+02
4.582225775439217159e+02
4.858494031656665584e+02
5.026172911913717485e+02
5.119505159897863678e+02
5.203854738557221253e+02
5.313054022790022373e+02
5.425658833778487633e+02
5.495777550193389516e+02
5.516216212334271631e+02
5.506289072444055819e+02
5.481851610223117177e+02
5.450191847114620032e+02
5.414678552840153998e+02
5.376619810001163842e+02
5.336756697015944155e+02
5.295469784936913129e+02
5.249323007992900330e+02
5.203515731311392756e+02
5.157484645598293582e+02
5.111337198591397737e+02
5.065200067077632866e+02
5.019179097856487033e+02
4.973389574744680317e+02
4.927971434515526994e+02
4.883028556868172814e+02
4.838706891758924939e+02
4.795129547784044348e+02
4.752415028583449725e+02
4.710711182892285365e+02
4.670117012580933533e+02
4.630760936277447968e+02
4.592742998789236140e+02
4.556103526601685871e+02
4.520891018921995510e+02
4.487035741284239521e+02
4.454502953626089266e+02
4.423168978996125702e+02
4.393016774411157712e+02
4.364068168981647773e+02
4.336445854435548881e+02
4.310299433343901114e+02
4.286593939675813090e+02
4.265058917317312535e+02
4.245948629890767734e+02
4.229557906328215608e+02
4.216066280170770710e+02
4.205497209485510552e+02
4.197854991477374824e+02
4.192964304356701177e+02
4.190853245790906385e+02
4.191551138047617542e+02
4.195757801375543750e+02
4.204673552108764056e+02
4.220512583229782422e+02
4.246741949848499758e+02
4.286076685889204327e+02
4.340237555246458783e+02
4.405151309937034512e+02
4.473014268888029505e+02
4.535250388153249901e+02
4.586714475677317182e+02
4.625234897522531696e+02
4.652335650064746346e+02
4.669966935357091984e+02
4.680142592150262999e+02
4.686020163944707519e+02
4.687888259018407098e+02
4.686922508860333778e+02
4.683630530376211141e+02
4.678345067830948096e+02
4.671156469471292212e+02
4.662062730518076705e+02
4.651085531200793071e+02
4.638191568389525514e+02
4.623479030030147214e+02
4.607010491702112631e+02
4.588950340907561554e+02
4.569463823046551738e+02
4.548735716624195788e+02
4.526980554321118007e+02
4.504403283266676681e+02
4.481256090137920864e+02
4.457787762206409070e+02
4.434337380921554086e+02
4.411236390021274474e+02
4.388981474464183634e+02
4.368126390279922475e+02
4.349365465828511219e+02
4.333005724748023795e+02
4.320327594500387249e+02
4.312695422869006734e+02
4.310869540546095777e+02
4.315543841588380474e+02
4.326889913064875941e+02
4.344321063357068624e+02
4.367010570206559805e+02
4.393942927303941133e+02
4.424148832561202198e+02
4.457127170006097572e+02
4.492080907434149140e+02
4.528114438888837867e+02
4.565118095880063720e+02
4.603594919333492044e+02
4.644052801694250547e+02
4.687025020167013736e+02
4.732208938894710286e+02
4.780165826136367855e+02
4.830044009946116716e+02
4.878531409344038252e+02
4.920519100137418604e+02
4.952316951316296354e+02
4.972810226013580746e+02
4.981438393542069321e+02
4.981442724882545576e+02
4.976970493219384934e+02
4.970079703484744300e+02
4.962107816125552517e+02
4.954089414378838114e+02
4.946689389755235879e+02
4.940420865995146187e+02
4.935530175368065215e+02
4.932195713546132083e+02
4.930430726328927449e+02
4.930150055433612124e+02
4.931206793372377319e+02
4.933307599816022844e+02
4.936113395236698693e+02
4.939191468158699649e+02
4.942047773353574485e+02
4.944175681856829101e+02
4.945094526657299525e+02
4.944351386130940682e+02
4.941658676790221421e+02
4.936800276865071737e+02
4.929700121947032017e+02
4.920463547957417632e+02
4.908187459133743573e+02
4.892675960009928531e+02
4.875669862008758173e+02
4.857630021854726579e+02
4.838798607304304937e+02
4.819371484499478697e+02
4.799405523242863865e+02
4.778876603096825875e+02
4.757842994527250085e+02
4.736541425765192344e+02
4.715365735047432167e+02
4.694790833704716420e+02
4.675326529012672836e+02
4.657344679268674668e+02
4.641183956820035519e+02
4.627044703896471560e+02
4.615053453598243323e+02
4.605339738158929777e+02
4.597961742037510930e+02
4.593171060327077271e+02
4.591133323720993076e+02
4.592293837013521056e+02
4.596846630427161813e+02
4.604943140056158200e+02
4.615881610055266151e+02
4.628518822907984713e+02
4.641915610110912098e+02
4.654266212344945757e+02
4.664000065186203301e+02
4.670023033313117935e+02
4.671940511371406615e+02
4.669795130122344631e+02
4.664024551384817414e+02
4.654922448351272237e+02
4.642873184690283210e+02
4.628056591507422581e+02
4.610596436594075840e+02
4.590774096733059650e+02
4.568807211535134343e+02
4.545139610031187658e+02
4.520170041783692341e+02
4.494310642693665727e+02
4.467954092530794128e+02
4.441370203966783947e+02
4.414803319907223909e+02
4.388391074400426533e+02
4.362214532418239514e+02
4.336311297843500938e+02
4.310339075729435194e+02
4.284115944146681159e+02
4.258082191778813694e+02
4.232174847753275913e+02
4.206378261898080950e+02
4.180638069308295144e+02
4.154917757233052384e+02
4.129194535288337988e+02
4.103422672019838728e+02
4.077608198919047595e+02
4.051722175955723628e+02
4.025784416911163248e+02
3.999806456091356495e+02
3.973807252105794987e+02
3.947826009179967741e+02
3.921886109858349982e+02
3.896032756551757075e+02
3.870302004879211495e+02
3.844733332921924784e+02
3.819369150937998256e+02
3.794241050526825916e+02
3.769388552688739082e+02
3.744840499909413438e+02
3.720629623663405710e+02
3.696691449336915412e+02
3.673588538730227242e+02
3.650863907441450920e+02
3.628529920682132115e+02
3.606600632417799375e+02
3.585083454073997018e+02
3.563979079868614122e+02
3.543292908020487744e+02
3.523015922103452908e+02
3.503147871868754351e+02
3.483676911803566441e+02
3.464592311692016438e+02
3.445885207501795549e+02
3.427537500159046999e+02
3.409539655976158770e+02
3.391875525901795072e+02
3.374530666498097276e+02
3.357495831936586796e+02
3.340755221336553404e+02
3.324302454002918239e+02
3.308128087255038849e+02
3.292225774477440723e+02
3.276595000062428085e+02
3.261231525029891714e+02
3.246668750557975613e+02
3.232411573424903395e+02
3.218404659943352613e+02
3.204659929753572101e+02
3.191187396392133451e+02
3.178005334915964113e+02
3.165126688232546144e+02
3.152572584654282082e+02
3.140360681685845634e+02
3.128512949038074566e+02
3.117052093848353707e+02
3.105998791904404470e+02
3.095379471261470030e+02
3.085213319690139429e+02
3.075528779756194808e+02
3.066345967185356471e+02
3.057692642292886944e+02
3.049591524268066109e+02
3.042066202847819909e+02
3.035145158025202363e+02
3.028846616551533657e+02
3.023204665074383684e+02
3.018231404598260497e+02
3.013958467896852085e+02
3.010530947213345598e+02
3.008122645046194634e+02
3.006410851339200576e+02
3.005374854066466810e+02
3.005001024056170991e+02
3.005230567343124903e+02
3.005991816383869377e+02
3.007201302756134851e+02
3.008749122698199585e+02
3.010531477904717121e+02
3.012456607732430598e+02
3.014421442614712419e+02
3.016381660207962341e+02
3.018272973094498752e+02
3.020078912554378689e+02
3.021794583569256361e+02
3.023404844661149582e+02
3.024944218485252350e+02
3.026402548071638421e+02
3.027803246999209250e+02
3.029143815636985551e+02
3.030416605135006307e+02
3.031617501641341050e+02
3.032719483957701527e+02
3.033524849226897118e+02
3.034464731459013933e+02
3.035183734240737294e+02
3.035649759113915138e+02
3.035828878202189571e+02
3.035693527923362467e+02
3.035235633500669223e+02
3.034441063019520470e+02
3.033325591557174334e+02
3.031906336901611212e+02
3.030219121027174083e+02
3.028324520545349401e+02
3.026294789649427344e+02
3.024255765989699398e+02
3.022345546647995320e+02
3.020809973586149226e+02
3.019891271712080538e+02
3.019956042498540683e+02
3.021353046694686668e+02
3.024303837517563238e+02
3.028842921449862615e+02
3.034386935176483462e+02
3.040061858493530167e+02
3.044838820085906264e+02
3.048278304209991916e+02
3.049915358805494634e+02
3.050237165223127249e+02
3.049590477666306469e+02
3.048434114849132470e+02
3.047102077486868552e+02
3.045921552411484754e+02
3.045303550407729176e+02
3.045798570652984267e+02
3.048233744211078147e+02
3.054051781667568548e+02
3.064797629715727112e+02
3.081717622192125532e+02
3.103530543071676107e+02
3.125620382278672764e+02
3.142636564313055487e+02
3.153042014489586222e+02
3.157864580831638364e+02
3.159277997330434573e+02
3.158794014888444508e+02
3.157268402457208936e+02
3.155164484955723765e+02
3.152652826431417452e+02
3.149825387822813809e+02
3.149123073122119649e+02
3.148638216234156175e+02
3.147762122742072393e+02
3.146534225384555725e+02
3.144984579390588806e+02
3.143169606829012537e+02
3.141142297862517694e+02
3.138968439323780331e+02
3.136712235985775123e+02
3.134435892492491007e+02
3.132209380843332269e+02
3.130091079968787540e+02
3.128153863593951769e+02
3.126455397786851336e+02
3.125073022791032145e+02
3.124072721797060126e+02
3.123545554154870842e+02
3.123582248239309820e+02
3.124292679876194256e+02
3.125823035963171037e+02
3.128313445559589923e+02
3.131987948529913979e+02
3.137049870120624178e+02
3.143792414860262170e+02
3.154177230036178230e+02
3.166833591172704132e+02
3.181954936072104374e+02
3.199738188049827272e+02
3.220473940858371975e+02
3.244230949783631104e+02
3.270985974039624580e+02
3.300649066215803487e+02
3.332913365085806845e+02
3.367531631915067010e+02
3.404180175053269863e+02
3.442635802166101371e+02
3.482573793698399527e+02
3.523711776956545236e+02
3.565597410553753548e+02
3.607768532729002118e+02
3.649707449500217535e+02
3.691036751354193370e+02
3.731467871153457736e+02
3.770745397491230051e+02
3.808543471495478911e+02
3.844267634509278082e+02
3.877250146833769122e+02
3.906711927529720469e+02
3.930283565919586977e+02
3.946448617954313249e+02
3.957966902053175886e+02
3.965329418182157042e+02
3.968963729597599013e+02
3.969480996202410097e+02
3.967482059794087945e+02
3.963426967774988157e+02
3.957836858547535712e+02
3.951045735828312786e+02
3.943396467051169907e+02
3.935141566238285122e+02
3.926475164799521167e+02
3.917573927409468979e+02
3.908539270423096923e+02
3.899471147601988719e+02
3.890417111488754358e+02
3.881418215100655971e+02
3.872492491040779328e+02
3.863646200013876637e+02
3.854886411645483122e+02
3.846207935640784967e+02
3.837626932590951583e+02
3.829142988488479205e+02
3.820006376752676829e+02
3.811622159619472541e+02
3.803366929420365068e+02
3.795266897129515655e+02
3.787333989291691978e+02
3.779585672577413789e+02
3.772015323883542806e+02
3.764619249876633944e+02
3.757377515364016745e+02
3.750265820021747345e+02
3.743273386231163613e+02
3.736372283578703559e+02
3.729574375082394226e+02
3.722878879419503164e+02
3.716311548527880291e+02
3.709899341245050550e+02
3.703667175739419690e+02
3.697645896100386835e+02
3.691840324060711396e+02
3.686264417646473248e+02
3.680876837024435986e+02
3.675657368466044090e+02
3.670526115942716956e+02
3.665391193097344740e+02
3.659679105587569552e+02
3.653230214727521457e+02
3.646359913521699809e+02
3.638972476818519226e+02
3.630962347426316228e+02
3.622296980456030155e+02
3.612917427747653392e+02
3.602808554104560130e+02
3.591983293267953172e+02
3.580435954989174547e+02
3.568227796459729575e+02
3.555399093333189171e+02
3.542013204808582145e+02
3.528159856382796420e+02
3.513900606708630221e+02
3.499348028518911065e+02
3.484582316487498588e+02
3.469702530917467698e+02
3.454803931331877607e+02
3.439964495281707855e+02
3.425275750529330594e+02
3.410798929376820752e+02
3.396603885361529365e+02
3.382730469162348186e+02
3.369127699319417957e+02
3.355735632489988234e+02
3.342750700017121517e+02
3.330193852383677040e+02
3.318088375512356833e+02
3.306483364229013091e+02
3.295458276113378702e+02
3.285163284135641675e+02
3.275837778755833369e+02
3.267836482078757854e+02
3.261711645852057586e+02
3.258129356282772164e+02
3.257956321066320697e+02
3.262055995873794814e+02
3.271062951696993082e+02
3.285233066012781364e+02
3.304185759244784890e+02
3.327346270610222518e+02
3.354013935019086148e+02
3.383952095755857385e+02
3.416497003444657139e+02
3.451124739467871336e+02
3.486604077330681548e+02
3.521478253276821420e+02
3.554381783300601114e+02
3.583884072417764060e+02
3.608145838164686552e+02
3.626432913331202599e+02
3.638512712877511035e+02
3.644555746537528762e+02
3.645300340788478479e+02
3.641429936688680300e+02
3.634027719132122343e+02
3.623994600469689544e+02
3.612307609462894220e+02
3.599952334037153037e+02
3.587798241816812492e+02
3.576871507842015490e+02
3.568101898583135494e+02
3.562420205063820617e+02
3.560653253846659254e+02
3.563304977005599312e+02
3.570704650020615532e+02
3.583256875646627577e+02
3.601544900788915697e+02
3.626578355219870673e+02
3.659308456007903487e+02
3.699691259231256595e+02
3.748267061498207795e+02
3.801269944747044178e+02
3.854404496392609190e+02
3.904085864427064507e+02
3.947722849498848063e+02
3.983960576173736285e+02
4.012397086237745611e+02
4.033124081775186482e+02
4.046658749942063764e+02
4.053509409609422391e+02
4.054391848364695079e+02
4.050159702047490100e+02
4.041501475288599750e+02
4.029360959431808169e+02
4.014389969351281025e+02
3.997287798337242748e+02
3.978619360949426778e+02
3.958812844624716831e+02
3.938297757610352505e+02
3.917358070415602924e+02
3.896277326948285804e+02
3.875286753415023782e+02
3.854570637271232272e+02
3.834326708717076713e+02
3.814597410396951886e+02
3.794908226897040322e+02
3.776173277131121040e+02
3.758491818168536156e+02
3.742008228501122176e+02
3.726806800179078323e+02
3.712970023639686019e+02
3.700584880626851714e+02
3.689650539387786239e+02
3.680204117529647760e+02
3.672192420581594092e+02
3.665545224514900156e+02
3.660169405653634271e+02
3.655896710183515097e+02
3.652563602426143916e+02
3.649970859160026748e+02
3.647891355934062290e+02
3.646129906990194058e+02
3.644479400732073486e+02
3.642744273740340759e+02
3.640803948276069377e+02
3.638496858208015396e+02
3.635765427954162305e+02
3.632526632344751647e+02
3.628443789269720696e+02
3.622902074502552523e+02
3.616817577131208168e+02
3.610245930690583123e+02
3.603197800561293320e+02
3.595718775998619776e+02
3.587848481147225925e+02
3.579619139561494876e+02
3.571083211229214385e+02
3.562274376029336622e+02
3.553240325127156325e+02
3.544016125169810039e+02
3.534642280762543578e+02
3.525149688326305295e+02
3.515572636309723293e+02
3.505934273300281347e+02
3.496258241054839573e+02
3.486565008880310756e+02
3.476864977219965454e+02
3.467178279117567854e+02
3.457505020704512049e+02
3.447859899336568787e+02
3.438242332662957210e+02
3.428657901418858387e+02
3.419329684825537470e+02
3.409724695454895027e+02
3.400153664811505791e+02
3.390610231503043224e+02
3.381102609577840781e+02
3.371631485561053978e+02
3.362203559014045595e+02
3.352827161713404962e+02
3.343508940887562630e+02
3.334264982494526635e+02
3.325101735984971469e+02
3.316037075819797337e+02
3.307080921675589025e+02
3.298248385304549402e+02
3.289554392640210949e+02
3.281008054253945261e+02
3.272625274186574984e+02
3.264412395495327246e+02
3.256380349814956503e+02
3.248535062404173459e+02
3.240881076108096863e+02
3.233423107822231941e+02
3.226161687272957010e+02
3.219096730469227055e+02
3.212193138993915227e+02
3.205679909674100259e+02
3.199338021534098857e+02
3.193164175086810701e+02
3.187150023964202319e+02
3.181293560995424627e+02
3.175583507622670822e+02
3.170015114485466370e+02
3.164579514243280300e+02
3.159264847024784899e+02
3.154067122170624202e+02
3.148970969326775844e+02
3.143971577980674397e+02
3.139056462320307901e+02
3.134214531079804260e+02
3.129440128202842857e+02
3.124719187138864527e+02
3.120047748519119750e+02
3.115415070823507904e+02
3.110814289236389527e+02
3.106241832318849561e+02
3.101690737788558749e+02
3.097161278391933479e+02
3.092650825848443219e+02
3.087947110486374527e+02
3.083489707280335210e+02
3.079063983836999796e+02
3.074675562306760526e+02
3.070335272254091024e+02
3.066051575108822362e+02
3.061836822571487460e+02
3.057705880865671588e+02
3.053667925183211196e+02
3.049741571263807032e+02
3.045934226020355595e+02
3.042257535599638345e+02
3.038723025016932411e+02
3.035331374618846212e+02
3.032093624852946618e+02
3.029004234720201794e+02
3.026063830870477886e+02
3.023269540243551319e+02
3.020610473889563536e+02
3.018085217046076423e+02
3.015681554298956826e+02
3.013392489490670982e+02
3.011215435579973132e+02
3.009141070665964435e+02
3.007116357236220665e+02
3.005221664369250902e+02
3.003456209013276066e+02
3.001834804769188736e+02
3.000363495669392364e+02
2.999065825976777546e+02
2.997958409025550850e+02
2.997062971915008234e+02
2.996413578108270599e+02
2.996027132727497246e+02
2.995946312724976792e+02
2.996189192998789395e+02
2.996794022143462826e+02
2.997793639553937055e+02
2.999230796459771682e+02
3.001170183578527713e+02
3.003685425551013850e+02
3.006912431698701766e+02
3.010986868855276839e+02
3.016148390350894601e+02
3.022614930963284792e+02
3.030689175617159208e+02
3.040663648446395655e+02
3.052773764627527839e+02
3.067564229266278630e+02
3.084785078693244031e+02
3.104398423355043519e+02
3.126165137708404700e+02
3.149937667602559941e+02
3.175294359481165429e+02
3.201883404560791746e+02
3.229203762410920149e+02
3.256653036680476134e+02
3.283647100321921357e+02
3.309375690603454245e+02
3.333214297114040505e+02
3.354498574825229298e+02
3.372929399228012812e+02
3.388258393225801797e+02
3.400677466794505222e+02
3.410311874802880538e+02
3.417493730674128756e+02
3.422524733621416431e+02
3.425766143605858929e+02
3.427844152766003276e+02
3.429717331510141776e+02
3.432958887918206869e+02
3.439847591904631940e+02
3.455083887454431419e+02
3.481384002337167658e+02
3.521227605513108756e+02
3.573019702181755974e+02
3.630178272883979957e+02
3.683032735396337216e+02
3.726284646407722789e+02
3.758937231620301986e+02
3.783007864008878300e+02
3.799017888064453246e+02
3.807360302043518345e+02
3.808545379715207559e+02
3.804433989527616404e+02
3.796623973673997057e+02
3.786611679967953705e+02
3.775481882361977455e+02
3.764095898623740482e+02
3.753391475425274280e+02
3.744408950132402083e+02
3.738949638003451241e+02
3.739039742442796523e+02
3.747585685473514445e+02
3.766063647637567442e+02
3.792862983194365256e+02
3.820682137230461990e+02
3.843787276692094110e+02
3.859556054963072711e+02
3.870515199790354472e+02
3.881922697994675673e+02
3.900580314878857848e+02
3.932781630929267749e+02
3.982871617426226294e+02
4.047895980358601378e+02
4.118123815069923239e+02
4.180857653199614106e+02
4.227569159918188006e+02
4.257047591093086680e+02
4.274771324065361000e+02
4.285313600654731090e+02
4.291992091385808408e+02
4.295975787049050609e+02
4.297811679944162506e+02
4.298370799465750451e+02
4.299124062125561636e+02
4.301448921833720647e+02
4.306998437315660340e+02
4.316931960931763115e+02
4.331868906813296007e+02
4.349048910898742406e+02
4.369445191397330746e+02
4.392759626849839378e+02
4.417418111846357078e+02
4.442082414476334407e+02
4.466014475286854690e+02
4.489016139076875902e+02
4.510829429766600924e+02
4.531312817218335454e+02
4.549934992992834282e+02
4.566012334747696855e+02
4.579693208243947993e+02
4.591362325775828026e+02
4.602381901814102321e+02
4.614736446805499668e+02
4.631013270986108523e+02
4.655370898241746431e+02
4.692568442809970293e+02
4.746737102144890059e+02
4.817914666406860533e+02
4.899471961653594576e+02
4.983972353012595136e+02
5.067925282134946201e+02
5.146606854726056781e+02
5.209399346356925662e+02
5.248723054568166617e+02
5.264288085660081151e+02
5.263349425912558672e+02
5.252263190775453268e+02
5.235825452445163819e+02
5.216964377839375402e+02
5.197242547070341061e+02
5.177691149889751614e+02
5.158814446776658542e+02
5.140983494271628160e+02
5.124316361594006821e+02
5.108923078163803098e+02
5.094749856427420696e+02
5.081772417514791869e+02
5.069898982341411511e+02
5.059082066177459751e+02
5.049328689516100326e+02
5.040630068651839792e+02
5.033136366191703814e+02
5.026785253773549584e+02
5.021590212689202417e+02
5.017273897688349393e+02
5.013445996245322931e+02
5.007420392638193221e+02
4.999789341320247331e+02
4.990726343731431029e+02
4.979993736037571352e+02
4.967623594498898569e+02
4.953746886273096379e+02
4.938744961867675443e+02
4.922897664575584713e+02
4.906563249507713067e+02
4.889969217397670036e+02
4.873314595604685451e+02
4.856723372049965519e+02
4.840250889690137797e+02
4.823998012327960510e+02
4.807973372202949349e+02
4.792314848893968247e+02
4.777074254510999936e+02
4.762413797266765414e+02
4.748497707528131855e+02
4.735475239305814057e+02
4.723596398699421570e+02
4.712954003690709328e+02
4.703831312249294569e+02
4.696233064535171025e+02
4.689569908046887576e+02
4.684112945635008032e+02
4.679805661505451440e+02
4.676120915397459044e+02
4.672370564331884566e+02
4.668019162803832955e+02
4.662763535161574282e+02
4.657016650635783321e+02
4.651472365713266299e+02
4.647487480423256443e+02
4.646650645904265957e+02
4.650397422475167559e+02
4.660440011712263413e+02
4.677546054837175120e+02
4.701874736046968337e+02
4.732329059156795097e+02
4.766177751911203018e+02
4.799931792971578943e+02
4.830404887713237940e+02
4.855645804808558523e+02
4.875457075877940269e+02
4.891330444921003959e+02
4.905078362959094989e+02
4.919032475763006573e+02
4.932392064176229383e+02
4.947044635477502652e+02
4.963782526463174349e+02
4.981696582762428989e+02
4.999407145591968629e+02
5.015114795206013127e+02
5.027544053851804620e+02
5.035567959900603796e+02
5.038689734634379533e+02
5.036968738307274407e+02
5.030388147976352684e+02
5.019669099326865194e+02
5.005162234489533262e+02
4.987539502073501012e+02
4.967403397732135772e+02
4.945234758686442547e+02
4.921695491794463351e+02
4.897211210611704360e+02
4.872330005752594957e+02
4.847500625068193472e+02
4.823173545508213351e+02
4.799797896852222721e+02
4.777849346054575790e+02
4.757779616420947377e+02
4.728616682130162872e+02
4.697477482247904845e+02
4.668221739426997487e+02
4.641268374202549012e+02
4.616825628805232782e+02
4.595260791665252782e+02
4.576720274744309336e+02
4.561300325726323308e+02
4.549029026799973394e+02
4.539619252384837296e+02
4.532806524050652115e+02
4.528038754434937800e+02
4.524769559475059850e+02
4.522409044428761717e+02
4.520492921161282425e+02
4.518548879220734307e+02
4.516504712604998417e+02
4.514284206012652021e+02
4.512128949252219172e+02
4.510456750380502058e+02
4.509752320179849221e+02
4.510868936313445374e+02
4.514664601710670127e+02
4.522406956990909634e+02
4.500303179406155891e+02
4.466705400277600688e+02
4.432384581030025288e+02
4.397530621648936631e+02
4.362357992687087744e+02
4.327014608202718478e+02
4.291635547299047175e+02
4.256326693552703091e+02
4.221186197119342296e+02
4.186278664171935020e+02
4.151669491394332567e+02
4.117410621881891757e+02
4.083527117668304527e+02
4.050079479294184353e+02
4.017056535708885576e+02
3.984518444995727577e+02
3.952446235336253721e+02
3.920874852110308098e+02
3.889804073085352343e+02
3.859238131808016874e+02
3.829195373948596739e+02
3.799664759559506138e+02
3.770651608799108203e+02
3.742163025117503139e+02
