nan
4.538122859090781276e+02
4.511803126308778928e+02
4.486917631295245883e+02
4.463608076964906104e+02
4.442018814171903500e+02
4.422374325620224340e+02
4.404724365827791530e+02
4.389276514863494185e+02
4.376074866793471756e+02
4.365193446142943685e+02
4.356745035194242632e+02
4.350666065983756994e+02
4.347133422806284102e+02
4.346091371932557195e+02
4.347692444091924813e+02
4.352105969555971114e+02
4.359448061018990757e+02
4.370163170381879354e+02
4.384337499071197044e+02
4.402365872228577359e+02
4.424377804229506523e+02
4.450363864460915124e+02
4.480317239682970012e+02
4.513681836319408944e+02
4.551110727916126848e+02
4.590576612207831886e+02
4.631132307613289640e+02
4.671645654069744182e+02
4.710976415903424481e+02
4.747777942515486416e+02
4.780993339907486757e+02
4.809431036590739836e+02
4.832251321530451378e+02
4.849000743870190604e+02
4.859175506733855059e+02
4.863194508077415890e+02
4.861158885031768477e+02
4.853777758859787923e+02
4.841697025004381771e+02
4.825518728868208882e+02
4.806077833703819238e+02
4.783855540464644491e+02
4.759534703452496274e+02
4.733561124654899572e+02
4.706356593072130750e+02
4.678304361259045550e+02
4.649670636490957349e+02
4.620738885324004741e+02
4.588914663327942094e+02
4.557645951356665819e+02
4.527041551981770908e+02
4.497219201391218348e+02
4.468251254033850728e+02
4.440271359797515061e+02
4.413370012305941259e+02
4.387698242096205377e+02
4.363457845186363215e+02
4.340831007674823923e+02
4.320209471504680891e+02
4.301869967960084864e+02
4.286345494171198425e+02
4.274149471579888200e+02
4.265804413290211414e+02
4.262093780674746313e+02
4.263326142544279378e+02
4.270124001454819336e+02
4.282508754305054595e+02
4.300318462471298062e+02
4.323092888849647011e+02
4.349624384050954973e+02
4.378504599203421321e+02
4.407793088914650639e+02
4.435085548601667824e+02
4.458781012304057185e+02
4.477403463346341255e+02
4.489773440776013445e+02
4.495938727032248607e+02
4.496000716071060310e+02
4.490761375629699614e+02
4.481054511052385010e+02
4.467615289031338648e+02
4.451326914688823990e+02
4.432705887583043705e+02
4.412332555831559944e+02
4.390560707790797892e+02
4.367689853784452794e+02
4.343960933192448124e+02
4.319511559561516947e+02
4.294499191003789633e+02
4.269006271844348817e+02
4.243114342036107587e+02
4.216891272909916211e+02
4.190373575049862325e+02
4.163618946153886213e+02
4.136656960507451117e+02
4.109524739399988675e+02
4.081734576237896590e+02
4.053809169952967864e+02
4.025802914836473860e+02
3.997762103445780895e+02
3.969730646362000925e+02
3.941768316552633564e+02
3.913915590169062284e+02
3.886230116600149813e+02
3.858767238145198917e+02
3.831571439548183662e+02
3.804709808627806638e+02
3.778225532776762066e+02
3.752176791776673781e+02
3.726628061559184744e+02
3.701619704750960409e+02
3.677233352188566187e+02
3.653512503518587664e+02
3.630529589318888952e+02
3.608366222322796943e+02
3.587071772156539282e+02
3.566768200658887054e+02
3.547509968357210255e+02
3.529418878419219823e+02
3.512610041312047429e+02
3.496717121130075725e+02
3.482380894426843838e+02
3.469658560829873863e+02
3.458735008505244082e+02
3.449720329310303555e+02
3.442707127006303267e+02
3.437875921992958297e+02
3.435183206121774333e+02
3.434746822200519318e+02
3.436449934589209079e+02
3.440224439354155379e+02
3.445923932157829199e+02
3.453326090817027421e+02
3.462329846609148376e+02
3.472740729862905482e+02
3.484703592484303840e+02
3.498226558549074525e+02
3.513700001439523817e+02
3.531371034789380587e+02
3.551468596890840672e+02
3.574172857564839205e+02
3.599080835240172860e+02
3.625919427458159134e+02
3.654100378126013879e+02
3.685027013190009484e+02
3.716713772857185631e+02
3.748798291965802605e+02
3.781029358353625867e+02
3.813046725721200687e+02
3.844796919943540274e+02
3.875942073016761356e+02
3.906464759082845148e+02
3.935871243984648800e+02
3.963717632587450339e+02
3.989400760838971678e+02
4.012421103769444244e+02
4.032446430940418622e+02
4.049117759743933220e+02
4.062358699693560311e+02
4.071851954743016222e+02
4.077712131731796603e+02
4.079903364256454665e+02
4.078634724726909440e+02
4.074296540836248823e+02
4.067201923826361281e+02
4.057952015406958139e+02
4.046971826100882481e+02
4.034770982096928265e+02
4.019664196601555091e+02
4.004199411865150182e+02
3.988704186697725618e+02
3.973415484956530577e+02
3.958536628699533821e+02
3.944213654713219057e+02
3.930581973470567050e+02
3.917718877134103650e+02
3.905733992589633203e+02
3.894686241739777870e+02
3.884668761465658235e+02
3.875785865234936409e+02
3.868128759767033671e+02
3.861888148366162454e+02
3.857199211169220803e+02
3.854331711311571098e+02
3.853556339133986626e+02
3.855189741163645749e+02
3.859713768312622051e+02
3.867458681598843100e+02
3.879017675766515367e+02
3.894713666461241246e+02
3.914949355157626769e+02
3.939977703448489592e+02
3.967480550711658793e+02
3.999791261024126925e+02
4.036631202967811305e+02
4.077803968569128870e+02
4.122467437754320372e+02
4.169394309288263685e+02
4.216509487740218560e+02
4.261488082159384589e+02
4.301575713617231145e+02
4.334216675718436704e+02
4.357523988529172243e+02
4.371008226447709717e+02
4.376160901689110574e+02
4.374906105863050243e+02
4.369935349465328613e+02
4.362667936003462046e+02
4.353657817024939618e+02
4.342513441991682157e+02
4.329080497330765525e+02
4.313722648396708337e+02
4.297316394878292840e+02
4.281162401889421290e+02
4.266412336442648439e+02
4.254437716167620920e+02
4.246733727059315129e+02
4.241978960075235250e+02
4.238262276236988555e+02
4.232750851818138358e+02
4.223294468605657244e+02
4.209586492938726110e+02
4.192495960986792625e+02
4.173221504596719456e+02
4.152991208368781599e+02
4.132567406792524594e+02
4.112606148019080479e+02
4.093496552973695088e+02
4.075510952063758054e+02
4.058738889106461443e+02
4.043049915084999384e+02
4.028142088974200874e+02
4.013569296457598625e+02
3.998996673521696721e+02
3.984283384224963243e+02
3.969389630119284220e+02
3.954357630869455988e+02
3.939201559499329619e+02
3.923881419981038334e+02
3.909755562497448409e+02
3.896029736692296979e+02
3.882181654909836084e+02
3.868290427184556393e+02
3.854408890857408778e+02
3.840670904454219112e+02
3.827168201619930983e+02
3.814016417673747696e+02
3.801313995319873698e+02
3.789144630862868439e+02
3.777595140546549146e+02
3.766720573255993258e+02
3.756583870629562512e+02
3.747209506865362414e+02
3.738636187729057383e+02
3.730872151864095940e+02
3.723923690647897615e+02
3.717793482538437502e+02
3.712458485883181538e+02
3.707911313157331961e+02
3.704113829181047208e+02
3.701035050324679787e+02
3.698629399825910582e+02
3.696839708873486074e+02
3.695911744453152323e+02
3.695578074379743043e+02
3.695606629522029039e+02
3.695915169886623630e+02
3.696425939485998811e+02
3.697073277421787907e+02
3.697813053109322823e+02
3.698628115334705058e+02
3.699559711756416505e+02
3.700705808941007717e+02
3.702243939045662842e+02
3.704492145043125788e+02
3.707816205994444658e+02
3.712719541389718643e+02
3.719700427602547848e+02
3.728996946255832086e+02
3.740641893929601451e+02
3.753915472722754316e+02
3.767876067123988264e+02
3.781473185096523935e+02
3.794135054925366717e+02
3.805688961071604695e+02
3.816580599793219903e+02
3.827233274929823210e+02
3.837486352052159759e+02
3.848905632978695621e+02
3.860809304520407181e+02
3.873029812909884981e+02
3.885239595647084343e+02
3.897333632288294893e+02
3.909026610537968054e+02
3.920366640423700915e+02
3.931255362246679965e+02
3.941708949032685609e+02
3.951722883288598496e+02
3.961199157054030024e+02
3.970097114974681745e+02
3.978302767093074408e+02
3.985777319035948381e+02
3.992435003499560366e+02
3.998314470537943066e+02
4.003337458030343896e+02
4.007560269894884186e+02
4.010920944228939788e+02
4.013397496117058836e+02
4.014930071991147997e+02
4.015445094049330237e+02
4.014908325150381643e+02
4.012323074105873957e+02
4.008370508764936062e+02
4.003150211212927161e+02
3.996737687874917242e+02
3.989155102605492971e+02
3.980468061298051907e+02
3.970778257432507417e+02
3.960133000782782915e+02
3.948673862635262708e+02
3.936484737706176134e+02
3.923691763227408273e+02
3.910445567692411828e+02
3.896881937647507925e+02
3.883217146701219917e+02
3.869693900195653669e+02
3.856628714797947737e+02
3.844508118760446109e+02
3.833870182971018608e+02
3.825560849915242443e+02
3.820433895380957097e+02
3.819443913952226239e+02
3.823514242983276858e+02
3.833022903327479867e+02
3.848279276619012421e+02
3.868748307571519263e+02
3.894578873270427266e+02
3.922493114981219264e+02
3.950372915846202204e+02
3.976594624223088204e+02
4.000731703959323795e+02
4.022542257687553615e+02
4.042518068892982797e+02
4.060988612792172603e+02
4.078303197888570253e+02
4.095144136889525726e+02
4.111842588154647160e+02
4.128828245491000644e+02
4.145900973464935646e+02
4.162481100519403867e+02
4.177931141245100548e+02
4.191604576135909497e+02
4.203243525227187547e+02
4.212935924568034807e+02
4.220737672994555396e+02
4.226899796779481449e+02
4.231454912439479017e+02
4.234347714365458728e+02
4.235569995920856172e+02
4.233649141550747572e+02
4.229470292907072917e+02
4.223432251370695099e+02
4.215631885753945767e+02
4.206293542334519202e+02
4.195550515544327368e+02
4.183674877178345923e+02
4.170843831724889696e+02
4.157255701158137526e+02
4.143090222280765715e+02
4.128478730444442135e+02
4.113560816854638347e+02
4.098443165812133202e+02
4.083213958043965590e+02
4.067963102527119190e+02
4.052752051462577469e+02
4.037648323697279693e+02
4.022714124347027109e+02
4.007995407242871124e+02
3.993561500448393531e+02
3.979450630643387399e+02
3.965731147716716123e+02
3.952453075587756643e+02
3.939675510354795165e+02
3.926003279642116581e+02
3.912790994956549753e+02
3.900270807499638863e+02
3.888495050609949431e+02
3.877542096429764342e+02
3.867479359837688548e+02
3.858365283458967383e+02
3.850282155125028112e+02
3.843270738599431979e+02
3.837408476899104812e+02
3.832736031831454397e+02
3.829303379952161208e+02
3.827157158010505213e+02
3.826313644729062844e+02
3.826815337757774955e+02
3.828660727374874000e+02
3.831871302647027164e+02
3.836447319305939914e+02
3.842390451939134550e+02
3.849727900420226092e+02
3.858483251866579167e+02
3.868761499700855211e+02
3.880696123072261798e+02
3.894595196385143936e+02
3.911351047547398139e+02
3.932186977575188962e+02
3.957014516340932460e+02
3.986657935559728685e+02
4.021786572783436782e+02
4.061953005315404539e+02
4.105815265755662153e+02
4.151147645184354928e+02
4.195758540910348984e+02
4.238472045110573845e+02
4.279340979214046001e+02
4.319036611866206385e+02
4.358773742840472210e+02
4.399018918301167105e+02
4.439909006272329748e+02
4.480779959549854539e+02
4.520726689960557110e+02
4.558962857198143865e+02
4.594607059811555132e+02
4.626877789228169036e+02
4.655358062352503339e+02
4.679708873216881102e+02
4.700347244236739357e+02
4.717790512492785524e+02
4.731740288606346212e+02
4.744630840135139920e+02
4.756070097862656780e+02
4.766462198797543124e+02
4.775879257435190652e+02
4.784346290921824902e+02
4.791781503516128851e+02
4.798076845996426982e+02
4.803245688402984115e+02
4.807225165018411985e+02
4.810011567087045137e+02
4.811506384599488797e+02
4.811507866475836863e+02
4.809847173511104188e+02
4.806293352729516641e+02
4.800691660549781545e+02
4.793027244962709688e+02
4.783268903973757347e+02
4.771583255114557005e+02
4.758081503062040269e+02
4.742928677252162402e+02
4.726314010578351485e+02
4.708358163478925462e+02
4.689255792385209816e+02
4.668261842850429275e+02
4.645872619558920746e+02
4.622885377280793477e+02
4.599409656462165117e+02
4.575578984911493308e+02
4.551472480055240908e+02
4.527192979455199406e+02
4.502813845499756553e+02
4.478402260331906177e+02
4.454036546960194300e+02
4.429760524695486765e+02
4.405647321229012618e+02
4.381742077903557515e+02
4.358097735272833120e+02
4.334773918711263150e+02
4.311802635659256566e+02
4.289246314486417191e+02
4.267132805609026605e+02
4.245505718374092794e+02
4.224402393675737244e+02
4.203838139167448276e+02
4.183850310225503790e+02
4.164439037903570124e+02
4.145620765385315849e+02
4.127176686840297180e+02
4.108932524199923364e+02
4.091269718319132949e+02
4.074155238969336779e+02
4.057571929940734208e+02
4.041491044617687294e+02
4.025876057185046761e+02
4.010703400759297779e+02
3.995932081483172738e+02
3.981533272485668817e+02
3.967478655791117035e+02
3.953732406082161219e+02
3.940276130905779723e+02
3.927079495546034877e+02
3.914122353839356947e+02
3.901390277594509826e+02
3.888859512324676189e+02
3.876525527898240284e+02
3.864369984332574859e+02
3.852384512301679251e+02
3.840563866641644495e+02
3.828894281010514646e+02
3.817377412044710354e+02
3.806000915844043675e+02
3.794981840632020749e+02
3.784469632712628595e+02
3.774023694386886518e+02
3.763643517059708756e+02
3.753322492643266060e+02
3.743057623941718361e+02
3.732848123539009748e+02
3.722689662746856811e+02
3.712582789436281132e+02
3.702526654743830932e+02
3.692517961216224194e+02
3.682559149615335627e+02
3.672646400782920182e+02
3.662780379292318571e+02
3.652960366838016171e+02
3.643182343923994608e+02
3.633447754167910375e+02
3.623751882845742216e+02
3.614094177095032592e+02
3.604472549141391937e+02
3.594885639928490377e+02
3.585332883820537972e+02
3.575817497526202260e+02
3.566339750440422449e+02
3.556551974881601268e+02
3.545858426796179401e+02
3.535212843904477609e+02
3.524652055038347953e+02
3.514195646569231144e+02
3.503900385450000954e+02
3.493806494431918281e+02
3.483966484578251652e+02
3.474455570054266218e+02
3.465293966263353695e+02
3.456556766244980849e+02
3.448217379333145232e+02
3.440258675386737650e+02
3.432609362418513115e+02
3.425133124589515319e+02
3.417717208372456525e+02
3.410201165859430716e+02
3.402492296049242668e+02
3.394519271440478292e+02
3.386281556607605125e+02
3.377817389415416187e+02
3.369223480176466978e+02
3.360648749410515848e+02
3.352259613415580475e+02
3.344979528456295270e+02
3.338385831211127197e+02
3.333194493612622864e+02
3.329742950505522572e+02
3.328338847353958840e+02
3.329415004702141800e+02
3.333284269405816644e+02
3.340351442693862509e+02
3.350889130141015926e+02
3.365045228295066408e+02
3.382916381378455526e+02
3.404264342990446721e+02
3.428956041063370321e+02
3.456523385592782347e+02
3.486666689517482496e+02
3.518758048232465967e+02
3.552256877298872837e+02
3.586446504440988861e+02
3.620634854765368686e+02
3.654267607152283972e+02
3.686707522266112846e+02
3.717594421040731163e+02
3.746445843267413807e+02
3.773055276055151239e+02
3.799880817152330224e+02
3.825687326004678539e+02
3.849870890904855969e+02
3.872554453906609524e+02
3.893814113098621874e+02
3.913708884662963214e+02
3.932306710976891964e+02
3.949619803107819394e+02
3.965689426781833617e+02
3.980580324537310162e+02
3.994285933173561602e+02
4.006905715511651920e+02
4.018450134932859896e+02
4.028993428243165340e+02
4.038600226814264147e+02
4.047307349008533492e+02
4.055222323677689360e+02
4.062371798236410996e+02
4.068860778807520546e+02
4.074732241187004433e+02
4.080056316826733109e+02
4.084900320037098709e+02
4.089292775484408367e+02
4.093299816207730260e+02
4.098060875590810497e+02
4.101836757055091311e+02
4.105090334508886940e+02
4.107775424367613937e+02
4.109810832492408963e+02
4.111096081787666776e+02
4.111552360520544767e+02
4.111063685210118592e+02
4.109605455472430435e+02
4.107107437813678530e+02
4.103592996176249130e+02
4.099083580846594828e+02
4.093617968064093020e+02
4.087288856742014787e+02
4.080144605140653198e+02
4.072296602474865495e+02
4.063818941951827242e+02
4.054795963868772333e+02
4.045314250015920834e+02
4.035434545822009227e+02
4.025235138110861044e+02
4.014764124044511959e+02
4.004076033867970068e+02
3.993215417595957319e+02
3.982309345829764879e+02
3.971170372399887469e+02
3.959889268234728661e+02
3.948517690303476684e+02
3.937099547859262429e+02
3.925703146208991257e+02
3.914433400266506169e+02
3.903422055989700539e+02
3.892896915603552657e+02
3.883171714553290030e+02
3.874704130795987567e+02
3.868209132959939893e+02
3.864481178754713255e+02
3.864560763444500253e+02
3.869220233878040744e+02
3.878704315093133346e+02
3.892501679022544181e+02
3.909551674779947348e+02
3.928907467999391656e+02
3.950378730838459092e+02
3.973903972640417805e+02
3.999371074226031624e+02
4.026132905923052476e+02
4.053021395772584583e+02
4.078131555875820027e+02
4.102350927416840705e+02
4.125038382292011079e+02
4.146936469689443925e+02
4.169081373272353517e+02
4.192983677694500102e+02
4.219804989872437204e+02
4.250925808171793392e+02
4.286987128278935870e+02
4.327771772102397563e+02
4.371681435571511543e+02
4.416247266938592588e+02
4.459129929137803856e+02
4.500266107801270437e+02
4.541449699561398461e+02
4.585637272147398562e+02
4.637146502535908894e+02
4.698562977146418689e+02
4.770971361628290879e+02
4.851608746805461010e+02
4.934575933897000368e+02
5.012862810997577867e+02
5.082571524317984881e+02
5.142195782046909471e+02
5.192329394523547990e+02
5.236367250343195110e+02
5.274220288901778986e+02
5.305107680830815298e+02
5.327616033049768021e+02
5.340563608022025619e+02
5.344500107841314502e+02
5.340378510387458846e+02
5.330298893927425752e+02
5.315726120792004394e+02
5.298024453340738091e+02
5.278141933094748310e+02
5.256756424628474633e+02
5.234426966901284004e+02
5.211523128454673497e+02
5.188416852002147834e+02
5.165353593378686128e+02
5.142584390732921520e+02
5.120282591992142898e+02
5.098596091372802448e+02
5.077633031068265268e+02
5.057463658057471321e+02
5.038137021821951294e+02
5.019652149698663379e+02
5.001118093989258568e+02
4.983203991707931095e+02
4.965939102632510185e+02
4.949246645814918679e+02
4.933033748764034954e+02
4.917236771829033160e+02
4.901793641188556307e+02
4.886683243089742632e+02
4.871911184680541851e+02
4.857543438160989808e+02
4.843645540763514532e+02
4.830379132838663168e+02
4.817869787175405918e+02
4.806293476977062937e+02
4.795868342762840371e+02
4.786692459169055383e+02
4.778952520904187509e+02
4.772610078837482206e+02
4.767553232311346392e+02
4.763589010342074630e+02
4.760315749524377793e+02
4.757338040281798044e+02
4.754271590435732264e+02
4.750663558369651014e+02
4.745849654693630555e+02
4.739956175851070270e+02
4.732616970064846669e+02
4.723776533026007201e+02
4.713223492051087078e+02
4.700900652447119228e+02
4.686704181160155827e+02
4.670519479086028127e+02
4.652384161648880081e+02
4.632282453068331165e+02
4.610297071212315814e+02
4.586575866755429729e+02
4.561227930280392684e+02
4.534476516330094000e+02
4.506489463072539934e+02
4.477455106030067782e+02
4.447579077397990659e+02
4.417004329220396244e+02
4.385911334554141945e+02
4.354426610055118658e+02
4.322671644605698020e+02
4.290762922444652645e+02
4.258776044178296161e+02
4.226804620273021555e+02
4.193371730150433905e+02
4.159098824129440573e+02
4.125085172850543245e+02
4.091370183751966465e+02
4.058010186113211830e+02
4.025038154290060675e+02
3.992492577531249367e+02
3.960413044572840136e+02
3.928820684278799149e+02
3.897758053425897629e+02
3.867242987789290396e+02
3.837308079970804329e+02
3.807980835480306609e+02
3.779278222369144942e+02
3.751237103779036488e+02
3.723867898685538194e+02
3.697203500194241315e+02
3.671262280880779372e+02
3.646062501079672415e+02
3.621634525214417977e+02
3.597984967249152533e+02
3.575145112504289386e+02
3.553124584483060175e+02
3.531941406425910941e+02
3.511898858522883984e+02
3.492738522746696503e+02
3.474467852831780306e+02
3.457076523509309709e+02
3.440571832611590821e+02
3.424949505096346911e+02
3.410194632407323070e+02
3.396309254715961856e+02
3.383263831101957066e+02
3.371052434430852145e+02
3.359648053561129473e+02
3.349022886762148801e+02
3.339160040515419041e+02
3.330014966142283583e+02
3.321570603305098643e+02
3.313783622951460757e+02
3.306620244717181549e+02
3.300051020530062829e+02
3.294027038104683243e+02
3.288524615424496460e+02
3.283494159169515569e+02
3.278902831419550807e+02
3.274712773332227584e+02
3.270877160811792805e+02
3.266984026546584801e+02
3.263435281670211907e+02
3.260065098833159709e+02
3.256832291022395225e+02
3.253695673979970593e+02
3.250624683040591663e+02
3.247582147067630558e+02
3.244539583400345464e+02
3.241471556695573781e+02
3.238350405826944325e+02
3.235160450703880315e+02
3.231882640479892643e+02
3.228503238767642642e+02
3.225016037300999869e+02
3.221408436864911096e+02
3.217681962366918356e+02
3.213831875588560933e+02
3.209858301141227912e+02
3.205766328827418192e+02
3.201553629857558008e+02
3.197230037807799476e+02
3.192796601498473592e+02
3.188259563487087007e+02
3.183625563398633176e+02
3.178507255336584194e+02
3.173027546864432793e+02
3.167452234741921870e+02
3.161791246385798217e+02
3.156053158270335075e+02
3.150244069593281324e+02
3.144375796992751475e+02
3.138454013360212116e+02
3.132490622809355045e+02
3.126494951535328255e+02
3.120477087171429957e+02
3.114450690030420787e+02
3.108426747842033251e+02
3.102421502146539183e+02
3.096450281680951662e+02
3.090530490649279045e+02
3.084682415471027639e+02
3.078926642904525579e+02
3.073287499201010746e+02
3.067791105178823159e+02
3.062464336183890623e+02
3.057338952736176338e+02
3.052447052439233630e+02
3.047823122257402702e+02
3.043307544653737295e+02
3.039623902119748209e+02
3.036335760566893782e+02
3.033480653331574217e+02
3.031103857328317872e+02
3.029252648218335366e+02
3.027964910589415126e+02
3.027299181767799041e+02
3.027288290533980444e+02
3.027992307488581787e+02
3.029452980795399526e+02
3.031716364572907310e+02
3.034843216248538624e+02
3.038860166827506646e+02
3.043839106259076175e+02
3.049802758207326292e+02
3.056804709510292355e+02
3.064885411724088726e+02
3.074058326678374442e+02
3.084378993808708742e+02
3.095830352898996694e+02
3.108445550164453266e+02
3.122208111060064084e+02
3.137095627893918390e+02
3.152868363709438313e+02
3.169352016751357155e+02
3.186706975288241210e+02
3.204852070272244191e+02
3.223733519843261774e+02
3.243294866411346788e+02
3.263468796146735258e+02
3.284216305737032258e+02
3.305481774707413933e+02
3.327232268992461854e+02
3.349418738516995973e+02
3.371995831241897008e+02
3.394895987058825426e+02
3.418049887615537727e+02
3.441349231559796067e+02
3.464676987727416986e+02
3.487890125962816796e+02
3.510821977786334855e+02
3.533347123291122784e+02
3.555284422689911707e+02
3.576547003461978420e+02
3.597020727497723556e+02
3.616643871067145142e+02
3.635408400927614139e+02
3.653047027361202481e+02
3.669506778249660215e+02
3.685087936170593252e+02
3.699784785224752000e+02
3.713547727685052564e+02
3.726309227865075968e+02
3.738025975407275041e+02
3.748615159937549492e+02
3.758050774655267787e+02
3.766279935993487129e+02
3.773306984978510741e+02
3.779134721056939838e+02
3.783814756684498093e+02
3.787418763574207787e+02
3.790039135935293757e+02
3.791815144049797368e+02
3.792886385625442927e+02
3.793458134513284676e+02
3.793727397441414269e+02
3.793956108493513284e+02
3.794404096164954581e+02
3.795378494040382407e+02
3.797203295693781229e+02
3.800187724442300237e+02
3.804710926575691587e+02
3.810936524228712301e+02
3.819093340235343135e+02
3.829196603370835419e+02
3.841178362585793025e+02
3.854772889920141665e+02
3.869605674599876011e+02
3.885177222128587005e+02
3.900939568343841870e+02
3.916329934910606312e+02
3.930763538987127959e+02
3.943749240289523073e+02
3.954778909833611920e+02
3.963526585697269979e+02
3.969648873750832081e+02
3.973030117480512331e+02
3.973585761150102940e+02
3.971424539528965738e+02
3.966742666411242908e+02
3.959792044198386520e+02
3.950933116419359976e+02
3.940474867754824118e+02
3.928806009339154457e+02
3.916247409824653687e+02
3.903834896454866907e+02
3.891411471184284210e+02
3.879149940983830902e+02
3.867320774437280875e+02
3.856129460444703341e+02
3.845759760792609541e+02
3.836334513570064928e+02
3.827952852062816191e+02
3.820657876063545473e+02
3.814484006804898399e+02
3.809422442985098201e+02
3.805432344878079221e+02
3.802456764589253453e+02
3.800361126202292894e+02
3.799035982952840982e+02
3.798324706586432171e+02
3.798072839763517550e+02
3.798189310306129869e+02
3.798534591124060853e+02
3.799083494661457507e+02
3.799786957120571174e+02
3.800627791424483348e+02
3.801652359932295440e+02
3.802838464902776536e+02
3.803965854061917184e+02
3.805288013532064042e+02
3.806525727916027790e+02
3.807482469305017503e+02
3.807841495983524851e+02
3.807256866340786132e+02
3.805459616554556419e+02
3.802245236069104521e+02
3.797530643452695358e+02
3.791410628091439889e+02
3.783969541581257090e+02
3.775437508503746358e+02
3.765985200352289439e+02
3.755795440679841022e+02
3.745033881390484112e+02
3.733808373188118139e+02
3.722225022477597918e+02
3.710346243318957136e+02
3.698211297707060794e+02
3.685847060837378990e+02
3.673261964547890557e+02
3.660448774254097088e+02
3.647406368773188206e+02
3.634111756343266393e+02
3.620728633515108186e+02
3.607047871140278517e+02
3.593098558974881485e+02
3.578915164801460946e+02
3.564516777521198492e+02
3.549955824393042576e+02
3.535280307548669043e+02
3.520561410840122107e+02
3.505880937801482560e+02
3.491335447571694885e+02
3.477049475899280537e+02
3.463152634300999466e+02
3.449831205606708409e+02
3.437245452631061085e+02
3.425627060522949705e+02
3.415199907362523390e+02
3.406193564757842864e+02
3.398908700759177464e+02
3.393559499529227992e+02
3.390436516231088717e+02
3.389744308064053371e+02
3.391505588191870970e+02
3.395593465819636663e+02
3.401447568696193571e+02
3.409101190410262916e+02
3.416949183106660826e+02
3.424989849935319626e+02
3.433417831982955590e+02
3.443166508787063549e+02
3.455204450697823972e+02
3.470638601634695419e+02
3.490619751126924371e+02
3.515436233995483803e+02
3.545132397786720730e+02
3.578391834185699167e+02
3.613507007545780993e+02
3.648412016753126181e+02
3.681674554112200326e+02
3.712493059882558555e+02
3.740827951469897243e+02
3.766767891322824653e+02
3.790362476188611822e+02
3.811360963948196172e+02
3.829193533245719436e+02
3.843819007449702667e+02
3.855088889446172402e+02
3.863528915663151793e+02
3.869333925518815818e+02
3.872601695944198354e+02
3.871630542353826172e+02
3.867513882752998029e+02
3.860351728494282497e+02
3.850607640134127791e+02
3.838798480564431088e+02
3.825488698134091692e+02
3.811115988489586925e+02
3.795998507754455318e+02
3.780398182291293665e+02
3.764463717971914321e+02
3.748343091383428600e+02
3.732128336267754776e+02
3.715901899561839627e+02
3.699744273956046641e+02
3.683705806995471335e+02
3.667858773335434535e+02
3.652258054113232788e+02
3.636964471685894296e+02
3.622055061176617983e+02
3.607604579098457975e+02
3.593707924136974725e+02
3.580493187574097647e+02
3.568057784374115045e+02
3.557304478772214793e+02
3.547012226729559643e+02
3.537781859080063782e+02
3.529538443083695824e+02
3.522017986527767448e+02
3.514893291584454005e+02
3.507753039687581804e+02
3.500264109970684103e+02
3.492165724864192953e+02
3.483422603808314193e+02
3.474031577689032133e+02
3.464160747310941133e+02
3.453954591334466500e+02
3.443562125274402206e+02
3.433131703788174036e+02
3.422746050070625756e+02
3.412499011561984616e+02
3.402438555229145436e+02
3.392602477022898029e+02
3.383020909329040933e+02
3.373707437701012282e+02
3.364679452915277693e+02
3.355945497516285627e+02
3.347512798737056983e+02
3.340987291447023040e+02
3.334831092576943661e+02
3.329036851314335195e+02
3.323591327145816763e+02
3.318483087400027784e+02
3.313698979028216627e+02
3.309227137875372478e+02
3.305055655981822724e+02
3.301172777366173818e+02
3.297568868488337444e+02
3.294231066481313519e+02
3.291151137732460938e+02
3.288317041700357208e+02
3.285720034308783397e+02
3.283350393196927257e+02
3.281196576891011887e+02
3.279250053488688650e+02
3.277496810942565162e+02
3.275927064267362994e+02
3.274525764022238832e+02
3.273279541627313165e+02
3.272172177427393649e+02
3.271185546669676683e+02
3.270301772714411186e+02
3.270457958832477061e+02
3.271091468944962912e+02
3.271733343733808965e+02
3.272368999818447151e+02
3.272977639291339642e+02
3.273541920048950828e+02
3.274047040737345355e+02
3.274471808548357217e+02
3.274808606867134699e+02
3.275037379988789894e+02
3.275152154461733289e+02
3.275141906578437556e+02
3.274996936046957217e+02
3.274717295778253288e+02
3.274291256516245880e+02
3.273724237504605981e+02
3.273009390312635105e+02
3.272148484509540936e+02
3.271143486786694439e+02
3.269989720982782728e+02
3.268696176921519623e+02
3.267255037737560315e+02
3.265674182847552061e+02
3.263949362274808550e+02
3.262324462313865752e+02
3.260926763253853551e+02
3.259475659611867968e+02
3.258000861242464339e+02
3.256515280387799862e+02
3.255049240882534605e+02
3.253629976169976317e+02
3.252284453093337220e+02
3.251058480605350383e+02
3.249984655556414168e+02
3.249123873348478924e+02
3.248538393918213387e+02
3.248315812411616434e+02
3.248574029023830576e+02
3.249474216824325481e+02
3.251229636512098295e+02
3.254157989044558121e+02
3.258655240737297163e+02
3.265311095943013697e+02
3.274953555165866987e+02
3.288647098855433910e+02
3.308133360585907212e+02
3.335260142817775773e+02
3.372763750922086956e+02
3.423109126610021349e+02
3.487388292209557221e+02
3.564138101412924016e+02
3.649417840607829362e+02
3.737886882233412962e+02
3.825151254058417862e+02
3.908267329362810187e+02
3.986925157201440015e+02
4.061494961661161369e+02
4.132064568560208500e+02
4.198525281458628342e+02
4.259641263802139406e+02
4.314185025727314837e+02
4.361219236738806444e+02
4.400195676894967960e+02
4.431482470938377674e+02
4.455848575474810787e+02
4.474198646265336379e+02
4.487766913413524890e+02
4.497435756090463315e+02
4.504156036833745134e+02
4.508618358744143393e+02
4.511348806099739477e+02
4.512785383014092417e+02
4.511612255065635395e+02
4.508769893203083257e+02
4.504996567462853818e+02
4.500310309692401347e+02
4.494662172852859499e+02
4.488014929432414419e+02
4.480311935465027773e+02
4.471489943654881927e+02
4.461533301222211207e+02
4.450380761166568391e+02
4.438056450509310480e+02
4.424548694190469860e+02
4.409886210135466058e+02
4.394125261234403297e+02
4.377306641693189135e+02
4.359526491537728248e+02
4.340847511301139434e+02
4.321374716457462455e+02
4.301198949324798946e+02
4.280411278599609659e+02
4.259113108768604548e+02
4.237379731041590958e+02
4.215302682802268350e+02
4.192942226676457835e+02
4.169344805274941450e+02
4.145867577659496419e+02
4.122306282284043277e+02
4.098694374322763565e+02
4.075045927877503686e+02
4.051377724690469790e+02
4.027687817527782954e+02
4.003980028896971248e+02
3.980243185262630732e+02
3.956473848028186922e+02
3.932665189407040316e+02
3.908812141777349893e+02
3.884922192588897474e+02
3.860992610619244942e+02
3.837042968729629138e+02
3.813080271845926745e+02
3.789125469695055699e+02
3.765200188780130475e+02
3.741319843593909695e+02
3.717514715346401317e+02
3.693798700109312563e+02
3.670200211752360815e+02
3.646738848101836652e+02
3.623434962617170640e+02
3.600137737096964656e+02
3.576760766531079980e+02
3.553631531354377557e+02
3.530761532584170936e+02
3.508168386613982648e+02
3.485870263753596419e+02
3.463877821493858846e+02
3.442213599492817480e+02
3.420886196299318271e+02
3.399917086435135047e+02
3.379318837348627085e+02
3.359104700290858432e+02
3.339294681355828516e+02
3.319894673286312923e+02
3.300927180224407493e+02
3.282398830938561218e+02
3.264326116136127212e+02
3.246723164185576138e+02
3.229596204496821201e+02
3.212965390943802504e+02
3.196833043809126593e+02
3.181217135977618682e+02
3.166124964800542330e+02
3.151564128167628382e+02
3.137388594527830037e+02
3.123910104596412225e+02
3.110986909360087225e+02
3.098617066371171518e+02
3.086813739605622118e+02
3.075581160669554492e+02
3.064920733298785080e+02
3.054844742475822841e+02
3.045345808173649402e+02
3.036436505803607133e+02
3.028110353073964234e+02
3.020369098991537840e+02
3.013215114710311013e+02
3.006636003990149106e+02
3.000639678731934623e+02
2.995208236778050832e+02
2.990341839796600993e+02
2.986029063357385098e+02
2.982253721460833731e+02
2.979013097615138577e+02
2.976279653465010711e+02
2.974047090490884671e+02
2.972290559524861919e+02
2.970989889739011574e+02
2.970068520199660611e+02
2.969598071519489508e+02
2.969483333259448727e+02
2.969692718663210371e+02
2.970202211387077114e+02
2.970987613921683987e+02
2.972016352573875224e+02
2.973266834610923866e+02
2.974707585866905788e+02
2.976314464845060570e+02
2.978062335904233464e+02
2.979924829944621933e+02
2.981880779212767720e+02
2.983907279677032420e+02
2.985984093068069569e+02
2.988094337774268183e+02
2.990220395083862286e+02
2.992349608245937702e+02
2.994470584730062797e+02
2.996573317836740671e+02
2.998655011613984129e+02
3.000711107722386828e+02
3.002749016559324104e+02
3.004775400669740293e+02
3.006750569357804466e+02
3.008645916376209470e+02
3.010600313616700987e+02
3.012681162191849467e+02
3.014946711567069997e+02
3.017509636837177709e+02
3.020482115001052534e+02
3.023998822572957010e+02
3.028233757805260211e+02
3.033263587534088401e+02
3.039206641694171367e+02
3.045952525046918140e+02
3.053324275677086916e+02
3.061029071102509533e+02
3.068752853940197838e+02
3.076406567705621455e+02
3.084141698717541544e+02
3.092573805487681398e+02
3.102729088669652810e+02
3.116441014650413877e+02
3.138032464142312392e+02
3.175370802106311316e+02
3.238461972073976654e+02
3.310745252004811050e+02
3.357717911601650940e+02
3.371990065791898132e+02
3.368994516665049446e+02
3.359391087087923324e+02
3.348327310091958680e+02
3.337621795438234358e+02
3.328142486705051510e+02
3.320295394383694543e+02
3.314404456245042070e+02
3.310898379872868986e+02
3.310276963718096681e+02
3.313453760224345501e+02
3.321450146714657308e+02
3.335606934341393526e+02
3.357367480172102887e+02
3.387691556773505681e+02
3.428084231903306431e+02
3.481153897056538540e+02
3.552097060809275035e+02
3.649657290063015012e+02
3.777015759022522730e+02
3.924240100796424144e+02
4.067828105264281930e+02
4.182720164390712512e+02
4.257200769394015651e+02
4.298041086183605444e+02
4.316400034873507821e+02
4.323606907930708871e+02
4.326806806504097835e+02
4.330556822098501470e+02
4.337938358694790395e+02
4.351554487165375349e+02
4.370930552026217697e+02
4.392977764789844741e+02
4.412308118092259406e+02
4.424979630548101568e+02
4.429958818305218529e+02
4.429373154765523282e+02
4.425304687801184969e+02
4.419823001037994459e+02
4.413762055895929279e+02
4.407366176079369211e+02
4.400373825595429480e+02
4.392418490795304251e+02
4.383270382134334113e+02
4.372912132330688451e+02
4.361321707960270828e+02
4.348690753047964677e+02
4.335781169055449027e+02
4.321435861529300269e+02
4.306291969867339731e+02
4.290447874014581657e+02
4.274099805381757733e+02
4.257352108564967352e+02
4.240347736107732430e+02
4.223219148764885063e+02
4.206058919553405531e+02
4.189009359670483263e+02
4.172171753526205293e+02
4.155658420552307462e+02
4.139608033917314174e+02
4.124105639053427126e+02
4.109291853513057617e+02
4.095260898789156840e+02
4.082101510922954049e+02
4.069925873820404263e+02
4.058749026292485951e+02
4.048649417310185186e+02
4.039583679170254413e+02
4.031546702177873840e+02
4.024480197255543317e+02
4.018336946699043892e+02
4.013607297459755614e+02
4.010285545375513721e+02
4.008075900355495378e+02
4.007075094524267911e+02
4.007537485510217721e+02
4.009660778632771212e+02
4.010761797625842178e+02
4.015231756185821723e+02
4.021571135713936087e+02
4.029933457930681584e+02
4.040142235653197531e+02
4.052157761703018082e+02
4.065680446072146310e+02
4.080406448585299017e+02
4.095935721001313254e+02
4.111748577643935505e+02
4.127374630768001111e+02
4.142109832250197883e+02
4.155440741344797289e+02
4.166619481636936939e+02
4.175207575713938013e+02
4.180623619061048544e+02
4.182647239857653858e+02
4.181070985416662324e+02
4.175098576634879350e+02
4.165501390429287767e+02
4.152703039426580176e+02
4.137195290099084559e+02
4.119275966963602400e+02
4.099401362800679749e+02
4.077915210900401917e+02
4.055125739702440910e+02
4.031358905414093670e+02
4.006821716593811402e+02
3.981764163214509153e+02
3.956351009050700327e+02
3.930742707038862704e+02
3.905075916536301293e+02
3.879454110517138474e+02
3.853981373127513734e+02
3.828732566652863056e+02
3.803781247852930960e+02
3.779183370126236241e+02
3.754993962152910285e+02
3.731252883323311949e+02
3.708003164911334579e+02
3.685277299348315978e+02
3.663104546740478895e+02
3.640770897345602179e+02
3.618434239963884238e+02
3.596814504360210663e+02
3.575925504672584339e+02
3.555792180132908697e+02
3.536432644292377745e+02
3.517856647791764431e+02
3.500088100666897049e+02
3.483126744801546124e+02
3.466992726534107305e+02
3.451687530287140930e+02
3.437215425190448741e+02
3.423585900529562878e+02
3.410786361312981398e+02
3.398827960354666970e+02
3.387693701336055483e+02
3.377380619399255579e+02
3.367878654969348418e+02
3.359164153573389058e+02
3.351232646741391932e+02
3.344048657274464063e+02
3.337597979904371641e+02
3.331849163113135432e+02
3.326765760516756814e+02
3.322032159940719112e+02
3.317931817784739223e+02
3.314426037936083276e+02
3.311455692581907897e+02
3.308969001446419611e+02
3.306918770060371457e+02
3.305236075187451661e+02
3.303877785207686202e+02
3.302775814680040298e+02
3.301875290822529792e+02
3.301124745587251255e+02
3.300460278532798952e+02
3.299840848443180334e+02
3.299210153951927964e+02
3.298525375685195513e+02
3.297749363430980907e+02
3.296840180302756949e+02
3.295773690680239270e+02
3.294521633274953842e+02
3.293062849018503471e+02
3.291386786095885100e+02
3.289479106642160673e+02
3.287338021734275344e+02
3.284962984643690902e+02
3.282175295078538397e+02
3.279132903639300594e+02
3.275861766513703515e+02
3.272377156766977464e+02
3.268695096076118034e+02
3.264829502392164500e+02
3.260802015468852346e+02
3.256627393138507500e+02
3.252325515814094388e+02
3.247914140117952684e+02
3.243408394238658161e+02
3.238826195558619361e+02
3.234180172822930786e+02
3.229483895626998446e+02
3.224748979055997324e+02
3.219983541235077382e+02
3.215196577493392738e+02
3.210392810493995626e+02
3.205576535820952699e+02
3.200750262815552674e+02
3.195914056286263190e+02
3.191067889625888938e+02
3.186209354599486687e+02
3.181336400411109935e+02
3.176403713869998455e+02
3.171170134137179275e+02
3.165932834523289330e+02
3.160694156768719836e+02
3.155460090829468527e+02
3.150238256357740170e+02
3.145043250752690938e+02
3.139891790656857893e+02
3.134809170480381226e+02
3.129826624408585758e+02
3.124982699800023056e+02
3.120328134507162758e+02
3.115923285491907109e+02
3.111850702017485446e+02
3.108233293568134172e+02
3.105306516491025377e+02
3.103681990553193941e+02
3.104974996033424191e+02
3.114118889172006561e+02
3.140153155919364849e+02
3.191750586477713227e+02
3.273942278726321433e+02
3.426233067926821150e+02
3.696425358013360665e+02
4.021604591126376818e+02
4.384166793309273089e+02
4.868741783054447865e+02
5.377394727719542971e+02
5.725910098306286500e+02
5.873357422975220743e+02
5.912882770001140216e+02
5.910128375222197974e+02
5.889947831555541597e+02
5.860472266042718275e+02
5.826065853903069183e+02
5.789422762331500962e+02
5.751672813079179605e+02
5.713099940123844362e+02
5.673628763858025650e+02
5.633217060375021674e+02
5.591848860671848342e+02
5.549787544201204810e+02
5.507205411679785811e+02
5.464408477536560440e+02
5.421605370427810158e+02
5.378971081662571123e+02
5.336667587022435555e+02
5.294761111731320398e+02
5.251639454217983030e+02
5.208213690321899776e+02
5.165337945063829466e+02
5.123016533749082555e+02
5.081240342146855937e+02
5.039999256486575518e+02
4.999266458829648627e+02
4.959024256069295689e+02
4.919238461728148764e+02
4.879891417399529701e+02
4.840948330921569323e+02
4.802392332958162910e+02
4.764202501187759822e+02
4.726358359825971434e+02
4.688863036436968059e+02
4.651697281128980421e+02
4.614879150957351044e+02
4.578408068506175823e+02
4.542298949128763184e+02
4.506580854729615453e+02
4.471260422143051869e+02
4.436381502689063723e+02
4.401956272018275627e+02
4.368017566804647345e+02
4.334763550420979641e+02
4.301978502968343605e+02
4.269893831757704561e+02
4.238515440505870515e+02
4.207871249106597134e+02
4.177973819531503636e+02
4.148827740125918240e+02
4.120451043446320227e+02
4.092832209661745537e+02
4.065980067005757519e+02
4.039881990538967784e+02
4.014527080809149879e+02
3.989911759173917858e+02
3.966011608140353815e+02
3.942830945588701184e+02
3.920352037904391409e+02
3.898577806583827510e+02
3.877511796733842289e+02
3.857151628512738739e+02
3.837516962921691857e+02
3.818606071696314643e+02
3.800431669880022127e+02
3.782998631982464417e+02
3.766297371471705446e+02
3.751552653196247888e+02
3.738005169301756609e+02
3.725239543041740831e+02
3.713253514073367683e+02
3.702067244836372879e+02
3.691762364498162583e+02
3.682453899108415385e+02
3.674397977680491181e+02
3.667873795876830059e+02
3.663359542795456605e+02
3.661318503735207059e+02
3.662258032095793396e+02
3.666584533032091713e+02
3.674266334317060796e+02
3.685020191199288320e+02
3.697855010347842608e+02
3.711552940037600479e+02
3.724803552275787411e+02
3.736537852477227943e+02
3.746039382176730896e+02
3.753123589539428053e+02
3.757804059180051013e+02
3.760271459615205458e+02
3.760800910070828422e+02
3.759676177297361619e+02
3.756263883060788658e+02
3.751176440452368297e+02
3.744531782404598630e+02
3.736440850354228473e+02
3.726984447772153430e+02
3.716343840203049353e+02
3.704586633557718187e+02
3.691875402812259495e+02
3.678260373460505548e+02
3.663848870824541564e+02
3.648710066810760964e+02
3.632913302536160245e+02
3.616563844187610357e+02
3.599719848958972648e+02
3.582510492478473907e+02
3.565004665233383321e+02
3.547317441814133758e+02
3.529527903450942290e+02
3.511726492398262280e+02
3.493995984571830604e+02
3.476404439278989571e+02
3.459033035732699659e+02
3.441935653868962959e+02
3.425212587464150147e+02
3.408669699501645027e+02
3.392606598252865524e+02
3.377070923378964835e+02
3.362117395621623359e+02
3.347804106896365397e+02
3.334176311302506974e+02
3.321305804723308484e+02
3.309235581718978096e+02
3.298042637461571189e+02
3.287780582779172960e+02
3.278515063385898998e+02
3.270323030545628740e+02
3.263253721350781120e+02
3.257399620069248840e+02
3.252805520241831800e+02
3.249549773430173900e+02
3.247691340880092525e+02
3.247269129377713170e+02
3.248352201179356484e+02
3.250941667339283185e+02
3.255076006560281598e+02
3.260741502060333801e+02
3.267905593976544196e+02
3.276378630918123918e+02
3.285989268903724678e+02
3.296918465479998304e+02
3.309028867211400211e+02
3.322156810033896477e+02
3.336147600637246455e+02
3.350790567021140873e+02
3.365896298655280248e+02
3.381264188974944886e+02
3.396677592414065998e+02
3.411966553025420126e+02
3.426933549357313495e+02
3.441425401233885850e+02
3.455308796875950748e+02
3.468453567969384608e+02
3.480788060413188987e+02
3.492235085757119464e+02
3.502755001185080914e+02
3.512336698403614719e+02
3.520967354441848443e+02
3.528676639376489561e+02
3.535487905597887561e+02
3.541440619021411749e+02
3.546592200831482273e+02
3.550879906871584808e+02
3.554271285305368338e+02
3.557040276805275880e+02
3.559248721256531667e+02
3.560960620652527382e+02
3.562226637303760413e+02
3.563109767618931301e+02
3.563656059449585314e+02
3.563916428228765767e+02
3.563936041355867133e+02
3.563753127133060161e+02
3.563409652582216722e+02
3.562936330678713830e+02
3.562366785554199851e+02
3.561728947093099578e+02
3.561047526859907180e+02
3.560348501936070420e+02
3.559651422094009945e+02
3.558977834262338433e+02
3.558345952503702279e+02
3.557772406590485730e+02
3.557275299168465494e+02
3.556868737738880100e+02
3.556569009622876933e+02
3.556261425827781295e+02
3.555929595551794478e+02
3.555740479072389917e+02
3.555702859099573061e+02
3.555830345733015747e+02
3.556133192891827548e+02
3.556622070933511850e+02
3.557310453700060862e+02
3.558205990646612804e+02
3.559323362653282175e+02
3.560670786910832248e+02
3.562260376724812545e+02
3.564104346537220636e+02
3.566211050709795245e+02
3.568596924329585249e+02
3.571270210869513448e+02
3.574248869827760586e+02
3.577547354661834333e+02
3.581183168863155402e+02
3.585182222266416829e+02
3.589564703719379395e+02
3.594370148616939105e+02
3.599630858304357162e+02
3.605399866861118312e+02
3.611332669338100345e+02
3.617825139902168985e+02
3.625015277837549661e+02
3.633000037247380192e+02
3.641944088522038214e+02
3.652011896534013999e+02
3.663437087232479712e+02
3.676509593043431323e+02
3.691530289885408820e+02
3.708943332387696614e+02
3.729103165484540341e+02
3.752476828677243930e+02
3.779390669277331654e+02
3.809994483195563930e+02
3.844303990916060911e+02
3.881864238261862283e+02
3.921986016680623379e+02
3.963743591927541843e+02
4.005908379008179736e+02
4.047407820547114738e+02
4.087226008203513175e+02
4.124371024349792947e+02
4.158358364332560768e+02
4.188560450004559357e+02
4.213305345720680748e+02
4.233403732046863297e+02
4.248865935923724919e+02
4.259876829748010891e+02
4.266588199124346374e+02
4.269228584441694920e+02
4.268244693166882939e+02
4.263949122835122694e+02
4.256813775095658343e+02
4.247242734710962395e+02
4.235577125252956989e+02
4.222200228601604977e+02
4.207349321291840738e+02
4.191280648807045282e+02
4.174186377179476608e+02
4.156218331669590498e+02
4.137551629637602559e+02
4.118312378340203281e+02
4.098645371728677560e+02
4.078678852312484651e+02
4.058520331356242536e+02
4.038281640730052118e+02
4.018042014663817554e+02
3.997878079776793356e+02
3.978245855934000019e+02
3.958802822710750320e+02
3.939621334902180934e+02
3.920713490403686023e+02
3.902098572460071182e+02
3.883792310347881198e+02
3.865814504156181783e+02
3.848194557758712904e+02
3.830964526995950905e+02
3.814182725915755441e+02
3.797913029798703519e+02
3.782268884473585331e+02
3.767381724466667947e+02
3.753449528795446213e+02
3.740737309490695566e+02
3.729550350790577227e+02
3.720341021712661131e+02
3.713508608947127527e+02
3.709581340426877887e+02
3.708949845612640956e+02
3.711885494816464188e+02
3.718591024826009743e+02
3.729017490546758040e+02
3.743136118051227754e+02
3.760617945126134600e+02
3.781375968539446148e+02
3.805740854365086534e+02
3.833692096468826662e+02
3.865248545517866319e+02
3.900653069309167336e+02
3.940508800002368730e+02
3.986210874622726692e+02
4.039672287763572172e+02
4.104187925958465826e+02
4.183121930499293626e+02
4.280336340310514061e+02
4.396361018127222451e+02
4.524647983586603459e+02
4.651879166792078877e+02
4.766460647961989139e+02
4.863211527264438132e+02
4.943508117582900923e+02
5.007699810721161953e+02
5.055926654013846928e+02
5.090627187884059026e+02
5.115186383238306576e+02
5.134183255037509070e+02
5.151130391896472247e+02
5.166329129460131071e+02
5.182756621210816093e+02
5.197943162846856922e+02
5.209578477656393716e+02
5.215897651282303968e+02
5.216032960919156949e+02
5.210247935821711280e+02
5.198713183775761308e+02
5.181889254282313004e+02
5.160467863364600589e+02
5.135050505121685092e+02
5.106474569695349714e+02
5.075318343069933462e+02
5.042106344104020650e+02
5.007297229151638476e+02
4.971209176435515360e+02
4.934185969774682690e+02
4.896471815874819526e+02
4.858283488928380507e+02
4.819809908193333854e+02
4.781178444229776687e+02
4.742517243274539851e+02
4.703909239125014778e+02
4.665426977295260258e+02
4.627027470756166281e+02
4.589446210871500966e+02
4.552168867711777693e+02
4.515207269082335984e+02
4.478584053301922836e+02
4.442315523780664535e+02
4.406409890053709546e+02
4.370889012051118243e+02
4.335755341726020333e+02
4.301029887638673017e+02
4.266720677819790239e+02
4.232840135155647090e+02
4.199409209645781402e+02
4.166434349537716457e+02
4.133947756059048970e+02
4.101960263309948118e+02
4.070505481917897441e+02
4.039614064329628036e+02
4.009317392054842344e+02
3.979674720155103387e+02
3.950723541110792212e+02
3.922550774800175759e+02
3.895225335523767853e+02
3.868852749426910691e+02
3.843524934308617276e+02
3.818933252605784787e+02
3.795745619668688278e+02
3.774123101498555002e+02
3.754362543450310454e+02
3.736736489422022487e+02
3.721521607293817624e+02
3.709083691572965904e+02
3.699504125743359850e+02
3.692923254143345275e+02
3.689026819651360256e+02
3.687345695145551190e+02
3.687144357849946346e+02
3.687634185867898395e+02
3.688090919358989481e+02
3.688113891394115740e+02
3.687534881170763583e+02
3.686386411260584737e+02
3.684934227518588159e+02
3.683370773038735138e+02
3.682010472542452248e+02
3.681057028658906916e+02
3.680625060204121723e+02
3.680799699607081834e+02
3.680706654186755031e+02
3.680644823110381481e+02
3.680792460890037319e+02
3.680992323253875043e+02
3.681041854843536498e+02
3.680809883756922432e+02
3.680185727728005531e+02
3.679088753063807076e+02
3.677545710843951952e+02
3.675533050502554602e+02
3.673164427704706441e+02
3.670509526532929954e+02
3.667687222129800944e+02
3.664851103762899811e+02
3.662129685561656629e+02
3.659727853785580010e+02
3.657835040945873857e+02
3.656678929267028479e+02
3.656540291422323889e+02
3.657683162509267731e+02
3.660398975652539661e+02
3.664920152904885526e+02
3.671288370080004029e+02
3.679362498353534647e+02
3.687650166873115722e+02
3.697563642330386529e+02
3.707247815771744968e+02
3.716157105431712466e+02
3.723960594538032751e+02
3.730805760217279499e+02
3.736811220270284366e+02
3.742311793864023457e+02
3.747534594613916283e+02
3.752692563276794431e+02
3.757933764063059812e+02
3.763323361546541719e+02
3.768907724732183624e+02
3.774659025961987027e+02
3.780564155539652802e+02
3.786553763217195296e+02
3.792590076628782754e+02
3.798615352260998179e+02
3.804585276749205036e+02
3.810464124145233882e+02
3.816208380734709635e+02
3.821781128118979041e+02
3.827134636968277732e+02
3.832214639233268940e+02
3.835541187482256191e+02
3.837896134719721886e+02
3.839669651080278641e+02
3.840787868132425729e+02
3.841184084186992891e+02
3.840790482585435370e+02
3.839578348323529440e+02
3.837508051413702788e+02
3.834568365355010542e+02
3.830741800593141875e+02
3.826018179980159744e+02
3.820400508792129699e+02
3.813868659483717920e+02
3.806442728905905142e+02
3.798108405902106028e+02
3.788897692166997331e+02
3.778840051263871942e+02
3.767967364965656998e+02
3.756367739629836819e+02
3.744087272361701935e+02
3.731237109391061040e+02
3.717901356648904994e+02
3.704174021554871956e+02
3.690164909582421160e+02
3.675487405012694921e+02
3.661042620965105243e+02
3.646610529135056140e+02
3.632253847480816376e+02
3.618032058205666885e+02
3.603984149594240307e+02
3.590151710420979043e+02
3.576564620140097190e+02
3.563241477688344503e+02
3.550203994843973874e+02
3.537457939266967060e+02
3.525009207350782390e+02
3.512861713251536457e+02
3.501006118543785419e+02
3.489443722723286214e+02
3.478159870449759978e+02
3.467145544132331452e+02
3.456390101935595567e+02
3.445876222784433480e+02
3.435594023927596936e+02
3.425526541917065515e+02
3.415659880429519148e+02
3.405983838204556946e+02
3.396481943382159443e+02
3.387051324040909890e+02
3.377634855413973014e+02
3.368387938082931896e+02
3.359307840267355232e+02
3.350390670810142524e+02
3.341645906190160531e+02
3.333091175295602966e+02
3.324758839635180721e+02
3.316733974701339775e+02
3.309131240203390121e+02
3.302192721471205346e+02
3.296252997705307735e+02
3.291672483735305832e+02
3.288655432997098274e+02
3.286426952138136812e+02
3.283436242354891874e+02
3.278209368724565707e+02
3.270549875355388281e+02
3.261198246038397315e+02
3.251028384098901824e+02
3.240583325530039929e+02
3.230187504431612524e+02
3.219996335070816826e+02
3.210120113200797505e+02
3.204151188090119717e+02
3.199874663934664341e+02
3.196447702658428511e+02
3.194201193452341840e+02
3.193750330754668312e+02
3.195952413047326104e+02
3.199460140122242251e+02
3.205822343440265740e+02
3.219948480607153556e+02
3.242037658830942632e+02
3.271127589725367102e+02
3.303449647420943052e+02
3.333843836035766230e+02
3.359024737320957001e+02
3.378579424600086440e+02
3.393861353264707077e+02
3.405934797608613280e+02
3.415948984282676406e+02
3.424450728554164698e+02
3.432013945455126418e+02
3.439158965886042552e+02
3.446630128655210115e+02
3.455186200914470760e+02
3.465812404435009739e+02
3.480325607364353004e+02
3.498030461634405128e+02
3.519306772190005290e+02
3.543329484520994583e+02
3.568796023010377212e+02
3.593976455118600484e+02
3.617350654502553198e+02
3.637721244602190040e+02
3.654736294742482983e+02
3.668187712855979612e+02
3.678369791158212365e+02
3.685542100044304448e+02
3.690076739885340658e+02
3.692388379456842245e+02
3.692809188017239990e+02
3.691708200076141679e+02
3.689362337626232033e+02
3.686027635194607228e+02
3.681913695758580047e+02
3.677177442220842067e+02
3.671964325305788179e+02
3.666382543995633227e+02
3.660534444694183662e+02
3.654495408101034855e+02
3.647386239057898365e+02
3.640075558698174518e+02
3.632637869627988607e+02
3.625062949927349223e+02
3.617375923752898075e+02
3.609576428075149011e+02
3.601690569222801059e+02
3.593757233658097903e+02
3.585807656135140178e+02
3.577895239320478709e+02
3.570060083577387786e+02
3.562335810575101505e+02
3.554772896100719208e+02
3.547386531541379213e+02
3.540220716783668422e+02
3.533302775307200250e+02
3.526664804098196555e+02
3.520367658570162348e+02
3.514452343054121002e+02
3.509005420347700692e+02
3.504086077947273452e+02
3.499790747647309672e+02
3.496193975401420744e+02
3.493372544270253002e+02
3.491565028190532303e+02
3.490689285401153938e+02
3.490750162189865478e+02
3.491708935696477738e+02
3.493521730719895118e+02
3.496098324499752152e+02
3.499319302988949971e+02
3.503062563626293695e+02
3.507168132330289723e+02
3.511514294891200620e+02
3.515941505629543826e+02
3.520347293121170082e+02
3.524617993969804957e+02
3.528671267786959902e+02
3.532455986297547952e+02
3.535910152495623038e+02
3.539017540647765827e+02
3.541750534548104383e+02
3.544106627949510653e+02
3.546085761543343438e+02
3.547688687930601077e+02
3.548921000668034935e+02
3.549791985784048052e+02
3.550308166479989040e+02
3.550604122417961435e+02
3.550979331806635173e+02
3.550946823989498853e+02
3.550525896505930632e+02
3.549721211684085915e+02
3.548550036347690479e+02
3.547027431587337105e+02
3.545161328113844661e+02
3.542977231926010973e+02
3.540482613572185642e+02
3.537700507914136665e+02
3.534647973622680865e+02
3.531338735923177410e+02
3.527798635327623060e+02
3.524036946682454072e+02
3.520077890295051475e+02
3.515935840441080131e+02
3.511624945106991049e+02
3.507166094231106399e+02
3.502566566408657991e+02
3.497846230936886514e+02
3.493014190152538845e+02
3.488082373150073181e+02
3.483064194090277397e+02
3.477918110077600886e+02
3.472724426123770058e+02
3.467458897180460440e+02
3.462132312124750229e+02
3.456755143928695588e+02
3.451332939532704245e+02
3.445876424528514121e+02
3.440390723779140671e+02
3.434883162577485791e+02
3.429360040410931560e+02
3.423825464397307314e+02
3.418285514373868068e+02
3.412744007094790391e+02
3.407205002684065676e+02
3.401672797579614667e+02
3.396149784752734035e+02
3.390639666710559936e+02
3.385144881979250044e+02
3.379667699048127929e+02
3.374211253994783988e+02
3.368776780364224237e+02
3.363367141320615588e+02
3.357983872976896578e+02
3.352628818727098974e+02
3.347160810634141512e+02
3.341457679686398592e+02
3.335775204082683558e+02
3.330114718594080614e+02
3.324478819606989077e+02
3.318869891191994839e+02
3.313289652149730387e+02
3.307741459756724112e+02
3.302226610169467449e+02
3.296748664013974803e+02
3.291309601644511531e+02
3.285911889734057922e+02
3.280559041968324436e+02
3.275252282840081079e+02
3.269995759402675048e+02
3.264790793766255774e+02
3.259640055557269420e+02
3.254546516690238036e+02
3.249510823531334154e+02
3.244536422241559990e+02
3.239623175177673602e+02
3.234772849221212141e+02
3.229986147711770741e+02
3.225262056353232651e+02
3.220658388127438343e+02
3.215896820201081141e+02
3.211191288026714687e+02
3.206538330317761165e+02
3.201933688241533673e+02
3.197373333715247554e+02
3.192851668699131551e+02
3.188362608836195591e+02
3.183900735273711575e+02
3.179458962568125457e+02
3.175031553942638425e+02
3.170612745791645466e+02
3.166196180825671149e+02
3.161778709165801615e+02
3.157355780530148763e+02
3.152926134256746309e+02
3.148490289747793440e+02
3.144048471686918447e+02
3.139607526113879317e+02
3.135171952294787729e+02
3.130752182557473020e+02
3.126360636076926198e+02
3.122010023150226061e+02
3.117720566196735490e+02
3.113382852683031956e+02
3.108925059319223578e+02
3.104614556555564491e+02
3.100474404801404944e+02
3.096534243081488853e+02
3.092819621193357875e+02
3.089355642807901745e+02
3.086171506668870848e+02
3.083285565800964036e+02
3.080723224483829767e+02
3.078502670318631544e+02
3.076636690994787955e+02
3.075144771517313416e+02
3.074027002206154862e+02
3.073295423215387245e+02
3.072948531766514293e+02
3.072981845429418399e+02
3.073397199692136041e+02
3.074175943715923722e+02
3.075317158134679971e+02
3.076800846624649353e+02
3.078616777467985912e+02
3.080751979253146828e+02
3.083187775102825299e+02
3.085899065474059171e+02
3.088981046220575877e+02
3.092312549682260965e+02
3.095885450342553327e+02
3.099707115603096099e+02
3.103783439925643961e+02
3.108125853199627500e+02
3.112759636471285489e+02
3.117696590883440990e+02
3.122976305719790844e+02
3.128616846253607378e+02
3.134660517091128327e+02
3.141139393426612401e+02
3.148085030991747431e+02
3.155539738384841257e+02
3.163518888049068778e+02
3.172058331036575396e+02
3.181157053844755183e+02
3.190818404346777584e+02
3.201021003775551890e+02
3.211724007741399305e+02
3.222873038768453284e+02
3.234386168246989541e+02
3.246170542548570666e+02
3.258116600977463122e+02
3.269994699808175369e+02
3.281687252618349362e+02
3.293069750762458625e+02
3.303973005518538457e+02
3.314264759358291030e+02
3.323796703471520573e+02
3.332428019862865654e+02
3.340064347852294873e+02
3.346574647493538350e+02
3.351913426747747167e+02
3.356006906072251468e+02
3.358832846017125462e+02
3.360400806131295326e+02
3.360708726121712289e+02
3.359821790855048107e+02
3.357779993595951282e+02
3.354664301295609334e+02
3.350563183006242411e+02
3.345557269251039543e+02
3.339752511263918109e+02
3.333237339875589100e+02
3.326107905772254867e+02
3.318461483199640156e+02
3.310248779634155767e+02
3.301564252161056743e+02
3.292624266446700858e+02
3.283498821914664063e+02
3.274257384987315618e+02
3.264954250531341131e+02
3.255640124893083680e+02
3.246362665526721116e+02
3.237153022902973589e+02
3.228050115886263711e+02
3.219075923934219077e+02
3.210253276721425664e+02
3.201603634176552760e+02
3.193134944687531629e+02
3.184865944424465170e+02
3.176799392176271795e+02
3.168943632951770155e+02
3.161306016074032073e+02
3.153883923680892849e+02
3.146687879007642437e+02
3.139714997781048851e+02
3.132970535490991324e+02
3.126462291016349582e+02
3.120188054627991505e+02
3.114294098764366368e+02
3.108699547703697021e+02
3.103358667074912773e+02
3.098296140608948122e+02
3.093524826820246858e+02
3.089085331914876633e+02
3.084999312349784759e+02
3.081306562746486293e+02
3.078050955154505459e+02
3.075258156191577541e+02
3.072988350946827154e+02
3.071254983268148067e+02
3.070100268165149373e+02
3.069546296551898763e+02
3.069605919334895816e+02
3.070327529269857791e+02
3.071724412126166612e+02
3.073893671504886811e+02
3.076911184005383575e+02
3.080930470384698765e+02
3.086110950918890126e+02
3.092601973201175269e+02
3.100576552083887236e+02
3.110072508176730253e+02
3.121096470128701981e+02
3.133673361028918407e+02
3.147968429476492247e+02
3.164222862786680253e+02
3.183168534218427226e+02
3.205685529804532621e+02
3.233209421241599557e+02
3.267270245524409233e+02
3.309170808565837092e+02
3.359905676756121125e+02
3.419111936777060237e+02
3.485649757401560578e+02
3.558201263668159413e+02
3.635163442914462166e+02
3.715908152835814917e+02
3.799166251427291741e+02
3.882933939229046132e+02
3.964680403988263038e+02
4.041250060469545247e+02
4.109967839981318889e+02
4.169573353950451065e+02
4.219600882703700790e+02
4.260753572284537540e+02
4.294281728140502992e+02
4.321937132317686974e+02
4.345159778376344661e+02
4.364276105079407557e+02
4.380277140898691073e+02
4.393892942592857480e+02
4.405686391184705144e+02
4.416224055023166670e+02
4.425894970658353031e+02
4.435156474286344519e+02
4.444420590811214993e+02
4.454076063556854592e+02
4.464602321174353960e+02
4.476370168282409736e+02
4.489800524930492998e+02
4.505230750562719777e+02
4.522813661733906656e+02
4.542630716089274756e+02
4.564445297623854003e+02
4.587843650731802541e+02
4.612259311730114177e+02
4.636987787747486323e+02
4.661314196549537314e+02
4.684745406168268005e+02
4.706731612489101622e+02
4.727265816345025087e+02
4.746938408746725031e+02
4.764647971495280103e+02
4.780398813550166892e+02
4.794019276883641965e+02
4.805499791414799802e+02
4.814710976689814288e+02
4.821532862941119788e+02
4.825957051832195361e+02
4.827924729876788774e+02
4.827507576305918064e+02
4.824866115715279307e+02
4.820149938164314563e+02
4.813716032313266737e+02
4.805919216012987363e+02
4.797297282106191574e+02
4.788738653509262235e+02
4.781480209492354447e+02
4.777902657829603754e+02
4.781594401792393114e+02
4.797675376347918359e+02
4.832765755636514768e+02
4.890440757235889464e+02
4.969922144911249120e+02
5.062704764157682575e+02
5.158278361752257979e+02
5.241117737576154241e+02
5.300913230083662029e+02
5.334133365062704115e+02
5.345743433296344165e+02
5.343145672010293765e+02
5.333296462353156357e+02
5.322396611617446069e+02
5.314886517823460963e+02
5.313957720731930294e+02
5.319258107808369687e+02
5.327617510277046904e+02
5.334744089661270436e+02
5.338613459288990271e+02
5.339841686851609666e+02
5.339100275158260729e+02
5.335762375086002294e+02
5.328944968238586171e+02
5.318118150330293474e+02
5.303689850796482688e+02
5.286526024622031628e+02
5.267121345584316714e+02
5.246106889784551868e+02
5.222747894803630970e+02
5.199021938565317669e+02
5.175795585568965862e+02
5.153569051875477953e+02
5.132969497611879888e+02
5.114481108718339897e+02
5.098592300627692566e+02
5.085676296453775080e+02
5.075902518484963366e+02
5.069424089765463464e+02
5.066178024197843115e+02
5.066191561941037662e+02
5.069518155814372449e+02
5.076093774051409468e+02
5.086111250745572647e+02
5.099423073666843038e+02
5.115928110037634724e+02
5.135273613954738039e+02
5.156654335636859514e+02
5.179207216231175153e+02
5.201666273456639829e+02
5.222679695703171774e+02
5.241168237155916358e+02
5.256097973963305776e+02
5.265958417354682979e+02
5.271542980513768271e+02
5.272412464043719638e+02
5.269137538570696506e+02
5.262172015290087757e+02
5.252069179360862563e+02
5.239392564962194001e+02
5.224492038901232718e+02
5.207777822796365399e+02
5.189484294110426390e+02
5.169804959845178018e+02
5.148916845360346315e+02
5.126894473702940331e+02
5.103845597403715715e+02
5.079782513346348765e+02
5.054744791796102845e+02
5.028723562579975237e+02
5.001688558577230310e+02
4.973646705343413146e+02
4.944541973798841354e+02
4.914389938914893037e+02
4.883177887042895691e+02
4.850910858766674778e+02
4.817651649493994341e+02
4.782711723826176922e+02
4.745706709274763853e+02
4.708060784182803786e+02
4.669889798449791556e+02
4.631359113219338042e+02
4.592587153741156385e+02
4.553726086685218206e+02
4.514904505626992091e+02
4.476227887078056256e+02
4.437813532000085388e+02
4.399732344377396203e+02
4.362060796186760285e+02
4.324852558325667928e+02
4.288140183542187742e+02
4.251964136337458626e+02
4.216333462347529917e+02
4.181270020914841439e+02
4.146783702159758036e+02
4.112878023031232715e+02
4.079573487493973403e+02
4.046867227998254748e+02
4.014779927457439044e+02
3.983316790340529678e+02
3.952485266871083240e+02
3.924121939797218488e+02
3.896473929039030395e+02
3.869526799705606663e+02
3.843256616509933679e+02
3.817651964260720661e+02
3.792700891340670069e+02
3.768382786380957441e+02
3.744699065995026217e+02
3.721628980550563597e+02
3.699176933199793211e+02
3.677336925050229297e+02
3.656105886760072963e+02
3.635496338769730187e+02
3.615501418287786919e+02
3.596141435860744764e+02
3.577420576320307646e+02
3.559351091273228462e+02
3.541955823403606018e+02
3.525237018097120654e+02
3.509226756090343429e+02
3.493928333229677037e+02
3.479358184762718338e+02
3.465531582927530394e+02
3.452435959037736097e+02
3.440882753821435927e+02
3.429785406278385835e+02
3.419313630918970830e+02
3.409420121205869805e+02
3.400040902500829247e+02
3.391127983462353654e+02
3.382605131790061250e+02
3.374427383950824151e+02
3.366542686361918300e+02
3.358928043697986823e+02
3.351582040066980994e+02
3.344534669027711971e+02
3.337853106150430449e+02
3.331666144797090965e+02
3.326190810579507229e+02
3.321745128306054653e+02
3.318924302071957300e+02
3.318489606329885646e+02
3.321759112144331993e+02
3.330260892160346771e+02
3.345561002284458709e+02
3.368696518057876688e+02
3.398652073183496896e+02
3.433107561686274494e+02
3.469487200297973004e+02
3.507397985856759419e+02
3.547667152538690516e+02
3.592602265751080495e+02
3.644433663237936116e+02
3.702839785058268944e+02
3.764720776383622365e+02
3.825512655521212650e+02
3.881485254051995639e+02
3.930064571193286156e+02
3.970937203533928823e+02
4.004618171437437013e+02
4.032463432079958352e+02
4.056192211552120170e+02
4.077306955915124149e+02
4.097238870913938058e+02
4.116982176258210302e+02
4.137256932367025115e+02
4.158209581479102326e+02
4.179715397936137720e+02
4.201232396875421387e+02
4.222054993260947526e+02
4.241513551382040532e+02
4.258990927920967806e+02
4.272034938387158718e+02
4.282151030673265950e+02
4.289474065810238130e+02
4.294404694929288553e+02
4.297207768366571941e+02
4.298308732321695516e+02
4.298061479523703383e+02
4.296722777727409266e+02
4.294568382263023523e+02
4.291748161548479175e+02
4.288404356597753804e+02
4.284658479624550296e+02
4.280597723690061684e+02
4.276311658554768087e+02
4.271902721673062615e+02
4.267412175119589506e+02
4.262935283558485366e+02
4.258483076383502635e+02
4.254081887150500165e+02
4.249726760596279291e+02
4.245362917628905848e+02
4.240972269338151932e+02
4.236477034331008440e+02
4.231864842502253055e+02
4.225759921773833980e+02
4.218890161050364327e+02
4.212159226862229389e+02
4.205518591272054323e+02
4.198958492791090293e+02
4.192437959967041365e+02
4.185930912817628951e+02
4.179414435971407897e+02
4.172849622208279925e+02
4.166220306143001153e+02
4.159492685335996498e+02
4.152647382215869811e+02
4.145665108154970540e+02
4.138525598542810826e+02
4.131219727950411880e+02
4.125940866184972720e+02
4.121081719345010015e+02
4.113361083221749368e+02
4.105464845371726028e+02
4.097399510957133089e+02
4.089178499827257269e+02
4.080815301593815434e+02
4.072332245525040548e+02
4.063749761056304806e+02
4.055037481178976009e+02
4.045817524614012655e+02
4.036587358908965939e+02
4.027371576547122345e+02
4.018188334511116295e+02
4.009060688384307696e+02
4.000004936342364772e+02
3.991039300014724631e+02
3.982177038637121314e+02
3.973431068522334044e+02
3.964810303603227339e+02
3.956321363598152061e+02
3.947972379405245533e+02
3.939763278631849630e+02
3.931704088754731856e+02
3.923791807557951188e+02
3.916036533484443112e+02
3.908441333581735648e+02
3.901011342125705141e+02
3.893762224161941390e+02
3.886694167523357351e+02
3.879830015160146104e+02
3.873174088849372652e+02
3.866745363877405453e+02
3.860601083121596275e+02
3.854317057885434679e+02
3.848286809458418816e+02
3.842513564859044095e+02
3.837020825848696859e+02
3.831822209542649489e+02
3.826924752500187878e+02
3.822350248196825078e+02
3.818093034168272197e+02
3.814166924305698103e+02
3.810565403838348288e+02
3.807286195624994889e+02
3.804322427157816833e+02
3.801659256744669051e+02
3.799287440974098899e+02
3.797191854573817409e+02
3.795369091901868046e+02
3.793803250122198847e+02
3.792508375882298424e+02
3.791474292078859207e+02
3.790723763045808141e+02
3.790247800036927401e+02
3.790034221493279460e+02
3.790044455326945467e+02
3.790512743567551865e+02
3.791002572037774598e+02
3.791392707509256752e+02
3.791534997878152922e+02
3.791272733767277145e+02
3.790497381445773044e+02
3.789173692206566102e+02
3.787341841473244699e+02
3.785120348902173077e+02
3.782661250799337722e+02
3.780194327448039644e+02
3.777910479516614259e+02
3.776050008871640102e+02
3.774819815723465126e+02
3.774391655757937656e+02
3.774945887709398562e+02
3.776570629086917847e+02
3.779404470890385710e+02
3.783494507992069771e+02
3.789021089995108014e+02
3.796036892064002473e+02
3.804761985646370022e+02
3.815264388421812214e+02
3.827638084445170534e+02
3.844192028331288498e+02
3.862451246351336067e+02
3.882326193780637027e+02
3.903657879660196954e+02
3.926541810408432411e+02
3.950780661551793855e+02
3.976235763683936852e+02
4.002168786820339506e+02
4.027652405557966517e+02
4.051477890230785306e+02
4.072830615144928288e+02
4.091354580889063755e+02
4.107339690944020845e+02
4.121469177650396887e+02
4.134522806043860328e+02
4.147368449971052087e+02
4.160746421883819721e+02
4.175485049682293379e+02
4.192222533390393551e+02
4.211738823010885540e+02
4.234473651822897295e+02
4.260499854075478652e+02
4.289454876100843421e+02
4.319920686152260600e+02
4.351100038602825748e+02
4.378909775176953190e+02
4.403887421852636521e+02
4.426014750891605445e+02
4.445326360444116176e+02
4.461285181489310503e+02
4.472634800000527093e+02
4.477894736413143164e+02
4.476600239642347674e+02
4.469254217715501909e+02
4.456879054531081579e+02
4.440906068089228711e+02
4.422298721002596267e+02
4.401922078804986995e+02
4.380281544015128361e+02
4.357745974058976230e+02
4.334578830583955664e+02
4.311000101178400428e+02
4.287205843904285985e+02
4.263447217825345206e+02
4.239943184538532250e+02
4.216972009313118406e+02
4.194799096729796020e+02
4.173695559131983259e+02
4.153749916465598062e+02
4.134036247853625810e+02
4.116361239090816184e+02
4.100949693003272500e+02
4.088055323865812056e+02
4.077914098179292068e+02
4.070635044290860947e+02
4.066382141173511968e+02
4.065109236841159941e+02
4.066742635442917049e+02
4.071097502926488119e+02
4.077818167266227078e+02
4.086517802246301585e+02
4.096681851309363083e+02
4.107765199155201685e+02
4.119229929105347878e+02
4.130574920829449184e+02
4.141337674383872240e+02
4.151233208480058465e+02
4.160037665729740866e+02
4.167656134938762875e+02
4.174137580885479792e+02
4.179496243381265117e+02
4.183892897485114872e+02
4.187769445352064395e+02
4.190895473155678133e+02
4.193319718763211768e+02
4.195033759008914558e+02
4.196045779476683606e+02
4.196329219533325841e+02
4.195893001930142532e+02
4.194719018481449098e+02
4.192860677420177353e+02
4.190336482487202261e+02
4.187225972102589253e+02
4.183596378071799791e+02
4.179518593341526298e+02
4.175089854818207300e+02
4.170365151320941663e+02
4.165438423796651364e+02
4.160360285707602657e+02
4.155195871088465083e+02
4.149994233102855787e+02
4.144790736052869420e+02
4.139629750099210241e+02
4.134527784721047396e+02
4.129515288174083594e+02
4.124600462868166346e+02
4.119646853350868696e+02
4.114693976538952143e+02
4.109755685913810339e+02
4.104835303864940670e+02
4.099917824060827343e+02
4.094996624837137915e+02
4.090058463152961963e+02
4.085082507297507846e+02
4.080060802044592378e+02
4.074967197634472313e+02
4.069790478863123440e+02
4.064510146089749583e+02
4.059105923436773651e+02
4.053568135515538415e+02
4.047872514734515903e+02
4.042013914311046392e+02
4.035974568956257826e+02
4.029745762948144829e+02
4.023322986883185877e+02
4.016694136465535507e+02
4.009863928899228540e+02
4.002824262696067308e+02
3.995580714762039065e+02
3.988134992950386959e+02
3.979987260083138949e+02
3.971412142398267520e+02
3.962617609160755592e+02
3.953617497956525995e+02
3.944419326127222121e+02
3.935033690634982122e+02
3.925472057013280391e+02
3.915741521592685785e+02
3.905854262428487118e+02
3.895816062622018876e+02
3.885636533684004235e+02
3.875322048337844763e+02
3.864878843315168524e+02
3.854313394190645568e+02
3.843629505930669552e+02
3.832832644574416463e+02
3.821925962093353633e+02
3.810913791193264046e+02
3.799799359946855475e+02
3.788585798461060676e+02
3.777276773172958428e+02
3.765875220992288064e+02
3.754384933782041571e+02
3.742809617189745381e+02
3.730800803928311780e+02
3.718342135529354664e+02
3.705811801639790701e+02
3.693217223501039257e+02
3.680569930371844407e+02
3.667886250443763174e+02
3.655191219745105968e+02
3.642525019038919254e+02
3.629948360464253483e+02
3.617564694066776951e+02
3.605524778366485634e+02
3.594078663662169788e+02
3.583581447442659282e+02
3.574544962346134298e+02
3.567642542517054380e+02
3.563535699322538903e+02
3.562865783566826963e+02
3.565937604594909089e+02
3.572607336100395514e+02
3.582613684748224046e+02
3.594894039015192675e+02
3.608279933720027088e+02
3.621224362229110625e+02
3.632699538397312153e+02
3.642348284887754062e+02
3.650366557110253893e+02
3.658963162213431701e+02
3.669883977659929428e+02
3.684799983140258632e+02
3.704268240086962010e+02
3.728007127097148441e+02
3.754594869124357501e+02
3.782292905823742899e+02
3.809619732830298062e+02
3.835949740986258689e+02
3.860922528441362829e+02
3.884528119962809569e+02
3.906627649985475159e+02
3.926976630352650091e+02
3.945827615951130269e+02
3.962990515616000948e+02
3.978735240684672476e+02
3.992762151167528941e+02
4.004853641380317413e+02
4.014627496704532632e+02
4.021739512479853715e+02
4.025857189373413689e+02
4.027034676100191177e+02
4.023982129450406546e+02
4.018128032353576486e+02
4.010207725747476957e+02
4.000687498744978257e+02
3.990049841132847064e+02
3.978590873887520161e+02
3.966616334988551671e+02
3.954302993201558820e+02
3.941784732179877437e+02
3.929162076149240193e+02
3.916487004041362638e+02
3.903808427406210058e+02
3.891152251106430526e+02
3.878533726977610741e+02
3.865970694078916949e+02
3.853465347177457829e+02
3.841027346106852747e+02
3.828657459144461654e+02
3.816356684062905629e+02
3.804127882561585352e+02
3.791966395563978267e+02
3.779874061872061475e+02
3.767845945223589297e+02
3.755880134627716416e+02
3.743492573387738389e+02
3.730927217749451756e+02
3.718461830164097819e+02
3.706087566006627867e+02
3.693800359353761564e+02
3.681594381093335642e+02
3.669464623133370083e+02
3.657408018548657083e+02
3.645419628770771965e+02
3.633497827075004238e+02
3.621639305272425418e+02
3.609842420181636840e+02
3.598106327814726910e+02
3.586429644717808856e+02
3.574813572981676657e+02
3.563257960516009462e+02
3.551764881670804925e+02
3.540336396529282297e+02
3.528975200417479527e+02
3.517685346573906031e+02
3.506470380007625636e+02
3.495335487889880142e+02
3.484285861204013486e+02
3.473326836218924427e+02
3.462437686510870662e+02
3.451425429645711347e+02
3.440524288021986195e+02
3.429739012817332195e+02
3.419075808652652881e+02
3.408540479809265094e+02
3.398137895072338779e+02
3.387875111349673602e+02
3.377755815621622446e+02
3.367787256434423853e+02
3.357973556541367657e+02
3.348319699107004226e+02
3.338831866440920635e+02
3.329512061971884691e+02
3.320367440339155110e+02
3.311399371792007855e+02
3.302612283733829486e+02
3.294009682707780939e+02
3.285591439676430809e+02
3.277362690130880196e+02
3.269320866890933530e+02
3.261468817852738198e+02
3.253805375960826609e+02
3.246327889488849792e+02
3.238924576878753214e+02
3.231657906735292727e+02
3.224553669274186518e+02
3.217604119479365181e+02
3.210804106348244886e+02
3.204147944144723965e+02
3.197625635332517504e+02
3.191232173457599401e+02
3.184955616984418612e+02
3.178788569263173258e+02
3.172720306394059548e+02
3.166739643524136341e+02
3.160837673568000241e+02
3.155001348868461832e+02
3.149221874992662720e+02
3.143487238158741093e+02
3.137787882593293602e+02
3.132114511044010214e+02
3.126458746716579071e+02
3.120814129209771863e+02
3.115175589426589227e+02
3.109541766004189185e+02
3.103913163664036006e+02
3.098298070830747406e+02
3.092691207718974056e+02
3.086886672245072418e+02
3.081183035139450794e+02
3.075651867042403751e+02
3.070426295170562412e+02
3.065739301208142251e+02
3.062061625415732351e+02
3.060390917125845931e+02
3.062832287816693224e+02
3.074478587948629524e+02
3.105677165389104744e+02
3.177941834165374075e+02
3.319521419730156708e+02
3.547997870552381983e+02
3.848723109361567367e+02
4.166388257006749427e+02
4.445448198247155460e+02
4.674539711398485338e+02
4.862558787456321738e+02
5.018983999162020950e+02
5.149272056918430280e+02
5.256341146294579403e+02
5.345193530417611782e+02
5.420531014090076951e+02
5.480221771402138984e+02
5.526430091167837872e+02
5.564355452126299042e+02
5.598092447210523233e+02
5.630523238289811161e+02
5.663443998660770831e+02
5.697810241888430483e+02
5.734049301437645454e+02
5.772351967464637710e+02
5.812754606638885662e+02
5.855256993489423394e+02
5.899806003466635502e+02
5.945980196044237118e+02
5.993494015267791610e+02
6.042623859868772342e+02
6.093736731078886351e+02
6.148373643581106762e+02
6.206485541698642692e+02
6.267284964226098509e+02
6.328472886086796052e+02
6.387054983324192108e+02
6.440075120040494312e+02
6.486546958744996800e+02
6.527260240319645845e+02
6.561923984854918217e+02
6.596073367061882209e+02
6.628646195548910782e+02
6.656594334432181768e+02
6.675010506837751336e+02
6.681738574754725732e+02
6.676992027171268091e+02
6.663196384352742143e+02
6.642744145341901003e+02
6.617462253269475241e+02
6.588749366906070009e+02
6.557399637179069032e+02
6.524092239355580887e+02
6.489248760992356893e+02
6.453263651154487661e+02
6.416462460861863519e+02
6.379113128163660349e+02
6.341502309826631745e+02
6.303823729587472826e+02
6.266294140052416424e+02
6.229047312355017993e+02
6.192231467537226308e+02
6.155940719438656288e+02
6.120264258587009181e+02
6.084118095673196649e+02
6.049497431531622169e+02
6.015718981003897170e+02
5.982787666833806952e+02
5.950750801798997145e+02
5.919607875347218169e+02
5.889379918038822552e+02
5.860090346070601299e+02
5.831737140946372620e+02
5.804372739810137318e+02
5.777998590920988136e+02
5.752677219996721760e+02
5.728442091332849486e+02
5.705330170331018280e+02
5.683403372035730854e+02
5.662646463554381171e+02
5.643094444243822636e+02
5.624671424446721630e+02
5.607312985973196646e+02
5.590910154535677066e+02
5.575333852581409246e+02
5.560472153403743505e+02
5.546237715850293171e+02
5.532576762713464404e+02
5.518366851585985842e+02
5.505552135979214654e+02
5.493162240824798346e+02
5.481136449288005679e+02
5.469335474568176778e+02
5.457611474815081465e+02
5.445712747101853211e+02
5.433444460313020272e+02
5.420590794434962163e+02
5.406960920234251944e+02
5.392478487047158069e+02
5.376998695134626587e+02
5.360521240053052452e+02
5.343006431311089273e+02
5.324449489054254627e+02
5.304922748401912713e+02
5.284471273211255493e+02
5.263223676974378122e+02
5.241328021963473702e+02
5.218936917917023948e+02
5.196263811280779237e+02
5.173524454651511633e+02
5.150939624162945165e+02
5.128782290370393184e+02
5.105894107968422304e+02
5.083914560416334893e+02
5.063159374364852852e+02
5.043862768471275899e+02
5.026352180832323597e+02
5.010832077689385642e+02
4.997441365681678462e+02
4.986294883691858217e+02
4.977196160647128522e+02
4.969943382639486344e+02
4.964037376828833317e+02
4.958894746510552523e+02
4.953835901585155739e+02
4.948187635812890903e+02
4.941310307287606065e+02
4.932790855036870994e+02
4.922314718117194730e+02
4.909765842508035689e+02
4.895223664004809621e+02
4.878757200283291695e+02
4.860649113148717788e+02
4.841071255818575878e+02
4.820288920717415522e+02
4.798506510731058938e+02
4.774308270279978501e+02
4.748864192768964472e+02
4.722849350156257060e+02
4.696370852939713814e+02
4.669486070505693078e+02
4.642236485509216095e+02
4.614664626247923707e+02
4.586811800050380725e+02
4.558712242613474359e+02
4.530438929829176118e+02
4.502044789755879606e+02
4.473613129825164378e+02
4.445230383064570674e+02
4.416961671917401304e+02
4.388905017446978150e+02
4.361113201074343806e+02
4.333661866181188884e+02
4.306608586093222470e+02
4.279991637206060773e+02
4.253870053207766659e+02
4.228260978570861539e+02
4.203207873608591854e+02
4.178730333270216306e+02
4.154844287882381195e+02
4.131798710912790966e+02
4.109412301244531704e+02
4.087679415412730464e+02
4.066588508441487306e+02
4.046142210192289781e+02
4.026339858029735410e+02
4.007164893105606893e+02
3.988622784865281119e+02
3.970688713356225321e+02
3.953361126960626848e+02
3.936620654828294050e+02
3.920452754684134788e+02
3.904846830260024149e+02
3.889779393087152357e+02
3.875245055139603778e+02
3.861220305249825060e+02
3.847699546665892285e+02
3.834665204905538189e+02
3.822109186802807699e+02
3.810024836366877139e+02
3.798400784952852405e+02
3.787241442576346913e+02
3.776537387868049791e+02
3.766301146316871495e+02
3.756415281201263383e+02
3.746769763502293245e+02
3.737647457096610424e+02
3.729078716141270320e+02
3.721135656099770017e+02
3.713886316026609506e+02
3.707456796116310329e+02
3.701998443415233169e+02
3.697695228084087375e+02
3.694819312149052166e+02
3.693588768062825238e+02
3.694313631807989395e+02
3.697154849168403530e+02
3.702176099882713061e+02
3.709279303544818163e+02
3.718072840017120484e+02
3.728034589720786585e+02
3.738551430691801443e+02
3.748963262940757204e+02
3.758759180485250795e+02
3.767511195168362974e+02
3.774810458402882318e+02
3.780491677410274178e+02
3.784278141278576868e+02
3.785856001932992285e+02
3.785220636246861545e+02
3.782570024914421651e+02
3.778007383265075418e+02
3.771549845225095510e+02
3.763310092990021758e+02
3.753416483616782102e+02
3.741958899357821338e+02
3.729111635582079316e+02
3.714988387463639583e+02
3.699723957625480466e+02
3.683462415074890828e+02
3.666305514555204468e+02
3.648391417470123201e+02
3.629827793848721740e+02
3.610715793104096178e+02
3.591175204805184649e+02
3.571291205592424944e+02
3.551173206254568981e+02
3.530918821601253512e+02
3.510614728230843866e+02
3.490370994095649166e+02
3.470271375378754328e+02
3.450421642399451230e+02
3.431135314240041225e+02
3.411997461970120753e+02
3.393545395592848308e+02
3.375902539505690356e+02
3.359235100522965354e+02
3.343761819507020050e+02
3.329718583358670116e+02
3.317488798037684887e+02
3.307528651026742637e+02
3.300467124784908037e+02
3.297232327449492573e+02
3.298672852682086614e+02
3.305866415392716249e+02
3.319057245534150979e+02
3.337621670865818828e+02
3.359638348247669910e+02
3.382863130232404387e+02
3.405539015787823587e+02
3.427325561645478729e+02
3.448632690810243275e+02
3.470027261006311505e+02
3.492189161473765466e+02
3.515226792574531487e+02
3.539271945420603060e+02
3.563282903327177564e+02
3.586904025155101294e+02
3.610484160636923434e+02
3.633568301686032100e+02
3.655732688900002358e+02
3.676590196004337940e+02
3.695842713421973258e+02
3.713223810623865688e+02
3.728652340996906673e+02
3.742017592947668163e+02
3.753377005586689847e+02
3.762800339659892757e+02
3.770364130557159683e+02
3.776250611306112432e+02
3.780543264511046573e+02
3.783424964495046652e+02
3.785007678332514729e+02
3.785414838795601327e+02
3.784782644100427547e+02
3.784545997704474303e+02
3.782989766259706244e+02
3.780429622928683671e+02
3.777121370987019304e+02
3.773140898676339816e+02
3.767462396081574525e+02
3.759970259161590320e+02
3.752157897773781770e+02
3.744088573654576066e+02
3.735798751916865967e+02
3.727327979141936680e+02
3.718710606025072707e+02
3.709969434823514689e+02
3.701133127726782845e+02
3.692216389303649180e+02
3.683239445652148447e+02
3.674214427711417557e+02
3.665154586945995447e+02
3.656070008171589620e+02
3.646969499679285036e+02
3.637861907546391649e+02
3.628752574411678893e+02
3.619650363923364580e+02
3.610558541186010189e+02
3.601484996696116809e+02
3.592433694481003954e+02
3.583409243305936229e+02
3.574418351999569836e+02
3.565462875658645885e+02
3.556992627641059244e+02
3.548224866739542449e+02
3.539527151171744208e+02
3.530899806295603298e+02
3.522340934666681846e+02
3.513852280350000115e+02
3.505431025811836889e+02
3.497077258268623154e+02
3.488789561826670820e+02
3.480565517210048938e+02
3.472404696292945800e+02
3.464303953608306301e+02
3.456261590936022117e+02
3.448275726237343974e+02
3.440343559054178399e+02
3.432463775404477246e+02
3.424634203384542843e+02
3.416852482934756949e+02
3.409118627582636236e+02
3.401429938625748832e+02
3.393786696697925436e+02
3.386188376185724564e+02
3.378633683155484277e+02
3.371124941296529869e+02
3.363761983811740492e+02
3.356146314013852248e+02
3.348577066846834214e+02
3.341056583342775070e+02
3.333590455146331806e+02
3.326182364353925891e+02
3.318842976045603450e+02
3.311584600597319650e+02
3.304428476017765206e+02
3.297409332068241952e+02
3.290576561062050018e+02
3.284019859657510096e+02
3.277857204889995728e+02
3.272291552475679168e+02
3.267598989702844960e+02
3.264191667022206502e+02
3.262650295499624349e+02
3.263654432553508400e+02
3.268105272198798730e+02
3.276753401984746006e+02
3.290187650592807813e+02
3.308279380531211018e+02
3.329955520591409481e+02
3.353507440213878681e+02
3.376675023338885353e+02
3.397459163891230105e+02
3.415861499358993001e+02
3.432231167919420045e+02
3.447974313721062458e+02
3.465204456232686425e+02
3.485416316853204535e+02
3.509095798088589504e+02
3.534864390710390580e+02
3.560749756282668272e+02
3.586049164952266324e+02
3.611416849113870171e+02
3.639219654778099198e+02
3.671218374892447400e+02
3.707868870898052478e+02
3.747902859874525348e+02
3.788644641155582917e+02
3.827783492192195354e+02
3.863540489540001204e+02
3.894154728247211210e+02
3.918126059460952320e+02
3.934320860576384007e+02
3.942544785523388668e+02
3.944395227562901596e+02
3.944448471691667351e+02
3.941124673443984534e+02
3.935053126546814610e+02
3.926966725562347165e+02
3.917517102672720171e+02
3.907329685914392030e+02
3.896942588238046596e+02
3.886903563143047791e+02
3.877751903078229248e+02
3.869734720646354731e+02
3.862984996309623398e+02
3.857109910530509751e+02
3.851927907394708654e+02
3.847639146568158139e+02
3.845841981827845757e+02
3.849315497539732291e+02
3.862760468408949919e+02
3.893421948875188150e+02
3.948211883820133608e+02
4.030375801024096631e+02
4.127279615278561096e+02
4.219469200470776968e+02
4.297654076408798005e+02
4.369979693357809651e+02
4.452580554375940096e+02
4.561155945853852245e+02
4.693298304635143836e+02
4.828501476713971101e+02
4.940325824151310599e+02
5.015083849635828983e+02
5.051824611148211943e+02
5.058823477649511915e+02
5.045976789780521017e+02
5.020967188258398437e+02
4.989166565256716126e+02
4.953645795190608396e+02
4.916600304322033139e+02
4.879744547769362271e+02
4.844700850941565022e+02
4.813630498720694391e+02
4.787991335325343130e+02
4.767981063774656150e+02
4.750282032014767992e+02
4.730373550376052663e+02
4.705831978982501482e+02
4.678113001629386076e+02
4.649371713262273147e+02
4.621934283863400310e+02
4.601427807389184181e+02
4.586105974214869434e+02
4.576025076931758235e+02
4.571884191021584343e+02
4.574504227503568927e+02
4.584257836420870262e+02
4.601364239446924671e+02
4.625833682973393479e+02
4.657153243464452430e+02
4.694729560447005952e+02
4.737708144009649232e+02
4.784817571078710898e+02
4.835092005205042369e+02
4.886998904722953512e+02
4.939151551946916925e+02
4.990211864121804979e+02
5.038695597054462496e+02
5.083829144129226165e+02
5.124912471564363159e+02
5.161804698575047041e+02
5.194644867374670412e+02
5.223619179575713360e+02
5.249018002109651206e+02
5.271069080565129070e+02
5.292029952354818079e+02
5.311034406851047152e+02
5.326658015123935002e+02
5.339113273266520991e+02
5.348685409179232693e+02
5.355566982869390813e+02
5.360163132348335466e+02
5.362731496776017366e+02
5.363627480218816572e+02
5.363183571685132165e+02
5.361655618440547642e+02
5.359375252259808349e+02
5.356563621378213611e+02
5.353477225638663413e+02
5.350347083427705002e+02
5.347367686339367765e+02
5.344773086712331178e+02
5.342777051733296503e+02
5.341612117028369084e+02
5.341573838216088461e+02
5.342955845408798723e+02
5.346143229233288139e+02
5.351576878002173316e+02
5.359625127448184685e+02
5.368812547226782499e+02
5.380148487880992434e+02
5.394071470919343483e+02
5.409977977133902414e+02
5.427339092100304470e+02
5.445778898020781753e+02
5.465640352334279441e+02
5.487840014010190544e+02
5.513465208794062846e+02
5.543725468782272401e+02
5.578884392559074286e+02
5.618280076439219783e+02
5.660107106488442241e+02
5.702138403096842012e+02
5.742403331116611298e+02
5.779373259277660964e+02
5.811971179560873679e+02
5.839175537615905114e+02
5.860287996823735739e+02
5.874585134609480974e+02
5.882047304769488392e+02
5.882667075272238435e+02
5.877077380186361779e+02
5.865938939708568114e+02
5.847066688748991510e+02
5.824410943625883874e+02
5.798477460074470855e+02
5.769919100063671067e+02
5.739172153586209788e+02
5.706675267665042384e+02
5.672779696088939545e+02
5.637773744463896719e+02
5.601929319494706760e+02
5.565439850912183601e+02
5.528494136064008444e+02
5.491226214091392421e+02
5.453757004739461536e+02
5.416180460776969312e+02
5.378568904882479274e+02
5.340981825788111337e+02
5.303458349399651297e+02
5.266031795055606608e+02
5.228718953589822149e+02
5.191534560754554377e+02
5.154481319897787444e+02
5.117559856304977757e+02
5.080768706189591057e+02
5.044098600175198044e+02
5.006325975173675147e+02
4.968761939898198534e+02
4.931238242442441901e+02
4.893751489786832281e+02
4.856303050136744446e+02
4.818897433775626382e+02
4.781537656447839026e+02
4.744234398646769932e+02
4.706994348174615652e+02
4.669833164320240257e+02
4.632761376147699366e+02
4.595796452023216148e+02
4.558954866379605164e+02
4.522252199140223752e+02
4.485713309494865371e+02
4.449351156397054865e+02
4.413193833623286082e+02
4.377258086972090041e+02
4.341567348343285175e+02
4.306147947451732989e+02
4.271016437228751670e+02
4.236205396173513122e+02
4.201732591208619283e+02
4.167627441244422926e+02
4.134000079587143546e+02
4.100624538051606578e+02
4.067741191743722311e+02
4.035372025926311039e+02
4.003563401579243077e+02
3.972350188738204793e+02
3.941775425892592466e+02
3.911899232630037204e+02
3.882766871515086109e+02
3.854466349864748054e+02
3.827067586108402111e+02
3.800680833730511949e+02
3.775432940527249457e+02
3.751460045991356651e+02
3.728973245099916198e+02
3.708157301211533650e+02
3.689303931718927743e+02
3.672692552995488882e+02
3.658651135291598848e+02
3.647579762911492480e+02
3.639766513529661438e+02
3.635626066728936507e+02
3.635354520910871656e+02
3.639103772655690818e+02
3.646982559131478752e+02
3.658485066686250775e+02
3.672903395557432304e+02
3.689392051660189509e+02
3.706986489226542290e+02
3.724663147280366502e+02
3.741436379590504089e+02
3.756469438931369496e+02
3.769299030724928343e+02
3.779565164419440180e+02
3.787283264906548652e+02
3.792551138749641382e+02
3.795545566879562784e+02
3.796586518053100008e+02
3.795851448872599008e+02
3.793627135649083471e+02
3.790066086004655403e+02
3.785334515075069248e+02
3.779567260037752590e+02
3.772852132435476733e+02
3.765291822889748801e+02
3.756960285856557675e+02
3.747927357276379894e+02
3.738274302258409989e+02
3.727579825408978422e+02
3.715611151827882850e+02
3.703307822658209716e+02
3.690719829117306290e+02
3.677904045684638277e+02
3.664897087735735113e+02
3.651734524564876665e+02
3.638447051752803532e+02
3.625053612009926383e+02
3.611578616672788371e+02
3.598034847436834411e+02
3.584437138900646005e+02
3.570798787599857178e+02
3.557127200173497954e+02
3.543435220202499067e+02
3.529728798774672214e+02
3.516016808810676935e+02
3.502307592325461769e+02
3.488605755639534891e+02
3.474920580564565853e+02
3.461256115487009879e+02
3.447619121811388823e+02
3.434015568772119877e+02
3.420449102911676960e+02
3.407045103297231776e+02
3.393390128814745026e+02
3.379832241249264939e+02
3.366370575587284293e+02
3.353005930279741733e+02
3.339739994104251082e+02
3.326573199230642786e+02
3.313509899132054102e+02
3.300551886865384290e+02
3.287705533807364304e+02
3.274975572367624750e+02
3.262369146400528166e+02
3.249895609806145558e+02
3.237562931671025126e+02
3.225384700890891736e+02
3.213370934344044940e+02
3.201537370891851992e+02
3.189898127618062063e+02
3.178468947730074774e+02
3.167268201979849209e+02
3.156310558518924267e+02
3.145616931323517065e+02
3.135202972620746209e+02
3.125087371338420894e+02
3.115344517072658732e+02
3.106060958247215922e+02
3.097241902905188908e+02
3.088896345483311165e+02
3.081036236833757584e+02
3.073669263692719937e+02
3.066792187652515622e+02
3.060418650347632479e+02
3.054540774647051080e+02
3.049173675577513904e+02
3.044324301831815092e+02
3.039999119470903111e+02
3.036230031341174822e+02
3.033018845312084864e+02
3.030407550937819110e+02
3.028408934746529440e+02
3.027049251697898740e+02
3.026359758777290381e+02
3.026340009592425986e+02
3.027025823965008158e+02
3.028401396763727007e+02
3.030477765913354915e+02
3.033239083064883630e+02
3.036657225258393851e+02
3.040819873852554451e+02
3.046272250494446894e+02
3.052161858251810145e+02
3.058439932268731241e+02
3.065080173906787877e+02
3.072062821762057183e+02
3.079396258355215537e+02
3.087122374176034896e+02
3.095331086876987570e+02
3.104201564294222067e+02
3.113968157246028454e+02
3.125023048608907743e+02
3.137857364105333886e+02
3.153106052886133739e+02
3.171587112004102096e+02
3.194071510724073732e+02
3.221365691652131886e+02
3.254032632310100439e+02
3.292196565789168403e+02
3.335800917269205570e+02
3.384390089983959342e+02
3.437553165712787973e+02
3.495125250464059832e+02
3.556593599631319762e+02
3.621908086088084815e+02
3.687633128783185157e+02
3.751268151273226863e+02
3.809335118231196020e+02
3.858952676881255002e+02
3.898266205782384759e+02
3.927513723193420674e+02
3.947555416301158857e+02
3.960269056233293554e+02
3.967356501371731383e+02
3.970292854295742018e+02
3.970312449597716977e+02
3.968217904184188001e+02
3.964675305743774629e+02
3.960087032142357657e+02
3.954773058307945917e+02
3.948929922913920336e+02
3.942715303883164779e+02
3.936228444306071879e+02
3.929542922648567469e+02
3.922714447827966069e+02
3.915769366016770618e+02
3.908742322453986162e+02
3.901639028334986961e+02
3.895008267839287441e+02
3.888161151861447706e+02
3.881261304784686672e+02
3.874314060294241813e+02
3.867308086682086810e+02
3.860248139255747333e+02
3.853126423436455070e+02
3.845941479004595180e+02
3.838694991984441458e+02
3.831380912725295502e+02
3.824006998737623348e+02
3.816570299947335343e+02
3.809077840992599704e+02
3.801534963780035810e+02
3.793945158609276973e+02
3.786320531336759245e+02
3.778664638976993615e+02
3.770990416540913657e+02
3.763305329295647539e+02
3.755618840621049230e+02
3.747942429573269010e+02
3.740282411674017453e+02
3.732651110668674050e+02
3.725054251823397067e+02
3.717546708582970041e+02
3.710076192660428660e+02
3.702655411685303193e+02
3.695290780687025176e+02
3.687984295177931244e+02
3.680740728748921811e+02
3.673561305990074857e+02
3.666447942100733144e+02
3.659402201839378108e+02
3.652423751442709658e+02
3.645513754795704813e+02
3.638670689617338212e+02
3.631894648403848009e+02
3.625184126427014917e+02
3.618537938806671264e+02
3.611955030342199393e+02
3.605433187879345382e+02
3.598971477146717461e+02
3.592567577183679646e+02
3.586220186053444081e+02
3.579927579043982746e+02
3.573687843597522829e+02
3.567500012378355336e+02
3.561362029603045016e+02
3.555227241331532468e+02
3.549178468137167215e+02
3.543166850873657836e+02
3.537191860875383327e+02
3.531252858582784597e+02
3.525349705061763075e+02
3.519482230524933470e+02
3.513650565695698447e+02
3.507855011423648079e+02
3.502096074868169922e+02
3.496374446616979412e+02
3.490691138226079602e+02
3.485047394432716601e+02
3.479444662461982034e+02
3.473885191390960472e+02
3.468371478491195603e+02
3.462907634780423791e+02
3.457498546248529010e+02
3.452152213835470320e+02
3.446878721741261415e+02
3.441693299328097169e+02
3.436617980590735328e+02
3.431681413244082819e+02
3.426930981039881772e+02
3.422480859485756923e+02
3.418453961381495105e+02
3.414881148356658969e+02
3.411931530327098017e+02
3.409883095686921024e+02
3.409071851026604918e+02
3.410078523386235929e+02
3.413613148222448785e+02
3.420652255063962457e+02
3.432481693557385825e+02
3.450216080783150687e+02
3.475149750932255301e+02
3.507733173772278974e+02
3.547835720416218805e+02
3.594890192261184438e+02
3.647868600763772520e+02
3.706451410702473481e+02
3.771639423009739858e+02
3.843752019350163209e+02
3.923234631266731753e+02
4.007648428492247490e+02
4.092770719732876614e+02
4.173786576989531341e+02
4.245914374718238378e+02
4.304411277909469504e+02
4.351201728164037377e+02
4.387603552384800309e+02
4.416364090447606827e+02
4.440028242333330013e+02
4.460469281979590050e+02
4.479603816918451002e+02
4.498807925400089971e+02
4.518995536901092009e+02
4.540976609155240453e+02
4.564827431395169128e+02
4.590071940389559586e+02
4.615804712565683303e+02
4.640556776532486083e+02
4.662763799576121642e+02
4.681292330366397323e+02
4.695310376230723364e+02
4.704698427549348025e+02
4.710023056311696905e+02
4.711980657344507790e+02
4.711796592476733281e+02
4.710703017541273425e+02
4.709938836586753723e+02
4.711047439169992685e+02
4.714351301006582844e+02
4.722109641808943366e+02
4.734939581946076146e+02
4.752880822510308008e+02
4.776521184257352388e+02
4.807069451168746923e+02
4.848425271192090236e+02
4.905776086861520753e+02
4.981195591402376976e+02
5.066698884074302782e+02
5.148428969538449564e+02
5.218123227252301604e+02
5.281491778025781514e+02
5.346837993671748563e+02
5.417077719713772694e+02
5.484207798139694887e+02
5.538614651354783973e+02
5.579960952283789766e+02
5.611891462137079998e+02
5.635853192361329320e+02
5.651628891860167414e+02
5.660083190780485438e+02
5.664019544755793731e+02
5.666358296658403333e+02
5.667342942351114061e+02
5.671150956184803817e+02
5.676791597889524610e+02
5.680150804173971437e+02
5.676603653913393828e+02
5.663063592572018479e+02
5.639973438686306508e+02
5.608860788422924770e+02
5.572346232204928356e+02
5.532151885988648701e+02
5.489627580376189826e+02
5.445708211770481739e+02
5.400964435278057181e+02
5.355841351776876991e+02
5.310627637170508706e+02
5.265524724497547595e+02
5.220704519690527832e+02
5.176270115731563237e+02
5.132305697438989682e+02
5.088887147829310607e+02
5.046038917262471841e+02
5.003815160546766947e+02
4.962217896314298855e+02
4.921264613497934306e+02
4.880192951129265566e+02
4.838400425944903986e+02
4.797426367659745665e+02
4.757283458789813722e+02
4.718055883937179829e+02
4.679815789556805044e+02
4.642708904219682040e+02
4.606924415841772884e+02
4.572699248382288033e+02
4.540391578949128757e+02
4.510367488062166785e+02
4.483180866475044013e+02
4.459347246321128750e+02
4.439480408904216802e+02
4.424212181287814474e+02
4.414142046849814278e+02
4.409928029963913900e+02
4.412168629088352532e+02
4.420844894066850657e+02
4.435748362829208986e+02
4.455661852335464346e+02
4.479203250090217239e+02
4.504226999688307274e+02
4.528469015384864633e+02
4.548930719901163116e+02
4.568344880690671630e+02
4.584746379689664195e+02
4.599661286066958610e+02
4.614929897939437637e+02
4.631956919141486537e+02
4.651460909570297986e+02
4.673623699808588299e+02
4.698219756622356726e+02
4.725532626026719072e+02
4.756205361626194872e+02
4.790865871633937445e+02
4.830015342089064347e+02
4.872961984498495553e+02
4.917498159579529329e+02
4.959981836095006429e+02
4.995620439811831375e+02
5.020827424311863183e+02
5.034369442464764575e+02
5.036355850999386234e+02
5.028407162904530310e+02
5.012262904327548085e+02
4.989831416590974413e+02
4.962918475239534359e+02
4.930753649016123745e+02
4.895384279617393304e+02
4.858743460123357067e+02
4.821414455856880181e+02
4.783795719704575049e+02
4.746144874901739854e+02
4.708670079631523322e+02
4.671500252505003914e+02
4.634730020275931679e+02
4.598433706433415864e+02
4.562653112346109197e+02
4.527424112491164578e+02
4.492771466103380931e+02
4.458704850747519117e+02
4.425240547135140332e+02
4.392377944203721540e+02
4.360117130432668660e+02
4.328455243626646620e+02
4.297377201342841886e+02
4.266876618730170776e+02
4.236928825428391292e+02
4.207517403250806183e+02
4.178616595059197039e+02
4.150199678949272766e+02
4.122938956616182509e+02
4.095984761693518976e+02
4.069431550120067413e+02
4.043250341732405104e+02
4.017434557782503930e+02
3.991972632830725161e+02
3.966857795081908762e+02
3.942098433227201895e+02
3.917686959778600908e+02
3.893641475666250358e+02
3.869961843150701384e+02
3.846659549074013285e+02
3.823746777541863935e+02
3.801223963995180952e+02
3.779110423863301094e+02
3.757403065148856172e+02
3.736115495594795561e+02
3.715251349504612790e+02
3.694811936693870962e+02
3.674808547032538399e+02
3.655235061609971012e+02
3.636101161816753233e+02
3.617404154718350355e+02
3.599144527388025949e+02
3.581969848582629083e+02
3.565176083349894611e+02
3.548811118398676285e+02
3.532864898922797465e+02
3.517334674908582315e+02
3.502216463929844394e+02
3.487501334632693215e+02
3.473188594138574672e+02
3.459267906997778823e+02
3.445735829547241451e+02
3.432586064687653220e+02
3.419810164559569898e+02
3.407404851920152851e+02
3.395358538636786534e+02
3.383667090492666603e+02
3.372321141720015589e+02
3.361312444350795090e+02
3.350635669390338762e+02
3.340278971485740840e+02
3.330238421894483736e+02
3.320504836167967255e+02
3.311073249682549431e+02
3.301942667557287336e+02
3.293109094678834481e+02
3.284706113808190935e+02
3.276511572968491919e+02
3.268644582338806686e+02
3.261148069259847375e+02
3.254092269031249316e+02
3.247602071342138856e+02
3.241873124605760950e+02
3.237256414949868031e+02
3.234298895742601871e+02
3.233997291910200147e+02
3.237882033993226969e+02
3.248415688453516168e+02
3.269243986143991947e+02
3.304087626857648274e+02
3.356449147077601083e+02
3.424705560215561491e+02
3.504322558838685495e+02
3.589361246269645562e+02
3.675268186459689446e+02
3.756675286634556983e+02
3.827832607942729624e+02
3.884139130511682652e+02
3.925962077129685781e+02
3.956115928855998618e+02
3.977511437957393241e+02
3.992287253680608501e+02
4.003427348670539914e+02
4.011340114086046924e+02
4.015877457489421545e+02
4.016940970819649692e+02
4.015028726348837154e+02
4.010449772769704282e+02
4.003551511167231638e+02
3.994627304935843881e+02
3.983886692694369458e+02
3.971673332623622059e+02
3.958477917825690042e+02
3.944698824550082463e+02
3.930833955989542119e+02
3.917216244354738706e+02
3.904150779239162716e+02
3.891878712777249802e+02
3.880517322341736417e+02
3.870228380726209139e+02
3.861035695923727076e+02
3.853023817893516139e+02
3.846200453959942251e+02
3.840580043351806694e+02
3.835987408572311210e+02
3.833006827242401187e+02
3.831303757509080015e+02
3.830874424340203177e+02
3.831802914593941409e+02
3.834129965476277562e+02
3.837888268315111873e+02
3.843149638230094638e+02
3.849885123162653713e+02
3.858115010937634679e+02
3.867835545302669971e+02
3.879056811444216351e+02
3.892030102330839441e+02
3.907290362456060393e+02
3.926528371525126886e+02
3.953901348369099651e+02
3.999063999185289049e+02
4.081072612716096728e+02
4.223619376360304045e+02
4.437893048616228953e+02
4.679318524697456496e+02
4.857792943688425567e+02
4.975593978705800282e+02
5.062663413242884758e+02
5.123905336941674022e+02
5.164564612122089784e+02
5.188570297863531096e+02
5.201853933006461830e+02
5.207207434239244321e+02
5.206114273388938045e+02
5.199633536961035816e+02
5.188799490988152456e+02
5.175130054746282440e+02
5.160290590256721543e+02
5.145739922463150151e+02
5.133071588416856912e+02
5.123808871872497548e+02
5.119503491573730116e+02
5.122690933388659005e+02
5.136160215608691715e+02
5.164443457631807632e+02
5.211416601799465980e+02
5.275223470867473452e+02
5.344707013392112458e+02
5.406099641905180988e+02
5.454227022626923826e+02
5.493842068407840316e+02
5.531320155167138637e+02
5.570525470772299741e+02
5.616198157750052360e+02
5.671625990560622768e+02
5.735059382497674960e+02
5.801211210400998652e+02
5.865175588334501526e+02
5.924705616879143690e+02
5.979576309915311185e+02
6.030661656967715771e+02
6.078793890258158399e+02
6.125335663561996853e+02
6.173726878148833066e+02
6.227704410424262278e+02
6.291952339781277033e+02
6.371634377043677659e+02
6.470827114671151321e+02
6.589322498865997204e+02
6.718967569716477328e+02
6.843556291594402410e+02
6.945623435048795500e+02
7.019236053243569131e+02
7.065600159937503122e+02
7.091108432657131289e+02
7.101709179765495037e+02
7.098090563541979918e+02
7.088303966624715713e+02
7.076201091676391570e+02
7.063772165513404389e+02
7.051208804217117176e+02
7.037115507055891612e+02
7.019735590698611531e+02
6.997773692872970059e+02
6.971320315568118531e+02
6.940969460383748810e+02
6.907237747212709564e+02
6.870816479058111099e+02
6.832186635061990501e+02
6.791857939720368904e+02
6.750146952706477350e+02
6.707279042425363969e+02
6.663350150144658528e+02
6.618359792480574697e+02
6.572327812138875061e+02
6.525296308117674471e+02
6.477372812606082562e+02
6.428754575218081300e+02
6.379642171307000353e+02
6.330245263232287698e+02
6.280283680478391943e+02
6.230805244479571456e+02
6.181534578185364808e+02
6.132563779700449231e+02
6.083961378478488768e+02
6.035845345452680704e+02
5.988318513140849291e+02
5.941512009835414574e+02
5.895590894780101507e+02
5.850705102955954544e+02
5.807061140180434222e+02
5.764815256629511850e+02
5.724126536402122838e+02
5.685066386651576522e+02
5.647542772475666197e+02
5.611314805717327090e+02
5.575907174001888507e+02
5.540775622818015336e+02
5.505413627061835768e+02
5.469511928291179856e+02
5.432886485062768998e+02
5.395605570118016203e+02
5.357742044155736494e+02
5.319445442686303522e+02
5.281345155004823937e+02
5.242963410224742802e+02
5.204452793071054657e+02
5.165932115463010632e+02
5.127499775212659188e+02
5.089277995300922726e+02
5.051375736954830131e+02
5.013925484198203435e+02
4.977063461434022997e+02
4.940946465766962206e+02
4.905753287889666012e+02
4.871668370961696155e+02
4.838930296211263453e+02
4.807759702789423386e+02
4.778448457376463807e+02
4.751283272141154725e+02
4.726559683530427378e+02
4.704650667427972621e+02
4.685788662464491949e+02
4.670331228579904632e+02
4.658357568810931753e+02
4.649921067900111780e+02
4.644785220159049572e+02
4.642442258980731822e+02
4.642637414043114745e+02
4.643810110802186841e+02
4.645595997383221061e+02
4.647422947002835372e+02
4.649009050935524101e+02
4.650081094608645458e+02
4.650540665341093813e+02
4.650305552750888864e+02
4.649254096400665048e+02
4.647240936016881960e+02
4.644024313039939216e+02
4.639347501149333652e+02
4.632864734062607113e+02
4.624401361289398551e+02
4.613753511790545190e+02
4.600921814027354344e+02
4.585978448680443194e+02
4.569056544030652844e+02
4.550402662562066780e+02
4.530208374078125075e+02
4.508735545656401769e+02
4.486191151971754039e+02
4.462788102337944451e+02
4.438723332885451214e+02
4.414105730731599806e+02
4.388344646113642966e+02
4.362455804194225948e+02
4.336614297221215111e+02
4.310941048518284902e+02
4.285571702175512314e+02
4.260588410063451761e+02
4.236029693953319111e+02
4.211891990101789247e+02
4.188081734377119574e+02
4.164483702161690530e+02
4.140935572958703688e+02
4.117303042670883428e+02
4.093480461157942614e+02
4.069450840909269118e+02
4.045219411130552203e+02
4.020881630828079096e+02
3.996543502704109869e+02
3.972306529514236217e+02
3.948289315509967423e+02
3.924563713092941839e+02
3.901186724248539122e+02
3.878194676454542673e+02
3.855563637414786058e+02
3.833536604556214797e+02
3.811475715923941721e+02
3.789660411080060385e+02
3.768032454102296356e+02
3.746558030866839886e+02
3.725213889960101596e+02
3.703990791200990884e+02
3.682907640189055201e+02
3.661972092571614894e+02
3.641226553697360941e+02
3.620689020726082390e+02
3.600398212301752210e+02
3.580381770723095087e+02
3.560657517416232167e+02
3.541259729485204275e+02
3.522190590815181963e+02
3.503480323556437952e+02
3.485132472557241954e+02
3.467160646589675252e+02
3.449578801369578400e+02
3.432381670376603324e+02
3.415585309330440964e+02
3.399177647747274023e+02
3.383163684186035880e+02
3.368286528372219095e+02
3.355148814966044597e+02
3.342410477516582432e+02
3.330049755406193981e+02
3.318055132514918455e+02
3.306404748127625339e+02
3.295074526227851379e+02
3.284046289547224546e+02
3.273293037092633995e+02
3.262799017643145589e+02
3.252544488034102415e+02
3.242512911320014268e+02
3.232696147736896251e+02
3.223082243016680764e+02
3.213672026026176241e+02
3.204464519825867796e+02
3.195463704041190454e+02
3.186684587448262960e+02
3.178140702005524645e+02
3.169863746734999950e+02
3.161886617465191875e+02
3.154261863887398363e+02
3.147053922515420368e+02
3.140347603713951798e+02
3.134979165933873446e+02
3.131089829078421189e+02
3.128092338590745385e+02
3.126170363232351974e+02
3.125595288125738875e+02
3.126647525357280983e+02
3.129670427879932504e+02
3.135096227303121168e+02
3.143293511800158626e+02
3.154790775655245625e+02
3.169940487531890199e+02
3.189114334996950788e+02
3.212565216939613038e+02
3.240259903269725896e+02
3.272112373968734573e+02
3.307747656962083624e+02
3.346601565216805625e+02
3.388153529458049320e+02
3.431660343446578167e+02
3.476384662888040111e+02
3.521633058389908228e+02
3.566488012345295715e+02
3.610208971923120203e+02
3.652031800964705326e+02
3.691728502523048974e+02
3.728575854668770262e+02
3.762565063785062307e+02
3.794008655751274546e+02
3.823675026685098146e+02
3.852534186405441119e+02
3.882221044972877735e+02
3.914764310339537587e+02
3.952769171641551793e+02
3.999401510707725720e+02
4.058111399431805921e+02
4.132152112070751286e+02
4.224888295836727821e+02
4.335470144143200741e+02
4.461317856990001474e+02
4.596841339418406847e+02
4.738916081057671477e+02
4.882414770177419427e+02
5.019405114613761612e+02
5.140444032761570270e+02
5.242524566824422436e+02
5.327151145908885610e+02
5.399719778226527751e+02
5.462337066296407784e+02
5.511422656555694175e+02
5.543324581451225868e+02
5.558714606373652032e+02
5.558354785986947491e+02
5.545687174943362834e+02
5.524095071393943499e+02
5.496500477250709764e+02
5.464837150713516394e+02
5.430512158021015239e+02
5.394428630132915714e+02
5.357284162614062097e+02
5.319537306146191895e+02
5.281554149723224327e+02
5.243598086014090995e+02
5.205863914807761148e+02
5.168514758708189447e+02
5.131651558373401940e+02
5.095376107112972477e+02
5.059737027347889011e+02
5.024797385261910563e+02
4.990583324661224083e+02
4.957126617029639419e+02
4.924450637325613229e+02
4.892561632281440893e+02
4.862831922947088401e+02
4.833365791777272307e+02
4.804842511227853379e+02
4.777243770258625659e+02
4.750569981680405363e+02
4.724819781189530090e+02
4.699979862731502749e+02
4.676071324382514831e+02
4.653077716003639921e+02
4.631030267107716440e+02
4.609930858017056039e+02
4.589801983107300316e+02
4.570674392382480278e+02
4.552552992326035906e+02
4.535483558536085411e+02
4.519459613474049320e+02
4.504508596348467222e+02
4.490619856875294431e+02
4.477767858441975477e+02
4.465926279681674487e+02
4.455008339923820699e+02
4.444940267468135175e+02
4.435590094908245078e+02
4.426810491862447634e+02
4.419135837605157917e+02
4.411494777510341692e+02
4.403756642704838669e+02
4.395714981428774877e+02
4.387155605164434178e+02
4.377913699611970628e+02
4.367835693293162080e+02
4.356793198821612236e+02
4.344731222698969191e+02
4.331571185807213169e+02
4.317327440632590765e+02
4.302005515211204738e+02
4.285639775924842070e+02
4.268311514994022673e+02
4.250067739150480293e+02
4.231015756261629690e+02
4.211233555833608193e+02
4.190812294648030161e+02
4.169854955394786771e+02
4.148437819956088788e+02
4.126660925507644038e+02
4.104604575153689439e+02
4.082349875818179044e+02
4.059986830674071712e+02
4.037659960976039315e+02
4.014903587473034463e+02
3.992418279977413249e+02
3.970404076847897841e+02
3.949337722836546050e+02
3.930304668822697636e+02
3.916559579340734558e+02
3.915954611735118647e+02
3.944144770584402409e+02
4.027233767802534885e+02
4.193433568034566292e+02
4.429916499835014179e+02
4.638143768589187061e+02
4.755804888361740836e+02
4.808220338943477259e+02
4.835277137896900967e+02
4.857246988988566727e+02
4.886089461014748849e+02
4.928316684632010833e+02
4.987999971795293277e+02
5.061091354618669129e+02
5.139448927862024448e+02
5.215158208667904773e+02
5.282876279092484992e+02
5.338163704463141812e+02
5.387393246335356025e+02
5.430279647183812131e+02
5.468158856722553764e+02
5.498277215239686484e+02
5.516017135071672328e+02
5.519579679122499556e+02
5.510438414289621960e+02
5.491228204889044946e+02
5.464814894050084604e+02
5.432899924996346499e+02
5.397319685853282181e+02
5.359253685569289019e+02
5.319821855451004922e+02
5.280037445395876148e+02
5.240633060879631557e+02
5.202449542172651036e+02
5.166164755736548386e+02
5.132420148962999065e+02
5.101951626339454151e+02
5.075263957826390424e+02
5.052914134723525876e+02
5.035188964295038545e+02
5.022022451931208025e+02
5.013567629835007438e+02
5.008808388312753550e+02
5.006736051091971262e+02
5.006720045063365774e+02
5.008710414004260087e+02
5.012724410871761620e+02
5.019246537373583692e+02
5.028593980891938031e+02
5.040957247399132370e+02
5.056338652835524954e+02
5.074402277417169671e+02
5.094863350784223712e+02
5.117455133633253013e+02
5.142180582080466138e+02
5.169290512218541380e+02
5.198886366853682830e+02
5.230945105127170791e+02
5.264735145751250229e+02
5.299197577552339453e+02
5.332800785367796834e+02
5.364272913500071809e+02
5.392482512238267418e+02
5.416836539523369538e+02
5.436991715736343167e+02
5.452566727284732906e+02
5.465232587246770208e+02
5.473816878754272466e+02
5.478952412032660959e+02
5.481205953632869523e+02
5.481402824284363078e+02
5.480219389838300685e+02
5.478340150842736875e+02
5.476313416464219017e+02
5.474565940478147468e+02
5.473379407045558764e+02
5.472887825547917373e+02
5.473099260196087243e+02
5.473895475413469285e+02
5.475061851387748675e+02
5.476343991515567495e+02
5.477370268451303446e+02
5.477861802133716083e+02
5.477466128390263975e+02
5.475885746875636642e+02
5.472913440930153683e+02
5.468277760067944655e+02
5.461880981492147384e+02
5.453603037769257753e+02
5.442129656723103608e+02
5.428890882115707655e+02
5.413759438812039662e+02
5.396886376557151834e+02
5.378448136993796425e+02
5.358610911620376100e+02
5.337586459255843465e+02
5.315535831614320159e+02
5.292636922748762345e+02
5.269041906057882443e+02
5.244866685456717050e+02
5.220234994659293761e+02
5.195222153672459626e+02
5.169920050282407828e+02
5.144391414800584243e+02
5.118698495210509805e+02
5.092903418545561749e+02
5.067051613532008787e+02
5.041197340394671755e+02
5.015382668973202271e+02
4.989651356263624962e+02
4.964043139777029410e+02
4.938593837196573872e+02
4.913335427730524998e+02
4.887667042601386242e+02
4.862210467890602672e+02
4.836986628020355852e+02
4.812016582341478852e+02
4.787320590846130131e+02
4.762920147193649427e+02
4.738830110682583836e+02
4.715072580602421226e+02
4.691660735299673775e+02
4.668614592678011377e+02
4.645949654450631101e+02
4.623681775700008529e+02
4.601830694159215795e+02
4.580407140814028821e+02
4.559434623144510965e+02
4.538923242746365077e+02
4.518896348409119810e+02
4.499369448583158260e+02
4.480358206435225270e+02
4.461888464319614513e+02
4.443968718487689102e+02
4.426627885658081709e+02
4.409872617140239868e+02
4.393717674790568708e+02
4.377074145431876104e+02
4.359856632211029250e+02
4.343170711809241880e+02
4.326979114911252395e+02
4.311249341661790027e+02
4.295938806987671796e+02
4.280991585186805537e+02
4.266368547941947895e+02
4.252025886582663929e+02
4.237925987906931482e+02
4.224068146675422213e+02
4.210434930578147146e+02
4.197055093739302265e+02
4.183944016177504182e+02
4.171138844509302430e+02
4.158683174957620281e+02
4.146607974680838424e+02
4.134961761931694468e+02
4.123759478332345907e+02
4.113032717224593284e+02
4.102778223509955637e+02
4.092997368836747114e+02
4.083669751696607477e+02
4.074761759103448071e+02
4.065315156363058691e+02
4.054422266549973415e+02
4.043786679226293472e+02
4.033337375135639604e+02
4.023042276583437911e+02
4.012850428303186163e+02
4.002770624731286944e+02
3.992779156515450154e+02
3.982910928962936623e+02
3.973175985128602861e+02
3.963553444131297852e+02
3.954028618307455076e+02
3.944459494375076929e+02
3.934736852374647356e+02
3.924679346822861703e+02
3.914167751358833698e+02
3.903089863230530909e+02
3.891436382984884403e+02
3.879202319564910226e+02
3.866457909299528524e+02
3.853273868544886227e+02
3.839719570452804192e+02
3.825890470064898636e+02
3.811828973748272915e+02
3.796927651083672686e+02
3.782538881511958948e+02
3.768156169591960065e+02
3.753806251112838481e+02
3.739503351802358111e+02
3.725271941232779227e+02
3.711102461111963180e+02
3.697009771953284485e+02
3.682977262792103943e+02
3.669004361791373867e+02
3.655075891860325896e+02
3.641179920625103819e+02
3.627306285319535846e+02
3.613437305730946036e+02
3.599567187894791118e+02
3.585678288730030658e+02
3.571773293454760960e+02
3.557836759039402068e+02
3.543874855164056044e+02
3.529877768847276798e+02
3.515840421331832317e+02
3.501744623377215930e+02
3.487519648597213404e+02
3.473060511411060247e+02
3.458652597957803323e+02
3.444857805412868288e+02
3.431073358134561317e+02
3.417315498562168727e+02
3.403624168870715039e+02
3.390009197819927635e+02
3.376511456235436981e+02
3.363150370079885079e+02
3.349952447542942195e+02
3.336949058803825778e+02
3.324154376345513242e+02
3.311600703667963899e+02
3.299302184489795877e+02
3.287282338204882421e+02
3.275562267124853975e+02
3.264162559177130447e+02
3.253113675614774252e+02
3.242442704027645846e+02
3.232188220826977272e+02
3.222349378664251276e+02
3.212885896707529128e+02
3.203527372306700727e+02
3.193782984279349648e+02
3.183034021889677661e+02
3.173387451320466539e+02
3.164715353790111863e+02
3.156262499447466894e+02
3.148030159686739466e+02
3.140016971841822055e+02
3.132234282230716644e+02
3.124682199540753231e+02
3.117375940148006066e+02
3.110326785768975810e+02
3.103550159850414047e+02
3.097074795152530555e+02
3.090926418595203131e+02
3.085150355257397905e+02
3.079804127311159618e+02
3.074945406484964110e+02
3.070660800136857347e+02
3.066981969667205590e+02
3.063886693728987325e+02
3.061214322572075162e+02
3.058639262080689036e+02
3.055824674328907804e+02
3.052614389288445409e+02
3.049148646609334037e+02
3.045782346337145441e+02
3.045168876227099304e+02
3.046234804809144521e+02
3.048394229729448170e+02
3.051727718102607128e+02
3.056284917600762014e+02
3.062080936841516063e+02
3.069048616919842516e+02
3.077109898426431869e+02
3.086113782383889088e+02
3.095944295998705229e+02
3.106547899308226874e+02
3.117925898385409482e+02
3.130293520051587279e+02
3.144167709389826086e+02
3.160786854224567719e+02
3.184117721132077463e+02
3.222835096814432063e+02
3.292018976790445208e+02
3.384988246505287748e+02
3.455860714100919608e+02
3.488878186559678056e+02
3.505777557467482666e+02
3.518024514320714502e+02
3.529569944553011851e+02
3.547137710124572436e+02
3.568449793275563025e+02
3.590359854926313119e+02
3.612367294311042656e+02
3.633905333932573853e+02
3.654206030226810071e+02
3.672574700151629372e+02
3.688482706799091488e+02
3.701608767960920545e+02
3.711866147455728537e+02
3.719426006047453370e+02
3.724545003703887573e+02
3.727696501817799799e+02
3.729405955012241520e+02
3.730472513911851138e+02
3.732022203022148119e+02
3.735652875451681325e+02
3.743776907469543858e+02
3.758368784029236735e+02
3.780506091156191246e+02
3.806867349615098419e+02
3.831318494439133246e+02
3.848073136442355349e+02
3.855715509788412305e+02
3.860658866577201138e+02
3.862892309130782564e+02
3.862709379747062712e+02
3.862697515869591598e+02
3.865251993208229919e+02
3.873390716013591941e+02
3.889513570753275644e+02
3.912399584199515630e+02
3.936389198224954384e+02
3.957602264090029962e+02
3.976609666961318794e+02
3.995261367448738952e+02
4.013979039340643453e+02
4.032191473287358008e+02
4.049360885225013362e+02
4.065061949431952257e+02
4.079966565938283907e+02
4.095342176925972240e+02
4.113838778265422320e+02
4.139301651460452263e+02
4.176041779623186017e+02
4.226585311456141767e+02
4.289418920111154989e+02
4.361939536919744000e+02
4.440001923419059153e+02
4.514519231448345522e+02
4.572905146505731295e+02
4.613532591739778468e+02
4.641316894053803139e+02
4.663908882698502794e+02
4.688407945439741979e+02
4.722539973146741090e+02
4.772137401436600612e+02
4.837398951631860768e+02
4.907665748585978349e+02
4.970109439535956426e+02
5.018331934652406972e+02
5.051956227478913206e+02
5.073368405833903694e+02
5.085560315327485910e+02
5.090436766628324108e+02
5.089239004656411112e+02
5.083115655750453925e+02
5.072796496642531565e+02
5.059359443779062531e+02
5.043838203776027171e+02
5.027310299585749362e+02
5.011149373136129839e+02
4.997047722517169177e+02
4.985583075324202582e+02
4.977619785332199172e+02
4.973476943229293852e+02
4.973057392102460881e+02
4.975250910613575002e+02
4.978486868263946690e+02
4.981022440980289048e+02
4.981273433977398213e+02
4.978096906567953965e+02
4.971363303701563154e+02
4.961119696694483991e+02
4.948106801783807214e+02
4.932972384067793428e+02
4.916419775364789757e+02
4.899135546131815886e+02
4.881648169363713805e+02
4.864587056513631751e+02
4.848402101708883833e+02
4.833718149152703631e+02
4.820972759986854612e+02
4.810631785107653968e+02
4.803007857416794764e+02
4.797984391733026541e+02
4.794404191523034910e+02
4.791182101884228359e+02
4.787810631772947545e+02
4.782865004646188254e+02
4.775182715115911378e+02
4.763819216969399690e+02
4.748704268237505062e+02
4.729876012787849504e+02
4.707932738522466138e+02
4.683538955576562444e+02
4.657281651960806244e+02
4.629874401428662622e+02
4.601769741355280985e+02
4.573448746440536183e+02
4.545282678881113725e+02
4.517538878414691794e+02
4.490502715135700100e+02
4.464349774139691931e+02
4.439250280680338960e+02
4.415354763713579018e+02
4.392728078378906957e+02
4.371473330795492416e+02
4.351606263999710791e+02
4.333137713145334828e+02
4.314538155468800369e+02
4.297685137764862020e+02
4.282117679528016652e+02
4.267735801138205147e+02
4.254421920424291557e+02
4.242123865736409698e+02
4.230687036011453301e+02
4.220019021555700078e+02
4.209964211665366065e+02
4.200323779906235586e+02
4.190941808907799100e+02
4.181573135125762519e+02
4.172037660726207378e+02
4.162168698268037588e+02
4.151807199905986749e+02
4.140885755254998912e+02
4.129318032634791393e+02
4.117066477970691381e+02
4.104118652049678531e+02
4.090439024803944790e+02
4.076033324573628533e+02
4.060883545776486017e+02
4.044980864027342591e+02
4.028341743383183484e+02
4.009885353697313235e+02
3.992063133682961507e+02
3.973485060196982204e+02
3.954195457847013131e+02
3.934270881492977878e+02
3.913761707647257140e+02
3.892754181269781952e+02
3.871315881479143854e+02
3.849518593721782622e+02
3.827442654643459150e+02
3.805145285995199629e+02
3.782700708659474458e+02
3.760164166541757140e+02
3.737589907665836790e+02
3.715034507305730926e+02
3.692534670811895126e+02
3.670142299859821833e+02
3.647888543285060337e+02
3.625811656404275709e+02
3.603946875438869597e+02
3.582322265368486001e+02
3.560987307097408916e+02
3.540004376474727792e+02
3.519565294503439645e+02
3.500373302943337990e+02
3.485234686129427928e+02
3.477101148803270689e+02
3.484449043545250788e+02
3.511991593841853501e+02
3.541740438166123113e+02
3.552662446025040595e+02
3.548428177143792936e+02
3.537204992675228823e+02
3.523776549938868925e+02
3.509987034403841903e+02
3.496819089218871000e+02
3.485483111675319492e+02
3.478662836219129986e+02
3.480079948420063829e+02
3.490497252526893135e+02
3.501721373209912258e+02
3.506356321777867038e+02
3.504532893935581228e+02
3.500090324690460761e+02
3.495499290616327244e+02
3.493372534765972546e+02
3.497281042682683392e+02
3.514052276979147109e+02
3.550997142374418445e+02
3.609503540264739172e+02
3.672440656962722869e+02
3.720844841050717378e+02
3.750244197650556544e+02
3.769068374864737052e+02
3.783692752694216779e+02
3.798285758009495225e+02
3.815256991801747972e+02
3.836180811316871200e+02
3.861773022310073884e+02
3.889312748040238148e+02
3.914264838395600350e+02
3.933395827734931345e+02
3.948245931470936512e+02
3.963609381419465763e+02
3.984689136856820255e+02
4.013270655421648598e+02
4.044515456516748486e+02
4.071934190347278104e+02
4.093055286453221129e+02
4.111315741784035822e+02
4.131601588720510563e+02
4.157697492054048212e+02
4.188822006251447192e+02
4.223102384783033472e+02
4.251930633561108266e+02
4.269734474843926932e+02
4.275311825603048987e+02
4.270604224213741986e+02
4.259278938782287582e+02
4.243800263969733351e+02
4.226279890277135678e+02
4.207772586578194591e+02
4.188906995000559732e+02
4.169901152278874861e+02
4.150741019818675568e+02
4.131305910671937340e+02
4.111550526716380887e+02
4.091492217031136533e+02
4.071311626904678178e+02
4.051254687029930324e+02
4.031553518800548659e+02
4.012495383208884618e+02
3.994258185475010805e+02
3.977050884802594055e+02
3.961023813749171723e+02
3.946279335613866124e+02
3.934928499057235740e+02
3.926383921132891714e+02
3.919261727312272683e+02
3.913491467840454447e+02
3.909018932310326591e+02
3.905770839490295430e+02
3.903611754021416118e+02
3.902466931679059599e+02
3.902170122752447696e+02
3.902631821198775128e+02
3.903707101801874728e+02
3.905294516939399045e+02
3.907269189196039747e+02
3.909540272455594732e+02
3.912018910922936357e+02
3.914614656792894607e+02
3.917281553653157289e+02
3.919921147411802735e+02
3.922516476457794283e+02
3.924992206073611669e+02
3.927317221961820337e+02
3.929459016146854538e+02
3.931359794577383013e+02
3.933024114137448919e+02
3.934740709822020222e+02
3.935972475343714336e+02
3.936859179334010719e+02
3.937452543449209088e+02
3.937842321092963971e+02
3.938104299484097623e+02
3.938362265583656381e+02
3.938710071194580564e+02
3.939234812124655036e+02
3.939993289345092649e+02
3.940993254655169835e+02
3.942191858631611012e+02
3.943487935707304928e+02
3.944734273220462910e+02
3.945725757243231442e+02
3.946266203282081619e+02
3.946112737362960843e+02
3.945078870776585518e+02
3.942998420124573045e+02
3.939729099550452247e+02
3.935238504453025143e+02
3.929491797355039466e+02
3.922554303531768483e+02
3.914514645833849613e+02
3.905397417427686264e+02
3.896064729032760283e+02
3.886094593878185606e+02
3.875687360026670376e+02
3.865046380580834011e+02
3.854359747573583945e+02
3.843835783411515763e+02
3.833652606252547344e+02
3.823980153019862769e+02
3.814989248996847664e+02
3.806774035336192696e+02
3.799451599818357295e+02
3.793029295917743866e+02
3.787496024092547486e+02
3.782765617634248088e+02
3.778686266509074585e+02
3.775075740805729652e+02
3.771711602884531658e+02
3.768374738761044114e+02
3.764864918258500666e+02
3.761039615247197503e+02
3.756765282128022250e+02
3.752020537481869269e+02
3.746764561968223006e+02
3.740858752391752660e+02
3.736011559458398779e+02
3.730844736356081626e+02
3.725371031295886723e+02
3.719541003726727126e+02
3.713344815505377596e+02
3.706729215434102116e+02
3.699668927471954589e+02
3.692143768801520878e+02
3.684130632244739445e+02
3.675671027034333065e+02
3.666764950484645169e+02
3.657499166882780059e+02
3.647916945147168803e+02
3.638104716174902933e+02
3.628146744305377069e+02
3.618103721838577371e+02
3.608078401409995877e+02
3.598112870453167602e+02
3.588293874501234768e+02
3.578665814300994157e+02
3.569279997847246477e+02
3.560205391446687031e+02
3.551475635200770284e+02
3.542690979648017446e+02
3.537793320809864213e+02
3.533418061478470804e+02
3.529757382231791780e+02
3.526994209709009738e+02
3.525414758795133139e+02
3.525245902363151913e+02
3.526741114764841427e+02
3.530079035067848849e+02
3.535271947110201154e+02
3.542309009575973278e+02
3.551053961353308637e+02
3.561757445835334579e+02
3.575098406415918362e+02
3.593655866219538666e+02
3.622255888277522331e+02
3.671011359707408701e+02
3.749303069149967200e+02
3.850570377310025947e+02
3.944813357077146065e+02
4.012912975210466016e+02
4.058203790489955622e+02
4.092629151948805770e+02
4.124000860829795556e+02
4.157667936769703374e+02
4.195338294065742843e+02
4.240367341874782596e+02
4.290280752385942833e+02
4.339864344110644652e+02
4.382135744291077231e+02
4.412803249124976332e+02
4.429878767066678051e+02
4.434631445338523008e+02
4.428696627576003948e+02
4.414913758902437735e+02
4.395283918810263799e+02
4.371741679667101721e+02
4.345585648146258677e+02
4.317775358218303836e+02
4.288978267129164692e+02
4.259633743379729367e+02
4.230069450154517767e+02
4.200502416359693711e+02
4.171110689070571311e+02
4.142007893862515857e+02
4.113312050147569039e+02
4.085098114126810174e+02
4.057449133759010351e+02
4.030048051924790116e+02
4.003580023975070503e+02
3.978088820467370965e+02
3.953666099283785798e+02
3.930469842409007128e+02
3.908641338353173182e+02
3.888324758634714726e+02
3.869726361188407964e+02
3.852961640736213553e+02
3.838249327042067307e+02
3.825685525906027920e+02
3.815385937856511873e+02
3.807414675598718077e+02
3.801699815807365326e+02
3.798190789354700883e+02
3.796650518301331090e+02
3.796858658085340039e+02
3.798526961578972418e+02
3.801366025314111994e+02
3.805145211814745494e+02
3.809711861214955206e+02
3.814983483712130123e+02
3.821040868539859616e+02
3.827965631621830767e+02
3.835002420476639031e+02
3.843366691611277020e+02
3.852940656946560125e+02
3.863873105598920574e+02
3.876009840737723380e+02
3.889292740408352529e+02
3.903254388103273982e+02
3.917458896234093118e+02
3.931321806574007951e+02
3.944281193280725688e+02
3.955822000618462653e+02
3.965671948143818781e+02
3.973672275693897973e+02
3.979977670212160206e+02
3.984990198005814364e+02
3.989188429449464479e+02
3.993374842472932187e+02
3.998262202194486576e+02
4.004773954903005233e+02
4.013874986649269090e+02
4.026531422692690967e+02
4.043947853028842587e+02
4.067172653279566248e+02
4.097374074971926348e+02
4.133928372507685935e+02
4.179923458397231570e+02
4.234550296072603146e+02
4.296967998039959866e+02
4.366058598581715842e+02
4.440147806936006418e+02
4.517136351514643593e+02
4.594977052040325134e+02
4.671633363594588104e+02
4.745318579983639324e+02
4.814808778549206068e+02
4.879502695058133668e+02
4.939402748265212608e+02
4.995203168654197157e+02
5.047587992349195360e+02
5.097397602599460811e+02
5.145167471314227896e+02
5.191294786297161181e+02
5.235850552406343468e+02
5.278567955751091176e+02
5.318667136985657180e+02
5.355122580347042458e+02
5.387078431290954086e+02
5.414116308324896636e+02
5.436240321263270516e+02
5.454060094683699162e+02
5.467613381818098333e+02
5.477630709432571621e+02
5.484618354719698345e+02
5.489041127287840709e+02
5.491364376615179026e+02
5.491859098606774978e+02
5.490879486227124744e+02
5.488643619683011821e+02
5.485371414522386431e+02
5.481264115076361350e+02
5.476471218893967716e+02
5.471161289675650323e+02
5.465461437615667819e+02
5.459501142001726066e+02
5.453401465214691370e+02
5.447272371900912731e+02
5.441225243375870377e+02
5.435367998686440387e+02
5.429798455541642852e+02
5.424624874015339628e+02
5.419933876063032585e+02
5.415818703280230011e+02
5.410293508170815358e+02
5.406959375205569813e+02
5.404361339465732499e+02
5.402426365791234275e+02
5.401064738249467609e+02
5.400149564742059738e+02
5.399511575770794707e+02
5.399003987325205571e+02
5.398437406411286474e+02
5.397669005450463828e+02
5.396568345316211435e+02
5.395022071195186300e+02
5.392991475474466370e+02
5.390438911184704693e+02
5.387398814871731929e+02
5.383905361841406148e+02
5.380042634371923214e+02
5.375887243078592519e+02
5.371529916169744183e+02
5.367045044923527257e+02
5.362457395198767927e+02
5.357775819260351682e+02
5.352897716533653920e+02
5.347712348256284258e+02
5.341062723833333621e+02
5.332901466792067140e+02
5.323512335567370428e+02
5.312678741941167573e+02
5.300134089750465591e+02
5.285689110537913393e+02
5.269257978894032703e+02
5.250715160016079608e+02
5.230190504754892800e+02
5.207687832902990976e+02
5.183434250318523482e+02
5.157594548364586444e+02
5.130372850162560781e+02
5.102020311271409696e+02
5.072704386748959564e+02
5.042665860218181706e+02
5.012067695894465373e+02
4.981081664622960261e+02
4.949859532389238552e+02
4.918522054565040094e+02
4.887190361879931402e+02
4.855962107256946183e+02
4.824920814679958312e+02
4.794143848296239980e+02
4.763259212573609034e+02
4.732908487633764025e+02
4.703058336766118828e+02
4.673715188949297499e+02
4.644892602412846827e+02
4.616587884085004134e+02
4.588785784743183740e+02
4.561487138956630361e+02
4.534660206884274771e+02
4.508292615546966999e+02
4.482364327982235181e+02
4.456841731931413619e+02
4.431723523788240300e+02
4.406975517205189590e+02
4.382595119191399817e+02
4.358580193576656825e+02
4.334917093356158944e+02
4.311638443741188667e+02
4.288748607561544191e+02
4.266281366906213179e+02
4.244280958478448724e+02
4.222744390292000958e+02
4.201705042647536175e+02
4.181089994683324562e+02
4.160909695242105499e+02
4.141133950964704695e+02
4.121228021738617713e+02
4.100957322685968620e+02
4.080141773499496480e+02
4.058689385417858944e+02
4.036610336782963486e+02
4.014008383274514244e+02
3.991000094797262250e+02
3.967762643374970253e+02
3.944435022245129971e+02
3.921160979697319249e+02
3.898069303679887980e+02
3.875271190980072333e+02
3.852879399225953421e+02
3.831005599640037076e+02
3.809746032861428375e+02
3.789228676385358199e+02
3.769553972043711383e+02
3.750858820534169240e+02
3.733278977451549281e+02
3.716944170420997011e+02
3.702062105233321176e+02
3.688771866136034987e+02
3.678053543384559703e+02
3.669560225587792957e+02
3.663387431198153763e+02
3.659868133270687167e+02
3.659219478635463929e+02
3.661798349110725894e+02
3.667584722842061069e+02
3.676654329954998275e+02
3.688690300217775757e+02
3.703359784856838814e+02
3.720147847035422615e+02
3.738564527942974109e+02
3.758238980309944282e+02
3.778839940967765756e+02
3.800420439117127671e+02
3.822797240123092024e+02
3.846130116734161106e+02
3.870091687878537527e+02
3.894388352563721014e+02
3.918383091666012774e+02
3.941359778669090019e+02
3.962655260743566714e+02
3.981654344429226740e+02
3.998094753829350338e+02
4.012779076369259315e+02
4.024246759701077849e+02
4.032853080300819215e+02
4.038805874872178947e+02
4.042207586767383418e+02
4.043249781769011406e+02
4.042130851631804944e+02
4.039042802480400383e+02
4.034251839022373360e+02
4.027952204337618127e+02
4.020409366164930134e+02
4.011808776643567285e+02
4.002360470934160617e+02
3.992234336373135761e+02
3.981567615952049550e+02
3.970498483647476178e+02
3.959116269099853866e+02
3.947516799196129682e+02
3.935764310559934529e+02
3.923914226766627849e+02
3.912014268736526788e+02
3.900094791790331783e+02
3.888184285902486863e+02
3.876299612027719377e+02
3.864677592657542959e+02
3.852063469800983739e+02
3.839484430649334286e+02
3.826927539154891065e+02
3.814374163725504445e+02
3.801800360603849640e+02
3.789184720918843254e+02
3.776497293220961069e+02
3.763714694448198088e+02
3.750807285526000783e+02
3.737749752039871396e+02
3.724518659253836290e+02
3.711089476006186487e+02
3.697448784799338455e+02
3.683576258600338065e+02
3.669467833481011780e+02
3.655113183715017726e+02
3.640513599802267208e+02
3.625674781388902375e+02
3.610599989725888008e+02
3.595308423878998951e+02
3.579808712139066529e+02
3.564125228480428973e+02
3.548277358703796835e+02
3.532365578110432125e+02
3.516339847605610203e+02
3.500213150366516857e+02
3.484019358560485102e+02
3.467784612477908581e+02
3.451539163078852539e+02
3.435311706147521136e+02
3.419128355281232530e+02
3.403017098750221976e+02
3.387002123979928569e+02
3.371108310837716999e+02
3.355357244950107543e+02
3.339771661740042532e+02
3.324369283152851153e+02
3.309170849489583475e+02
3.294191656238563723e+02
3.279448083526366986e+02
3.264955725848991506e+02
3.250725093425078853e+02
3.236772366356364614e+02
3.223104325064644513e+02
3.209735053878899294e+02
3.196672261585654269e+02
3.183924591318480566e+02
3.171571533066413053e+02
3.159532500796447039e+02
3.147839136490051715e+02
3.136494851651457907e+02
3.125510627675947148e+02
3.114895068783838497e+02
3.104654475706062158e+02
3.094805047759458603e+02
3.085351078281879040e+02
3.076313740656714799e+02
3.067701871306072121e+02
3.059537482247270646e+02
3.051840859529543764e+02
3.044633337495717456e+02
3.037955960343713855e+02
3.031845413126095536e+02
3.026405147454215694e+02
3.021790436639374207e+02
3.018394037800260890e+02
3.017104131278246086e+02
3.019722884508949505e+02
3.030302755092176312e+02
3.053975132907380043e+02
3.095040015053676257e+02
3.146052043242496552e+02
3.190191730355834352e+02
3.216600234997248435e+02
3.227860968743888179e+02
3.229577283195525297e+02
3.226990974887508514e+02
3.222552306167073084e+02
3.217562470833973407e+02
3.212622169087051702e+02
3.207984640462982497e+02
3.203781986922047054e+02
3.200090711449009859e+02
3.197015445039820634e+02
3.194794745995110361e+02
3.193951242778563255e+02
3.195347452358788587e+02
3.200734597337456080e+02
3.212138626727872293e+02
3.232261072131468040e+02
3.262250923763047581e+02
3.301335478881458698e+02
3.347622653971298519e+02
3.398484569468701011e+02
3.451077760937566268e+02
3.505045367741565769e+02
3.555292009752029116e+02
3.600306499692130728e+02
3.639800938455530854e+02
3.673714608831299984e+02
3.703751917054716500e+02
3.731963078549848092e+02
3.761797771278313576e+02
3.795662832537855138e+02
3.834648335065011224e+02
3.877330169543004104e+02
3.920578645678157841e+02
3.961977499245450076e+02
4.001298959256292846e+02
4.039111108822795586e+02
4.076154317925982582e+02
4.111690016461125765e+02
4.144172307418657510e+02
4.172129640290824568e+02
4.194579210320248421e+02
4.211541233939154836e+02
4.223683123336720087e+02
4.231751850123346799e+02
4.236667257160088411e+02
4.237152051279369971e+02
4.233638205471449396e+02
4.228059198055813681e+02
4.220439360088005856e+02
4.210839558144000421e+02
4.199267925508316353e+02
4.185882637487815714e+02
4.170830257033975386e+02
4.154386502691596661e+02
4.136865581153202243e+02
4.118555609593230997e+02
4.099816640840257378e+02
4.080919515535888422e+02
4.062137120748006964e+02
4.043705392362302291e+02
4.025733388661798244e+02
4.008330877654012738e+02
3.991464769116958564e+02
3.975053347437687989e+02
3.958948238312186731e+02
3.942940269322189693e+02
3.926799698593598009e+02
3.910322654268155134e+02
3.893318257834985161e+02
3.874980821732684717e+02
3.855028639023802839e+02
3.834288435724673718e+02
3.812842449523524806e+02
3.790725197493941891e+02
3.768043318086261593e+02
3.744910269654191666e+02
3.721412309274990662e+02
3.697688601851261865e+02
3.673820011696524261e+02
3.649916716056283121e+02
3.626060165128519088e+02
3.602325270691559354e+02
3.578783492364559606e+02
3.555489582658917698e+02
3.532498077154428415e+02
3.509852885627245769e+02
3.487593436302844907e+02
3.465751317262821658e+02
3.444358366143845842e+02
3.423435573489989565e+02
3.403008731083677390e+02
3.383093308864279152e+02
3.363705029305263565e+02
3.344542050939600699e+02
3.325119884640350278e+02
3.306346146113234568e+02
3.288217167603213511e+02
3.270736720526201111e+02
3.253902769186223054e+02
3.237706139928642983e+02
3.222148409921770735e+02
3.207212934791869543e+02
3.192896611446251427e+02
3.179186142175831833e+02
3.166066957508980408e+02
3.153533282237005437e+02
3.141562550622834920e+02
3.130149996860934607e+02
3.119276964338412768e+02
3.108929841194358232e+02
3.099100839947844861e+02
3.089768693010714742e+02
3.080930955870335310e+02
3.072568127706168752e+02
3.064671977053934029e+02
3.057233939066568382e+02
3.050237110348941769e+02
3.043515763485092975e+02
3.037241075098451688e+02
3.031441527510494893e+02
3.026099438041842973e+02
3.021195927405593125e+02
3.016722639450156862e+02
3.012652392470831160e+02
3.008977822083339788e+02
3.005674180154608166e+02
3.002724014315944601e+02
3.000112529962083272e+02
2.997812706140396699e+02
2.995813685520996046e+02
2.994088210012853892e+02
2.992619095528981461e+02
2.991388447312580183e+02
2.990371190951347558e+02
2.989555957139721158e+02
2.988917111902255783e+02
2.988440629783108875e+02
2.988109590484737055e+02
2.987904201732610545e+02
2.987815621469393932e+02
2.987823421592216846e+02
2.987875294821992611e+02
2.988235806651292137e+02
2.988656173961019817e+02
2.989128039506654773e+02
2.989636029023563992e+02
2.990173771133085552e+02
2.990730455044732139e+02
2.991297855521116844e+02
2.991870750312424434e+02
2.992440525568425187e+02
2.993003759645077935e+02
2.993554244564654141e+02
2.994087904470158037e+02
2.994601168601140557e+02
2.995089664727063905e+02
2.995550315851156711e+02
2.995979359750577942e+02
2.996372663939862377e+02
2.996726751759102854e+02
2.997036447489633133e+02
2.997297174556844652e+02
2.997502999283738632e+02
2.997647146336399260e+02
2.997723463251285807e+02
2.997559204827929875e+02
2.997536537150694471e+02
2.997430241085534135e+02
2.997240391655200256e+02
2.996968464364573492e+02
2.996618509696985484e+02
2.996201637890785037e+02
2.995736566604222162e+02
2.995255921428549755e+02
2.994821642471733867e+02
2.994530073783881221e+02
2.994551847285795816e+02
2.995192720409277740e+02
2.996903783107393338e+02
3.000609703055584419e+02
3.007511290622215938e+02
3.019592710058997795e+02
3.039183954401913752e+02
3.067751084213185777e+02
3.104967224713428777e+02
3.146243482530688311e+02
3.185908992126318822e+02
3.220415590594174660e+02
3.249895209583444853e+02
3.276838991657867837e+02
3.304916119528945160e+02
3.338860583553866945e+02
3.383754737866130995e+02
3.443617344986801641e+02
3.521052380577690428e+02
3.613027061154894568e+02
3.714345131830619380e+02
3.816729924253095305e+02
3.912447234310908470e+02
3.994589937487370435e+02
4.061806386239052813e+02
4.116200348837850242e+02
4.163166018657112772e+02
4.207785817833271267e+02
4.253993019596543377e+02
4.304274781332414364e+02
4.357216583550173823e+02
4.409819200847749130e+02
4.457686304508199555e+02
4.498262978103710452e+02
4.529749858032830048e+02
4.552182738146055954e+02
4.566237205519527720e+02
4.571900620074414405e+02
4.570021317426252949e+02
4.565788949994178552e+02
4.560228087861913764e+02
4.553657476509917501e+02
4.545964625531181014e+02
4.536865020935500752e+02
4.525957460912538295e+02
4.513089892663892897e+02
4.498071758961515343e+02
4.481125295490109579e+02
4.462474292456639660e+02
4.442510850077256919e+02
4.421720790526561018e+02
4.400495528411821056e+02
4.379341228928162195e+02
4.358622261358084415e+02
4.338728038415113133e+02
4.319982373241588789e+02
4.302711505355442227e+02
4.287294913087876012e+02
4.274105198673973973e+02
4.263796688412375602e+02
4.256733464610337592e+02
4.252857939606660693e+02
4.253562839394782031e+02
4.256368374395214005e+02
4.259383396274726579e+02
4.260551039940100395e+02
4.258364575195307111e+02
4.252456987994826250e+02
4.243073369771342414e+02
4.230941222648558551e+02
4.216993397631514426e+02
4.202036821919744511e+02
4.186906862894275605e+02
4.172330292352897914e+02
4.158937877610953819e+02
4.147488452470989841e+02
4.138764475054986747e+02
4.133807447340107615e+02
4.134070447452301096e+02
4.140819172450750898e+02
4.155370845805852582e+02
4.177282740169591762e+02
4.204581859152496008e+02
4.233601631906342391e+02
4.261580415263475743e+02
4.287247057381477475e+02
4.312605673285258945e+02
4.338102971259579022e+02
4.364538518092485901e+02
4.391883686250378105e+02
4.419167795078494123e+02
4.445151650791264046e+02
4.468409225559521474e+02
4.488190860661937336e+02
4.504070076987701441e+02
4.516200208936123204e+02
4.525430812916546870e+02
4.533033598280275100e+02
4.540950750296711931e+02
4.551845549010325840e+02
4.568038330763252475e+02
4.591229999843197334e+02
4.619135097751061494e+02
4.645870386039137543e+02
4.664362421203246072e+02
4.671840168425330830e+02
4.668562020567412674e+02
4.657695559067471436e+02
4.641632953421104162e+02
4.621139419398160726e+02
4.598454634245444481e+02
4.574596871264321294e+02
4.550184018750742894e+02
4.525548310490621020e+02
4.500935618023850679e+02
4.476517006583830494e+02
4.452399322191120632e+02
4.428662867451767511e+02
4.405366929628662547e+02
4.382536841479604277e+02
4.360200634373449020e+02
4.338366279112206030e+02
4.317029819990727901e+02
4.296197269503668394e+02
4.275843133861977208e+02
4.255962837279275846e+02
4.236529394676446145e+02
4.217517916148020731e+02
4.198908539138236051e+02
4.180661259778984800e+02
4.162754820390251211e+02
4.145149566597331159e+02
4.127814663533392832e+02
4.110126769792361756e+02
4.092646354179818786e+02
4.075444516057769988e+02
4.058499953907231088e+02
4.041803309351427629e+02
4.025344463199049869e+02
4.009112687407863405e+02
3.993105959256737947e+02
3.977316234479427521e+02
3.961744060740573445e+02
3.946387551777796148e+02
3.931246195369724319e+02
3.916322801507080840e+02
3.901616280011381832e+02
3.887130276098189938e+02
3.872865114625897718e+02
3.858822108828323962e+02
3.845002895796981761e+02
3.831405439000664046e+02
3.818030455071987035e+02
3.804875171868208099e+02
3.791937215705961535e+02
3.779214510294231104e+02
3.766700913070276329e+02
3.754279949587746046e+02
3.742180311170923233e+02
3.730250939194289117e+02
3.718485033971689404e+02
3.706871848126106670e+02
3.695407072921264557e+02
3.684083641349492950e+02
3.672900925677649866e+02
3.661863458932596131e+02
3.650985249877522278e+02
3.640296126286052072e+02
3.629849023694483208e+02
3.619739252765929791e+02
3.610109709899505219e+02
3.601226148908331197e+02
3.593440356121006971e+02
3.587377317297520563e+02
3.583880054770226593e+02
3.584167477820261070e+02
3.589961238948474715e+02
3.602921454778520456e+02
3.624986572862364369e+02
3.656616723368971975e+02
3.696723084345420602e+02
3.741372349686127450e+02
3.786678521687323382e+02
3.829196284898816316e+02
3.867954226315830510e+02
3.903761197765139741e+02
3.938969583206643961e+02
3.975260510332460626e+02
4.013583592924734376e+02
4.054081520133652816e+02
4.096530157437557023e+02
4.140669838348528629e+02
4.185760073335844709e+02
4.230306873255110531e+02
4.273353854097940143e+02
4.314801934799527885e+02
4.355201313127275853e+02
4.395897177414757948e+02
4.437479932803512952e+02
4.480575817141245807e+02
4.525329122145630549e+02
4.571692091287114863e+02
4.619612388225292534e+02
4.668810844176368846e+02
4.718909180346334438e+02
4.767895596904986633e+02
4.817099541232518618e+02
4.864688544774241450e+02
4.909805982547752592e+02
4.951574916662646615e+02
4.989733047948286071e+02
5.024212464407662537e+02
5.055138165563350299e+02
5.082972877579271653e+02
5.107978795855170233e+02
5.130695844082295025e+02
5.151480657154772871e+02
5.170791506667909516e+02
5.189055835240052375e+02
5.206727360073927002e+02
5.224307511346307820e+02
5.242308972145565349e+02
5.261307778774515782e+02
5.281825646509662420e+02
5.304428487043229552e+02
5.329403472773667545e+02
5.357000081247114167e+02
5.387000336069550031e+02
5.419144509452223701e+02
5.449506426605991010e+02
5.480045161769720607e+02
5.510222376644746873e+02
5.539047151696876199e+02
5.565123846670992407e+02
5.587023037197343456e+02
5.603492549003509566e+02
5.613761961755972152e+02
5.617885247074713106e+02
5.616121717040896328e+02
5.609501137948766427e+02
5.598789367022615124e+02
5.585011066013977370e+02
5.568903558368149334e+02
5.551091246932857075e+02
5.532040277132119854e+02
5.511973461391345381e+02
5.491017388982328384e+02
5.469146180976231335e+02
5.446304355640439780e+02
5.422442638643196915e+02
5.397612567002457808e+02
5.371885718555975018e+02
5.345516079408017731e+02
5.316757758383023429e+02
5.287773008707349618e+02
5.259040518225508549e+02
5.230877268825711326e+02
5.203627869497726124e+02
5.177562095747392732e+02
5.152901562220396272e+02
5.129806243907921726e+02
5.108271593703374833e+02
5.088263772926275692e+02
5.069579018920843509e+02
5.052042839310462341e+02
5.024903166568815891e+02
5.009430012978646687e+02
4.994509572031944913e+02
4.979911410385651607e+02
4.965531025809313519e+02
4.951136413773379559e+02
4.936566414656440429e+02
4.921624270477910841e+02
4.906201391940847429e+02
4.890204542361358335e+02
4.873637163104815500e+02
4.856546660655236565e+02
4.837792937412729657e+02
4.818423603057764808e+02
4.798980629181584163e+02
4.779719054687450353e+02
4.760876314472329796e+02
4.742735335126666882e+02
4.725544474532818526e+02
4.709574473138443409e+02
4.695023925549156729e+02
4.682086026981900204e+02
4.670855192935637206e+02
4.661368605655648025e+02
4.653601781896231273e+02
4.647424287969664078e+02
4.642707902590620961e+02
4.639230149504962810e+02
4.636812737407426539e+02
4.635246148153887589e+02
4.634353161630820068e+02
4.633986811805216917e+02
4.633980105640479792e+02
4.634200718419646137e+02
4.634467863228128977e+02
4.634595141958866407e+02
4.633676723313770935e+02
4.632402389774043741e+02
4.630041230429345092e+02
4.626387301029721471e+02
4.621195375495673261e+02
4.614341883895758656e+02
4.605765526424182212e+02
4.595425452364656280e+02
4.583466322872345131e+02
4.569928218297901026e+02
4.555051951905138594e+02
4.538965462663976496e+02
4.521881098082414496e+02
4.504002166971456518e+02
4.485493718332656954e+02
4.466613358184762888e+02
4.447536890811462627e+02
4.428587125275910807e+02
4.410015961479364250e+02
4.392195520994174558e+02
4.375509741208561536e+02
4.360323956748231922e+02
4.347146026858992514e+02
4.336278858916120953e+02
4.327473801783145291e+02
4.320505193066211973e+02
4.315042986039070456e+02
4.309577345360356162e+02
4.302497572764320353e+02
4.293050618655308881e+02
4.281569110109321059e+02
4.269096280779110657e+02
4.256584770430562799e+02
4.245006663029315632e+02
4.234981335470400836e+02
4.226900988051808099e+02
4.221041490211625842e+02
4.217302172256942185e+02
4.215570598430986706e+02
4.215440874828387336e+02
4.216590498839821635e+02
4.218595483788323008e+02
4.221225448380810121e+02
4.224313912836303189e+02
4.227721382343785308e+02
4.231472425908943933e+02
4.235428650289714483e+02
4.239594984551550851e+02
4.247005263677555149e+02
4.254580245597748558e+02
4.261938926153563898e+02
4.269021681644399564e+02
4.275854810062628530e+02
4.282500778407620601e+02
4.289103619888828121e+02
4.295841637944277522e+02
4.302973458153142019e+02
4.310728537244319796e+02
4.319394438498450768e+02
4.329162891139040994e+02
4.340222155601701957e+02
4.352640223003791675e+02
4.366370075597866958e+02
4.381271568793516735e+02
4.397023901347890842e+02
4.413382067644610061e+02
4.430078214602194748e+02
4.447089626490064802e+02
4.464370816784833664e+02
4.481885449696290493e+02
4.499479167603803376e+02
4.516850743539414452e+02
4.535772637140466372e+02
4.554302141431788868e+02
4.572793419878626082e+02
4.591887325516123610e+02
4.612293593511959102e+02
4.634588367010144907e+02
4.658981627329271760e+02
4.685753439032465053e+02
4.714860327401150357e+02
4.746570681531856053e+02
4.780536167865844277e+02
4.816626528817973849e+02
4.853870046657453372e+02
4.891381226908443409e+02
4.927756815411285629e+02
4.961368432168339382e+02
4.990541674178239759e+02
5.013791390191882442e+02
5.030282132984466443e+02
5.039701595241494942e+02
5.042706398647753190e+02
5.039993289585613638e+02
5.032773088232317491e+02
5.021945998786688961e+02
5.008437671310493897e+02
4.992700071126719195e+02
4.975097375409627602e+02
4.955888044799823433e+02
4.935161997741848268e+02
4.912989115387171637e+02
4.889402437811561413e+02
4.864411020235662022e+02
4.838091792964743831e+02
4.810475119122525030e+02
4.781690633758392437e+02
4.751844364947227177e+02
4.721074379026788961e+02
4.689548536669317400e+02
4.657394256397868162e+02
4.624788222723578883e+02
4.591855293428750997e+02
4.558734558427730121e+02
4.525541651355757722e+02
4.492375324362935771e+02
4.459328889315984270e+02
4.426473119689015334e+02
4.393872987149644018e+02
4.361576134500635931e+02
4.329310883165520067e+02
4.297405936604232579e+02
4.265896271516741081e+02
4.234796646478339426e+02
4.204123945627368926e+02
4.173887827665272425e+02
4.144088693189592618e+02
4.114736724040363924e+02
4.085822282449959744e+02
4.057350658495866469e+02
4.029313875098575295e+02
4.001706074714361421e+02
3.974526962610750616e+02
3.947762069889215013e+02
3.921413961952686122e+02
3.895469500356961134e+02
3.869925552617062863e+02
3.844777713316472045e+02
3.820015170051590303e+02
3.795640349356011143e+02
3.771640875213657864e+02
3.748018559744972436e+02
3.724767372252945847e+02
3.701883168130065656e+02
3.679238159247768181e+02
3.656570064907901951e+02
3.634283018636119209e+02
3.612370114626472173e+02
3.590832429132070160e+02
3.569669850781493778e+02
3.548877213274454334e+02
3.528460916624354695e+02
3.508413421491338795e+02
3.488740808212854176e+02
3.469440395564931805e+02
3.450511694644978888e+02
3.431959754546537056e+02
3.413778338856020582e+02
3.395975593408697932e+02
3.378546569283599865e+02
3.361494850466640969e+02
3.344822411488794955e+02
3.328525465350695072e+02
3.312611720592583424e+02
3.297074526503011498e+02
3.281920554811997022e+02
3.267147697746406152e+02
3.252755498071982743e+02
3.238713362056337246e+02
3.224904217603009897e+02
3.211500118118167393e+02
3.198494676845665481e+02
3.185891852012075560e+02
3.173693069780022142e+02
3.161897563617082483e+02
3.150518737943384622e+02
3.139562759199191646e+02
3.129063829498367681e+02
3.119065277335793667e+02
3.109670211002863311e+02
3.101036933673582325e+02
3.093471806685038246e+02
3.087480720464681099e+02
3.083826762731852682e+02
3.083744552938197216e+02
3.088317405565347826e+02
3.098464312367920002e+02
3.113247398950171601e+02
3.130347713295891481e+02
3.147130658945865207e+02
3.162707247122353920e+02
3.177828802083249684e+02
3.193489376517305232e+02
3.209400800546568462e+02
3.224577782171930380e+02
3.237024966337040155e+02
3.245387246153256910e+02
3.250396695087239891e+02
3.253906144974357062e+02
3.259187921458072879e+02
3.270768403922019729e+02
3.292256839010644853e+02
3.320925060976165923e+02
3.346753737035077734e+02
3.363116203300579627e+02
3.370704181777644521e+02
3.374090554015450039e+02
3.376973554137092606e+02
3.381725051894906642e+02
3.389212736646386475e+02
3.398823142746082908e+02
3.409381534443483588e+02
3.420122234402788877e+02
3.431591361019985698e+02
3.444566479674235211e+02
3.459665347534669309e+02
3.475933655220082414e+02
3.491789088408068551e+02
3.507874608923752362e+02
3.523285456608742265e+02
3.537254969187413280e+02
3.549619595839023418e+02
3.560305175345021098e+02
3.569361246781700174e+02
3.576947615763560862e+02
3.583109458248902115e+02
3.587890889054962145e+02
3.591298339216513682e+02
3.593200879240407062e+02
3.593507116604002931e+02
3.592094570952763775e+02
3.588869610517846809e+02
3.583912907403969257e+02
3.577241847816009681e+02
3.569079609088948928e+02
3.559582522151252419e+02
3.548951489329900255e+02
3.537394081189076473e+02
3.525050349113992070e+02
3.512092511694863788e+02
3.497619336240844063e+02
3.481153287133917615e+02
3.464618416816354625e+02
3.448093344295008933e+02
3.431657182060545210e+02
3.415369740575242190e+02
3.399288315966263099e+02
3.383466143310757275e+02
3.367946488346839260e+02
3.352772261622503152e+02
3.337979238488791793e+02
3.323595324050334057e+02
3.309650523373721853e+02
3.296158270920063273e+02
3.283137225961529566e+02
3.270593114171857110e+02
3.258530491834453073e+02
3.246949780323818686e+02
3.235840696022240195e+02
3.225201420433287467e+02
3.215014687769323700e+02
3.205275115550782630e+02
3.195965865255797098e+02
3.187075223413594358e+02
3.178352308766839087e+02
3.171817798831273194e+02
3.165618896784597496e+02
3.159742399345042827e+02
3.154189594283599831e+02
3.148955958195610378e+02
3.144034793466136648e+02
3.139435188787666675e+02
3.135142607368766789e+02
3.131167386327513213e+02
3.127499518749388017e+02
3.124136040407395853e+02
3.121082566761697876e+02
3.118321505817908132e+02
3.115863322487315941e+02
3.113690252237839786e+02
3.111800023373202180e+02
3.110189476456409921e+02
3.108839773107217184e+02
3.107756748850174517e+02
3.106916759668634427e+02
3.106319643263126409e+02
3.105952699008383320e+02
3.105804807042430866e+02
3.105791510456547257e+02
3.106359386335168438e+02
3.107068570732927810e+02
3.107925294173147108e+02
3.108951865081794494e+02
3.110185799055369102e+02
3.111694692304536716e+02
3.113577644506374327e+02
3.116014546573932193e+02
3.119324026591875736e+02
3.124024694368789028e+02
3.131231007606972412e+02
3.142483839078989263e+02
3.160316939355035970e+02
3.186682639144480618e+02
3.220920269119511659e+02
3.258431332056601377e+02
3.293693315062724309e+02
3.323670884411528164e+02
3.348207086707863596e+02
3.367403525742916486e+02
3.381481994487262455e+02
3.391240893625455897e+02
3.397379668739010867e+02
3.400512903913905802e+02
3.400901690571243989e+02
3.401242017782888070e+02
3.404245069345902266e+02
3.416129895009968322e+02
3.445204584690908973e+02
3.491278659848022698e+02
3.531816429396793637e+02
3.552723201530720871e+02
3.559727871647769462e+02
3.560677395750100231e+02
3.559282920453229053e+02
3.557161621993842004e+02
3.555028482937286185e+02
3.553576338090667832e+02
3.553939257765781008e+02
3.558115193401405918e+02
3.568158998028148403e+02
3.584439477183180998e+02
3.602669207843773052e+02
3.617967916332194136e+02
3.629392510069867512e+02
3.638694536913134243e+02
3.647974452985415610e+02
3.657495620741955804e+02
3.667047921696094477e+02
3.678860377458158837e+02
3.692852787129997409e+02
3.709146552287441523e+02
3.728176882145978084e+02
3.750766734322285743e+02
3.776220474354837506e+02
3.801998610261074418e+02
3.825678308754114596e+02
3.846681447920266805e+02
3.865254342097515519e+02
3.881920401002716972e+02
3.896903387481451659e+02
3.910410006708781907e+02
3.922633666620789654e+02
3.933666665956257020e+02
3.943806591243133539e+02
3.953325174122387580e+02
3.962728458391942468e+02
3.972816043047353105e+02
3.984550888657253722e+02
3.999512117305285415e+02
4.019001403139643003e+02
4.042099773170392609e+02
4.067323092205989497e+02
4.097084985726327773e+02
4.130455588784087695e+02
4.168266447813264790e+02
4.211195233069644814e+02
4.260092836682381403e+02
4.314464096537744240e+02
4.370652917963226969e+02
4.422954287376409184e+02
4.465924641802550923e+02
4.496768010882948943e+02
4.516974854088900315e+02
4.530006923189288273e+02
4.539080902620891038e+02
4.547050009310202654e+02
4.554973268582998003e+02
4.563783928676773485e+02
4.573955679107652941e+02
4.586347879884655754e+02
4.600964657332038428e+02
4.616987167067256337e+02
4.632365731606843724e+02
4.645351625931257900e+02
4.652031941276985663e+02
4.656242169512108831e+02
4.656415854757966031e+02
4.652856320756582136e+02
4.646091287326913744e+02
4.636411976499638854e+02
4.624419705387499562e+02
4.610499530436114242e+02
4.595107786040284168e+02
4.578621542525502832e+02
4.561328035456938892e+02
4.543514284067024960e+02
4.525373704627218103e+02
4.507096871382692029e+02
4.488841654095936633e+02
4.470727770979223692e+02
4.452895548922476792e+02
4.435440142867244049e+02
4.418481813038535506e+02
4.402145617590452957e+02
4.386549464661180764e+02
4.371907113230902837e+02
4.358402688926815358e+02
4.346344222433309028e+02
4.334486424708408663e+02
4.325747134310801698e+02
4.319728530300883449e+02
4.316798639078041901e+02
4.317431788681988678e+02
4.321838172515415977e+02
4.329906721558683671e+02
4.341250846849765139e+02
4.354930637694380948e+02
4.369827191062216798e+02
4.384801628727792036e+02
4.398908450827654519e+02
4.411542017523445907e+02
4.422640344048493830e+02
4.432382830726394900e+02
4.441463324760184150e+02
4.450800241035142335e+02
4.461638933836478031e+02
4.475524669054713058e+02
4.494230498652169103e+02
4.519274348506954198e+02
4.551902552369724049e+02
4.591761634380295050e+02
4.637171254849814659e+02
4.683604988743587114e+02
4.730853393937128999e+02
4.774656772536288258e+02
4.812508378201249002e+02
4.842305494988032706e+02
4.863417155027989338e+02
4.876144467820552109e+02
4.881360589956294120e+02
4.880514969664170053e+02
4.874576640855411824e+02
4.864556455890850089e+02
4.851176192454199736e+02
4.834952649010971300e+02
4.816425981190540142e+02
4.795967292557728570e+02
4.773961586523463438e+02
4.750833429832923116e+02
4.726967167574586597e+02
4.702965073880341151e+02
4.679627746432567506e+02
4.658016519047003499e+02
4.639981621177058173e+02
4.627243802652459408e+02
4.621447287978539293e+02
4.621523531170082606e+02
4.625029295897045358e+02
4.625545529117284218e+02
4.619315644942481072e+02
4.605338293856788141e+02
4.585242156108105291e+02
4.561042372561182106e+02
4.534333566517806275e+02
4.506348732216373492e+02
4.477738778981849919e+02
4.448962096250606919e+02
4.420262630391263770e+02
4.391795111522272919e+02
4.363649676979352989e+02
4.335887237984017588e+02
4.308540238201060788e+02
4.281635356291449739e+02
4.255186390776332246e+02
4.229196824895941518e+02
4.203678048443116495e+02
4.178621868977714371e+02
4.154034968421352687e+02
4.129909894310824257e+02
4.106241807787971538e+02
4.081914443753784099e+02
4.057946138628951758e+02
4.034511559824212554e+02
4.011594292866681712e+02
3.989188517409967858e+02
3.967284706144913571e+02
3.945867670099264046e+02
3.924934815132731956e+02
3.904467101806280880e+02
3.884460697107096507e+02
3.864901731512645711e+02
3.845778641305503243e+02
3.827085596153607412e+02
3.808805519062788107e+02
3.790934786385315078e+02
3.773458879502684340e+02
3.756369440089941349e+02
3.739658901709423162e+02
3.723313329161260867e+02
3.707329511319553603e+02
3.691693122946590506e+02
3.676399482148908646e+02
3.661439014721443641e+02
3.646802489410133035e+02
3.631551614806968473e+02
3.616392060487028175e+02
3.601527689337373772e+02
3.586949753811618393e+02
3.572653832698842393e+02
3.558635595999610928e+02
3.544887446641105839e+02
3.531408436394494856e+02
3.518190420136620560e+02
3.505231801459199232e+02
3.492527160071677486e+02
3.480071080998725392e+02
3.467861816139405278e+02
3.455891231434240467e+02
3.444157313786366217e+02
3.432653592401076708e+02
3.421373743993199810e+02
3.410314693377536059e+02
3.399466375194559760e+02
3.388825248602847182e+02
3.378382634066219339e+02
3.368130349026951649e+02
3.358063813738970680e+02
3.348170336192781065e+02
3.337857498633499631e+02
3.327693161639973027e+02
3.317686314049299767e+02
3.307837337014132117e+02
3.298137305945720072e+02
3.288591156567903795e+02
3.279191071021438120e+02
3.269937949848053336e+02
3.260833090434838937e+02
3.251870989972642860e+02
3.243060232494667616e+02
3.234394151990464366e+02
3.225879066280522238e+02
3.217516299713446415e+02
3.209305697910829167e+02
3.201257211219230499e+02
3.193367942674680648e+02
3.185648463519585789e+02
3.178101379917343365e+02
3.170734100186286355e+02
3.163556323377825379e+02
3.156576492733163946e+02
3.149808200370475788e+02
3.143265043087845925e+02
3.136717333356974677e+02
3.130582510162438439e+02
3.124773014088810896e+02
3.119310812393479750e+02
3.114237098004727500e+02
3.109581455484412800e+02
3.105382843660287335e+02
3.101688938033222485e+02
3.098528918814944291e+02
3.095963178780820044e+02
3.094019849694003028e+02
3.092749064486555994e+02
3.092192186083127581e+02
3.092371531972667071e+02
3.093336625255354306e+02
3.095088457761245309e+02
3.097657135140807441e+02
3.101041490379773791e+02
3.105229430626116596e+02
3.110218602394515983e+02
3.115963039033015889e+02
3.122439318685902663e+02
3.129593163034382428e+02
3.137367927061872024e+02
3.145913934377011856e+02
3.155102074292620387e+02
3.164736605927076312e+02
3.174748416870712049e+02
3.185074194955544726e+02
3.195664988560832853e+02
3.206470867193678487e+02
3.217459363573219093e+02
3.228606032792432075e+02
3.239895674536904835e+02
3.251327887498876521e+02
3.262907019702278149e+02
3.274648801243314438e+02
3.286573103788795720e+02
3.298708375085594753e+02
3.311081206996083210e+02
3.323726920331309884e+02
3.336674328987958233e+02
3.349954601557730598e+02
3.363599872136492195e+02
3.377629665635657261e+02
3.392074476327069874e+02
3.406945289853887857e+02
3.422259043471844393e+02
3.437926402907889951e+02
3.453530791506360629e+02
3.469546092366344965e+02
3.485949830546974795e+02
3.502718036918308258e+02
3.519812803891697399e+02
3.537176398737457248e+02
3.554744358074171373e+02
3.572432302511750208e+02
3.590133366775328341e+02
3.607746357960835439e+02
3.625135909772402556e+02
3.642178468735816068e+02
3.658747364872019148e+02
3.674698865357379418e+02
3.689940688853081383e+02
3.704351104312796110e+02
3.721928384570481967e+02
3.738451522764976289e+02
3.749383953682036577e+02
3.759534514561961487e+02
3.769103226908018200e+02
3.778413402736665603e+02
3.788017936867089475e+02
3.798298243643725414e+02
3.810585775952909557e+02
3.825991941834575414e+02
3.845492678828078965e+02
3.870095485772301345e+02
3.899941149331191923e+02
3.934636853415552764e+02
3.973286876940542243e+02
4.014222290793554748e+02
4.055605120641535564e+02
4.095423432951383802e+02
4.131611159289694228e+02
4.162777511587215713e+02
4.188421189855285434e+02
4.208543564790744540e+02
4.224165236120498435e+02
4.235913651369025956e+02
4.244450024444113296e+02
4.249851659200717222e+02
4.251937478927082452e+02
4.250678752155365601e+02
4.246250022034111566e+02
4.239093813418479044e+02
4.229955617639451475e+02
4.218303461658042011e+02
4.205557201452645586e+02
4.192560869004319670e+02
4.179588379275056127e+02
4.166762037764514162e+02
4.154070232908122193e+02
4.141429114581763997e+02
4.128737833424241899e+02
4.115878657757029373e+02
4.102813713402273379e+02
4.089515938766464274e+02
4.076039647424418604e+02
4.062466847130639849e+02
4.048902044674629224e+02
4.035490803868443663e+02
4.022372342590952030e+02
4.009733946805481537e+02
3.997753380283984939e+02
3.986644871266297514e+02
3.976638558670242674e+02
3.967950993816925802e+02
3.960864471066726651e+02
3.955569080726155562e+02
3.952308444564744718e+02
3.950318587599758189e+02
3.950574510262562740e+02
3.953226789688736176e+02
3.958075782961037135e+02
3.964922071295438286e+02
3.973428072628065024e+02
3.983191071411239932e+02
3.993853606877976858e+02
4.005009552623645845e+02
4.016342441209138769e+02
4.027570017094448644e+02
4.038440865357583220e+02
4.048759748117429922e+02
4.058361987425419670e+02
4.067062039749880000e+02
4.074778026992630657e+02
4.081385786544521466e+02
4.086872196149149659e+02
4.091260364086070922e+02
4.094585013302639709e+02
4.096998565816663813e+02
4.098573881328919128e+02
4.099487629019465658e+02
4.099849987978331569e+02
4.098475638225958164e+02
4.096753189191853153e+02
4.094700282109911313e+02
4.092411714307079933e+02
4.089927114649341320e+02
4.087290328331953333e+02
4.084530679628878147e+02
4.081658069211494535e+02
4.078688081741630072e+02
4.075615020742371826e+02
4.072436750671917594e+02
4.069144176714382297e+02
4.065722347499478246e+02
4.062158136190103619e+02
4.058432071787577229e+02
4.054525126321697144e+02
4.050418200313365560e+02
4.046090079742482430e+02
4.041522512329454457e+02
4.036697452545230362e+02
4.031597800218322618e+02
4.026210849834303076e+02
4.020525523893915647e+02
4.014535612567245835e+02
4.007611295386518009e+02
4.000414812814349830e+02
3.993011738340958345e+02
3.985422874990098876e+02
3.977675999481734834e+02
3.969812541142794657e+02
3.961890186939617706e+02
3.953987929501199687e+02
3.946219073934205426e+02
3.938756905175736733e+02
3.931836597233077555e+02
3.925871020576523165e+02
3.921420478364817086e+02
3.919435361458289435e+02
3.921335904075016856e+02
3.929005501183643219e+02
3.945202145798153879e+02
3.972062059703283126e+02
4.011149569910161290e+02
4.061603706966999425e+02
4.120626356735701279e+02
4.185771556504206501e+02
4.254985598052423370e+02
4.326123573295611209e+02
4.395816553901485122e+02
4.462440398667583281e+02
4.521513264814966533e+02
4.573533903397313907e+02
4.620104576612730511e+02
4.664114124119882945e+02
4.706336340028231007e+02
4.746374584471027447e+02
4.784068266486155494e+02
4.818811808831669055e+02
4.850441528618076745e+02
4.877292348262297423e+02
4.895765922273491242e+02
4.903219501694737232e+02
4.899926579366340889e+02
4.887543859643968176e+02
4.867196979967363859e+02
4.839226041213808571e+02
4.805558668203958632e+02
4.768529800295070231e+02
4.729751156657980573e+02
4.690253421917315109e+02
4.650539526847690013e+02
4.610952374423362130e+02
4.573773452471631913e+02
4.537425344574022006e+02
4.501702619146128654e+02
4.466659873392517852e+02
4.432353281624890542e+02
4.398821892975925039e+02
4.366087791564601730e+02
4.334186228377811858e+02
4.303120131677268887e+02
4.272913585620936487e+02
4.243568937308954219e+02
4.215089666481604240e+02
4.187486085542409455e+02
4.160743966058317937e+02
4.134874048634896440e+02
4.109858991176782297e+02
4.085696130642462549e+02
4.062375614673342739e+02
4.039877075255320165e+02
4.018195558067307616e+02
3.997301199014644340e+02
3.977182495437621697e+02
3.957813372747675658e+02
3.939165121613756355e+02
3.922114938592538920e+02
3.905870062860876146e+02
3.890234628484029145e+02
3.875169304631810974e+02
3.860644789541588011e+02
3.846630226971264506e+02
3.833087809868572435e+02
3.819993730390777955e+02
3.807310963463317535e+02
3.795016477492874287e+02
3.783082526315242262e+02
3.771485606233634940e+02
3.760208364058458415e+02
3.749229616042537714e+02
3.738540335502546554e+02
3.728125860473280113e+02
3.717981290645091121e+02
3.708100992675091447e+02
3.698481459508195712e+02
3.689125922667828377e+02
3.680031632052011901e+02
3.671207224397797404e+02
3.662652280764926900e+02
3.654374404827131571e+02
3.646663986148161030e+02
3.639191199893646171e+02
3.631976626872926772e+02
3.625013179336650069e+02
3.618303844057849687e+02
3.611839961982348655e+02
3.605615513976803754e+02
3.599623022565042447e+02
3.593846632128229999e+02
3.588276400640293105e+02
3.582892552035281142e+02
3.577678802766074000e+02
3.572615406592742033e+02
3.567681050597076933e+02
3.562855591768017689e+02
3.558118004157648784e+02
3.553447625877607834e+02
3.548826065365186651e+02
3.544235570421377020e+02
3.539658402497115617e+02
3.535083898396313771e+02
3.530495408339814958e+02
3.525887408765314603e+02
3.521248371843788050e+02
3.516410303480037669e+02
3.511210804625764013e+02
3.505926795893049075e+02
3.500560351044312029e+02
3.495102984305352152e+02
3.489554222044910716e+02
3.483910271135104608e+02
3.478164202102132094e+02
3.472316485888205193e+02
3.466357638190773969e+02
3.460286210374392795e+02
3.454095706650884949e+02
3.447779486435939589e+02
3.441335417334495901e+02
3.434754797137795777e+02
3.428036206095707144e+02
3.421173983700189183e+02
3.414164260829988393e+02
3.407006929691562505e+02
3.399696818721905629e+02
3.392236897836949083e+02
3.384624744710898767e+02
3.376862670480218753e+02
3.368954033841102387e+02
3.360744499939580692e+02
3.352095104409963824e+02
3.343321806962302958e+02
3.334434601786719554e+02
3.325441876855974215e+02
3.316354255953710890e+02
3.307186157813182490e+02
3.297951927883274266e+02
3.288672569805264061e+02
3.279371965147630021e+02
3.270083071529348331e+02
3.260848638182388868e+02
3.251731850862088322e+02
3.242816504431363569e+02
3.234235349708674221e+02
3.226190499280958761e+02
3.218981175489846578e+02
3.213146775627745910e+02
3.209414637805445523e+02
3.209059726318034791e+02
3.213823686041670271e+02
3.226135122646479090e+02
3.249082780816472678e+02
3.285887209905988584e+02
3.338968304760833803e+02
3.413441114321286136e+02
3.502768868302979968e+02
3.602374670184050842e+02
3.708173625223629983e+02
3.815028622335365753e+02
3.915048775895174344e+02
3.999072525381100718e+02
4.063598898862280748e+02
4.111734183240907896e+02
4.150052323222611221e+02
4.183135500723998916e+02
4.213083419460779169e+02
4.239372159676840965e+02
4.259842502614470732e+02
4.272658874965000564e+02
4.276949678377372379e+02
4.273425447830267103e+02
4.263797791896383842e+02
4.249515790871361105e+02
4.232180717216085668e+02
4.212649965557963583e+02
4.191601313100703692e+02
4.169416896624366018e+02
4.145236615675115672e+02
4.120906423826509695e+02
4.096630428834908457e+02
4.072530456925456406e+02
4.048692788031020200e+02
4.025175873735656751e+02
4.002026567414746978e+02
3.979282195240567717e+02
3.956962072994364803e+02
3.935093328658705332e+02
3.913681997474164405e+02
3.892737300135523810e+02
3.872267113621887802e+02
3.852263014790667626e+02
3.832733721202312722e+02
3.813664840196608452e+02
3.795055307089629082e+02
3.776898493056997381e+02
3.759182959033375937e+02
3.741912643096053444e+02
3.725081159392317431e+02
3.708700831229440951e+02
3.692793442337014653e+02
3.677392762934073289e+02
3.662367605717688548e+02
3.648057406774203173e+02
3.634519257137489490e+02
3.621922310745947584e+02
3.610341918471834219e+02
3.599844202579920989e+02
3.590334564623333904e+02
3.581605887380517856e+02
3.573500461800688868e+02
3.566029270640933646e+02
3.559702545322343781e+02
3.555148048883240222e+02
3.552968889124039720e+02
3.552895820252314820e+02
3.553546005190830215e+02
3.552935759813299228e+02
3.549965591186518168e+02
3.544675482185350006e+02
3.538440506542630146e+02
3.533177966602810329e+02
3.531038400761503908e+02
3.534790741829815488e+02
3.546628327681409587e+02
3.568736815206461870e+02
3.602404737845367890e+02
3.645186099859100750e+02
3.693870281465376593e+02
3.746230654939056990e+02
3.800847432542947217e+02
3.858916970475577841e+02
3.921134981741734578e+02
3.988299965750902629e+02
4.057962848196622758e+02
4.126478625233939965e+02
4.190543118385930939e+02
4.249320167798206285e+02
4.304291750399240186e+02
4.358764421589742142e+02
4.416239144850365506e+02
4.479981529301443288e+02
4.553515962730073170e+02
4.636419905957881724e+02
4.724216368574357148e+02
4.806624561933491577e+02
4.874016970348761220e+02
4.921872445286415996e+02
4.954325222697551681e+02
4.976260619354680443e+02
4.992716909711389803e+02
5.008837170890269022e+02
5.022969883122720489e+02
5.034436909577454458e+02
5.041687466394982380e+02
5.043295364910211447e+02
5.038869619282195345e+02
5.028452744079965555e+02
5.013136406164007326e+02
4.994066788021776233e+02
4.972341935154223052e+02
4.949103546078297882e+02
4.925049692893484234e+02
4.900883753434645769e+02
4.877025879426442430e+02
4.853742142276784080e+02
4.831308261361315317e+02
4.809845423275675103e+02
4.789514963734772550e+02
4.770402756344745399e+02
4.752460965211945449e+02
4.735672019448653032e+02
4.720072076448055327e+02
4.705807907807281936e+02
4.692314888250668332e+02
4.685680397049717385e+02
4.682784780727830594e+02
4.685347129549045917e+02
4.695895865577291488e+02
4.719738371164047521e+02
4.763442500142153904e+02
4.835151664314750519e+02
4.931416724557784050e+02
5.032761617369628766e+02
5.116113094260278444e+02
5.178280121989848794e+02
5.225361365804857314e+02
5.264919555347105415e+02
5.301255738999003597e+02
5.337482284692473513e+02
5.376567583631529033e+02
5.418173837876155403e+02
5.459132332012254665e+02
5.493632530380544949e+02
5.516708416828607824e+02
5.525364634818324703e+02
5.520929536335954708e+02
5.505842040263040644e+02
5.480005227479638279e+02
5.447897292924408248e+02
5.412819160927457460e+02
5.376590565156932371e+02
5.340408425120328957e+02
5.305137606677903932e+02
5.271415943165904991e+02
5.239399601417829899e+02
5.209091482944623976e+02
5.180315563412816573e+02
5.152789828853967720e+02
5.126191401867554305e+02
5.100302101395337218e+02
5.074832211354690230e+02
5.049759105243891213e+02
5.025118798842983097e+02
5.001046122384000796e+02
4.977888247999316036e+02
4.955794842901987636e+02
4.935044461632184607e+02
4.915628767369977936e+02
4.897492199066144281e+02
4.880452637396304567e+02
4.864168301360977011e+02
4.846749498923535384e+02
4.826229103848301634e+02
4.805670003064196862e+02
4.784971516136664036e+02
4.763980700915930697e+02
4.742673537060165927e+02
4.721072329463365236e+02
4.699148797030675269e+02
4.677036728329267135e+02
4.654820699521763459e+02
4.632754557150237247e+02
4.611453112922769151e+02
4.592140284511438608e+02
4.577806553270355607e+02
4.574693531220361820e+02
4.592476079487256015e+02
4.642077110924305430e+02
4.714984530485406822e+02
4.783734209418803971e+02
4.829408088965647607e+02
4.857446673389859484e+02
4.881833036964771964e+02
4.910214179036981932e+02
4.941036980876498887e+02
4.970033764302941108e+02
4.996705056537998075e+02
5.023279158199388803e+02
5.053451452423734622e+02
5.087525607860726495e+02
5.122337350640613067e+02
5.153065480922484767e+02
5.175837406349314733e+02
5.190242680273621545e+02
5.197102047378554062e+02
5.198000145270009398e+02
5.194219781321977507e+02
5.186333640081918475e+02
5.174849166686883564e+02
5.159973690395598851e+02
5.141947653872028923e+02
5.121157478251286648e+02
5.097842432066582887e+02
5.072413269673577929e+02
5.045106340545726766e+02
5.016193116862007173e+02
4.985909626768344651e+02
4.954418541686407025e+02
4.921956680397915989e+02
4.888397533658163070e+02
4.854912737557242508e+02
4.821043751715304779e+02
4.786941163744072583e+02
4.752771777008927643e+02
4.718660271095739063e+02
4.684718345760391571e+02
4.651055006472489595e+02
4.617738110571484071e+02
4.584849884639587572e+02
4.552443112108365995e+02
4.520568352922525719e+02
4.489279377719179820e+02
4.458605050935614145e+02
4.428597689380549127e+02
4.399282546998915677e+02
4.370705933456061985e+02
4.342901844247040231e+02
4.315902175824651863e+02
4.289752424035876288e+02
4.264468334955047908e+02
4.240092529910995154e+02
4.216622404494729608e+02
4.194064548840185580e+02
4.171894191490937942e+02
4.150701410788369117e+02
4.130219976703817224e+02
4.110349364881786869e+02
4.090989341832093942e+02
4.072035001159121066e+02
4.053377851074187106e+02
4.034931303338640873e+02
4.016628824847172723e+02
3.998402487811735000e+02
3.980244458697582104e+02
3.962124373637565213e+02
3.944056186868467080e+02
3.926046450359488063e+02
3.908108961119847322e+02
3.890271831109767504e+02
3.872545748355902333e+02
3.854958169054696668e+02
3.837520565021283119e+02
3.820248895520522865e+02
3.803155172186361597e+02
3.786244426781013885e+02
3.769527584631211425e+02
3.753005057245770786e+02
3.736193629721036586e+02
3.718901805477938183e+02
3.701805894487443425e+02
3.684903267798712818e+02
3.668189462308698126e+02
3.651661975211684990e+02
3.635314973616539191e+02
3.619146852801279692e+02
3.603152368776218282e+02
3.587329531512368703e+02
3.571675788800268947e+02
3.556188382568731186e+02
3.540867469801450511e+02
3.525710319159990149e+02
3.510717899174576928e+02
3.495890034588247772e+02
3.481227626027664428e+02
3.466733113374933168e+02
3.452406515047318862e+02
3.438252201709306064e+02
3.424270971119717046e+02
3.410467596593745725e+02
3.396844994858691393e+02
3.383406864675798147e+02
3.369827002514772971e+02
3.356304011013544937e+02
3.342976396246845638e+02
3.329847091373022749e+02
3.316922717511628207e+02
3.304208962596964625e+02
3.291711574833743725e+02
3.279440673142024707e+02
3.267401959883263203e+02
3.255608604673124660e+02
3.244070111691547140e+02
3.232801296273347020e+02
3.221818325181380374e+02
3.211136395019264000e+02
3.200779247006437913e+02
3.190765399722620828e+02
3.181123844331934265e+02
3.171879864234674642e+02
3.163064529505980431e+02
3.154712593120343058e+02
3.146853930761398601e+02
3.139529853408401436e+02
3.132773024927002439e+02
3.126625879269802795e+02
3.121017027453929131e+02
3.116068821880362520e+02
3.111819307096059788e+02
3.108299526291425536e+02
3.105556779092140687e+02
3.103634215850010492e+02
3.102302106456226625e+02
3.102050023967444758e+02
3.103843066067658469e+02
3.106842204085439789e+02
3.111184205057658119e+02
3.117087825567692789e+02
3.124812807146352043e+02
3.134731220924543322e+02
3.147387706990979837e+02
3.163447261909581130e+02
3.184045806367950604e+02
3.210333617197724720e+02
3.243933115250397350e+02
3.286112370794447202e+02
3.337258938903826220e+02
3.396480209389139873e+02
3.461509806137090663e+02
3.530134103618953532e+02
3.600548458503567417e+02
3.672514240320664953e+02
3.748439998689585195e+02
3.830562947439673280e+02
3.921405709979498511e+02
4.022962923962205650e+02
4.134654936740113840e+02
4.254409452897078836e+02
4.378156157418766270e+02
4.502080108628579751e+02
4.623058871404433035e+02
4.737373777305985527e+02
4.841939652075136564e+02
4.934706086041936146e+02
5.014688595382586982e+02
5.082457355558426002e+02
5.139240364318966385e+02
5.186242666213968278e+02
5.224885444218801922e+02
5.255996491749694997e+02
5.280419675698132096e+02
5.298595688234800036e+02
5.310997478196611610e+02
5.318008516789695932e+02
5.319116126002194278e+02
5.315466304688482069e+02
5.307733794565947392e+02
5.296578192632408673e+02
5.282656933075135157e+02
5.266775505101055614e+02
5.250094409747914597e+02
5.234169318305519027e+02
5.221335544173495009e+02
5.215464584152741736e+02
5.221491414475123065e+02
5.246427544786819226e+02
5.296317697823608341e+02
5.370310141745000010e+02
5.456212308698005700e+02
5.532993909771760173e+02
5.585717604889415497e+02
5.612497341173816494e+02
5.617380998166953532e+02
5.605301072791070283e+02
5.581001074355394849e+02
5.547518926926819631e+02
5.507535464752616008e+02
5.463040138687607623e+02
5.413273253201516582e+02
5.360702995510538358e+02
5.307637552215821870e+02
5.254745369301809887e+02
5.202590215404925402e+02
5.151640596065864202e+02
5.102235437769884925e+02
5.054577990622935886e+02
5.008595314413508959e+02
4.963949396686647333e+02
4.920084381839195657e+02
4.876420181451047711e+02
4.832551491365671268e+02
4.788285288046787400e+02
4.743778598949901948e+02
4.699166975259709602e+02
4.654792131352905358e+02
4.610863429515706002e+02
4.567569955749568749e+02
4.525072093803839266e+02
4.483429268060772870e+02
4.442724861705220860e+02
4.402973145751225843e+02
4.364187969418013608e+02
4.326466505151639694e+02
4.289481367029123930e+02
4.253533929426776581e+02
4.218591610138677765e+02
4.184640832991739217e+02
4.151661272843625738e+02
4.119620915170618218e+02
4.088510323899827767e+02
4.058291403729911622e+02
4.028950310461419804e+02
4.000457949926656056e+02
3.972785664372717065e+02
3.945915803539584772e+02
3.919809865837307257e+02
3.894451565094336729e+02
3.869809773485102369e+02
3.845862584936961071e+02
3.822600602834896222e+02
3.800013848124098672e+02
3.778127948898801947e+02
3.757003702607538571e+02
3.736738190780152422e+02
3.717543768260987918e+02
3.699662206389276093e+02
3.683751868880962661e+02
3.669556797443709684e+02
3.656863697781951714e+02
3.644991128429846867e+02
3.632669342422184400e+02
3.618816884781646195e+02
3.602934867991447732e+02
3.585245762012484647e+02
3.566179604532127314e+02
3.546321287694738658e+02
3.526039258186425513e+02
3.505622268177232286e+02
3.485256488436542099e+02
3.465082887671551930e+02
3.445250456592851265e+02
3.425949204262424246e+02
3.407502961707175473e+02
3.390424530939992565e+02
3.375682500911103716e+02
3.364771742211112269e+02
3.360127034418001131e+02
3.365231107759758515e+02
3.384070325171180684e+02
3.421008404429867369e+02
3.480803233695908148e+02
3.565635381598755203e+02
3.671303806783483878e+02
3.787445656247992360e+02
3.899722647843857999e+02
3.996854403593787879e+02
4.076837311054183033e+02
4.142706795348982496e+02
4.195953286785464229e+02
4.234633303167174176e+02
4.260898331678652085e+02
4.280842835389756260e+02
4.300534263446769501e+02
4.321106995081439095e+02
4.337887275878710511e+02
4.345939649916392682e+02
4.345579463046676096e+02
4.340158009516524089e+02
4.334301146483207958e+02
4.330663438606350724e+02
4.329293446996712760e+02
4.327025524157966743e+02
4.320422126676701851e+02
4.308706913672083374e+02
4.292700417898217324e+02
4.274163792871356691e+02
4.254709620869078321e+02
4.235031120912449865e+02
4.215575769019171162e+02
4.196540967066294456e+02
4.178030760309634388e+02
4.160112444963407938e+02
4.142801623775431494e+02
4.126121472748820906e+02
4.110071633007840433e+02
4.094648607704020833e+02
4.079851843292906892e+02
4.065663794792229737e+02
4.052080564619743086e+02
4.039083403983285052e+02
4.026659161744950097e+02
4.014793793417320558e+02
4.003465876371564036e+02
3.992664227820592373e+02
3.982366158591694898e+02
3.972557947703587615e+02
3.963221908817644135e+02
3.954339669379676820e+02
3.946305052898341614e+02
3.938870983747639798e+02
3.931770279624288946e+02
3.924986865566282290e+02
3.918508333741620504e+02
3.912323741712727951e+02
3.906419464042658092e+02
3.900787883516604211e+02
3.895416672505519387e+02
3.890298443508263517e+02
3.885424071644558239e+02
3.880784762977104378e+02
3.876374344651743513e+02
3.872183359431598433e+02
3.868206571778567877e+02
3.864435806145125980e+02
3.860864870885686742e+02
3.857487551527687515e+02
3.854296478273259936e+02
3.851286724810871647e+02
3.848451090662971410e+02
3.845784832987248478e+02
3.843282105094551184e+02
3.840937784469346070e+02
3.838611565192770172e+02
3.836570970943424186e+02
3.834636205553570107e+02
3.832802920905572250e+02
3.831069020128198304e+02
3.829431471420655839e+02
3.827888829838518632e+02
3.826440077268412097e+02
3.825083979386695887e+02
3.823821802599595685e+02
3.822652658266566732e+02
3.821579148763792091e+02
3.820601930827760953e+02
3.819723299230761313e+02
3.818946622889224045e+02
3.818273128474858140e+02
3.817708151913814163e+02
3.817253034314959450e+02
3.816912696194576711e+02
3.816690711606846662e+02
3.816589957823366603e+02
3.816616343027319544e+02
3.816771583077039054e+02
3.817061860799045121e+02
3.817233002379016398e+02
3.817685157798481441e+02
3.818250906866924765e+02
3.818931289317368396e+02
3.819732413571923644e+02
3.820655405032668455e+02
3.821705335693358734e+02
3.822886031853701070e+02
3.824199911716299312e+02
3.825653704947723668e+02
3.827248464555024157e+02
3.828991211861248871e+02
3.830884839376830655e+02
3.832933763955771269e+02
3.835144565964658909e+02
3.837518882969359879e+02
3.840065406292677608e+02
3.842786017828750005e+02
3.845687875441114443e+02
3.848776498200905962e+02
3.852055440086336375e+02
3.855533737361595854e+02
3.859212884397688299e+02
3.863101783200011710e+02
3.866686013154782131e+02
3.870614329424262223e+02
3.874717396808275112e+02
3.878991913615042790e+02
3.883440479349367820e+02
3.888056892985163699e+02
3.892838900547604339e+02
3.897779260277617936e+02
3.902868543346954766e+02
3.908097218394444212e+02
3.913449347008397581e+02
3.918910519657761142e+02
3.924458601123408243e+02
3.930072599828462216e+02
3.935723005522598896e+02
3.941382453598267261e+02
3.947014460893398677e+02
3.952583750210534390e+02
3.958051286172057530e+02
3.963371024093140704e+02
3.968507458107820867e+02
3.973406817258648402e+02
3.978035641931630835e+02
3.982345493033542425e+02
3.985517239318668317e+02
3.988415835217157337e+02
3.990822085824020178e+02
3.992722226152405938e+02
3.994077205253051943e+02
3.994875882314739783e+02
3.995102854103034247e+02
3.994739849197090393e+02
3.993795248692746895e+02
3.992251814030056494e+02
3.990125293763884997e+02
3.987415139775040416e+02
3.984130331518242087e+02
3.980290945529706050e+02
3.975901048776563016e+02
3.970989500378699972e+02
3.965567191446982633e+02
3.959658432877151881e+02
3.953288298482034406e+02
3.946473400075322502e+02
3.939245876491073659e+02
3.931623249609363029e+02
3.923632835930497436e+02
3.915300232355297112e+02
3.905690494258092258e+02
3.895710294189639171e+02
3.885432061780225013e+02
3.874880818632533419e+02
3.864077176248438263e+02
3.853037704584289145e+02
3.841783165802457347e+02
3.830326061202781602e+02
3.818683186828760654e+02
3.806867879388076972e+02
3.794892050719959116e+02
3.782770160653121252e+02
3.770514208754602237e+02
3.758139376485240177e+02
3.745665277587255559e+02
3.733116469804639337e+02
3.720544343515833816e+02
3.708064109852201682e+02
3.695964112903799332e+02
3.685073688281831892e+02
3.677653179442269789e+02
3.679766003517251534e+02
3.707690660875638855e+02
3.791149810133563278e+02
3.961919582435048710e+02
4.193124413271531807e+02
4.419645430156240877e+02
4.638162522304753566e+02
4.885867264209813925e+02
5.139964679206582332e+02
5.363791050073457427e+02
5.563679311663267981e+02
5.726851009431451303e+02
5.838672076439891043e+02
5.912258928444646244e+02
5.967462086354458961e+02
6.016256580345514067e+02
6.062225500200711394e+02
6.103442692432071226e+02
6.135680387704397845e+02
6.154928224164119683e+02
6.160152048632248807e+02
6.152460058924132227e+02
6.133904782750406639e+02
6.107494744572651371e+02
6.075313759691418909e+02
6.039418507670397958e+02
6.001275154366602465e+02
5.956833591094010671e+02
5.911048050544234229e+02
5.866023428437414395e+02
5.822287689905264187e+02
5.780291773403622528e+02
5.740302277436721852e+02
5.702513419029991155e+02
5.667066119525894692e+02
5.633919682151475854e+02
5.603077123173186465e+02
5.574383261907631777e+02
5.547659930742885308e+02
5.522722664142405620e+02
5.499278937625258550e+02
5.477086928833524553e+02
5.455856591303333971e+02
5.435281673363308528e+02
5.415138308274985093e+02
5.395142720757311281e+02
5.375098089510270256e+02
5.354848014171305977e+02
5.334251451520627825e+02
5.313292461450954534e+02
5.292029354691675280e+02
5.269327721673686256e+02
5.247326532347619832e+02
5.225844491014242976e+02
5.205665094107047253e+02
5.187982917612741858e+02
5.174193429064790735e+02
5.166537181311363156e+02
5.167506771265710768e+02
5.179869681678570714e+02
5.205243788574647397e+02
5.241773108986633360e+02
5.284308868317392580e+02
5.327871843266434553e+02
5.369419410987907213e+02
5.408925180302514946e+02
5.446794008465258230e+02
5.483198938167130336e+02
5.518408535254394565e+02
5.551829144068208279e+02
5.583084135901702894e+02
5.611770224831255973e+02
5.638102058257758245e+02
5.662812924081129040e+02
5.687660189951964185e+02
5.712604556199354420e+02
5.744029528131198958e+02
5.782528492764923840e+02
5.828771381677986483e+02
5.881512996016140278e+02
5.936838808469576634e+02
5.990778621730079294e+02
6.040540267205018381e+02
6.085354901968167951e+02
6.124862313742811466e+02
6.159803846689524107e+02
6.190825819147042921e+02
6.218839481483020108e+02
6.244954318262603010e+02
6.269872268132115778e+02
6.293741683688442663e+02
6.316147567665765337e+02
6.335862868722947496e+02
6.351619581259560618e+02
6.362239087256077710e+02
6.367407166033710837e+02
6.367268689275924771e+02
6.362952075065080635e+02
6.355466563178547403e+02
6.342375654585181337e+02
6.328839268236698672e+02
6.315721596996959306e+02
6.304173635626890473e+02
6.295388654757340419e+02
6.290800532351739776e+02
6.291443736772696411e+02
6.297793015200664968e+02
6.308511339158666260e+02
6.321118276112222247e+02
6.332599310608377436e+02
6.341715341891000435e+02
6.347759481562736710e+02
6.351257430035377638e+02
6.352218344768588167e+02
6.350484368451880073e+02
6.345708036008492172e+02
6.337746993802337556e+02
6.326398064614112400e+02
6.311708673125689302e+02
6.293716137001673587e+02
6.272327850292856510e+02
6.247741452623122314e+02
6.219961325192367667e+02
6.185539530626476790e+02
6.149640845882573785e+02
6.111575713904115901e+02
6.071803884614996605e+02
6.030649050449794686e+02
5.988476462380007206e+02
5.945554825216310064e+02
5.902131572959519872e+02
5.858402356763554053e+02
5.814536512807594590e+02
5.770668296091121192e+02
5.726910788822289078e+02
5.683365974033431485e+02
5.640105136995508701e+02
5.597221711182231729e+02
5.554768780301798188e+02
5.512837623307756303e+02
5.471491624581454971e+02
5.430808228400576354e+02
5.390887114153384800e+02
5.351814824822282617e+02
5.313753351953390620e+02
5.276934801043304333e+02
5.241780843813090769e+02
5.207904724624955861e+02
5.178734068336547125e+02
5.157642329883383354e+02
5.150584098438254159e+02
5.161512071088861831e+02
5.187034815322251688e+02
5.213026263781353009e+02
5.231276402016698057e+02
5.242566178931792820e+02
5.248793382520198065e+02
5.248361830610750758e+02
5.241858552890498686e+02
5.231962835804923770e+02
5.224303933935716486e+02
5.224583010555797955e+02
5.236656774296553749e+02
5.262504046674862366e+02
5.299499762475537636e+02
5.342682042808903589e+02
5.387009261633137385e+02
5.426869360964731186e+02
5.456401507926653949e+02
5.472707339906237394e+02
5.475785589931555251e+02
5.466240381786711851e+02
5.447353824658041503e+02
5.423200962089487120e+02
5.395936135847800870e+02
5.366845924471107310e+02
5.336960038101434520e+02
5.307207430724472488e+02
5.278355145661843153e+02
5.251346846226446132e+02
5.227066879155418064e+02
5.206175479119525562e+02
5.189090814700286955e+02
5.175350225319233459e+02
5.164031138920624926e+02
5.153825464561771241e+02
5.143263156809357497e+02
5.131014192017642017e+02
5.116203189799286974e+02
5.098231623113057367e+02
5.077286774030731067e+02
5.053881658083682851e+02
5.028506088324964480e+02
5.001457112108251977e+02
4.972171653780004021e+02
4.943050236816010283e+02
4.916035798151241920e+02
4.891679319648175692e+02
4.871620782014959445e+02
4.856557513912486570e+02
4.846023973508874860e+02
4.837221519917218302e+02
4.827097638973954759e+02
4.814272016230243594e+02
4.800120694211080945e+02
4.786697818872357288e+02
4.776708319113797643e+02
4.772058463585557888e+02
4.774204488791227163e+02
4.784246078766703363e+02
4.801923018007011024e+02
4.826523460368461542e+02
4.856036313741650474e+02
4.887707427892387955e+02
4.918822134663970473e+02
4.946926758120295062e+02
4.970025848014003600e+02
4.987380385616722833e+02
4.998457877915894869e+02
5.004661538374566021e+02
5.006232255026487792e+02
5.003462719274346000e+02
4.997499093199581921e+02
4.988982819713748995e+02
4.978391427733338332e+02
4.965957564240807756e+02
4.951675121161032394e+02
4.935575799496743343e+02
4.917662671666188317e+02
4.897959351165414432e+02
4.876637606633703967e+02
4.853825616394977374e+02
4.829740614696399348e+02
4.804605524223246675e+02
4.778606069912477210e+02
4.751977341106959898e+02
4.724881751948528290e+02
4.697486402969024653e+02
4.669926721546291901e+02
4.642303237915149907e+02
4.614712170026510307e+02
4.587217586833104974e+02
4.559874336056426500e+02
4.532440846612702785e+02
4.504846669383902622e+02
4.477538749716982807e+02
4.450530653867944579e+02
4.423832159655650003e+02
4.397452606641753619e+02
4.371390494923714982e+02
4.345651424887998360e+02
4.320231409263330420e+02
4.295130172757750984e+02
4.270346116297255321e+02
4.245872930109030108e+02
4.221711140106045264e+02
4.197852940743148338e+02
4.174297293684170995e+02
4.151039644040583312e+02
4.128074406907695675e+02
4.105400960874485463e+02
4.083011436534781069e+02
4.060905641087547338e+02
4.039077323184113766e+02
4.017523545569889052e+02
3.996241743796962851e+02
3.975226007234815597e+02
3.953429243976187308e+02
3.931480280014216646e+02
3.909762033227178222e+02
3.888271055873846080e+02
3.867004536065852562e+02
3.845961836437081729e+02
3.825138306995494304e+02
3.804535315172319088e+02
3.784148420800132158e+02
3.763977804193816041e+02
3.744021854158320934e+02
3.724277988945972311e+02
3.704747718923705975e+02
3.685426968326033830e+02
3.666317476899027952e+02
3.647417057942153065e+02
3.628724801401799027e+02
3.610241514290797795e+02
3.591964198017044509e+02
3.573894718036828522e+02
3.556030430023647568e+02
3.538371897284530405e+02
3.520918629792218439e+02
3.503669386011894176e+02
3.485863727563285579e+02
3.468024504448180778e+02
3.450436473114613136e+02
3.433105135208883780e+02
3.416039765925514189e+02
3.399248985854073339e+02
3.382741811771734319e+02
3.366532020025661041e+02
3.350629082488844688e+02
3.335051578031614667e+02
3.319811848037824120e+02
3.304930101476882101e+02
3.290426671136049208e+02
3.276320878615005086e+02
3.262644009688881965e+02
3.249416620815080705e+02
3.236678291459581374e+02
3.224458070189145360e+02
3.212794560513260649e+02
3.201735983645955343e+02
3.191317897818807410e+02
3.181607043858063548e+02
3.172644804986705935e+02
3.164499265643107151e+02
3.157163861142714154e+02
3.150725632364880653e+02
3.145404195469377555e+02
3.141248046799459530e+02
3.138349286744464735e+02
3.136769921068431017e+02
3.136576403294091620e+02
3.137856491995332817e+02
3.140651284806026524e+02
3.145053670166839765e+02
3.151609110228424697e+02
3.165988242183092325e+02
3.177117813912879001e+02
3.190126222751152341e+02
3.205119889892509377e+02
3.222155460930853792e+02
3.241331169674950843e+02
3.262780335338207465e+02
3.286577297787868588e+02
3.312921358064592141e+02
3.341901033872439939e+02
3.373694541228606454e+02
3.408426347690929106e+02
3.446152217329270115e+02
3.486299442283182088e+02
3.529125152628403725e+02
3.574615135393524952e+02
3.622432213654466864e+02
3.672283745781096513e+02
3.723644623737311576e+02
3.776055581315837912e+02
3.828913416204304667e+02
3.881733144374447306e+02
3.934081535234011540e+02
3.985689267214784763e+02
4.036536673634054182e+02
4.086793603438517835e+02
4.136904722874531899e+02
4.187469569822255835e+02
4.239150113931517012e+02
4.292639509349555738e+02
4.348174021648198391e+02
4.405655504712065067e+02
4.463889491164282504e+02
4.520927402620740168e+02
4.573986246142700907e+02
4.620416843582849538e+02
4.658073439709199306e+02
4.684561205933701444e+02
4.701639298741523021e+02
4.710111203896670986e+02
4.711554686326300612e+02
4.707278160874640776e+02
4.698756131992281553e+02
4.687121488568583345e+02
4.673338630833090406e+02
4.658216905775899477e+02
4.642360996278450784e+02
4.626288713498477705e+02
4.610396626736133499e+02
4.595033256919359133e+02
4.580491778936773812e+02
4.567121758596514383e+02
4.555374561797218576e+02
4.546021624141439474e+02
4.540830276858016532e+02
4.542882205696996039e+02
4.558402490796101461e+02
4.594327988450953058e+02
4.650566881155689316e+02
4.714240069532569350e+02
4.778210272880683078e+02
4.856309883126394311e+02
4.953762332334637222e+02
5.045346425599767031e+02
5.132773229025990531e+02
5.247720680337646399e+02
5.391805303463490873e+02
5.545086881758672916e+02
5.700179488422210170e+02
5.861574896456427268e+02
6.027059450615266769e+02
6.178740338874789586e+02
6.294444611544565760e+02
6.364918814335204615e+02
6.396336308304634031e+02
6.398010576953805639e+02
6.379517184341831353e+02
6.346142890706771595e+02
6.302298093290514771e+02
6.250864161802506942e+02
6.194159855361203881e+02
6.134107374042055199e+02
6.071902577694738739e+02
6.008481929297364559e+02
5.944104360501672772e+02
5.877984786370698203e+02
5.812763869511510393e+02
5.748341235928950255e+02
5.684871769352337196e+02
5.622467077350213458e+02
5.561226156545512822e+02
5.501204517523053710e+02
5.442486646864475688e+02
5.385117836482962730e+02
5.329162964609903383e+02
5.274689044040112549e+02
5.221726041826394749e+02
5.170325057462933955e+02
5.120467576644081191e+02
5.072120370936391964e+02
5.025194110562404148e+02
4.979553875446470670e+02
4.935069657579335853e+02
4.891613734339081816e+02
4.849171541261154061e+02
4.807740219569116675e+02
4.767509515126777728e+02
4.728667598041654401e+02
4.691514713987351683e+02
4.655710771157993122e+02
4.622342344889689798e+02
4.591785996096142526e+02
4.564304307156942286e+02
4.540202173155413448e+02
4.519677077173152497e+02
4.502708531704807911e+02
4.489264168534147643e+02
4.478899816808377068e+02
4.471123179166416435e+02
4.465159824291756081e+02
4.460136732651570242e+02
4.455190186453252750e+02
4.449519819972422852e+02
4.442461551663012074e+02
4.433637880501722179e+02
4.422845202244658935e+02
4.410097550566019322e+02
4.395638730025085579e+02
4.379771231661435991e+02
4.363051565075789995e+02
4.346149519986319660e+02
4.330051483722394892e+02
4.316010197238627484e+02
4.306554911605020948e+02
4.303413050347090234e+02
4.309032208247680273e+02
4.326364760616604599e+02
4.358799152588858874e+02
4.409686736896215962e+02
4.480484946197630052e+02
4.570377229697258485e+02
4.672575987289903878e+02
4.776761264996146110e+02
4.870620569961875503e+02
4.945601544267479994e+02
4.997306373680220304e+02
5.027216926582585756e+02
5.038317906467679563e+02
5.035320428727920330e+02
5.021989666532234651e+02
5.001690083229499919e+02
4.976836017157731362e+02
4.949159735226665475e+02
4.919943067366454557e+02
4.890017468458928533e+02
4.860046925582037716e+02
4.830454296469648625e+02
4.800830017249956541e+02
4.772055542602677747e+02
4.744456676745420509e+02
4.718209015012268992e+02
4.693452888136350794e+02
4.670342049020937338e+02
4.648970444654309517e+02
4.629459761413347110e+02
4.611870029804383080e+02
4.596247366716811484e+02
4.582601547285347010e+02
4.570889942270649158e+02
4.561092341338759297e+02
4.553129025770194289e+02
4.547029282368952181e+02
4.542776115425585886e+02
4.540454791886720045e+02
4.540141532564791191e+02
4.541873509329693661e+02
4.545729954569511051e+02
4.551616344635565383e+02
4.559467432198005667e+02
4.569052187473553772e+02
4.580065497324669082e+02
4.592981651664164247e+02
4.606782405474468760e+02
4.620597906885574275e+02
4.633924189970400107e+02
4.646336857620897831e+02
4.657472966481267349e+02
4.667122231358490581e+02
4.675139899553993246e+02
4.681559977300656783e+02
4.686483622233209303e+02
4.690098922979292411e+02
4.692695218193713345e+02
4.694551459721897118e+02
4.696027961905700749e+02
4.697470619006634251e+02
4.699227166938966320e+02
4.701678045297970243e+02
4.705157728602915768e+02
4.710020246094129561e+02
4.716617186950655878e+02
4.725233659826746475e+02
4.736208867007114804e+02
4.749756790813865450e+02
4.766086886807865426e+02
4.785080991074339636e+02
4.807796811184178409e+02
4.833250148284330407e+02
4.861061883585576311e+02
4.890717383496399862e+02
4.921584451686772468e+02
4.952847842854752685e+02
4.983688351254824624e+02
5.013313048992759491e+02
5.040882703046264623e+02
5.065832353549075151e+02
5.087595076968760850e+02
5.105800822751436385e+02
5.120303263890573362e+02
5.130928434330238588e+02
5.137797186115138857e+02
5.140984663828307930e+02
5.140677893586978371e+02
5.137154058984397125e+02
5.130623303508447179e+02
5.121412626840952953e+02
5.109782353275176092e+02
5.096006203999900777e+02
5.080372342563493362e+02
5.062599581985228383e+02
5.043590486420708316e+02
5.023438063123183497e+02
5.002331719790032594e+02
4.980445636360819890e+02
4.957914650256707887e+02
4.934880621421130513e+02
4.911448468218773655e+02
4.887720909331088706e+02
4.863788363948660844e+02
4.839721315830245203e+02
4.815592667626134471e+02
4.791456682855658755e+02
4.767364374241115001e+02
4.743361711197136970e+02
4.719481475978963090e+02
4.695759159892298840e+02
4.672218848429406535e+02
4.648881949276492946e+02
4.625768349230364720e+02
4.602888013123821906e+02
4.580255274045313740e+02
4.557875326839521222e+02
4.535753974423388399e+02
4.513718492554808108e+02
4.491643263151742076e+02
4.469801342205133778e+02
4.448187044125772900e+02
4.426798753790965861e+02
4.405632452066915903e+02
4.384681790176359755e+02
4.363945708050521262e+02
4.343415439900757633e+02
4.323089889010464049e+02
4.302962094406128699e+02
4.283027547430444315e+02
4.263283385460529189e+02
4.243722107917592439e+02
4.224342527051119305e+02
4.205137854883662953e+02
4.186104581592844625e+02
4.167239451452487629e+02
4.148536045683624707e+02
4.129993081781502724e+02
4.111603731955246985e+02
4.093365790818841106e+02
4.075274841606267273e+02
4.057326237056066702e+02
4.039403038920532367e+02
4.021320886932904841e+02
4.003367563176570343e+02
3.985539225157654073e+02
3.967833071979398483e+02
3.950247341325589900e+02
3.932777867456490526e+02
3.915424077187734042e+02
3.898181949224540404e+02
3.881050235840383493e+02
3.864026932629337239e+02
3.847109282402417989e+02
3.830297370799241321e+02
3.813588041932384272e+02
3.796981957845209763e+02
3.780477946223753065e+02
3.764075714783652415e+02
3.747777703489146006e+02
3.731584327531591612e+02
3.715500702877035337e+02
3.699530711562468923e+02
3.683682716969051398e+02
3.667967360769229117e+02
3.652399572473978537e+02
3.636936644014517128e+02
3.621481120330412864e+02
3.606264821136863361e+02
3.591328571405310868e+02
3.576732851780641909e+02
3.562546095754078692e+02
3.548859329216502374e+02
3.535789719375845266e+02
3.523470948932226179e+02
3.512096384646652041e+02
3.501876638896563350e+02
3.493130360951764715e+02
3.486266844731957235e+02
3.481956397628320019e+02
3.481538644353531140e+02
3.487952994343419846e+02
3.509893736499963097e+02
3.566783093582249080e+02
3.687749340474478572e+02
3.855162123869804986e+02
4.041348916543081486e+02
4.279036073324292033e+02
4.610404134964560399e+02
5.083921440118413102e+02
5.550093422873206919e+02
5.808753820431570603e+02
5.953948024947920885e+02
6.144661388676381648e+02
6.426061577317547062e+02
6.628726264306902749e+02
6.701168630885117636e+02
6.713428742293979212e+02
6.703740472776541992e+02
6.682770218717372472e+02
6.655098720677316351e+02
6.623089265022331347e+02
6.588094373779522357e+02
6.551307823891671660e+02
6.513423334666375695e+02
6.475202429550062107e+02
6.436753203970559980e+02
6.397968554268619528e+02
6.358104829045845463e+02
6.316396274883528577e+02
6.272229136199729282e+02
6.225591728118137098e+02
6.176813700816987875e+02
6.126638960556700795e+02
6.072941976446817307e+02
6.022107154235873168e+02
5.974303114647734674e+02
5.930568765211719438e+02
5.891950152650809969e+02
5.859278745358772085e+02
5.832714097106382951e+02
5.812263127559666600e+02
5.797316255972474437e+02
5.787483287703607857e+02
5.782513818056029322e+02
5.782403951096758874e+02
5.786569175437107333e+02
5.793942348988416597e+02
5.803246395127690676e+02
5.813337867498287324e+02
5.824529349696537111e+02
5.837411723797282548e+02
5.853446041877620019e+02
5.873481621716365453e+02
5.897520408199296753e+02
5.924545270766722069e+02
5.952494532590110339e+02
5.979123114856207621e+02
6.001676712237399443e+02
6.020153241032900269e+02
6.032973858024524816e+02
6.039854833450450542e+02
6.040332490339287688e+02
6.035573624225165759e+02
6.026833831347503292e+02
6.015795348980083190e+02
6.003562203718630599e+02
5.990898934190233831e+02
5.978093799872192449e+02
5.965550671599953603e+02
5.953218637765443191e+02
5.941222139496624095e+02
5.928874647812948524e+02
5.915222200296490200e+02
5.899128305121485027e+02
5.879915207242869428e+02
5.857413721315061821e+02
5.832135231935604907e+02
5.804772770545512230e+02
5.776156369432234214e+02
5.747048452378953698e+02
5.718062105694745014e+02
5.688723022809288068e+02
5.661286033851164348e+02
5.634775439644902235e+02
5.609303120364220376e+02
5.584969981805653561e+02
5.562135549111432056e+02
5.541190109667473962e+02
5.523111851370516661e+02
5.509242638265517371e+02
5.501464763731884204e+02
5.502424087302500766e+02
5.513468125533722741e+02
5.534553359454511110e+02
5.562345340572295527e+02
5.592682061597763550e+02
5.620326623302959206e+02
5.641533596204286596e+02
5.654153236233864845e+02
5.660249225003734637e+02
5.662449106760619770e+02
5.663380054939658521e+02
5.664691823011652332e+02
5.666690292196063865e+02
5.669219298239651152e+02
5.670612148562514676e+02
5.670344099199859329e+02
5.667811309964612292e+02
5.662843316274247627e+02
5.655360999529259516e+02
5.646086409982143550e+02
5.635587455551595895e+02
5.624730949124856352e+02
5.614272681899027475e+02
5.604897996354338829e+02
5.597329043118099889e+02
5.592028040573375165e+02
5.589486284560821332e+02
5.589871988318900549e+02
5.593215824028229690e+02
5.599266506599801687e+02
5.607383089380499541e+02
5.616674887049700828e+02
5.626149299999526647e+02
5.635020761762109487e+02
5.642697045072883384e+02
5.649117578088183791e+02
5.654065214207505505e+02
5.657616918063221192e+02
5.658707782385924929e+02
5.657266023213516064e+02
5.654402934979829070e+02
5.650429653657040490e+02
5.645814742135827373e+02
5.641252937851963907e+02
5.637423684127297747e+02
5.634554022133115723e+02
5.632145835972797840e+02
5.628525549366109999e+02
5.621816535615787416e+02
5.610951412639267346e+02
5.595940879893116744e+02
5.577618873114981852e+02
5.557043901021090733e+02
5.535153238170603345e+02
5.512743423343637232e+02
5.490520003684698622e+02
5.469108740805029356e+02
5.449203527063419870e+02
5.431649906645376404e+02
5.417539253512701407e+02
5.408221202191964494e+02
5.405579245198626950e+02
5.410613558307545645e+02
5.425356170791931163e+02
5.450365511324351928e+02
5.482791940480854009e+02
5.518226197332627407e+02
5.552569048087989358e+02
5.583203797508075468e+02
5.609892154869531851e+02
5.632877047907327324e+02
5.652457071503171164e+02
5.668437819894780887e+02
5.680050850434831773e+02
5.686410299968958952e+02
5.687305275217486269e+02
5.682753038925109195e+02
5.673799268979901171e+02
5.661521000538687076e+02
5.647168722726185024e+02
5.631953118795568116e+02
5.616709331514953192e+02
5.602042500075057205e+02
5.587819528916603531e+02
5.573357468854438821e+02
5.557513740167360083e+02
5.537305857664032374e+02
5.513161838917621935e+02
5.486043167126597382e+02
5.456351443455245089e+02
5.424776272658822336e+02
5.391878778428613259e+02
5.358145046863833159e+02
5.323953620224905308e+02
5.289555413418909211e+02
5.255131721608486259e+02
5.220814185833526153e+02
5.186673956476064404e+02
5.152779767111391038e+02
5.119174581421146968e+02
5.085916875594628550e+02
5.053059050738038991e+02
5.020668611994954631e+02
4.988822492889068485e+02
4.957589670415678711e+02
4.927045920029599984e+02
4.897234958430044571e+02
4.868193140029659958e+02
4.839913881592631242e+02
4.812377841229183559e+02
4.785087776793662329e+02
4.758371175251310206e+02
4.732368477675584586e+02
4.707060123787131829e+02
4.682513835238584079e+02
4.658736513859477668e+02
4.635780019305375959e+02
4.613646050768492159e+02
4.592293626475433825e+02
4.571675307274527995e+02
4.551651504233826131e+02
4.532089329175967123e+02
4.512811750204647296e+02
4.493634932296611737e+02
4.474387592891583267e+02
4.454913720684427290e+02
4.435070892005850851e+02
4.414776253635613443e+02
4.393957581812500734e+02
4.372588133068402954e+02
4.350689642801908121e+02
4.328279893709141106e+02
4.305440985381979999e+02
4.282243527874539950e+02
4.258531597682801930e+02
4.235077527363644663e+02
4.211682832043752001e+02
4.188516165132294873e+02
4.165737441496893325e+02
4.143525555084988810e+02
4.122062091484942243e+02
4.101534285107864548e+02
4.082124495175291372e+02
4.064023329258777721e+02
4.047384659560970590e+02
4.032356546190539461e+02
4.019023224869927731e+02
4.007406292371087488e+02
3.997473946491910510e+02
3.989086205859044867e+02
3.982061967940670684e+02
3.976164997653086175e+02
3.971098779450637721e+02
3.966626468885712598e+02
3.962460439680120317e+02
3.958376987409633898e+02
3.954178251291943411e+02
3.949663056303148778e+02
3.944570450868936291e+02
3.939034218908822140e+02
3.932760702466871408e+02
3.925708999656313267e+02
3.917851837987717545e+02
3.909202001696836533e+02
3.899789373526895702e+02
3.889650207752970914e+02
3.878855221484661797e+02
3.867464798703459223e+02
3.855565527972017890e+02
3.843255626725604088e+02
3.830655567512280300e+02
3.817963567168935128e+02
3.805514920440190849e+02
3.794124475364441196e+02
3.785510910606324728e+02
3.784304426700715567e+02
3.798792972673851409e+02
3.837801165347033248e+02
3.891252006785269941e+02
3.929725337962121898e+02
3.940854946305282169e+02
3.937914793058113787e+02
3.934588287049527935e+02
3.950384862362257650e+02
4.010138737460058564e+02
4.111976645584468315e+02
4.204512072997393375e+02
4.272894863846658495e+02
4.387486940784513649e+02
4.627421449880296791e+02
4.980518474521390431e+02
5.310103548015093793e+02
5.540080148099012831e+02
5.727775450180134840e+02
5.880542753098752655e+02
5.963233205496555911e+02
5.998492657452277399e+02
6.020812341273101538e+02
6.042930257512863363e+02
6.069318104093567854e+02
6.100701046019407841e+02
6.138925196165337184e+02
6.198565630477672812e+02
6.358582669722404717e+02
6.640628676870635445e+02
6.791013521720718700e+02
6.820018790876821413e+02
6.817296859744776611e+02
6.806458770801357332e+02
6.793916788044667783e+02
6.788878209305709106e+02
6.811417512567435324e+02
6.884612161723326835e+02
6.954345494700442032e+02
6.981221815889560958e+02
6.991120886024579022e+02
7.000427384539178775e+02
7.013430037016959204e+02
7.031083372002524357e+02
7.052982343344745004e+02
7.077957033460465937e+02
7.102973365144301852e+02
7.125573791009366005e+02
7.144094488694056508e+02
7.158038191718750340e+02
7.166729642405103959e+02
7.170595071551924775e+02
7.172689944538511782e+02
7.178680908826797804e+02
7.194988125066403200e+02
7.213948769769077671e+02
7.225551154723964373e+02
7.222176107192607333e+02
7.207139625327434942e+02
7.185669315871773506e+02
7.160695835537302401e+02
7.133692147180421443e+02
7.105480194296625314e+02
7.076637476451528528e+02
7.047535736433111424e+02
7.018467783644234714e+02
6.989663533004321607e+02
6.961386819783397186e+02
6.934855788336124078e+02
6.913229988999736406e+02
6.897890623110783963e+02
6.888834133654470406e+02
6.883847672116501144e+02
6.879796314630474399e+02
6.873871678722482557e+02
6.865143144957348795e+02
6.853887869588469357e+02
6.841602846604117758e+02
6.829375781472867857e+02
6.815492793173343671e+02
6.801609060877609636e+02
6.787074413718924006e+02
6.771675257064241578e+02
6.755583612125914215e+02
6.739084708742254861e+02
6.722455275506955559e+02
6.706010269586147388e+02
6.689882268914598171e+02
6.674234598024650040e+02
6.659142506532838297e+02
6.644881252145207782e+02
6.633426728108656789e+02
6.626217234898035713e+02
6.622934341690390738e+02
6.620984967006100987e+02
6.616596312911351561e+02
6.607462468255552039e+02
6.593074933258301371e+02
6.574760469477149627e+02
6.554506971525502195e+02
6.534425709653529566e+02
6.514937645875597809e+02
6.496432624960073099e+02
6.481717930655095188e+02
6.469929039626729264e+02
6.461501054119445371e+02
6.455610787938495605e+02
6.450916875764776250e+02
6.446344669647663750e+02
6.441765903694390545e+02
6.437107153897187573e+02
6.432302006234024248e+02
6.427241787344622708e+02
6.421831037626329817e+02
6.415951174512234729e+02
6.409493951032960695e+02
6.402400745114504161e+02
6.394626010117302712e+02
6.386200486513430405e+02
6.377157702396116292e+02
6.367495312827016960e+02
6.357151587545492930e+02
6.345881943872504962e+02
6.333354841617079956e+02
6.319065017185043871e+02
6.302548365830617740e+02
6.283399983642947291e+02
6.259844382896558272e+02
6.231237297278837559e+02
6.199979449227490704e+02
6.166503530457840725e+02
6.131176722924875548e+02
6.094450589279314272e+02
6.056731155689310526e+02
6.018338570934863583e+02
5.979544398469067801e+02
5.940519828224510093e+02
5.901370066778298451e+02
5.862118919955742058e+02
5.822761404630778088e+02
5.783228243769850678e+02
5.743446319548712609e+02
5.703333964282097668e+02
5.662798506662292084e+02
5.621787124666849422e+02
5.580242369312346682e+02
5.538136517531562504e+02
5.495471073052784732e+02
5.452252357960730933e+02
5.408516170929045757e+02
5.364303051440685977e+02
5.319318673913115845e+02
5.274242451884296088e+02
5.229013318049609325e+02
5.183696745215568171e+02
5.138369150624790791e+02
5.093095622762651828e+02
5.047937029012975358e+02
5.002964293124860546e+02
4.958224116795922214e+02
4.913782160222702373e+02
4.869693562540031166e+02
4.826007538716995668e+02
4.782806159619726714e+02
4.740142194737280192e+02
4.698131079589306864e+02
4.656902643959493844e+02
4.616651037585513109e+02
4.577756927014766575e+02
4.540688677976402232e+02
4.506359364274085237e+02
4.475952680871490657e+02
4.450900196702976359e+02
4.432617055099656227e+02
4.420652337222113601e+02
4.412684542340682015e+02
4.404547162216807124e+02
4.393560100224457301e+02
4.379688138845673961e+02
4.364231038169825752e+02
4.347422007035443698e+02
4.328169774953050251e+02
4.305661769112475667e+02
4.280613238208944722e+02
4.255309631753682993e+02
4.232017374175251803e+02
4.212903796480296137e+02
4.200700123517143538e+02
4.198117519601737513e+02
4.208930660549332856e+02
4.236810759862727309e+02
4.284664460406880266e+02
4.353493697639927404e+02
4.441285604764011623e+02
4.544252219732115350e+02
4.660158006215381192e+02
4.790462762380458912e+02
4.930204725344360099e+02
5.064435625342335925e+02
5.170417159573319168e+02
5.236277885604089306e+02
5.264223339726236190e+02
5.267211760065129056e+02
5.255125002330797770e+02
5.235507479283913881e+02
5.212494322044939281e+02
5.188370126662446182e+02
5.164351429237314051e+02
5.140980538390869015e+02
5.118485832670591549e+02
5.097000616045355628e+02
5.076581780699304431e+02
5.057409851395680107e+02
5.039724903167225420e+02
5.023868250562561570e+02
5.010319202301562882e+02
4.999584670247670601e+02
4.992211191629467635e+02
4.988780968668628475e+02
4.989679378176325599e+02
4.995243783208474042e+02
5.005481622038312253e+02
5.020102313150987925e+02
5.038307886515357268e+02
5.059561099674176035e+02
5.083012335803723545e+02
5.107763095099166435e+02
5.133195734992654025e+02
5.158852657831213264e+02
5.184494071251858713e+02
5.210015397230088183e+02
5.235344261415061737e+02
5.260388741102364065e+02
5.285023694312972111e+02
5.308848540667207772e+02
5.331479631120781733e+02
5.352080693120857404e+02
5.369744850767833668e+02
5.383328588725627242e+02
5.391760560541343921e+02
5.394149670666164411e+02
5.390254003298350653e+02
5.379974826558069481e+02
5.364013067240032342e+02
5.343017542267672297e+02
5.317873186124985523e+02
5.289471241765088507e+02
5.258743193494786965e+02
5.225746120085817665e+02
5.191518311956569960e+02
5.156585963169477509e+02
5.121386237788075277e+02
5.086267917116329613e+02
5.051592161146808166e+02
5.017650806917105797e+02
4.984725884364081594e+02
4.953110912358020528e+02
4.923019059116654148e+02
4.894707291856593656e+02
4.868349546727293387e+02
4.844087414136053553e+02
4.822048862423231981e+02
4.802241998470415183e+02
4.784667598496286587e+02
4.769252714678277698e+02
4.755849316600229599e+02
4.744324469123275207e+02
4.734468392950952875e+02
4.726079367765124744e+02
4.719007630726802063e+02
4.713040493201181107e+02
4.708110676997077348e+02
4.703331773613458608e+02
4.699404953623204619e+02
4.696171906516585182e+02
4.693418517692308569e+02
4.690957253228813215e+02
4.688545442660731055e+02
4.685954182104326833e+02
4.682930458094465394e+02
4.679234977830471394e+02
4.674645494950026432e+02
4.668974193941548378e+02
4.662072159601601697e+02
4.653881435006616130e+02
4.644351164775994789e+02
4.633575081849726303e+02
4.621616419912662650e+02
4.608650311674606996e+02
4.594837173721365957e+02
4.580339223185827109e+02
4.565351985229135039e+02
4.549989501693493708e+02
4.534397624761319889e+02
4.518633414474409165e+02
4.502748832395994896e+02
4.486043488585704608e+02
4.469288936647758419e+02
4.452460609590493732e+02
4.435553338768925187e+02
4.418548221487049545e+02
4.401430495855097433e+02
4.384207675457842583e+02
4.366854181804684458e+02
4.349393842496439220e+02
4.331805289683281899e+02
4.314109832362734664e+02
4.296306842829415586e+02
4.278405900768003107e+02
4.260426325265824516e+02
4.242373656876916357e+02
4.224282338586429546e+02
4.206161112541398097e+02
4.188044967426673679e+02
4.169953138733021092e+02
4.151912627276041121e+02
4.133953702787782163e+02
4.116091493542718354e+02
4.098357112518339136e+02
4.080889219353277326e+02
4.063450023584055657e+02
4.046165979621637803e+02
4.029043066274159060e+02
4.012091156440355348e+02
3.995313242929578905e+02
3.978709599052987755e+02
3.962284799921959006e+02
3.946032763934401260e+02
3.929952585155825204e+02
3.914041215296874725e+02
3.898288607573392142e+02
3.882695082631699393e+02
3.867245831134952709e+02
3.851935675340463376e+02
3.836754166303668967e+02
3.821686463640579063e+02
3.806727412211490105e+02
3.791858944526989603e+02
3.777072599278432676e+02
3.762356059036848706e+02
3.747696037184199440e+02
3.733087007265361308e+02
3.718516573853956970e+02
3.703863456319219836e+02
3.689770776397360805e+02
3.675670259064380048e+02
3.661563055312488473e+02
3.647449828874077298e+02
3.633334712141650016e+02
3.619223182186119061e+02
3.605121432969453963e+02
3.591037397659225121e+02
3.576979634787396662e+02
3.562956645624234966e+02
3.548979087340122192e+02
3.535055792832296788e+02
3.521197334145168725e+02
3.507414659466789431e+02
3.493716268752127689e+02
3.480116844299325294e+02
3.466623161323516911e+02
3.453249657991661365e+02
3.440007632307553536e+02
3.426907359922153660e+02
3.413969081751098997e+02
3.401198486625323198e+02
3.388619102404145451e+02
3.375929490892270906e+02
3.363671502719889190e+02
3.351649655750687202e+02
3.339868252181526032e+02
3.328358665832922156e+02
3.317125580041579269e+02
3.306190791983250392e+02
3.295575379219210959e+02
3.285283925966793390e+02
3.275348894830389099e+02
3.265770561446277043e+02
3.256572699685797261e+02
3.247772844652670869e+02
3.239377982260295994e+02
3.231422349683814446e+02
3.223909169647486692e+02
3.216873372998830405e+02
3.210336656598254308e+02
3.204323543910779790e+02
3.198881703043370521e+02
3.194037086049008280e+02
3.189853386751094604e+02
3.186384358065892002e+02
3.183706054171546498e+02
3.181877701224657358e+02
3.180924704914356198e+02
3.181150133294251532e+02
3.182754727495366183e+02
3.186056228287298495e+02
3.191493125527680945e+02
3.199602143481838539e+02
3.211258950862157349e+02
3.227396909880097837e+02
3.249456458332265925e+02
3.278958229968437195e+02
3.317578569533257564e+02
3.367114278527245688e+02
3.428469695843527916e+02
3.502321052719885870e+02
3.587728156164440634e+02
3.683430164334326946e+02
3.786469961477930042e+02
3.893477646247781649e+02
3.998930374834144459e+02
4.097317261049762465e+02
4.183242124394624284e+02
4.254319795145090097e+02
4.310351739292472644e+02
4.351262464196966562e+02
4.380953390060564061e+02
4.403060215734619760e+02
4.420527150762193855e+02
4.435815001958770836e+02
4.451540326823519536e+02
4.470547626196639612e+02
4.495664140774924817e+02
4.529294121397044819e+02
4.572939121844263468e+02
4.626149673116746612e+02
4.684253693885680718e+02
4.738318672629188200e+02
4.779491674945614363e+02
4.804778461911287764e+02
4.817340911241372510e+02
4.820821949327233824e+02
4.818165951401959433e+02
4.811289126156657971e+02
4.801603219591551124e+02
4.790159896609469001e+02
4.777786431658055903e+02
4.765230842315239101e+02
4.753095766497642103e+02
4.742434303157926934e+02
4.733804055525458239e+02
4.728162082360661316e+02
4.726473647719371911e+02
4.730050816962344697e+02
4.740169500188398501e+02
4.757718205593248513e+02
4.783525440366644830e+02
4.817053823594565642e+02
4.857746907671656231e+02
4.903974876133944463e+02
4.953619646199462068e+02
5.003513747544191119e+02
5.050442568145891187e+02
5.091820197629359086e+02
5.128311849832302869e+02
5.161898232305657075e+02
5.195975185429012981e+02
5.231046320533988592e+02
5.264766768152968552e+02
5.293583134839467448e+02
5.315898027421036431e+02
5.331638047305992814e+02
5.342885865858520447e+02
5.348894768418907688e+02
5.352293660058528530e+02
5.354524291064661838e+02
5.356015717411577270e+02
5.357097867495192531e+02
5.357761467105672182e+02
5.357822211352774957e+02
5.357168531167677656e+02
5.355774105280228241e+02
5.353883434548403102e+02
5.352241911412112358e+02
5.351631576671395578e+02
5.353357949118848182e+02
5.358652806111908831e+02
5.369343900424315734e+02
5.387288785787869756e+02
5.414446714051761091e+02
5.452526866909360024e+02
5.501369591505956578e+02
5.559325540967599864e+02
5.622582566913540632e+02
5.687052819754628672e+02
5.749541284809492936e+02
5.808747235235765629e+02
5.862059662530180049e+02
5.910753057139967268e+02
5.954169054861657742e+02
5.990903763217430651e+02
6.020384555193338656e+02
6.043023316650248944e+02
6.060186943617602537e+02
6.072346152794284535e+02
6.079347549499386787e+02
6.080086461005223555e+02
6.073966818401913770e+02
6.060962500151513268e+02
6.041954466895130054e+02
6.018235092378259878e+02
5.991030435606433002e+02
5.961562645031383454e+02
5.930695752835727035e+02
5.899169942096300474e+02
5.867506770441036679e+02
5.836153850355480017e+02
5.805454992475279141e+02
5.775719693858183064e+02
5.747256031331421582e+02
5.720276387835112928e+02
5.693701973210628466e+02
5.668478804925624672e+02
5.645190671799882693e+02
5.623894798069595709e+02
5.604475575267993008e+02
5.586838231993452837e+02
5.570666570973526177e+02
5.555705659622616395e+02
5.541654896188438215e+02
5.528272969059615889e+02
5.515375977314565716e+02
5.502866470434206576e+02
5.490706209858062721e+02
5.478873049611036095e+02
5.467477748796017067e+02
5.456526973439495123e+02
5.446187893587562030e+02
5.436595852795989003e+02
5.427883215179014087e+02
5.420270034813231632e+02
5.413914495767792232e+02
5.409029302346120858e+02
5.405959133383521475e+02
5.404976772895341810e+02
5.405095112804178825e+02
5.407816707914520293e+02
5.414112037618298245e+02
5.424749902555655581e+02
5.440046603948179609e+02
5.461039972682534653e+02
5.488262071640831437e+02
5.522378016899914428e+02
5.562377114925051274e+02
5.604978731550741031e+02
5.645529359999578674e+02
5.680956633249157903e+02
5.710887652136871111e+02
5.737629903325520218e+02
5.764834194072127502e+02
5.797020025659321618e+02
5.839890965203762789e+02
5.901311815545617492e+02
5.986182261792860118e+02
6.093437925038920184e+02
6.206492834485663934e+02
6.302360853262089222e+02
6.364997857735309026e+02
6.396488150820100600e+02
6.400832784022366013e+02
6.389637518711559778e+02
6.369475793734653735e+02
6.343662094538442489e+02
6.314230119729265880e+02
6.282286823683749617e+02
6.249156277057273883e+02
6.215839779246351782e+02
6.183197095689673688e+02
6.151850493529213963e+02
6.122176587784829280e+02
6.094363945044830189e+02
6.068775795607712098e+02
6.045497328084180708e+02
6.024691312429699792e+02
6.006044822055317809e+02
5.988709710206825321e+02
5.971294566521014531e+02
5.952399735547592172e+02
5.930681399995256697e+02
5.905628039223125825e+02
5.877270484246197384e+02
5.846038376708183932e+02
5.812836613773636145e+02
5.780359010400708257e+02
5.747723396843947512e+02
5.714878454022071992e+02
5.682486900622861867e+02
5.651134758805378624e+02
5.621563534047974144e+02
5.594427962448802418e+02
5.570616071615439751e+02
5.551041603700241467e+02
5.536484985065895899e+02
5.527922934846848193e+02
5.525460673978020623e+02
5.529104269422342668e+02
5.537900954919850847e+02
5.550430360583258107e+02
5.565041914555730500e+02
5.580242699243702873e+02
5.594803512804097636e+02
5.608245214742244116e+02
5.620217184025203778e+02
5.630760073438257223e+02
5.640064939365079226e+02
5.648338120547873586e+02
5.655791148390942453e+02
5.654780302650198109e+02
5.649657047927898930e+02
5.641952091995901810e+02
5.630838015464397586e+02
5.616323458786556557e+02
5.598416253707109718e+02
5.577827331611065347e+02
5.555253103427558017e+02
5.531559334954105225e+02
5.507568208229821494e+02
5.483951886951698498e+02
5.461250855807320477e+02
5.439685149017303729e+02
5.419249395552890292e+02
5.399543807062931364e+02
5.380010559470683802e+02
5.359961695883033599e+02
5.338803994937593416e+02
5.316187411545921577e+02
5.292124514882909807e+02
5.266911138854927685e+02
5.241183135003797133e+02
5.215767129022464133e+02
5.191638367359823860e+02
5.146859539880656484e+02
5.095718422424896517e+02
5.045359201654129606e+02
4.995824931223644967e+02
4.947069519908408779e+02
4.899104782545381909e+02
4.851921445578760199e+02
4.805487138553235695e+02
4.759829494618794570e+02
4.714893805127672977e+02
4.670690025375262735e+02
4.627200485372317189e+02
4.584392336640235612e+02
4.542292943842298882e+02
4.500836634325442560e+02
4.460065798054752690e+02
4.419922331391541093e+02
4.380425273514716196e+02
4.341553179940891027e+02
4.303295664113529710e+02
4.265661728712325953e+02
4.228630596233414281e+02
4.192202477380486130e+02
4.156384180294189150e+02
