nan
3.553351544556762178e+02
3.585785632798725828e+02
3.625583261671922060e+02
3.671420469634430788e+02
3.720991863279209610e+02
3.771331166290784154e+02
3.819193593725530604e+02
3.861590668374407187e+02
3.896659608202663208e+02
3.923501937834678301e+02
3.941962833659870284e+02
3.953105050731133474e+02
3.957680683755658038e+02
3.957255227801233559e+02
3.952949990815690740e+02
3.945935737664292446e+02
3.937292991985257800e+02
3.927901387821138428e+02
3.918625959261020739e+02
3.910225376512566413e+02
3.903389989302738172e+02
3.898702781959294725e+02
3.896806742397604353e+02
3.897978682085192190e+02
3.899316571443412727e+02
3.903348640687639772e+02
3.910161537190519425e+02
3.919728511187194613e+02
3.931799117585226213e+02
3.946316911312473508e+02
3.962990521341620251e+02
3.981778428534527734e+02
4.002576618061176532e+02
4.025318008179596063e+02
4.049921054325204182e+02
4.076066416991483834e+02
4.103323649558299735e+02
4.130968958578152410e+02
4.158114030827291572e+02
4.183700408415441530e+02
4.206786013014972241e+02
4.226264947328712083e+02
4.241592233327539816e+02
4.252220380909691357e+02
4.257971877175831992e+02
4.259071863717536530e+02
4.255597590432539619e+02
4.248221655569685140e+02
4.237182536739466627e+02
4.223002742032165884e+02
4.206290799944958962e+02
4.187498905201090906e+02
4.167161439213471112e+02
4.145595490847212545e+02
4.123149588818778852e+02
4.100069688582353820e+02
4.076554536588994324e+02
4.052781534456114514e+02
4.028875768364756027e+02
4.004945536740501097e+02
3.981080916853420604e+02
3.957344022742256016e+02
3.933795341407723072e+02
3.910480838007306943e+02
3.887434434883513745e+02
3.864694554066541627e+02
3.842283933024148723e+02
3.820225112617225705e+02
3.798548859046126154e+02
3.777260350845662629e+02
3.756398187450681689e+02
3.735964844688954258e+02
3.716309793559977948e+02
3.697088508161867253e+02
3.678312692489180336e+02
3.660032747243321296e+02
3.642252809759304455e+02
3.625024666292755455e+02
3.608371346479537465e+02
3.592322180679302619e+02
3.576932788460035795e+02
3.562206392990794370e+02
3.548203468851285720e+02
3.534928470754495038e+02
3.522409813717296174e+02
3.510671348445999342e+02
3.499692603358819838e+02
3.489499499929580679e+02
3.480041017625057975e+02
3.471304075804274589e+02
3.463235504207719941e+02
3.455764552879927010e+02
3.448837024627450205e+02
3.442345332668284072e+02
3.436209877439563911e+02
3.430323619796766366e+02
3.424019177650156962e+02
3.417777687826986153e+02
3.411511180140876718e+02
3.405138928641325151e+02
3.398597333540967611e+02
3.391828853824085854e+02
3.384787451271997156e+02
3.377452401894523177e+02
3.369792128524383088e+02
3.361814910730246311e+02
3.353514621027252360e+02
3.344907440973116195e+02
3.336016874528758649e+02
3.326857610640086591e+02
3.317471372050663945e+02
3.307880707469595336e+02
3.298125709107023340e+02
3.288240291133155324e+02
3.278257730061102393e+02
3.268216665677479682e+02
3.258149470868979165e+02
3.248090032584144637e+02
3.238071514164066684e+02
3.228122878902127013e+02
3.218723127034687082e+02
3.209511667464091715e+02
3.200501735533048873e+02
3.191712610203189229e+02
3.183153348478079465e+02
3.174833761380334067e+02
3.166766595193603280e+02
3.158949566456268485e+02
3.151396436257710434e+02
3.144101155990207417e+02
3.137068892073375537e+02
3.130301485442541320e+02
3.123793469286074469e+02
3.117560609945829810e+02
3.111608232105339766e+02
3.105983667116135507e+02
3.100785634210416220e+02
3.096205867764527397e+02
3.092735174963041800e+02
3.091220293796851593e+02
3.093402984844341290e+02
3.102384693939013118e+02
3.122265368827310681e+02
3.158545873829257289e+02
3.211070959810272143e+02
3.272492644016772942e+02
3.330914586118768739e+02
3.381433678596069399e+02
3.426516119107588452e+02
3.470858475508470633e+02
3.514585979568117295e+02
3.554510663043234899e+02
3.588087465630965767e+02
3.614643503843557255e+02
3.634831334520094970e+02
3.648678562807298817e+02
3.657098489350393606e+02
3.660971909717007975e+02
3.662217521938766254e+02
3.662313261322174185e+02
3.661889999801816202e+02
3.660686678611626235e+02
3.657607870767091072e+02
3.651785584012326922e+02
3.642531962154341727e+02
3.630185395033517466e+02
3.615262640100539215e+02
3.598565453668765031e+02
3.579467501480823444e+02
3.560072438902901126e+02
3.540925974183995777e+02
3.522381395944069027e+02
3.504700811185647353e+02
3.488052312383281901e+02
3.472552877952872450e+02
3.458227998335688085e+02
3.445106582673831213e+02
3.433147105093249252e+02
3.422330346833084036e+02
3.412653643976468629e+02
3.404164134084119269e+02
3.397032321370995760e+02
3.391600081196295378e+02
3.388568560261355742e+02
3.389006180650076203e+02
3.394754521261684204e+02
3.407793382444168628e+02
3.429815326952718237e+02
3.461897837102119979e+02
3.504388663560084183e+02
3.558525772334966746e+02
3.623136509346145431e+02
3.694519074136369454e+02
3.759997145126344549e+02
3.813158871669568271e+02
3.851362593747763299e+02
3.876944335143165858e+02
3.892905779022855199e+02
3.902626293832415740e+02
3.908690654373575626e+02
3.912760932594172800e+02
3.916148557414753100e+02
3.919527913749669210e+02
3.923490812051368266e+02
3.928311768882583692e+02
3.934225621535392747e+02
3.941377463711298788e+02
3.949854236748532230e+02
3.959789291536818610e+02
3.971258267469906968e+02
3.984231701643394672e+02
3.998528163432380893e+02
4.013396283187960876e+02
4.027720373762707595e+02
4.040075240090688453e+02
4.049246526304268627e+02
4.054087133071631683e+02
4.055153416064374028e+02
4.052892178152556539e+02
4.048055422552944265e+02
4.041273890851925898e+02
4.033173348529752502e+02
4.024251732545663458e+02
4.014880836863261493e+02
4.005362433848389969e+02
3.995852880388919175e+02
3.986450467697559930e+02
3.977154158686756773e+02
3.967890226762527845e+02
3.958561980536878195e+02
3.949017692135016091e+02
3.939169367519414209e+02
3.928881375502452329e+02
3.918132914217178495e+02
3.906895632752342067e+02
3.895194493032850573e+02
3.883095972268401965e+02
3.870656583297014208e+02
3.857978119263923986e+02
3.845571292458971584e+02
3.832325852733277998e+02
3.819261891447428070e+02
3.806486065533709962e+02
3.794096398545983106e+02
3.782208548029818758e+02
3.770899907313232120e+02
3.760284794682571601e+02
3.750439623448650650e+02
3.741442907156480828e+02
3.733382230010126932e+02
3.726284814689787481e+02
3.720214054670558994e+02
3.715148681815092573e+02
3.711070132433088702e+02
3.707909924028826367e+02
3.705550309947176402e+02
3.703856861081019360e+02
3.702647606506965303e+02
3.701744172473491403e+02
3.700946080759729284e+02
3.700095750255563303e+02
3.699007698560835138e+02
3.697581400949474073e+02
3.696252201272200182e+02
3.694152972662946581e+02
3.691558342397900674e+02
3.688383898660673026e+02
3.684604282060731180e+02
3.680173399935594603e+02
3.675111378611947544e+02
3.669428366782109379e+02
3.663184426920306578e+02
3.656451140138096321e+02
3.649336857585599319e+02
3.641988992468730544e+02
3.634580596534384540e+02
3.627352091115865278e+02
3.620611874017006357e+02
3.614761493720322392e+02
3.610432199620805704e+02
3.608498291092869295e+02
3.610448678040575032e+02
3.618662749857423364e+02
3.636741964292514808e+02
3.670366250838305859e+02
3.725287971674073901e+02
3.806655427663358751e+02
3.913682725988332436e+02
4.038691736804090624e+02
4.170179022502455837e+02
4.291948193667620899e+02
4.390529624061871914e+02
4.461992759619296862e+02
4.508494552357309431e+02
4.534807008815051859e+02
4.546672871058615328e+02
4.547804791600705698e+02
4.541204947099126912e+02
4.528908232550706430e+02
4.512189231065979698e+02
4.492184412722571665e+02
4.469654471629707473e+02
4.445228271366493118e+02
4.419482286097498331e+02
4.392805757995442946e+02
4.365585987012860869e+02
4.338117729215466056e+02
4.310626717362272871e+02
4.283335897351581707e+02
4.256399036976008006e+02
4.229951915138676668e+02
4.202892112553313950e+02
4.175594976174431281e+02
4.149208707267446812e+02
4.123738035658263357e+02
4.099177171566875018e+02
4.075516945339314248e+02
4.052717210062330082e+02
4.030785605426349321e+02
4.009752735739891705e+02
3.989830178652045447e+02
3.971471164741667508e+02
3.955917868799356256e+02
3.945796642117406918e+02
3.946913573818641225e+02
3.971109464442542389e+02
4.035784724231433529e+02
4.157338336649064559e+02
4.330001943363045598e+02
4.529687708891858620e+02
4.733688073881169203e+02
4.912762572611483733e+02
5.041595385904183217e+02
5.115955303170847515e+02
5.150421143814476181e+02
5.160481409396293202e+02
5.161234659594598497e+02
5.155839823776829007e+02
5.142585322114935025e+02
5.121021829852865039e+02
5.092801417492253790e+02
5.060692374799460254e+02
5.026334587249009473e+02
4.990388270258709440e+02
4.953155274813234996e+02
4.914799180065905375e+02
4.875738687319097835e+02
4.836433639908166242e+02
4.797255501492390408e+02
4.758565156371505509e+02
4.720534560123670076e+02
4.683320328047929024e+02
4.646987526489314746e+02
4.611565249731098106e+02
4.577073951286748184e+02
4.543490541746133999e+02
4.510809797136347470e+02
4.479003086019042144e+02
4.448053932043026180e+02
4.417903191997597787e+02
4.388915929712826483e+02
4.360820489570895120e+02
4.333646265575368943e+02
4.307456165317407226e+02
4.282329058623125206e+02
4.258379695035933423e+02
4.235777719902742433e+02
4.214703632437180545e+02
4.195449676007594917e+02
4.178303294600571007e+02
4.163638431731459377e+02
4.151902667063313856e+02
4.143445593754049128e+02
4.138771781478831713e+02
4.138073548837194835e+02
4.141517387917913879e+02
4.148976573987462189e+02
4.159967335358663831e+02
4.173841897238405636e+02
4.189700961335501006e+02
4.206493212543102231e+02
4.223337785939316404e+02
4.239258080528873052e+02
4.252457316798013949e+02
4.263031150933185813e+02
4.270409494619468660e+02
4.274401129663754659e+02
4.274945906386125216e+02
4.272195038927666246e+02
4.266570037376946516e+02
4.258528927789884619e+02
4.248627327567193674e+02
4.237434723964408363e+02
4.225436759387113739e+02
4.213114476944488160e+02
4.200851453782136105e+02
4.188962516304680435e+02
4.177729904424872416e+02
4.167343321415428363e+02
4.157974993216465691e+02
4.149745228106894501e+02
4.142715425305835879e+02
4.136951951793363378e+02
4.132441823478484935e+02
4.129177943355667253e+02
4.127118736447274614e+02
4.126175173163020986e+02
4.126092294490005088e+02
4.126549808020794785e+02
4.127785609088638239e+02
4.129704258859335937e+02
4.132202772142242679e+02
4.135269711262268970e+02
4.138875371393731371e+02
4.143141980709929157e+02
4.148307893863584468e+02
4.154778417425770840e+02
4.163463068157400357e+02
4.175485596293461867e+02
4.192817665006880361e+02
4.217588454787220371e+02
4.251187269676427718e+02
4.293236533104952741e+02
4.338938672047611931e+02
4.381409328591180952e+02
4.414337817159401993e+02
4.435166967898242092e+02
4.444754846804343060e+02
4.446037732064690431e+02
4.441350455679009883e+02
4.432814678568043405e+02
4.423851953534965560e+02
4.412017883525000457e+02
4.398477324335028698e+02
4.383404515302280515e+02
4.367000712125222321e+02
4.349331629300635313e+02
4.330600479539411936e+02
4.310908871160551143e+02
4.290408590929238812e+02
4.269243873296711058e+02
4.247515525170619526e+02
4.225373787210700698e+02
4.202916154441483059e+02
4.180257951425003284e+02
4.157508092267024153e+02
4.134760449530940605e+02
4.112117577454205843e+02
4.089677791433827565e+02
4.067509445314678942e+02
4.045696039113186657e+02
4.024277309813671764e+02
4.003287621511080943e+02
3.982745312663756181e+02
3.962627241293438942e+02
3.945202550656302378e+02
3.927868836833052910e+02
3.910876215186244167e+02
3.894173287561863503e+02
3.877729435894077596e+02
3.861517477279844002e+02
3.845528531789325370e+02
3.829768074563053233e+02
3.814234148627425043e+02
3.798945535490879024e+02
3.783902743142506893e+02
3.769116945542980943e+02
3.754594974569498618e+02
3.740324417160227313e+02
3.726311293612688473e+02
3.712529959092552190e+02
3.698978979145376229e+02
3.685632298092764927e+02
3.672479193282903225e+02
3.659509455158705009e+02
3.646700897343066003e+02
3.634058598779762406e+02
3.621557922142989696e+02
3.609210896010876581e+02
3.597895583639079859e+02
3.586557197894300089e+02
3.575326204198511277e+02
3.564189732432496385e+02
3.553160198688288460e+02
3.542218323588154476e+02
3.531372070878730938e+02
3.520610451931655120e+02
3.509925709599264110e+02
3.499317925786701267e+02
3.488767699414300409e+02
3.478281536790655650e+02
3.467838381122083433e+02
3.457441265198810925e+02
3.447080006034282746e+02
3.436745501981089319e+02
3.426439521577167966e+02
3.416143726808298879e+02
3.405866313150169162e+02
3.395591013855764686e+02
3.385322146432964132e+02
3.375053845740036422e+02
3.364781826674029048e+02
3.354511794940336813e+02
3.344583380007448454e+02
3.334733464557656930e+02
3.324866115241789544e+02
3.314990394780315910e+02
3.305108380872296152e+02
3.295223093384726667e+02
3.285346378883172633e+02
3.275478199994368538e+02
3.265636068954015627e+02
3.255823308283972892e+02
3.246055676619232599e+02
3.236343281060047730e+02
3.226698280885020722e+02
3.217137998499110267e+02
3.207672710299238474e+02
3.198324131034772790e+02
3.189103052070129820e+02
3.180031723733557101e+02
3.171125185688540000e+02
3.162403530506018114e+02
3.153888204884730726e+02
3.145595495386868379e+02
3.137553950211748770e+02
3.129778379780942146e+02
3.122425918530413469e+02
3.115603726046122688e+02
3.109161096598275549e+02
3.103130994596776873e+02
3.097539909560038609e+02
3.092429417076996288e+02
3.087819975487841475e+02
3.083754867805457707e+02
3.080257033591127538e+02
3.077360234546911784e+02
3.075099478351087328e+02
3.073493982186741960e+02
3.072585935300333517e+02
3.072386247534096810e+02
3.072930396928381356e+02
3.074234405918701896e+02
3.076314555044598364e+02
3.079191038365181043e+02
3.082858567572308175e+02
3.087329493616811646e+02
3.092588204143471557e+02
3.098624242395064243e+02
3.105414723727624278e+02
3.112921166079009936e+02
3.121160902993898389e+02
3.130043267600464674e+02
3.139453171810858976e+02
3.149366035975954219e+02
3.159780190539304385e+02
3.170733663809085670e+02
3.182317760112036922e+02
3.194758498765527293e+02
3.208443255579202287e+02
3.224100763411764774e+02
3.243075340712219372e+02
3.267418968439937998e+02
3.300918794597967576e+02
3.348103877974365901e+02
3.414359696927682535e+02
3.502763877242279591e+02
3.611990620476781828e+02
3.738502697363305742e+02
3.876599469328222654e+02
4.018042479112161232e+02
4.150365593717207844e+02
4.263751902640151457e+02
4.351905384012715103e+02
4.415842346564178342e+02
4.460062584513863726e+02
4.486285477247263316e+02
4.501147774290259349e+02
4.508390373900309100e+02
4.509924344316034421e+02
4.507217945275280044e+02
4.501057663142230467e+02
4.491945277374591114e+02
4.480314788637907668e+02
4.466379155628890771e+02
4.450497725027657339e+02
4.432829967251789753e+02
4.413668313568139183e+02
4.393182807706180597e+02
4.371571920995522191e+02
4.349005387836631371e+02
4.325613666145684419e+02
4.301545855821294140e+02
4.276897013911242880e+02
4.251781440832637031e+02
4.226275140072715431e+02
4.200459087537062146e+02
4.174395661972421863e+02
4.148142663470990783e+02
4.123076161322623534e+02
4.096729234142623568e+02
4.070500056558398114e+02
4.044408882864441921e+02
4.018485013926897409e+02
3.992744441987718460e+02
3.967205356141667494e+02
3.941884598299827189e+02
3.916790031931965359e+02
3.891939720576563104e+02
3.867337050283102826e+02
3.842995918067553021e+02
3.818923597304292912e+02
3.795124538200076358e+02
3.771613517414168086e+02
3.748388450375389880e+02
3.725463095245972909e+02
3.702839323118692505e+02
3.680522174441542234e+02
3.658522075396954278e+02
3.636836603435102120e+02
3.615477594512843780e+02
3.594445012721973853e+02
3.573743648578821990e+02
3.554478260135557548e+02
3.535033303845657429e+02
3.515976480085756180e+02
3.497305806201453606e+02
3.479028839881378872e+02
3.461153694545643589e+02
3.443682009124983665e+02
3.426628970112347474e+02
3.409996998186001065e+02
3.393800801952647817e+02
3.378051776877946395e+02
3.362759670249677697e+02
3.347946565612796235e+02
3.333621348726057363e+02
3.319810092102317753e+02
3.306531488504128902e+02
3.293810405645273818e+02
3.281684636561285515e+02
3.270182939179701407e+02
3.259368079141339081e+02
3.249303035575555896e+02
3.240109089299965035e+02
3.231967379356537435e+02
3.225195189014872881e+02
3.221041467610019140e+02
3.219645624080858965e+02
3.223481958470312065e+02
3.236654883557039284e+02
3.269634365760814489e+02
3.345312612035407938e+02
3.519418796821206001e+02
3.857844997671155056e+02
4.290074295579026398e+02
4.648055042271972752e+02
4.954282034069088922e+02
5.230706364684397158e+02
5.467299528454936990e+02
5.677902616102679758e+02
5.840783431475748557e+02
5.944485663030262685e+02
6.008136680891295782e+02
6.040057156934966542e+02
6.039681413102455281e+02
6.017810958483381683e+02
5.989603599276623527e+02
5.957608978361813570e+02
5.915186982504149000e+02
5.859953257529633674e+02
5.796094301554413732e+02
5.729386610542738936e+02
5.662258767896425979e+02
5.595915713031008636e+02
5.530984681105728669e+02
5.467726479105294857e+02
5.406232944185917404e+02
5.346615955770930668e+02
5.288869979421900780e+02
5.233052080207650079e+02
5.179168115927285498e+02
5.127210858072750170e+02
5.077208970279262417e+02
5.029103953255055330e+02
4.982906395487422628e+02
4.938545002205027572e+02
4.895969699514280933e+02
4.855114843090558452e+02
4.815873754286552071e+02
4.778168835484856345e+02
4.741870161171618179e+02
4.706877520391989265e+02
4.673058882184698177e+02
4.640295830633237415e+02
4.608598635750828407e+02
4.578382966464251922e+02
4.548870957411352265e+02
4.519940691131652670e+02
4.491512028349575303e+02
4.463476134855897612e+02
4.435767102893056517e+02
4.408315514141976337e+02
4.381060879618723902e+02
4.353972628049808691e+02
4.327003135700078928e+02
4.300135793006209610e+02
4.273352906615893971e+02
4.246639762463139505e+02
4.219998989883231388e+02
4.193427723488665606e+02
4.166932042313146667e+02
4.140528283324449603e+02
4.114223194418380558e+02
4.088042331006639074e+02
4.062002412811942236e+02
4.036124637256309029e+02
4.010439841525785596e+02
3.984965779699030577e+02
3.959579657795929961e+02
3.934990587485763740e+02
3.910627883781563128e+02
3.886526935076243490e+02
3.862720427059593931e+02
3.839250310134282245e+02
3.816145791822168007e+02
3.793452500204224975e+02
3.771202508464027119e+02
3.749440189446254408e+02
3.728209990720536098e+02
3.707551383117965997e+02
3.687524573210651511e+02
3.668169159194744111e+02
3.649554348322036503e+02
3.631737192666610099e+02
3.614780853059762080e+02
3.598771820099918841e+02
3.583764351139013229e+02
3.569861384593737057e+02
3.557125904679087967e+02
3.545640537790791882e+02
3.535493368543994279e+02
3.526716778219335424e+02
3.519392055453038779e+02
3.513609940540617913e+02
3.509311696361656345e+02
3.506457187234302069e+02
3.504967056281224131e+02
3.504753678065767986e+02
3.505646564078649021e+02
3.507509255174128953e+02
3.510128961248995552e+02
3.513358327520230660e+02
3.516997303926127643e+02
3.520926547579232988e+02
3.525015828180735866e+02
3.529177597524470684e+02
3.533377855522384152e+02
3.537549955238736743e+02
3.541726852936743057e+02
3.545873654466067251e+02
3.550030328646822113e+02
3.554203480726624207e+02
3.558408287938959234e+02
3.562677153077169692e+02
3.567006536589053098e+02
3.571427712769609570e+02
3.576424418268846921e+02
3.581093283055134862e+02
3.585839364815000749e+02
3.590660292653130909e+02
3.595559063321442750e+02
3.600521096052209487e+02
3.605539021259446031e+02
3.610590881431054413e+02
3.615654895601968519e+02
3.620704796683902487e+02
3.625704262938665465e+02
3.630627292621086326e+02
3.635425125540212434e+02
3.640072842456873445e+02
3.644518910393133524e+02
3.648732746393041566e+02
3.652674312456147163e+02
3.656298969855562291e+02
3.659583764574214797e+02
3.662473526753346960e+02
3.664954109556010735e+02
3.666973933021853895e+02
3.668514306092343986e+02
3.669541148602349381e+02
3.670168964394731574e+02
3.670046817662818626e+02
3.669383297521340523e+02
3.668188439366430202e+02
3.666432574528242867e+02
3.664125351235301196e+02
3.661257497386056912e+02
3.657827220725647521e+02
3.653849025664036958e+02
3.649314505788523775e+02
3.644250942653819152e+02
3.638658176668050714e+02
3.632562282125880984e+02
3.625980906796601175e+02
3.618933293675029859e+02
3.611450807955143887e+02
3.603551179591844971e+02
3.595269878768574472e+02
3.586629983372436641e+02
3.577663499013098090e+02
3.568399346821070708e+02
3.558864652049592223e+02
3.549090024201042866e+02
3.539100750738884358e+02
3.528914862000309540e+02
3.518903937650657099e+02
3.508739320791506202e+02
3.498442081557526535e+02
3.488034204673746785e+02
3.477536124473818973e+02
3.466967056973367107e+02
3.456347103314470246e+02
3.445692296557959935e+02
3.435021746884771687e+02
3.424349580156235788e+02
3.413691773082267673e+02
3.403063114883997287e+02
3.392475165985635499e+02
3.381943248588002575e+02
3.371476175222736629e+02
3.361087036261716889e+02
3.350785215738158058e+02
3.340579328883389962e+02
3.330480279783042192e+02
3.320493032184849653e+02
3.310627749604977907e+02
3.300888993312024127e+02
3.291283137067142093e+02
3.281754801579767786e+02
3.272589543263158589e+02
3.263568906891524080e+02
3.254691546178521548e+02
3.245962089954457497e+02
3.237380703421187604e+02
3.228947754620668320e+02
3.220666629005636992e+02
3.212534179378850467e+02
3.204554500630002281e+02
3.196725124972932122e+02
3.189047308234258367e+02
3.181522968662283688e+02
3.174149637992498469e+02
3.166933272618268234e+02
3.159871749441302313e+02
3.152971483335550715e+02
3.146236505564455115e+02
3.139671984005142349e+02
3.133291045101493069e+02
3.127101550056620454e+02
3.121124532847182991e+02
3.115379582928134141e+02
3.109895357713503472e+02
3.104692455282456081e+02
3.100057491025627314e+02
3.095821596206026243e+02
3.092057888367110081e+02
3.088873458581635987e+02
3.086404391594660410e+02
3.084811904954044621e+02
3.084338771947302007e+02
3.085241123321042096e+02
3.087907405050221428e+02
3.092765764962906019e+02
3.100357180651154749e+02
3.111347944908097816e+02
3.126345864595956527e+02
3.146130176042228754e+02
3.171120809999104040e+02
3.201651172466256980e+02
3.237453805075639934e+02
3.277699345885415596e+02
3.321059611225034018e+02
3.365734900115422192e+02
3.409838310926610916e+02
3.451703838932607482e+02
3.490000084479148654e+02
3.523399732157817539e+02
3.551128269449482673e+02
3.573759575409814033e+02
3.591626843771493327e+02
3.605068177126083242e+02
3.614604327976890090e+02
3.620868629669722623e+02
3.624377652505474430e+02
3.625769421454347139e+02
3.625548826142564849e+02
3.624261254222313369e+02
3.622485128624310846e+02
3.620964073542650112e+02
3.620759120176233523e+02
3.623679517783440929e+02
3.632671256872298500e+02
3.652493163710979047e+02
3.690669723795004415e+02
3.755578297660195517e+02
3.854492406257484731e+02
3.984575439118986537e+02
4.131779400621261971e+02
4.274759811552901851e+02
4.397499864445975390e+02
4.492576686634124599e+02
4.560233816272960894e+02
4.602197672558015142e+02
4.623352885152245904e+02
4.627979892962408712e+02
4.620246884259018998e+02
4.603762055600590202e+02
4.581029590536697356e+02
4.554134190289834123e+02
4.524368461988138392e+02
4.492721514936208109e+02
4.459850560288886072e+02
4.426234512079906835e+02
4.392226200774545646e+02
4.358076361943702182e+02
4.323975796394998952e+02
4.290069576532703195e+02
4.256468299117340166e+02
4.223259817840627193e+02
4.190518356116916152e+02
4.158294677617261641e+02
4.126640616404121715e+02
4.095591081968865979e+02
4.065175496511321853e+02
4.035333792184299000e+02
4.006276018168379096e+02
3.977934712805188724e+02
3.950328233805607852e+02
3.923484145269065380e+02
3.897423832180276690e+02
3.872159951754449025e+02
3.847707995328589163e+02
3.824061137462589386e+02
3.801214152926957013e+02
3.779140382712402584e+02
3.757800369065401469e+02
3.737147763502649127e+02
3.717110985359952338e+02
3.697626609587589996e+02
3.678616383179849549e+02
3.659999875599791039e+02
3.641719194807205895e+02
3.623693868026338691e+02
3.605887543689236168e+02
3.588249772324343780e+02
3.570749781908165801e+02
3.553378911366884267e+02
3.536110770028217303e+02
3.518804742191986179e+02
3.502288152257194156e+02
3.485842266908081797e+02
3.469484746765838281e+02
3.453228516726675821e+02
3.437105055259520441e+02
3.421128063949790317e+02
3.405328159422445538e+02
3.389723500653567498e+02
3.374337598012432977e+02
3.359192728935736909e+02
3.344304841665736490e+02
3.329697051856297207e+02
3.315379906841021125e+02
3.301373959738313033e+02
3.287688252451793005e+02
3.274336371195618085e+02
3.261329270579579998e+02
3.248671471335126171e+02
3.236375713540638230e+02
3.224440687682097177e+02
3.212876265700476210e+02
3.201682312304210996e+02
3.190860586542558508e+02
3.180252470937330145e+02
3.170354285774662912e+02
3.160826679540208488e+02
3.151668981551536035e+02
3.142895216104304268e+02
3.134522783516509321e+02
3.126580888671349499e+02
3.119135021183529375e+02
3.112279289465158740e+02
3.106200293893564890e+02
3.101207970596634027e+02
3.097812453205244765e+02
3.096934320136357996e+02
3.099953990961094519e+02
3.109159234467560395e+02
3.127909473869916610e+02
3.160416921034170059e+02
3.211813785139611355e+02
3.285047642466134903e+02
3.380353955474522536e+02
3.492163358636544785e+02
3.612193464415772155e+02
3.729546443010473808e+02
3.835590756236499033e+02
3.924427851883186236e+02
3.992802688505613560e+02
4.040964220301281671e+02
4.072101472314850525e+02
4.089532253735010272e+02
4.096875987318733223e+02
4.097152260454093948e+02
4.092586153531397599e+02
4.085000407707797763e+02
4.075417640596032243e+02
4.064658619833858779e+02
4.053112930612497848e+02
4.041040369513400492e+02
4.028565337542294174e+02
4.015701085398695795e+02
4.002473959954582483e+02
3.988841667432491818e+02
3.974788270837679534e+02
3.960298843096524593e+02
3.945361624896722219e+02
3.929997759620966917e+02
3.914237178675853670e+02
3.898115075023867462e+02
3.881698211519948245e+02
3.865224380366249193e+02
3.848574132693091201e+02
3.831891464501124460e+02
3.815228368908403809e+02
3.798658145197557587e+02
3.782223848184779627e+02
3.765977313534022528e+02
3.749963566433053757e+02
3.734208564674435706e+02
3.718749738975397463e+02
3.703602486591621528e+02
3.688784972252906869e+02
3.674314132516927316e+02
3.660190695712942670e+02
3.646427104001028283e+02
3.633021421075703188e+02
3.619971945388566610e+02
3.607283354676624185e+02
3.594944051425043199e+02
3.582957425780258518e+02
3.571314816423574712e+02
3.560008421252093740e+02
3.549040972110180405e+02
3.538397007504288467e+02
3.528246172518927892e+02
3.518638389443784718e+02
3.509349857833086617e+02
3.500378883682445235e+02
3.491709883097635156e+02
3.483345764470686277e+02
3.475269119795062807e+02
3.467475738905583853e+02
3.459956071048532067e+02
3.452695951868427073e+02
3.445691627137522346e+02
3.438923077614464319e+02
3.432385266004980053e+02
3.426061415521793947e+02
3.419940582446540702e+02
3.414012826601276061e+02
3.408261195979894183e+02
3.402679659899183662e+02
3.397251502572702293e+02
3.391970606965266484e+02
3.386824860325044142e+02
3.381805488811693863e+02
3.376906581082420757e+02
3.372117330640474506e+02
3.367283883230766151e+02
3.362796813667817446e+02
3.358418036548022769e+02
3.354139848079953481e+02
3.349960289746172180e+02
3.345877923763293893e+02
3.341889242568412897e+02
3.337999734499654778e+02
3.334205601301935644e+02
3.330515161255669909e+02
3.326929128269393914e+02
3.323453382130017530e+02
3.320095657456187155e+02
3.316857225117626058e+02
3.313749360272593094e+02
3.310772073985843917e+02
3.307934029390959267e+02
3.305237653514661247e+02
3.302683807037764154e+02
3.300276170280788506e+02
3.298009710068078562e+02
3.295884682521656828e+02
3.293893544654346215e+02
3.292029818753490531e+02
3.290172165417829433e+02
3.288568343781406043e+02
3.287038981443232615e+02
3.285568425423653025e+02
3.284141619304052142e+02
3.282741429061202325e+02
3.281351984934929078e+02
3.279954527490731948e+02
3.278534037570987607e+02
3.277072143622259546e+02
3.275554413005510810e+02
3.273966278134358845e+02
3.272292927311166295e+02
3.270524400054722491e+02
3.268647339414763451e+02
3.266655037662632708e+02
3.264537782721031931e+02
3.262290982158921793e+02
3.259910445530041443e+02
3.257392113374939413e+02
3.254736777675913686e+02
3.251941633641912972e+02
3.249011288499897887e+02
3.245945556484785470e+02
3.242596631716610318e+02
3.239641908322090558e+02
3.236549761454076588e+02
3.233328888379389809e+02
3.229984574615382940e+02
3.226531928434953329e+02
3.222979764902549960e+02
3.219347009476841777e+02
3.215652326683929800e+02
3.211918920156867330e+02
3.208182604161274867e+02
3.204479650301477704e+02
3.200876364008018413e+02
3.197454736022460224e+02
3.194357349931930798e+02
3.191856260163964976e+02
3.190472633911400067e+02
3.191677278924704524e+02
3.198868416480756309e+02
3.221215078431148982e+02
3.275940542452728437e+02
3.376086601494283741e+02
3.503930449685617532e+02
3.655270601267912980e+02
3.900476418405737604e+02
4.291051550718418639e+02
4.766256247338372418e+02
5.169958413723359172e+02
5.403142101449869870e+02
5.508058753320946153e+02
5.551770881182013682e+02
5.574416874747794282e+02
5.586128079275684968e+02
5.576062459096565362e+02
5.545172714734580950e+02
5.502979361808093017e+02
5.456943547619266610e+02
5.409928237823430663e+02
5.363192107691281763e+02
5.317136367347917485e+02
5.271942414615625694e+02
5.227666293464772025e+02
5.184314623389745975e+02
5.141904225365890397e+02
5.100403016077617053e+02
5.059814526567209327e+02
5.020109858217186911e+02
4.981270544036919432e+02
4.942117311479498767e+02
4.904564211041334261e+02
4.867743451390913378e+02
4.831619076061633677e+02
4.796177136074693976e+02
4.761389185286226393e+02
4.727225530312359183e+02
4.693665041125356083e+02
4.660668595825900411e+02
4.628214209442440961e+02
4.596263708192283275e+02
4.564787676449633409e+02
4.533753893372059451e+02
4.503126207000018439e+02
4.472878013092180254e+02
4.442973150752809488e+02
4.413387498462315648e+02
4.384089856519619275e+02
4.355056743691418433e+02
4.326264938756994525e+02
4.297692869794109356e+02
4.269324416809679406e+02
4.241143061328043586e+02
4.213138126868794870e+02
4.184592999186082807e+02
4.156878323820280343e+02
4.129294058934761438e+02
4.101839723423817645e+02
4.074518759995629011e+02
4.047335551679277046e+02
4.020293547502718638e+02
3.993402628596186901e+02
3.966667065367672080e+02
3.940097809456459004e+02
3.913704234861580744e+02
3.887493841292480283e+02
3.861482609271861861e+02
3.835674648394635255e+02
3.810088380617310690e+02
3.784730748347884060e+02
3.759614169674659365e+02
3.734754110537266456e+02
3.710155365481472813e+02
3.685838519667997843e+02
3.661807228493183857e+02
3.638077472886124042e+02
3.614660726135338678e+02
3.591563615174716233e+02
3.568348686915932717e+02
3.545838064369111748e+02
3.523675777071548509e+02
3.501867610734912546e+02
3.480425957806634756e+02
3.459365199235191994e+02
3.438688873668920110e+02
3.418417229215756947e+02
3.398551526417109017e+02
3.379109021430037956e+02
3.360098196657322092e+02
3.341526647560625065e+02
3.323412559405181241e+02
3.305755778592949241e+02
3.288577644679251648e+02
3.271880680955254093e+02
3.255678119135890825e+02
3.239983410447317738e+02
3.224797719104458906e+02
3.210142962472668273e+02
3.196016078617827816e+02
3.182434916638552522e+02
3.169404756821505202e+02
3.156929534020087544e+02
3.144821697098159348e+02
3.133554542690600329e+02
3.122850424973025838e+02
3.112703403502533206e+02
3.103121010135365623e+02
3.094106332311477559e+02
3.085649953489845529e+02
3.077761829925261168e+02
3.070422970206511764e+02
3.063638335543797666e+02
3.057391637120867927e+02
3.051672448772877715e+02
3.046472441024855016e+02
3.041766342662019156e+02
3.037548993175965393e+02
3.033789892020433285e+02
3.030477170881400752e+02
3.027584571575948758e+02
3.025087970436339333e+02
3.022968706074239549e+02
3.021193646185205353e+02
3.019746952667543951e+02
3.018594933560915479e+02
3.017717704934779022e+02
3.017030750358007936e+02
3.016510495110479155e+02
3.016182617062138434e+02
3.016019293208413501e+02
3.016006134139893788e+02
3.016117859092509548e+02
3.016339816424338665e+02
3.016653445538890423e+02
3.017042321729374521e+02
3.017494786963992510e+02
3.017994257649056635e+02
3.018532985333295073e+02
3.019097426746694168e+02
3.019680584715264899e+02
3.020273680046525442e+02
3.020869143331644295e+02
3.021462595499210124e+02
3.022046202670996422e+02
3.022617849934181322e+02
3.023171387691113523e+02
3.023704921996598500e+02
3.024215519446329381e+02
3.024700639132150286e+02
3.025161566891915754e+02
3.025534354663034833e+02
3.025819144649624945e+02
3.026096775986308103e+02
3.026380681076358883e+02
3.026690705898039937e+02
3.027049476077310715e+02
3.027497214462092074e+02
3.028076762327635834e+02
3.028852170625116287e+02
3.029907563603522931e+02
3.031334999747228380e+02
3.033278153165471736e+02
3.035873504352879308e+02
3.039313600545172562e+02
3.043814403912642774e+02
3.049598700043173380e+02
3.057028848437806801e+02
3.066585352587641182e+02
3.079539192810656800e+02
3.099109175178385271e+02
3.134438341831527737e+02
3.199024404077608210e+02
3.299925297123668884e+02
3.419220240276037543e+02
3.530549962847107963e+02
3.601849927296232181e+02
3.647172778288015706e+02
3.699761176808570440e+02
3.775460850500110155e+02
3.854855699222573548e+02
3.906842057575105400e+02
3.930368224488122451e+02
3.940886132504273291e+02
3.950527508563196193e+02
3.968968899702568933e+02
4.007399341007191538e+02
4.082344264448352078e+02
4.200199130143341222e+02
4.347066424840730292e+02
4.488557866341385534e+02
4.607093779190581699e+02
4.697840899396946952e+02
4.764067824343887310e+02
4.808303463529999817e+02
4.838249337372428158e+02
4.859017827942084296e+02
4.875506355872077506e+02
4.891384180139294244e+02
4.906097035333331746e+02
4.914582205455430426e+02
4.914561649147859725e+02
4.908819347473027506e+02
4.899608349441061250e+02
4.886309695746786588e+02
4.866090730708491492e+02
4.839421365660721222e+02
4.808279882578391380e+02
4.775141053646248110e+02
4.741910667758721729e+02
4.709846266715844081e+02
4.680092377308017717e+02
4.653480504246651890e+02
4.631028117257662871e+02
4.613575425145029385e+02
4.602051316820891316e+02
4.597231326305309267e+02
4.599454516605887306e+02
4.608773174324334718e+02
4.624308478000208993e+02
4.644649982123906398e+02
4.667657515327812234e+02
4.690985094918083860e+02
4.711758968498194236e+02
4.728819264348855995e+02
4.740286983880544653e+02
4.745570113681390580e+02
4.744458636925106134e+02
4.737229101867483791e+02
4.724504502300400191e+02
4.706947373546831841e+02
4.685376631911740333e+02
4.660477570155046010e+02
4.632932400541814673e+02
4.603296739168559952e+02
4.572051741363035262e+02
4.539601382611494955e+02
4.506265623098936999e+02
4.472321477907732969e+02
4.437984513235180088e+02
4.403444921973073747e+02
4.368849813503073847e+02
4.334331142886705379e+02
4.299991268949493133e+02
4.265922753680353594e+02
4.232202671409281152e+02
4.198892790055465412e+02
4.166019378849445616e+02
4.133894132546119522e+02
4.102317663248650206e+02
4.071321204792855610e+02
4.040943569683049077e+02
4.011569245292080836e+02
4.004155723417717923e+02
3.975469180824598538e+02
3.947490125146636615e+02
3.920261273497290517e+02
3.893810657109463591e+02
3.868173402132451884e+02
3.843399507193914815e+02
3.819519910712275532e+02
3.796604746264145547e+02
3.774699639659367563e+02
3.753882632029817614e+02
3.734235233511878391e+02
3.715833459450095688e+02
3.698801630918999308e+02
3.683225137101698579e+02
3.669247969647724972e+02
3.656989964114724785e+02
3.646573468365734811e+02
3.638021601687706266e+02
3.631510322724723210e+02
3.627152704113606205e+02
3.624968916066786164e+02
3.624973418521364010e+02
3.627127778767863902e+02
3.631272577878198717e+02
3.637257667191599353e+02
3.644778894892925791e+02
3.653536241076853912e+02
3.663153199360372128e+02
3.673254349823874918e+02
3.683458023629834202e+02
3.693440602558222849e+02
3.702908762904365290e+02
3.711655272338828695e+02
3.719553937197478035e+02
3.726513290317296310e+02
3.732568653982202704e+02
3.737735387771661522e+02
3.742126816496916604e+02
3.745844880627942075e+02
3.749008296845189534e+02
3.751752960682205753e+02
3.754086625029191282e+02
3.755950659579352759e+02
3.757737845241800869e+02
3.759524702319834546e+02
3.761356714395315066e+02
3.763269965644985859e+02
3.765270924872226601e+02
3.767357718547941658e+02
3.769510439596247693e+02
3.771687235474997237e+02
3.773854834630041637e+02
3.775945519759712852e+02
3.777909856358350567e+02
3.779678467505554522e+02
3.781182368229967778e+02
3.782365799378667930e+02
3.783155357151876501e+02
3.783504876384469640e+02
3.783360737026422953e+02
3.782680159148804364e+02
3.781437932010613281e+02
3.779603569080912280e+02
3.777170461751416042e+02
3.774134491835061453e+02
3.770477837510446193e+02
3.766262678935102599e+02
3.761483625538363640e+02
3.756169708008176826e+02
3.750345676589623167e+02
3.744040318910256815e+02
3.737292164247432993e+02
3.730129046915326398e+02
3.722591800759097964e+02
3.714710812739994594e+02
3.706520498745377381e+02
3.698054147752190488e+02
3.689338950338907352e+02
3.680407132556265424e+02
3.671281872254743348e+02
3.661989768666891791e+02
3.652552143882054452e+02
3.642989571171051466e+02
3.633322015655222685e+02
3.623565372588213336e+02
3.613737084075299890e+02
3.603849990181481076e+02
3.593918712466438024e+02
3.583954639231915849e+02
3.573830021176262903e+02
3.563773658785896146e+02
3.553715148040682266e+02
3.543664814963555614e+02
3.533630164042738784e+02
3.523620095451587986e+02
3.513641411204323504e+02
3.503701176417067700e+02
3.493805706228666850e+02
3.483960490235454586e+02
3.474171343027625767e+02
3.464442038327687214e+02
3.454777944042330660e+02
3.445181523928595766e+02
3.435657028411603164e+02
3.426206914851748024e+02
3.416832927688597010e+02
3.407538657188752609e+02
3.398323536684688975e+02
3.389191265432016280e+02
3.380141268989638661e+02
3.371174998165893157e+02
3.362294329770199965e+02
3.353497527556745581e+02
3.344639975722017766e+02
3.336063536672155010e+02
3.327578963061940271e+02
3.319185944272995812e+02
3.310884140104853941e+02
3.302676562066204724e+02
3.294560769006143914e+02
3.286541014036304773e+02
3.278615932244035207e+02
3.270787975424827323e+02
3.263059181853952282e+02
3.255428816058659436e+02
3.247901993901884339e+02
3.240476821204553062e+02
3.233158425007189294e+02
3.225946976324019033e+02
3.218844452365679558e+02
3.211854870153777028e+02
3.204977201783146370e+02
3.198217715826019116e+02
3.191575398100877692e+02
3.185055582826603313e+02
3.178661220407294650e+02
3.172395545626628746e+02
3.166237069880766057e+02
3.160392339296771524e+02
3.154716668528460559e+02
3.149255979013296951e+02
3.144106462902909698e+02
3.139507658987664627e+02
3.135926184463696700e+02
3.134406674680446940e+02
3.137123666330530796e+02
3.147659585521884082e+02
3.172313736722938415e+02
3.214671513297921592e+02
3.271191765273603664e+02
3.326433742996849787e+02
3.366636069022563902e+02
3.388848802510465248e+02
3.400529362166300871e+02
3.410871708011983401e+02
3.427597197021540865e+02
3.453893089689678391e+02
3.483309345217916189e+02
3.504924653052266876e+02
3.512159652869286788e+02
3.507510542996676008e+02
3.496365262135311696e+02
3.481403563452922185e+02
3.465652780044429733e+02
3.450491041830208019e+02
3.436728888999839455e+02
3.424943078209573741e+02
3.415353906414813991e+02
3.408112062432703055e+02
3.402900004362136315e+02
3.399179586516266340e+02
3.396148334990112971e+02
3.392998804705547400e+02
3.389022479850781906e+02
3.383922405292487383e+02
3.377590952030587914e+02
3.370147148652582700e+02
3.361829686539891213e+02
3.352796153457195487e+02
3.343292253677790313e+02
3.333421662192223494e+02
3.323318763203733965e+02
3.313066485866452240e+02
3.302732795538486243e+02
3.292407694278720669e+02
3.282919371104467814e+02
3.273228240658672803e+02
3.263750875748951898e+02
3.254572521881614193e+02
3.245787947089788190e+02
3.237484653136345969e+02
3.229781297489411713e+02
3.222801395561287450e+02
3.216687006315919461e+02
3.211628283923193408e+02
3.207809001084175975e+02
3.205482165188576573e+02
3.204904176392961972e+02
3.206338312745329517e+02
3.210102205544205844e+02
3.216383720362680378e+02
3.225403750135096743e+02
3.237181734647299436e+02
3.251588928271093550e+02
3.268349218766334161e+02
3.286913897799849451e+02
3.306600109718611407e+02
3.326656370585788522e+02
3.346210022419995767e+02
3.364652954058158798e+02
3.380771328362807822e+02
3.394386333590842924e+02
3.405347859629295044e+02
3.413458805117127781e+02
3.418782156313741325e+02
3.421447916297183269e+02
3.421572172797249323e+02
3.419438869355878410e+02
3.415233361789939295e+02
3.409208069065815039e+02
3.401610498849689748e+02
3.392638019501994791e+02
3.382529017260332580e+02
3.371464814845268734e+02
3.359622757008826284e+02
3.347176909676834953e+02
3.334256194649259442e+02
3.321003599351606113e+02
3.307529841900565089e+02
3.293932851429157154e+02
3.280311852442819145e+02
3.266734877779329054e+02
3.253279293454194203e+02
3.240139709127258811e+02
3.226986355125630439e+02
3.214156767313610885e+02
3.201678981600311431e+02
3.189591995030324938e+02
3.177921979063300455e+02
3.166688852878908165e+02
3.155921499940754416e+02
3.145627629978712321e+02
3.135829807082081970e+02
3.126537947234564285e+02
3.117760165853579224e+02
3.109513935319783400e+02
3.101797231632276635e+02
3.094627444633209734e+02
3.088006063665634997e+02
3.081940957079977466e+02
3.076445498155809446e+02
3.071518858544060890e+02
3.067182760173492397e+02
3.063439147528248441e+02
3.060310212497470843e+02
3.057813214433854796e+02
3.055965844539971386e+02
3.054914448090282235e+02
3.054588254494322541e+02
3.055044375753003578e+02
3.056322563347406458e+02
3.058485716860495245e+02
3.061606582600854267e+02
3.065751171862046931e+02
3.071027210170972808e+02
3.077515866582180024e+02
3.085342109337597094e+02
3.094621249390451680e+02
3.105468844801625323e+02
3.118028373631702834e+02
3.132392850766086099e+02
3.148689696622813017e+02
3.166980075637571304e+02
3.187307643915969493e+02
3.209666796286606427e+02
3.233955750497337363e+02
3.260049557855788862e+02
3.287688822882066688e+02
3.316585243854461851e+02
3.346351934252578531e+02
3.376560182532301724e+02
3.406728479609056990e+02
3.435835409123150725e+02
3.464026110839281500e+02
3.490938439036245882e+02
3.516267619519537675e+02
3.539774343492127286e+02
3.561320234322864735e+02
3.580788944008838257e+02
3.598188620391160271e+02
3.613523480104060468e+02
3.626880922454788561e+02
3.638370627204176344e+02
3.648108242272668349e+02
3.656263470819128543e+02
3.662963009379941468e+02
3.668380424468160186e+02
3.672655734375340444e+02
3.675931732949676416e+02
3.678351783906211381e+02
3.680027989978969458e+02
3.681086615064921261e+02
3.681621885600041537e+02
3.681729281476100937e+02
3.681491500433667738e+02
3.680989995655596090e+02
3.679797043760144106e+02
3.678455580971806853e+02
3.677015696808948633e+02
3.675520680921661096e+02
3.674007256014396603e+02
3.672509165092170633e+02
3.671054945603758028e+02
3.669668634761243879e+02
3.668373023497616714e+02
3.667184858616051315e+02
3.666120264110390963e+02
3.665192612859189012e+02
3.664410966673812027e+02
3.663786689699416002e+02
3.663324316384639587e+02
3.663031857815710737e+02
3.662913017339375301e+02
3.662971168113199383e+02
3.663211585972390480e+02
3.663634964417430524e+02
3.664247644942454940e+02
3.665051899250296401e+02
3.666053757915297524e+02
3.667304964232924931e+02
3.668347386333605300e+02
3.669625753339333301e+02
3.671148527931186436e+02
3.672934555388567333e+02
3.675001945139577515e+02
3.677373892213887530e+02
3.680084362027043881e+02
3.683163268562079793e+02
3.686663914558015449e+02
3.690633048927783193e+02
3.695145666509257580e+02
3.700286797125896214e+02
3.706163239106734864e+02
3.712942453413500061e+02
3.720814028524320634e+02
3.730133173207475465e+02
3.741354865199131154e+02
3.755310090059264212e+02
3.773305971306664901e+02
3.797361928344230932e+02
3.830928213981541148e+02
3.878002909425385951e+02
3.943753026093665426e+02
4.030333896478479687e+02
4.136081731158167827e+02
4.254467866453936722e+02
4.375787503343260028e+02
4.491162548665731151e+02
4.596932868088168789e+02
4.691044789873840841e+02
4.773404982653056550e+02
4.844209802899149508e+02
4.901274467991765960e+02
4.942422906119827530e+02
4.966296578501152226e+02
4.973157209052121743e+02
4.966064456869224273e+02
4.948516753856275727e+02
4.923644324055672996e+02
4.894166837111782797e+02
4.861722101362333888e+02
4.827570592577040998e+02
4.792461702742170360e+02
4.756887421702165852e+02
4.721187360631806200e+02
4.685560738016516780e+02
4.650152660161365930e+02
4.615332464695737258e+02
4.580834890707673708e+02
4.546816368527287864e+02
4.513289128492793338e+02
4.480265181194360480e+02
4.447751357639934326e+02
4.415740030016078208e+02
4.384236648250330859e+02
4.353226774285253668e+02
4.322708992900770681e+02
4.292673239701020407e+02
4.263107104558808942e+02
4.234008179506099623e+02
4.205357146218471485e+02
4.177153282846736033e+02
4.149380191903816240e+02
4.122030047159241235e+02
4.095096159011357599e+02
4.068562350440237765e+02
4.042428425385739956e+02
4.016677460262094428e+02
3.991306466943430564e+02
3.966306643009637583e+02
3.941667293873646258e+02
3.917672197765159581e+02
3.894245534911513573e+02
3.871174387424956649e+02
3.848448169664887359e+02
3.826063404693043140e+02
3.804018521276152001e+02
3.782305090630089808e+02
3.760928169551672227e+02
3.739880351468502226e+02
3.719167781335069094e+02
3.698790984357202092e+02
3.678753381044443813e+02
3.659066898137859312e+02
3.639734549424387069e+02
3.620778239544324606e+02
3.602208664796003177e+02
3.584053420439560114e+02
3.566341563176987961e+02
3.549105339940309136e+02
3.532399675525426233e+02
3.516269119077609275e+02
3.500797160138450863e+02
3.486060054012449996e+02
3.472167933123169519e+02
3.459596728805490784e+02
3.448510555622561355e+02
3.438774052136425894e+02
3.430585293566217047e+02
3.424245508357083168e+02
3.420048389425845130e+02
3.418322226913895747e+02
3.419455419173189625e+02
3.423728814410169434e+02
3.431490183245118146e+02
3.442892574034246422e+02
3.457994132605637674e+02
3.476703712115792655e+02
3.498660371431415683e+02
3.523393161179859021e+02
3.550248489366953208e+02
3.578386870897674044e+02
3.607022098286552705e+02
3.635227136697864694e+02
3.662172364603360393e+02
3.687169806436768340e+02
3.709562269020576650e+02
3.728977398196649347e+02
3.745176755803061610e+02
3.757366644468352206e+02
3.766711321446940133e+02
3.773309776017231911e+02
3.777904720469241511e+02
3.781463073194921662e+02
3.785527701745747891e+02
3.792228002673598439e+02
3.804523840796214245e+02
3.826173438833367300e+02
3.859091819372401915e+02
3.902180892303470614e+02
3.947950906676715590e+02
3.988225854788453262e+02
4.018807071925738796e+02
4.042280502684870953e+02
4.063277116143415242e+02
4.087335269998559966e+02
4.117732971986698089e+02
4.155423312102102500e+02
4.199256004746626445e+02
4.245179134492124149e+02
4.288453982896422758e+02
4.324363165274189669e+02
4.350716474943183130e+02
4.367707420197253327e+02
4.375772215704632799e+02
4.375742340195815245e+02
4.369263793936470961e+02
4.357389381675409368e+02
4.341161962291322425e+02
4.321416192597525310e+02
4.298805544910428011e+02
4.274020131375407345e+02
4.247481126165253045e+02
4.219691412069743137e+02
4.190957812459374168e+02
4.161579185039555568e+02
4.131788353864886290e+02
4.101747761985158149e+02
4.071625506905793372e+02
4.041521153927737942e+02
4.011540853982671138e+02
3.981756552715512498e+02
3.952235002031522413e+02
3.923033134846155576e+02
3.894199059418323827e+02
3.865781665359299950e+02
3.837822302324040038e+02
3.810572127161446474e+02
3.784212822824870273e+02
3.758514729135355878e+02
3.733617482514674180e+02
3.709767624738665859e+02
3.687339627513064215e+02
3.666931378219637736e+02
3.649180121813405435e+02
3.634553157112004556e+02
3.622921114440136421e+02
3.613727901761439512e+02
3.606794338712854255e+02
3.602779645538196860e+02
3.603094075907451384e+02
3.609799638829165360e+02
3.624569597528055738e+02
3.648876919056049246e+02
3.682302369714964811e+02
3.723386397420675848e+02
3.770535668934726914e+02
3.822067932483396362e+02
3.877063937890173975e+02
3.933874222856177880e+02
3.989438773237114901e+02
4.039788978762634883e+02
4.084791502719217533e+02
4.122181815351975729e+02
4.153208400511201148e+02
4.178530215016679676e+02
4.198795275601201524e+02
4.214114763748008272e+02
4.224224138647610403e+02
4.229354835953880070e+02
4.229753868516323223e+02
4.225876100843394170e+02
4.218442967908169408e+02
4.207899262995574077e+02
4.194851510299835695e+02
4.179687031623000735e+02
4.162719996122996235e+02
4.144275034179690351e+02
4.124549710582031139e+02
4.103794359003176737e+02
4.082221506643518865e+02
4.060015688751425955e+02
4.037399015278600132e+02
4.014536415565330572e+02
3.991612815104479068e+02
3.968651678285622211e+02
3.946042230629313394e+02
3.923842736653331258e+02
3.902189080019008998e+02
3.881254413354685653e+02
3.861225532802894804e+02
3.842348732466946331e+02
3.824971760403901726e+02
3.809565783336811364e+02
3.796943850425660116e+02
3.788152204494097077e+02
3.785003751714549480e+02
3.789728814252356415e+02
3.805072891470902050e+02
3.833832522549544706e+02
3.876347681469237045e+02
3.931180591897842191e+02
3.994290703501936264e+02
4.062341970137979956e+02
4.131668341414991232e+02
4.197766813803303307e+02
4.256422230013119474e+02
4.307115003036457779e+02
4.349512837450413940e+02
4.382435592124172672e+02
4.406638614278299428e+02
4.422551702989936757e+02
4.431383990882967510e+02
4.434258323714927883e+02
4.432363539828858734e+02
4.426741656287466640e+02
4.418040739586943459e+02
4.406959814118541772e+02
4.394029220316016904e+02
4.379783989554063623e+02
4.364636699836694333e+02
4.348877586274901432e+02
4.332585744015463547e+02
4.315740222957472838e+02
4.298224999384466969e+02
4.279992572658740642e+02
4.261074348865021193e+02
4.241516121046292938e+02
4.221487711274175467e+02
4.201082522637055376e+02
4.180449248553535995e+02
4.159679190558670143e+02
4.138860190413371356e+02
4.117092025613514465e+02
4.097022843090181823e+02
4.077116898404595418e+02
4.057330001341317711e+02
4.037664399557377237e+02
4.018114401045260706e+02
3.998682792661913368e+02
3.979386185606006165e+02
3.960220249874314504e+02
3.941206104576383495e+02
3.922339183828656815e+02
3.903630612471686732e+02
3.885084687275082160e+02
3.866697373220504801e+02
3.848480732560112756e+02
3.830423405636257144e+02
3.812535547682182937e+02
3.794811388159986905e+02
3.777250320080400456e+02
3.759857679104384829e+02
3.742624763311604283e+02
3.725562318290054691e+02
3.708663775185019063e+02
3.691935699251840788e+02
3.674877858234445966e+02
3.658951442592648959e+02
3.643186018486266562e+02
3.627576887038574682e+02
3.612135624114894199e+02
3.596860866384303677e+02
3.581756515882369740e+02
3.566828897326307697e+02
3.552074169444476865e+02
3.537502904214107389e+02
3.523110454403492326e+02
3.508903644917428437e+02
3.494884190626337386e+02
3.481051068225823997e+02
3.467413469836183140e+02
3.453966423673056170e+02
3.440720046374735830e+02
3.427673640633409491e+02
3.414832088532309626e+02
3.402204539968754489e+02
3.389791526736804030e+02
3.377610001599387601e+02
3.365666086831923849e+02
3.353980982064865088e+02
3.342300215301150388e+02
3.331402208279727688e+02
3.320836873816492698e+02
3.310663439164492843e+02
3.300990956618247765e+02
3.291954407647443759e+02
3.291060099363181166e+02
3.284339968899271867e+02
3.277433144696311160e+02
3.272064023084301425e+02
3.268693425825081249e+02
3.267926775898999381e+02
3.270569992040171314e+02
3.277348495040150738e+02
3.289257953772959127e+02
3.306864189424343294e+02
3.330562248647029264e+02
3.360120712531763729e+02
3.394478749792096437e+02
3.431992798926837054e+02
3.470561607708544329e+02
3.508035646542258519e+02
3.542668730747665222e+02
3.573397794593185495e+02
3.599690227046598352e+02
3.621221674210405013e+02
3.638023924245167109e+02
3.650401179291542348e+02
3.658606194748356302e+02
3.662939607723666313e+02
3.663789211207979974e+02
3.661516745131112316e+02
3.656560201188647738e+02
3.649278709760523043e+02
3.640107065732859724e+02
3.629357694174546509e+02
3.617376850177263918e+02
3.604421662932174968e+02
3.590719308354990176e+02
3.576477046658768018e+02
3.561831937492957536e+02
3.546943384472419893e+02
3.531905302721068551e+02
3.516826560723237094e+02
3.501788887681194637e+02
3.486864956330289260e+02
3.472138471082025717e+02
3.457668450769995161e+02
3.443449253465432207e+02
3.430006905711959462e+02
3.417081444452826986e+02
3.404787289224898927e+02
3.393269017707870034e+02
3.382712454590405287e+02
3.373342368673970668e+02
3.365472915624957295e+02
3.359469250017099284e+02
3.355852621866878280e+02
3.355226521256320780e+02
3.358372982716836646e+02
3.366250071954217447e+02
3.379832207574790459e+02
3.400383243720912105e+02
3.428933964818918412e+02
3.466448072907300570e+02
3.513504383136599927e+02
3.569485049764148812e+02
3.633126291083218007e+02
3.701597430973980067e+02
3.771387747372891113e+02
3.838758770780371492e+02
3.900202109633405030e+02
3.952609958617088068e+02
3.994664343076477167e+02
4.025971442831754530e+02
4.047359027833236951e+02
4.060289499354697114e+02
4.066340609207290413e+02
4.067232602889253599e+02
4.064249659968447190e+02
4.058534079107124626e+02
4.050913089457781098e+02
4.042003098196954056e+02
4.032286263689154566e+02
4.022088727161955148e+02
4.011671499913516072e+02
4.001221598960997312e+02
3.990875603758792636e+02
3.980743912400608338e+02
3.970902888411812341e+02
3.961409481118450344e+02
3.952311834041682914e+02
3.943635125058685844e+02
3.935405452018653705e+02
3.927635711911028693e+02
3.920330169328775582e+02
3.914090203338910214e+02
3.908470899653358970e+02
3.903302798489912675e+02
3.898567739018845373e+02
3.894249004384091677e+02
3.890331574000970249e+02
3.886789494070295063e+02
3.883607775966697204e+02
3.880758363935364059e+02
3.878220340848265550e+02
3.875969287392437082e+02
3.873978287007913650e+02
3.872225534626823560e+02
3.870682431825336494e+02
3.869326729576562229e+02
3.868132162835656800e+02
3.867075364470466070e+02
3.866132830054119154e+02
3.865282624506461957e+02
3.864502555220721547e+02
3.863773125490800453e+02
3.863074285653188440e+02
3.862387081253972951e+02
3.861696068856456350e+02
3.860906513129050950e+02
3.860564894534055043e+02
3.860176816635620298e+02
3.859731737002268233e+02
3.859211482636566757e+02
3.858597732701142036e+02
3.857875694367457413e+02
3.857016855507651485e+02
3.856005453142067267e+02
3.854807481357951815e+02
3.853400300767904696e+02
3.851751463901204602e+02
3.849827984119443158e+02
3.847603041967707895e+02
3.845037303963555360e+02
3.842110547806673253e+02
3.838785264329633833e+02
3.835044554152110550e+02
3.830863817230788300e+02
3.826225682634931218e+02
3.821125449806643246e+02
3.815546375059173556e+02
3.809497772670853806e+02
3.802972733975410620e+02
3.795640935915562864e+02
3.788721044317491646e+02
3.781308168455481677e+02
3.773429706435030653e+02
3.765099616756876344e+02
3.756346615808859610e+02
3.747193583331438731e+02
3.737663707199869805e+02
3.727785956682648134e+02
3.717580900152763661e+02
3.707076099910103721e+02
3.696293264549617561e+02
3.685255522402944166e+02
3.673985453324683021e+02
3.662502468529552857e+02
3.650827328641823328e+02
3.638977045615112047e+02
3.626970336746621797e+02
3.614822832507521753e+02
3.602550967573711773e+02
3.590169328521364491e+02
3.577691891799474320e+02
3.565133446563351072e+02
3.552507156914299458e+02
3.539571909319838596e+02
3.527104711135973503e+02
3.514565775010319157e+02
3.501971976979577903e+02
3.489339877356771353e+02
3.476686202006595749e+02
3.464026742510672534e+02
3.451378533341587058e+02
3.438756824135963370e+02
3.426178306200357042e+02
3.413658481445132793e+02
3.401212362291225872e+02
3.388856239065246996e+02
3.376602973344872680e+02
3.364469402736586972e+02
3.352468458505308035e+02
3.340616711703972328e+02
3.328929279818045188e+02
3.317421959487713252e+02
3.306115530083877161e+02
3.295027395046500374e+02
3.284186665346082918e+02
3.273618224862819943e+02
3.263362280550991841e+02
3.253354120731233365e+02
3.243924693281486498e+02
3.234975108261616583e+02
3.226580772789127991e+02
3.218867950928206483e+02
3.211950043353385240e+02
3.205994246321180867e+02
3.201185085649665325e+02
3.197713891053881525e+02
3.195846688304842473e+02
3.195778033000987080e+02
3.197781231972771252e+02
3.202016232476296409e+02
3.208600483779964634e+02
3.217559800281657090e+02
3.228725015783149388e+02
3.241860026300371374e+02
3.256575290636794762e+02
3.272398514759145769e+02
3.288881061410138500e+02
3.305540147172453658e+02
3.321930465092687541e+02
3.337746880729015970e+02
3.352635642189032410e+02
3.365918225656407117e+02
3.378192363110579208e+02
3.389182625441601999e+02
3.398890974676830865e+02
3.407247870261995786e+02
3.414295277824618893e+02
3.420039339743765936e+02
3.424505952827495889e+02
3.427764324794194977e+02
3.429852116876111836e+02
3.430848123671142957e+02
3.430824849482257832e+02
3.429850023192013850e+02
3.428015784744793564e+02
3.425390752583662106e+02
3.422057787214908444e+02
3.418093114074274581e+02
3.413563080240792829e+02
3.408543315845185475e+02
3.403092043558757496e+02
3.397271755065833645e+02
3.391137677793609555e+02
3.384737438752114258e+02
3.378121714211520157e+02
3.371010932618142419e+02
3.364457468478962596e+02
3.357771232324680000e+02
3.350980674957326642e+02
3.344116457803015123e+02
3.337200544955074406e+02
3.330255702112123117e+02
3.323302757538909304e+02
3.316355259649257050e+02
3.309432223035274205e+02
3.302542125927478764e+02
3.295697692911189733e+02
3.288907429444800528e+02
3.282175629207587804e+02
3.275511251367871637e+02
3.268913273958566492e+02
3.262387215576484323e+02
3.255931904255702420e+02
3.249546312759028979e+02
3.243231564025667240e+02
3.236981603545534654e+02
3.230797467418112774e+02
3.224672791349709087e+02
3.218605469652598572e+02
3.212318022664532009e+02
3.206262392889872785e+02
3.200244382115452595e+02
3.194258145231942194e+02
3.188304199330254960e+02
3.182379317877031895e+02
3.176483102620679801e+02
3.170616554084782024e+02
3.164778453216703156e+02
3.158972997117833188e+02
3.153200217691714329e+02
3.147464623952326974e+02
3.141769838292277655e+02
3.136118821747907646e+02
3.130519042193578798e+02
3.124972640823494316e+02
3.119488200300506833e+02
3.114069948607162246e+02
3.108724167582003020e+02
3.103458988441232123e+02
3.098278391695179721e+02
3.093192564974004881e+02
3.088206626783013462e+02
3.083329119739967723e+02
3.078456443600999819e+02
3.073951503409705879e+02
3.069566597959968135e+02
3.065309845992346709e+02
3.061197692217849067e+02
3.057246741279996058e+02
3.053473414760076707e+02
3.049906659929110901e+02
3.046569201436913090e+02
3.043500966599577282e+02
3.040746229407212695e+02
3.038360995549068662e+02
3.036430933880858447e+02
3.035055233550705793e+02
3.034400589889907565e+02
3.034695490612089657e+02
3.036311242855110777e+02
3.039863298231608724e+02
3.046326780682862250e+02
3.057515731699390358e+02
3.076250299253708249e+02
3.107528881017220783e+02
3.158591239213571384e+02
3.238668088862004879e+02
3.356285363539055879e+02
3.511258208518428319e+02
3.695996383328275101e+02
3.891729325433490772e+02
4.075496066976675706e+02
4.227083370902578281e+02
4.337608825155481895e+02
4.408729504982452454e+02
4.450064669633251810e+02
4.470160949411283013e+02
4.476339635771368535e+02
4.473534924651521578e+02
4.464881091504117876e+02
4.452459826671570227e+02
4.437580756049846968e+02
4.421086399570230583e+02
4.403608317272145314e+02
4.385583209825892368e+02
4.367370111454841890e+02
4.349308919080722262e+02
4.331669145786947297e+02
4.314774044811330782e+02
4.298908799387950239e+02
4.284415837762770138e+02
4.272109268891859983e+02
4.262485589994355450e+02
4.256017678428187310e+02
4.253453199444894040e+02
4.255908413755516335e+02
4.264495529980638366e+02
4.280620929550278788e+02
4.305506597974093097e+02
4.339788302262695083e+02
4.383344793259361154e+02
4.434101647961318804e+02
4.488700643125505962e+02
4.543337094443372735e+02
4.594709547395199252e+02
4.640994997092190033e+02
4.681730230374023449e+02
4.716708436062054375e+02
4.746587685721710272e+02
4.771763276300662255e+02
4.792744122790519441e+02
4.810099969762251249e+02
4.824184314950005046e+02
4.835415236692995791e+02
4.844091760334540027e+02
4.850291432228909798e+02
4.855102880181495948e+02
4.857806710080681114e+02
4.858583816775130799e+02
4.857636182028681446e+02
4.855157392985119600e+02
4.851557316452989426e+02
4.847338658418862565e+02
4.843499103551189364e+02
4.841728749230636595e+02
4.844516113821856038e+02
4.855637465909247226e+02
4.878591991671788719e+02
4.917261514424175175e+02
4.975050624819410245e+02
5.052286841673187610e+02
5.147578461302256301e+02
5.250708570027221640e+02
5.347412929275508304e+02
5.432469255064555682e+02
5.507695819759936740e+02
5.574221028044876221e+02
5.632851122274876161e+02
5.682130560881793144e+02
5.720260970536143077e+02
5.752314315943525571e+02
5.777783593915497704e+02
5.793598868446299548e+02
5.796551248274432737e+02
5.785395060454230816e+02
5.762691501157145240e+02
5.731251485616301125e+02
5.693801560519364102e+02
5.652679627188919085e+02
5.609382733081870356e+02
5.565355653416571613e+02
5.521573238362747134e+02
5.478669305727677283e+02
5.437126371954113893e+02
5.397148822893802844e+02
5.358904196810161693e+02
5.322463885946120854e+02
5.287839552592251948e+02
5.255068459726462606e+02
5.224107056947020737e+02
5.194959827582628122e+02
5.167587534439784349e+02
5.141947632373755823e+02
5.117930208392641021e+02
5.095756499198898837e+02
5.075202652505373067e+02
5.056182842159395250e+02
5.038629580178375704e+02
5.022473481603624919e+02
5.007608483039904854e+02
4.993967546294989575e+02
4.981433121530084236e+02
4.969910676074347862e+02
4.959295609590843696e+02
4.949457990395420666e+02
4.940299465596250457e+02
4.931680986341888229e+02
4.923487176414731721e+02
4.915595953475638566e+02
4.907870764736420597e+02
4.900203844066404031e+02
4.892466052674420212e+02
4.884547684090621829e+02
4.876349451169569988e+02
4.867764796253155737e+02
4.858718390539519305e+02
4.849131904660121677e+02
4.838775169854907858e+02
4.827910489189070518e+02
4.816333815785196180e+02
4.804037281331900999e+02
4.791009191191946570e+02
4.777243674565849574e+02
4.762763352061555793e+02
4.747567389862139748e+02
4.731691016801058254e+02
4.715153662360030467e+02
4.697982362261222988e+02
4.680217789058927451e+02
4.661880463985343113e+02
4.643017176785768925e+02
4.623653856523814056e+02
4.603828123083546302e+02
4.583577174487091384e+02
4.562928061537632516e+02
4.541921873216963377e+02
4.520583516079826154e+02
4.498949115280795468e+02
4.477047970137542166e+02
4.454907598395171249e+02
4.432561607040715899e+02
4.410352032784964535e+02
4.387995036862078564e+02
4.365536954372792593e+02
4.343001705279024236e+02
4.320413890949239430e+02
4.297790564870607000e+02
4.275154861277181908e+02
4.252521881319350427e+02
4.229909197140964920e+02
4.207332987075964752e+02
4.184804727191332177e+02
4.162338910912355914e+02
4.139944618349711618e+02
4.117631921165617541e+02
4.095410142286303881e+02
4.073285547014218650e+02
4.051266984519751873e+02
4.029359530593471277e+02
4.007569554215498897e+02
3.985903504157180919e+02
3.964366047940915792e+02
3.942963914427998589e+02
3.921702071301815522e+02
3.900587392444245438e+02
3.880155973918618315e+02
3.859865368413027795e+02
3.839743927977095268e+02
3.819797818669575236e+02
3.800034144603242794e+02
3.780458095220224664e+02
3.761076387671411112e+02
3.741895388684603745e+02
3.722920771404084235e+02
3.704160250555964922e+02
3.685619006815814487e+02
3.667304909369524921e+02
3.649224144693490643e+02
3.631382988266085476e+02
3.613789666996856909e+02
3.596449567286028923e+02
3.579371953366451748e+02
3.562562505415871783e+02
3.546028444793324752e+02
3.529777548327094792e+02
3.513814402412978666e+02
3.498146844901460781e+02
3.482779326415974310e+02
3.467717508008254299e+02
3.452852939413601234e+02
3.438271280119529365e+02
3.424030939852426059e+02
3.410131525066821041e+02
3.396575528540753908e+02
3.383366530598471513e+02
3.370504940691076285e+02
3.358001507257051230e+02
3.345860728266773094e+02
3.334098635969852467e+02
3.322735524549681259e+02
3.311794908778515492e+02
3.301321860524741965e+02
3.291359818495933496e+02
3.281989376815387232e+02
3.273302654531171925e+02
3.265435767216369527e+02
3.258580820093987995e+02
3.252986164927010009e+02
3.249042080198667577e+02
3.247265026278030859e+02
3.248508911641026202e+02
3.254067347365781870e+02
3.266280461229784464e+02
3.288695785715740385e+02
3.327640539145258458e+02
3.388425855647501521e+02
3.472158808574157547e+02
3.579934406056427179e+02
3.719871300368983498e+02
3.897368919607470161e+02
4.094075217616614282e+02
4.273309332621167300e+02
4.413423281943559005e+02
4.515791971572343755e+02
4.587163878658911358e+02
4.636743154444843071e+02
4.672251758066582852e+02
4.699044498580294089e+02
4.720910511872996267e+02
4.740015166895120160e+02
4.757537860403526793e+02
4.773884758200259171e+02
4.788897939654675611e+02
4.802186043704498957e+02
4.813295304769768563e+02
4.821911859872601553e+02
4.828025021808354040e+02
4.830432282881358219e+02
4.830946600425748443e+02
4.829644738602456755e+02
4.826870318508150035e+02
4.822900572273215403e+02
4.817982774196204332e+02
4.812390240126446201e+02
4.806306671646303812e+02
4.799976257697792335e+02
4.793535032880639619e+02
4.787188105290041449e+02
4.781020024642649560e+02
4.775132093776792885e+02
4.769551172993554360e+02
4.764202338130970134e+02
4.759008691851706772e+02
4.753711827946007702e+02
4.748088363036124520e+02
4.741806567914783841e+02
4.734585994915705669e+02
4.726162912235862450e+02
4.716391638523766687e+02
4.705171982070187937e+02
4.692558318073134274e+02
4.677775092329159179e+02
4.662202420069047548e+02
4.645737483667177230e+02
4.628512482810069173e+02
4.610682467079608386e+02
4.592362720909243876e+02
4.573652721290177965e+02
4.554644023573887353e+02
4.535396000123770364e+02
4.515968930831539296e+02
4.496406952864533650e+02
4.476742275994413376e+02
4.457013222013833911e+02
4.437236647872024378e+02
4.417441358038632302e+02
4.404425730729604425e+02
4.393432003337213132e+02
4.373715960323830245e+02
4.354029936932862483e+02
4.334396468139475473e+02
4.314821610861627050e+02
4.295319470863507263e+02
4.275903205722036091e+02
4.256576208199027747e+02
4.236853557141414512e+02
4.218034682852111246e+02
4.199354235600047787e+02
4.180815602227281147e+02
4.162419425138623978e+02
4.144174645623628521e+02
4.126077072999211168e+02
4.108137616340856084e+02
4.090353164452364467e+02
4.072730603082637799e+02
4.055271790173541717e+02
4.037977056657844628e+02
4.020853759781942927e+02
4.003897727330381713e+02
3.987117127270063861e+02
3.970509242423751743e+02
3.954076692259768606e+02
3.937822674455645142e+02
3.921743026203765226e+02
3.905844582874676689e+02
3.890121600693752271e+02
3.874578010068816525e+02
3.859212891071350100e+02
3.844022979341409609e+02
3.828575102891418283e+02
3.813537308158637416e+02
3.798663851944486396e+02
3.783949734372354214e+02
3.769397806955903434e+02
3.755008903739817470e+02
3.740780368250741503e+02
3.726716731386051151e+02
3.712814308176481291e+02
3.699077323053777491e+02
3.685504794864637574e+02
3.672097306699983505e+02
3.658858394625449932e+02
3.645785168789995510e+02
3.632883743054495653e+02
3.620151397747978308e+02
3.607592629641472399e+02
3.595208727529787325e+02
3.582999788470470435e+02
3.570971826490658145e+02
3.559122514538444193e+02
3.547458773391731484e+02
3.535980559976778750e+02
3.524691323879268907e+02
3.513114450544291572e+02
3.502025669770653735e+02
3.491123792699027604e+02
3.480407827636972797e+02
3.469885142711287358e+02
3.459558845764939292e+02
3.449430657064455659e+02
3.439508692401879557e+02
3.429791010700633365e+02
3.420286181298598081e+02
3.410994406229325477e+02
3.401918679951524496e+02
3.393065038320922895e+02
3.384430171903160840e+02
3.376022424427283681e+02
3.367838482370571569e+02
3.359881006378501525e+02
3.352152256923316713e+02
3.344646682028155737e+02
3.337369636701878335e+02
3.330312766584043516e+02
3.323476662288214243e+02
3.316857902451279756e+02
3.310449728471667754e+02
3.304044752130890288e+02
3.298291403321462099e+02
3.292725398715286360e+02
3.287370832112686685e+02
3.282287643022855832e+02
3.277601550994630202e+02
3.273553502321954625e+02
3.270643069326603154e+02
3.269756778930728842e+02
3.272636281623224477e+02
3.282142648157795293e+02
3.302846877027332653e+02
3.340294453110994368e+02
3.397678977603465569e+02
3.472865406383517097e+02
3.556366456830473339e+02
3.638367399778761637e+02
3.715217647562764114e+02
3.788297943734355044e+02
3.859993298399712671e+02
3.931227359281520535e+02
4.001708525870017752e+02
4.069621455509236512e+02
4.132723523019411687e+02
4.186989419858634847e+02
4.230828526091690378e+02
4.260518839246644802e+02
4.276544072459083736e+02
4.280571254346907608e+02
4.275197176851261247e+02
4.262874960490242415e+02
4.245514370449914736e+02
4.224684130276336305e+02
4.201412289528339556e+02
4.176474834681427524e+02
4.150406261606767657e+02
4.123567183640264489e+02
4.096239054360798377e+02
4.068614022785671409e+02
4.040844661153125799e+02
4.013054530216757030e+02
3.985336410560669265e+02
3.957774514507444792e+02
3.930441742503138016e+02
3.903399984721768874e+02
3.876718531306931368e+02
3.850454892583013020e+02
3.824677376106712927e+02
3.799250369017726712e+02
3.774941639742177699e+02
3.751349024324332504e+02
3.728581844360500099e+02
3.706813744598004519e+02
3.686250377165707164e+02
3.667170438122993801e+02
3.650000750867438342e+02
3.635238585555646296e+02
3.623718401275546057e+02
3.616411665182382649e+02
3.614720566708183469e+02
3.620418726133398764e+02
3.635332122853280907e+02
3.661625087939187324e+02
3.700407062221674437e+02
3.751922647330379164e+02
3.814681794944222588e+02
3.885600163503877411e+02
3.960600886188365735e+02
4.035305887322838885e+02
4.104855247598206915e+02
4.165630866228571563e+02
4.214928050851362968e+02
4.252831031061568865e+02
4.278506469050543615e+02
4.293746234334901146e+02
4.300628470439048670e+02
4.301263496042129759e+02
4.297348480627881600e+02
4.290369118071073444e+02
4.281368252452070351e+02
4.271137046120257423e+02
4.260258969024915245e+02
4.249130340842205555e+02
4.238061019502351314e+02
4.227264765078866731e+02
4.216893119612234955e+02
4.207074118646647207e+02
4.197880157089014688e+02
4.189384937399129853e+02
4.181631524890691480e+02
4.174651215379699352e+02
4.168478581401041652e+02
4.163120175515333017e+02
4.158600855596390033e+02
4.154924831396107265e+02
4.152102268215719505e+02
4.150283525594358025e+02
4.149444750760316651e+02
4.149514354129100866e+02
4.150500701357314597e+02
4.152435237315763743e+02
4.155344280209767476e+02
4.159260322798415359e+02
4.164228351482840935e+02
4.170274951833998784e+02
4.177448834374753801e+02
4.185757147282338906e+02
4.195210372168398294e+02
4.205771515038490520e+02
4.217355734801678864e+02
4.229845721940114913e+02
4.243042697358091004e+02
4.256707708654843145e+02
4.270568867744891577e+02
4.284288320090978459e+02
4.297563786102774088e+02
4.310072121085184449e+02
4.321491301298430585e+02
4.331591101395932810e+02
4.340094746199766860e+02
4.346327147506985398e+02
4.351472465768966913e+02
4.354424081488571119e+02
4.355182437271994331e+02
4.353701522058684645e+02
4.350028343176161911e+02
4.344240062930363706e+02
4.336386603480716531e+02
4.326621029609982543e+02
4.315033045137098497e+02
4.301768110411840667e+02
4.286974281215893825e+02
4.270765488491050519e+02
4.253309174719481121e+02
4.234715230495075389e+02
4.215121257284976650e+02
4.194650129751175882e+02
4.173400222452823982e+02
4.151491107846552495e+02
4.129003208504430518e+02
4.106030622321000010e+02
4.082651470040705703e+02
4.058931287693916374e+02
4.034943104142273000e+02
4.010519714169813028e+02
3.986826684042617330e+02
3.963005190371820277e+02
3.939095807997810539e+02
3.915144396153419848e+02
3.891184700379016590e+02
3.867255708061202313e+02
3.843394838245472442e+02
3.819635970256297810e+02
3.796025356207308619e+02
3.772608223542978862e+02
3.749446889470247584e+02
3.726635053678790541e+02
3.704291263730777928e+02
3.682634387641868443e+02
3.661983371931814304e+02
3.642876974358699727e+02
3.626250228946098559e+02
3.613490777246212815e+02
3.607126700307431975e+02
3.610536832024349110e+02
3.629105417493601635e+02
3.668477194823394143e+02
3.733576993548055043e+02
3.822447873038985335e+02
3.925185649310699318e+02
4.028901736898715740e+02
4.127291913041135558e+02
4.220568426561330853e+02
4.308835911469179791e+02
4.387093687324034477e+02
4.448832404874427198e+02
4.491313172357588428e+02
4.514876074240144703e+02
4.522836972110625879e+02
4.518606105371430317e+02
4.505694277368910434e+02
4.487064299586581910e+02
4.464868029829517013e+02
4.440551392489902014e+02
4.415048786728385153e+02
4.388918098026043708e+02
4.362515632142740287e+02
4.336056898685715169e+02
4.309662276712900280e+02
4.283423694935796107e+02
4.257377445659604405e+02
4.231561647516275002e+02
4.205658941284222010e+02
4.180680890280311246e+02
4.155931790187100319e+02
4.131407861722669850e+02
4.107125173028290419e+02
4.083083462614687278e+02
4.059287105770065409e+02
4.035745611041181746e+02
4.012453362075294194e+02
3.989423482891650679e+02
3.966650805938924691e+02
3.944141952529263335e+02
3.921900417598765785e+02
3.899922885682638594e+02
3.878220141647434502e+02
3.856785539619780252e+02
3.835628075126491581e+02
3.814747232801344126e+02
3.794143724641972426e+02
3.773825810056638943e+02
3.753788616474929540e+02
3.734042498585611725e+02
3.714586182206875833e+02
3.695424462815547031e+02
3.676329750092627933e+02
3.658120201309143908e+02
3.640192969978554629e+02
3.622546746251140917e+02
3.605192623745152218e+02
3.588135323280763487e+02
3.571377751292687321e+02
3.554932092052564485e+02
3.538795777115039414e+02
3.522981978986765057e+02
3.507490763593340830e+02
3.492327434791555447e+02
3.477499661073396169e+02
3.463003741720961557e+02
3.448850520256742129e+02
3.435034719885746881e+02
3.421560693349243252e+02
3.408428608794869774e+02
3.395632229141134530e+02
3.383175879018883734e+02
3.371047656928249694e+02
3.359248345477357134e+02
3.347768429869395845e+02
3.336599463483403838e+02
3.325744398178719052e+02
3.315428237191857761e+02
3.305368825262559085e+02
3.295550784982849564e+02
3.285966139991554087e+02
3.276603341474810236e+02
3.267449281710235027e+02
3.258496931341945810e+02
3.249731115459367743e+02
3.241145788840706814e+02
3.232729557524122583e+02
3.224474996830482496e+02
3.216376907222997943e+02
3.208427077370508300e+02
3.200625846277811206e+02
3.192968091555146657e+02
3.185457015647722869e+02
3.178093986939410343e+02
3.170883476703917268e+02
3.163834830992328762e+02
3.156954569985655326e+02
3.150258425880037976e+02
3.143758304027998065e+02
3.137472516348576050e+02
3.131388212969432630e+02
3.125714157402057936e+02
3.120288116029128105e+02
3.115129350845568865e+02
3.110266407005428277e+02
3.105723511002831856e+02
3.101522963731097207e+02
3.097693781409105895e+02
3.094251766976053659e+02
3.091223634757471928e+02
3.088622981634514986e+02
3.086463391641712519e+02
3.084758184974488131e+02
3.083505254184646560e+02
3.082711484830795712e+02
3.082365127114545089e+02
3.082456524376687526e+02
3.082969443796030760e+02
3.083875975081696197e+02
3.085154633076004416e+02
3.086767960923320402e+02
3.088686556449561067e+02
3.090880167574069333e+02
3.093330064396452599e+02
3.095936537641832729e+02
3.099055946254181890e+02
3.102943542704535957e+02
3.108096904023681759e+02
3.115266623094387342e+02
3.125235965444584849e+02
3.138919555492219615e+02
3.157079716571752215e+02
3.180573697254332046e+02
3.210591622838735475e+02
3.248114605428854702e+02
3.294671827193166678e+02
3.352607940760250358e+02
3.424832431354885216e+02
3.515488000983743291e+02
3.627542028746307210e+02
3.760714938046128850e+02
3.909411977461977017e+02
4.062530689170786218e+02
4.207213847203309456e+02
4.334659367652504898e+02
4.442880510504317613e+02
4.538686703802279112e+02
4.631349866045419503e+02
4.730034903702851921e+02
4.837804060414825358e+02
4.949356254570444094e+02
5.054807330380075427e+02
5.144374527922009293e+02
5.211221255325320953e+02
5.255965536311965707e+02
5.281702337464762422e+02
5.294055080919425791e+02
5.297124668417867497e+02
5.294633198786449384e+02
5.290233348473163915e+02
5.287104020939141265e+02
5.288587914761827733e+02
5.297398457779756882e+02
5.314847792630016556e+02
5.341401944047137249e+02
5.378086328223455439e+02
5.426257069928154806e+02
5.483393202509151934e+02
5.546296959860102334e+02
5.617389019201901874e+02
5.696653515158375285e+02
5.778308332309119351e+02
5.860868219340699170e+02
5.952017293912280138e+02
6.051158587182997053e+02
6.155067985016074772e+02
6.269377317831047094e+02
6.405986643982124633e+02
6.563702674288405206e+02
6.726791678544868773e+02
6.867731928750674797e+02
6.961443945167469565e+02
7.000949221732773822e+02
6.997507336437573713e+02
6.964984380219547120e+02
6.916353980254871203e+02
6.859393339840794397e+02
6.797962993967317971e+02
6.734357050333803727e+02
6.669676023600839017e+02
6.604818619674284719e+02
6.540391593901880469e+02
6.476836368338844068e+02
6.414557645134584618e+02
6.353800513420661673e+02
6.294776365709224137e+02
6.238792998481458199e+02
6.182933106552544587e+02
6.129313566833676532e+02
6.078033521909736692e+02
6.029232680465097474e+02
5.983224965304501666e+02
5.940319884790881133e+02
5.901108598731151460e+02
5.866171667086077832e+02
5.835809853637454125e+02
5.809856169609206518e+02
5.786785802900384397e+02
5.764575323812988472e+02
5.741364342471468944e+02
5.716637928451123116e+02
5.691243189443755455e+02
5.667233535874456720e+02
5.647432218137544169e+02
5.634461053877590757e+02
5.630193933211975263e+02
5.633213675482545568e+02
5.638833743672595347e+02
5.641686328150506142e+02
5.640634830018376533e+02
5.640504014990744963e+02
5.643833881005755302e+02
5.655261824892148752e+02
5.672319921025880376e+02
5.692864353218110409e+02
5.716588296015512469e+02
5.743253371670489287e+02
5.769658468832017206e+02
5.795117683393286825e+02
5.823255286114650744e+02
5.855649594987116870e+02
5.889664034324306385e+02
5.918431413693925833e+02
5.938588636949721149e+02
5.949751587662353813e+02
5.955047186349924004e+02
5.955489187179888404e+02
5.951598220880725876e+02
5.943139278795480323e+02
5.929506323598666313e+02
5.910381893557657804e+02
5.885837357931233100e+02
5.857156832207757589e+02
5.825100750108230159e+02
5.790535869026555247e+02
5.751330848408932752e+02
5.711121462669769926e+02
5.670329855885939878e+02
5.629259963244925302e+02
5.588188453019091639e+02
5.547161853089379520e+02
5.506274598562250731e+02
5.465496979680252707e+02
5.424850093958949628e+02
5.384326341305913957e+02
5.343922155953414403e+02
5.303650349117027645e+02
5.263493531812885067e+02
5.223469848172500178e+02
5.183558402446893751e+02
5.143776493978739381e+02
5.104114812945931590e+02
5.064583901077714927e+02
5.025201700429206539e+02
4.985971162657260152e+02
4.946930188865193259e+02
4.908086731870029098e+02
4.869479833242926361e+02
4.831467331908225447e+02
4.792902735458729921e+02
4.754787313556279855e+02
4.717120629134747674e+02
4.679925722370161338e+02
4.643206841898002040e+02
4.606972510157585816e+02
4.571234126465519694e+02
4.535985036575530671e+02
4.501233369585928585e+02
4.466967141493158238e+02
4.433180231560796756e+02
4.399863380518218037e+02
4.366996671718864036e+02
4.334574576633791594e+02
4.302573939137631669e+02
4.270988607336627751e+02
4.239805348511750367e+02
4.209014389347454426e+02
4.178620809054789902e+02
4.148616761562880697e+02
4.119021000646367838e+02
4.089840533636573241e+02
4.061100260156628110e+02
4.033626486369255986e+02
4.006180740614279898e+02
3.979352297429319947e+02
3.953173457612476795e+02
3.927706722978795710e+02
3.902998690041351324e+02
3.879103916655382136e+02
3.856089075393899748e+02
3.833993837080767548e+02
3.812891949049175651e+02
3.792817577561476696e+02
3.773826383052581832e+02
3.755960647938495072e+02
3.739249945123083307e+02
3.723745166295133799e+02
3.709465776703908091e+02
3.696465408498218039e+02
3.684780603422455556e+02
3.674468637991016067e+02
3.665598621154480838e+02
3.658229582194686600e+02
3.652455227744628701e+02
3.648326035235929226e+02
3.645911451305484547e+02
3.645502510168327603e+02
3.647631935040495250e+02
3.651256710770561540e+02
3.656151318794338181e+02
3.662049105969774132e+02
3.668629367847402705e+02
3.675481718921463994e+02
3.682254610974106868e+02
3.688561815588765853e+02
3.694035828093701639e+02
3.698433175271183018e+02
3.701470656416344696e+02
3.703010745228818905e+02
3.702951143934398033e+02
3.701205144248945089e+02
3.697814670234404844e+02
3.692777637506913493e+02
3.686175252799366717e+02
3.678112300258401888e+02
3.668665963991176682e+02
3.657988881274386017e+02
3.646182511383378255e+02
3.633380779837474961e+02
3.619717352387186224e+02
3.604986246643919117e+02
3.590171095000579840e+02
3.574795554162402595e+02
3.558974327001054689e+02
3.542812023403761827e+02
3.526393866582774876e+02
3.509811566258335915e+02
3.493139850725387419e+02
3.476452235978770204e+02
3.459823425461489137e+02
3.443318112021044612e+02
3.427010231092595518e+02
3.410976804436434691e+02
3.395299611266906368e+02
3.380092136160731116e+02
3.365477980545369405e+02
3.351650693467005908e+02
3.338863106230507469e+02
3.327518215383160509e+02
3.318214105364620536e+02
3.311838979350787326e+02
3.309780242768583207e+02
3.313719333916250775e+02
3.325913429658125438e+02
3.347866027394945831e+02
3.384078483427279593e+02
3.433577105971831998e+02
3.496500716731695206e+02
3.573341721820785324e+02
3.663591663952625481e+02
3.765008038066799259e+02
3.874430561979886534e+02
3.985711333746637592e+02
4.091216799303034009e+02
4.184956104336956173e+02
4.263668730301120036e+02
4.327522683236759917e+02
4.379014561485224135e+02
4.420328036505748628e+02
4.453818044153072151e+02
4.480856442533087716e+02
4.502217125369068640e+02
4.518391529991154698e+02
4.529661713090318358e+02
4.536492944460404146e+02
4.539529088619982531e+02
4.539309074608682408e+02
4.536539989238607404e+02
4.531491693867665731e+02
4.525252238457022145e+02
4.517620808736210734e+02
4.508847506185698535e+02
4.499151943569575565e+02
4.488677029552944759e+02
4.477566624430538695e+02
4.465916653233012994e+02
4.453819760807843409e+02
4.441350698852737651e+02
4.428566977936439457e+02
4.415526549223191637e+02
4.402267586363738019e+02
4.388829166473770442e+02
4.375239600571610481e+02
4.361521444168183734e+02
4.347695907459899445e+02
4.333775526207669486e+02
4.319774139596950704e+02
4.315118105488955393e+02
4.302047977588472918e+02
4.287907056457494264e+02
4.273707701775127248e+02
4.259455551856393640e+02
4.245109349046499005e+02
4.230950806882506754e+02
4.216735052229594203e+02
4.202465964169568338e+02
4.188147358716371969e+02
4.173781345447092690e+02
4.159372066056262724e+02
4.144921211641442369e+02
4.130431754819327352e+02
4.115906036770000469e+02
4.101345618351101052e+02
4.086753637446567495e+02
4.072131268306470702e+02
4.057480986245093391e+02
4.042805329001750465e+02
4.028105957917836122e+02
4.013386544353835461e+02
3.998649115077597003e+02
3.983898133744678489e+02
3.969137334138951019e+02
3.954370800432687361e+02
3.939603768296411772e+02
3.924840898486448850e+02
3.910088641250583237e+02
3.895264680374177715e+02
3.880603588624290410e+02
3.865972855871409593e+02
3.851379627421883356e+02
3.836833030284848292e+02
3.822339942827421737e+02
3.807908169536415812e+02
3.793545269923417891e+02
3.779256606767290236e+02
3.765049280275546835e+02
3.750927805094272003e+02
3.736896785091475408e+02
3.722961503214727941e+02
3.709122817847845681e+02
3.695385963170074888e+02
3.681750860849659261e+02
3.668219662055241770e+02
3.654794377507749914e+02
3.641473681164080745e+02
3.628260672182605049e+02
3.615153736222454768e+02
3.602153870652683167e+02
3.589262945222169492e+02
3.576479636296722902e+02
3.563582373839136608e+02
3.550966257790024656e+02
3.538445203565802331e+02
3.526022139900035199e+02
3.513699961670354810e+02
3.501485502548055706e+02
3.489380961060826962e+02
3.477394018031418454e+02
3.465528634814425573e+02
3.453790979105593806e+02
3.442188338844482587e+02
3.430725242723997326e+02
3.419410819783378201e+02
3.408248199208379674e+02
3.397247089068023911e+02
3.386411396487655452e+02
3.375749400965896143e+02
3.365267500250445210e+02
3.354970332993158308e+02
3.344867428964921601e+02
3.334961020494497461e+02
3.325261016017556699e+02
3.315770633544032648e+02
3.306496541715285389e+02
3.297331662252241244e+02
3.288436033310168796e+02
3.279769895115979352e+02
3.271328755446998571e+02
3.263115673296092041e+02
3.255128878109345578e+02
3.247363586198321173e+02
3.239821361999735245e+02
3.232492652300642817e+02
3.225377184754771633e+02
3.218468143585720327e+02
3.211760880553746915e+02
3.205259188861990083e+02
3.198968144074941051e+02
3.192924652453847898e+02
3.187213488895552018e+02
3.182048253132240347e+02
3.177915701446944468e+02
3.176022185536110101e+02
3.178830159041270349e+02
3.191413605797848732e+02
3.221305956951175062e+02
3.274935909005686199e+02
3.353808519065044607e+02
3.457654737355956058e+02
3.588306618769513534e+02
3.742918047528594343e+02
3.905032028733381821e+02
4.047447714129378369e+02
4.149800200958839014e+02
4.214302013288262856e+02
4.252853550918648580e+02
4.280015341044807542e+02
4.306147194833907292e+02
4.336666177272952609e+02
4.372653187208648546e+02
4.409021962908863657e+02
4.438979403899866725e+02
4.457069257036190493e+02
4.462903670201757222e+02
4.457666324310566210e+02
4.444081614159014180e+02
4.424531128284837109e+02
4.400788404294738143e+02
4.374327241380223654e+02
4.345958793484788316e+02
4.316354572575187376e+02
4.285909386059671533e+02
4.254698649320609434e+02
4.223018197777952878e+02
4.191191676309973673e+02
4.159350829675743171e+02
4.127631773814175631e+02
4.096217235149564431e+02
4.065521139124084584e+02
4.036747374426611259e+02
4.014068000711477566e+02
4.008208602899633206e+02
4.040229841133061655e+02
4.099887028526209178e+02
4.139209307526669477e+02
4.147292387531915665e+02
4.133194645896695079e+02
4.107069054181228580e+02
4.082640980896413794e+02
4.079625221822607841e+02
4.125694140396287253e+02
4.208107760425651804e+02
4.256009698117413791e+02
4.282949262098015879e+02
4.353813307920370335e+02
4.522041154868301760e+02
4.811946391667188436e+02
5.192679931221517791e+02
5.590428623616543291e+02
5.893628475138015119e+02
6.060673546934588103e+02
6.119947600632982585e+02
6.117245541334098107e+02
6.087298729250821907e+02
6.047765325285670315e+02
6.005201587970823311e+02
5.962234822713339781e+02
5.919697449475684152e+02
5.877920192076423973e+02
5.837005002576248671e+02
5.797002510367257173e+02
5.757913126069539658e+02
5.719741855623592528e+02
5.682480774945879602e+02
5.646114522641212261e+02
5.610641935690016453e+02
5.576039789577632746e+02
5.542305051709147392e+02
5.509423234459757168e+02
5.477381820338868010e+02
5.447280824293110300e+02
5.418337444869285946e+02
5.390276815938273103e+02
5.363097643020445275e+02
5.336815220227996406e+02
5.311447756766490329e+02
5.287019285961864625e+02
5.263574178974700999e+02
5.241154856161512043e+02
5.219851775305678530e+02
5.199741131225550816e+02
5.180985589318569282e+02
5.163747440461410179e+02
5.148289111505010851e+02
5.134964661355804765e+02
5.124150030448405460e+02
5.116442618149937971e+02
5.112206495920390239e+02
5.111934803188281080e+02
5.115742554753221611e+02
5.123759610921247258e+02
5.136376793396024141e+02
5.153779008568120616e+02
5.175435230237167161e+02
5.197824935322469173e+02
5.218979693000452471e+02
5.235952303410962259e+02
5.251667988571168735e+02
5.272082210289337354e+02
5.305231304648962123e+02
5.359374324824918858e+02
5.433343058129498786e+02
5.508512862510951891e+02
5.561195506331769138e+02
5.587180234357413156e+02
5.594047629623006515e+02
5.592012164729408141e+02
5.587490758927888237e+02
5.585997115176679699e+02
5.593261470636416561e+02
5.616474568298548320e+02
5.662618131879893326e+02
5.730329960167687204e+02
5.806334246342784127e+02
5.871895565577841580e+02
5.919444946961862115e+02
5.958019669558564146e+02
5.997969705714945121e+02
6.037545360255425066e+02
6.069672303683581731e+02
6.086005369058881342e+02
6.084199219519534836e+02
6.069271257198640797e+02
6.046131030906017259e+02
6.019628469280023637e+02
5.992099135808387018e+02
5.964708258650726975e+02
5.937764068156515123e+02
5.911135815094448844e+02
5.884428407438330169e+02
5.857233512739506978e+02
5.829120725894763382e+02
5.799685114975962961e+02
5.768711451713596716e+02
5.735922955863391053e+02
5.701281897647636470e+02
5.664727908537856820e+02
5.626349627168523284e+02
5.586306331805832315e+02
5.544784689498816306e+02
5.502057550116259108e+02
5.458341105366612283e+02
5.412641242219553988e+02
5.367022687957984317e+02
5.321087192122837450e+02
5.274952190940236960e+02
5.228707980664361230e+02
5.182453630861675720e+02
5.136257432259614006e+02
5.090198094287972594e+02
5.044329485557803423e+02
4.998710403388472514e+02
4.953388139796568908e+02
4.908402007564142764e+02
4.863797671628459511e+02
4.819598095585506599e+02
4.775844759369001622e+02
4.732554262728956473e+02
4.689754947255402726e+02
4.647468029913959526e+02
4.605704637303823006e+02
4.564491230157040036e+02
4.523828939586753677e+02
4.483739491748626165e+02
4.444227812322705518e+02
4.405301102536837448e+02
4.366346559219848018e+02
4.328661387248130836e+02
4.291556727526302666e+02
4.255027586693241801e+02
4.219085844300000190e+02
4.183735453532862039e+02
4.148974440879673580e+02
4.114816828753070013e+02
4.081253458565224719e+02
4.048298777423083266e+02
4.015949186746982491e+02
3.984207811138949182e+02
3.953084384817111641e+02
3.922570657584434457e+02
3.892683970040767463e+02
3.863416908177566143e+02
3.834780007308617655e+02
3.806778891483044731e+02
3.779410579731043072e+02
3.752693015562308574e+02
3.726618472279123466e+02
3.701203075342868374e+02
3.676449547419107944e+02
3.652360429145265357e+02
3.628624087232320221e+02
3.605984200246071509e+02
3.584081391475411920e+02
3.562923760065432361e+02
3.542533568922841027e+02
3.522934750131526584e+02
3.504133250995111553e+02
3.486163470974018992e+02
3.469025145449799652e+02
3.452743517064349135e+02
3.437325986435989762e+02
3.422772876087782379e+02
3.409099992420289027e+02
3.396284086929069304e+02
3.384333338699717046e+02
3.373215886824336280e+02
3.362912253740248048e+02
3.353392417554733811e+02
3.344604257100397149e+02
3.336518547765625158e+02
3.329061935882182297e+02
3.322193067421198407e+02
3.315837618810658114e+02
3.309935030034029637e+02
3.304435250369894561e+02
3.299408031208570264e+02
3.294627226756270488e+02
3.290006900662627345e+02
3.285491151953203826e+02
3.281001845926433589e+02
3.276484795573779820e+02
3.271879371490609856e+02
3.267135220920408756e+02
3.262213515668280479e+02
3.257072964527298495e+02
3.251697191143556438e+02
3.246059487082927149e+02
3.240161853267811694e+02
3.233999969909658034e+02
3.227587011491895623e+02
3.220942112091334479e+02
3.214088135658832357e+02
3.207063214351632610e+02
3.199902055760027224e+02
3.192653805721115532e+02
3.185366987105874728e+02
3.178098302900704653e+02
3.170907277727677638e+02
3.163854469968864578e+02
3.156966665434764536e+02
3.150364084704742140e+02
3.144117207596040657e+02
3.138304433450528563e+02
3.133003352640470212e+02
3.128284495362253210e+02
3.124230545446004044e+02
3.120896341355615391e+02
3.118352826167258627e+02
3.116636683902205505e+02
3.115777264794422763e+02
3.115786721003204320e+02
3.116634164887758516e+02
3.118287226361675266e+02
3.120655467302581201e+02
3.123641381636537062e+02
3.127108867074518912e+02
3.130904234921495117e+02
3.134859686028737542e+02
3.138803807913938044e+02
3.142562470484144228e+02
3.145981909409137529e+02
3.148922557198877143e+02
3.151336798411482505e+02
3.153286540282606438e+02
3.154506435051048925e+02
3.154979387674094369e+02
3.154683240137914026e+02
3.153640202479460868e+02
3.151893427946754969e+02
3.149489656882915938e+02
3.146514699959512882e+02
3.143039301695037580e+02
3.139161617099398995e+02
3.134972006963984654e+02
3.130567414271382063e+02
3.126044594503122198e+02
3.121497816022184111e+02
3.117020825609962458e+02
3.112704614775303753e+02
3.108642770348664044e+02
3.104922819712321598e+02
3.101650455311636279e+02
3.098924665881870055e+02
3.096881390089330353e+02
3.095682428652206113e+02
3.095541066106094377e+02
3.096876312666589115e+02
3.100067181527372213e+02
3.105876905299485884e+02
3.115437836653260888e+02
3.130333799088279534e+02
3.152982060339244867e+02
3.186094980359221154e+02
3.232534604153989335e+02
3.293421763362551360e+02
3.366012797522996607e+02
3.443836849073368853e+02
3.519746773084123106e+02
3.590026450625124426e+02
3.654230891307254296e+02
3.713624397603749685e+02
3.768401449282053477e+02
3.818788706888647084e+02
3.864328418180446079e+02
3.905251254548375073e+02
3.941577873120667164e+02
3.973926046193549269e+02
4.002436619050705531e+02
4.027377610994460042e+02
4.048735488448243700e+02
4.067397585159856703e+02
4.082547849977991063e+02
4.093940158298294705e+02
4.101894068337618933e+02
4.106690269509505242e+02
4.108767638763981722e+02
4.108565569671302455e+02
4.106473083064115599e+02
4.102885340377015382e+02
4.098084802035165808e+02
4.092346298372866613e+02
4.085868861271230799e+02
4.078812067618108017e+02
4.071310237730099288e+02
4.063452723287301751e+02
4.055328973364190119e+02
4.046995749773742546e+02
4.038508139938853105e+02
4.029906118411797138e+02
4.021221527493677854e+02
4.012485329843858608e+02
4.003716169743340174e+02
3.994936462959338996e+02
3.986159338023719556e+02
3.977685104875895945e+02
3.969459484654040580e+02
3.961280325344690709e+02
3.953157382682990715e+02
3.945094845215433565e+02
3.937098209746569637e+02
3.929169466638682593e+02
3.921310157356670061e+02
3.913521158084495255e+02
3.905801403744542313e+02
3.898150524783384299e+02
3.890565937368522782e+02
3.883046178229825500e+02
3.875588137514028517e+02
3.868189190878961199e+02
3.860846623215085174e+02
3.853556893021465726e+02
3.846317778492039565e+02
3.839125640997613687e+02
3.831977990883364100e+02
3.824872062831504991e+02
3.817804594725468519e+02
3.810773845558569519e+02
3.803776237773419666e+02
3.796714804353476325e+02
3.789548170869388741e+02
3.782372277853276046e+02
3.775184720909641669e+02
3.767981957595818017e+02
3.760762075555994670e+02
3.753522007919240764e+02
3.746259564487672264e+02
3.738972990529433105e+02
3.731659596997758399e+02
3.724318922305846513e+02
3.716948622181816972e+02
3.709549166642642035e+02
3.702119745782634936e+02
3.694660923216198398e+02
3.687174104522289895e+02
3.679660080886483797e+02
3.672122408004189538e+02
3.664563493150414502e+02
3.656987908059041956e+02
3.649400132945145288e+02
3.641805779836507213e+02
3.634211174473638835e+02
3.626623817725408685e+02
3.618936917601979530e+02
3.611160040932816173e+02
3.603402989253530109e+02
3.595675936741603778e+02
3.587994403909821131e+02
3.580372593944759387e+02
3.572832017440971981e+02
3.565402079078818929e+02
3.558125722826121660e+02
3.551087908956984052e+02
3.544419624961274167e+02
3.538409341840860520e+02
3.533531803128290676e+02
3.530707493817090494e+02
3.531570154832199933e+02
3.538544122955489684e+02
3.555699740074373381e+02
3.586659148734785276e+02
3.634430570736670916e+02
3.698339809910416420e+02
3.776264553824862560e+02
3.869286064290353693e+02
3.983478116283712325e+02
4.123069731489749188e+02
4.286468826551125630e+02
4.460368757656244156e+02
4.617867522493945671e+02
4.738047701685516131e+02
4.817975929823466572e+02
4.868012840057393191e+02
4.904625581096457836e+02
4.938578148116940270e+02
4.974814567868784252e+02
5.014211089784973296e+02
5.055153729771944882e+02
5.096241546365437216e+02
5.138045068091440726e+02
5.180221788735716473e+02
5.221630208443956462e+02
5.261365889655889987e+02
5.298878187988374293e+02
5.335891545709213233e+02
5.374505011193622295e+02
5.415481174045728494e+02
5.457718216351403271e+02
5.497871549312969819e+02
5.532258496418910454e+02
5.559443411741037835e+02
5.578462642493113890e+02
5.593419816567140970e+02
5.603975050454537268e+02
5.611735053889572100e+02
5.618131820987400715e+02
5.624090781663165899e+02
5.630077247291889080e+02
5.637115443659407674e+02
5.646088832786412013e+02
5.657757363578518834e+02
5.672280506480290114e+02
5.688367817472886827e+02
5.704773370463630044e+02
5.721374058911933389e+02
5.739024144658842488e+02
5.759709560636059678e+02
5.784228340149755923e+02
5.812232103632649114e+02
5.842318085534731154e+02
5.872692665196688040e+02
5.902396726921423351e+02
5.931542677713800913e+02
5.959343022452736705e+02
5.985567287966463255e+02
6.009154041584467905e+02
6.035615226083799598e+02
6.066581231369434590e+02
6.102241938842338413e+02
6.140942598248529976e+02
6.180187233832439233e+02
6.216877012646575622e+02
6.248924721842170129e+02
6.277074553979408620e+02
6.303777095109478523e+02
6.331797956090819071e+02
6.360245950214933828e+02
6.386265287146403580e+02
6.405677303971182255e+02
6.414522391945432673e+02
6.411074464371471322e+02
6.396141104129853829e+02
6.371874762598644111e+02
6.341216124448166056e+02
6.305947218416729356e+02
6.267333632440386282e+02
6.225960454095022669e+02
6.182079270487217855e+02
6.135962185932534112e+02
6.085949290535886576e+02
6.034629687948922765e+02
5.981925777502138999e+02
5.928125000447699904e+02
5.873546521640812443e+02
5.818429473477228839e+02
5.763015190758181916e+02
5.707496602049806143e+02
5.652039740889118775e+02
5.596798314168694333e+02
5.541885856131692663e+02
5.487401657457642159e+02
5.433432676128950334e+02
5.380033318872617656e+02
5.327268933248901703e+02
5.275174036299141562e+02
5.223782677247124866e+02
5.173129969111098490e+02
5.123223005717690057e+02
5.074094148713101049e+02
5.025741301682949711e+02
4.978180700808213146e+02
4.931419466684113786e+02
4.885449935048914654e+02
4.839489223587379456e+02
4.795976052455111471e+02
4.753213906055166262e+02
4.711168441522938224e+02
4.669824233504687641e+02
4.629179514713731578e+02
4.589216493146685707e+02
4.549956025924159349e+02
4.511392284193251498e+02
4.473554728296698499e+02
4.436470514414388617e+02
4.400184657582331056e+02
4.364794883367163720e+02
4.330475255608105840e+02
4.297620300157686870e+02
4.267216112042669351e+02
4.241131131545150765e+02
4.221401467182478768e+02
4.206662820809277150e+02
4.196586410715282227e+02
4.203769597673987164e+02
4.235632543301412625e+02
4.287127117080885910e+02
4.356056128969803467e+02
4.416529406838608907e+02
4.431037431814045249e+02
4.416612048030931987e+02
4.394468533732115247e+02
4.374255677850025563e+02
4.359545941287773871e+02
4.350867328089477155e+02
4.346939602257349406e+02
4.344446313453262292e+02
4.340323145622991774e+02
4.332726057675019433e+02
4.322086761601639751e+02
4.309347757896283611e+02
4.295648294360568116e+02
4.281782145519918572e+02
4.268107986817919368e+02
4.254661774350466317e+02
4.241262821336724755e+02
4.227514155346065081e+02
4.212995727068844758e+02
4.197330634938580260e+02
4.180200616541263798e+02
4.161431651215501688e+02
4.140999339042525662e+02
4.121232431768739843e+02
4.100533945890845757e+02
4.078422629712085268e+02
4.055093877770937638e+02
4.030736895269591287e+02
4.005510363587180223e+02
3.979633850293332102e+02
3.953245301207521152e+02
3.926519028038210308e+02
3.899584975758991163e+02
3.872559602755563333e+02
3.845557080714948484e+02
3.818655314239692871e+02
3.791939435321901328e+02
3.765474018656848898e+02
3.739315253034787929e+02
3.713514852683687195e+02
3.688114921183047841e+02
3.663152892911211893e+02
3.638667004149464788e+02
3.614683014647025061e+02
3.591230226492970701e+02
3.568333229555206572e+02
3.546006994971242534e+02
3.526019710463604042e+02
3.507297682034538298e+02
3.489145325361088226e+02
3.471560623114136206e+02
3.454540526303287606e+02
3.438089495265267033e+02
3.422192119509340387e+02
3.406857308632712602e+02
3.392068687573418515e+02
3.377830452084818376e+02
3.364140354258747720e+02
3.350991000313024415e+02
3.338393149979826831e+02
3.326333255349707088e+02
3.314822500186120351e+02
3.303851192777103734e+02
3.293417154908999578e+02
3.283515672739956699e+02
3.274129139840351286e+02
3.265253853939297528e+02
3.256862259998157469e+02
3.248949262900213739e+02
3.241485098100639561e+02
3.234457372130816566e+02
3.228789867162411156e+02
3.223621897734180948e+02
3.218791018939891728e+02
3.214260855988213734e+02
3.210044074193032770e+02
3.206116328028878115e+02
3.202483436142156279e+02
3.199153306222969491e+02
3.196110739175789490e+02
3.193382521730688950e+02
3.190948605345640772e+02
3.188822762777103890e+02
3.186997837054348679e+02
3.185456927768743185e+02
3.184197406379753374e+02
3.183183475929942006e+02
3.182395980215562190e+02
3.181798031308240411e+02
3.181349405868390932e+02
3.181009662514182992e+02
3.180731949402558030e+02
3.180466982547868611e+02
3.180172155775442207e+02
3.179800220456851889e+02
3.179664698929905171e+02
3.179447087062903279e+02
3.178989874818838643e+02
3.178280894908808705e+02
3.177297456122365134e+02
3.176034297356982279e+02
3.174499248747483762e+02
3.172691849547070433e+02
3.170645702443610503e+02
3.168386089473132756e+02
3.165984762472080547e+02
3.163627463655242309e+02
3.161972267452553069e+02
3.163590517351886433e+02
3.179510322757043923e+02
3.248498905437540429e+02
3.473015595600220990e+02
3.887037716280383393e+02
4.296662349956454250e+02
4.622984484300553163e+02
4.865133496449516315e+02
5.042497632147463946e+02
5.134039412189424638e+02
5.192843745242319073e+02
5.279351782527272690e+02
5.368143240522925907e+02
5.445909056199444649e+02
5.513370837572873597e+02
5.538454841610794119e+02
5.513587466140653532e+02
5.461617355624591710e+02
5.399939182667061459e+02
5.336493903880956395e+02
5.273959620218829514e+02
5.213483305362882447e+02
5.155307186902321064e+02
5.099116873086514943e+02
5.044011552867680734e+02
4.989069391470033565e+02
4.933751419566888217e+02
4.878257699991203822e+02
4.823038902363453531e+02
4.768515641341969058e+02
4.715039778244606623e+02
4.662744084365949107e+02
4.611741739534890030e+02
4.562053484030118966e+02
4.513672540815032903e+02
4.466065274408136929e+02
4.416648017901223398e+02
4.368772425311490224e+02
4.322385188163487442e+02
4.277465675879087712e+02
4.233995528252452232e+02
4.191945261954202806e+02
4.151327023299418215e+02
4.112120686981068616e+02
4.074356156193942979e+02
4.038041018970317850e+02
4.003215024993008910e+02
3.969921585265511226e+02
3.938202959210605627e+02
3.908136009169696763e+02
3.879755376377867719e+02
3.853149890863344922e+02
3.828335142764792636e+02
3.805359445037125283e+02
3.784236362656665165e+02
3.765018766556399328e+02
3.748246694949122002e+02
3.736736936686021409e+02
3.747686795319735893e+02
3.855864517526721329e+02
4.222833521404465387e+02
4.690452919090465684e+02
4.912657126326261618e+02
4.961650814414596766e+02
4.974850463602027730e+02
4.985362750979879252e+02
5.012581599275251847e+02
5.102589265998021801e+02
5.369497920151480912e+02
5.791794398008715916e+02
6.081445432847081065e+02
6.221060913580865872e+02
6.384097463045196719e+02
6.721309925707720367e+02
7.191221344746639943e+02
7.547909122601972740e+02
7.810628829932616100e+02
7.994846688638958767e+02
8.129825345190910184e+02
8.241640362419622079e+02
8.356501847729856536e+02
8.484866816968384455e+02
8.605728577308810827e+02
8.692141245464902113e+02
8.725826030382307863e+02
8.703026299663895315e+02
8.635820423324207695e+02
8.540768870181326520e+02
8.430273671440643284e+02
8.313203518260888814e+02
8.194408013597621903e+02
8.077095055204846403e+02
7.963498723176054455e+02
7.855631778600616144e+02
7.755487120090803046e+02
7.665506799470148280e+02
7.587573238307040810e+02
7.522764506608712054e+02
7.468921686137246070e+02
7.424405075581627216e+02
7.383744448660179387e+02
7.342157220664906845e+02
7.297483659518261447e+02
7.249406413257239592e+02
7.197945697981415378e+02
7.143624184526833005e+02
7.087016917402841045e+02
7.028853158785459527e+02
6.970311637739030175e+02
6.911561142418153167e+02
6.853188080233810524e+02
6.795646766525965177e+02
6.739358085306981820e+02
6.684641372456032968e+02
6.631798986835226515e+02
6.581053375000965389e+02
6.532657707839864543e+02
6.486805349616080321e+02
6.443752145597709386e+02
6.403747733891299276e+02
6.367085992166773849e+02
6.334152500506648948e+02
6.305283544402784628e+02
6.281000454448775372e+02
6.261663686672783342e+02
6.247750061932088101e+02
6.239692633494277061e+02
6.237788049302894251e+02
6.242901325198253062e+02
6.255950604830920838e+02
6.278888221813712107e+02
6.312642552463993297e+02
6.362350072762691298e+02
6.420454023513375432e+02
6.480184040195496209e+02
6.534487318500309811e+02
6.579683248149557357e+02
6.613237787877483242e+02
6.633948598336683062e+02
6.644125347170055420e+02
6.645641297077401077e+02
6.640401444057200706e+02
6.626423383286697799e+02
6.600524678458918970e+02
6.562721092388943589e+02
6.514888539920453923e+02
6.460272992823271352e+02
6.401637357130890678e+02
6.340748588816055644e+02
6.278936637512493917e+02
6.216878281304436769e+02
6.154996269485862967e+02
6.093655163435561235e+02
6.033089958611697057e+02
5.973627871004572398e+02
5.915270512680995125e+02
5.858596850297840319e+02
5.804032578733717855e+02
5.751613838432662078e+02
5.701506995689691166e+02
5.653854935310516794e+02
5.608896212374293100e+02
5.567033150465641711e+02
5.528782781342231374e+02
5.495059479189357035e+02
5.466856338589782354e+02
5.445646462995135835e+02
5.432351184201726255e+02
5.427216224359167427e+02
5.428859717051057032e+02
5.434356923841494336e+02
5.440404009742704829e+02
5.445519235287119955e+02
5.449568673964183745e+02
5.454682451244590311e+02
5.463036850707925396e+02
5.476577721870048663e+02
5.496264707009898984e+02
5.520792102279920073e+02
5.545322396993469738e+02
5.571141015710368265e+02
5.595013890003330062e+02
5.617134709812920619e+02
5.638421564025541102e+02
5.657716603391444323e+02
5.672652364322619860e+02
5.680189321971827212e+02
5.679277711905355090e+02
5.669929258581391878e+02
5.653566206185212195e+02
5.631592663441842888e+02
5.605297185821422090e+02
5.575780161672254280e+02
5.543784058817286677e+02
5.509899208655831444e+02
5.474502884747960252e+02
5.437831851724313310e+02
5.400062236249319767e+02
5.361265613327271922e+02
5.321540757261783483e+02
5.280958598979163980e+02
5.239577145532041413e+02
5.197528564884443085e+02
5.152268990505484680e+02
5.105727033381123192e+02
5.058940572003960483e+02
5.012049665966502516e+02
4.965239761821060256e+02
4.918625813218138774e+02
4.872370936558980361e+02
4.826598916335619833e+02
4.781415702575228579e+02
4.736952545026852022e+02
4.693280726204170605e+02
4.650505790830393948e+02
4.608703235455332674e+02
4.567934058336338126e+02
4.528290217116204985e+02
4.489808452055124803e+02
4.452572614499937913e+02
4.416633900573371534e+02
4.382036479222413163e+02
4.348859103734997120e+02
4.317110204617249565e+02
4.286854888887419293e+02
4.258092376270479917e+02
4.230813785339594801e+02
4.205105321116074037e+02
4.180632272734687263e+02
4.157436074506381942e+02
4.135386759251042577e+02
4.114347013949778216e+02
4.094187216262208722e+02
4.074727835087721246e+02
4.055827690336010392e+02
4.037331902777863775e+02
4.019086840801993503e+02
4.000985169114096607e+02
3.982906786096311862e+02
3.964766977596458446e+02
3.946505821547448818e+02
3.928065295076906409e+02
3.909429592090701249e+02
3.890587931968011048e+02
3.871541450566710978e+02
3.852318518750722092e+02
3.832943060668440012e+02
3.813454081017712838e+02
3.793899584506171436e+02
3.774315588110250701e+02
3.754756962015611634e+02
3.735157826993125809e+02
3.715407144924129170e+02
3.695843681387495963e+02
3.676489181377593241e+02
3.657378987386907170e+02
3.638530387299147151e+02
3.619963594035007191e+02
3.601699183729008951e+02
3.583748266808490825e+02
3.566135118280421921e+02
3.548874001045646764e+02
3.531994533138657744e+02
3.515525287660817071e+02
3.499508729723347074e+02
3.484001066470676164e+02
3.469066051644500135e+02
3.454804811447568795e+02
3.441313578307026546e+02
3.428746066519882447e+02
3.417253046359713267e+02
3.407022659810695586e+02
3.398273900488790673e+02
3.391198671022056033e+02
3.386035938823683296e+02
3.382840334839225989e+02
3.383509960218985952e+02
3.386542693753722801e+02
3.392027323659581839e+02
3.399944240734101868e+02
3.410386483404390106e+02
3.423063886115335777e+02
3.437532213953502378e+02
3.452952664128384868e+02
3.468261569408387572e+02
3.482703676481467028e+02
3.495815331051722978e+02
3.507724243938654922e+02
3.518828050510205117e+02
3.530019026776961368e+02
3.543011646611669789e+02
3.560473813350346290e+02
3.586959707524449072e+02
3.627164686241854952e+02
3.685109883397446993e+02
3.761960195311197026e+02
3.862820608843958325e+02
4.008112517805570860e+02
4.233795227949806304e+02
4.559648061612095944e+02
4.922974163636870344e+02
5.241312992226894494e+02
5.487995752060132872e+02
5.686005808060452864e+02
5.850697109025376221e+02
5.974083564860502520e+02
6.037969079467379743e+02
6.050003623248478561e+02
6.030739405570581084e+02
5.996307208131278230e+02
5.954387360409090206e+02
5.908976479182640560e+02
5.861902023867102116e+02
5.814198756620932045e+02
5.766422822316976635e+02
5.718963762757994118e+02
5.672052958574478225e+02
5.625852928434929936e+02
5.580505085640395464e+02
5.536064846865795062e+02
5.492626818676371840e+02
5.450219661048122362e+02
5.408885934998859284e+02
5.368263057208918099e+02
5.328350014722092283e+02
5.289671846088053826e+02
5.252219509136755278e+02
5.216031728468910842e+02
5.181126773967649797e+02
5.147516385671672197e+02
5.115255597621203378e+02
5.084346986161175437e+02
5.054864224058208606e+02
5.026839933522455794e+02
5.000344505270726359e+02
4.975471898365678385e+02
4.952290290801421406e+02
4.930954393615984941e+02
4.911557824030927577e+02
4.894276737775560946e+02
4.879254156446436355e+02
4.866614721165217361e+02
4.856506504977148211e+02
4.848935525601803533e+02
4.843898000265609767e+02
4.841219442455229682e+02
4.840567817052258874e+02
4.841618331093856682e+02
4.843295930266154414e+02
4.845096410030361085e+02
4.846245678954932714e+02
4.845917668200297044e+02
4.843434974289227171e+02
4.838262137399353264e+02
4.829988345636421059e+02
4.818479970922808775e+02
4.803686438924520417e+02
4.785740627693467104e+02
4.764895754839226925e+02
4.741410402284026304e+02
4.715654586954235583e+02
4.687941922422501193e+02
4.658608320974547041e+02
4.627969726771677301e+02
4.596290988560024289e+02
4.563838565215962149e+02
4.530817964134177487e+02
4.497425215546533650e+02
4.463824485921679752e+02
4.430151891852163430e+02
4.396532362775159868e+02
4.363530323426837754e+02
4.330780576142770428e+02
4.298374118790284228e+02
4.266369767660021921e+02
4.234831505497392072e+02
4.203809546169917439e+02
4.173353501802738492e+02
4.143519091317640459e+02
4.114355091431586402e+02
4.085956005478317934e+02
4.058477068837679553e+02
4.032412911560187467e+02
4.009204764827393319e+02
3.993783630604947348e+02
3.999732307915855358e+02
4.052254477801377561e+02
4.187392456362426856e+02
4.426696202159699851e+02
4.734805444048993195e+02
5.040111775315714340e+02
5.320817100541722766e+02
5.637024439842092534e+02
5.980519401194985676e+02
6.321549587383078688e+02
6.644202058307336074e+02
6.937205203265660884e+02
7.158446837163875216e+02
7.254892783474982707e+02
7.276193736568891381e+02
7.263672183371027131e+02
7.233244477509160788e+02
7.189264317694595547e+02
7.134897635037250438e+02
7.072198413097291905e+02
7.002920142758393922e+02
6.928074942590922092e+02
6.848993063493949194e+02
6.766990645410641037e+02
6.682874667361295451e+02
6.597511860574044249e+02
6.511710081166003192e+02
6.426086099271515195e+02
6.341155127791521409e+02
6.257336890812985075e+02
6.174913934131120641e+02
6.094142659761452023e+02
6.015187704359776717e+02
5.938164557899336842e+02
5.864670343037132625e+02
5.792849671010745851e+02
5.723275045585012322e+02
5.655976821482357764e+02
5.591032356875401774e+02
5.528540382704183003e+02
5.468616529695822237e+02
5.411517539971638371e+02
5.357538222246040505e+02
5.307252262744362952e+02
5.261401970481628041e+02
5.221166100371522134e+02
5.188073500315591673e+02
5.163999440458328536e+02
5.151363197594195071e+02
5.152348207635499193e+02
5.169434108933847938e+02
5.204424395159522874e+02
5.257164348728971390e+02
5.325953296736909124e+02
5.404894615692921889e+02
5.485465436454843484e+02
5.558184796895092177e+02
5.614986237585505933e+02
5.652450483409458002e+02
5.674833151391776482e+02
5.689840101564914221e+02
5.705671136345921468e+02
5.725976051770496724e+02
5.753040379168467098e+02
5.795310348418715876e+02
5.862468437812934781e+02
5.954750208658637121e+02
6.063794218068020427e+02
6.188281648634166459e+02
6.334223424379925973e+02
6.493361232098764049e+02
6.637269345902504938e+02
6.753528798758819676e+02
6.857111396828347551e+02
6.949241875120897021e+02
7.012598081027125545e+02
7.044762942729238375e+02
7.055635506495532354e+02
7.049387054064130780e+02
7.025868397611855016e+02
6.989005427281661014e+02
6.944905075212508336e+02
6.897939258250071362e+02
6.849669045300419157e+02
6.801789936648785897e+02
6.754657983378718882e+02
6.708445759033302238e+02
6.663220334260465734e+02
6.618907745612328881e+02
6.575438767170622896e+02
6.532662026412374416e+02
6.490394464301713242e+02
6.448470905681762133e+02
6.406682557347633065e+02
6.364852399184038632e+02
6.322830358076332686e+02
6.280478089114554905e+02
6.237711464881435859e+02
6.194491472947601096e+02
6.150782455769568742e+02
6.106636087458756492e+02
6.062083203439353838e+02
6.017204174950724109e+02
5.972099003245966742e+02
5.926844926455029281e+02
5.881570581135404154e+02
5.837092974397005491e+02
5.792086736411729362e+02
5.747473029448657371e+02
5.703318529001076058e+02
5.659705741623416770e+02
5.616681645170615411e+02
5.574298193162323969e+02
5.532596722310099722e+02
5.491599345633027269e+02
5.451337366785575114e+02
5.411819745199112504e+02
5.373057472211786489e+02
5.335058448674251395e+02
5.297815087636380440e+02
5.261332204232679715e+02
5.225596701970264348e+02
5.190600867361227984e+02
5.156336904203820950e+02
5.122784173180502876e+02
5.089937550359366014e+02
5.057774176311568795e+02
5.026281654184699619e+02
4.995446180717519837e+02
4.965244474555281613e+02
4.936110803329421515e+02
4.907192840507187270e+02
4.878896426384865208e+02
4.851204338571708945e+02
4.824099137955485617e+02
4.797575439963931672e+02
4.771612985996763996e+02
4.746210255951077102e+02
4.721354391329982150e+02
4.697039650577324892e+02
4.673264938217899953e+02
4.650019577302174980e+02
4.627308989004893078e+02
4.605124391762221876e+02
4.583468190263160977e+02
4.562338496873719009e+02
4.541732118050389886e+02
4.521656088302218564e+02
4.502108882677910628e+02
4.483107289477885615e+02
4.464664188116498167e+02
4.446813985788515993e+02
4.429594887623160275e+02
4.413064257048791887e+02
4.397544213156351134e+02
4.382356013250502542e+02
4.368028236611501143e+02
4.354598324076411018e+02
4.342114395107889777e+02
4.330562729719595723e+02
4.319901406635170247e+02
4.310065156228328647e+02
4.300941954901852000e+02
4.292414826654724038e+02
4.284400772436006264e+02
4.276779989354871532e+02
4.269537095960225201e+02
4.262606540802916015e+02
4.255937787767297777e+02
4.249485415254019358e+02
4.243078684154951361e+02
4.236638284771208305e+02
4.229934822218664863e+02
4.222835311737129587e+02
4.215173708394050891e+02
4.206789215172881882e+02
4.197592267242413868e+02
4.187466160621380595e+02
4.175371041321885173e+02
4.161835626947236051e+02
4.147403809992472361e+02
4.132104979491128347e+02
4.116007569790709226e+02
4.099175686037817172e+02
4.081758999609859870e+02
4.063885724013974254e+02
4.045720993528135523e+02
4.027457806244154881e+02
4.009248666616557557e+02
3.991290101492480744e+02
3.973741964076109525e+02
3.956746377981162368e+02
3.940456879049216923e+02
3.924954743631213319e+02
3.910329274762035539e+02
3.896618196828452483e+02
3.883805953134719289e+02
3.871868155829117768e+02
3.860703287593688060e+02
3.850189650400752726e+02
3.840173199774378077e+02
3.830452808659142079e+02
3.820564289603846078e+02
3.810596746142174993e+02
3.800354552853279415e+02
3.789683782521821058e+02
3.778450331856544722e+02
3.766554496578641533e+02
3.753945694028018352e+02
3.740586935506968871e+02
3.726493461137067129e+02
3.711698288598441309e+02
3.696251950590061597e+02
3.680238274531478737e+02
3.663730882676303509e+02
3.646827172779074431e+02
3.629620926728227346e+02
3.612201965088683551e+02
3.594672575960078689e+02
3.577117305295191159e+02
3.559629381288191894e+02
3.542297267869503798e+02
3.525198578014605459e+02
3.508423528824472442e+02
3.492043376067536542e+02
3.476137858912625802e+02
3.460885140208886810e+02
3.446245482455074693e+02
3.432292842909766364e+02
3.419064983963580744e+02
3.406615878456414634e+02
3.394976587163102977e+02
3.384159147705205442e+02
3.374184633988891733e+02
3.365022085551042892e+02
3.356654797071865346e+02
3.349026719191346615e+02
3.342065465326811591e+02
3.335694148567649222e+02
3.329799766477201501e+02
3.324276926009786735e+02
3.319005236515145043e+02
3.313859513281466320e+02
3.308728119595533030e+02
3.303500964260602473e+02
3.298079829543173673e+02
3.292395521495996036e+02
3.286380261548123372e+02
3.280002342130408692e+02
3.273245019476731841e+02
3.266016472473636441e+02
3.258664367497000853e+02
3.250984595204268999e+02
3.243040665711972679e+02
3.234906000408671503e+02
3.226655057485775728e+02
3.218385853436982416e+02
3.210189002980399664e+02
3.202164977822413334e+02
3.194426011023043657e+02
3.187069640466040141e+02
3.180219273104180502e+02
3.173981004849082979e+02
3.168468775253740546e+02
3.163809221111476404e+02
3.160099357635573938e+02
3.157476293959444433e+02
3.156034360600914965e+02
3.155891456477767747e+02
3.157159952946196881e+02
3.159920125716236612e+02
3.164301201759369064e+02
3.170361135963097468e+02
3.178211053694428188e+02
3.187740160627784576e+02
3.200155134441514519e+02
3.214642004072790655e+02
3.231159846976042900e+02
3.249726081038550092e+02
3.270288456640157619e+02
3.292812609223288405e+02
3.317339623383292064e+02
3.343876235116867406e+02
3.372623823658109359e+02
3.403788898751707848e+02
3.437675488302392637e+02
3.474761851342482259e+02
3.515299916988647624e+02
3.559734893928268775e+02
3.608131090256658808e+02
3.660330629810248411e+02
3.716246519691832759e+02
3.775059509841652243e+02
3.835954982440874801e+02
3.897492352392158068e+02
3.957276749134679221e+02
4.012895946440004309e+02
4.061562902241681741e+02
4.099729445759479063e+02
4.126641879520851148e+02
4.143363194552028972e+02
4.151061980877589690e+02
4.151489095905648696e+02
4.146137737348662995e+02
4.136581870182116631e+02
4.123786260915475168e+02
4.108541182694013969e+02
4.091410388581939515e+02
4.072832719220989475e+02
4.053217980229280784e+02
4.032927910373570626e+02
4.012248812788593000e+02
3.991427951071140114e+02
3.970611795724977924e+02
3.949861931684644674e+02
3.929177820432964836e+02
3.908468549332321800e+02
3.887630591615815661e+02
3.866523782995392367e+02
3.845066649478251861e+02
3.823161670574348250e+02
3.800826007821029862e+02
3.778439595361251122e+02
3.754855236272687762e+02
3.731112864189113338e+02
3.707286226423194080e+02
3.683497714966621857e+02
3.659820679082869788e+02
3.636343919019473674e+02
3.613139118164138495e+02
3.590256921432043669e+02
3.567757572656091156e+02
3.545671687403762462e+02
3.524037422619646804e+02
3.502880768258359581e+02
3.482217876520836626e+02
3.462073305600977733e+02
3.442451662286292162e+02
3.423369451703578648e+02
3.404832541404004473e+02
3.386846470675157548e+02
3.369424184738467147e+02
3.352567756001174644e+02
3.336293037858609409e+02
3.320614103072451826e+02
3.305548300645020277e+02
3.291719909190796329e+02
3.278360820725315534e+02
3.265920309091850413e+02
3.254593910269701951e+02
3.244695910708588826e+02
3.236807306773587811e+02
3.231780730987812262e+02
3.231281205892094022e+02
3.237988048219975781e+02
3.256964284719675220e+02
3.296461317129914050e+02
3.366196471450960530e+02
3.465133570946127293e+02
3.583903819502930332e+02
3.724201288493106290e+02
3.881018466018991830e+02
4.019212667820043521e+02
4.114106941440223864e+02
4.178393955979591965e+02
4.233164103107529286e+02
4.290381432916801145e+02
4.355505619400458954e+02
4.429771349177898969e+02
4.512124835621188481e+02
4.599780977844855556e+02
4.695108653287083484e+02
4.791523546467372512e+02
4.891723498274484427e+02
5.003281152209812035e+02
5.138689248491019725e+02
5.307149896269469309e+02
5.509519694293035172e+02
5.726373494215331448e+02
5.930975170205995255e+02
6.101273529503592954e+02
6.232090253353419484e+02
6.320427534033966595e+02
6.370124958578272754e+02
6.385162847976527019e+02
6.374158337545280801e+02
6.343750328861167418e+02
6.300241875511304670e+02
6.247927663551295154e+02
6.189836661188833205e+02
6.128201945680583549e+02
6.064378536086061331e+02
5.999483924426755266e+02
5.934137333872932913e+02
5.869023447028254168e+02
5.805249305863950440e+02
5.742197323387533743e+02
5.680014727966249666e+02
5.618800813697851027e+02
5.558646990088516304e+02
5.499568179935431544e+02
5.441626382218549907e+02
5.384806749153481178e+02
5.329136837879075301e+02
5.274609735400982800e+02
5.221213824287527814e+02
5.168961841968351791e+02
5.117817318455297482e+02
5.067796883505625374e+02
5.018867226986275796e+02
4.971023873678228711e+02
4.924255657218039346e+02
4.878531123646052947e+02
4.833856185471860840e+02
4.790189067842761119e+02
4.747529676545476605e+02
4.705850798735742728e+02
4.665131439164136964e+02
4.625515122752258890e+02
4.587606597241942268e+02
4.550659670870077775e+02
4.514650979247023770e+02
4.479587830383562732e+02
4.445478494682526502e+02
4.412315526457440455e+02
4.380145087984372481e+02
4.348963986385822409e+02
4.318834024152523057e+02
4.289794925827421253e+02
4.261905205175448259e+02
4.235258658904627396e+02
4.209917637650366942e+02
4.185992113059888879e+02
4.163559741526117932e+02
4.142674842903489889e+02
4.123388132358024905e+02
4.105660748653140217e+02
4.089489069930233995e+02
4.074789673542780406e+02
4.061545907033095091e+02
4.049706299675956984e+02
4.039207712880115082e+02
4.031176330991420969e+02
4.024515378103135959e+02
4.018624174843698142e+02
4.013106662008981971e+02
4.007638206870222461e+02
4.001802619582660441e+02
3.995248790552128639e+02
3.987619989185486133e+02
3.978673031615979312e+02
3.968231767559934724e+02
3.956198515618077067e+02
3.942625144817979503e+02
3.927532187975546663e+02
3.911105576161738213e+02
3.893464616647008256e+02
3.874804140315385439e+02
3.855308013754095668e+02
3.835125973646404987e+02
3.814439138351017959e+02
3.793366115350541463e+02
3.772046892740488033e+02
3.750578710536531162e+02
3.729059048834215560e+02
3.707563916730149458e+02
3.686636046445141233e+02
3.665314862562198641e+02
3.644203800225393479e+02
3.623349663335372952e+02
3.602777103896355584e+02
3.582522299245022737e+02
3.562596945838001261e+02
3.543024578238917570e+02
3.523813431924497763e+02
3.504972969128813816e+02
3.486515267466205046e+02
3.468443849069828389e+02
3.450777697870052521e+02
3.433530695945478328e+02
3.416749169327081859e+02
3.400504851288817463e+02
3.384933087860892442e+02
3.370323326608545926e+02
3.357113566205501343e+02
3.346196091302779791e+02
3.338904869203287831e+02
3.337177349514633988e+02
3.343522268359110967e+02
3.359083062455139270e+02
3.383318254015164825e+02
3.411320150018833033e+02
3.440899596974771271e+02
3.471820277048370826e+02
3.507263310643039063e+02
3.549730785319265465e+02
3.600535608545453670e+02
3.657570718678426829e+02
3.717115934715172898e+02
3.774944049586576966e+02
3.827658048140231699e+02
3.873009708923083849e+02
3.909859995498884473e+02
3.937550961820983275e+02
3.955907240871970885e+02
3.965220508750815043e+02
3.966064942237793502e+02
3.959669101488774459e+02
3.947496132346705622e+02
3.930890328102194076e+02
3.911323267300312523e+02
3.889786805751317047e+02
3.867236273919682503e+02
3.844336559147921548e+02
3.822097505532373134e+02
3.800921467498658899e+02
3.780703047495668443e+02
3.761776043505273606e+02
3.744481229026005735e+02
3.729167716754083699e+02
3.716159689882613293e+02
3.705897794831142278e+02
3.698742755138971461e+02
3.695194752071327002e+02
3.695747942106694381e+02
3.700836816975721035e+02
3.711029958091176013e+02
3.726469481339055392e+02
3.747242358480721691e+02
3.772882563707335066e+02
3.802544094193027036e+02
3.835126892387493172e+02
3.869520342661861605e+02
3.904892621301482905e+02
3.940713849268931881e+02
3.976827501860731786e+02
4.012952276273265397e+02
4.048951380221088812e+02
4.084492676985840376e+02
4.117385847627239173e+02
4.147540148492979029e+02
4.173865772278950317e+02
4.195385664610179219e+02
4.211466815090961404e+02
4.221998541912108749e+02
4.227099084189632663e+02
4.227414429894145087e+02
4.223481496755233593e+02
4.216071911628810653e+02
4.205811768504700012e+02
4.193242722156452373e+02
4.178876131325740175e+02
4.163054198009798483e+02
4.146112710431528967e+02
4.128284157635266070e+02
4.109764084827342572e+02
4.090709367169246207e+02
4.071241347543834195e+02
4.051467196777113600e+02
4.031467276569696310e+02
4.011316902497943033e+02
3.991071655854942719e+02
3.970823707202316086e+02
3.950156742379830916e+02
3.929608232987462770e+02
3.909224120575324264e+02
3.889047970724347465e+02
3.869130115325776842e+02
3.849520030479715729e+02
3.830274940712490093e+02
3.811458964692252493e+02
3.793144888646148729e+02
3.775408218743820612e+02
3.758343076777661622e+02
3.742024774685996817e+02
3.726540751332091190e+02
3.711943331264363337e+02
3.698244974449168581e+02
3.685426886853500719e+02
3.673392785079080340e+02
3.662012059330998568e+02
3.651144994764445642e+02
3.640623488349419290e+02
3.630344207596163528e+02
3.620223465944082477e+02
3.610206086918619803e+02
3.600215531431936142e+02
3.591199016980999090e+02
3.582420096101879494e+02
3.573895970311197061e+02
3.565669758594949030e+02
3.557810415117740490e+02
3.550345954479556667e+02
3.543360516640008768e+02
3.536884019511503539e+02
3.530977606692669042e+02
3.525680482065788510e+02
3.521022429595229823e+02
3.517034122516839716e+02
3.513720904861211238e+02
3.511088432133821584e+02
3.509120087385523448e+02
3.507805829096127468e+02
3.507091090054356073e+02
3.506947863129458369e+02
3.507288991929689814e+02
3.508049771407015101e+02
3.509135962599968366e+02
3.510430132447282858e+02
3.511830870822097381e+02
3.512703173141019874e+02
3.514440671746735347e+02
3.515900712411461200e+02
3.516989362610481749e+02
3.517574738019680467e+02
3.517613584824086956e+02
3.517055019884289209e+02
3.515886163968079927e+02
3.514152557237381984e+02
3.511830842937600323e+02
3.509001793312363588e+02
3.505638216233712683e+02
3.501770257018445136e+02
3.497385189913583758e+02
3.492454781221476878e+02
3.486981365015697634e+02
3.480933437434140956e+02
3.474327865543207849e+02
3.467167788636718342e+02
3.459491820280567822e+02
3.451334377425054072e+02
3.442754917269853081e+02
3.433803645609467026e+02
3.424537136183020607e+02
3.415413105967709839e+02
3.407225620272716355e+02
3.398872515509109462e+02
3.390409260267027207e+02
3.381900012046010033e+02
3.373416667133880082e+02
3.365022306258598519e+02
3.356799123819648685e+02
3.348831746974543648e+02
3.341197937614944067e+02
3.334013531190386743e+02
3.327351344555027595e+02
3.321332376644454030e+02
3.316048471574229666e+02
3.311580836587914973e+02
3.308067226228170625e+02
3.305544905436655085e+02
3.304168738476741964e+02
3.303980338216834980e+02
3.305048748437815220e+02
3.307422898859636007e+02
3.310986670521373867e+02
3.315726156651159613e+02
3.321371408805716783e+02
3.330926922277678273e+02
3.342431551102407639e+02
3.354461335743617383e+02
3.366982641499368469e+02
3.380342296192793015e+02
3.395058859403326323e+02
3.411507357303575532e+02
3.430150959243184161e+02
3.451078166947361296e+02
3.474592938025696185e+02
3.500758291654984191e+02
3.529797896644215598e+02
3.561955656118354341e+02
3.597144339255723935e+02
3.635448285621640707e+02
3.676203504485878852e+02
3.718923336285715777e+02
3.762455737273039063e+02
3.805765806093549486e+02
3.847526695617738142e+02
3.886656964684314062e+02
3.922478178424689759e+02
3.955209796666661077e+02
3.987388708990695818e+02
4.026135851913343799e+02
4.078144977420295731e+02
4.158880795972737587e+02
4.274107040908712065e+02
4.414849154341796975e+02
4.561668195279671636e+02
4.705668856842367518e+02
4.851718302621713974e+02
5.004910366652884477e+02
5.152713883617582269e+02
5.270681938112610396e+02
5.344431746229657847e+02
5.372439710706220239e+02
5.365302789133462511e+02
5.335889832590780770e+02
5.295025492552617834e+02
5.249352278410890449e+02
5.202114375600781386e+02
5.155090233027550539e+02
5.109105700054303725e+02
5.064600701055427976e+02
5.021841260353104985e+02
4.980962865089949787e+02
4.942079895161746776e+02
4.906766579573430249e+02
4.873756328984339348e+02
4.843035003717217251e+02
4.814648874591833874e+02
4.788697690774931743e+02
4.765250097012844321e+02
4.744369382407923013e+02
4.726153049596386495e+02
4.710618293260310452e+02
4.697846991535897700e+02
4.687844556849183846e+02
4.680617844777901837e+02
4.676182144175138546e+02
4.674456360238738739e+02
4.675436648384407476e+02
4.679021485004804504e+02
4.685135019857329439e+02
4.693714440266725205e+02
4.704623222290563831e+02
4.717823130875616471e+02
4.733183937563386507e+02
4.750660008083709158e+02
4.770182817977637342e+02
4.791714711758148724e+02
4.815047760625803335e+02
4.841166768320430833e+02
4.869530599839939669e+02
4.900370443401998273e+02
4.934168810495496587e+02
4.971577361931328483e+02
5.013746616527531614e+02
5.062305631498800267e+02
5.119435795365052968e+02
5.188181688276085879e+02
5.271100386470191097e+02
5.370708865436633914e+02
5.487469460957945557e+02
5.618749829378283493e+02
5.759702747744432827e+02
5.902804107839447170e+02
6.040500918946577258e+02
6.168574538433233556e+02
6.283254857143209620e+02
6.382491886684232441e+02
6.465945804943295343e+02
6.532674099601440503e+02
6.583453252750828142e+02
6.620295901594788575e+02
6.642979396331534190e+02
6.656818093756351118e+02
6.663876709516021037e+02
6.664665986736869172e+02
6.659484841490157123e+02
6.648541910125716186e+02
6.632814073824509933e+02
6.613162706106512587e+02
6.590310135128066804e+02
6.565027478252835635e+02
6.537710631385139095e+02
6.508774932084883176e+02
6.478465617931431098e+02
6.446890546296458524e+02
6.414124574440371589e+02
6.380189396976367107e+02
6.345058797360080689e+02
6.308765249708902729e+02
6.271324106964091243e+02
6.232771994791825136e+02
6.193215015794251030e+02
6.152730029224887858e+02
6.111455150716899425e+02
6.069539110830049822e+02
6.027202153353728136e+02
5.984376635080026290e+02
5.941413511004984684e+02
5.898491800580741256e+02
5.855809140216543938e+02
5.813519705264452568e+02
5.771808031612162040e+02
5.730830390915825774e+02
5.690726277496891043e+02
5.651656704324168459e+02
5.613722437320326435e+02
5.577051460988373037e+02
5.541723586216210151e+02
5.507791184811825360e+02
5.475301446112791837e+02
5.444219007805656929e+02
5.414510705794058367e+02
5.386077030550532072e+02
5.358768122210996125e+02
5.332445213055842714e+02
5.306892967702667647e+02
5.281918456828722128e+02
5.257324369853165535e+02
5.232874110146843805e+02
5.208405929112234389e+02
5.184599003467517377e+02
5.160248939657999472e+02
5.135274039813638183e+02
5.109563881165927341e+02
5.083119659049132224e+02
5.055914074798701563e+02
5.027964228972746810e+02
4.999334807550718551e+02
4.970066049071477892e+02
4.940265979151789111e+02
4.910035242652697889e+02
4.879489286608858265e+02
4.848779322359380899e+02
4.818047008776176199e+02
4.787456016488015962e+02
4.757198387356060039e+02
4.727426673663521797e+02
4.698335085251876535e+02
4.670075764554413809e+02
4.642772931052983836e+02
4.616553901784905634e+02
4.591433557130234817e+02
4.567436490101056279e+02
4.544315524356202900e+02
4.522439405873394094e+02
4.501425161821802021e+02
4.481105313040585543e+02
4.461328603114988027e+02
4.441986062040988941e+02
4.422935457215452857e+02
4.404114935599962450e+02
4.385424665781256977e+02
4.366778344504919005e+02
4.348128645134843282e+02
4.329374294968624213e+02
4.310468877407216155e+02
4.291345704293130439e+02
4.271945135954577495e+02
4.252250419080238544e+02
4.232218604136360796e+02
4.211850974857426877e+02
4.191154181534115537e+02
4.170131853666046027e+02
4.148819485809250978e+02
4.127245141570652436e+02
4.105441796940680206e+02
4.083462268039704668e+02
4.060955598589495139e+02
4.038268578266587383e+02
4.015565818986692648e+02
3.992894534639703465e+02
3.970325187705132635e+02
3.947901115762728637e+02
3.925667231728186266e+02
3.903668581983384342e+02
3.881921860494622365e+02
3.860461607338216368e+02
3.839292623560521065e+02
3.818424781486957613e+02
3.797863541860768350e+02
3.777597329727148008e+02
3.757630244437115152e+02
3.737945296737484000e+02
3.718541155051339047e+02
3.699411837854444798e+02
3.680553734211652568e+02
3.661979396131691828e+02
3.643698641811666903e+02
3.625749085531139713e+02
3.608179289025190428e+02
3.591063663924126672e+02
3.574626099255387430e+02
3.558910464318384470e+02
3.544195225404241683e+02
3.530808165798467826e+02
3.519198666016102948e+02
3.510055613649250859e+02
3.504179976405803245e+02
3.502791387154429685e+02
3.507264693147722596e+02
3.519476399531477000e+02
3.541344873351253568e+02
3.574860112988735068e+02
3.621362752762768764e+02
3.680432380329308444e+02
3.750256374279891247e+02
3.826361181564666367e+02
3.904106365613357639e+02
3.978697463028327093e+02
4.046723482334124355e+02
4.105403796041275086e+02
4.153324977148701578e+02
4.189213372554559669e+02
4.213677056973666026e+02
4.227882537775930132e+02
4.232725566962055268e+02
4.231484405200494621e+02
4.225529558910396304e+02
4.216168557314057921e+02
4.204319660750587673e+02
4.190729532608616523e+02
4.175964837141685280e+02
4.160445382681124897e+02
4.144474445202931179e+02
4.128280735078356543e+02
4.112014039493582231e+02
4.095777417416949788e+02
4.079637940728177909e+02
4.063630519792782252e+02
4.047778761528166456e+02
4.032084299964211027e+02
4.016545658571886861e+02
4.001152752997701327e+02
3.985893747049610738e+02
3.970756382075398960e+02
3.955724721486479893e+02
3.940790853290727682e+02
3.925938883843637655e+02
3.911162920643809571e+02
3.896216365522266756e+02
3.881551666886192038e+02
3.866975915193149262e+02
3.852474906002595958e+02
3.838039480134741552e+02
3.823648232623243644e+02
3.809279852244695803e+02
3.794909570028880808e+02
3.780507681753728662e+02
3.766047779171457250e+02
3.751498487123278096e+02
3.736832196864261277e+02
3.722024086473413718e+02
3.707052205153447630e+02
3.691900355240600220e+02
3.676557124674450847e+02
3.661015451957956088e+02
3.645276449419518485e+02
3.629345593860079475e+02
3.613234034981398963e+02
3.596957837447531574e+02
3.580536217906409888e+02
3.563992851701984250e+02
3.547354319798104143e+02
3.530520217454645149e+02
3.513814356737856315e+02
3.497101535948414721e+02
3.480412991255739144e+02
3.463781114744988940e+02
3.447236727924508273e+02
3.430809461205735147e+02
3.414530944283166605e+02
3.398426543368223065e+02
3.382527016093116572e+02
3.366856522213924450e+02
3.351439835651125350e+02
3.336303587299690889e+02
3.321464843881622642e+02
3.306950939559148992e+02
3.292776219766155350e+02
3.278961995978437471e+02
3.265525690921435853e+02
3.252478198928876623e+02
3.239840408872540820e+02
3.227616594696307288e+02
3.215824274866275232e+02
3.204468915186886306e+02
3.193556972861024406e+02
3.183013618682370520e+02
3.173043194891026815e+02
3.163524957903477457e+02
3.154452061600774186e+02
3.145827443347194503e+02
3.137647953600506412e+02
3.129903410593049671e+02
3.122594297768006300e+02
3.115702046032959061e+02
3.109223121269983494e+02
3.103139347530222381e+02
3.097436698037893166e+02
3.092101381285830257e+02
3.087109852724626649e+02
3.082449651068880030e+02
3.078094701550787704e+02
3.074028664905517303e+02
3.070228442845664745e+02
3.066671872858750589e+02
3.063340339417942459e+02
3.060208981499359311e+02
3.057261030452914952e+02
3.054473638778127338e+02
3.051829593041252906e+02
3.049312871713628397e+02
3.046949918139991382e+02
3.044676258003761404e+02
3.042476354264947531e+02
3.040338986217315664e+02
3.038251585858051840e+02
3.036204692595313190e+02
3.034189477260448484e+02
3.032198214500328390e+02
3.030224866605303760e+02
3.028264203363792149e+02
3.026312728278752502e+02
3.024367534929874637e+02
3.022427355490170839e+02
3.020491494451624135e+02
3.018560971635711780e+02
3.016636992010044764e+02
3.014722917292355646e+02
3.012822477055185573e+02
3.010941502358792832e+02
3.009086644717446006e+02
3.007266738884374035e+02
3.005493154335406985e+02
3.003779157836611375e+02
3.002098153710200563e+02
3.000525682865757631e+02
2.999080792614349775e+02
2.997795570398369591e+02
2.996715822804091545e+02
2.995896910783197882e+02
2.995407449961597308e+02
2.995343264124775828e+02
2.995808315844234357e+02
2.996957979100803868e+02
2.998958533721609570e+02
3.002033816919028482e+02
3.006452325533089720e+02
3.012501664792179099e+02
3.020572065493360583e+02
3.031004581196892786e+02
3.044231630946371752e+02
3.060614381155448882e+02
3.080423211527083822e+02
3.103883987636172037e+02
3.130885989568500918e+02
3.161191673261562869e+02
3.194212519618023407e+02
3.229069617623844124e+02
3.264543049331536508e+02
3.299822038960203372e+02
3.333466460464542251e+02
3.364553059667748016e+02
3.392301821339414687e+02
3.416265194465341324e+02
3.436320414398529692e+02
3.452436839612240647e+02
3.464923655289305202e+02
3.474042317156617514e+02
3.480178946140215999e+02
3.483713519199841926e+02
3.484955052150930896e+02
3.484247157856924559e+02
3.481816263916223306e+02
3.477903888691063798e+02
3.472679421915274816e+02
3.466295901888136655e+02
3.458887150055983852e+02
3.450550997851964325e+02
3.441394655332771890e+02
3.431493412417508466e+02
3.420932133529076395e+02
3.409783813150086758e+02
3.398232471471729923e+02
3.385941755732167735e+02
3.373315964134118303e+02
3.360418128758089438e+02
3.347308688192979957e+02
3.334042397711382932e+02
3.320677296342148566e+02
3.307265991433933436e+02
3.293859047438929792e+02
3.280510958101710344e+02
3.267266658530261907e+02
3.254178663812168111e+02
3.241293980472294152e+02
3.228657671506023803e+02
3.216322761733851507e+02
3.204328531566013680e+02
3.192730035118299838e+02
3.181568900649282341e+02
3.170893129070432792e+02
3.160753212703303348e+02
3.151186769599818831e+02
3.142249924856723169e+02
3.133975621847168895e+02
3.126412659359390886e+02
3.119648154387085697e+02
3.113600350745014680e+02
3.108406181155996251e+02
3.104087230589353794e+02
3.100686134052848502e+02
3.098220223462261060e+02
3.096711534519523070e+02
3.096172073671048111e+02
3.096592701909145831e+02
3.097960050601114972e+02
3.100227662532499835e+02
3.103331715773661017e+02
3.107183548880024091e+02
3.111664961944036918e+02
3.116650076171159753e+02
3.122003579303145102e+02
3.127578239274661769e+02
3.133263144425796440e+02
3.138921278936391559e+02
3.144473044339260923e+02
3.149833596895633150e+02
3.154933539444488133e+02
3.159747105790629575e+02
3.164218016916674969e+02
3.168081068449380382e+02
3.172365182485702917e+02
3.176360128067366304e+02
3.180061593025806133e+02
3.183442835520980339e+02
3.186511562937494659e+02
3.189249848552014441e+02
3.191660881920397514e+02
3.193745500868420777e+02
3.195499606824063221e+02
3.196937769740923727e+02
3.198059804348613966e+02
3.198880926488033083e+02
3.199410849525725098e+02
3.199661639094648535e+02
3.199650436946031391e+02
3.199389787290492109e+02
3.198897306689924562e+02
3.198189342596423330e+02
3.197282169377824061e+02
3.196193500906862255e+02
3.194939726641097764e+02
3.193536666228530407e+02
3.192002788889682279e+02
3.190038351787518422e+02
3.188926462929957211e+02
3.187728056341058505e+02
3.186447432747038420e+02
3.185094557129069130e+02
3.183670991819748224e+02
3.182183917925356127e+02
3.180637115976422251e+02
3.179031856773162303e+02
3.177373635299028933e+02
3.175660452074425280e+02
3.173895655781031451e+02
3.172078458601286570e+02
3.170207433391766472e+02
3.168284272927759844e+02
3.166304703157181848e+02
3.164270365123604734e+02
3.162177403474764787e+02
3.160024916796027128e+02
3.157811958579168277e+02
3.155535486596551777e+02
3.153195898423110748e+02
3.150789838233130808e+02
3.148318270134629415e+02
3.145489974174338954e+02
3.142765262160434077e+02
3.139949114816433280e+02
3.137043419076925375e+02
3.134054716291931868e+02
3.130985215265246211e+02
3.127842521878599200e+02
3.124632915606834445e+02
3.121364182527716480e+02
3.118047370847082789e+02
3.114693282401723309e+02
3.111317959164895228e+02
3.107939345872608783e+02
3.104579846781442711e+02
3.101267376507701101e+02
3.098036037440903669e+02
3.094926267914259483e+02
3.091989454492028244e+02
3.089283108507565885e+02
3.086879375097375942e+02
3.084861360131544075e+02
3.083321893695994618e+02
3.082378990214269834e+02
3.082145184576248198e+02
3.082689967446414130e+02
3.084404803017685026e+02
3.087289753147802571e+02
3.091513363802518484e+02
3.097229859405075558e+02
3.104623161718091637e+02
3.113804961926768442e+02
3.124937145320062655e+02
3.138080153331423503e+02
3.153324178095874686e+02
3.170673216582478062e+02
3.190095541828943624e+02
3.211539201970065278e+02
3.234854707489436692e+02
3.259958757387855144e+02
3.286637364399796297e+02
3.314829343815734433e+02
3.344375479696972207e+02
3.375334783365682370e+02
3.407754570683732140e+02
3.441787364255571333e+02
3.477442362882720772e+02
3.514228527503470332e+02
3.551156581693346652e+02
3.586814696544400931e+02
3.622703751594823416e+02
3.655991867816932768e+02
3.686779718880259225e+02
3.715475669476299458e+02
3.742480692802128033e+02
3.767972298999761733e+02
3.791954098236859068e+02
3.814275308457537221e+02
3.834576569787490712e+02
3.852630046966160080e+02
3.868113681416718350e+02
3.880884503071692393e+02
3.890928806954918286e+02
3.898200325114927978e+02
3.902910912312541427e+02
3.905154576382757341e+02
3.905142461008371697e+02
3.903105221756437118e+02
3.899211635603774084e+02
3.893726337961752506e+02
3.886865087046971325e+02
3.878842465945867843e+02
3.869928183691536105e+02
3.860368568138049454e+02
3.851085482614139437e+02
3.841649886802844094e+02
3.832257761584236846e+02
3.823147810318071720e+02
3.814515906957240077e+02
3.806623289053281951e+02
3.799778105879326517e+02
3.794353141437729278e+02
3.790832959173124550e+02
3.789700720713429405e+02
3.791470377068598054e+02
3.796646765452380237e+02
3.805955716887867197e+02
3.820973426451291175e+02
3.844030967685379778e+02
3.878756145329512037e+02
3.928838656775477034e+02
3.996863700688573999e+02
4.083137968245447382e+02
4.183521848568031487e+02
4.290480996986956370e+02
4.394815336666663370e+02
4.487198652775757637e+02
4.561525403516396295e+02
4.615300012453469094e+02
4.648210172063459709e+02
4.663829599382157198e+02
4.666411559180495487e+02
4.659643069620060487e+02
4.646804701804214801e+02
4.629951304668995249e+02
4.610677924275107671e+02
4.589972075142862877e+02
4.568471197727678259e+02
4.546630226124710816e+02
4.524704158360342490e+02
4.502886672992212311e+02
4.481297729174199276e+02
4.460010518480694941e+02
4.439088004534455081e+02
4.418561040192863061e+02
4.398457188096980985e+02
4.378797392526739714e+02
4.359589331281437694e+02
4.340847979755838537e+02
4.322576921137907675e+02
4.304781108323829812e+02
4.287336744217734008e+02
4.270682128911436735e+02
4.254533754726276129e+02
4.238883530427716551e+02
4.223727509818095882e+02
4.209060950728191983e+02
4.194870787423182605e+02
4.181152589157771899e+02
4.167889836850593497e+02
4.155072593787199935e+02
4.142685703816470095e+02
4.130711567523370036e+02
4.119135584510434569e+02
4.107936255022861474e+02
4.097096144385922116e+02
4.086593660591683488e+02
4.076406622558777144e+02
4.066513086117280409e+02
4.056886320931442924e+02
4.047501187193191754e+02
4.038328317951530835e+02
4.029335801847382754e+02
4.020491552482838529e+02
4.011755042571623449e+02
4.002681104069607159e+02
3.994454764080342670e+02
3.986133507983636832e+02
3.977673705251880847e+02
3.969018520344179137e+02
3.960131405333718249e+02
3.950961457941232879e+02
3.941470903388512284e+02
3.931632233684896391e+02
3.921403594262991419e+02
3.910781073919591790e+02
3.899734620008814545e+02
3.888268740182558076e+02
3.876383892817670471e+02
3.864080038497647820e+02
3.851387286463738064e+02
3.838309667686660873e+02
3.824887974896654441e+02
3.811144373893176294e+02
3.797111745169764845e+02
3.782830954505482737e+02
3.768328127004867838e+02
3.753650392949880938e+02
3.738825970462772261e+02
3.723419213025711088e+02
3.708299381682847979e+02
3.693115002484825027e+02
3.677909323780257296e+02
3.662723736642877270e+02
3.647634263752507877e+02
3.632780848612784439e+02
3.618572711430060167e+02
3.606271197568609637e+02
3.599484366768898553e+02
3.609983320472531432e+02
3.659241691468205886e+02
3.762407442793623886e+02
3.886481535835215482e+02
4.028549982971126155e+02
4.190655429213633738e+02
4.322139025250989448e+02
4.416694641980932943e+02
4.510287038053570541e+02
4.684602376015006371e+02
4.962574752492163270e+02
5.298879885592613164e+02
5.639581893497448846e+02
5.913147568636951519e+02
6.139917820580370744e+02
6.396070955357644152e+02
6.678635370562220714e+02
6.848752809763795995e+02
6.926851633255610068e+02
7.015870487792697077e+02
7.127575248208519270e+02
7.207209140704194397e+02
7.254049674076146630e+02
7.287694333513004494e+02
7.314923876865676675e+02
7.337243751545588566e+02
7.354988794784637776e+02
7.368369451104750851e+02
7.377473400342928471e+02
7.382241792654751862e+02
7.382724713711806999e+02
7.378685474383437395e+02
7.370140712900882818e+02
7.356877735622357477e+02
7.339061761836986761e+02
7.316866796621303592e+02
7.290823954784405032e+02
7.261571392158140270e+02
7.229682637507531808e+02
7.196537646567330739e+02
7.163026804137181216e+02
7.130370421874661133e+02
7.099799600863573232e+02
7.072833787726990522e+02
7.050723933798515191e+02
7.034860867764542718e+02
7.025794799975442402e+02
7.023555924172236473e+02
7.026906530363381762e+02
7.033617979707794348e+02
7.040553776918366111e+02
7.044539741328834452e+02
7.042607953641887661e+02
7.033029106656408658e+02
7.015032295408179834e+02
6.988978087597137119e+02
6.955995847833563630e+02
6.917530779072532141e+02
6.875292394433956815e+02
6.830864270569529708e+02
6.785868449682286609e+02
6.741792092082389445e+02
6.700470856519198151e+02
6.663854202212627342e+02
6.633172884859520764e+02
6.610219861061797246e+02
6.596830740686397121e+02
6.594894713453002169e+02
6.605442759437605673e+02
6.628759016076513717e+02
6.662247362179391530e+02
6.701490389032328494e+02
6.739803559672380970e+02
6.770996587748804814e+02
6.789868784882755790e+02
6.794281093481428115e+02
6.783966612235160483e+02
6.761035294113482905e+02
6.728100695581259743e+02
6.688252954517394073e+02
6.644356454343646874e+02
6.599026928675220915e+02
6.554890317639775503e+02
6.514838891245191235e+02
6.482556336890160082e+02
6.462987505514645363e+02
6.463582556661817762e+02
6.492282536620476776e+02
6.554834467189313045e+02
6.649392899732688420e+02
6.763091253274001247e+02
6.872808702823418798e+02
6.956592308872990316e+02
7.002356863782333676e+02
7.011828099689736291e+02
6.992109647770473657e+02
6.952452894418923961e+02
6.900249808111240100e+02
6.813641075110217571e+02
6.749587500865994798e+02
6.685596445862510109e+02
6.623655844836915776e+02
6.565723115114195707e+02
6.513739994648146876e+02
6.469866792031895102e+02
6.436581554180911553e+02
6.416019438511003727e+02
6.410464201989552748e+02
6.420180985151282584e+02
6.442483676224399005e+02
6.471777024331701114e+02
6.500794543684485234e+02
6.520059210900681137e+02
6.524245732790917600e+02
6.510533356102995413e+02
6.479296575623618537e+02
6.433289502202721906e+02
6.375637822332948872e+02
6.309875957108798730e+02
6.238861709664463433e+02
6.164715032233639249e+02
6.089111329559972319e+02
6.013089828876713909e+02
5.937401874422972696e+02
5.862548221560430193e+02
5.788816197879625634e+02
5.716424143091451242e+02
5.645485931339721901e+02
5.576055549370482822e+02
5.508188522402836043e+02
5.441862945988661977e+02
5.377094308188236482e+02
5.313851565536034514e+02
5.252107043492187586e+02
5.192010111422032423e+02
5.133199308761253405e+02
5.075814064596902995e+02
5.019801448276302267e+02
4.965139261390555134e+02
4.911797789680164783e+02
4.859733844878434184e+02
4.808939577790278008e+02
4.759365534670921534e+02
4.711005399167965493e+02
4.663825384010838775e+02
4.617801808200686651e+02
4.572925170251566556e+02
4.529157127877106745e+02
4.486499218647134057e+02
4.444917663521680993e+02
4.404403096868709895e+02
4.364941833839232572e+02
4.326505920596695773e+02
4.289097012908833335e+02
4.252681728750983439e+02
4.217258528947745049e+02
4.182807037087887920e+02
4.149307719203854958e+02
4.116779838697935929e+02
4.084844540667988895e+02
4.053858045603133178e+02
4.023790762345759049e+02
3.994628979765640793e+02
3.966359899977222199e+02
3.938955104630648520e+02
3.912415672317215467e+02
3.886714129414169747e+02
3.861854018717467056e+02
3.837827693143961483e+02
3.814638210064425152e+02
3.792309583982765844e+02
3.770859518944806723e+02
3.750354642432194510e+02
3.730860808630363294e+02
3.712516596858083062e+02
3.695495359865322484e+02
3.680085633216555721e+02
3.666703165843621264e+02
3.655935789782474785e+02
3.648722559233004858e+02
3.646173193961638503e+02
3.650011631944714168e+02
3.661651511005439943e+02
3.686226325850560102e+02
3.721277755733151480e+02
3.767050012779736221e+02
3.823637338725213795e+02
3.891387693551987468e+02
3.970239996140790026e+02
4.061745086880857230e+02
4.166047323010752734e+02
4.283302836672430658e+02
4.411278920636823955e+02
4.545064195276699479e+02
4.677378023082647474e+02
4.799778455464195872e+02
4.904894919967679243e+02
4.990374667813596830e+02
5.056877151533759047e+02
5.107170605439511633e+02
5.144896181427311603e+02
5.173138418651384427e+02
5.194975313524887497e+02
5.212959379212167050e+02
5.229626792697939663e+02
5.246898705830700465e+02
5.266314863151454801e+02
5.286507532176394761e+02
5.307375920562450347e+02
5.325917095415626363e+02
5.338873064456784050e+02
5.343523963820614426e+02
5.339321308487362785e+02
5.326456093897163555e+02
5.306314708036707088e+02
5.280671769337650403e+02
5.251189402281630692e+02
5.220065055137840773e+02
5.189434271443216176e+02
5.162472873566413227e+02
5.143176253833348710e+02
5.135668760572838210e+02
5.141957216090203246e+02
5.157793318124945472e+02
5.175851379557149130e+02
5.192033503150395291e+02
5.205306027255821846e+02
5.215952371235144938e+02
5.223472626173538629e+02
5.226685664059909868e+02
5.225009693623735529e+02
5.220028233543019951e+02
5.210597367858744065e+02
5.197383415811506211e+02
5.180496815422903865e+02
5.160239015940784384e+02
5.136905688539472976e+02
5.110671437810084399e+02
5.082061255535117539e+02
5.051399293897868006e+02
5.019072127581093810e+02
4.985489488262763871e+02
4.950908193832308939e+02
4.915669511769926316e+02
4.880012275994333777e+02
4.844133719071494966e+02
4.808250030288266998e+02
4.772481730236392536e+02
4.736970116318945543e+02
4.701818684416123233e+02
4.667086603741688009e+02
4.632853006950132908e+02
4.599141472551448260e+02
4.565982994023946731e+02
4.533035609407718312e+02
4.501324802063217589e+02
4.470176341076287940e+02
4.439556625725446111e+02
4.409443777465467633e+02
4.379817781598499664e+02
4.350637883000833881e+02
4.321892553096128040e+02
4.293543451918367850e+02
4.265571490594798547e+02
4.237956489670065139e+02
4.210670919315888909e+02
4.183707807588828018e+02
4.157042894087246623e+02
4.130670202244824054e+02
4.104578712960378084e+02
4.078759623775446812e+02
4.053213133550019620e+02
4.027931210332347973e+02
4.002917875203481231e+02
3.978170541584168518e+02
3.953694268249016659e+02
3.929491840149713084e+02
3.905567590500577921e+02
3.881615329510331094e+02
3.858351823020775555e+02
3.835352814245173363e+02
3.812622289877639332e+02
3.790173554988306250e+02
3.768013808813166179e+02
3.746150439452956107e+02
3.724597189466807095e+02
3.703355407415586455e+02
3.682440612880985782e+02
3.661855116236474146e+02
3.641607943478769016e+02
3.621708729712158288e+02
3.602157424455529622e+02
3.582968295738507436e+02
3.564138986107789719e+02
3.545679265860594569e+02
3.527592898219264725e+02
3.509879740502295817e+02
3.492550184253278758e+02
3.475598320073440277e+02
3.459033560733452646e+02
3.442853484820910808e+02
3.427058751514525170e+02
3.411379986607549881e+02
3.396335039983748629e+02
3.381677211159374110e+02
3.367398947387447379e+02
3.353502601027959145e+02
3.339986957370841196e+02
3.326844137247728668e+02
3.314078716312356505e+02
3.301677854797409850e+02
3.289643816931254037e+02
3.277967743733406678e+02
3.266642862583679516e+02
3.255667452515984905e+02
3.245027363958278670e+02
3.234722976441498759e+02
3.224740556979937764e+02
3.215075187222372506e+02
3.205719272833109130e+02
3.196660349563520640e+02
3.187895981957236131e+02
3.179410836041327570e+02
3.171201997673085771e+02
3.163257619470330155e+02
3.155569417351657648e+02
3.148008420859677017e+02
3.140947629067862295e+02
3.134114101987091772e+02
3.127495104230445691e+02
3.121086689822431026e+02
3.114880771212465334e+02
3.108869297841246748e+02
3.103049504417449498e+02
3.097411312167442361e+02
3.091954031945168140e+02
3.086669827212142536e+02
3.081555792526261826e+02
3.076609344058206261e+02
3.071825152119224072e+02
3.067204854562771743e+02
3.062743856025093123e+02
3.058444010577789527e+02
3.054305206107635513e+02
3.050327538059344761e+02
3.046515898801117146e+02
3.042870565186152589e+02
3.039398335654807966e+02
3.036103390888125659e+02
3.032991050332534542e+02
3.030038276118532394e+02
3.027533495350160706e+02
3.025217937037231195e+02
3.023097454444558707e+02
3.021180416270495925e+02
3.019476282105766245e+02
3.017988181889260773e+02
3.016726718732180643e+02
3.015691484956964246e+02
3.014888541596541813e+02
3.014316522007475214e+02
3.013971850395226397e+02
3.013852106468465308e+02
3.013943341592091656e+02
3.014238574342213610e+02
3.014716355540221002e+02
3.015361141308623019e+02
3.016147278453599370e+02
3.017048656278421390e+02
3.018037633021793908e+02
3.019079910478529882e+02
3.020146969262932544e+02
3.021200777850133363e+02
3.022213497467477055e+02
3.023161587189157444e+02
3.024066359979057665e+02
3.024832553452077377e+02
3.025438302791895353e+02
3.025867950009433116e+02
3.026105844598658905e+02
3.026150970073432518e+02
3.025997226044987087e+02
3.025655331351015889e+02
3.025132067061163639e+02
3.024445809210521361e+02
3.023617024262174482e+02
3.022669353713143892e+02
3.021634063875979450e+02
3.020539950770701125e+02
3.019424691215755274e+02
3.018320573011822603e+02
3.017268631998485375e+02
3.016303331661735569e+02
3.015466679966921788e+02
3.014793833270625214e+02
3.014323451436561641e+02
3.014092956748711458e+02
3.014132501401462605e+02
3.014592424594883937e+02
3.015479067404461944e+02
3.016739566332224172e+02
3.018386800186953565e+02
3.020440244310939306e+02
3.022911039506729480e+02
3.025798721536583002e+02
3.029110630594960867e+02
3.032829434881213615e+02
3.036951600714627943e+02
3.041450694295783137e+02
3.046304573560535118e+02
3.051481668107238647e+02
3.056942699815932656e+02
3.062650405114348473e+02
3.068554099904001191e+02
3.074610904576265966e+02
3.080764755906941446e+02
3.086968158806091083e+02
3.093164616936030598e+02
3.099306967035171283e+02
3.105344593131068791e+02
3.111231373255217250e+02
3.116927578814714366e+02
3.122446955440889269e+02
3.127694383369503157e+02
3.132641853918117931e+02
3.137273086541245561e+02
3.141566984853761824e+02
3.145510366487062583e+02
3.149097595870474606e+02
3.152318094846963845e+02
3.155177688840120140e+02
3.157671428345618097e+02
3.159808709939665050e+02
3.161595305967834975e+02
3.163038868736805398e+02
3.164154329007120054e+02
3.164948181898772077e+02
3.165438461094215086e+02
3.165634636441915859e+02
3.165551965163984960e+02
3.165205762335117470e+02
3.164606675941619187e+02
3.163772749206162871e+02
3.162713146956115793e+02
3.161444020176040794e+02
3.159977243435145624e+02
3.158342738024248320e+02
3.156633187877597493e+02
3.154769901873371509e+02
3.152766816040988260e+02
3.150632648855897173e+02
3.148378073930794585e+02
3.146013506941100104e+02
3.143546533318832417e+02
3.140987938657099789e+02
3.138344750214806709e+02
3.135626021428732884e+02
3.132839155371776201e+02
3.129991370955568186e+02
3.127090574074530309e+02
3.124143143540018173e+02
3.121156091261045731e+02
3.118135245471120811e+02
3.115086779168852900e+02
3.112015969245754832e+02
3.108928175310222741e+02
3.105827937726861023e+02
3.102719944751384560e+02
3.099608171479314365e+02
3.096496015656144891e+02
3.093492864469112646e+02
3.090573614305660044e+02
3.087665280469673235e+02
3.084770986297868376e+02
3.081896182337573009e+02
3.079047464957727698e+02
3.076233345283237099e+02
3.073466958390646937e+02
3.070763667793593186e+02
3.068147346124034129e+02
3.065646124571045448e+02
3.063300831291514896e+02
3.061161746271540665e+02
3.059292882637064395e+02
3.057779589181308211e+02
3.056718081022784759e+02
3.056241958948936031e+02
3.056494989517139516e+02
3.057657399363934019e+02
3.059937423756855424e+02
3.063550576881502820e+02
3.068763515265744104e+02
3.075815707869906532e+02
3.084972109583196698e+02
3.096357879494001395e+02
3.112503499728339307e+02
3.131178399951867277e+02
3.152336024983550260e+02
3.175892287488557599e+02
3.201699597646872917e+02
3.229461277849337648e+02
3.258950862928746233e+02
3.289788232473597986e+02
3.321720056459040507e+02
3.354510823079059492e+02
3.388046971390612612e+02
3.422405802520627276e+02
3.457838937553748906e+02
3.494898562920689642e+02
3.534250186068254607e+02
3.576833469271647914e+02
3.623209608449478765e+02
3.673681216918481027e+02
3.727810939326673179e+02
3.784689824442131112e+02
3.843136027890154196e+02
3.902169653513393541e+02
3.960170629973287646e+02
4.014793685484220873e+02
4.066245759579102241e+02
4.110607124231498233e+02
4.146274194466936933e+02
4.172171817167582049e+02
4.187984738539190062e+02
4.194482943313084320e+02
4.192567497200916478e+02
4.183726876537181170e+02
4.169349473144426383e+02
4.150690915015267706e+02
4.128961610527561561e+02
4.105023378449405413e+02
4.079736511051065690e+02
4.053940132670234675e+02
4.028971767526974759e+02
4.008438470638813556e+02
4.002121620775297401e+02
4.033254035056284010e+02
4.128470452151452719e+02
4.257423907682493791e+02
4.377386342765675522e+02
4.513406417909556581e+02
4.684698424745354828e+02
4.916106165004960644e+02
5.205453800064664165e+02
5.500839160921111670e+02
5.771915350381840426e+02
5.986455385584754367e+02
6.136570304735477066e+02
6.213811128777070962e+02
6.225170798818011235e+02
6.200232786155643225e+02
6.159904251047840944e+02
6.112603236781163787e+02
6.061917100025552827e+02
6.009190462950316487e+02
5.955272697618289612e+02
5.900877636056558231e+02
5.846441249427522280e+02
5.792444086978024416e+02
5.739166746325786335e+02
5.686826208607943727e+02
5.635597911140309861e+02
5.585537159117765214e+02
5.536720167636584620e+02
5.489143354181296672e+02
5.442792056901258775e+02
5.398456594538569107e+02
5.355776392189362696e+02
5.314184566436878185e+02
5.273602749670017147e+02
5.233971348821621632e+02
5.195231120968726373e+02
5.157310643410017974e+02
5.120168794133938945e+02
5.083742142785289388e+02
5.047996601481027596e+02
5.012891339651556564e+02
4.978393667097415687e+02
4.944486849806128816e+02
4.911143405576621603e+02
4.878361652910339217e+02
4.846126939924776025e+02
4.814440906304438386e+02
4.783306167472107404e+02
4.752721543111523488e+02
4.722703120762466824e+02
4.693249721638669030e+02
4.664380410281183913e+02
4.636101789511415632e+02
4.608425137248698320e+02
4.581833398655668361e+02
4.556402701525739189e+02
4.531572746439633761e+02
4.507344147214076315e+02
4.483731966397988344e+02
4.460745149829003822e+02
4.438384408428067900e+02
4.416667108274618840e+02
4.395585362564043521e+02
4.375153227323471583e+02
4.355367001559818050e+02
4.336225723655703632e+02
4.317735133880694320e+02
4.299880415180720661e+02
4.282668925463833602e+02
4.266083923504579616e+02
4.250121121240275102e+02
4.234771227577631976e+02
4.220014166128945590e+02
4.205845581286837955e+02
4.192237824952837286e+02
4.179180593247570528e+02
4.166649923056987177e+02
4.154621695706054538e+02
4.143201190238204390e+02
4.132568476721988304e+02
4.122326723076387225e+02
4.112442215418238334e+02
4.102889633543406376e+02
4.093640548394928942e+02
4.084660678484700611e+02
4.075925090140454472e+02
4.067396332627208153e+02
4.059047609163321795e+02
4.050843990643649590e+02
4.042754676399481468e+02
4.034748670527022227e+02
4.026792977636506521e+02
4.018859436917189782e+02
4.010915413590834646e+02
4.002934791076104375e+02
3.994887021967102214e+02
3.986748022441205421e+02
3.978491369268343760e+02
3.970093921346472712e+02
3.961535654384367149e+02
3.952793375990656841e+02
3.943854612575943861e+02
3.934707846988829942e+02
3.925232502993233652e+02
3.915494697953589593e+02
3.905489478329889153e+02
3.895216091065150295e+02
3.884668581636027511e+02
3.873854696070970363e+02
3.862771527650028247e+02
3.851428988247874372e+02
3.839831895417240162e+02
3.827987620781063356e+02
3.815909786908420074e+02
3.803604007079483722e+02
3.791087622459045861e+02
3.778368561808096047e+02
3.765462138819403322e+02
3.752382217907971835e+02
3.739139491562424951e+02
3.725751986159161788e+02
3.712228438508097952e+02
3.698586297721367373e+02
3.684836613025830729e+02
3.670992288382830111e+02
3.657068105117260188e+02
3.643041834778253474e+02
3.628967545984196477e+02
3.614843113570724427e+02
3.600680765273944530e+02
3.586491239587371638e+02
3.572283430774048725e+02
3.558068720517838415e+02
3.543855850112752819e+02
3.529654625108038317e+02
3.515474254456204903e+02
3.501323824611230293e+02
3.487212372110681713e+02
3.473149819881874123e+02
3.459144812982841017e+02
3.445208071423234060e+02
3.431349541372408112e+02
3.417579684535067486e+02
3.403911608161948266e+02
3.390356345926430777e+02
3.376929722674312870e+02
3.363645466705454510e+02
3.350521158354500812e+02
3.337576599856500366e+02
3.324830983645594529e+02
3.312274914447224887e+02
3.299799059381011261e+02
3.287616651337815483e+02
3.275757679944879328e+02
3.264259545109995315e+02
3.253166446652907666e+02
3.242520369854768774e+02
3.232383018314701530e+02
3.222808143047537328e+02
3.213874048625175419e+02
3.205660554825240069e+02
3.198260352227787848e+02
3.191794692102851059e+02
3.186382129024060532e+02
3.182199523983528593e+02
3.179428731572009497e+02
3.178328177754680155e+02
3.179218617201321990e+02
3.182521547443544705e+02
3.188886459289595336e+02
3.199189292840032408e+02
3.214972537348422179e+02
3.238470212517786990e+02
3.273616091171189737e+02
3.325802085591944888e+02
3.402924796748164340e+02
3.512841098917944578e+02
3.656956572894210353e+02
3.827182616543931317e+02
4.011511011596664957e+02
4.203339173493957333e+02
4.413192539746641501e+02
4.654722409812058004e+02
4.924816019158249105e+02
5.185090260066684777e+02
5.394968208506890051e+02
5.537802328356073076e+02
5.620853495637553578e+02
5.656203382152779113e+02
5.657994101006381698e+02
5.637820096492544053e+02
5.603767087628524450e+02
5.561499132035398816e+02
5.514548154660047885e+02
5.465463761774550449e+02
5.415882781426345218e+02
5.367142727292978179e+02
5.320166965642980585e+02
5.276649072544676073e+02
5.236132864295950640e+02
5.199909927748534528e+02
5.168692984830067871e+02
5.143134710754980006e+02
5.123941789343556366e+02
5.111349126937363394e+02
5.105585890517373286e+02
5.106158761045045935e+02
5.112367965455798640e+02
5.123166514861738960e+02
5.137790064103412533e+02
5.156062082698884979e+02
5.179001538786595802e+02
5.207602614835537906e+02
5.241285789158825992e+02
5.279097439548988859e+02
5.327836784438410405e+02
5.399353818040085571e+02
5.457994797116607515e+02
5.515354125598100836e+02
5.563501415684204403e+02
5.597957728320105844e+02
5.616954873857769144e+02
5.621895790908232584e+02
5.616043635316767677e+02
5.599698543937580553e+02
5.574933129116253667e+02
5.543137784851870720e+02
5.505677721339435493e+02
5.463863540670949988e+02
5.418635669796353795e+02
5.371011782697066792e+02
5.321700933375567502e+02
5.271288671790942999e+02
5.220269721716783806e+02
5.168972502989272471e+02
5.117684466925610991e+02
5.066618587033785843e+02
5.015913783402753552e+02
4.965707837917304914e+02
4.916076797196835173e+02
4.867091416562749941e+02
4.818815639563069340e+02
4.771272179207825843e+02
4.724517323356811289e+02
4.678565775453146216e+02
4.633454744212894525e+02
4.589051391384178373e+02
4.545212451282284860e+02
4.502383682359606496e+02
4.460598525503286282e+02
4.419949486903867069e+02
4.380533780711666623e+02
4.342452608688132614e+02
4.305914456147397118e+02
4.271059347274428433e+02
4.238184854824452827e+02
4.207565352886301753e+02
4.179525236224998821e+02
4.154519593026941493e+02
4.132835996089997934e+02
4.114986654273733961e+02
4.101226271837567765e+02
4.091908963988865935e+02
4.087386137611214849e+02
4.088007769216888505e+02
4.094453925160010499e+02
4.107606102356734254e+02
4.128744676954261195e+02
4.159028640096521485e+02
4.199271265837466558e+02
4.248295553946892369e+02
4.302877505054469225e+02
4.359974622577196897e+02
4.414630750209424264e+02
4.462352722094622095e+02
4.500051570044417417e+02
4.526423641154270285e+02
4.541794232553844495e+02
4.547640354495022166e+02
4.545650913394069335e+02
4.537886631697069220e+02
4.525850867478880559e+02
4.510860624329308735e+02
4.493840767437718000e+02
4.475435905288923664e+02
4.456138116659371917e+02
4.436250369263231050e+02
4.416012112388915511e+02
4.395572590965167024e+02
4.375047417321661669e+02
4.354513181203436147e+02
4.334027831156975026e+02
4.313633391049517058e+02
4.293357181028862897e+02
4.273003175829531415e+02
4.252665923750261641e+02
4.232469553583048310e+02
4.212417719495759911e+02
4.192515231303876249e+02
4.172765690360203621e+02
4.153161362271387702e+02
4.133704532147803548e+02
4.114381691142071418e+02
4.095186122077713549e+02
4.076108462325018422e+02
4.057132829494145767e+02
4.038251039597307113e+02
4.019447854831858535e+02
4.000710185517018544e+02
3.982031318231003070e+02
3.963394745089779008e+02
3.944800582626256755e+02
3.926241418585578913e+02
3.907719737106839375e+02
3.889246407143549504e+02
3.870841979353516535e+02
3.852554784764057558e+02
3.834483280271689978e+02
3.817020401188447067e+02
3.800498154538694280e+02
3.785821423994991051e+02
3.774819376632132162e+02
3.771748817517840280e+02
3.783320226188549782e+02
3.819067094574344310e+02
3.885233022123775868e+02
3.979929697080064557e+02
4.101627268200262506e+02
4.247493695976052663e+02
4.404058783287300116e+02
4.561036718187679071e+02
4.711492451228216964e+02
4.841562103811946827e+02
4.940888033875286851e+02
5.012641358622040570e+02
5.074654107578903108e+02
5.138175664261394786e+02
5.202346970854116535e+02
5.257122475138903610e+02
5.297846015791042191e+02
5.328706566550429216e+02
5.359525447126478639e+02
5.400888804062482222e+02
5.454860008632921335e+02
5.508539362838182569e+02
5.544869761158262236e+02
5.559448140702970704e+02
5.556744651620477953e+02
5.543939851717213969e+02
5.525315605366273530e+02
5.503256094096639117e+02
5.478931088989290856e+02
5.452996158775893036e+02
5.425891293146288490e+02
5.397883174786534255e+02
5.369263817468834077e+02
5.340132101926255928e+02
5.310657675539434877e+02
5.280817229499684800e+02
5.250650631232670094e+02
5.220093962734723618e+02
5.189100604160084913e+02
5.157650487660854424e+02
5.125663291355557476e+02
5.093203375983761134e+02
5.060204662218822023e+02
5.025886773390761846e+02
4.992283947436119433e+02
4.958599983377177978e+02
4.924950765622734821e+02
4.891402211729607643e+02
4.858072144346214714e+02
4.824971022433765597e+02
4.792184568987320858e+02
4.759718000818411952e+02
4.727616865860651387e+02
4.695909822034043373e+02
4.664609356193865324e+02
4.633763500720831985e+02
4.603367762300377990e+02
4.573465534121805263e+02
4.544055753947633320e+02
4.515157991028433457e+02
4.486784014696424947e+02
4.458929123398218621e+02
4.431612159590151805e+02
4.404817564522139151e+02
4.378557799966358743e+02
4.352823270514560932e+02
4.327608154953088047e+02
4.302314642491110135e+02
4.279003248289770340e+02
4.256141569000117215e+02
4.233711847760319529e+02
4.211721749773220154e+02
4.190164971698984573e+02
4.169035310757354864e+02
4.148340944891318145e+02
4.128066029434365305e+02
4.108222381644547454e+02
4.088797575874838230e+02
4.069794010523310135e+02
4.051211065043862618e+02
4.033037136559662486e+02
4.015280611441107794e+02
3.997923539457812012e+02
3.980969554587592825e+02
3.964405833526676020e+02
3.948220939347777403e+02
3.932410828971790693e+02
3.916950508876612389e+02
3.901836682778455838e+02
3.887041791594791675e+02
3.872552189643089946e+02
3.857844778749221177e+02
3.844247532618316541e+02
3.830850934497434537e+02
3.817632195137923645e+02
3.804588729376912397e+02
3.791702721066383788e+02
3.778964425350154102e+02
3.766366619170746617e+02
3.753893214355547343e+02
3.741543842419154089e+02
3.729303695646493111e+02
3.717171060855875453e+02
3.705139206996557277e+02
3.693200978829054861e+02
3.681356589021492027e+02
3.669595841424250580e+02
3.657920685985946534e+02
3.646322298838311440e+02
3.634797736886565076e+02
3.623342300729493104e+02
3.611947286993285502e+02
3.600610467611062404e+02
3.589319954253036826e+02
3.578071721250244650e+02
3.566652592834939810e+02
3.555671830464325467e+02
3.544697277726243669e+02
3.533724507486508060e+02
3.522756152291614171e+02
3.511788367604858081e+02
3.500823461050994752e+02
3.489861347976380443e+02
3.478902963617260866e+02
3.467952788231609134e+02
3.457011187664797944e+02
3.446084742515173502e+02
3.435176694772482051e+02
3.424292074466061422e+02
3.413438792288981176e+02
3.402620109917835407e+02
3.391846456955049121e+02
3.381122449481006811e+02
3.370457401719850168e+02
3.359860541271637544e+02
3.349339298643560028e+02
3.338907726458942875e+02
3.328574712107824212e+02
3.318357345859255361e+02
3.308322303496814811e+02
3.298671700906505180e+02
3.289176156819085577e+02
3.279862570488979259e+02
3.270772128400554948e+02
3.261943729564393948e+02
3.253427932177754087e+02
3.245284582693238349e+02
3.237573286457591735e+02
3.230379878338951585e+02
3.223778565429608989e+02
3.217871551257433111e+02
3.212759458329220479e+02
3.208545673985372559e+02
3.205355925052804764e+02
3.203277124498549142e+02
3.202427038196470335e+02
3.202865907191956012e+02
3.204638014233068475e+02
3.207759054059150685e+02
3.212157777028306214e+02
3.217764591694042338e+02
3.224413619900017238e+02
3.231912635165957681e+02
3.239819960577000870e+02
3.248849704195102390e+02
3.258016532324194827e+02
3.267110861422379458e+02
3.275931697516634244e+02
3.284361800631735377e+02
3.292291503667121333e+02
3.299672899094712193e+02
3.306513354316213622e+02
3.312826608638156358e+02
3.318708355455839865e+02
3.324265500576684644e+02
3.329656755681664890e+02
3.335087261715104887e+02
3.340784690130065542e+02
3.347021235513570332e+02
3.354099206273314735e+02
3.362331283904883321e+02
3.372046918502265953e+02
3.383654224391710841e+02
3.397527278321574613e+02
3.414227833836341119e+02
3.434255266949948577e+02
3.458099724875004313e+02
3.485662522573952629e+02
3.518715968805095144e+02
3.555310142254512584e+02
3.594139692102528443e+02
3.633626270754891721e+02
3.671970742941435333e+02
3.707547334904284071e+02
3.738985347715505441e+02
3.765591437378337218e+02
3.786880888661650602e+02
3.802958165831768156e+02
3.814120075452755714e+02
3.820711353438430251e+02
3.823336527713503301e+02
3.822388113281861024e+02
3.818401238050653888e+02
3.811787548769086698e+02
3.802915297244953763e+02
3.792157099106379405e+02
3.779777213361929284e+02
3.766066028905295866e+02
3.751244304699064287e+02
3.735519492597986755e+02
3.719076730885745405e+02
3.701673404510704017e+02
3.684058022664563055e+02
3.666182395417798148e+02
3.648131181848389701e+02
3.629972416443281986e+02
3.611764960918807787e+02
3.593559285289720151e+02
3.575397912125390576e+02
3.557316922071432828e+02
3.539348428918912646e+02
3.521519880381252392e+02
3.503854146673136825e+02
3.486374146604291582e+02
3.469095063077206760e+02
3.452037728144852622e+02
3.435213643407445261e+02
3.418638249213327072e+02
3.402324768827098751e+02
3.386282348543593912e+02
3.370526711937426967e+02
3.355062902943359404e+02
3.339904970144941103e+02
3.325060116189455357e+02
3.310536395272819163e+02
3.296263672015417683e+02
3.282486795207743171e+02
3.269045877566464355e+02
3.255944142859643193e+02
3.243191761327526592e+02
3.230797677363491403e+02
3.218765996169445884e+02
3.207112051643433119e+02
3.195838897840683899e+02
3.184963759365038527e+02
3.174497982774633442e+02
3.164457846564210399e+02
3.154869316662663437e+02
3.145752096538624869e+02
3.137149158092747712e+02
3.129095628450353388e+02
3.121652731881337672e+02
3.114887023142402995e+02
3.108880361218390931e+02
3.103749485070879359e+02
3.099606688103328338e+02
3.096630065230588116e+02
3.094988243073786975e+02
3.094907857824767348e+02
3.096556194156928541e+02
3.100917923940994001e+02
3.107753486742678888e+02
3.117279799933559730e+02
3.129778130390018305e+02
3.145452662580202059e+02
3.164380606380959762e+02
3.186670356900955881e+02
3.212164530160635536e+02
3.240693207248777981e+02
3.272033013104170891e+02
3.305798492650409912e+02
3.341823607858204923e+02
3.379847535616601135e+02
3.419528043969314695e+02
3.460500157493337952e+02
3.501543616508072887e+02
3.541164626481596542e+02
3.577406901085721529e+02
3.608581993220758477e+02
3.633718493592253367e+02
3.652665851964438843e+02
3.665630709437290875e+02
3.673420980278456227e+02
3.677252906034642024e+02
3.678661058983859107e+02
3.676900406729427573e+02
3.672534979378722255e+02
3.666140663588729467e+02
3.658125239863844627e+02
3.648955162294114416e+02
3.638972724974002517e+02
3.628510847146169453e+02
3.617884411164236553e+02
3.607350863535510825e+02
3.597205856834293058e+02
3.587691964491667136e+02
3.579072113361683591e+02
3.571586824527489625e+02
3.565423738179553084e+02
3.560767808275774087e+02
3.557697394507817421e+02
3.556249605410978347e+02
3.556428475251979648e+02
3.558149160797525496e+02
3.561396729647198640e+02
3.566114302012504140e+02
3.572247707646013737e+02
3.579726985876742447e+02
3.590059810136797864e+02
3.601463159389774660e+02
3.613817610604581887e+02
3.626978756235036485e+02
3.640856943829568877e+02
3.655255366169579929e+02
3.670118224229345287e+02
3.685408669808987838e+02
3.701124043824377736e+02
3.717454924259242830e+02
3.734477370563265595e+02
3.752359034365000525e+02
3.771094394549792810e+02
3.790449390646193137e+02
3.810013911409142793e+02
3.828990348208017735e+02
3.846466022627192842e+02
3.861496703086554589e+02
3.873194400299028075e+02
3.881035473449525739e+02
3.884782901825286103e+02
3.884414415027846985e+02
3.880304533707240466e+02
3.873209178204753016e+02
3.862844219986925509e+02
3.850027230352559400e+02
3.835236427076750942e+02
3.818948497732125134e+02
3.801524555814746122e+02
3.783389434018774296e+02
3.764876691788248309e+02
3.746387439269562947e+02
3.728394239053134811e+02
3.711539914064884442e+02
3.696902855528483087e+02
3.686148148003080678e+02
3.682094532212730655e+02
3.689004428894264151e+02
3.711997601816752876e+02
3.756096189631131210e+02
3.821287438270330767e+02
3.902808620593845035e+02
3.992590414052706365e+02
4.083794327409939342e+02
4.171998208507675372e+02
4.254188314771265027e+02
4.327018429517806339e+02
4.389781490660421355e+02
4.443984067341654054e+02
4.489085928162298842e+02
4.526974546974906843e+02
4.558911636449719254e+02
4.585431552259426553e+02
4.607033245205754497e+02
4.623942181420879365e+02
4.636846933121547067e+02
4.646389464912796825e+02
4.653410906383330712e+02
4.658657147110960750e+02
4.662830763406860228e+02
4.666475700613870572e+02
4.669869943892136916e+02
4.673166924980583872e+02
4.676125243856695874e+02
4.678421714757974428e+02
4.679515981576041099e+02
4.678849563327402734e+02
4.675975866776842054e+02
4.670643520389734817e+02
4.662721873819722873e+02
4.652486909051988277e+02
4.640542271759288724e+02
4.627147362698475490e+02
4.612581559063847862e+02
4.597300903602703670e+02
4.581784784532022172e+02
4.566341584739691370e+02
4.551290307259050678e+02
4.536841944890884974e+02
4.523135422427473600e+02
4.510283748749647543e+02
4.498318405834484111e+02
4.487242617705970815e+02
4.477027470796747366e+02
4.467592496916688560e+02
4.458854444552988525e+02
4.450693796303863792e+02
4.442977703680031709e+02
4.435573012672689970e+02
4.428327178089065228e+02
4.421100387061049446e+02
4.413755064958295407e+02
4.406157235659124467e+02
4.398197186946187571e+02
4.389770538988344697e+02
4.380921274183535843e+02
4.371431273769526911e+02
4.361221746983791832e+02
4.350266300276150560e+02
4.338544560422931227e+02
4.326050819434751133e+02
4.312798380649219325e+02
4.298794340095912503e+02
4.284072165332614759e+02
4.268654287287399711e+02
4.252577797644336215e+02
4.235881759034120364e+02
4.218601067942482246e+02
4.200784437253125247e+02
4.182467395615063879e+02
4.163697563845577747e+02
4.144516259566905205e+02
4.124965448743433853e+02
4.105090926365784298e+02
4.084929619620725703e+02
4.064525864734392258e+02
4.043916173219410553e+02
4.023138751468727037e+02
4.002230843264478608e+02
3.981192794268783928e+02
3.959793576841091749e+02
3.938374760497902685e+02
3.916966013974887346e+02
3.895595626954185491e+02
3.874287681132352077e+02
3.853065897087009830e+02
3.831952217398453513e+02
3.810964128218667497e+02
3.790121769601694268e+02
3.769438872469002035e+02
3.748930916829759212e+02
3.728611583996191712e+02
3.708490261323396453e+02
3.688580846149178001e+02
3.668889395980996255e+02
3.649426881220600762e+02
3.630200033745942960e+02
3.611214524369841570e+02
3.592479195392507449e+02
3.573995542317526883e+02
3.555772518706285155e+02
3.537811422702362734e+02
3.520117536257832853e+02
3.502691354713110172e+02
3.485453204176815234e+02
3.468497649554356030e+02
3.451822948744855921e+02
3.435435023280006135e+02
3.419334763801389272e+02
3.403522903255536676e+02
3.388005233543531176e+02
3.372778560009577404e+02
3.357850223568355545e+02
3.343218733760467671e+02
3.328887306556484873e+02
3.314860853099226006e+02
3.301138363500214723e+02
3.287729708319324118e+02
3.274635572321859627e+02
3.261865034260774223e+02
3.249427611612264855e+02
3.237330362993803305e+02
3.225593086354879802e+02
3.214226808775047743e+02
3.203258822882237951e+02
3.192715087444150868e+02
3.182629811193122009e+02
3.173075798807094543e+02
3.164184767487566319e+02
3.155948808394400089e+02
3.148482879588952414e+02
3.142007795986316410e+02
3.136936595809518167e+02
3.134246757538261932e+02
3.144831760011430788e+02
3.189495284440304204e+02
3.344605834995234659e+02
3.753074322562719090e+02
4.491186670956398643e+02
5.405689773498457953e+02
6.130143504916501342e+02
6.482777578729092056e+02
6.615109041448517928e+02
6.651672422676514316e+02
6.644561967318704774e+02
6.619746211318505402e+02
6.587706742245241003e+02
6.551507180795877048e+02
6.512072854771682842e+02
6.469867355467113157e+02
6.425030567357488280e+02
6.377385165626274102e+02
6.328995864154865103e+02
6.278646769013616904e+02
6.226622151972230768e+02
6.173098973461728747e+02
6.118367977735011891e+02
6.062624161929539923e+02
6.006097644386184129e+02
5.948983953703167344e+02
5.891454924962062023e+02
5.833674603310729481e+02
5.775777183138443434e+02
5.717898166959411128e+02
5.660140120646227615e+02
5.602623700200589383e+02
5.545425869518697937e+02
5.488651846613221323e+02
5.432375404167250963e+02
5.376674629026607590e+02
5.321638717377420562e+02
5.267325939403738175e+02
5.213833524860464195e+02
5.161221715240525327e+02
5.109535350351105762e+02
5.058541533055945933e+02
5.010079957224520513e+02
4.963862171492295943e+02
4.921112280410255266e+02
4.883373024268988161e+02
4.852943680607672832e+02
4.831268604050558224e+02
4.817838086405121203e+02
4.809161080642755906e+02
4.800679238556853079e+02
4.789677772916537037e+02
4.775088898927632499e+02
4.755350715765688392e+02
4.728630393574176765e+02
4.694908052238203027e+02
4.655554907735018446e+02
4.613036654951050082e+02
4.569047312241139593e+02
4.524965191530087623e+02
4.481598377238485682e+02
4.439432537234486063e+02
4.398815252892640046e+02
4.359980390667626011e+02
4.323056163044539062e+02
4.289558498159328792e+02
4.258399309279179761e+02
4.229142028872385595e+02
4.201651479172818426e+02
4.175702287433784363e+02
4.151058838201009848e+02
4.127398783203133803e+02
4.104476305402627077e+02
4.082026247640504266e+02
4.059896264952620868e+02
4.037927369505705428e+02
4.016093340711140058e+02
3.994362497019013176e+02
3.972799499954880389e+02
3.951521025806583225e+02
3.930658049360583846e+02
3.910439186875412929e+02
3.891071179391906867e+02
3.872823769848296251e+02
3.856006689135444390e+02
3.840862069702501458e+02
3.827736994532635890e+02
3.816841803485980336e+02
3.808419410590690291e+02
3.803372815131863831e+02
3.800712176499450834e+02
3.800484234847912148e+02
3.802352967035394045e+02
3.806039979499828405e+02
3.810970208382011037e+02
3.816669787249475121e+02
3.822431857754658040e+02
3.827665906209062427e+02
3.831707619880988318e+02
3.833992532563332816e+02
3.834057556213537055e+02
3.831570306034122382e+02
3.826428526693939602e+02
3.818563882447644460e+02
3.808193250362537015e+02
3.795465363397563578e+02
3.780713797295453560e+02
3.764225368328851573e+02
3.746290508770849215e+02
3.727226544303485980e+02
3.707252315761720638e+02
3.686626005052340815e+02
3.665522808158357293e+02
3.644059102329243274e+02
3.622709571994722637e+02
3.601286734107978873e+02
3.579892530913558062e+02
3.558600477217850084e+02
3.537481488133905714e+02
3.516586247896981945e+02
3.495967089708679509e+02
3.475659538935149726e+02
3.455705615201983960e+02
3.436144061778579726e+02
3.417037453607675843e+02
3.398522941118640119e+02
3.380956289636441738e+02
3.365375289816449254e+02
3.354504685467674676e+02
3.356389731716993765e+02
3.387335820229322394e+02
3.474499783260133086e+02
3.618696813701205315e+02
3.769925723914829518e+02
3.883690299411143201e+02
3.975108240249288656e+02
4.075948764219319287e+02
4.198611808272403323e+02
4.339889348291037550e+02
4.486455646772100181e+02
4.621617518661134341e+02
4.727656748039434547e+02
4.804607064696600105e+02
4.862232783209383342e+02
4.905511327065826777e+02
4.936079350892351272e+02
4.953692466048840970e+02
4.957987223236361274e+02
4.951035662513761508e+02
4.935573874592981269e+02
4.914851316024694370e+02
4.891327431333462528e+02
4.866396161566625551e+02
4.841019402198156740e+02
4.815633361067280589e+02
4.790513545499977681e+02
4.765822677909912386e+02
4.741629174434651190e+02
4.718005814835566980e+02
4.694970863777259069e+02
4.672547023673054696e+02
4.650537268991158726e+02
4.629792204658387504e+02
4.609646407949086324e+02
4.590079888725113619e+02
4.571093542358561876e+02
4.552675497127131621e+02
4.534810531487685239e+02
4.517497735430344505e+02
4.500712675010699968e+02
4.484455130433859722e+02
4.468705207641357333e+02
4.453452511972250250e+02
4.438688702582410315e+02
4.424392959718410339e+02
4.410563672113692633e+02
4.397179288690065846e+02
4.384234400567799526e+02
4.371715712219237275e+02
4.359608457260309251e+02
4.347908261210006913e+02
4.336595386028170651e+02
4.325666910036598551e+02
4.315106977018286898e+02
4.304906446879419377e+02
4.294887882697267969e+02
4.285566807300322694e+02
4.276561649572092847e+02
4.267857897987293541e+02
4.259452297784488337e+02
4.251336196536861962e+02
4.243499911702867280e+02
4.235941336213876980e+02
4.228647292824900887e+02
4.221616814554038797e+02
4.214839664768900320e+02
4.208310400241462048e+02
4.202024830603193095e+02
4.195972946001580794e+02
4.190154075329218131e+02
4.184558283472197218e+02
4.179183206580988212e+02
4.174023241728884841e+02
4.169071795434965679e+02
4.164327798593573107e+02
4.159782787729469078e+02
4.155436552441653930e+02
4.151283101933611306e+02
4.147319258460674973e+02
4.143424326861087366e+02
4.139981156814710630e+02
4.136712699434638694e+02
4.133613661497454359e+02
4.130684206616358551e+02
4.127922118455884402e+02
4.125323755983387173e+02
4.122889774818862065e+02
4.120614091562042063e+02
4.118496855465465387e+02
4.116532760155753294e+02
4.114718121212380311e+02
4.113049761077051585e+02
4.111519952266614837e+02
4.110125913171053753e+02
4.108858684069473952e+02
4.107712557883126010e+02
4.106679772984765577e+02
4.105750586141859912e+02
4.104917989656072450e+02
4.104170028139563442e+02
4.103497732892283238e+02
4.102889364958755891e+02
4.102332188344437327e+02
4.101700599812376140e+02
4.101355935955987206e+02
4.101013841802420075e+02
4.100658713802053512e+02
4.100272666493905263e+02
4.099839033127367998e+02
4.099337560724191007e+02
4.098747934010362997e+02
4.098049990303785535e+02
4.097218911919680977e+02
4.096234319323156683e+02
4.095070433356065678e+02
4.093703527773851079e+02
4.092111312991207228e+02
4.090266036514953498e+02
4.088148582880363051e+02
4.085731370666354110e+02
4.082994271054327555e+02
4.079917081713880975e+02
4.076475841272389857e+02
4.072657789576156233e+02
4.068439650280579940e+02
4.063810105911156825e+02
4.058755319522332456e+02
4.053212356258055706e+02
4.047298346484330978e+02
4.040917182807112908e+02
4.034072898975452972e+02
4.026762357904057694e+02
4.018985581674851346e+02
4.010752275305725334e+02
4.002059767788058480e+02
3.992923284235233155e+02
3.983346076218647340e+02
3.973339715110392945e+02
3.962918293943258163e+02
3.952088544259672176e+02
3.940871216090653775e+02
3.929274567468761461e+02
3.917317417069487533e+02
3.905014985177809876e+02
3.892381130500161248e+02
3.879437548322621296e+02
3.866195989295482605e+02
3.852678404109890380e+02
3.838899973540421797e+02
3.824878304447908022e+02
3.810633188828988978e+02
3.796371149620200640e+02
3.781774914729109582e+02
3.767020919049798522e+02
3.752126970846442191e+02
3.737109692654029800e+02
3.721982746650679132e+02
3.706762983620165528e+02
3.691463001170621396e+02
3.676096503500432391e+02
3.660676656391864299e+02
3.645214417412369130e+02
3.629722492435670915e+02
3.614211718737440719e+02
3.598693615261747141e+02
3.583180587330746789e+02
3.567684088995765705e+02
3.552217574127139983e+02
3.536796215255498623e+02
3.521435861150922619e+02
3.506157567486537232e+02
3.490982421057402689e+02
3.475938745415423909e+02
3.461060170531359290e+02
3.446384366148161575e+02
3.432136669473170514e+02
3.418133610241907263e+02
3.404565768448042036e+02
3.391546081917329047e+02
3.379223029161782392e+02
3.367816317836953317e+02
3.357575951581032996e+02
3.348900691378257193e+02
3.342261878135477673e+02
3.338325192348062842e+02
3.337989352257017117e+02
3.342280296712536938e+02
3.352661420460455020e+02
3.370533371568728285e+02
3.397669504330292511e+02
3.435469004781895705e+02
3.485038121722704432e+02
3.546523853546436840e+02
3.618546407864887442e+02
3.698360428265322639e+02
3.781397967182204525e+02
3.862953401553685921e+02
3.938436015729164978e+02
4.004888104593714502e+02
4.060298548976761595e+02
4.105054786461572576e+02
4.139832208412109367e+02
4.168035961558796885e+02
4.198171618679158428e+02
4.249308940168937738e+02
4.350639310455279656e+02
4.500099333575201968e+02
4.655576222038044421e+02
4.764817887966175363e+02
4.843259944989622454e+02
4.958369976222477931e+02
5.183510148385961429e+02
5.509590986373621035e+02
5.815850999426152157e+02
6.008904061193650250e+02
6.102459990170768833e+02
6.138361448401168445e+02
6.140824817424634148e+02
6.121029874754664206e+02
6.083833941444488573e+02
6.033967309740291967e+02
5.976382354063928233e+02
5.915436265968515954e+02
5.850112123465389686e+02
5.784215607499025964e+02
5.719406426689574801e+02
5.655895674482873119e+02
5.593810134442450135e+02
5.533188909196583154e+02
5.474034908827653680e+02
5.416365516291597260e+02
5.360141988299214972e+02
5.305368742478287913e+02
5.252003923927750293e+02
5.200017861502836922e+02
5.149387083415947473e+02
5.100048262841614815e+02
5.051985927969108729e+02
5.005131780828009482e+02
4.959449295638889339e+02
4.914892923970058973e+02
4.871395216505703161e+02
4.828931386527268614e+02
4.787426406928294682e+02
4.746848911740858057e+02
4.707144887524591468e+02
4.668260283414487617e+02
4.630030317749243522e+02
4.592639654513685628e+02
4.555934082913191219e+02
4.519865028314736719e+02
4.484400873092823190e+02
4.449516579292553615e+02
4.415176138283954970e+02
4.381370321263560186e+02
4.348070365431590290e+02
4.315273473672106093e+02
4.282967704926257397e+02
4.251154983443747710e+02
4.219842864847148007e+02
4.189037822233696602e+02
4.158768422944563099e+02
4.129049797945897353e+02
4.099930107333593696e+02
4.071440541992159297e+02
4.043636711239835790e+02
4.016580263691990353e+02
3.990323394393385570e+02
3.964959542026683152e+02
3.940540012252911879e+02
3.917165527844297799e+02
3.894802740618948746e+02
3.873806154638891712e+02
3.854127527567291622e+02
3.835784905042455648e+02
3.818839590372432440e+02
3.803281976062774561e+02
3.789114697505717686e+02
3.776339419105821662e+02
3.764923236300558074e+02
3.754906144429430697e+02
3.746320643000967721e+02
3.739306835108200744e+02
3.734109203434870210e+02
3.731098713980299522e+02
3.730937837574055607e+02
3.734401772517690006e+02
3.742756858067012899e+02
3.757264337495607265e+02
3.779397439213466896e+02
3.810369887463239138e+02
3.850384385738779542e+02
3.898804991281361936e+02
3.953427509031444060e+02
4.011085366152602205e+02
4.067525901854886570e+02
4.122115469780959529e+02
4.171587646088461270e+02
4.215543980248077673e+02
4.253744434364598987e+02
4.286841420256935180e+02
4.315747175203624693e+02
4.341172043422239994e+02
4.364051430359151595e+02
4.384663854356924162e+02
4.402963449039707484e+02
4.418864600377295915e+02
4.432130709554887176e+02
4.442702912731593869e+02
4.450745391898828416e+02
4.456688817034784620e+02
4.461266495166223649e+02
4.465792115123906569e+02
4.471599999508679844e+02
4.480310115104616671e+02
4.493219943331922082e+02
4.510694335609479140e+02
4.532894923667210492e+02
4.558008496052478904e+02
4.584177497882311627e+02
4.607413127137745050e+02
4.622263502353682725e+02
4.627613984026903040e+02
4.624914331638340741e+02
4.615644917694491483e+02
4.601622877893968848e+02
4.584038646824670309e+02
4.563710319992567293e+02
4.541207221037101363e+02
4.516871212822370012e+02
4.491047673637787625e+02
4.463954132678172186e+02
4.435889621538758547e+02
4.407055270339499771e+02
4.377693128997859162e+02
4.348006735816186961e+02
4.318176154047732211e+02
4.288404327834315950e+02
4.258850519572688427e+02
4.229713229583118732e+02
4.201205238630208214e+02
4.173565296910743996e+02
4.147144535839396440e+02
4.122697082242002011e+02
4.101308762958745433e+02
4.083151714303681956e+02
4.069278448088875848e+02
4.061208965340100008e+02
4.060212717093566539e+02
4.067607463449367060e+02
4.084081970913299529e+02
4.109279313649590790e+02
4.142073426207979878e+02
4.180197218496476808e+02
4.220986813839919591e+02
4.262674596150212096e+02
4.304399584235222846e+02
4.346571762784827797e+02
4.390713199903252644e+02
4.437469050816176264e+02
4.487368780532526102e+02
4.539089171675925058e+02
4.590429035704003127e+02
4.638295603517654513e+02
4.679905555621059534e+02
4.713037243797073756e+02
4.737022712772526347e+02
4.752244215099456710e+02
4.759960391126691661e+02
4.759583379844514184e+02
4.752181766369700995e+02
4.738708401581400835e+02
4.720021440475710506e+02
4.697019084079672098e+02
4.670341696909964639e+02
4.640743712566876411e+02
4.608820467555294726e+02
4.575139291997741680e+02
4.540268516403000945e+02
4.504684428365888493e+02
4.468895056575876197e+02
4.433402794806983707e+02
4.398793688481108575e+02
4.365777898457105834e+02
4.335428505084101403e+02
4.309178497748198993e+02
4.289288993160683390e+02
4.278972306723649695e+02
4.282183755312244671e+02
4.303863459878776325e+02
4.347431655461691662e+02
4.416014497800977097e+02
4.506532486723314719e+02
4.615759433536114216e+02
4.736932215810696789e+02
4.864454543010591010e+02
4.988224968129553076e+02
5.096853511061943323e+02
5.179023816290230116e+02
5.231882683890128192e+02
5.258179544854197047e+02
5.265670174880073091e+02
5.260790110185056392e+02
5.248575282782046543e+02
5.232338333789080025e+02
5.213946007651798027e+02
5.194613545009782456e+02
5.174962881282976923e+02
5.155367275442256414e+02
5.136009364085899733e+02
5.116978378334043214e+02
5.098284500692748225e+02
5.079905997492734855e+02
5.061784618359369574e+02
5.043846348947739671e+02
5.025916381983041674e+02
5.008225829527160613e+02
4.990394559089885433e+02
4.972343188518501620e+02
4.953997985566635975e+02
4.935289907342405513e+02
4.916176784499863288e+02
4.896606801010873937e+02
4.876567467751617073e+02
4.856039152783875466e+02
4.835022997198526582e+02
4.813534251693237707e+02
4.791582141243529804e+02
4.769203965095973672e+02
4.746421589440169555e+02
4.723275573736069077e+02
4.699802315813199129e+02
4.676037368324229533e+02
4.652024234887505827e+02
4.627796111114794826e+02
4.603393327392568608e+02
4.578850366244042220e+02
4.554199965132686430e+02
4.529476093648023038e+02
4.504784541346111837e+02
4.480321079597318317e+02
4.455867990063082971e+02
4.431446852937352787e+02
4.407082628818244530e+02
4.382793197763504622e+02
4.358596416607616106e+02
4.334510882185894616e+02
4.310546479259626267e+02
4.286720052039112829e+02
4.263038951590354486e+02
4.239512857041895018e+02
4.216151713059946928e+02
4.192957445998022763e+02
4.169940241958108231e+02
4.147099939065795979e+02
4.124441040163754906e+02
4.101966887757391760e+02
4.079675245554922185e+02
4.057571713336417361e+02
4.035651500751881713e+02
4.013917540288958890e+02
3.992367925928949717e+02
3.971000557169395506e+02
3.949875487976510726e+02
3.928919166092952651e+02
3.908130392386057679e+02
3.887506844158170907e+02
3.867049499010905151e+02
3.846759431356153982e+02
3.826634732150632203e+02
3.806679685474683765e+02
3.786891703989691678e+02
3.767275512685568515e+02
3.747831117247919792e+02
3.728561020236874697e+02
3.709469665272063708e+02
3.690557348309837948e+02
3.671831130426121490e+02
3.653292040058292969e+02
3.634946653517020536e+02
3.616799355968705072e+02
3.598853713334010536e+02
3.581117659824250836e+02
3.563592970763244239e+02
3.546288821020070827e+02
3.529208185761290224e+02
3.512357062900418896e+02
3.495848686225746746e+02
3.479518261950248643e+02
3.463462502441369679e+02
3.447679280780356521e+02
3.432173509134389633e+02
3.416946576465684871e+02
3.401997767202249747e+02
3.387333500576671668e+02
3.372950068002814419e+02
3.358854740637946179e+02
3.345047261593579719e+02
3.331531022336420733e+02
3.318313325507120339e+02
3.305394901892611870e+02
3.292788812594022261e+02
3.280499613425844814e+02
3.268542337456950122e+02
3.256931813301264924e+02
3.245684470797778545e+02
3.234827970902009611e+02
3.224384500800763362e+02
3.214394992470818693e+02
3.204895326063220296e+02
3.195939504016392334e+02
3.187575729260381650e+02
3.179904905129313875e+02
3.172974397267747122e+02
3.166866859030153591e+02
3.161710264287637528e+02
3.157625047072548909e+02
3.154776460670927349e+02
3.153356644056726168e+02
3.153575732211930358e+02
3.155738753493657782e+02
3.160503267277102282e+02
3.174060609487358420e+02
3.187048249667788014e+02
3.204132433359486072e+02
3.226039715947725313e+02
3.253615580500222109e+02
3.288386101686425036e+02
3.332753131713150196e+02
3.392904590277768762e+02
3.478065743999603114e+02
3.591503797485554514e+02
3.713472528064840503e+02
3.828976198642977238e+02
3.939786006222407764e+02
4.049372898395205311e+02
4.169226834596340154e+02
4.295677169989446043e+02
4.432082148687794074e+02
4.577649116993575831e+02
4.725043135608815987e+02
4.861007804445675902e+02
4.973242791417746389e+02
5.057807806179989711e+02
5.116200519632189980e+02
5.153967086726543130e+02
5.177755713189058042e+02
5.193222057696756337e+02
5.206187111724012766e+02
5.219398896646466710e+02
5.231616415409540650e+02
5.239994142570476470e+02
5.245587374191521803e+02
5.250572297422327210e+02
5.255223261340416911e+02
5.257781299800310535e+02
5.256699021013686206e+02
5.252469827645232954e+02
5.247233492824843779e+02
5.244089730305119019e+02
5.260185148747439143e+02
5.307824415376771867e+02
5.417437068264767959e+02
5.613932179612754680e+02
5.849445315743776064e+02
6.043474210816360710e+02
6.158098948502566827e+02
6.213221393633159551e+02
6.241923749484755035e+02
6.283025387765454752e+02
6.377259725463538871e+02
6.540751246032460813e+02
6.727190210402104640e+02
6.911396549774068490e+02
7.068444212679157772e+02
7.200914897539537378e+02
7.313939272559999836e+02
7.381108219683221705e+02
7.393037108744549641e+02
7.368019217804901473e+02
7.323296080524814897e+02
7.268560300698196670e+02
7.207331172005127655e+02
7.140120431574563327e+02
7.069900596588697681e+02
6.995453864147058312e+02
6.916418667778852978e+02
6.833900255678868234e+02
6.749010834754410553e+02
6.662731299548306652e+02
6.575869506813361340e+02
6.489062240122402727e+02
6.402824139991910215e+02
6.317531979084002387e+02
6.233466761736564195e+02
6.150867653953735044e+02
6.069851286664736563e+02
5.990569639087152609e+02
5.913066039278646713e+02
5.837408520684086852e+02
5.763636219600438153e+02
5.691743533228965362e+02
5.621781772518637581e+02
5.553719895384253959e+02
5.487605600918752771e+02
5.423450986685138560e+02
5.361296038548980505e+02
5.300671359444514792e+02
5.241203882845470616e+02
5.184263811834937314e+02
5.130121147884200354e+02
5.079257741714788494e+02
5.032387970083973983e+02
4.990321422312078425e+02
4.954412693986479326e+02
4.925843438333623681e+02
4.906133589522555098e+02
4.896298825088093167e+02
4.896528749032959240e+02
4.905935051069312749e+02
4.922294370818927973e+02
4.942781509742873709e+02
4.964803025412285251e+02
4.986871550887869944e+02
5.007653581265307707e+02
5.026450534413310152e+02
5.041444610562500657e+02
5.050643156449760909e+02
5.052129711285724056e+02
5.045204970313533863e+02
5.030165674199413957e+02
5.007836163371951557e+02
4.981289614750819510e+02
4.951499652907967288e+02
4.919977899836032407e+02
4.887753343809312696e+02
4.855643016982871814e+02
4.824139001097374262e+02
4.793586358816349957e+02
4.764123855599374338e+02
4.735830439309668236e+02
4.708698439961976305e+02
4.682646410558006096e+02
4.657641005282021638e+02
4.633559724753026217e+02
4.610357231734024595e+02
4.587991318708214408e+02
4.566451319509102404e+02
4.545842690172098060e+02
4.526334425990438035e+02
4.508263467593936298e+02
4.492153790862430469e+02
4.478841774314765303e+02
4.469391906792954501e+02
4.465434284907933034e+02
4.467693348344211586e+02
4.480746040611470562e+02
4.505161621217476409e+02
4.542066396361593661e+02
4.592047387276322752e+02
4.655579775963568636e+02
4.731764835401474443e+02
4.819267204398618674e+02
4.913176191289589383e+02
5.006247054319669019e+02
5.090674973656464317e+02
5.160445313905839839e+02
5.212477873250364837e+02
5.247174966457373557e+02
5.266368561270073769e+02
5.273197205644902397e+02
5.270795258454912755e+02
5.261663609385337850e+02
5.248060447404742490e+02
5.231395216844781544e+02
5.212821712043327125e+02
5.193085587995009291e+02
5.172734204041931889e+02
5.152176319634750143e+02
5.131739206139259295e+02
5.112177946554722325e+02
5.093217001648937980e+02
5.075057150067432872e+02
5.057891209784932016e+02
5.041904459964800367e+02
5.027231546855832107e+02
5.014031719553520929e+02
5.002377814392662572e+02
4.992355424737795033e+02
4.983976018384130384e+02
4.977225493683959030e+02
4.972075369320247091e+02
4.968436355060794085e+02
4.966282911587085209e+02
4.965499583648137332e+02
4.966078572596130698e+02
4.967904783037863581e+02
4.970917129786960231e+02
4.974989565282317585e+02
4.979924541200335284e+02
4.985520662717519258e+02
4.991474501463283104e+02
4.997514497469755383e+02
5.003635872753122271e+02
5.009700665923621727e+02
5.015174570008513797e+02
5.020079561182872112e+02
5.024507774463161240e+02
5.028717251207052072e+02
5.033022777418269129e+02
5.037864681044052872e+02
5.043742816607201576e+02
5.051280546892772918e+02
5.061208761055356149e+02
5.074409786400358371e+02
5.092052505121342278e+02
5.115435919258766830e+02
5.146404694055026994e+02
5.186789652841814586e+02
5.238620791814354334e+02
5.303395106725213282e+02
5.381012239240554891e+02
5.469383555906352967e+02
5.563340965126907349e+02
5.655383131087573929e+02
5.737535049259407742e+02
5.803449896099799616e+02
5.850106066970727170e+02
5.877093181062670055e+02
5.886657212886691468e+02
5.882240236902455308e+02
5.867090691924124712e+02
5.843984402313636792e+02
5.815252813608080942e+02
5.782525488511828371e+02
5.747123033210914400e+02
5.709942035359966894e+02
5.671676357897898697e+02
5.632817797781958689e+02
5.593729299634308063e+02
5.554672663977191860e+02
5.515839229488699402e+02
5.477365797135247476e+02
5.439345318248693957e+02
5.401849718612598963e+02
5.364911651122642979e+02
5.328565057817792194e+02
5.292812072321898995e+02
5.257656640882155443e+02
5.223092115852780353e+02
5.189097886262217116e+02
5.155859837810896806e+02
5.123019291428061024e+02
5.090704628703646222e+02
5.058884171999680461e+02
5.027527637282919954e+02
4.996611199260437388e+02
4.966098748291586276e+02
4.935970537787525245e+02
4.906194256826540823e+02
4.876747377704691075e+02
4.847607751092681951e+02
4.818749203551997198e+02
4.790157494329933456e+02
4.761808621644615300e+02
4.733689696870740704e+02
4.705784784391905191e+02
4.678078684247267915e+02
4.650563690579962781e+02
4.623225109780604498e+02
4.596058008013269500e+02
4.569052286673666572e+02
4.542202506645984954e+02
4.515504865252221407e+02
4.488953182988386743e+02
4.462780742652356594e+02
4.436571407852183029e+02
4.410510878508335395e+02
4.384597731644196301e+02
4.358831695765698555e+02
4.333214694381581467e+02
4.307744416510391829e+02
4.282425445288664037e+02
4.257255149190160637e+02
4.232237444339872923e+02
4.207372715648867256e+02
4.182660881950087628e+02
4.158106624951909680e+02
4.133706845982044342e+02
4.109466999326664904e+02
4.085385330974304452e+02
4.061463340495622560e+02
4.037703918020943661e+02
4.014104034408996426e+02
3.990668806041842345e+02
3.967394126184119045e+02
3.944283171965843735e+02
3.921335068086507363e+02
3.898548281478545618e+02
3.876261521244865662e+02
3.853892777873346063e+02
3.831701724933924993e+02
3.809685773136349667e+02
3.787847288467863791e+02
3.766188709951258033e+02
3.744708789023232498e+02
3.723414784845512031e+02
3.702304989069683643e+02
3.681387981795551241e+02
3.660667093503702745e+02
3.640149113395278846e+02
3.619845307351859560e+02
3.599761542203845579e+02
3.579915539430283502e+02
3.560317100525378464e+02
3.540987647034546626e+02
3.521947325318236039e+02
3.503221192805464739e+02
3.484847067325592320e+02
3.466864634162018888e+02
3.449352270136860170e+02
3.432409716700269655e+02
3.416240485117334060e+02
3.401375366346268834e+02
3.388865604652326056e+02
3.379852873899348538e+02
3.376379736309888244e+02
3.381830049516274812e+02
3.399486806732534205e+02
3.432239849780352188e+02
3.478662941998870224e+02
3.532462782375330335e+02
3.585840295590915616e+02
3.636031232250987841e+02
3.685029192912420513e+02
3.737178597250828034e+02
3.794515785887051607e+02
3.857910385719920328e+02
3.926825926102532662e+02
3.999304523864286693e+02
4.072428910411702532e+02
4.141972329254870715e+02
4.205572668453384608e+02
4.264534889352411255e+02
4.321862354767791885e+02
4.382665492105830367e+02
4.454604424248809664e+02
4.547940723752131476e+02
4.680478883535698174e+02
4.855800214729789559e+02
5.060031015679201687e+02
5.268502475512593719e+02
5.460453843138795946e+02
5.635548232065011689e+02
5.811541932443540190e+02
5.996871625331917812e+02
6.170945454772579524e+02
6.304672735115544810e+02
6.390891605522491545e+02
6.440099640757711086e+02
6.467797037567336247e+02
6.483096638260135478e+02
6.490538232019891893e+02
6.492193080175217119e+02
6.489071923910372561e+02
6.482167064210467515e+02
6.472537049412005672e+02
6.461435180452914437e+02
6.450339586062666513e+02
6.441091122390416785e+02
6.435653399078252050e+02
6.436568080614754308e+02
6.445167871293598409e+02
6.464314609286196855e+02
6.494599281741657251e+02
6.535379565586483750e+02
6.584888960834171030e+02
6.641919758174061599e+02
6.705869588147437526e+02
6.776003917317842706e+02
6.851023206372542518e+02
6.926083123826297197e+02
6.994863475514007405e+02
7.049530630005976946e+02
7.084890053811946018e+02
7.098305874665676356e+02
7.091407563645681194e+02
7.066579654445337155e+02
7.027612552281092348e+02
6.977707482479003147e+02
6.919526974583986885e+02
6.855416054956556309e+02
6.786933622162989650e+02
6.715443078368965644e+02
6.641895873219360737e+02
6.566903108565135199e+02
6.491406685574518178e+02
6.415644751902008238e+02
6.339940899321999268e+02
6.264551495568447308e+02
6.189671259942920187e+02
6.115449780400643931e+02
6.042027464145655813e+02
5.969480931748721559e+02
5.897911809275277619e+02
5.827368110508044765e+02
5.757901528311214179e+02
5.689563106918918720e+02
5.622361715178351460e+02
5.556347393703155149e+02
5.491516320342080917e+02
5.427897351419286451e+02
5.365503008399475675e+02
5.304335344840808375e+02
5.244431928351669967e+02
5.185792116754989820e+02
5.128476288241897691e+02
5.072525094784969042e+02
5.018033596291583649e+02
4.965026328015350714e+02
4.913285492314708449e+02
4.863698454037782994e+02
4.816620693509860871e+02
4.772694868451226853e+02
4.732612865495269148e+02
4.697330029247526682e+02
4.667963281671135292e+02
4.645407581467455884e+02
4.630626036243124304e+02
4.623533107557196900e+02
4.623425395518833625e+02
4.628502516214221600e+02
4.636240252764778234e+02
4.644007462585744861e+02
4.649844075927703670e+02
4.652171031067862828e+02
4.650707032079433816e+02
4.645334332462774682e+02
4.636354296927270866e+02
4.624274579387247286e+02
4.609367810677741204e+02
4.592051551855221874e+02
4.572640990595353969e+02
4.550441857784199442e+02
4.526844768815662405e+02
4.502221349303048896e+02
4.476932963179975218e+02
4.451395376817480951e+02
4.425880065333826678e+02
4.400714527911844698e+02
4.376124506025773258e+02
4.352269500220949681e+02
4.329321175196840841e+02
4.307326576053662848e+02
4.286369442863224322e+02
4.266473759224776359e+02
4.247632098901521545e+02
4.229884093456278151e+02
4.213208612204149404e+02
4.197662565786076243e+02
4.183310592692219529e+02
4.170295784394976977e+02
4.158904415989023846e+02
4.149568912373355261e+02
4.143065783141245788e+02
4.140398413269192588e+02
4.143127588935869312e+02
4.152536417622205249e+02
4.172247298285849979e+02
4.201133542290002083e+02
4.238296619743128986e+02
4.282174662673105558e+02
4.330543573906301731e+02
4.379946593745829659e+02
4.426836645685204985e+02
4.467906688118341094e+02
4.501112783153516830e+02
4.526384644496249052e+02
4.544215146948197344e+02
4.555662423082935675e+02
4.562105501068244848e+02
4.564490946983844992e+02
4.564025675812218310e+02
4.561178432697849416e+02
4.556242923855400022e+02
4.549226571877915148e+02
4.539946348891601815e+02
4.528327560638597902e+02
4.514338306664559468e+02
4.497939635484643190e+02
4.479341023070604706e+02
4.457660415943995531e+02
4.434917685977162023e+02
4.410919513356524249e+02
4.385907612532178064e+02
4.360226879190415730e+02
4.334085818178518821e+02
4.307721140394318127e+02
4.281321587716954582e+02
4.255009885042675251e+02
4.228927529480069438e+02
4.203143875446926359e+02
4.177732918173013559e+02
4.152748104755190184e+02
4.128213650687928862e+02
4.104168668143785226e+02
4.080622009701019124e+02
4.057594060712362420e+02
4.035100624335314592e+02
4.013151974833732538e+02
3.991773831096490426e+02
3.970980679626514984e+02
3.950808855327010178e+02
3.931287651564517205e+02
3.912464681472421262e+02
3.894274076224449459e+02
3.878621219345794202e+02
3.863702549701242219e+02
3.849601119120821977e+02
3.836492848192788756e+02
3.824631714164853520e+02
3.814578002799780734e+02
3.807532137913063366e+02
3.805959765417617859e+02
3.815632053012109850e+02
3.846584167213941896e+02
3.916512508314916658e+02
4.042439799967791032e+02
4.223866910501069469e+02
4.430411985172592040e+02
4.626379703334109195e+02
4.796740173977405561e+02
4.943672470273116346e+02
5.056949163234322668e+02
5.129252304423781652e+02
5.163824403311817832e+02
5.168625288815659360e+02
5.150622876263801118e+02
5.117611606250949308e+02
5.074858071510432751e+02
5.027874142346700523e+02
4.978483603301328912e+02
4.928245616442908954e+02
4.878080047626932014e+02
4.828431122908932025e+02
4.779569462554477468e+02
4.731645396664862915e+02
4.684711961842658070e+02
4.638829171463814873e+02
4.594002712086715974e+02
4.550242231225075784e+02
4.507560892280578742e+02
4.465939600279793922e+02
4.425401016971599120e+02
4.385929025125644216e+02
4.347540692044330513e+02
4.310251489406481937e+02
4.274073110273283191e+02
4.239066901714227811e+02
4.205271579128984740e+02
4.172800759715601657e+02
4.141786240751735022e+02
4.112413697555497265e+02
4.085037221279411597e+02
4.060555351908187163e+02
4.039358038750630726e+02
4.022393671013314815e+02
4.010934709871899031e+02
4.006735837956545083e+02
4.011265455686138921e+02
4.026317762882700890e+02
4.052116998363571270e+02
4.087629869285599966e+02
4.129648631680792050e+02
4.173444626866822773e+02
4.213948773617779011e+02
4.247547726312801046e+02
4.272147410415783497e+02
4.287517821031398171e+02
4.294642191247297092e+02
4.294613040022153996e+02
4.289091752085499252e+02
4.279174373719269511e+02
4.266084978312896396e+02
4.250643426057959005e+02
4.233567757124621949e+02
4.215403274898497443e+02
4.196983530812855747e+02
4.176863968308661015e+02
4.156528233864763706e+02
4.136130362862804759e+02
4.115722615248624834e+02
4.095357035985937273e+02
4.075043796358372674e+02
4.054788147141048285e+02
4.034604001104765416e+02
4.014477672971893867e+02
3.994443388691279324e+02
3.974495145848067068e+02
3.954663398271149504e+02
3.934960315726187332e+02
3.915397816563787501e+02
3.895999874739383131e+02
3.876758795356042242e+02
3.857692792120108720e+02
3.838786511607731882e+02
3.820039300060760752e+02
3.801437124861337793e+02
3.782960466111827600e+02
3.764604816183365301e+02
3.746342106549650453e+02
3.728433531949793291e+02
3.710378433221599153e+02
3.692448662299715352e+02
3.674627583804747246e+02
3.656894515158327863e+02
3.639254749943013962e+02
3.621687850872379499e+02
3.604205421071387150e+02
3.586798510051650055e+02
3.569469118548479400e+02
3.552224706446743312e+02
3.535058239869966314e+02
3.517984371030892703e+02
3.500998121399754268e+02
3.484113619455318371e+02
3.467352929859752635e+02
3.450800348767497780e+02
3.434775578383600987e+02
3.420508916041820839e+02
3.412884789857729970e+02
3.428946794109932625e+02
3.528058981567371006e+02
3.813689714880289898e+02
4.268903612541758434e+02
4.650121750555011317e+02
4.930948300609966850e+02
5.223503681171298467e+02
5.518655026832218482e+02
5.731322359681356602e+02
5.835632603054037872e+02
5.881631251126730149e+02
5.913637535132039602e+02
5.948174497812748314e+02
5.977666820244929795e+02
5.992584290754264202e+02
5.992194258550598533e+02
5.980599292878637243e+02
5.962936283586353738e+02
5.942668997416162711e+02
5.921247567290978395e+02
5.899230634046592741e+02
5.876780071981911533e+02
5.853916983108753129e+02
5.830580999297762901e+02
5.806742994063437209e+02
5.782298783108424232e+02
5.757192108668647279e+02
5.731421922886472657e+02
5.703316638188837260e+02
5.676415784254884329e+02
5.649013365751090987e+02
5.621308106972835503e+02
5.593564234002259354e+02
5.565980133007574295e+02
5.538745132675683180e+02
5.512040734342505175e+02
5.485970163140486875e+02
5.460671051443187025e+02
5.436210669378822331e+02
5.412655010270068487e+02
5.390064334792106138e+02
5.368443899331110742e+02
5.347831857755933243e+02
5.328211347138926612e+02
5.309577781472451079e+02
5.291912188422699046e+02
5.275168534544050090e+02
5.259321222042239015e+02
5.244305686041100216e+02
5.230076655380776174e+02
5.216568102105691196e+02
5.203713460964436308e+02
5.190622990660932601e+02
5.179281044766966033e+02
5.168309836984190042e+02
5.157654536289493308e+02
5.147276670366011331e+02
5.137129973613305083e+02
5.127177885968492319e+02
5.117386632102231943e+02
5.107721090294225519e+02
5.098159141659887155e+02
5.088669200057341868e+02
5.079236535896111491e+02
5.069837934198583298e+02
5.060458735432429194e+02
5.051086484106077705e+02
5.041705175550711147e+02
5.032310624403458519e+02
5.022887949773439686e+02
5.013435151612730465e+02
5.003943609068433034e+02
4.994408881398199469e+02
4.984830894190992581e+02
4.975202792421247295e+02
4.965530218679679706e+02
4.955575072840481994e+02
4.946425521875131039e+02
4.937228972027901932e+02
4.927987308409008165e+02
4.918708559486797185e+02
4.909392320801219398e+02
4.900047307032357367e+02
4.890676698698052860e+02
4.881286299272343285e+02
4.871885760379914814e+02
4.862478889943882336e+02
4.853078159271369714e+02
4.843690349944430977e+02
4.834327328788939440e+02
4.825001685636948423e+02
4.815723546484752546e+02
4.806509941975082825e+02
4.797372261843000842e+02
4.788327610495319391e+02
4.779392348841124090e+02
4.770582165991166903e+02
4.761918534171367128e+02
4.753417920136344037e+02
4.745102723119049983e+02
4.736707810278871307e+02
4.729361202067859722e+02
4.722265818901866510e+02
4.715446734777532924e+02
4.708940091471766323e+02
4.702777424319251622e+02
4.696999211904359868e+02
4.691648309341640015e+02
4.686769891426578738e+02
4.682419566567240281e+02
4.678649314433662880e+02
4.675525213902625410e+02
4.673096903637867854e+02
4.671413166697652173e+02
4.670504185396210346e+02
4.670361504746085188e+02
4.670956010054288754e+02
4.672199104272396539e+02
4.673959003315961809e+02
4.676104827718984325e+02
4.678460122078961376e+02
4.680885689109230725e+02
4.683284789816685816e+02
4.685513604462457806e+02
4.686981012862246985e+02
4.688806106628384214e+02
4.690365593878569825e+02
4.691527290452119701e+02
4.692089146523869090e+02
4.691890796803864987e+02
4.690717465930130174e+02
4.688384478468857992e+02
4.684761904131588039e+02
4.679714658229134443e+02
4.673167915614587855e+02
4.665090867970338309e+02
4.655401626155557437e+02
4.644120681309681231e+02
4.631175543349279451e+02
4.616570417645602902e+02
4.600313879535468118e+02
4.582387413905384506e+02
4.562895310134770739e+02
4.541870563772885134e+02
4.519469018507969054e+02
4.495821382185811217e+02
4.471096441938851740e+02
4.445521418982629598e+02
4.419277218992942267e+02
4.392969246663672038e+02
4.367198264039418518e+02
4.343218380285127864e+02
4.323585914636255438e+02
4.312706263447671517e+02
4.318519218647846856e+02
4.351615133502312460e+02
4.421463597553309910e+02
4.531865066870329883e+02
4.674358436649121131e+02
4.830318179149278421e+02
4.980931198125367132e+02
5.108684782999895333e+02
5.201735741491600038e+02
5.257664228114165326e+02
5.280558115256691281e+02
5.278046330781961615e+02
5.258290122929255404e+02
5.227399991493588232e+02
5.190691925821301993e+02
5.152371792683995864e+02
5.115468143192782691e+02
5.082747665239196522e+02
5.055656193110774552e+02
5.037055598933969236e+02
5.026579397430217568e+02
5.023481070827409098e+02
5.026377289038998697e+02
5.033208957148434592e+02
5.041384675637139594e+02
5.048774061138370826e+02
5.053724653493978280e+02
5.055204905802380040e+02
5.053432925598869474e+02
5.048818170850185538e+02
5.042351165997338853e+02
5.035313202434504092e+02
5.028983072814330058e+02
5.024966218276131258e+02
5.025079625544872215e+02
5.031410988202645740e+02
5.046579014506765475e+02
5.073661221911252142e+02
5.115870979321734353e+02
5.176309228233475324e+02
5.257201744003493786e+02
5.357623573641594703e+02
5.473973555995250990e+02
5.596316678410794339e+02
5.710850949833254617e+02
5.807257456269137492e+02
5.880064520900125444e+02
5.927109698191535472e+02
5.950706376956316035e+02
5.954247069593595825e+02
5.942845069882492908e+02
5.920269968292102476e+02
5.889679520196618796e+02
5.853342417962010131e+02
5.812702962079155213e+02
5.768961525646952850e+02
5.722838896714380326e+02
5.674973645523417645e+02
5.625830096419338133e+02
5.575777583697774844e+02
5.525153813982984730e+02
5.474211893295904474e+02
5.423196732389662884e+02
5.372307224895373565e+02
5.321723052930775566e+02
5.271600384430441864e+02
5.222346872831907376e+02
5.174177078746270126e+02
5.126909000194743840e+02
5.080671387191695203e+02
5.035586405667638701e+02
4.991804529816026843e+02
4.949441409039485507e+02
4.908656055901883519e+02
4.869582141374584694e+02
4.832328753351175123e+02
4.797036683159674340e+02
4.763714029114581763e+02
4.732435460354011525e+02
4.703120067176370753e+02
4.675726665284502133e+02
4.650151678778671567e+02
4.626238478762036834e+02
4.603888689273229033e+02
4.582806406951268059e+02
4.562795086186890217e+02
4.543453424400349263e+02
4.524503715418142633e+02
4.505565725425799428e+02
4.486422135086817207e+02
4.467586902788488601e+02
4.448102635213929261e+02
4.427948831483956269e+02
4.407081292620167119e+02
4.385593310333099453e+02
4.363490299594856765e+02
4.340887683904583696e+02
4.317837028002268767e+02
4.294428682327279034e+02
4.270746971773496625e+02
4.246853985802323450e+02
4.222841919039000231e+02
4.198756605004343783e+02
4.174675948229372011e+02
4.150640916975156074e+02
4.126702713446919120e+02
4.102897925625675839e+02
4.079252081018036620e+02
4.055794066135028402e+02
4.032535181847960644e+02
4.009490973914131473e+02
3.986669762217857738e+02
3.964074058956544491e+02
3.941712013193301800e+02
3.920057280492235350e+02
3.898211092287219799e+02
3.876649479230202360e+02
3.855379578827151477e+02
3.834430661272878638e+02
3.813817425436744202e+02
3.793564752991790101e+02
3.773705013277440798e+02
3.754251591191238049e+02
3.735243180564441445e+02
3.716691794651130181e+02
3.698621298651042366e+02
3.681051130703260128e+02
3.663979673885871762e+02
3.647421443885980921e+02
3.631361226459178511e+02
3.615793580590500937e+02
3.600698992947017132e+02
3.586047936767745909e+02
3.571814321523193598e+02
3.557956661596203958e+02
3.544439639378467746e+02
3.531220268146481658e+02
3.518258771492814958e+02
3.506021962300437167e+02
3.493499902026110249e+02
3.481102928598552353e+02
3.468804617041518554e+02
3.456579248324478044e+02
3.444405619611928842e+02
3.432272681442689759e+02
3.420165691041316336e+02
3.408083340213039492e+02
3.396019643439151992e+02
3.383978135929123710e+02
3.371964935705023549e+02
3.359985980250685884e+02
3.348058712172872333e+02
3.336195089962295128e+02
3.324419542179214204e+02
3.312757081441849323e+02
3.301236959735406913e+02
3.289902248968755885e+02
3.278792737638856352e+02
3.267965637220542590e+02
3.257485205991605994e+02
3.247421305451491094e+02
3.237870755984774860e+02
3.229107908097347490e+02
3.221222260704070095e+02
3.214410228194262800e+02
3.208856911539978114e+02
3.204767350341255110e+02
3.202269251590714134e+02
3.201465579787369506e+02
3.202313591835288094e+02
3.204667556451478276e+02
3.208318373503060457e+02
3.212998876168628044e+02
3.218460872230835434e+02
3.224567296314119744e+02
3.231164797633234684e+02
3.238265260813653867e+02
3.245831386908736249e+02
3.253876026414927196e+02
3.262403696715877004e+02
3.271335439450845683e+02
3.280634151951709896e+02
3.290159307074608819e+02
3.299777126669756626e+02
3.309343555604029348e+02
3.318671412313321412e+02
3.327235234667154486e+02
3.336812242755323723e+02
3.345467196306304345e+02
3.353149529560101314e+02
3.359776279682555469e+02
3.365340340036496514e+02
3.369845534638450317e+02
3.373290411162822693e+02
3.375747256035882629e+02
3.377238365251406549e+02
3.377846103030714175e+02
3.377635244179954270e+02
3.376664735203905252e+02
3.375022704265248876e+02
3.372757758633885032e+02
3.369952971102973720e+02
3.366665724612613531e+02
3.362960212510634506e+02
3.358903116843992507e+02
3.354549820629407577e+02
3.349969041237958436e+02
3.345217921905554022e+02
3.340366970213300988e+02
3.335477815413428289e+02
3.330156795286752640e+02
3.325189487646757698e+02
3.320399210270711023e+02
3.315881671342157802e+02
3.311729593475511706e+02
3.308060090364351140e+02
3.304952058750251922e+02
3.302523104715976388e+02
3.300844143570975007e+02
3.299985241445527322e+02
3.300008556246438616e+02
3.300899878012824047e+02
3.302668159369172827e+02
3.305218910702429298e+02
3.308461221537357915e+02
3.312251739156279200e+02
3.316431156529591817e+02
3.320833932513251057e+02
3.325318407861291803e+02
3.329765045765849436e+02
3.334091380542807883e+02
3.338284919958254591e+02
3.342318830307534654e+02
3.346271142094522020e+02
3.350022075483510662e+02
3.354045602427532344e+02
3.358260320323665269e+02
3.362711424222320034e+02
3.367491146431972311e+02
3.372584403505454702e+02
3.377998460271221575e+02
3.383669607384293840e+02
3.389494374405988992e+02
3.395378256369121459e+02
3.401194038816838656e+02
3.406847884386669989e+02
3.412309474299431713e+02
3.417586203076604647e+02
3.422811526146711003e+02
3.428239606654138356e+02
3.434248112984882368e+02
3.441519897807066286e+02
3.450807309242069323e+02
3.463334379012272848e+02
3.480371017038848436e+02
3.503318745814241311e+02
3.533634562799979904e+02
3.571924268584426727e+02
3.619465285454608079e+02
3.676801793505968021e+02
3.746255514587184621e+02
3.829081129875875149e+02
3.920026748457892154e+02
4.005551193459768342e+02
4.082683913505435953e+02
4.162175376542608660e+02
4.249895715200917721e+02
4.337673393057535804e+02
4.415739439374235644e+02
4.484195665963709985e+02
4.547061661994513884e+02
4.603570971975036628e+02
4.650115836417905371e+02
4.683721806476381175e+02
4.703120751199380720e+02
4.709657547121754533e+02
4.705950398816477218e+02
4.694265656401337310e+02
4.677065982165124751e+02
4.655817587741632906e+02
4.631644916661318803e+02
4.605374025371539233e+02
4.577178063310022367e+02
4.548058207451267663e+02
4.518472998983447724e+02
4.488646500115228264e+02
4.458810261596717623e+02
4.429070853164348023e+02
4.399552570467421333e+02
4.370338826463852797e+02
4.341451350074693210e+02
4.312961378763927769e+02
4.284855938295901865e+02
4.257174429341912969e+02
4.229936460264615334e+02
4.203137003498367221e+02
4.176826569595875753e+02
4.150984008288500604e+02
4.125645722976007619e+02
4.100808788969105763e+02
4.076465393405036934e+02
4.052635979614671555e+02
4.029287925778954786e+02
4.006442106035472079e+02
3.984078648700072449e+02
3.962209500061944141e+02
3.941711721710518077e+02
3.922101973247150681e+02
3.903268864236067657e+02
3.885467058997338654e+02
3.869345892154703961e+02
3.855981321646722790e+02
3.847351836691744893e+02
3.846531216560819644e+02
3.856426545957988310e+02
3.878683446028687172e+02
3.908261634227309287e+02
3.936177633427373053e+02
3.954790739152549008e+02
3.962695676520235679e+02
3.962405185256946538e+02
3.958245506124180793e+02
3.953482198512090235e+02
3.951297516947038275e+02
3.954197461386661416e+02
3.965155170319591207e+02
3.986057281942781287e+02
4.018353617209249364e+02
4.061428542477848396e+02
4.113182593304715056e+02
4.170555763187135199e+02
4.234154391770503594e+02
4.307823459511018314e+02
4.394406188365035746e+02
4.492845849867365473e+02
4.597122339692983815e+02
4.703870819975844029e+02
4.817463757248884235e+02
4.945717005573889651e+02
5.090525914563741026e+02
5.246584065369075915e+02
5.397793751593354727e+02
5.526906958313639961e+02
5.622266667280816819e+02
5.681183953332345027e+02
5.709203904244417345e+02
5.718090668898055355e+02
5.717785559058761464e+02
5.717112834791587375e+02
5.722509934497195445e+02
5.738296224743576204e+02
5.767133393728946658e+02
5.809043510116860034e+02
5.860396089043202892e+02
5.915786641480182197e+02
5.967505281381476152e+02
6.009009670864347754e+02
6.036465882938027789e+02
6.049016342064136325e+02
6.047308015320438699e+02
6.034347306221368399e+02
6.012896303297361555e+02
5.986129480131494347e+02
5.956748359716171990e+02
5.926793919502219978e+02
5.897734946451344058e+02
5.870372449559899906e+02
5.844788375072183726e+02
5.820541659428763523e+02
5.796822165892232306e+02
5.772501329128374437e+02
5.746388275366369953e+02
5.717562135048067375e+02
5.685196667826436396e+02
5.649016190779005910e+02
5.609072512795529519e+02
5.565563994820255402e+02
5.519137445636368966e+02
5.469906631295224315e+02
5.418839558222578034e+02
5.366642986347658280e+02
5.313805661955045707e+02
5.260786159655280017e+02
5.207943904068042684e+02
5.155568900619513215e+02
5.103919485285145470e+02
5.053199502449965053e+02
5.003558158045735240e+02
4.955192754136106146e+02
4.908171108161731127e+02
4.862673080729115327e+02
4.818764478881627156e+02
4.776545717843171701e+02
4.736146035083351649e+02
4.697570111452979518e+02
4.660967946812002083e+02
4.626303316496628213e+02
4.593627837356035002e+02
4.562941037990244695e+02
4.534146755229230052e+02
4.507261190918509328e+02
4.482097737856337858e+02
4.458918206052281903e+02
4.437365713145430846e+02
4.417217460527180606e+02
4.398473426758721985e+02
4.381109848003378033e+02
4.365418931127837254e+02
4.351782129651924151e+02
4.341042303302143637e+02
4.334554866849751420e+02
4.334082548488074735e+02
4.342661939851223565e+02
4.362867687062174582e+02
4.397869343565876648e+02
4.448310519407638708e+02
4.511637571339164765e+02
4.581737190899524990e+02
4.650488474577454099e+02
4.710591940945096212e+02
4.758748587264285561e+02
4.793832430713886197e+02
4.816471047979229638e+02
4.828300661956999420e+02
4.830175929468730374e+02
4.823887962127646460e+02
4.806750469477029810e+02
4.783185262803764886e+02
4.755772369491009499e+02
4.725344546963727339e+02
4.692848669143546090e+02
4.658888086052967310e+02
4.623998636217589251e+02
4.588591312836896350e+02
4.552974463786600268e+02
4.517381345247516720e+02
4.482021218858129146e+02
4.447003942726951209e+02
4.412458143938817443e+02
4.378460810595788075e+02
4.345066229909166395e+02
4.312352302355911320e+02
4.280328662480181947e+02
4.249041962787278521e+02
4.218515954010646851e+02
4.188750750857832372e+02
4.159797067106017039e+02
4.131621363720796580e+02
4.104270826831046293e+02
4.077726301613299142e+02
4.050026084122152383e+02
4.022612697191459006e+02
3.996100981618662331e+02
3.970546599021016618e+02
3.945902034904636366e+02
3.922185691871144968e+02
3.899388655104894497e+02
3.877470834393274686e+02
3.856456949016800309e+02
3.836268608688487234e+02
3.816900305356504077e+02
3.798297211164467058e+02
3.780397738853720284e+02
3.763173899346211329e+02
3.746524389829968982e+02
3.730417965469625869e+02
3.714755422738163588e+02
3.699479854742382940e+02
3.684514936704519528e+02
3.669790469638508625e+02
3.655244710347087675e+02
3.640815765411341545e+02
3.626449441538322276e+02
3.612103796957533746e+02
