nan
4.535888424770717506e+02
4.525239719138934902e+02
4.514919387096903165e+02
4.505093312332107303e+02
4.495882485897072343e+02
4.487389822021283408e+02
4.479607778671227152e+02
4.472538828349594837e+02
4.466094941707369799e+02
4.460176633351676969e+02
4.454677320606916737e+02
4.449472290780765320e+02
4.444492478466317493e+02
4.439692484497861074e+02
4.435105713651396400e+02
4.430842823742009386e+02
4.427075388190755234e+02
4.424118324464049010e+02
4.422267535780770231e+02
4.421971009025338049e+02
4.423653822453166526e+02
4.427715665502385605e+02
4.434654773595655683e+02
4.444611664992223723e+02
4.461343394714673423e+02
4.481131864523941886e+02
4.503479047812116960e+02
4.527630962394543985e+02
4.552606224994996182e+02
4.577426892812288770e+02
4.601167020422255405e+02
4.623033205765512434e+02
4.642502403045911024e+02
4.659348362888398469e+02
4.673438613874429848e+02
4.685075059543113980e+02
4.694481353735889115e+02
4.702100020013290305e+02
4.708333311984884517e+02
4.713528848156233266e+02
4.718020988842595216e+02
4.721977166347408001e+02
4.725508286915939493e+02
4.728573872163125884e+02
4.731047732874259282e+02
4.732739901159602027e+02
4.733354201534099275e+02
4.732679378259099963e+02
4.731042768766660629e+02
4.727232544017663827e+02
4.721230015872064314e+02
4.713013280488505075e+02
4.702784332623668320e+02
4.690641988550180486e+02
4.676857392160044924e+02
4.661666751537482014e+02
4.645310153195264320e+02
4.628087673851124464e+02
4.610225772803321433e+02
4.591999392130189221e+02
4.573649156750461771e+02
4.555401384431215774e+02
4.537484870053586405e+02
4.520125207476006040e+02
4.503511170713177876e+02
4.487880647626358268e+02
4.473398846339346733e+02
4.460255412128404373e+02
4.448636341283485649e+02
4.438622650137413075e+02
4.430377973344021711e+02
4.423859732009053118e+02
4.419595061759857231e+02
4.417109341649297107e+02
4.416095476117358203e+02
4.416185091453676250e+02
4.416864556970703575e+02
4.417589385382913747e+02
4.417834790948841714e+02
4.417084314178907221e+02
4.414900630654135512e+02
4.411003926862260300e+02
4.405090830497182992e+02
4.397119616973599818e+02
4.387009697305196596e+02
4.374790606212182524e+02
4.360594798678790767e+02
4.344467219646176090e+02
4.326631461877221909e+02
4.307201628655523677e+02
4.286356088838751361e+02
4.264281438129280559e+02
4.241093648757486676e+02
4.216993494004337322e+02
4.192089763247593623e+02
4.166531284926947478e+02
4.141784622275117727e+02
4.116660020260960096e+02
4.091273260494997430e+02
4.065697144794187352e+02
4.040005893969340036e+02
4.014255388439830767e+02
3.988490499362908395e+02
3.962749206425166335e+02
3.937067315544045414e+02
3.911468100269376009e+02
3.885980631373810184e+02
3.860628619018296490e+02
3.835430125496182541e+02
3.810419445471046060e+02
3.785607457319172227e+02
3.761030121804809596e+02
3.736706016209491281e+02
3.712661936366087616e+02
3.688936123355960035e+02
3.665545659850591278e+02
3.642546237458805081e+02
3.619960764040872050e+02
3.597854528894308714e+02
3.576284333416811023e+02
3.557384913055508946e+02
3.539067821367856368e+02
3.521447498553035302e+02
3.504767372863489641e+02
3.489275925319537350e+02
3.475407106048033938e+02
3.463765941030093813e+02
3.455118422731007399e+02
3.450765542735941835e+02
3.451952707622633056e+02
3.460564757819818169e+02
3.477865969956722552e+02
3.504442556550263248e+02
3.539996963285663583e+02
3.582831335894890685e+02
3.631751881841638010e+02
3.686391255614389024e+02
3.746524047786141978e+02
3.812157981385404923e+02
3.881393026697455184e+02
3.951467695286529533e+02
4.019324190385615339e+02
4.082248356808901804e+02
4.138281691508726112e+02
4.186984834339169765e+02
4.227089020635173142e+02
4.259222881314190090e+02
4.284055392493143586e+02
4.302862892413855889e+02
4.317127509293454182e+02
4.327946354792052261e+02
4.336386502231671329e+02
4.342946382727415653e+02
4.348052444172835749e+02
4.351960131542439854e+02
4.355139116698437647e+02
4.358181218061882305e+02
4.361694589230734778e+02
4.366123017638021793e+02
4.371444460101832306e+02
4.377492175540743915e+02
4.384687490003575476e+02
4.396541139492558727e+02
4.423431989751261995e+02
4.494803388533831594e+02
4.635778908399374245e+02
4.794277176559486975e+02
4.891471538473612668e+02
4.939652472772901888e+02
4.977953795545579396e+02
5.021791348873048264e+02
5.075572209898612641e+02
5.135093122437360762e+02
5.191263492770415269e+02
5.235542984977378183e+02
5.265977879609961292e+02
5.284917509790418535e+02
5.296541111326956752e+02
5.304099927028647699e+02
5.310205338592028284e+02
5.316139030652191195e+02
5.322315186166538297e+02
5.327901375005585578e+02
5.332122851250238682e+02
5.334927964776005638e+02
5.338394037444372771e+02
5.347084411270089959e+02
5.366933819036180466e+02
5.401318025619026457e+02
5.443498728566573845e+02
5.478233994941850824e+02
5.493344202366373565e+02
5.488602860829587371e+02
5.470210904570408275e+02
5.444240382814740542e+02
5.414655098154053121e+02
5.384133801210505226e+02
5.354346980402094687e+02
5.326493902081424494e+02
5.301347649833210198e+02
5.279577120248695792e+02
5.261613404174584048e+02
5.247721871662921558e+02
5.238131451767014823e+02
5.232851772839544537e+02
5.231975430680363388e+02
5.235909593194445506e+02
5.244958196467590597e+02
5.259773185868776864e+02
5.278740138234783217e+02
5.297778571277707442e+02
5.311073942783598341e+02
5.315146346926218257e+02
5.309488537694525121e+02
5.296509830314439569e+02
5.278204445038463746e+02
5.257339531218347020e+02
5.234288505761278429e+02
5.209877981327126690e+02
5.184861256884912564e+02
5.159747063415672983e+02
5.135026760501009448e+02
5.111085761378791403e+02
5.088188990570255896e+02
5.066561584438869659e+02
5.046331581730946709e+02
5.027554986549002365e+02
5.010265932286803832e+02
4.994395067371352184e+02
4.979892402824810347e+02
4.966659003960426730e+02
4.954621743172309607e+02
4.943791832383589053e+02
4.934284749455981114e+02
4.926519419694502062e+02
4.921122954465577095e+02
4.919168878809181820e+02
4.921794428948533096e+02
4.930080549231349210e+02
4.943756544615197299e+02
4.962878285768289857e+02
4.985866897716668404e+02
5.010188403971229150e+02
5.033030129193975313e+02
5.051453497692639303e+02
5.063428309582978386e+02
5.067892319902512099e+02
5.065562918822396341e+02
5.057358198959480546e+02
5.044880235016537995e+02
5.029255429581123735e+02
5.011548401430708850e+02
4.992430254951932511e+02
4.972390930045684172e+02
4.951758581118760958e+02
4.930811958516606524e+02
4.909779645319771362e+02
4.888966657608938249e+02
4.868680884859443836e+02
4.849274354475293762e+02
4.831137507570802541e+02
4.814653045604592876e+02
4.800177035928160763e+02
4.787712686620619138e+02
4.778221236350610752e+02
4.771702530972846716e+02
4.768305670652487152e+02
4.768108626349483075e+02
4.771139065337204102e+02
4.776853590954927427e+02
4.784584414197745446e+02
4.793038740998442790e+02
4.800810879859412807e+02
4.806423254417148314e+02
4.808988744764207013e+02
4.807884784692537323e+02
4.803411144083796671e+02
4.796004085730072575e+02
4.786341077922053273e+02
4.775247680899562397e+02
4.763242948040407327e+02
4.751000091357133783e+02
4.738826180695797916e+02
4.726993902074932521e+02
4.715581908418012631e+02
4.704491107619974173e+02
4.693554337116653414e+02
4.682303995004293711e+02
4.670167276627032038e+02
4.657512958629711193e+02
4.644324681859413886e+02
4.630572560306337095e+02
4.616428107859329089e+02
4.602012349008332421e+02
4.587511138298639821e+02
4.573126858013536662e+02
4.558984956543461635e+02
4.545272999014678703e+02
4.532072975799582082e+02
4.519503655920407255e+02
4.507637385696584715e+02
4.496574211208750285e+02
4.486405073120462816e+02
4.477248300853897831e+02
4.469245797806912037e+02
4.462505275808814531e+02
4.457177694931039582e+02
4.453316084038320923e+02
4.451002931254686814e+02
4.450221199037152360e+02
4.450941168682946909e+02
4.453057023626539603e+02
4.456597914299132412e+02
4.461127851018435422e+02
4.466350136810738150e+02
4.471991326341262720e+02
4.477696544465086390e+02
4.483079351022114452e+02
4.487728054623912612e+02
4.491251848960338862e+02
4.493222834684063969e+02
4.493397048457127312e+02
4.491557932544218374e+02
4.487645467456968049e+02
4.481803506182089336e+02
4.474154178416159766e+02
4.465073951341667566e+02
4.454887420302778764e+02
4.443985912253548918e+02
4.432779476155782845e+02
4.421623408616236475e+02
4.410861971779251007e+02
4.400807140375030713e+02
4.391661690001731699e+02
4.383605708398480374e+02
4.377087276446310398e+02
4.371553978823322950e+02
4.367090865944454094e+02
4.363528849206934410e+02
4.360691662754136928e+02
4.358394579254064638e+02
4.356376999193552138e+02
4.354437323139482032e+02
4.352345349413832878e+02
4.349890761326075221e+02
4.346936859195412808e+02
4.343371928965800635e+02
4.339173799733359260e+02
4.334415312857378808e+02
4.329243741470777991e+02
4.323924645698725726e+02
4.318845882077207534e+02
4.314413677355494201e+02
4.311176991251576283e+02
4.309469174331463819e+02
4.309503807058411553e+02
4.311196201385801032e+02
4.314187810314639364e+02
4.318177141692987107e+02
4.322425169209473097e+02
4.328385381242374592e+02
4.334785994571057586e+02
4.341318072574715075e+02
4.347610166193666146e+02
4.353128265077115202e+02
4.357295691009410916e+02
4.359686445750983808e+02
4.360107939986896781e+02
4.358487912722882243e+02
4.355134388675900823e+02
4.350289850479375673e+02
4.344327489971335012e+02
4.337557038658538886e+02
4.330205571327520602e+02
4.322500058654632653e+02
4.314549465505375565e+02
4.306458993612433801e+02
4.298290451045286318e+02
4.290050099326749091e+02
4.281779159759037725e+02
4.273453040086613441e+02
4.265078650308619785e+02
4.256643704591604660e+02
4.246547874488279604e+02
4.236184244024026953e+02
4.225685452949089154e+02
4.215055705172618445e+02
4.204294432082598405e+02
4.193389919066382845e+02
4.182366918832667011e+02
4.171228003651730774e+02
4.160003010088071278e+02
4.148734643508606723e+02
4.137447932453845851e+02
4.126211024743849407e+02
4.115066698793480100e+02
4.104075520448610632e+02
4.093306532705547625e+02
4.082801041254558072e+02
4.072633104649985398e+02
4.062842614910874772e+02
4.053478119356939828e+02
4.044591438746419385e+02
4.036203006730466427e+02
4.028363597044934750e+02
4.021089203899472295e+02
4.014406455911221769e+02
4.007803964260775729e+02
4.002901893737612227e+02
3.998707272371606791e+02
3.995201719369670172e+02
3.992392295841843293e+02
3.990278250065476300e+02
3.988832360392827923e+02
3.988066058081388405e+02
3.987935471244551877e+02
3.988433831458962118e+02
3.989532551126295630e+02
3.991194203493353712e+02
3.993420404580263607e+02
3.996169126128517632e+02
3.999452278040045599e+02
4.003252213879010242e+02
4.007553834264025454e+02
4.012361982254367376e+02
4.017622516582167691e+02
4.023304006988216770e+02
4.029316338229990038e+02
4.035548604955016003e+02
4.041899894280445551e+02
4.048234162931869378e+02
4.053728022504963633e+02
4.059393200730630156e+02
4.064682643620731142e+02
4.069632949573288556e+02
4.074267315388285624e+02
4.078668497136459905e+02
4.082922352338496808e+02
4.087104332478227207e+02
4.091315371223927855e+02
4.095605935423147912e+02
4.100026682828495268e+02
4.104579656230796445e+02
4.109245802295464500e+02
4.113980770227764197e+02
4.118715559705077567e+02
4.123380371848075470e+02
4.127914437530307055e+02
4.132244049959302856e+02
4.136353488229151480e+02
4.140206472481158926e+02
4.143808094123178876e+02
4.147162010501028249e+02
4.150265848594721660e+02
4.153125998021140504e+02
4.154514295038884484e+02
4.155333657886259289e+02
4.155759238569893910e+02
4.155736969573420652e+02
4.155206079068900067e+02
4.154103035601349916e+02
4.152372295439726599e+02
4.149970495884252273e+02
4.146863357028027508e+02
4.143037152815535933e+02
4.138491406315271774e+02
4.133243295478639538e+02
4.127321326492067897e+02
4.120761050155128373e+02
4.113601669614453158e+02
4.105888799548990278e+02
4.097666279381962795e+02
4.088978682276217000e+02
4.079867096529824835e+02
4.070365274820481432e+02
4.060509865134536653e+02
4.050327549648252443e+02
4.039843031320987166e+02
4.029080824608312241e+02
4.017288253473760165e+02
4.004882878688192704e+02
3.992259371690403214e+02
3.979424160497231924e+02
3.966386101705392662e+02
3.953141899770851069e+02
3.939701154506308853e+02
3.926060892073361970e+02
3.912224593008527904e+02
3.898195251466038940e+02
3.883970324320467284e+02
3.869557424941999670e+02
3.854954338083933862e+02
3.840168167566646957e+02
3.825201686496234856e+02
3.810059354800340543e+02
3.794749626166471899e+02
3.779276837025618647e+02
3.763652558218321360e+02
3.747883160465298147e+02
3.731981286424133941e+02
3.715956918797932644e+02
3.699822132935083800e+02
3.683590938132846304e+02
3.667232197780591036e+02
3.651153974175401231e+02
3.635028621787897123e+02
3.618870782563509465e+02
3.602693962454133612e+02
3.586510548971866115e+02
3.570335323205517852e+02
3.554180256240086919e+02
3.538058947270818066e+02
3.521984508904513973e+02
3.505968616704584520e+02
3.490024402645111081e+02
3.474163870692156593e+02
3.458398085684826242e+02
3.442740585525203869e+02
3.427200913721747497e+02
3.411792086773351116e+02
3.396525750788590017e+02
3.381412254923948240e+02
3.366466577419984674e+02
3.351697902945265355e+02
3.337122012986963568e+02
3.322752130067831899e+02
3.308602393507956663e+02
3.294729404307302616e+02
3.282055300986997395e+02
3.269720731436206052e+02
3.257730935677601565e+02
3.246105376955538304e+02
3.234873468517702690e+02
3.224061392693077437e+02
3.213723575564090424e+02
3.203900098097182649e+02
3.194661327106393856e+02
3.186079209097535454e+02
3.178229445041043846e+02
3.171230333711629896e+02
3.165167726443551715e+02
3.160193449210211156e+02
3.156432682552924121e+02
3.154036834569694747e+02
3.153193174225436906e+02
3.154019395135837271e+02
3.156724075671224341e+02
3.161397969849322749e+02
3.168166518149030821e+02
3.177090835298802745e+02
3.188117009966862270e+02
3.201044966705294996e+02
3.216722421996109347e+02
3.234121616530833307e+02
3.253077213779007479e+02
3.273470622121996598e+02
3.295355679338142068e+02
3.318963998103328095e+02
3.345174372926840647e+02
3.375371170308993101e+02
3.411830541446852294e+02
3.457288615658475806e+02
3.513086164726040579e+02
3.578718080624336721e+02
3.649074000042227226e+02
3.717396398660743557e+02
3.777250328533696120e+02
3.827420768212315920e+02
3.870219770837079523e+02
3.911020112564125952e+02
3.951492143220440880e+02
3.990279101514378226e+02
4.024188575947392792e+02
4.052868484418401636e+02
4.078342006801950674e+02
4.104785775003516619e+02
4.134412277094368733e+02
4.173274423316929642e+02
4.223643454927447465e+02
4.285864561279547615e+02
4.358270439948136641e+02
4.438477490226788404e+02
4.525621504035791531e+02
4.619647205260837382e+02
4.717354205403385663e+02
4.809741985044029207e+02
4.887924490455943669e+02
4.947951705838833618e+02
4.993536715002732649e+02
5.029540845638358633e+02
5.059954423660865359e+02
5.086014581771070198e+02
5.107808177503213756e+02
5.124702150592702310e+02
5.136237767071548888e+02
5.142430003221938932e+02
5.143759734465320435e+02
5.141515002811705699e+02
5.137425646956074843e+02
5.131916962109529550e+02
5.128920458991282203e+02
5.133176502284269418e+02
5.150474659580393109e+02
5.190658814924940998e+02
5.260940415500026575e+02
5.355059860143167043e+02
5.446701995486624810e+02
5.517730368083325629e+02
5.567592642862639423e+02
5.603704801648352714e+02
5.631806284095113142e+02
5.656285552352854893e+02
5.679906936555332777e+02
5.702583905970491287e+02
5.723015840711732380e+02
5.739776313215930941e+02
5.753696488230441446e+02
5.765300892752115942e+02
5.773307510079522444e+02
5.774166189155203028e+02
5.766053127924816408e+02
5.749366131141485994e+02
5.726829284275564760e+02
5.699614496005528963e+02
5.670070876149279684e+02
5.640123142872577091e+02
5.610368578121872360e+02
5.581146231821719539e+02
5.552695659328689999e+02
5.525107707573536118e+02
5.498547766462676236e+02
5.473123317357036512e+02
5.448986884608859782e+02
5.426446221477742711e+02
5.405788850247727169e+02
5.387729306284049926e+02
5.373174220943454884e+02
5.363524651922971316e+02
5.360600742354248496e+02
5.364738168689128770e+02
5.374161843569629582e+02
5.383784026384360004e+02
5.389295289375983202e+02
5.389879904815264808e+02
5.387725991722370509e+02
5.385275759968341163e+02
5.383948250839384855e+02
5.384673015354251220e+02
5.385298296412327090e+02
5.385356360637023272e+02
5.383717431436882634e+02
5.380023164482632865e+02
5.373930663645365939e+02
5.366214158226935069e+02
5.357646129654643801e+02
5.349167810281551283e+02
5.341742265176857245e+02
5.335851613608283515e+02
5.332063850087233732e+02
5.330601947323829108e+02
5.331546540449824079e+02
5.334993862613321198e+02
5.340750717342576763e+02
5.348624445696225393e+02
5.358397308906545504e+02
5.369662219819731490e+02
5.382259424508803249e+02
5.395910964939777159e+02
5.410360046319769936e+02
5.425457307624288887e+02
5.440659346870017998e+02
5.456025898473116058e+02
5.469636712777790990e+02
5.480397095338611280e+02
5.487563595219299941e+02
5.490407569271457078e+02
5.488645783311011428e+02
5.482474543763858037e+02
5.472180064138404987e+02
5.458430463431135422e+02
5.441812199255712130e+02
5.422887577735612012e+02
5.402198012824954958e+02
5.380118280421504551e+02
5.357043140390507006e+02
5.333249765283828765e+02
5.309002078041501136e+02
5.284535974376228751e+02
5.260062617091410857e+02
5.235807890404266800e+02
5.211990942638731212e+02
5.188879813529011926e+02
5.166718746255742190e+02
5.145868052829866883e+02
5.126540083987425760e+02
5.108872274253103001e+02
5.092334683888300333e+02
5.077118827743977931e+02
5.062581476450376954e+02
5.047886419668340068e+02
5.032296705020987702e+02
5.015437486450712186e+02
4.997266011111213402e+02
4.977956937190184590e+02
4.957892235723235785e+02
4.937347452444327587e+02
4.916655021341809970e+02
4.896037116142754257e+02
4.875679069459952188e+02
4.855754187302324567e+02
4.836388306914104760e+02
4.817741439638843417e+02
4.799957940615962002e+02
4.783221309567916819e+02
4.767718025413122405e+02
4.753647414784715579e+02
4.741233792200696371e+02
4.730628957420059919e+02
4.722022415917840590e+02
4.714927771776350482e+02
4.710844709259619663e+02
4.708994464887439335e+02
4.709162324032702145e+02
4.711172838532223182e+02
4.714724726654384881e+02
4.719480681645644609e+02
4.725181101028475723e+02
4.731476704321163425e+02
4.738122118704656032e+02
4.744918238613336712e+02
4.751609488542950999e+02
4.758112218540351250e+02
4.764237728325962848e+02
4.769898278849325948e+02
4.775113149299416477e+02
4.779817551434565530e+02
4.784182586223516296e+02
4.788162510984909090e+02
4.791744210074522812e+02
4.794804561071858870e+02
4.796996724641608125e+02
4.798048915901519536e+02
4.797533510700203578e+02
4.793156571053322068e+02
4.785647012058962559e+02
4.775416496661904944e+02
4.762490141895351599e+02
4.746947181569508984e+02
4.728886382116372715e+02
4.708579049528621567e+02
4.686171420021615290e+02
4.661904088763922118e+02
4.635966405819046940e+02
4.608511379726898554e+02
4.579748444877731117e+02
4.549798716470089062e+02
4.518845782331853229e+02
4.487036909783907390e+02
4.454504623543828075e+02
4.421417879934562052e+02
4.387882427440232505e+02
4.354046863125118421e+02
4.320021306999245780e+02
4.285907116052392780e+02
4.251817219112234056e+02
4.217820808112112445e+02
4.184011918730724915e+02
4.149971806432802168e+02
4.115583269211069251e+02
4.081609838889135062e+02
4.048084271034109634e+02
4.015059578518624903e+02
3.982563748012776159e+02
3.950627394532783114e+02
3.919284336212280664e+02
3.888546257166008786e+02
3.858446994336514990e+02
3.828994675092578746e+02
3.800210092112962457e+02
3.772110942247865069e+02
3.744701184480091456e+02
3.718006652342865550e+02
3.692024970452387151e+02
3.666776251808560687e+02
3.642266735682377998e+02
3.618500377462221422e+02
3.595495406965097800e+02
3.573244656912521577e+02
3.551765899540728810e+02
3.531056035238789832e+02
3.511118009604194867e+02
3.491603217181558989e+02
3.472470989814651716e+02
3.454144098003539511e+02
3.436603266217942405e+02
3.419843390935835146e+02
3.403854185657179983e+02
3.388612506725748972e+02
3.374113826478917417e+02
3.360327534199970501e+02
3.347240362766325461e+02
3.334828641482733929e+02
3.323063286050950751e+02
3.311927924939339505e+02
3.301385483266089409e+02
3.291415845451174960e+02
3.281987532396502729e+02
3.273069759590855483e+02
3.264639154532711132e+02
3.256659258892332787e+02
3.249106737079689537e+02
3.241949867318037946e+02
3.235160014578070786e+02
3.228712778711083615e+02
3.222576896697397046e+02
3.216640592494574094e+02
3.210573139559169249e+02
3.204693053469821393e+02
3.198980422160974513e+02
3.193412763741762319e+02
3.187972592610011020e+02
3.182642033718310586e+02
3.177404556877590380e+02
3.172247416972370502e+02
3.167155866554700197e+02
3.162120104947499613e+02
3.157129875510225929e+02
3.152177428855598009e+02
3.147258368790494956e+02
3.142366910282287904e+02
3.137504226606567954e+02
3.132669248466711451e+02
3.127867682385727903e+02
3.123105871332631409e+02
3.118392766659232507e+02
3.113742965455878675e+02
3.109169699942546004e+02
3.104695726052675582e+02
3.100341072555531809e+02
3.095919624139684743e+02
3.092041254273763116e+02
3.088375010660241173e+02
3.084960311144458274e+02
3.081835591738936273e+02
3.079048704719371017e+02
3.076638852004625164e+02
3.074660698753598922e+02
3.073154104094724062e+02
3.072174558364091013e+02
3.071770502235263507e+02
3.071988536005149513e+02
3.072890486856162511e+02
3.074508835849227353e+02
3.076912078885820279e+02
3.080131211777357407e+02
3.084218948377950369e+02
3.089221164321288597e+02
3.095153376672042214e+02
3.102073913151938882e+02
3.109969187153230337e+02
3.118873223188969632e+02
3.128766014077509112e+02
3.139619564461053756e+02
3.151085468403697405e+02
3.163086978138704808e+02
3.175740349325300826e+02
3.188917497473198068e+02
3.202506651843041823e+02
3.216374008101482787e+02
3.230373529275242959e+02
3.244368672211256808e+02
3.258220142020767298e+02
3.271798758174309114e+02
3.284995521458141639e+02
3.297722505849653771e+02
3.309899132232135344e+02
3.321495638937237231e+02
3.332468843832911034e+02
3.342825772303903022e+02
3.352575194089871502e+02
3.361735417633684051e+02
3.370360843819835850e+02
3.378480154545890173e+02
3.386163834612286792e+02
3.393466360378537274e+02
3.400450623169031132e+02
3.407199688783846341e+02
3.413335293603898890e+02
3.419341526914339511e+02
3.425401840633574579e+02
3.431590194652029595e+02
3.437990184312309907e+02
3.444654872649905997e+02
3.451662847388325304e+02
3.459056591401842979e+02
3.466879060936745987e+02
3.475170452417404476e+02
3.483931806130703421e+02
3.493181444124618338e+02
3.502903384311934474e+02
3.513078938261796793e+02
3.523697455557832541e+02
3.534722033650696176e+02
3.546139291568873659e+02
3.557932287516472911e+02
3.570077107217115895e+02
3.582598233308353315e+02
3.595490534193521626e+02
3.608797296455314836e+02
3.622583889994966739e+02
3.636936445839656926e+02
3.651776740920249154e+02
3.667917498848352693e+02
3.685778849783700934e+02
3.706372598549260715e+02
3.731377874570429185e+02
3.763094253240432181e+02
3.803550136044515853e+02
3.854072024538235155e+02
3.913022356765998211e+02
3.977647439467484105e+02
4.045886950061986909e+02
4.117750410271661394e+02
4.194055205127470458e+02
4.274147015639616711e+02
4.354395468507034934e+02
4.427184001761186778e+02
4.484552684928540884e+02
4.522406241616755551e+02
4.542319253750507642e+02
4.548000671909322818e+02
4.544353163134799729e+02
4.535205684567862932e+02
4.523325151741714194e+02
4.510812276996940113e+02
4.497381492336592146e+02
4.485013856276545994e+02
4.474170770252222269e+02
4.464578688097570307e+02
4.455744101527256475e+02
4.447133679019775627e+02
4.438203321944866957e+02
4.428570110354156668e+02
4.418089480825126429e+02
4.406573382274299888e+02
4.394151227732320422e+02
4.380788569910300225e+02
4.366526780935292891e+02
4.351345787640115645e+02
4.335135638093891544e+02
4.317839699773204529e+02
4.299347157561308563e+02
4.279621571142292282e+02
4.258649405566526411e+02
4.236447902887141481e+02
4.213076471901469517e+02
4.188608157482854608e+02
4.163137457262582757e+02
4.136798874332651508e+02
4.110140910149852402e+02
4.082774646609963156e+02
4.054969369612747983e+02
4.026854326272571143e+02
3.998546043540908954e+02
3.970135772508589866e+02
3.941713781611171044e+02
3.913343094307823549e+02
3.885076628203725022e+02
3.856962836749038956e+02
3.829033570798893606e+02
3.801327230979027831e+02
3.773879887613593382e+02
3.746722962140863729e+02
3.719908823116545591e+02
3.693474215296809007e+02
3.667479308681657812e+02
3.641984645757241879e+02
3.617054810882668789e+02
3.592790800109953011e+02
3.569288072920612649e+02
3.546707310585800315e+02
3.525266097794730626e+02
3.505270985210030403e+02
3.488395302234043243e+02
3.474632039491312412e+02
3.465490453442122316e+02
3.463378971272651938e+02
3.471554324250219565e+02
3.493794620757793723e+02
3.531224958670461547e+02
3.581102963803386388e+02
3.635213475581589933e+02
3.685063678516179380e+02
3.725041992358125071e+02
3.754392355944648330e+02
3.775323264594942998e+02
3.792785576674427261e+02
3.813384955778516314e+02
3.844332669825287780e+02
3.893648558173892411e+02
3.964707700644783586e+02
4.053685194021194889e+02
4.146393304678927620e+02
4.224253779091567367e+02
4.274776757051599816e+02
4.299880686673866421e+02
4.305914439997357590e+02
4.300223950667552799e+02
4.286776664122788816e+02
4.268838108221658558e+02
4.248246139878501140e+02
4.226053373088988678e+02
4.202939959417050204e+02
4.179345355788011602e+02
4.155590712129493909e+02
4.131868212212211802e+02
4.108353484320256257e+02
4.085149866654836615e+02
4.062344382309378261e+02
4.040013374995525623e+02
4.018211745934430041e+02
3.997007122280689373e+02
3.976473846642097669e+02
3.956680358644117064e+02
3.937731630859328789e+02
3.919724613586536748e+02
3.902754256672949396e+02
3.886923890653005174e+02
3.872200494166883686e+02
3.858519336330732017e+02
3.845604914214189876e+02
3.833698434618465285e+02
3.820938690321965510e+02
3.807810025129967357e+02
3.794057696393203969e+02
3.779618539214310999e+02
3.764481390253231439e+02
3.748711598402602476e+02
3.732418915881422095e+02
3.715673301730116123e+02
3.698621470385748466e+02
3.681349761522519088e+02
3.663977921194663736e+02
3.646605112834257056e+02
3.629306486354042818e+02
3.612169689595074829e+02
3.595237361164986964e+02
3.578565622100903738e+02
3.562184712707675658e+02
3.546119006834256311e+02
3.530395674643106076e+02
3.515021003346508905e+02
3.500015696143327091e+02
3.485387398955504068e+02
3.471146465761328272e+02
3.458783118338941449e+02
3.446751442126171696e+02
3.435148664391603575e+02
3.423998212455132943e+02
3.413324766692065850e+02
3.403173347659679848e+02
3.393573179537863211e+02
3.384569839132034872e+02
3.376200061672948323e+02
3.368467389845842490e+02
3.361380194805750534e+02
3.354862198173647698e+02
3.348820338847444873e+02
3.343098057162347345e+02
3.337516124676208733e+02
3.331883555725564747e+02
3.326052275534685236e+02
3.319909059277651409e+02
3.313402970427729883e+02
3.306544660648905278e+02
3.299348674457944526e+02
3.291891543698099554e+02
3.284219245704710488e+02
3.276401263334416853e+02
3.269835709474414784e+02
3.263437548292441193e+02
3.257240646186860431e+02
3.251268607598775588e+02
3.245547426589394036e+02
3.240091926918390755e+02
3.234906915011237061e+02
3.230000565432494000e+02
3.225368507274011449e+02
3.221010588092432272e+02
3.216921101126893063e+02
3.213091677071960817e+02
3.209515957014331775e+02
3.206182296489870396e+02
3.203081711667338141e+02
3.200203308715723551e+02
3.197534422596940544e+02
3.195065024810699583e+02
3.192781655638741540e+02
3.190673446718820401e+02
3.188728299836563451e+02
3.186933720413069864e+02
3.185278689707038779e+02
3.183750087021807076e+02
3.183456838942022387e+02
3.183681888476164090e+02
3.183946020420099217e+02
3.184240285799804155e+02
3.184553765168261066e+02
3.184876349502878838e+02
3.185198528942912617e+02
3.185510185084784212e+02
3.185803055888103472e+02
3.186070238699959418e+02
3.186305180389119300e+02
3.186504803712615512e+02
3.186666690202474115e+02
3.186791066303521234e+02
3.186880679726680796e+02
3.186938096353180185e+02
3.186969787829449388e+02
3.186980420196554178e+02
3.186977268989297727e+02
3.186966310825577580e+02
3.186953262264952969e+02
3.186944498573453757e+02
3.186942701528329280e+02
3.186952772190896326e+02
3.187457129423553397e+02
3.188210187153992479e+02
3.188937937003552179e+02
3.189638556679348085e+02
3.190311206769508203e+02
3.190951510182650850e+02
3.191559106099076075e+02
3.192128093153705777e+02
3.192656929356220985e+02
3.193140438919209032e+02
3.193573727383075038e+02
3.193954142791592403e+02
3.194273432187329718e+02
3.194530391558436691e+02
3.194716690110232094e+02
3.194830188997365781e+02
3.194867471477517142e+02
3.194823804864346926e+02
3.194702963391833919e+02
3.194502344516760672e+02
3.194232687301304168e+02
3.193902292925754978e+02
3.193527949400064472e+02
3.193137515639097046e+02
3.192721985153288529e+02
3.192437581051457869e+02
3.192324610700250105e+02
3.192459426475863324e+02
3.192945483921614027e+02
3.193882755715400208e+02
3.195400579664474208e+02
3.197641061395810880e+02
3.200738614208644321e+02
3.204875107002409891e+02
3.210183856365529778e+02
3.216837130358998138e+02
3.224976952802845176e+02
3.234702513497765608e+02
3.246128959269532288e+02
3.259262119326849074e+02
3.274100772772746382e+02
3.290568987232666700e+02
3.308505481277571221e+02
3.327721466307762626e+02
3.347954273399071781e+02
3.368880651214140016e+02
3.390213675422726851e+02
3.411575600239211781e+02
3.432563144376276227e+02
3.452886601585526023e+02
3.472211731661903400e+02
3.490346167508117787e+02
3.507096049699144373e+02
3.522350910104068475e+02
3.536080809731368504e+02
3.548257833907260306e+02
3.558946340256846952e+02
3.568211839377663637e+02
3.576127472861812748e+02
3.582814614029144877e+02
3.588336021693442035e+02
3.592801394910278532e+02
3.596269589025347955e+02
3.598802794644553842e+02
3.600458976490562009e+02
3.601264726992988585e+02
3.601274225132664242e+02
3.600516871945619073e+02
3.599058739477996482e+02
3.596972928073761295e+02
3.594389585355676218e+02
3.591485768833942416e+02
3.588098179134364045e+02
3.585115494580259679e+02
3.583020912306004675e+02
3.582380203737072293e+02
3.583813650203535417e+02
3.587763478649098943e+02
3.593970932253591855e+02
3.601616354617877960e+02
3.608959558824460032e+02
3.614198124817291955e+02
3.616034367945617873e+02
3.614058081616130380e+02
3.608390563642849429e+02
3.599837290506053478e+02
3.589013163776971282e+02
3.576647477640131569e+02
3.563247204237275128e+02
3.549213390323984640e+02
3.534872915407527785e+02
3.520455716860506641e+02
3.506168455351255488e+02
3.492187554420183915e+02
3.478669447273261426e+02
3.465773196880401201e+02
3.452948506696117192e+02
3.440340771040276309e+02
3.428871911739706775e+02
3.418671831213227392e+02
3.409926355051599671e+02
3.402781532274012761e+02
3.397343332360267141e+02
3.393757108102320217e+02
3.391992189183546884e+02
3.392069055164985798e+02
3.393855806375790962e+02
3.397161323819157133e+02
3.401772523701218915e+02
3.407355139398140977e+02
3.413629216430160227e+02
3.420315351095778169e+02
3.427190771855025559e+02
3.434143732506248057e+02
3.441114072934085470e+02
3.448132882694675345e+02
3.455249974149251102e+02
3.462509852621349182e+02
3.469944639017677446e+02
3.477537783202426453e+02
3.484235927808579163e+02
3.491771564758887507e+02
3.499406595817882817e+02
3.507313314589111428e+02
3.515731694113906087e+02
3.525087205023870638e+02
3.535800780601124984e+02
3.548537078733058365e+02
3.563965909503529019e+02
3.582861986377383232e+02
3.606365183198442423e+02
3.635552123602367374e+02
3.672692221245451947e+02
3.719016822936582685e+02
3.774270371233637889e+02
3.833281972670880009e+02
3.888344707905441169e+02
3.933132740076531491e+02
3.967181788446259816e+02
3.992358443201049454e+02
4.012164330191555450e+02
4.030230212025494438e+02
4.050566946826373282e+02
4.078128370470038817e+02
4.117221046878569837e+02
4.171711516388410814e+02
4.235171954796073237e+02
4.293441066407636981e+02
4.339818589491475223e+02
4.378781886092789932e+02
4.419291309866858910e+02
4.463183435168562596e+02
4.503505549525692686e+02
4.532970494993504076e+02
4.550555154203349275e+02
4.560502141357673622e+02
4.566018375076268399e+02
4.569248015437823369e+02
4.571483258062445429e+02
4.573766214187787114e+02
4.576751180295926815e+02
4.580985679338901946e+02
4.586519458544683516e+02
4.592934249890102478e+02
4.599432883448532152e+02
4.604684758097380382e+02
4.607709172993073707e+02
4.609415066544942761e+02
4.613948730780471692e+02
4.626989943409033685e+02
4.657807075944047028e+02
4.725524057872594881e+02
4.860675660020968962e+02
5.047511996252949302e+02
5.175477402705414534e+02
5.218170811533805136e+02
5.225091615113902890e+02
5.222112381859960806e+02
5.218025412837941985e+02
5.214342112709431376e+02
5.210544717625955400e+02
5.206006722549612959e+02
5.200398385990022234e+02
5.193961263959147345e+02
5.186454005686787241e+02
5.177840255094811255e+02
5.167950307172058046e+02
5.156837275639059044e+02
5.144663101747128167e+02
5.131734361502318507e+02
5.118504040058323881e+02
5.105445080376865690e+02
5.096918047172363799e+02
5.089991443459030052e+02
5.084112706185077855e+02
5.079241374909168485e+02
5.075306162669525065e+02
5.072144032176338442e+02
5.069789843069962103e+02
5.068183094855155559e+02
5.067386201560269683e+02
5.067388915402428893e+02
5.068833012288857276e+02
5.074289312121684929e+02
5.094408656269644098e+02
5.151788611848261326e+02
5.262404828875337444e+02
5.368177037640834897e+02
5.412086255475758207e+02
5.410223765416739070e+02
5.391525225237696759e+02
5.366462746086777997e+02
5.338838935818257596e+02
5.309847046601020111e+02
5.280114811562302748e+02
5.249950063049967639e+02
5.221253466284625802e+02
5.192483272721561889e+02
5.163991396042817996e+02
5.135966667029331347e+02
5.108602305891076298e+02
5.082062805394695602e+02
5.056466830029527841e+02
5.031887658077304764e+02
5.008298457343175301e+02
4.985641554027193365e+02
4.963764485689263211e+02
4.942511701014946084e+02
4.921720893375790524e+02
4.901233668835893127e+02
4.880944081517126847e+02
4.860765399984601345e+02
4.840637212253811299e+02
4.820556890126599114e+02
4.800519782201765224e+02
4.780579254082381908e+02
4.760820692486636858e+02
4.741343958432964882e+02
4.722331913162455521e+02
4.703948279030011577e+02
4.687924884546895328e+02
4.673185357155485349e+02
4.659740755884447481e+02
4.647913732939362603e+02
4.638028134726407075e+02
4.630464256936667198e+02
4.625522854017827399e+02
4.623608682578264961e+02
4.625032489552494326e+02
4.630227836545986975e+02
4.639513191722491001e+02
4.653173621841881413e+02
4.671312306575277375e+02
4.693588171685379962e+02
4.719369462757253473e+02
4.747409830823797847e+02
4.776245731799018586e+02
4.804279651409894427e+02
4.830237548360751134e+02
4.853331935505494812e+02
4.873453616602357101e+02
4.891064529319903045e+02
4.907099272769397089e+02
4.922712365582324310e+02
4.939114793530892484e+02
4.957184981615927200e+02
4.977176956673549171e+02
4.998700148840404154e+02
5.020849003125484273e+02
5.042175570817873336e+02
5.051924645887904717e+02
5.070401720902943907e+02
5.085961147858877212e+02
5.098342735748650512e+02
5.107468779504736176e+02
5.113644017338273216e+02
5.117068457517584079e+02
5.118233866495273219e+02
5.117492028589044253e+02
5.115294638276411661e+02
5.112035492221280606e+02
5.108048040365025599e+02
5.103637267223414824e+02
5.099005520593054825e+02
5.094266034682229360e+02
5.089510103285010132e+02
5.084732525274812929e+02
5.080130214583787733e+02
5.074133123150285201e+02
5.068677524164454553e+02
5.063821265247473775e+02
5.059522107383261300e+02
5.055552500930200495e+02
5.051277089360057744e+02
5.045984687815928282e+02
5.038928432270417375e+02
5.029565824193900312e+02
5.017321152839328988e+02
5.002017923731248175e+02
4.983290135867140975e+02
4.961056363201359432e+02
4.935452013007778191e+02
4.906596053232836425e+02
4.875099862196336744e+02
4.841368486079068703e+02
4.805974491369343014e+02
4.769397038404618456e+02
4.731992129869752830e+02
4.694143563452201420e+02
4.656076143297615886e+02
4.618025155145678582e+02
4.580149363454809759e+02
4.540644703453060060e+02
4.499459645777204173e+02
4.458960304825735648e+02
4.419221122820744654e+02
4.380303546432690496e+02
4.342256902759033323e+02
4.305114216125156190e+02
4.268915629107698351e+02
4.233672581806915787e+02
4.199416323667099959e+02
4.166151185012668634e+02
4.133886205223438424e+02
4.102633679148185024e+02
4.072378518575442286e+02
4.043137451212302267e+02
4.014887786800124445e+02
3.987631133701365229e+02
3.961356737901974157e+02
3.936040904241461931e+02
3.911686936702737967e+02
3.888259001808433482e+02
3.865754420806746339e+02
3.844150220061066534e+02
3.823421043295876984e+02
3.802621135203733616e+02
3.781846263450743209e+02
3.762013624124032276e+02
3.743085205819884322e+02
3.725044243589767916e+02
3.707877838745142753e+02
3.691548482135168570e+02
3.676060254083795371e+02
3.661371631463575227e+02
3.647475687049282556e+02
3.634350695280447781e+02
3.621964968097197470e+02
3.610316458724152540e+02
3.599357827119506510e+02
3.589084962309356683e+02
3.579458417702016959e+02
3.570450065864848739e+02
3.562041122560640929e+02
3.554182315978787301e+02
3.546859721770820215e+02
3.540024652185395553e+02
3.533650196805514270e+02
3.527706727931816317e+02
3.522157271093085456e+02
3.516617376573191223e+02
3.511267237355982616e+02
3.506287511371426717e+02
3.501732006204393315e+02
3.497692832310366384e+02
3.494397964959875935e+02
3.492109730544484592e+02
3.491278933668092463e+02
3.492433878121914290e+02
3.495986382473727758e+02
3.502247191242257713e+02
3.510582562575048087e+02
3.519799061591972418e+02
3.528075089139873626e+02
3.533916377565279845e+02
3.536472051589819330e+02
3.535958552898318317e+02
3.532813074359238499e+02
3.527848874223291773e+02
3.521661254590464978e+02
3.514734482173727201e+02
3.507431309956553491e+02
3.499967344136789507e+02
3.492508114504377090e+02
3.484792383622030911e+02
3.476321355411595846e+02
3.468068963982360060e+02
3.460039926902433081e+02
3.452220270298889773e+02
3.444594997221073527e+02
3.437161203457183660e+02
3.429937431621326596e+02
3.423041969966379838e+02
3.416755388553670514e+02
3.411703913839019719e+02
3.409247395462591044e+02
3.411132482133503458e+02
3.418676964921609169e+02
3.429766690384513481e+02
3.440741786403537503e+02
3.450859479821566538e+02
3.462921088201767930e+02
3.480956401848375208e+02
3.507322383632322840e+02
3.541017490622179480e+02
3.579682814612435209e+02
3.624638036130212981e+02
3.680397162262302118e+02
3.751705946804648875e+02
3.838283003302109933e+02
3.928623047875437351e+02
4.013565864207172353e+02
4.090600604786682197e+02
4.162518138913113148e+02
4.236604487745265146e+02
4.321629975218971254e+02
4.422258616096267474e+02
4.524966653451825209e+02
4.605010258768544986e+02
4.652900713298667483e+02
4.673971424517618516e+02
4.678432462374364604e+02
4.673055025842704140e+02
4.662631804801829389e+02
4.650233800542215477e+02
4.638072534768783157e+02
4.627317022762730403e+02
4.618385208172865646e+02
4.610705192844870339e+02
4.603364905742908491e+02
4.595363401122016285e+02
4.586476888327881056e+02
4.576019485778684270e+02
4.565985157492634698e+02
4.556134814851129136e+02
4.546796002008239839e+02
4.538409253526398288e+02
4.531525646097845765e+02
4.526802129859436263e+02
4.525400783645454226e+02
4.528169294365035853e+02
4.535463939670535183e+02
4.546119903419720458e+02
4.557125892979012747e+02
4.564831699117051471e+02
4.567120882000183428e+02
4.563578338763032320e+02
4.555382808137438246e+02
4.544232267024708563e+02
4.531464397762059662e+02
4.518424818383483625e+02
4.505935074996385765e+02
4.494660420964644345e+02
4.485039878990215811e+02
4.477224921199020855e+02
4.471231120220720641e+02
4.466237576709152677e+02
4.462586189584967542e+02
4.459801833950458558e+02
4.457475402662430497e+02
4.455173772378336139e+02
4.452758449675465613e+02
4.450063311563426396e+02
4.447026946949507646e+02
4.443602194116368764e+02
4.439656185371167112e+02
4.435111307789755415e+02
4.429885618969169059e+02
4.423959446809205360e+02
4.417458503512330026e+02
4.410549994766943769e+02
4.403438860840243478e+02
4.396322470538414109e+02
4.389269319173308190e+02
4.382294983683240162e+02
4.375228842015351347e+02
4.367887672743993903e+02
4.359928777081736371e+02
4.351117787646336978e+02
4.341160396524209659e+02
4.329358017484736365e+02
4.315971613036485905e+02
4.300968322586029444e+02
4.284361894861227711e+02
4.266027818569232295e+02
4.246022513214784908e+02
4.224394060575038452e+02
4.201275309905137192e+02
4.176852526800216197e+02
4.151322713701962357e+02
4.124916143906880279e+02
4.097825878483438942e+02
4.070253042129922960e+02
4.042352429123606612e+02
4.014274008175932522e+02
3.986132721694054908e+02
3.958026241866905366e+02
3.930040240010007437e+02
3.902228447525787374e+02
3.874652385646751895e+02
3.847338104374055092e+02
3.820324672649824151e+02
3.793630383876157453e+02
3.767272429778582818e+02
3.741616194955764740e+02
3.716242786404895924e+02
3.691271774223238822e+02
3.666702977472366456e+02
3.642558055503473042e+02
3.618850612382510690e+02
3.595589191264254509e+02
3.572801165655919817e+02
3.550488048887397099e+02
3.528678632494153931e+02
3.507381712017113387e+02
3.486613823351564179e+02
3.466397178072009524e+02
3.446736655935752651e+02
3.427662372313325250e+02
3.409179728068259010e+02
3.391314577579886418e+02
3.374085118232080163e+02
3.357506700416017793e+02
3.341613174007648581e+02
3.326415702935116769e+02
3.311955191961690730e+02
3.298252841288849595e+02
3.285343958637180322e+02
3.273676854747448033e+02
3.262838770472670262e+02
3.252884880293002539e+02
3.243832798057601394e+02
3.235733497317883689e+02
3.228616502455265618e+02
3.222507970679644700e+02
3.217453190297284777e+02
3.213450535602049172e+02
3.210536730745952809e+02
3.208699677053525079e+02
3.207933202259187624e+02
3.208225199385915403e+02
3.209519717057573871e+02
3.211786318642032256e+02
3.214943007746215358e+02
3.218914200878453471e+02
3.223615781563187852e+02
3.228934713649999821e+02
3.234777177298551010e+02
3.241027658257494863e+02
3.247574889293077831e+02
3.254324029406882914e+02
3.261164728654773626e+02
3.267851747651591836e+02
3.274459073816453838e+02
3.280895371752309302e+02
3.287113045127446753e+02
3.293052007141006357e+02
3.298680810478699641e+02
3.303969675023477635e+02
3.308891539402150670e+02
3.313443642759218051e+02
3.317611687010225978e+02
3.321400646957146705e+02
3.324815144624668619e+02
3.327860190600566170e+02
3.330554139638952620e+02
3.332906032075705411e+02
3.334935007140468315e+02
3.336658793499979083e+02
3.338092082095574256e+02
3.339257923837288331e+02
3.340170010573953618e+02
3.340848915644210706e+02
3.341312028651443597e+02
3.341573463259271080e+02
3.341653834314192864e+02
3.341511511027378560e+02
3.341073843041137366e+02
3.340511597958869743e+02
3.339838143438515203e+02
3.339070055987606906e+02
3.338217600004591077e+02
3.337296072476262339e+02
3.336316328260983823e+02
3.335289586232553347e+02
3.334228182908605049e+02
3.333140302499767245e+02
3.332037689205303650e+02
3.330928483522167198e+02
3.329821496878712423e+02
3.328725649448239778e+02
3.327647364288096696e+02
3.326595183162813782e+02
3.325575366414599898e+02
3.324594467263449928e+02
3.323659220830703589e+02
3.322774630762275478e+02
3.321947148184100342e+02
3.321181638443277961e+02
3.320483377045104589e+02
3.319833221262343841e+02
3.319210380533776856e+02
3.318668761080919580e+02
3.318211237910281284e+02
3.317841981484563689e+02
3.317564219622597079e+02
3.317380998197494932e+02
3.317296193140155083e+02
3.317311863536555165e+02
3.317431990765734895e+02
3.317658499557258551e+02
3.317994374432462337e+02
3.318442298700793458e+02
3.319003732363441372e+02
3.319682090572810580e+02
3.320478113037924572e+02
3.321394810519773273e+02
3.322433615956411472e+02
3.323596024818078831e+02
3.324884979094405821e+02
3.326300987254170423e+02
3.327847726689239494e+02
3.329526571975299021e+02
3.331340697003549849e+02
3.333182948887175030e+02
3.335223261113655440e+02
3.337393683073171928e+02
3.339697409675771951e+02
3.342142084548863181e+02
3.344734427766622389e+02
3.347483365351577049e+02
3.350401220979645700e+02
3.353498741720893577e+02
3.356794991312464163e+02
3.360305085005952037e+02
3.364053858607884422e+02
3.368065878037923540e+02
3.372369969386290904e+02
3.377006057829983092e+02
3.382008185020566771e+02
3.387433456097122644e+02
3.393329803582263935e+02
3.399765940035981089e+02
3.406818518876054327e+02
3.414561235185972805e+02
3.423105524489538993e+02
3.432533345149043384e+02
3.442969479358460489e+02
3.454163571102279775e+02
3.466600132313773202e+02
3.480308095130899915e+02
3.495303388349234410e+02
3.511615884905567100e+02
3.529186218571130667e+02
3.547889706564012613e+02
3.567579926319816650e+02
3.587995926167153584e+02
3.608858025082895438e+02
3.629876489416755589e+02
3.650681273565413107e+02
3.671000666391292384e+02
3.690528106339677947e+02
3.708983873512169112e+02
3.726221619807810725e+02
3.742012556368001697e+02
3.756290953504692425e+02
3.768967020721563586e+02
3.779963331636775479e+02
3.789315485743904333e+02
3.796976893138890432e+02
3.802995929276714264e+02
3.807416039814384590e+02
3.809412177406283604e+02
3.809684833274339439e+02
3.808528741137052407e+02
3.806062951140531254e+02
3.802419460163269491e+02
3.797689805035133190e+02
3.792021299709805362e+02
3.785513017337471524e+02
3.778276288301768773e+02
3.770428099411861922e+02
3.762049929972518498e+02
3.753254558757138284e+02
3.744123133608734406e+02
3.734739192553008138e+02
3.725188586531424448e+02
3.715529706970088455e+02
3.705836311426654106e+02
3.696157000582913952e+02
3.686538730606128524e+02
3.677023934522110267e+02
3.667637858365168313e+02
3.658410910769322300e+02
3.649359257159328536e+02
3.640497960875655963e+02
3.632015111155332079e+02
3.623751692450620681e+02
3.615704091680736383e+02
3.607872386562623888e+02
3.600263434649295959e+02
3.592885118670660631e+02
3.585748719935431268e+02
3.578873620245298639e+02
3.572278373459340060e+02
3.565996576400968934e+02
3.560056268116426281e+02
3.554501498932878576e+02
3.549374722284569543e+02
3.544719768639941435e+02
3.540595486531987035e+02
3.537039251918141645e+02
3.534111082449121000e+02
3.531846224147670910e+02
3.530280221145783344e+02
3.529447765856731394e+02
3.529351490118918946e+02
3.530003909897587278e+02
3.531388076851150117e+02
3.533474083306001603e+02
3.536156042641528643e+02
3.539362778649486359e+02
3.543078530020122230e+02
3.547239048724394479e+02
3.551761944797393085e+02
3.556583898052595032e+02
3.561621745804424677e+02
3.566802900900291320e+02
3.572063192369021181e+02
3.577331834411885438e+02
3.582562803749687532e+02
3.587713385520573297e+02
3.592759628614572875e+02
3.597698235375680156e+02
3.602553034583586964e+02
3.607360576493598501e+02
3.612212669183914500e+02
3.617226491071663190e+02
3.622623332431886638e+02
3.628842575953340770e+02
3.636748662469310034e+02
3.648671515536461243e+02
3.669124411009881328e+02
3.707266638318960190e+02
3.770195141704406865e+02
3.848082128838468066e+02
3.913346967829062351e+02
3.953506672987495563e+02
3.974402155340430340e+02
3.986876226251856110e+02
3.997005920205257894e+02
4.008566188712283633e+02
4.024404717065309001e+02
4.047506538114202499e+02
4.080024510746269470e+02
4.123198744201143882e+02
4.175013815344841532e+02
4.230309764849125145e+02
4.282422653776319521e+02
4.327248840904680947e+02
4.362784501146831531e+02
4.389676669701527203e+02
4.409152650406754219e+02
4.423005795489833076e+02
4.432998180422213750e+02
4.440423477733128834e+02
4.446450158166197184e+02
4.451714490938529138e+02
4.455035137242668384e+02
4.458962947370262100e+02
4.463302493323582780e+02
4.468120246182032247e+02
4.473264587370670142e+02
4.478547519242106318e+02
4.483606605329268859e+02
4.488433452960812815e+02
4.493524253127854990e+02
4.501243440162191405e+02
4.516949603069225532e+02
4.551316910383526420e+02
4.615632564609493329e+02
4.698770082917217792e+02
4.765322643299031142e+02
4.799882609911339841e+02
4.811819005599405159e+02
4.814266969497308537e+02
4.814521016448348973e+02
4.816610340356497773e+02
4.823189934609681018e+02
4.836615633249157895e+02
4.858329338226376990e+02
4.887985607831973880e+02
4.920406159636314101e+02
4.956197410789400806e+02
5.003657384585170576e+02
5.077444000779926796e+02
5.195982335169555881e+02
5.357516821180036004e+02
5.548611167803824173e+02
5.723035109756154952e+02
5.832415155544133540e+02
5.872904248041205619e+02
5.876762128885826542e+02
5.864156415726585010e+02
5.845361088474345479e+02
5.824112999173777325e+02
5.802065745598807780e+02
5.779974987719209594e+02
5.758314210598964564e+02
5.737442196881171412e+02
5.717548088464384364e+02
5.698873962165284865e+02
5.681433859434944225e+02
5.665245474007845132e+02
5.650204585914294739e+02
5.636074653915644603e+02
5.618010142582367052e+02
5.596892237505091998e+02
5.575964556301321409e+02
5.554939399217249729e+02
5.533538724831454374e+02
5.511609794832877469e+02
5.489106274670623407e+02
5.466074590443632815e+02
5.442677411865189470e+02
5.419161151670534764e+02
5.395736359392807344e+02
5.372694907663810682e+02
5.350214695848693509e+02
5.328452573986761536e+02
5.307544699363226073e+02
5.287542385370039710e+02
5.268521565752579363e+02
5.250538182130841278e+02
5.233586921629746485e+02
5.217732027473085736e+02
5.202885627806651883e+02
5.188947243115559331e+02
5.175705857166694841e+02
5.162835455758682883e+02
5.146991281936428777e+02
5.129574095138677876e+02
5.111531981073756015e+02
5.092677905442538417e+02
5.072892158767144792e+02
5.052233624037942832e+02
5.030844163596276530e+02
5.008980264697900111e+02
4.986949331719419547e+02
4.965103423887469489e+02
4.943861869036551866e+02
4.923655934158637137e+02
4.905124368007399198e+02
4.889035809662514680e+02
4.876690438190116197e+02
4.870004541726725620e+02
4.871184490645360938e+02
4.882299893628276664e+02
4.902307550597323029e+02
4.927551893732237431e+02
4.953319644230506356e+02
4.978479574068488205e+02
5.002843289017840220e+02
5.026612816417280101e+02
5.044501576344235900e+02
5.056243872362492766e+02
5.059684844592167678e+02
5.054224623248289845e+02
5.040315806815430619e+02
5.019424777662732708e+02
4.993533774372238554e+02
4.964179166595081369e+02
4.933108404248811212e+02
4.901522205383804476e+02
4.870511668931603708e+02
4.840987186242174971e+02
4.813451421613709726e+02
4.788186283199984246e+02
4.764949379929261681e+02
4.743263661604836443e+02
4.722478172502941334e+02
4.702346717502146589e+02
4.682759544723864451e+02
4.664015626380877393e+02
4.646340682939808175e+02
4.629598117974329057e+02
4.613550760686028980e+02
4.597642701610759559e+02
4.581126743409490132e+02
4.567530183814980091e+02
4.557204692710023437e+02
4.550899931999958881e+02
4.547511351517662774e+02
4.544675420238158381e+02
4.540056948214299837e+02
4.533379339623164128e+02
4.525969312453179896e+02
4.520740450388574914e+02
4.520619554280691546e+02
4.528959577897945792e+02
4.549505721256738298e+02
4.584606994142096710e+02
4.635858753135105417e+02
4.701003930905686730e+02
4.776636860012186503e+02
4.857023016114528104e+02
4.936459397462122070e+02
5.008453019163605404e+02
5.070986205316797850e+02
5.124532338033151291e+02
5.171875237725155330e+02
5.214588301681451412e+02
5.254537515322234640e+02
5.291456947747727781e+02
5.325012025690034534e+02
5.355029277895794166e+02
5.380741795323353927e+02
5.401407330300946796e+02
5.409704291724002587e+02
5.421878171226870791e+02
5.429513737311132218e+02
5.432654649154242179e+02
5.432037473085441661e+02
5.428413160450628538e+02
5.422210955398502392e+02
5.413830749160739515e+02
5.403430097045511502e+02
5.391159388396159784e+02
5.377055044596078233e+02
5.361220954526410196e+02
5.343727228036482302e+02
5.324643942061077269e+02
5.304069852861709933e+02
5.282007670451459944e+02
5.258526313126578771e+02
5.233624260879654457e+02
5.207095921726446477e+02
5.179421841045630117e+02
5.150587318634371741e+02
5.120663149637258584e+02
5.089692547395017641e+02
5.057778595669632296e+02
5.025019155284349495e+02
4.991526887465827826e+02
4.957429889324055239e+02
4.922834816017338539e+02
4.887865809996151825e+02
4.852610661974587174e+02
4.817169874281991042e+02
4.781613870373257100e+02
4.746025868961896776e+02
4.710467720925609569e+02
4.675016319779119272e+02
4.639746380510966901e+02
4.604729806439014510e+02
4.570064864610855011e+02
4.535817876163413302e+02
4.502091876208313579e+02
4.468959487728994873e+02
4.436502278364613403e+02
4.405384342382621981e+02
4.375490496937294438e+02
4.346480939246039270e+02
4.318378982846747363e+02
4.291217643827951633e+02
4.265014337757844487e+02
4.239756937076243162e+02
4.215451386524112536e+02
4.192059713319582670e+02
4.169566064323184378e+02
4.147925606727561672e+02
4.127095860849540827e+02
4.107035254993299986e+02
4.087684324185956370e+02
4.069008127300044748e+02
4.050944149869591229e+02
4.033455320032153963e+02
4.016490109273612461e+02
4.000006592863537094e+02
3.983971438782668884e+02
3.968339184350730307e+02
3.953086310660017375e+02
3.938174337460995389e+02
3.923581558797025650e+02
3.909054730398520974e+02
3.894628568839036120e+02
3.880459263095681308e+02
3.866529956361241602e+02
3.852839112326250870e+02
3.839380576274467103e+02
3.826154038639037935e+02
3.813164861311787490e+02
3.800412256863461380e+02
3.787907623871109877e+02
3.775653062769918051e+02
3.763657702435866099e+02
3.751929035769772440e+02
3.740469711287485666e+02
3.729290433038745505e+02
3.718390302907361047e+02
3.707776561598668081e+02
3.697449506850666126e+02
3.687408943197016242e+02
3.677658188289848340e+02
3.668191188914872214e+02
3.659010374366821452e+02
3.650109791256734866e+02
3.641486704629973588e+02
3.633412347623964251e+02
3.625748640107906340e+02
3.618331574923595895e+02
3.611151038652753869e+02
3.604202640608656338e+02
3.597479780366109026e+02
3.590974180879884443e+02
3.584682680589352799e+02
3.578595324105758664e+02
3.572708549956589650e+02
3.567014669488904133e+02
3.561506902151526788e+02
3.556180851376886949e+02
3.551027193134777917e+02
3.546042571756546522e+02
3.541218376582182827e+02
3.536549066885819457e+02
3.532028799507739905e+02
3.527649263433564215e+02
3.523406157065738284e+02
3.519290696146426853e+02
3.515297247298926777e+02
3.511418756767452010e+02
3.507646766693595168e+02
3.504186410513825649e+02
3.500957323699625476e+02
3.497843170277136551e+02
3.494838421719565531e+02
3.491938376587932567e+02
3.489139440967463770e+02
3.486435631282171244e+02
3.483823707855464136e+02
3.481298237033354326e+02
3.478854997464110284e+02
3.476489974717326277e+02
3.474197727948717898e+02
3.471974860126065892e+02
3.469815972200437955e+02
3.467717449644987369e+02
3.465674823855472368e+02
3.463684193641844900e+02
3.461742099098038921e+02
3.459844939058697832e+02
3.457990443948177699e+02
3.456175714866525936e+02
3.454400462273449079e+02
3.452662628622458101e+02
3.450963769011389104e+02
3.449119396858234836e+02
3.447261234073611149e+02
3.445420745121217010e+02
3.443598112601169419e+02
3.441797731286621342e+02
3.440020584707671105e+02
3.438269467166021514e+02
3.436546194151823670e+02
3.434850846336803443e+02
3.433184305311860385e+02
3.431544442052639283e+02
3.429928558003953754e+02
3.428331879308193493e+02
3.426747703562123775e+02
3.425166134861252090e+02
3.423578178019677694e+02
3.421969026234575608e+02
3.420325416149011630e+02
3.418630597367921951e+02
3.416864956368993376e+02
3.415012745054442007e+02
3.413050486974515252e+02
3.410961691519498800e+02
3.408725455074760475e+02
3.406184568430592776e+02
3.403311150520303840e+02
3.400219991689164658e+02
3.396898783981440033e+02
3.393331214787630188e+02
3.389508673298163899e+02
3.385423952260814531e+02
3.381071374683046997e+02
3.376452682306281190e+02
3.371565948736446785e+02
3.366418444525605196e+02
3.361013509917222564e+02
3.355358516910216053e+02
3.349463894620729434e+02
3.343334479982338507e+02
3.336984049060108646e+02
3.330417437137092520e+02
3.323645394083436031e+02
3.316680073025973456e+02
3.309527375041815844e+02
3.302203479033972258e+02
3.294718706564701165e+02
3.287088274863244806e+02
3.279336373450639712e+02
3.271637295446880103e+02
3.263667743464170599e+02
3.255659812991812601e+02
3.247654346725709047e+02
3.239704250466930944e+02
3.231851602072562173e+02
3.224158193597411923e+02
3.216675574584727428e+02
3.209460092342396820e+02
3.202574078250450498e+02
3.196066768674076570e+02
3.189998753593395122e+02
3.184418465780947258e+02
3.179368188083374207e+02
3.174894007458933061e+02
3.171022238097955892e+02
3.167780504043843735e+02
3.165187085653426493e+02
3.163236506349588240e+02
3.161932501347814650e+02
3.161243434706646553e+02
3.161139556513410867e+02
3.161581589383694109e+02
3.162497508968841657e+02
3.164105091266411591e+02
3.166427432912628888e+02
3.168991263441865271e+02
3.171707759460718989e+02
3.174474078372812187e+02
3.177223343344364253e+02
3.179865570781271344e+02
3.182342412518336232e+02
3.184597851659280536e+02
3.186580814518626426e+02
3.188263761387673867e+02
3.189617996972307310e+02
3.190629869557675420e+02
3.191296505731596085e+02
3.191614981152322343e+02
3.191595430300655494e+02
3.191248419889077468e+02
3.190586366866693879e+02
3.189630928052666832e+02
3.188397825452401548e+02
3.186907979273613023e+02
3.185181734520098189e+02
3.183235702659935100e+02
3.181092447714579521e+02
3.178732812014523574e+02
3.176474420514782082e+02
3.174106083259313209e+02
3.171634068693208519e+02
3.169067907938950270e+02
3.166414579309861779e+02
3.163681071323968581e+02
3.160875711610652843e+02
3.158003522676324337e+02
3.155072185055321938e+02
3.152086802526216047e+02
3.149052208820972396e+02
3.145973316947003582e+02
3.142853155424066927e+02
3.139695300422610558e+02
3.136502242696860776e+02
3.133275858781461807e+02
3.130017764489996352e+02
3.126729536716664484e+02
3.123411698152445410e+02
3.120065951844021015e+02
3.116692438625691466e+02
3.113292571497429435e+02
3.109867385614108457e+02
3.106546114266531049e+02
3.103284061931827864e+02
3.099987083391325768e+02
3.096656825075547204e+02
3.093294570707951152e+02
3.089902160314756543e+02
3.086483311505712663e+02
3.083041080511644623e+02
3.079581166359294571e+02
3.076108759590657087e+02
3.072632140968123053e+02
3.069158920388206866e+02
3.065700439341410402e+02
3.062268080440662743e+02
3.058875442174700083e+02
3.055540438037564854e+02
3.052277661661102002e+02
3.049112764264067437e+02
3.046063534686851995e+02
3.043157342528352842e+02
3.040422310544405491e+02
3.037880530510911399e+02
3.035574241366065280e+02
3.033518863385558575e+02
3.031725191986161576e+02
3.030228148395196968e+02
3.029071435610552498e+02
3.028290816650048214e+02
3.027891697072137163e+02
3.027913088500704930e+02
3.028356801404697194e+02
3.029249907907627062e+02
3.030612020614584594e+02
3.032464254138117212e+02
3.034848771823559446e+02
3.037799267423916945e+02
3.041382242293524882e+02
3.045665494712425811e+02
3.050769811103614302e+02
3.056814030157911475e+02
3.064018230245392260e+02
3.072602143047695336e+02
3.082889834294402931e+02
3.095271942470073441e+02
3.110125304766404497e+02
3.127981147811674987e+02
3.149203499975643012e+02
3.174225177943190488e+02
3.203620239159293419e+02
3.237953833863564341e+02
3.276286733031781750e+02
3.317993604057502353e+02
3.362353240081850458e+02
3.408483097077352681e+02
3.455310499129025175e+02
3.501920627891373670e+02
3.547409299429096450e+02
3.591003420369224841e+02
3.632180710486051680e+02
3.670523561881057617e+02
3.705783636046095921e+02
3.737949848825390404e+02
3.766979491666779722e+02
3.793081384478878135e+02
3.816420568681101031e+02
3.837228956185857669e+02
3.855796505343346894e+02
3.872311444579326576e+02
3.887056378550930162e+02
3.900196140410811836e+02
3.911923452226961331e+02
3.922388964415335408e+02
3.931934559683429597e+02
3.940737310833515608e+02
3.948571293542372587e+02
3.955535598027711899e+02
3.961693926822924823e+02
3.967108691393901267e+02
3.971863588779672227e+02
3.976007757021843076e+02
3.979632505589842140e+02
3.982810248884230191e+02
3.985620822729761699e+02
3.988172754037387335e+02
3.990547473264284690e+02
3.992865704438059424e+02
3.995240747084900477e+02
3.997780902265490681e+02
4.000633532930890510e+02
4.003902782065498513e+02
4.007728314473251885e+02
4.012231670599583140e+02
4.017508693408867089e+02
4.023680939595885775e+02
4.030803304010944430e+02
4.038938807369088977e+02
4.048274889072327483e+02
4.059002856029266582e+02
4.070731570962792034e+02
4.083364625054570070e+02
4.096787924151925608e+02
4.110883674941016466e+02
4.125467554689619760e+02
4.140384180753982264e+02
4.155442805872343683e+02
4.170435118930282670e+02
4.185201700933758957e+02
4.199530628458633714e+02
4.213274526712111197e+02
4.226283520523289781e+02
4.238412136674720045e+02
4.249592278780594938e+02
4.259723219045639553e+02
4.268781227440121029e+02
4.276748109484224756e+02
4.283614828557589931e+02
4.289436021930467859e+02
4.294225951434877970e+02
4.298057807228475440e+02
4.300981203195170224e+02
4.302520958448512260e+02
4.303276476049805979e+02
4.303241331899965303e+02
4.302479865389029214e+02
4.301031304349855873e+02
4.298933368822802663e+02
4.296247108921638187e+02
4.293020828772946516e+02
4.289335172814628550e+02
4.285311222534518834e+02
4.281091201981777772e+02
4.276943996279208022e+02
4.273233850577157114e+02
4.270526663276864383e+02
4.269755729547870260e+02
4.272128055658625954e+02
4.279602718953008775e+02
4.294468544082253061e+02
4.319431847456414744e+02
4.357117695378307189e+02
4.408193727855961015e+02
4.471597653101096057e+02
4.542364878479917252e+02
4.613591822441437671e+02
4.676992049338086304e+02
4.728504251183758242e+02
4.764624798886686108e+02
4.786771007493245520e+02
4.797192885985238604e+02
4.799479256071586519e+02
4.796385724802609047e+02
4.789738332303043080e+02
4.780532322983261224e+02
4.768811698984513896e+02
4.754508902538311190e+02
4.737804650805511528e+02
4.719075515927536344e+02
4.699052599464401965e+02
4.678352564017630471e+02
4.657443675644908012e+02
4.636481893933146239e+02
4.615329844824585166e+02
4.593712783471764851e+02
4.571367565304933009e+02
4.548094068531927405e+02
4.523992247713802044e+02
4.499197538830408121e+02
4.474025166968198732e+02
4.449012984181910610e+02
4.424221743918902803e+02
4.400028412940538942e+02
4.376510183236318312e+02
4.353753965355058995e+02
4.331801143083650345e+02
4.310670611325440973e+02
4.290390241394650843e+02
4.270950130507384301e+02
4.252363615997035708e+02
4.234620904557766607e+02
4.217717153575979978e+02
4.201653262196131209e+02
4.186412788049772757e+02
4.172003323332024820e+02
4.158410229934961535e+02
4.145637316772406962e+02
4.133681989273834461e+02
4.122539293428709470e+02
4.112218931857358371e+02
4.102712270810217206e+02
4.094032289993524500e+02
4.086177040275334775e+02
4.079152820643778341e+02
4.073098096524716993e+02
4.067834869325099589e+02
4.063361732021049306e+02
4.059665831612111901e+02
4.056747265737918156e+02
4.054593519495391547e+02
4.053185098385452534e+02
4.052506004428976212e+02
4.052518022186558255e+02
4.053186860973759735e+02
4.054463038756725837e+02
4.056282352770231228e+02
4.058582768102782552e+02
4.061276616211152941e+02
4.064279110136803865e+02
4.067499277651709804e+02
4.070824077066519635e+02
4.074168162737654484e+02
4.077413845537257089e+02
4.080466822800628393e+02
4.083235373594434350e+02
4.085610958037829050e+02
4.087533282070149312e+02
4.088904193494125821e+02
4.089264927484682630e+02
4.089426348570898426e+02
4.088857133734971967e+02
4.087539237082764885e+02
4.085427517123976600e+02
4.082516399035574750e+02
4.078797293976932679e+02
4.074262743962200943e+02
4.068936254035415914e+02
4.062826726625518177e+02
4.055972609766794790e+02
4.048429093594529036e+02
4.040267210414328360e+02
4.031639964217356464e+02
4.022795506529889735e+02
4.014199415185504449e+02
4.006853283630819647e+02
4.002383682405594527e+02
4.004012022086258185e+02
4.015565952247570749e+02
4.039784489392436626e+02
4.074683809300810253e+02
4.114557119337483186e+02
4.157384865621360177e+02
4.204875576371078409e+02
4.261275292810991573e+02
4.319222392582300358e+02
4.375068442300069478e+02
4.427034672284045769e+02
4.476257550924115094e+02
4.525326658163985485e+02
4.582013434620867542e+02
4.654917531485364748e+02
4.748188405002330796e+02
4.849191603959940267e+02
4.939684180234859241e+02
5.011155783742989911e+02
5.067681899185641896e+02
5.112420838895994279e+02
5.148349571369983551e+02
5.176760445354469766e+02
5.200043103702842018e+02
5.220661730218813545e+02
5.241407952303982256e+02
5.264647561926950630e+02
5.290918988551333086e+02
5.319184822279712535e+02
5.347210470756086806e+02
5.370726577444110035e+02
5.394394270490640793e+02
5.417424410718574563e+02
5.441147159661439900e+02
5.467057483681676331e+02
5.495465644243054157e+02
5.525971066717697795e+02
5.556828383825164792e+02
5.585528664005383916e+02
5.608955212523317186e+02
5.624779991475942325e+02
5.631637104211163205e+02
5.629695762581159215e+02
5.620039123945491610e+02
5.603910459127673676e+02
5.582896057577652300e+02
5.558067984294144708e+02
5.530479093602768899e+02
5.500887350269338185e+02
5.469826941809390064e+02
5.437767191091512586e+02
5.405002958164018310e+02
5.371793871633271920e+02
5.338324609987661233e+02
5.301241182442043964e+02
5.263496865498727857e+02
5.226051467551219503e+02
5.188993409331119437e+02
5.152405862312174349e+02
5.116390218928010540e+02
5.081015724035482890e+02
5.046384702269094191e+02
5.012556818446811917e+02
4.979613166852416839e+02
4.947614500564159812e+02
4.916604818457157648e+02
4.886650265666754080e+02
4.857761972946073570e+02
4.830008666696165278e+02
4.803398851823155269e+02
4.777982335878948561e+02
4.753804235438749970e+02
4.730887202536698624e+02
4.709331810488626502e+02
4.689148768648176997e+02
4.670452233132481297e+02
4.653288547104331201e+02
4.637715271315526593e+02
4.621718371379412815e+02
4.606653946820291594e+02
4.593289039498650368e+02
4.581511471848350538e+02
4.571254751796190590e+02
4.562380696692471247e+02
4.554688657293012852e+02
4.548017641309120336e+02
4.542110626325927569e+02
4.536792975853891221e+02
4.531843584134521166e+02
4.527115723735209372e+02
4.522459717187483079e+02
4.517792805161093384e+02
4.513051092372651851e+02
4.510663387291093045e+02
4.508348692221185274e+02
4.503369851842086291e+02
4.498336186666763865e+02
4.493275062801248509e+02
4.488245336030633439e+02
4.483300492405520572e+02
4.478497391628139894e+02
4.473894676731234767e+02
4.468575017746334765e+02
4.463220926485550990e+02
4.458226875500296842e+02
4.453665633558927084e+02
4.449632642503478905e+02
4.446318465815388663e+02
4.443983676752702650e+02
4.443177657968890912e+02
4.444812549761848572e+02
4.450256899542092128e+02
4.461762282582282069e+02
4.480768260232805460e+02
4.507528475418039875e+02
4.538447985656712262e+02
4.569231879673104118e+02
4.598242135295071193e+02
4.629214309794732571e+02
4.669511139785080900e+02
4.727012362742414666e+02
4.809579250754715076e+02
4.914701853785694539e+02
5.029321479590341255e+02
5.134872140332877279e+02
5.222801722600758012e+02
5.288094924516331048e+02
5.338867251328797465e+02
5.379042373300653708e+02
5.415413646716032190e+02
5.452994546286392961e+02
5.495521876207062633e+02
5.546346590298677484e+02
5.609404722075170184e+02
5.684508051262185973e+02
5.767102510891037355e+02
5.846529479423107887e+02
5.914959558657508296e+02
5.970264569701414530e+02
6.015230426205077947e+02
6.052854159078897283e+02
6.085070683561416445e+02
6.111389066292236976e+02
6.129326061913300236e+02
6.136781933137451688e+02
6.132565574478921917e+02
6.117808950802734671e+02
6.093705513867296304e+02
6.062449823308025998e+02
6.025497644394392864e+02
5.982566029750202006e+02
5.935049410169513067e+02
5.885467191431570200e+02
5.834766602924140670e+02
5.783501390244397271e+02
5.732259414573475169e+02
5.681435164417887336e+02
5.631373322658708958e+02
5.582379250961002981e+02
5.534693330184625211e+02
5.488569754828952227e+02
5.444212181246671207e+02
5.401838063805005277e+02
5.361591075142440559e+02
5.323620834822224879e+02
5.287974070316238340e+02
5.254705883683052434e+02
5.223859122548940377e+02
5.195445967519103760e+02
5.169604635523521665e+02
5.146313271169414065e+02
5.125601397778847286e+02
5.107340871949246548e+02
5.091234629371146525e+02
5.078682650141399790e+02
5.068084356323557813e+02
5.058886951082508858e+02
5.050714192634220581e+02
5.043287024646975283e+02
5.036462694545970749e+02
5.030292394358955903e+02
5.025090789902698134e+02
5.021464669932084917e+02
5.020674062240756257e+02
5.024274576392722338e+02
5.034855790734118273e+02
5.055386912411119056e+02
5.088199080440658690e+02
5.134123445153092007e+02
5.189210669020144451e+02
5.247138582686370682e+02
5.301834915481699682e+02
5.350821139820974395e+02
5.395353809722591905e+02
5.440617270562710246e+02
5.492229719389057436e+02
5.555607074228115607e+02
5.632988459164359938e+02
5.723763969936878766e+02
5.826969117352205103e+02
5.932947235166220707e+02
6.030433968513798391e+02
6.113807257394444150e+02
6.181131290470347039e+02
6.232813750844796914e+02
6.268751296217330946e+02
6.290544215507226227e+02
6.299665107697938993e+02
6.298927806198211101e+02
6.289553139850603429e+02
6.272936598718281402e+02
6.249804914541414291e+02
6.220749482542847772e+02
6.186495628036198013e+02
6.147576457657717128e+02
6.104471730025293255e+02
6.057558778782091622e+02
6.007168445112258723e+02
5.953627025873943239e+02
5.897528297443985821e+02
5.839320270253581384e+02
5.779726167227735232e+02
5.717997524399693248e+02
5.653626087469245931e+02
5.589661986991275171e+02
5.526420022915813206e+02
5.464255218544313948e+02
5.403383967081416586e+02
5.343984879865762423e+02
5.286242106151053122e+02
5.230228228572624403e+02
5.176084130234082750e+02
5.123856378150187538e+02
5.073600624200138896e+02
5.025379718468034866e+02
4.979167407956991269e+02
4.935008070258920725e+02
4.892838684223146402e+02
4.852625447855741072e+02
4.814305511721623816e+02
4.777762173563437500e+02
4.742915042140061814e+02
4.709616056955991894e+02
4.677751505668932168e+02
4.647187010887140559e+02
4.617800244128912937e+02
4.589900296329427647e+02
4.561964628232621521e+02
4.535025704533974249e+02
4.509022013232548147e+02
4.483923576836515963e+02
4.459680288556336905e+02
4.436281052381014547e+02
4.413701055451499542e+02
4.391917247073505450e+02
4.370929384223834404e+02
4.350701691420659358e+02
4.331229708519813926e+02
4.312494853169516773e+02
4.294469556253918654e+02
4.277157844984834583e+02
4.260523965525356971e+02
4.244567170302124737e+02
4.229275579501990023e+02
4.214629140592629142e+02
4.200643496118746612e+02
4.187291548908777372e+02
4.174587574599792674e+02
4.162524976923980944e+02
4.151097579459933513e+02
4.140697034657810605e+02
4.130757588768200321e+02
4.121461906769714574e+02
4.112789611989948639e+02
4.104731858164530536e+02
4.097288126491554294e+02
4.090431199636987003e+02
4.084170076010142907e+02
4.078476475220527391e+02
4.073346661944643188e+02
4.068772192072914891e+02
4.064731424375185043e+02
4.061234442519236723e+02
4.058254784163995623e+02
4.055801514679969841e+02
4.053870565005007052e+02
4.052459844235002038e+02
4.051601778430741660e+02
4.051294679314146379e+02
4.051596362001426428e+02
4.052542405502576912e+02
4.054195762477412472e+02
4.056656375662418554e+02
4.059973092462049635e+02
4.063874225720616096e+02
4.068197499369817933e+02
4.073390203103448926e+02
4.079359397017271931e+02
4.085893579821650974e+02
4.092734327629933091e+02
4.099508628444677925e+02
4.105851116973703938e+02
4.111398046345426565e+02
4.115873660479443856e+02
4.119018490920549311e+02
4.120764474942059223e+02
4.121005462010102747e+02
4.119820700349169442e+02
4.117273699073428475e+02
4.113482353736424102e+02
4.108615519053187768e+02
4.102776544867141979e+02
4.096145922896492948e+02
4.088818313638862492e+02
4.080915170077775542e+02
4.072519010307501617e+02
4.063698038617953330e+02
4.054516959144866064e+02
4.044171237586280085e+02
4.032288129104957761e+02
4.020172000994646169e+02
4.007857621656073661e+02
3.995359172155750116e+02
3.982698477366601537e+02
3.969882863153589483e+02
3.956914622084372581e+02
3.943796199257899389e+02
3.930509754606362662e+02
3.917046051210517135e+02
3.903375295946597703e+02
3.889471498700776806e+02
3.875302424495785090e+02
3.860834088389591443e+02
3.846034887833608309e+02
3.830881492814593230e+02
3.815353309801864725e+02
3.799445762112333114e+02
3.783162013120490883e+02
3.766513305397377280e+02
3.749534501218547007e+02
3.732251964627402003e+02
3.714725316187760882e+02
3.696995552599741472e+02
3.678537542841732488e+02
3.660080651758198087e+02
3.641683980723720993e+02
3.623435201223634294e+02
3.605396946285451349e+02
3.587653810799311032e+02
3.570286045264867312e+02
3.553356567151060403e+02
3.536954249726354078e+02
3.521132576123295621e+02
3.505966807061386135e+02
3.491517878903165411e+02
3.477830433615409902e+02
3.464975176649783180e+02
3.452976202953954044e+02
3.441893496621887607e+02
3.431755004109614333e+02
3.422590269168857731e+02
3.414439178429454387e+02
3.407299799816715904e+02
3.401202822396211900e+02
3.396128745233912696e+02
3.392064570346477126e+02
3.390196781602513170e+02
3.389334840549179262e+02
3.389260823741810782e+02
3.389879322957847876e+02
3.391084109118605170e+02
3.392770478848608491e+02
3.394815184463768674e+02
3.397099550216668717e+02
3.399524747557331352e+02
3.401967317640675788e+02
3.404355686425415684e+02
3.406592907710348754e+02
3.408612051532958276e+02
3.410365359855232441e+02
3.411787959049307233e+02
3.412864828104563912e+02
3.413555292429791166e+02
3.413848814876203051e+02
3.413739829157824488e+02
3.413221440600046890e+02
3.412310266835870038e+02
3.411014802691282739e+02
3.409355798905107235e+02
3.407359556857476832e+02
3.405407026316239012e+02
3.403194372432627119e+02
3.400736686924383889e+02
3.398055792665276726e+02
3.395175878545265959e+02
3.392115447713651406e+02
3.388896628574306646e+02
3.385536342919938306e+02
3.382051714851776865e+02
3.378458531512041532e+02
3.374768918367010428e+02
3.370995692363344460e+02
3.367147656705955114e+02
3.363233879325234739e+02
3.359260636187013347e+02
3.355233468313358003e+02
3.351156751510976051e+02
3.347033264614054247e+02
3.342866048355893440e+02
3.338655504372968039e+02
3.334403917425929649e+02
3.330110474571107488e+02
3.325776248210794392e+02
3.321401068548865396e+02
3.316918121642780761e+02
3.312172161160940504e+02
3.307374683743932451e+02
3.302528138934163735e+02
3.297632515652471739e+02
3.292689607787710315e+02
3.287702232530397168e+02
3.282671142133115154e+02
3.277600955188152057e+02
3.272493013825734351e+02
3.267351391260530704e+02
3.262179416659096773e+02
3.256979980585978183e+02
3.251757877355800019e+02
3.246515794772334402e+02
3.241258526353504408e+02
3.235989459614995098e+02
3.230712917499747050e+02
3.225432957627819519e+02
3.220153806805423073e+02
3.214879784423353613e+02
3.209615067832875184e+02
3.204364418003229957e+02
3.199131741976017906e+02
3.193761394458903169e+02
3.188300214688953815e+02
3.182866188978618425e+02
3.177463600036959974e+02
3.172097723263280500e+02
3.166775274437823100e+02
3.161502219590324785e+02
3.156289528619490170e+02
3.151148302073167997e+02
3.146098147205280497e+02
3.141165925863484745e+02
3.136397719881694002e+02
3.131867065804083268e+02
3.127706461140990086e+02
3.124154599019921648e+02
3.121635150783680501e+02
3.121012632120511512e+02
3.123678798132643237e+02
3.132356888108085400e+02
3.150622816163216839e+02
3.182522263078944889e+02
3.229779497584970045e+02
3.289573130425220597e+02
3.357220298386875470e+02
3.429826243471790690e+02
3.508522244934302421e+02
3.589021191123200651e+02
3.667524022584498198e+02
3.741257186858771320e+02
3.811936013497106046e+02
3.881424276787799386e+02
3.952428612953156062e+02
4.025553973281835738e+02
4.100486276846052647e+02
4.174412628018107512e+02
4.243809825744377235e+02
4.305412522490350966e+02
4.358201104101548822e+02
4.402405034639574524e+02
4.439630266876353062e+02
4.470888114713911250e+02
4.496697354715292363e+02
4.517444911403050583e+02
4.533216234096839798e+02
4.544602023815365897e+02
4.552215050694194360e+02
4.556702170952734718e+02
4.558820064047228016e+02
4.558268450140213304e+02
4.555636912321892282e+02
4.551946007303916417e+02
4.547481311732087761e+02
4.542479326790946175e+02
4.537086069247216642e+02
4.531460787012636615e+02
4.525696628583565939e+02
4.519892259364326605e+02
4.514125356980986794e+02
4.508458513793540874e+02
4.502962736551355647e+02
4.497684094262762073e+02
4.492683672742814451e+02
4.488006080807008402e+02
4.483696354559210704e+02
4.479799939140269203e+02
4.476343494985183042e+02
4.473365908131506785e+02
4.470898321574769625e+02
4.468962572541481109e+02
4.467612506801769996e+02
4.466868875720748520e+02
4.466800587972430208e+02
4.466798263651797356e+02
4.467261715885524609e+02
4.468720632037284304e+02
4.471275307541468464e+02
4.475121792764321640e+02
4.480439806758992063e+02
4.487447817057291104e+02
4.496480647945347755e+02
4.507863668559040207e+02
4.522199264856339482e+02
4.540273190021446794e+02
4.563323188399592141e+02
4.593610862682583615e+02
4.634264709221677094e+02
4.690500587581651644e+02
4.767908554917607944e+02
4.870875433626056292e+02
5.000019314658468943e+02
5.154073700919745988e+02
5.330980643467200935e+02
5.518298569078758646e+02
5.699490844756068100e+02
5.878010574719507986e+02
6.065773713398991731e+02
6.257071557127489996e+02
6.415309794243638635e+02
6.517950233065989778e+02
6.573195688671039534e+02
6.596984119604409216e+02
6.599882544417754389e+02
6.587993425518386630e+02
6.565734617911805344e+02
6.536500399047487235e+02
6.502750467045826781e+02
6.466224329325888220e+02
6.428004612222445076e+02
6.388893688877650447e+02
6.349406654963785286e+02
6.309917818518981676e+02
6.270703814588044906e+02
6.231943074065255814e+02
6.193795938531991396e+02
6.156354108956871869e+02
6.119713790898526895e+02
6.083938779472697433e+02
6.049100930015372342e+02
6.015266668805433028e+02
5.982505702214718895e+02
5.949898371114376232e+02
5.917612046930310044e+02
5.886727852260048621e+02
5.857346754001167710e+02
5.829629208987887523e+02
5.803697379220006951e+02
5.779694675233828320e+02
5.757754295974298202e+02
5.737931749599171098e+02
5.720304065392821258e+02
5.704780701456734278e+02
5.691259521814840809e+02
5.679492434989658705e+02
5.669127800652274800e+02
5.659754535410576182e+02
5.650861175037532576e+02
5.641903368232676712e+02
5.632390593066942301e+02
5.621830976379417280e+02
5.609890017364941741e+02
5.596385456346125693e+02
5.581178883144250449e+02
5.564414253241862980e+02
5.546140493094703743e+02
5.525964557575715617e+02
5.504490778656351040e+02
5.481883620025301980e+02
5.458234002098434985e+02
5.433523051586153088e+02
5.407782477925314879e+02
5.381077067322300991e+02
5.353484311685283501e+02
5.325203513836213460e+02
5.296437211878712787e+02
5.267431651233013099e+02
5.238442716993970407e+02
5.209684840629105338e+02
5.181355437906863699e+02
5.153587069573063673e+02
5.126437066259995845e+02
5.099900151178330248e+02
5.073895993577435206e+02
5.048304669823668291e+02
5.023002626429637303e+02
4.997846196361380748e+02
4.972785185031291348e+02
4.947735609680984794e+02
4.922734572149734618e+02
4.897609873855027445e+02
4.872472272357373981e+02
4.847585114760490228e+02
4.822974904569426258e+02
4.798697937351888640e+02
4.774774956777429225e+02
4.751214906225226855e+02
4.728026458143950777e+02
4.705193238429643543e+02
4.682699803394772289e+02
4.660523084860395784e+02
4.638629534159003924e+02
4.616990518663585021e+02
4.595568802277743998e+02
4.574330368880809488e+02
4.553244373191233194e+02
4.532281037145540949e+02
4.511419867434871662e+02
4.490646527514164745e+02
4.469955454696213337e+02
4.449350074041567495e+02
4.428841722925149043e+02
4.408447603446296625e+02
4.388190058117368721e+02
4.368890474051958677e+02
4.349855553322436776e+02
4.331048943363776402e+02
4.312475277617078291e+02
4.294141461790726453e+02
4.276050151713533296e+02
4.258205607620315618e+02
4.240610888225243684e+02
4.223265185352874482e+02
4.206170795311659276e+02
4.189324056634761746e+02
4.172722692628136087e+02
4.156363620388603408e+02
4.140239086408014373e+02
4.124346152379402497e+02
4.108675598144410515e+02
4.093220907507007382e+02
4.077975714716699258e+02
4.062930570911707377e+02
4.048081591033813993e+02
4.033420386476337285e+02
4.018943323706928936e+02
4.004647140625521047e+02
3.990529185173421070e+02
3.976865864159075272e+02
3.963294993364767720e+02
3.949890236462162534e+02
3.936655043507387290e+02
3.923599264185745028e+02
3.910729579830099851e+02
3.898056511562620017e+02
3.885591266947724876e+02
3.873339991627333916e+02
3.861316630744114491e+02
3.849520821530215358e+02
3.837958288521167560e+02
3.826625376509301759e+02
3.815510400061473888e+02
3.804603147239267287e+02
3.793875323311501120e+02
3.783299213834464467e+02
3.772837399529783511e+02
3.762443424502296807e+02
3.752070694339989814e+02
3.741667150671148079e+02
3.731173601897882008e+02
3.720545138055381358e+02
3.709722681359720013e+02
3.698666690784227171e+02
3.687135035064160888e+02
3.675265396066910171e+02
3.663050285354369180e+02
3.650460687872391077e+02
3.637499634768891497e+02
3.624167038949741482e+02
3.610463460968154550e+02
3.596414859906896595e+02
3.582028891934813828e+02
3.567338713075681085e+02
3.552372277196105301e+02
3.537160285453838924e+02
3.521747633932856729e+02
3.506173961206801550e+02
3.490488919040288351e+02
3.474751766558800341e+02
3.459016156442330612e+02
3.443356985593163699e+02
3.427848182347549368e+02
3.412568450379670821e+02
3.397621839967803794e+02
3.383094800668097264e+02
3.369112577447417038e+02
3.356295633538559287e+02
3.344678374357836219e+02
3.334137003015190430e+02
3.324754812056466449e+02
3.316659275324680038e+02
3.309921579980858724e+02
3.304613419316409590e+02
3.300807288514008633e+02
3.298495629892289571e+02
3.297709425852208369e+02
3.298393978562199322e+02
3.300480389973136539e+02
3.303895627198775173e+02
3.308483241040842131e+02
3.314127949579602159e+02
3.320667001691892892e+02
3.327924975461787085e+02
3.335777541421329602e+02
3.344044168888087825e+02
3.352610472636010286e+02
3.361356371344872400e+02
3.370162390598023308e+02
3.378970161418178009e+02
3.387684905174781989e+02
3.396212664618856252e+02
3.404334298130092975e+02
3.412209202781828594e+02
3.419824769948853032e+02
3.427142346524312870e+02
3.434136478976120088e+02
3.440786158659532248e+02
3.447056454246169324e+02
3.452931800922478374e+02
3.458386821571602923e+02
3.463403605265375518e+02
3.467979239991605027e+02
3.472099467347127302e+02
3.475773291362887107e+02
3.479001881702911874e+02
3.481794289779909377e+02
3.484169814492602200e+02
3.486138587707925467e+02
3.487726957194978468e+02
3.488572104021387190e+02
3.489434964434525455e+02
3.490251713991756901e+02
3.490754421704804145e+02
3.490971155507594403e+02
3.490878986758967812e+02
3.490350359697843032e+02
3.489644613394980297e+02
3.488775601162243447e+02
3.487756702468277012e+02
3.486597284498664067e+02
3.485310092569335438e+02
3.483903478420764941e+02
3.482387630357316084e+02
3.480771409894602471e+02
3.479062125445786933e+02
3.477268627083146839e+02
3.475396906376400921e+02
3.473454845057859188e+02
3.471448398280507490e+02
3.469383486281857358e+02
3.467266191323160456e+02
3.465101258967874855e+02
3.462894325055457898e+02
3.460649748931407998e+02
3.458372479486022826e+02
3.456066817657530805e+02
3.453737730297813187e+02
3.451392229290388514e+02
3.449023610341847643e+02
3.453139082276248928e+02
3.456993709526208249e+02
3.460865783546938701e+02
3.465693093269943006e+02
3.473738430572315679e+02
3.490831880348039817e+02
3.524047096075735794e+02
3.572376562853423820e+02
3.617590316902598033e+02
3.650526863648807989e+02
3.679874482724433165e+02
3.721125851230615922e+02
3.776825229415201761e+02
3.830963803911391210e+02
3.865000057274577898e+02
3.880759664973059557e+02
3.888262619466228216e+02
3.899547569426804330e+02
3.926145141507068388e+02
3.975240763311087449e+02
4.036620613561541404e+02
4.085565712843143160e+02
4.112199991695698031e+02
4.125362636216181613e+02
4.142390001318614168e+02
4.177219798822841312e+02
4.245120594268585705e+02
4.350952410899748770e+02
4.476605843012992523e+02
4.608346074423928371e+02
4.759448402729366876e+02
4.924294575561879128e+02
5.064119538193552330e+02
5.147086773036277236e+02
5.179847397212358828e+02
5.180917862501813715e+02
5.167630828766826880e+02
5.148217695308090924e+02
5.126818795992758169e+02
5.105167716458192331e+02
5.083939106007378541e+02
5.063344145077953158e+02
5.043440487357938196e+02
5.024164760759564388e+02
5.005453428161836200e+02
4.987259250367353047e+02
4.969519550952280724e+02
4.952013336685139961e+02
4.934574555181801543e+02
4.917707176317106246e+02
4.901476838681776940e+02
4.885933500692414668e+02
4.871126951434724788e+02
4.857097143588280233e+02
4.843857888373675564e+02
4.831417757342330219e+02
4.819806855551449303e+02
4.809051712268192773e+02
4.799225630623738539e+02
4.790423982417301545e+02
4.782727785254364790e+02
4.776259876239894879e+02
4.771107179261744022e+02
4.767349263906174315e+02
4.765099591614601309e+02
4.764399429311505969e+02
4.765292472785819200e+02
4.767714517725261771e+02
4.771376714366656984e+02
4.776005570754577434e+02
4.781450990397822238e+02
4.791081792735313911e+02
4.804245851232445261e+02
4.820917812752702503e+02
4.842286522543656702e+02
4.870255013510799245e+02
4.907007167497301907e+02
4.955469855684979166e+02
5.018515945649990613e+02
5.098295895348199451e+02
5.195475852362549176e+02
5.307337968258872252e+02
5.429172362339928668e+02
5.556872320733540391e+02
5.687989863615122204e+02
5.823313144158927344e+02
5.961921459427867376e+02
6.099212287296893464e+02
6.227555946232212136e+02
6.339983825181616339e+02
6.433066278682327948e+02
6.507459344600385975e+02
6.564012310502176888e+02
6.603895151992164756e+02
6.627734676436598420e+02
6.636487752244846661e+02
6.631908137864876380e+02
6.614751939305413089e+02
6.586724620278896509e+02
6.548612894016448536e+02
6.501311060354139499e+02
6.446660983328736165e+02
6.386289611836349422e+02
6.322011804388336031e+02
6.255209101132411433e+02
6.186789089417097784e+02
6.117521663881776703e+02
6.047824961644298583e+02
5.978047685881958841e+02
5.908496345157468568e+02
5.839341151560539629e+02
5.770850548471496495e+02
5.703172809112895720e+02
5.636486047659094538e+02
5.570966714574670959e+02
5.506704420909821920e+02
5.443863247738275959e+02
5.382510018025894851e+02
5.322748906336818209e+02
5.263810380236678839e+02
5.205931772667861424e+02
5.149957902754257475e+02
5.095905770146200098e+02
5.043858794658212901e+02
4.993868256724418870e+02
4.945979157477316903e+02
4.900291395951721256e+02
4.856826818986178864e+02
4.815702851187199371e+02
4.776962233582898421e+02
4.740688738822511823e+02
4.706976528757716665e+02
4.675851863930457171e+02
4.647434949007708838e+02
4.621722981972271782e+02
4.598785274133724670e+02
4.578632070907353295e+02
4.561225277048053499e+02
4.546578831384370574e+02
4.534570100868443774e+02
4.525149821287488976e+02
4.518185455425743271e+02
4.513541444315864055e+02
4.510136152687556432e+02
4.508585196857222854e+02
4.508946275863931987e+02
4.511113725979887477e+02
4.515051493144420078e+02
4.520752114118614031e+02
4.528244208012071681e+02
4.537622121028102242e+02
4.548975779601021259e+02
4.562480840332181060e+02
4.578272769204522206e+02
4.596543407374378489e+02
4.617449378621440133e+02
4.641081596728633372e+02
4.667526865187405178e+02
4.696649964901901058e+02
4.728260875512762595e+02
4.761928056585599620e+02
4.797035524275375451e+02
4.832856461509431938e+02
4.868523716777423829e+02
4.903113809373767822e+02
4.935840377428245347e+02
4.965909042282003156e+02
4.990704821642217439e+02
5.012226791826803947e+02
5.029563173917478593e+02
5.042795699315180400e+02
5.051948102448324107e+02
5.057249629104138080e+02
5.059013033629429401e+02
5.057468753732783853e+02
5.053026163809759623e+02
5.045943994358116811e+02
5.036550870562009550e+02
5.025140753573427901e+02
5.011945250059162049e+02
4.997238247439063912e+02
4.981211997402724592e+02
4.964071158202236802e+02
4.945999651527808965e+02
4.927145141006936910e+02
4.907666452183370893e+02
4.887686806313650436e+02
4.867323488837151899e+02
4.846689545607328000e+02
4.825870122847402968e+02
4.804957631198757326e+02
4.783052162122897926e+02
4.761505847681548289e+02
4.740119528940027749e+02
4.718933803742822874e+02
4.698001179283333499e+02
4.677357147861164322e+02
4.657032399889649241e+02
4.637063039683475267e+02
4.617464414951225535e+02
4.598267264069094153e+02
4.579484991789290689e+02
4.561133994026469622e+02
4.543232382890540180e+02
4.525782511860992940e+02
4.508803003930350997e+02
4.492291641640435955e+02
4.476256363788569388e+02
4.460699022340291435e+02
4.445612111144935739e+02
4.430999265855115254e+02
4.416844318451713889e+02
4.403141667665641990e+02
4.389876536593662308e+02
4.377028228182164185e+02
4.364239246010180864e+02
4.351952176212608947e+02
4.339924123658386748e+02
4.328120297260795724e+02
4.316500737589796017e+02
4.305028380798249827e+02
4.293653742453159339e+02
4.282329774675901604e+02
4.271005139686913594e+02
4.259619241625449604e+02
4.248119301382864705e+02
4.236439925571578442e+02
4.224519406274985727e+02
4.212299537297545271e+02
4.199710921794815590e+02
4.186704858152035058e+02
4.173217723133801087e+02
4.159203380767287399e+02
4.144621178844178075e+02
4.129426164667706871e+02
4.113601317349322812e+02
4.097114979148407201e+02
4.079961391868448004e+02
4.062135584858417587e+02
4.043801063764508399e+02
4.024754282487706973e+02
4.005125293133653486e+02
3.984959362643481882e+02
3.964300262632942804e+02
3.943193982225616878e+02
3.921698310140918124e+02
3.899864458047665039e+02
3.877751281289041003e+02
3.855419296275712782e+02
3.832924811212176905e+02
3.810332713769426505e+02
3.787704664286537195e+02
3.765100490738026338e+02
3.742591196928627255e+02
3.720232675761259884e+02
3.698097618247827540e+02
3.676251905835495108e+02
3.654758847493349663e+02
3.633700921989065478e+02
3.613132660503572993e+02
3.593140056203766903e+02
3.573786331734351052e+02
3.555140365731689371e+02
3.538098879679743050e+02
3.522674919527177053e+02
3.508140970622133636e+02
3.494511350382884416e+02
3.481815846902433123e+02
3.470062439328895607e+02
3.459235348272350166e+02
3.449334499967232546e+02
3.440311201766628528e+02
3.432148472318122003e+02
3.424786113492314712e+02
3.418181668439621035e+02
3.412272855873776507e+02
3.406993226629288074e+02
3.402281964376049928e+02
3.398053335035061195e+02
3.394235661493643761e+02
3.390733914359166192e+02
3.387466867285680223e+02
3.384341580078446441e+02
3.381273309013359949e+02
3.378177589003989283e+02
3.374977138817837385e+02
3.371606915537286682e+02
3.367885965361114700e+02
3.363742550747061841e+02
3.359229634150070183e+02
3.354350279686398721e+02
3.349110222329932753e+02
3.343526946577692343e+02
3.337631596280070312e+02
3.331448777555747256e+02
3.325021595440479132e+02
3.318383810103131282e+02
3.311577236451971658e+02
3.304642296912887218e+02
3.297613864229759315e+02
3.290532323530740655e+02
3.283428324609054698e+02
3.276336255263839234e+02
3.269285759129281246e+02
3.262305408889938008e+02
3.255423420483830910e+02
3.248667888058778885e+02
3.242066701029978049e+02
3.235652482059886097e+02
3.229459170569218713e+02
3.223523861438493441e+02
3.217982014704293192e+02
3.212733055821343555e+02
3.207834970395562095e+02
3.203342508362321155e+02
3.199321283851177213e+02
3.195839480095523299e+02
3.192944302911469094e+02
3.190698165543379901e+02
3.189114970537033287e+02
3.188212634821089182e+02
3.187962865531077341e+02
3.188307494247308682e+02
3.189161650935132570e+02
3.190397309522832643e+02
3.191872949281344631e+02
3.193429988670929447e+02
3.194913049058727097e+02
3.196167064541943432e+02
3.197081170165663480e+02
3.197541414887670612e+02
3.197500407618362033e+02
3.196914094543678289e+02
3.195779474346734901e+02
3.194120122461231972e+02
3.191750803104206966e+02
3.188959353384459519e+02
3.185717956864534699e+02
3.182113733359627759e+02
3.178226760222238454e+02
3.174141224052503958e+02
3.169945232370143344e+02
3.165724545889077604e+02
3.161566529476103256e+02
3.157562698665847165e+02
3.153801941913811788e+02
3.150379122366932734e+02
3.147393812462641449e+02
3.144944322214408885e+02
3.143146940346450720e+02
3.142109602263914780e+02
3.141968017249339482e+02
3.142849154356036934e+02
3.144901163111967435e+02
3.148272164899594827e+02
3.153097262067775546e+02
3.159529776077096130e+02
3.167657033914194926e+02
3.177577254618125266e+02
3.189065064832972212e+02
3.202494250078626123e+02
3.217483216331261247e+02
3.233872132992470938e+02
3.251493927143282576e+02
3.270203435588042566e+02
3.289828794837794703e+02
3.310306258462308051e+02
3.331551811367302207e+02
3.353507021496742482e+02
3.376188153626792996e+02
3.399529226249483145e+02
3.423693016804422768e+02
3.448740105504830922e+02
3.474925359197470129e+02
3.502472147442665573e+02
3.531416169029074581e+02
3.561790390363327106e+02
3.593089209378183568e+02
3.624668137126212173e+02
3.655510716312018076e+02
3.684510473204906020e+02
3.710610036167198587e+02
3.733118039530367582e+02
3.751811923568570819e+02
3.765879324394211949e+02
3.775868743033618671e+02
3.782226922620663458e+02
3.785521729717950166e+02
3.786191441569824860e+02
3.784802809516760362e+02
3.781713584069851777e+02
3.777315108578518448e+02
3.771894214663304297e+02
3.765676483601333189e+02
3.758872580383059017e+02
3.751615210234936058e+02
3.744040531692509148e+02
3.736237413748094696e+02
3.728283842252385512e+02
3.720242700885894465e+02
3.712158874701460149e+02
3.704073875271950556e+02
3.696016639802082295e+02
3.688012462106000271e+02
3.680081190589802418e+02
3.672238572480082439e+02
3.664496945876689438e+02
3.657201385276722476e+02
3.649910367906078932e+02
3.642759339785980046e+02
3.635751789436773720e+02
3.628890562892086677e+02
3.622179507768093458e+02
3.615618826036708811e+02
3.609212196148944258e+02
3.602959295620916578e+02
3.596862208621720924e+02
3.590921759911645950e+02
3.585137664766712078e+02
3.579512013070113881e+02
3.574043099348426153e+02
3.568732888654625413e+02
3.563580068242790162e+02
3.558584625154264813e+02
3.553746905890332641e+02
3.549064647194919644e+02
3.544539045549484513e+02
3.540167233139481482e+02
3.535949085216931849e+02
3.531883283924593115e+02
3.527967141058621223e+02
3.524251702255299961e+02
3.520716344200719732e+02
3.517322484317631393e+02
3.514066459177512911e+02
3.510944907865620053e+02
3.507955945755546168e+02
3.505094684378669285e+02
3.502359468610583235e+02
3.499745967286703490e+02
3.497251041850166757e+02
3.494872077603191656e+02
3.492604446222460410e+02
3.490446215304043562e+02
3.488392781114862373e+02
3.486441299763565098e+02
3.484588510660370844e+02
3.482829918183994096e+02
3.481163212836513594e+02
3.479583537594223230e+02
3.478087757093084065e+02
3.476671977131970266e+02
3.475331099556114509e+02
3.474062516297275920e+02
3.472860262519355388e+02
3.471684552434479087e+02
3.470685765124026148e+02
3.469730959122824174e+02
3.468817919489334258e+02
3.467940547539838008e+02
3.467097275333524635e+02
3.466283688907776650e+02
3.465497438663247749e+02
3.464739029918284814e+02
3.464007750773994303e+02
3.463312457098242021e+02
3.462664164298023479e+02
3.462087129734855466e+02
3.461620963327234790e+02
3.461329740670875026e+02
3.461308121752882130e+02
3.461709762882513814e+02
3.462736726577580839e+02
3.464698593578672785e+02
3.468011314033727785e+02
3.473186819725081023e+02
3.480976689674092199e+02
3.492132129341258064e+02
3.507669473214913864e+02
3.528309782431938402e+02
3.555678540499876590e+02
3.590114675455633346e+02
3.631539220843001203e+02
3.679801049456892770e+02
3.733925606145280653e+02
3.792991451702727659e+02
3.856180113103727081e+02
3.923078691334449104e+02
3.993680951688546656e+02
4.067987709232392035e+02
4.145564363861042239e+02
4.225698263073994667e+02
4.306583883885661521e+02
4.386165511729331570e+02
4.462528392042513019e+02
4.533475582056370854e+02
4.597939681247069643e+02
4.654586762950900720e+02
4.702428036482567677e+02
4.741790764610698830e+02
4.773279018580042248e+02
4.798246465723196934e+02
4.817750271077243838e+02
4.829542532524923786e+02
4.836355794649534232e+02
4.840087439723333205e+02
4.842378723807263441e+02
4.845337823973242735e+02
4.850830293804622215e+02
4.861050880837320847e+02
4.878729047905840730e+02
4.906418672055509091e+02
4.947182495566122498e+02
5.001875039225355977e+02
5.068319134964034447e+02
5.140883494592172838e+02
5.210746579903305928e+02
5.269718191267874090e+02
5.312924288288213575e+02
5.339023888424076176e+02
5.349283793595660654e+02
5.346807751104746558e+02
5.334590228844181183e+02
5.316332825461674929e+02
5.294516659317224594e+02
5.271360807748429806e+02
5.247721556896821085e+02
5.222355621225846107e+02
5.195244148501975587e+02
5.166644633603441434e+02
5.136265717451518640e+02
5.104471180909289956e+02
5.071731366275253094e+02
5.038753658657179813e+02
5.006139597473000435e+02
4.974359080842731942e+02
4.943823917284103118e+02
4.914758781264742424e+02
4.887355953767683445e+02
4.861692575146575450e+02
4.837788402297925927e+02
4.815695453670236930e+02
4.795392941488354381e+02
4.776992588477840513e+02
4.760537006562288411e+02
4.746095502010083464e+02
4.733718279353435037e+02
4.723318811891564337e+02
4.714808308994277013e+02
4.707970977449184602e+02
4.702518123875907463e+02
4.698237730050040000e+02
4.694545003677551449e+02
4.691244824012822505e+02
4.688073218400452902e+02
4.684712574564090914e+02
4.681039755712209285e+02
4.676834472801137395e+02
4.672001358813701017e+02
4.666470978221213386e+02
4.660129235655032858e+02
4.653003420521549174e+02
4.645014380883650915e+02
4.636177044600828481e+02
4.626487140187325622e+02
4.615921715380287083e+02
4.604525421526828950e+02
4.592287560316447639e+02
4.579242576120877288e+02
4.565420820552497503e+02
4.550840205248782127e+02
4.535552333771966005e+02
4.519587056480777392e+02
4.502975987810613105e+02
4.485764070905368612e+02
4.467919413758471592e+02
4.448708882437788930e+02
4.429017573523161104e+02
4.408863958551712017e+02
4.388296622778805158e+02
4.367319918679871193e+02
4.345976430912594424e+02
4.324289195215117729e+02
4.302274210398422838e+02
4.279976448665515250e+02
4.257398302098795284e+02
4.234584056680660069e+02
4.211552192729871535e+02
4.188325159883256674e+02
4.164940511130309346e+02
4.141406291484848339e+02
4.117761430720734666e+02
4.094023923176187054e+02
4.070221141854911480e+02
4.046384753327266139e+02
4.022539806691654007e+02
3.998725024039677578e+02
3.974981718476503261e+02
3.951355503969739971e+02
3.928816734120366050e+02
3.905817938919893209e+02
3.883231025111622330e+02
3.861152370732683607e+02
3.839673172810966548e+02
3.818926295788072025e+02
3.799007581333676740e+02
3.780047893507770596e+02
3.762153155811783449e+02
3.745410082195010091e+02
3.729914655394131273e+02
3.715679515932106369e+02
3.702754712616435313e+02
3.691096870195099200e+02
3.680699960929204622e+02
3.671507699822809059e+02
3.663482099224272019e+02
3.656579350285557553e+02
3.650736275220619973e+02
3.645922247305924770e+02
3.642063207844894919e+02
3.639136947245665397e+02
3.637073332055064725e+02
3.635859446807072004e+02
3.635547846678606447e+02
3.635352808191811391e+02
3.635584200082720940e+02
3.636034999035814508e+02
3.636487896772645172e+02
3.636670915333621679e+02
3.636407193227011021e+02
3.635612755642581533e+02
3.634236902392323145e+02
3.632380209820163941e+02
3.630089487561967303e+02
3.627463452042045446e+02
3.624560945577476900e+02
3.621419175656412790e+02
3.618062027459179717e+02
3.614490925833427468e+02
3.610698547775525640e+02
3.606676807827039397e+02
3.602420220851248587e+02
3.597912592288794826e+02
3.593165336648576158e+02
3.588168419335090675e+02
3.582942510217410472e+02
3.577498633757112430e+02
3.572860830333791569e+02
3.567953646739066471e+02
3.562858765930200207e+02
3.557613751881954158e+02
3.552237996671694873e+02
3.546760557462297356e+02
3.541208192344016652e+02
3.535600371544465474e+02
3.529967407690718346e+02
3.524327226309026173e+02
3.518704856706627311e+02
3.513121142369143968e+02
3.507595909366569344e+02
3.502152448330623429e+02
3.496810559710677921e+02
3.491594556398974305e+02
3.486531043549786659e+02
3.481655329963091958e+02
3.477019965968698898e+02
3.472725374590160072e+02
3.468973876871841640e+02
3.466222699590949219e+02
3.465573233669921933e+02
3.469663632122912986e+02
3.484753599224447385e+02
3.525378022323223490e+02
3.610846670157858398e+02
3.746441647359539502e+02
3.897859258142975705e+02
4.021479097967472285e+02
4.111706143392858621e+02
4.202667391519813123e+02
4.336746278478617569e+02
4.542098968982811016e+02
4.769525086630456485e+02
4.952718385649233142e+02
5.097307391675963117e+02
5.230371643578471321e+02
5.341186646289806959e+02
5.402405029074957383e+02
5.415286510599232770e+02
5.398279604378337808e+02
5.367903066600524653e+02
5.331689569619227314e+02
5.293413207808309835e+02
5.254543920049876533e+02
5.215754366320808231e+02
5.177382973143054414e+02
5.138587507751273051e+02
5.099090473364271929e+02
5.060527537849383748e+02
5.022938504528568160e+02
4.986380012488756961e+02
4.950882793193225098e+02
4.916464017216517277e+02
4.883159205417784960e+02
4.850960003278843260e+02
4.819893028581611816e+02
4.789954992450927307e+02
4.761154664248866766e+02
4.733510309171096537e+02
4.707023658937129653e+02
4.681734539444432812e+02
4.657657445424611069e+02
4.634844999019831562e+02
4.613334953409425339e+02
4.593172180936808218e+02
4.574418006976142124e+02
4.557087579949130145e+02
4.541235928393250560e+02
4.526850846752965936e+02
4.513913155023309400e+02
4.501879564364458020e+02
4.490394314735649459e+02
4.480181922185732901e+02
4.471094189893510134e+02
4.462977078642040283e+02
4.455724977203840922e+02
4.449161732073450253e+02
4.443202525483711725e+02
4.437745287411526647e+02
4.432712021758500214e+02
4.428100835559162647e+02
4.423930029991222455e+02
4.420280615106391906e+02
4.417348454865652343e+02
4.415439609460675570e+02
4.415000762779408205e+02
4.416886139473836010e+02
4.422012686393193235e+02
4.431889797379285483e+02
4.448105410363418173e+02
4.472053889886772708e+02
4.505005379181648664e+02
4.547296399165321645e+02
4.600522876266261392e+02
4.667815913233059177e+02
4.753617022619977774e+02
4.860239324502493332e+02
4.981925055729393534e+02
5.103827049324927430e+02
5.213590451393146168e+02
5.306056980443905786e+02
5.384749836506071006e+02
5.454942423161379565e+02
5.522833549448083659e+02
5.593478390164920029e+02
5.667780744726733246e+02
5.742827354542424700e+02
5.813959797971579064e+02
5.878391736219120958e+02
5.934866783584401446e+02
5.982239474537476553e+02
6.017878509659132078e+02
6.042547961673891450e+02
6.060139178345124265e+02
6.073894490341216397e+02
6.081922640792276979e+02
6.079517348949503912e+02
6.064530968982527384e+02
6.035553122776278769e+02
5.997943480206788536e+02
5.955661253621158266e+02
5.911649045588135323e+02
5.868337575756687556e+02
5.828491445942094060e+02
5.795639972718134914e+02
5.774947234206430267e+02
5.769710728518308542e+02
5.774215255878312973e+02
5.773347557557374330e+02
5.757857731126135832e+02
5.729313083477978807e+02
5.694758969668704367e+02
5.661201537444342193e+02
5.636233189154000911e+02
5.631234193496744638e+02
5.654773608194232111e+02
5.695248172416401076e+02
5.722669651689448074e+02
5.726113662932682473e+02
5.714312541840394033e+02
5.700853354087429352e+02
5.696283119300284170e+02
5.711809494757557104e+02
5.751887815341170835e+02
5.805092913524030109e+02
5.842741861629407367e+02
5.854697234343266246e+02
5.848248620296864146e+02
5.833513731570304799e+02
5.815634484477945989e+02
5.797486033193183630e+02
5.780694133838413791e+02
5.766309614203033789e+02
5.755351247289515868e+02
5.748834974486363762e+02
5.747805050578481314e+02
5.753867584316471948e+02
5.768116862941191130e+02
5.791578993694378141e+02
5.823055116059837246e+02
5.859361979572809105e+02
5.895726287025722741e+02
5.929011123059564170e+02
5.957814101552301054e+02
5.982584183525225399e+02
6.003989093131147001e+02
6.020792037020489715e+02
6.034275611894354370e+02
6.044826456646298993e+02
6.052768483284201011e+02
6.058345380467019368e+02
6.062333374961104937e+02
6.065459989351099921e+02
6.068778723640372164e+02
6.073187786839755518e+02
6.079439903633542599e+02
6.087673933598645135e+02
6.097449828676058132e+02
6.107907446995498049e+02
6.118484400993659165e+02
6.128863846684266719e+02
6.139347255044580152e+02
6.149866881456567853e+02
6.159888358386796199e+02
6.168578495760974647e+02
6.175228440744068621e+02
6.179941849372505658e+02
6.183107461046836306e+02
6.185654305358140164e+02
6.187998572425104840e+02
6.187017387964847330e+02
6.184888211754414442e+02
6.183333766971388741e+02
6.182551786038638966e+02
6.182096378677496205e+02
6.181556407446903449e+02
6.180158281594402752e+02
6.177999562878009101e+02
6.175958043600227256e+02
6.176055142058224874e+02
6.180307076857596940e+02
6.190387804241510139e+02
6.206492539823603920e+02
6.227785205648684723e+02
6.253797112426339027e+02
6.282452783441005977e+02
6.310269215643000962e+02
6.332700117129129467e+02
6.347986221726541771e+02
6.356487952095595801e+02
6.360513489887320020e+02
6.361042930492828873e+02
6.359023078463334286e+02
6.354021377243021789e+02
6.344418121078666672e+02
6.330468048348055845e+02
6.310840918623174502e+02
6.285247554002691004e+02
6.253938117705783952e+02
6.217694403349599952e+02
6.177644104270942762e+02
6.134948350437927047e+02
6.090665980273621471e+02
6.045602101643404467e+02
6.000235280268053657e+02
5.954618465626616626e+02
5.908548801951455971e+02
5.861751720108269410e+02
5.814361213633065972e+02
5.766805526106522848e+02
5.719895293230623565e+02
5.674831798467603221e+02
5.632970855864763280e+02
5.596353661693791537e+02
5.566688487559130181e+02
5.544312783793085373e+02
5.526658165982883020e+02
5.508496860635877965e+02
5.486702648290918205e+02
5.459132927358587040e+02
5.427943572635407463e+02
5.396193641379079509e+02
5.366882249120073993e+02
5.342387791082458079e+02
5.323646242526963306e+02
5.310160951526626150e+02
5.299401631798112930e+02
5.288707136517290337e+02
5.276371561608499405e+02
5.262786104444019202e+02
5.249168626246253098e+02
5.237327350330443778e+02
5.228721266985381817e+02
5.224056705273590069e+02
5.223251985668675843e+02
5.225410555296712118e+02
5.228754393678672159e+02
5.231200466492580290e+02
5.230554211179323829e+02
5.225212199819268335e+02
5.214338169735669908e+02
5.198150770722065772e+02
5.176421552069198242e+02
5.149463247983360361e+02
5.120188143081867338e+02
5.089573271583369660e+02
5.058333813756410677e+02
5.026891906818968323e+02
4.995534673076978720e+02
4.964322079150172726e+02
4.933288201515788955e+02
4.902327752076462843e+02
4.871380774435256171e+02
4.840311971805543294e+02
4.809032397000293599e+02
4.777474757425005123e+02
4.745542589004125489e+02
4.713241987365174168e+02
4.680502739819340832e+02
4.647345892444657807e+02
4.613755211336578554e+02
4.579738865813621942e+02
4.545322663754986365e+02
4.510523239207733468e+02
4.475384296173573375e+02
4.439949648934897368e+02
4.404712927045603692e+02
4.369201468182109807e+02
4.333574942539129324e+02
4.297897999784793797e+02
4.262250478165215100e+02
4.226693099363271244e+02
4.191281990924459251e+02
4.156071870985962846e+02
4.121095680522386715e+02
4.086395779129234143e+02
4.051993950754295497e+02
4.017914371588125846e+02
3.984178293106073738e+02
3.950793456937778956e+02
3.917781142887529313e+02
3.885143917347340903e+02
3.852896537693920322e+02
3.821046937189485675e+02
3.789599803494036223e+02
3.758570498490147997e+02
3.727958447074555579e+02
3.697778638746841011e+02
3.668036020756497351e+02
3.638738533286032180e+02
3.611030865314723428e+02
3.585924295655958076e+02
3.561331520918444085e+02
3.537251563365230140e+02
3.513695419450843929e+02
3.490675809758864148e+02
3.468197306171516630e+02
3.446288582012891197e+02
3.424959310989833057e+02
3.404245957486778025e+02
3.384183034408512754e+02
3.364809392521224822e+02
3.346194992986484067e+02
3.328393754513326712e+02
3.311506922805495492e+02
3.295637761826964152e+02
3.280912250245294217e+02
3.267507136233914480e+02
3.255587263031009115e+02
3.245408661900657421e+02
3.237220613902528612e+02
3.231352699271943152e+02
3.228205825219445728e+02
3.228207871955964947e+02
3.233067709118052449e+02
3.243385291238708419e+02
3.258764428961206931e+02
3.280072093808305453e+02
3.308314766926513926e+02
3.344388372601446804e+02
3.388447909878127575e+02
3.440367652855845790e+02
3.498693232650214782e+02
3.561872755845425331e+02
3.627864861720292993e+02
3.695019776931808337e+02
3.761568437648146528e+02
3.825495155831055740e+02
3.884507988241076077e+02
3.936715992771286778e+02
3.981397855562656218e+02
4.018954590171374548e+02
4.051380586347591475e+02
4.080544468165292074e+02
4.108898833847756009e+02
4.137991225294642845e+02
4.168588502976444943e+02
4.200615660101830713e+02
4.232606550331212816e+02
4.264930084899739882e+02
4.298308648013215247e+02
4.333996961942476673e+02
4.373295500736137456e+02
4.417825146314674498e+02
4.466950030318389508e+02
4.518356609281037777e+02
4.568653478423071306e+02
4.614912491394510994e+02
4.655282429540196745e+02
4.690347157655912156e+02
4.721932222414229159e+02
4.751298655326843345e+02
4.778764575555882743e+02
4.803713037433771547e+02
4.825974945230262279e+02
4.845323416864939645e+02
4.862178287971858026e+02
4.876697151517581119e+02
4.888981255142066402e+02
4.898951903862949280e+02
4.906343674481979633e+02
4.910966364330549254e+02
4.913383070477528349e+02
4.910985053517390497e+02
4.905487536666849451e+02
4.897197539495454635e+02
4.886347606914130779e+02
4.873308376383623113e+02
4.858476287524229633e+02
4.842172786803253075e+02
4.824804840726671387e+02
4.806654249316658252e+02
4.788032963643995572e+02
4.769189951349437706e+02
4.750346802330975606e+02
4.731700596393406499e+02
4.713422736329411009e+02
4.695652337176938431e+02
4.678525881086551408e+02
4.662145801411898560e+02
4.646601677521365446e+02
4.631982434892602782e+02
4.618328397345200074e+02
4.605712949240277112e+02
4.594139805478195058e+02
4.583641014112736798e+02
4.574401793066977575e+02
4.564994041576194945e+02
4.556596420817628541e+02
4.549082163590287564e+02
4.542350180537585516e+02
4.536210646791168415e+02
4.530482366663095490e+02
4.524939333034497508e+02
4.519345846965490523e+02
4.513458293347239874e+02
4.507049968221643894e+02
4.499908473056540856e+02
4.491855509429072413e+02
4.482772037009025894e+02
4.472538275376267620e+02
4.461143358572086868e+02
4.448548416371320968e+02
4.434803453196321925e+02
4.419965715428610906e+02
4.404097282004658496e+02
4.387320757138258500e+02
4.369709902993012633e+02
4.351394975773229135e+02
4.332472820054826457e+02
4.312987045168646887e+02
4.292253721171364305e+02
4.271246795688035718e+02
4.250073588608092336e+02
4.228814810012127623e+02
4.207554030113089993e+02
4.186364207621854234e+02
4.165310520105279011e+02
4.144453990114083695e+02
4.123850515624895365e+02
4.103550330864130729e+02
4.083601343808680895e+02
4.064052863429343461e+02
4.044948880335189756e+02
4.026353935669521888e+02
4.008334542294060725e+02
3.991025307272624900e+02
3.974640489478444465e+02
3.959658429767556527e+02
3.947129661318820126e+02
3.939268732545451144e+02
3.941547232707217177e+02
3.963154123664078838e+02
4.018710588237328807e+02
4.111921593130967381e+02
4.230438623130106066e+02
4.358105923635100112e+02
4.487936646226935977e+02
4.617650246465770465e+02
4.757984675687811205e+02
4.916207049737838020e+02
5.098302357544012011e+02
5.301980742928124073e+02
5.508769308771535407e+02
5.700344148160387476e+02
5.866553596254984768e+02
6.000487242038376507e+02
6.107030270555286506e+02
6.190344876386476471e+02
6.249739959842160033e+02
6.292137341720695076e+02
6.327053952968341264e+02
6.361843854262098148e+02
6.400368654172918923e+02
6.443697673714831353e+02
6.491565690102926283e+02
6.543019855666121884e+02
6.593243235438329748e+02
6.634793474044394088e+02
6.661451158244614135e+02
6.671954015687631454e+02
6.668956794262396670e+02
6.656690703343539326e+02
6.638164641935829877e+02
6.615294123605636969e+02
6.588559796509908892e+02
6.558076047543981986e+02
6.523859634645489223e+02
6.486413316309577795e+02
6.446561795771480092e+02
6.405263302223613664e+02
6.363613857893751629e+02
6.322440246727345539e+02
6.282528913147268668e+02
6.244103277622371024e+02
6.207262167951856782e+02
6.171579737680224298e+02
6.136564463704465879e+02
6.101625598331630727e+02
6.066312484459606367e+02
6.030172776309364053e+02
5.993099118099312363e+02
5.954433473595864825e+02
5.915016639361717807e+02
5.876044055907235588e+02
5.838187794547823160e+02
5.802361536889878835e+02
5.769324960874191675e+02
5.739692446947990447e+02
5.714211730880988398e+02
5.693248425880731247e+02
5.677311896804434355e+02
5.666481931692552507e+02
5.660683109971389513e+02
5.659553990989087424e+02
5.662699024431718726e+02
5.669944003496561891e+02
5.681517568283343280e+02
5.698373994150815633e+02
5.721254704472158892e+02
5.751633532390412711e+02
5.790991642280878295e+02
5.838897672527448321e+02
5.891108725400874846e+02
5.938088328186248646e+02
5.970969330658117542e+02
5.985894065087586569e+02
5.987132837409641297e+02
5.977088204960432449e+02
5.959995281027452165e+02
5.938346472520075849e+02
5.914059883856759825e+02
5.888263476411945021e+02
5.861714299486659456e+02
5.834974859990888945e+02
5.808451430725554019e+02
5.782488957917277048e+02
5.757387205020122565e+02
5.733430277905246157e+02
5.710866851276060743e+02
5.689982532699277726e+02
5.671009798513313171e+02
5.654228612633444300e+02
5.639909481621069745e+02
5.628305443281267344e+02
5.619742057019730055e+02
5.614459702831902632e+02
5.612814151589144558e+02
5.615071340944509757e+02
5.621582461621463835e+02
5.630637600406092815e+02
5.644774251439359887e+02
5.664030563538028673e+02
5.688498379572919248e+02
5.718406748199217873e+02
5.753377178870408670e+02
5.792809747114198444e+02
5.835695350515208020e+02
5.880567002793050051e+02
5.925968140667890793e+02
5.970308649593087011e+02
6.012019616644847702e+02
6.049765848355087883e+02
6.082412571081856640e+02
6.109062224395772773e+02
6.129516828846013823e+02
6.143614115550572023e+02
6.151921247018509575e+02
6.155074616125583589e+02
6.153880484597443683e+02
6.149456158574737401e+02
6.142672780837043547e+02
6.134634147758283689e+02
6.125832694233633902e+02
6.114096764271063194e+02
6.100234608892239976e+02
6.084386093294697275e+02
6.066041564941564275e+02
6.045147573275074819e+02
6.021852629098871148e+02
5.996471892228388469e+02
5.968779287647518004e+02
5.938387667399181282e+02
5.905129866918513244e+02
5.869007175448564340e+02
5.830688125895437679e+02
5.790814162112270651e+02
5.750093477537720901e+02
5.709152941550709102e+02
5.668402752459813883e+02
5.628234083473912506e+02
5.588880954088931503e+02
5.550529019035888041e+02
5.513329231775061317e+02
5.477358403455523330e+02
5.442697781820412501e+02
5.409378382001648333e+02
5.377402577622631270e+02
5.345253413118630306e+02
5.312829455533204737e+02
5.281639240807741089e+02
5.251593337378100159e+02
5.222617591851529824e+02
5.194645737426559435e+02
5.167606720741558775e+02
5.141487356417992487e+02
5.116268105035096596e+02
5.092016033795999874e+02
5.068806758401461821e+02
5.046790960020252896e+02
5.026169656822511911e+02
5.007144996720511472e+02
4.990001306910655217e+02
4.974908040135475176e+02
4.962058546624961650e+02
4.951496686653162556e+02
4.943127388158073359e+02
4.936787153407582878e+02
4.932126818282863496e+02
4.928735295526817026e+02
4.926163603475533819e+02
4.923880689947472433e+02
4.920736198525020200e+02
4.914550936856886665e+02
4.907253193736322032e+02
4.898633357913008695e+02
4.888527581527440589e+02
4.876785266890597654e+02
4.863316736179314717e+02
4.847923631546993875e+02
4.830475815759820080e+02
4.810792868190516174e+02
4.788758446043933645e+02
4.764383579528419546e+02
4.737664673438484328e+02
4.708847406432404910e+02
4.678111111021149213e+02
4.645784648315163849e+02
4.612153716054395431e+02
4.577512734816558577e+02
4.542158116242580945e+02
4.506308836378361207e+02
4.470192077503966743e+02
4.433971646342632766e+02
4.397796704504978038e+02
4.361783646155683414e+02
4.325591552126377337e+02
4.290106281761245555e+02
4.255114627186745793e+02
4.220658601991015075e+02
4.186774033239582877e+02
4.153490328734633295e+02
4.120822690227310545e+02
4.088795312093193388e+02
4.057412908410763066e+02
4.026693014698350908e+02
3.996642725241450194e+02
3.967270664706744014e+02
3.938592113974524409e+02
3.910610743618577203e+02
3.883349696489025291e+02
3.856817053436863034e+02
3.831039032269858353e+02
3.806036988681964317e+02
3.781838909791514425e+02
3.758483837920903738e+02
3.736003743350067339e+02
3.714451823817951208e+02
3.693870251434231022e+02
3.674314789914417361e+02
3.655806021198729354e+02
3.639555897902708352e+02
3.624516965402762025e+02
3.610668298947567223e+02
3.597979339004469921e+02
3.586391883644951690e+02
3.575801778152819566e+02
3.566135465555489645e+02
3.557254485943116720e+02
3.549061622015354374e+02
3.541449618729220106e+02
3.534286469324272275e+02
3.527505176712894581e+02
3.520968937347175256e+02
3.514599233702224979e+02
3.508285824798854833e+02
3.501927388217961834e+02
3.495439220781447034e+02
3.488734754813143013e+02
3.481755711733873113e+02
3.474459954430952280e+02
3.466841641440958028e+02
3.458905185205360340e+02
3.450719911740795851e+02
3.442364081394744062e+02
3.434663807835178204e+02
3.426967315742344908e+02
3.419461467843980813e+02
3.412455182668533098e+02
3.406223149794924439e+02
3.401143102983281779e+02
3.397622709978794546e+02
3.395951153432299066e+02
3.396515678381698535e+02
3.399306721275767700e+02
3.404245221337517364e+02
3.410913416793113129e+02
3.418666484996145414e+02
3.426785694820998174e+02
3.434596553931326071e+02
3.441562530679182146e+02
3.447461546098978715e+02
3.452298985703606036e+02
3.456235660547188218e+02
3.459644691303344075e+02
3.462859657107017028e+02
3.466296252914261231e+02
3.470330910679283534e+02
3.474801384142048164e+02
3.479759427606775262e+02
3.486594548790952786e+02
3.495758959859697939e+02
3.507698718548143688e+02
3.522507241344834483e+02
3.539782138286315671e+02
3.558803371596854390e+02
3.578592573701999413e+02
3.598379712876428016e+02
3.618283429653108101e+02
3.639219374676849839e+02
3.661976372873743912e+02
3.684502204625899822e+02
3.700875505153318841e+02
3.708658263771490056e+02
3.710299331263226463e+02
3.708399470669555171e+02
3.704533129986199356e+02
3.699420513904445897e+02
3.693747255177815418e+02
3.688057701882451056e+02
3.682989472538674249e+02
3.678873029960320196e+02
3.678556113739546731e+02
3.678282402759921297e+02
3.677965148422210859e+02
3.677101663132467593e+02
3.675504873894545312e+02
3.673196206270497441e+02
3.670326449372275306e+02
3.666810158206520214e+02
3.662463490247270101e+02
3.657199320959495026e+02
3.651246949533876318e+02
3.645053224167504595e+02
3.639156961348320465e+02
3.633872195587867395e+02
3.629252629304708080e+02
3.625204379518602877e+02
3.621616739324430796e+02
3.618701972542154977e+02
3.617004193939621359e+02
3.617471491044378809e+02
3.621344613326365334e+02
3.631215671960668487e+02
3.652156496546808171e+02
3.693598847691121136e+02
3.763733497798497751e+02
3.842307111071457371e+02
3.915229252528091024e+02
4.004632510997417967e+02
4.159262448661373810e+02
4.361139023998065340e+02
4.555937108461160392e+02
4.789813840800657090e+02
5.073764331381630655e+02
5.319423590535056974e+02
5.506582353273730632e+02
5.665968697874997133e+02
5.795469486435345061e+02
5.881235666509709290e+02
5.925995879310850114e+02
5.944749151389406734e+02
5.949599526597235126e+02
5.947616405442652194e+02
5.942334433648459253e+02
5.935210709368253674e+02
5.926982771442611693e+02
5.917812817282076594e+02
5.907767895204408433e+02
5.896879838712878836e+02
5.886607336573221119e+02
5.874131698829875177e+02
5.861799552408837144e+02
5.851037239241957195e+02
5.844336263582467836e+02
5.845283409638927878e+02
5.857719283377028887e+02
5.883262556734600821e+02
5.917056793274800839e+02
5.950016390925354699e+02
5.975895138466167964e+02
5.993677318103996186e+02
6.005504722050907276e+02
6.014868081581309980e+02
6.024470956513237070e+02
6.035141893309502166e+02
6.045907773414212443e+02
6.054065974627736750e+02
6.056957334045631569e+02
6.053387620681323824e+02
6.043745967470663345e+02
6.029198437322562540e+02
6.011922078567462222e+02
5.993663886862027539e+02
5.975004297859667304e+02
5.958271070197148447e+02
5.946976559606981709e+02
5.943533231070009606e+02
5.950194613110293176e+02
5.969059935568101309e+02
5.999902463647163131e+02
6.039597313552372952e+02
6.081476343367831987e+02
6.118480857357702689e+02
6.145568357230174570e+02
6.163229399110114173e+02
6.172830897228734557e+02
6.175822445629211188e+02
6.172080504340306106e+02
6.161190132724095747e+02
6.142642955570015602e+02
6.117258461707095876e+02
6.085890349233358165e+02
6.049819921054914857e+02
6.010310035258428343e+02
5.968282424757081799e+02
5.924765222057616256e+02
5.880342879739101818e+02
5.833627269927205816e+02
5.784850394911811691e+02
5.736753955517635859e+02
5.689643685592150177e+02
5.643730846706985176e+02
5.599248922416949199e+02
5.556313488755622529e+02
5.515100679970015563e+02
5.475678002087157665e+02
5.438144504477379542e+02
5.402552208225617960e+02
5.368901938695630633e+02
5.337256692733064938e+02
5.307528322648319090e+02
5.279763259285334698e+02
5.253851258102660040e+02
5.229705731827795034e+02
5.207194709903405965e+02
5.186009607359503661e+02
5.165905930877701167e+02
5.146482240801503849e+02
5.127437833214037255e+02
5.108457611757853556e+02
5.089361695225746871e+02
5.067945005876494520e+02
5.045711505934118577e+02
5.022958591344015531e+02
4.999683162060882751e+02
4.975966783834982152e+02
4.951813227019404735e+02
4.927338659119386080e+02
4.902623313700582912e+02
4.877763069508869194e+02
4.852915871242121852e+02
4.828167447063943314e+02
4.803700052334891097e+02
4.779666075205141738e+02
4.756292895468733946e+02
4.734059830988792896e+02
4.713882701619011186e+02
4.698157507774433839e+02
4.692799346880126450e+02
4.710127551701472157e+02
4.776050934498008473e+02
4.912608561460742749e+02
5.108283642184239284e+02
5.292458186778881100e+02
5.418748262948788579e+02
5.493352186862780400e+02
5.548373682649786360e+02
5.593573893121744049e+02
5.633426420262003376e+02
5.660678793849208432e+02
5.668147574837834100e+02
5.659223650293228047e+02
5.643325399185288234e+02
5.628879968701455709e+02
5.622675436342947251e+02
5.628660579453273840e+02
5.646078956616618143e+02
5.667306858881524931e+02
5.685134076613907155e+02
5.697792670845459497e+02
5.707900733122949077e+02
5.717300995031067714e+02
5.726852429590826432e+02
5.736754345840573706e+02
5.748148894518176348e+02
5.762057913559569897e+02
5.778762303478812328e+02
5.797936436178573558e+02
5.818509003609339061e+02
5.839319460263405972e+02
5.862821719410233072e+02
5.887370423527354433e+02
5.911999237754590695e+02
5.931449903149036800e+02
5.940426036532292073e+02
5.938312569209887215e+02
5.928296957777566831e+02
5.913403907559869594e+02
5.895985978415218369e+02
5.877292400707444813e+02
5.858193123679168366e+02
5.839172751827951515e+02
5.820549846252581574e+02
5.802494473414768663e+02
5.785049672229015414e+02
5.768202077767067522e+02
5.751843085606243449e+02
5.735849730806851312e+02
5.720069791075486592e+02
5.704368887069484799e+02
5.688599401293067785e+02
5.672695778083378855e+02
5.656560200055411087e+02
5.638816142483236717e+02
5.620032518762227483e+02
5.600940655243920219e+02
5.581611592369894197e+02
5.562094272966904782e+02
5.542457407497378199e+02
5.522740493195180989e+02
5.502960944193051773e+02
5.483136989634928113e+02
5.463271103133262159e+02
5.443339130420023366e+02
5.423372394933778651e+02
5.403341569145371750e+02
5.383295321701269813e+02
5.363263691416714209e+02
5.343263893954588184e+02
5.323380771034401278e+02
5.303613819244860679e+02
5.284038823740587532e+02
5.264696677874737816e+02
5.245625409995038808e+02
5.226913325481602897e+02
5.208603506313244225e+02
5.190783613699040870e+02
5.172546085390815733e+02
5.155312174863558994e+02
5.138836320469714565e+02
5.123118358284541500e+02
5.108184451103310266e+02
5.094064620380942756e+02
5.080759142249565912e+02
5.068324036811116002e+02
5.056763013491553806e+02
5.046130750297228929e+02
5.036456862403078389e+02
5.027771012199978031e+02
5.020124264563962129e+02
5.013495169405471188e+02
5.007914368552257542e+02
5.003294707983350236e+02
4.999589290721427233e+02
4.996663184728336091e+02
4.994392597715450393e+02
4.992634069501521594e+02
4.991241762345158008e+02
4.990131314025369420e+02
4.989156088198452608e+02
4.988267393063162558e+02
4.986151823854307850e+02
4.984125439467596266e+02
4.981652793311651521e+02
4.978566946557318147e+02
4.974681356735680424e+02
4.969839106060088056e+02
4.963960668002916918e+02
4.956952502788661263e+02
4.948875155967114665e+02
4.939720290417266710e+02
4.929610898564141053e+02
4.918632667231489108e+02
4.906879170532389480e+02
4.894477780668496507e+02
4.881487243533735523e+02
4.868013981221268409e+02
4.854105938494152497e+02
4.839815607472205556e+02
4.825182534698167842e+02
4.810221797697261081e+02
4.794958830219942456e+02
4.779391494977747357e+02
4.763529982452852778e+02
4.747368256558689836e+02
4.730417222288572816e+02
4.713274796798015132e+02
4.695878363479056929e+02
4.678222503647673989e+02
4.660293294466588918e+02
4.642086527688608726e+02
4.623598323382409490e+02
4.604826451377457488e+02
4.585781905809723753e+02
4.566467887506241823e+02
4.546909455204878441e+02
4.527123722202442764e+02
4.507142059371765299e+02
4.487000517703824585e+02
4.466730754887290118e+02
4.446383956028884086e+02
4.425992467609565324e+02
4.405608240518506591e+02
4.385270830523031691e+02
4.365019320501302218e+02
4.344898873272446735e+02
4.324936546550379148e+02
4.305174589874658295e+02
4.285637171679753692e+02
4.266128719362868082e+02
4.247389868253503096e+02
4.229004279480395780e+02
4.211004385284622913e+02
4.193424796019321548e+02
4.176295417478298759e+02
4.159654314605420495e+02
4.143533040984674471e+02
4.127961303013211136e+02
4.112979699881979059e+02
4.098594403783973235e+02
4.084835171671113585e+02
4.071676887119047592e+02
4.059092303689202481e+02
4.047017317328074455e+02
4.035343716318973293e+02
4.023950607957316379e+02
4.012685802964807635e+02
4.001379199614540312e+02
3.989894836019531112e+02
3.978102835624720228e+02
3.965902290452290799e+02
3.953282735200097022e+02
3.940209795594169577e+02
3.926636822190464500e+02
3.914339786587598269e+02
3.901815060402861945e+02
3.889301332913498754e+02
3.876994164029808303e+02
3.865275127223226264e+02
3.854427361908721537e+02
3.844868764858196073e+02
3.836999071661020935e+02
3.831087702530970773e+02
3.827469077473525090e+02
3.826018396155992036e+02
3.826609017527935634e+02
3.828739290662143731e+02
3.832017955644377025e+02
3.836135025536336229e+02
3.841245859666466913e+02
3.847976085305904803e+02
3.857168345178559434e+02
3.870120289369128272e+02
3.887675528563133867e+02
3.910564221717316400e+02
3.938862227008557397e+02
3.972003543081937664e+02
4.009143111909470463e+02
4.052670809945188921e+02
4.098527719511194505e+02
4.146205155096459976e+02
4.195663365842786448e+02
4.246572749389991372e+02
4.298785323686391848e+02
4.352322417679234832e+02
4.407615403295842498e+02
4.466021309329681799e+02
4.528226397349395711e+02
4.593727665169467400e+02
4.658923125969415651e+02
4.719329209149275925e+02
4.771519388709656937e+02
4.815010563603490255e+02
4.850692202762575107e+02
4.879638858665546763e+02
4.902996243439971522e+02
4.921323410585715692e+02
4.935416905291512535e+02
4.945772139215891912e+02
4.952690900620880825e+02
4.956321437565552515e+02
4.956067809445270314e+02
4.949697494844479593e+02
4.938482582393872917e+02
4.922356504873235963e+02
4.901230690662129632e+02
4.875653973531733527e+02
4.846245152557925735e+02
4.813715215622081018e+02
4.778889132041341554e+02
4.742368478309520015e+02
4.704844697804227280e+02
4.666813582697895981e+02
4.628815803272075868e+02
4.591336819357279069e+02
4.554971939401599457e+02
4.520387496351352183e+02
4.488568633407177231e+02
4.460690538795242901e+02
4.438345683346911414e+02
4.423442476337665994e+02
4.417495206035326873e+02
4.421764366440262961e+02
4.435403262443142012e+02
4.456213974562077169e+02
4.480761483027164900e+02
4.507309816532055038e+02
4.534040752281160849e+02
4.560419840081546567e+02
4.584980062770309246e+02
4.605836191875535519e+02
4.620957432351573857e+02
4.628950006499559890e+02
4.630196891157793289e+02
4.625257480734948103e+02
4.615121780267010081e+02
4.600866145930020252e+02
4.583241383454897004e+02
4.563114565493941086e+02
4.541086894737583179e+02
4.517728931645971784e+02
4.493479135583297648e+02
4.468736968139091346e+02
4.443800960318670263e+02
4.418946560675332194e+02
4.394370416171123566e+02
4.370268626833947110e+02
4.346802080597557847e+02
4.324106407883269299e+02
4.301764755479490532e+02
4.280338842233902596e+02
4.260095860458612833e+02
4.241094856756827767e+02
4.223391595642553398e+02
4.207039097171250432e+02
4.192044433789711206e+02
4.178449351881458256e+02
4.166242771035373949e+02
4.155449685468283860e+02
4.146082565239103701e+02
4.138150472901505168e+02
4.131706406119520807e+02
4.126757758939124301e+02
4.123370229793652015e+02
4.121567913423133973e+02
4.121368804309868210e+02
4.122795088470916198e+02
4.125781855255607411e+02
4.130290646200696756e+02
4.136189053595821861e+02
4.143350751797387375e+02
4.151606054893014175e+02
4.160776808362870156e+02
4.171282887106654584e+02
4.183024147270506319e+02
4.195194450962897008e+02
4.207639809279330052e+02
4.220293172525214800e+02
4.233081310912976392e+02
4.245972505889211561e+02
4.258988838515501811e+02
4.272133482142713774e+02
4.285497503231082419e+02
4.299138301056298701e+02
4.313169673742244186e+02
4.327712694817778356e+02
4.342880273286692727e+02
4.358849585083394231e+02
4.375734309326069820e+02
4.393707626462121993e+02
4.412889839052042475e+02
4.433353809689492664e+02
4.455152509942190022e+02
4.478160512818647589e+02
4.502218603015487020e+02
4.527010341677574843e+02
4.552200421277769919e+02
4.577405280923047144e+02
4.601990572314940664e+02
4.625937733487984929e+02
4.649240232410119802e+02
4.671938346825943427e+02
4.694143393970268789e+02
4.716056005981582189e+02
4.737791240144175049e+02
4.759548790767482842e+02
4.781429928202318820e+02
4.803513488510038769e+02
4.825839176016233978e+02
4.848373383941711836e+02
4.871065869138668631e+02
4.893794343495976591e+02
4.916436534378277656e+02
4.938807453162009438e+02
4.960756180084453604e+02
4.982102054109606684e+02
5.002694644606985435e+02
5.022425070564979137e+02
5.041164068608694038e+02
5.058889485448746655e+02
5.075535674197533922e+02
5.089848829268265717e+02
5.102085379455495513e+02
5.113287895013376669e+02
5.123535036284383750e+02
5.132844721712044702e+02
5.141271929142777708e+02
5.148839253206937201e+02
5.155543509872392178e+02
5.161402586809919057e+02
5.166393497673203683e+02
5.170507209640649080e+02
5.173739268574795460e+02
5.176065102269474210e+02
5.177497981514055709e+02
5.178034475911364325e+02
5.177689556995836710e+02
5.176491413082433155e+02
5.174456431974193720e+02
5.171623198686702381e+02
5.168019213345808112e+02
5.163679174051018208e+02
5.158635077436409802e+02
5.152912093252778050e+02
5.146537236661714587e+02
5.139394239942256490e+02
5.130078317241886907e+02
5.120153142044620154e+02
5.109672206777181600e+02
5.098663132844847041e+02
5.087202933678237855e+02
5.075337094321392897e+02
5.063123674950987265e+02
5.050626982526764550e+02
5.037853440298293322e+02
5.024835348770432688e+02
5.011514099248269645e+02
4.997827297046085846e+02
4.983677393329845131e+02
4.968939266585667269e+02
4.953505536160513429e+02
4.937290860560981969e+02
4.920219004886543530e+02
4.902291496767716126e+02
4.883500108405845026e+02
4.863891328315028773e+02
4.843517965574192203e+02
4.822426924149002048e+02
4.800703498115133243e+02
4.778640717061518330e+02
4.755292081368436357e+02
4.731534529427842131e+02
4.707444812813859016e+02
4.683088322878688246e+02
4.658522911731415093e+02
4.633829404049725440e+02
4.609057409447355553e+02
4.584290232775431377e+02
4.559587553793998609e+02
4.535019029039575003e+02
4.510653731044209849e+02
4.486549118004163006e+02
4.462773252562717516e+02
4.439381069486357205e+02
4.416430829597774732e+02
4.393974343454393079e+02
4.372060837850518169e+02
4.350736492175756212e+02
4.330049233519323479e+02
4.310042367719723302e+02
4.290763786374850497e+02
4.272262151269404171e+02
4.254588089611479518e+02
4.237581018751253623e+02
4.221087166045127788e+02
4.205609597903621761e+02
4.191190616900768759e+02
4.177875772308622118e+02
4.165668718210309294e+02
4.154573042838767378e+02
4.144546579670761162e+02
4.135506601566905260e+02
4.127372906437491906e+02
4.119976951746342024e+02
4.113162622967563493e+02
4.106724661231390883e+02
4.100416001557886716e+02
4.093998572559403328e+02
4.087213691630833523e+02
4.079794984545825400e+02
4.071581822028375086e+02
4.062401462068958153e+02
4.052193165988254577e+02
4.040976850360257231e+02
4.028756337958028553e+02
4.015701613280313609e+02
4.001896050185457625e+02
3.987749205733560416e+02
3.973764826420122631e+02
3.959451996296098173e+02
3.944997898592737897e+02
3.930508164257728936e+02
3.916167021834154980e+02
3.902081305245085332e+02
3.888406043368557903e+02
3.875274846046740436e+02
3.862796511056320696e+02
3.851134862707535831e+02
3.840348810979179461e+02
3.830584777526217977e+02
3.821875955380864980e+02
3.814295886310200672e+02
3.807873930074692339e+02
3.802590708627398612e+02
3.798472726768432608e+02
3.795424918397031320e+02
3.793432591538875727e+02
3.792356164263718483e+02
3.792129343239859054e+02
3.792584898360720445e+02
3.793645096712722875e+02
3.795456918635040893e+02
3.797466599189144745e+02
3.800008259850511081e+02
3.803106758671979151e+02
3.806995972040439256e+02
3.811709076920637926e+02
3.817409276495312724e+02
3.824111504226926854e+02
3.831743683222501318e+02
3.840229694023420279e+02
3.849290467638041946e+02
3.858703012398509031e+02
3.868109138713779203e+02
3.877211067207366568e+02
3.885680932729608230e+02
3.893284595500887804e+02
3.899799197673401068e+02
3.905118187206849711e+02
3.909177473417033752e+02
3.911951927991325419e+02
3.913511006855420078e+02
3.913875291221208386e+02
3.913161945595376210e+02
3.911435523090871698e+02
3.909099147690785117e+02
3.904729528164163526e+02
3.899581170312383165e+02
3.893745847636001258e+02
3.887268558267580829e+02
3.880213345044760445e+02
3.872630791406818389e+02
3.864558944686184532e+02
3.856050459513986652e+02
3.847134275222472866e+02
3.837853679134199183e+02
3.828240835529413744e+02
3.818326841274647450e+02
3.808149057287560595e+02
3.797733307705606194e+02
3.787118758595842110e+02
3.776340450492280638e+02
3.765443056279688108e+02
3.754493570514246130e+02
3.743569610388458955e+02
3.732810494951042983e+02
3.722410154518080958e+02
3.712654827812290250e+02
3.703995954151769752e+02
3.697024998385764434e+02
3.692085501328840564e+02
3.689257710053014421e+02
3.688110791422562329e+02
3.687569422213262555e+02
3.686417650296119746e+02
3.683701286461616178e+02
3.679288066524315468e+02
3.673409312329139880e+02
3.666617100050173690e+02
3.659560980004109751e+02
3.652970205055965494e+02
3.647581394904277658e+02
3.644209330112708471e+02
3.643330696655164616e+02
3.644799817253602328e+02
3.647570337926673574e+02
3.649937069934264287e+02
3.650266529524311068e+02
3.647868103901826657e+02
3.642755943694600091e+02
3.635397701035743125e+02
3.626449166294555084e+02
3.616358361394762824e+02
3.605240832992145670e+02
3.592915505885563334e+02
3.580338536515885721e+02
3.567665300309531631e+02
3.555024608819773562e+02
3.542522732610915455e+02
3.530289628160915640e+02
3.518464252599500242e+02
3.507237243983777262e+02
3.496913518820804256e+02
3.487844556724019753e+02
3.480648380019132446e+02
3.475896319981846432e+02
3.474176345738813438e+02
3.475624147874387972e+02
3.479444607670282039e+02
3.484022798984261726e+02
3.487407548119616649e+02
3.488180753421203235e+02
3.486089105660794871e+02
3.482012483196247103e+02
3.477498508358402773e+02
3.474918395648502951e+02
3.476993914863327859e+02
3.484737638407444820e+02
3.497732988538928680e+02
3.516701258989521648e+02
3.542863868340485283e+02
3.577642572089953887e+02
3.617714931291980065e+02
3.654051299758821756e+02
3.678118930704409308e+02
3.687915621999206905e+02
3.689550897963002285e+02
3.691125632206737350e+02
3.701086237062191344e+02
3.727542842213529184e+02
3.771297759003115289e+02
3.821049937524045959e+02
3.859967642990856120e+02
3.882280604930481331e+02
3.894163461316131247e+02
3.904266695081128091e+02
3.920121546621335256e+02
3.947742902433848826e+02
3.990904936042308009e+02
4.048871775852401242e+02
4.113869588917739293e+02
4.175966165987737782e+02
4.222576356518214311e+02
4.254410608635247399e+02
4.274768841897916900e+02
4.288357450386363325e+02
4.299176967518458810e+02
4.310496713705258003e+02
4.324206739121266310e+02
4.340767698740839933e+02
4.358882672140474028e+02
4.376515518495731953e+02
4.392284314852258262e+02
4.406038140993536558e+02
4.418317322276319601e+02
4.430018025280281790e+02
4.441461894256140681e+02
4.452804581816150744e+02
4.463837265749797325e+02
4.474062178796640978e+02
4.483004117389990597e+02
4.490329399281009159e+02
4.495810812124496465e+02
4.499572364344713833e+02
4.501796682035591743e+02
4.500531869695769842e+02
4.495822074800743167e+02
4.490337550353262372e+02
4.484337576235042206e+02
4.477961153884434680e+02
4.471337957805665155e+02
4.464519531288792678e+02
4.457548881109250942e+02
4.450426744002093074e+02
4.443141961422599593e+02
4.435675153342473322e+02
4.427987281034658622e+02
4.420048131270863223e+02
4.411803529246609514e+02
4.403207488287089859e+02
4.394190466903322090e+02
4.384693738587839107e+02
4.374630031055772861e+02
4.363946587916476005e+02
4.352568379747264657e+02
4.340454544093209392e+02
4.327589765849237438e+02
4.313951085783888857e+02
4.299605374213617210e+02
4.284447177794148729e+02
4.267926316041163091e+02
4.250940183174742515e+02
4.233586938629028964e+02
4.216018700725850863e+02
4.198329514345031725e+02
4.180666874804341546e+02
4.163149524612514369e+02
4.145876831019298265e+02
4.128974857471910695e+02
4.112513918422095003e+02
4.096584442821553012e+02
4.081280278725651556e+02
4.066667950125207085e+02
4.052897929692344974e+02
4.040109533161069066e+02
4.028521056661491002e+02
4.018462923736647667e+02
4.010220398678681590e+02
4.004302653186812222e+02
4.000976326960828828e+02
4.000565652852064886e+02
4.003059321609093217e+02
4.008045492031490085e+02
4.014487727454706487e+02
4.018742930540468592e+02
4.022304595441130459e+02
4.024421569659784836e+02
4.024655611850378136e+02
4.022936933045349406e+02
4.019367731148762459e+02
4.013844269062644798e+02
4.006383979381448057e+02
3.996852501448875614e+02
3.985138129949042991e+02
3.971384809789417432e+02
3.955648406403675494e+02
3.938254950703064878e+02
3.919459019023453834e+02
3.899548409600298555e+02
3.878853248793856210e+02
3.857586096157004363e+02
3.836034615088598798e+02
3.814384721510695044e+02
3.792832301889094424e+02
3.771544391630474138e+02
3.750655485919344301e+02
3.730292388473104097e+02
3.709584902576124250e+02
3.687845188290625060e+02
3.667041778989943737e+02
3.647232872162604167e+02
3.628449902162666376e+02
3.610752172910485456e+02
3.594126702224318137e+02
3.578602421832280243e+02
3.564153421345672541e+02
3.550744424993984580e+02
3.538351479456335369e+02
3.526883763902748115e+02
3.516307080815850554e+02
3.506529529855939131e+02
3.497504373434384206e+02
3.489203559582614957e+02
3.481605342146347084e+02
3.474773745699974370e+02
3.468749384974564691e+02
3.463643907384134195e+02
3.459555706558004431e+02
3.456524379745007423e+02
3.454614721369215431e+02
3.453743122213290917e+02
3.453348386544155915e+02
3.453415006131458540e+02
3.455563072327014993e+02
3.461456207348406906e+02
3.474518277447270407e+02
3.500775653897912889e+02
3.547637901233372872e+02
3.621158327556739778e+02
3.713694729015377334e+02
3.804152999728440250e+02
3.871081859977871318e+02
3.909762173922429156e+02
3.926783154970952978e+02
3.931338065299393634e+02
3.929211188335961538e+02
3.924009741278582055e+02
3.917551862657209085e+02
3.910862877748654682e+02
3.904591513454718665e+02
3.899211714377560156e+02
3.895217468791067290e+02
3.893304850866201150e+02
3.894806979330929835e+02
3.902122783543065339e+02
3.919679878827258221e+02
3.954034726840537814e+02
4.016462650539018000e+02
4.107370487537078247e+02
4.211757935296350297e+02
4.304491765201112230e+02
4.371637607555715590e+02
4.416082044463661305e+02
4.453002558597783036e+02
4.493790678944234855e+02
4.537081275629468564e+02
4.573021603516111213e+02
4.594376647791647770e+02
4.602637479151565572e+02
4.602439102852938504e+02
4.598626682386764628e+02
4.594681781963424214e+02
4.593861927697197416e+02
4.600227134432844309e+02
4.617258090731376683e+02
4.645800916497337312e+02
4.681877224384061833e+02
4.717937454526863235e+02
4.747409866379153414e+02
4.766822792738552721e+02
4.771466553873182193e+02
4.767429496061888585e+02
4.757879772921713197e+02
4.745528392599176186e+02
4.732841487734496582e+02
4.721259361011374835e+02
4.712028576865624814e+02
4.705761394403232316e+02
4.702925768799991602e+02
4.703627154639747801e+02
4.707607168389449157e+02
4.714382382795621425e+02
4.723089839925419824e+02
4.732732242196939865e+02
4.742237036890005015e+02
4.750737542322802938e+02
4.757498869826499686e+02
4.762355037391793644e+02
4.765297255664939939e+02
4.766834313761629005e+02
4.767755159551361999e+02
4.769063706599254715e+02
4.772257142847733462e+02
4.777743401586317304e+02
4.786332575185673477e+02
4.796988164806788859e+02
4.807454337186641169e+02
4.815223869172156697e+02
4.819220397061856715e+02
4.819326086289431714e+02
4.816383222253132885e+02
4.811308720156466165e+02
4.804846565221052970e+02
4.797735417268216338e+02
4.790467935051103723e+02
4.783646890109278615e+02
4.777814653497250106e+02
4.773590809394683561e+02
4.771687347397840995e+02
4.772651090154995472e+02
4.777221126544122853e+02
4.785722665489094538e+02
4.798817101792463404e+02
4.816704965472244453e+02
4.839778714713976910e+02
4.867755550153157742e+02
4.900163856334726802e+02
4.935560910145964613e+02
4.974034260403058738e+02
5.015130555426719070e+02
5.058047073626152610e+02
5.101502377836650908e+02
5.142050057114543051e+02
5.176677405169202757e+02
5.203332007058617137e+02
5.222286050541081295e+02
5.234711713386700467e+02
5.242351850866385803e+02
5.246497372199557958e+02
5.248144621190429007e+02
5.248080288092256751e+02
5.246796990426611274e+02
5.245148566174119651e+02
5.244026758368114542e+02
5.245279415562122267e+02
5.251474101417915108e+02
5.266033196579526248e+02
5.292221926053503012e+02
5.329456829331421659e+02
5.372689689246235503e+02
5.413841140431682106e+02
5.447516108980911440e+02
5.474264194542441828e+02
5.495530750845227885e+02
5.510837924545390933e+02
5.520784038542880126e+02
5.527137231687719350e+02
5.531990239935601039e+02
5.536415181564187833e+02
5.540453829918332076e+02
5.542971105035527444e+02
5.542142602259510795e+02
5.536316526249441949e+02
5.524088463113333773e+02
5.505450555483230346e+02
5.480564824917350961e+02
5.450486334813870144e+02
5.416081768416345312e+02
5.378270455925633087e+02
5.337930766066721162e+02
5.295790665623350151e+02
5.252553349097224782e+02
5.208826750042594540e+02
5.165149314234116673e+02
5.121990956257255903e+02
5.079410840635514433e+02
5.037579358643015439e+02
4.997354824803927045e+02
4.958875137019256840e+02
4.922278491298715153e+02
4.887594731543325111e+02
4.854771234852454995e+02
4.823751674432466530e+02
4.794358089451974934e+02
4.766444533108065116e+02
4.739826186518642999e+02
4.714308689543126434e+02
4.689755720694442971e+02
4.666011371991976944e+02
4.642965824871411655e+02
4.620554789710906789e+02
4.598689109286946177e+02
4.577362680251337110e+02
4.556521137202246337e+02
4.536158766500986417e+02
4.516264669843164938e+02
4.496815458863447361e+02
4.477823044966956445e+02
4.459258191495447363e+02
4.441381156235654544e+02
4.423953478106921011e+02
4.406843607974650467e+02
4.390040917165337078e+02
4.373519345890355225e+02
4.357267932899388825e+02
4.341261401986225223e+02
4.325482842606450049e+02
4.309912458299945115e+02
4.294530851474312954e+02
4.279321472061274108e+02
4.264266426574845923e+02
4.249351356147899423e+02
4.234561488193547802e+02
4.219885212253162194e+02
4.205311322222766535e+02
4.190830724870461381e+02
4.176435249070238456e+02
4.162117349929758348e+02
4.147872118302115041e+02
4.133692871024734927e+02
4.119575722554266122e+02
4.105514680108718721e+02
4.091504451380120031e+02
4.077047389943546705e+02
4.062720742241465359e+02
4.048364331279070143e+02
4.033972125163043074e+02
4.019538771493143372e+02
4.005061720982415068e+02
3.990536356658387263e+02
3.975965823508454946e+02
3.961352177015479015e+02
3.946706770986518791e+02
3.932049885734040231e+02
3.917412563542899875e+02
3.902850470699529524e+02
3.888439642732578250e+02
3.874314471625010583e+02
3.860656896379413752e+02
3.847782928302329992e+02
3.836159207437825671e+02
3.826535563485496141e+02
3.820149622748193110e+02
3.818697787207656802e+02
3.825034860003851804e+02
3.842420863553278991e+02
3.874698810881626514e+02
3.923977557739567601e+02
3.990135361831766545e+02
4.068023529331779287e+02
4.149421962740902927e+02
4.228399545871662326e+02
4.304173224353884848e+02
4.378756435486953364e+02
4.453601357141021140e+02
4.528848071581734871e+02
4.603617400953930314e+02
4.676724887711266661e+02
4.747724472483586737e+02
4.816141278063932987e+02
4.882763828313167664e+02
4.948923982161865069e+02
5.016198882569019588e+02
5.084877652748843389e+02
5.153943299747153333e+02
5.221600316501723000e+02
5.285852949880217011e+02
5.345598453738489297e+02
5.400017528274772758e+02
5.449099487234168464e+02
5.492892811093247474e+02
5.530939610432660629e+02
5.565223382115385675e+02
5.596571516425650543e+02
5.625902471838149950e+02
5.653468862111529916e+02
5.678891367081297403e+02
5.700829688039101484e+02
5.718386069619230057e+02
5.731631364316128838e+02
5.740709141381557856e+02
5.745545393186367846e+02
5.745472881820384146e+02
5.739579219373546266e+02
5.728067291876683385e+02
5.711569075375081184e+02
5.691323674005528801e+02
5.668695607036277124e+02
5.644754704959763103e+02
5.620580590705502573e+02
5.597039983558051972e+02
5.574963731689973656e+02
5.555253042625560056e+02
5.538872869494967972e+02
5.526669471510712128e+02
5.518165904195838039e+02
5.514192418936103195e+02
5.514804932723907314e+02
5.518279325928256185e+02
5.522937032010622715e+02
5.527121586826872317e+02
5.530673329731066588e+02
5.534171494574235339e+02
5.538767869116372822e+02
5.545269190242629520e+02
5.553742317468361307e+02
5.564692063342050687e+02
5.578097265310691455e+02
5.593997869024481133e+02
5.610712763740694982e+02
5.625848460531383353e+02
5.636228994856611507e+02
5.639951247964063441e+02
5.636053764835141919e+02
5.625554419093040224e+02
5.610500361908309515e+02
5.593225321265898629e+02
5.576682998908725040e+02
5.562583628219705361e+02
5.551402937232040813e+02
5.543225174706963116e+02
5.535942537797127443e+02
5.527679855811921925e+02
5.517477015154507853e+02
5.504860881159085011e+02
5.490018198857611651e+02
5.473129526418035766e+02
5.454575174082322064e+02
5.435340276739583487e+02
5.416252956310771651e+02
5.398489003061985159e+02
5.375268037591586108e+02
5.364605049631805969e+02
5.357738141053958998e+02
5.354441987023877800e+02
5.354047868600512174e+02
5.355265593661786170e+02
5.356788817667799094e+02
5.357538244136354706e+02
5.357209393793377785e+02
5.356273965545598230e+02
5.355853736998438990e+02
5.357624028157639486e+02
5.363209451089935556e+02
5.374024987574260876e+02
5.392583363611270215e+02
5.418260982716321905e+02
5.448501965819929183e+02
5.478453365277574676e+02
5.505510105980320077e+02
5.529585944014100960e+02
5.553507528665743394e+02
5.578326490306965297e+02
5.601842320198140897e+02
5.619965611861002799e+02
5.628619821860813772e+02
5.626173723251507681e+02
5.612402747964304126e+02
5.589332573897750081e+02
5.558562513738959296e+02
5.522313521888615924e+02
5.482078427122324911e+02
5.439214115811183774e+02
5.394720387065788145e+02
5.349291409626551967e+02
5.303522210555773881e+02
5.257753163705755242e+02
5.211459276775069611e+02
5.165826628684302477e+02
5.121014202110119413e+02
5.077126099437378457e+02
5.034238415190303044e+02
4.992430101743159980e+02
4.951716770217468593e+02
4.912139418111764257e+02
4.873679781539854048e+02
4.836293936687865198e+02
4.799924214142862411e+02
4.764416853597193153e+02
4.729636911779722936e+02
4.695371283166474541e+02
4.661445803585518206e+02
4.627674129962840652e+02
4.593934318658557459e+02
4.560156987479144277e+02
4.526305453904061551e+02
4.492427501881835497e+02
4.458552365052797768e+02
4.424771728279089302e+02
4.391164462428891966e+02
4.357804731840781756e+02
4.325109613458184299e+02
4.292818687775803710e+02
4.261032839298060821e+02
4.229823403128061159e+02
4.199253627763171721e+02
4.169418082676963309e+02
4.140359693711736213e+02
4.112168761009743889e+02
4.084896243459561447e+02
4.058591440088970330e+02
4.033321549005248698e+02
4.009078922530800924e+02
3.985912173683282163e+02
3.963781626765021429e+02
3.942686890052669924e+02
3.922589246237063207e+02
3.903444583505999503e+02
3.885246612581564136e+02
3.867938329865754667e+02
3.851557175771462198e+02
3.836065857962304904e+02
3.821522247554274259e+02
3.807931752672701009e+02
3.795323352984991629e+02
3.785296764936073828e+02
3.776402532155369727e+02
3.768758140529798197e+02
3.762328049658140117e+02
3.757155470385220610e+02
3.753185436420196766e+02
3.750359651108602748e+02
3.748622613688918932e+02
3.747827645737281159e+02
3.747919940050742298e+02
3.748732127822413531e+02
3.750202226729573454e+02
3.752201249234913689e+02
3.754647383495969848e+02
3.757479189856644552e+02
3.760593916363851008e+02
3.763949334416884653e+02
3.767454001287270557e+02
3.771052807594733167e+02
3.774667708191271345e+02
3.778227405559786121e+02
3.781660530226991455e+02
3.784903288108979496e+02
3.787900052701867821e+02
3.791285280941407905e+02
3.794353291223254701e+02
3.797092509949426926e+02
3.799534215362441500e+02
3.801693910804439156e+02
3.803624190671083056e+02
3.805377398230579615e+02
3.807011440901505921e+02
3.808608811477052427e+02
3.810236064366907272e+02
3.811989177592024021e+02
3.813950452587379800e+02
3.816226115817761979e+02
3.818924567598011208e+02
3.822161707513153601e+02
3.826085491620264634e+02
3.830827214427906142e+02
3.836572941684082139e+02
3.843494198832555639e+02
3.851821432488885080e+02
3.861832149189332313e+02
3.873835666546090692e+02
3.888327657371983150e+02
3.905793455504006033e+02
3.928765936403042929e+02
3.956634414728638944e+02
3.990619601423349536e+02
4.031978590561710689e+02
4.082165082405743419e+02
4.142299476386036190e+02
4.212344479252078600e+02
4.291150602702864489e+02
4.375379190843813149e+02
4.461079809505700950e+02
4.542962265084067894e+02
4.616830151006622600e+02
4.678692086933126575e+02
4.726705012146917397e+02
4.759941917238840006e+02
4.779534614366633605e+02
4.786909442666043333e+02
4.784384558655055457e+02
4.774047314651932084e+02
4.757655848462330823e+02
4.736832509060983512e+02
4.712610320601341414e+02
4.685931081383755554e+02
4.657409409369068953e+02
4.627428043242467766e+02
4.596615861553381706e+02
4.565113708876734222e+02
4.533161937913511110e+02
4.500922483905689546e+02
4.468549278738131534e+02
4.436159666586531785e+02
4.403853733575142542e+02
4.371716647861229035e+02
4.339817109928184209e+02
4.308214055487525229e+02
4.276951299321950160e+02
4.246072344567080563e+02
4.215600852950927901e+02
4.185568214621154652e+02
4.155987271227249380e+02
4.126873707671689431e+02
4.098238636924938874e+02
4.070081583830539103e+02
4.042413214198754190e+02
4.015224372307579301e+02
3.988519315612028322e+02
3.962290439408168936e+02
3.936530592599120837e+02
3.911076865492981938e+02
3.885739190736968567e+02
3.860861703772509372e+02
3.836427630088343221e+02
3.812429018726833760e+02
3.788856240674991795e+02
3.765693276603226423e+02
3.742937555754423329e+02
3.720570735927908572e+02
3.698589742974793353e+02
3.676982586798056900e+02
3.655739613348296757e+02
3.634858053396928312e+02
3.614323774935886036e+02
3.594137982148913579e+02
3.574290007876506934e+02
3.554778023211455320e+02
3.535600574902782114e+02
3.516752633549155576e+02
3.498242125605981983e+02
3.480070641223141479e+02
3.462261532633858678e+02
3.444853143946647265e+02
3.427951619900193236e+02
3.411744078460613991e+02
3.396866230547950636e+02
3.385518572154521735e+02
3.383451728537056056e+02
3.403510736910276364e+02
3.450083626842912849e+02
3.493667269629028738e+02
3.510853278058412457e+02
3.510082622276320876e+02
3.502590789698109006e+02
3.492920075433099214e+02
3.482556615976594117e+02
3.472092073474879612e+02
3.461736336818641462e+02
3.451612544497804151e+02
3.441780843937653458e+02
3.432303625523811093e+02
3.423241655599634328e+02
3.414748449957936600e+02
3.407138264111497392e+02
3.401209214794042168e+02
3.398700952854704838e+02
3.402565963574824650e+02
3.416225667479346271e+02
3.436880480506666231e+02
3.455373133660511371e+02
3.466211869207977543e+02
3.469737485612629371e+02
3.469061748782863219e+02
3.466761254556748781e+02
3.464342923898382196e+02
3.463275374615595297e+02
3.465374962880842418e+02
3.474259349976958333e+02
3.494144088278023332e+02
3.528912406032569038e+02
3.574649608100839373e+02
3.618914583227224853e+02
3.649687853268109166e+02
3.665933082739937277e+02
3.671429862674042397e+02
3.671196645939439236e+02
3.668112839053467837e+02
3.663798024276792376e+02
3.659152444668172279e+02
3.654607482209054865e+02
3.650432933013339039e+02
3.646734570049784452e+02
3.642087117293929168e+02
3.635512521973892603e+02
3.628982021655065182e+02
3.622222979144260080e+02
3.614988178898636306e+02
3.607170138552120875e+02
3.598682395262409273e+02
3.589606721801621347e+02
3.580006844305615346e+02
3.569994427565345632e+02
3.559685444795056242e+02
3.549157409888476309e+02
3.538514801376260834e+02
3.527808710713995879e+02
3.517103742012665180e+02
3.506432529172055297e+02
3.495824696792665236e+02
3.485300560286089535e+02
3.474864476637119992e+02
3.464527083227296771e+02
3.454278262255043614e+02
3.444120860538194506e+02
3.434041771961888685e+02
3.424035127592828758e+02
3.413106406786736784e+02
3.400810328281978627e+02
3.388704873747961415e+02
3.376775866209988521e+02
3.365037627107910794e+02
3.353488619565817999e+02
3.342133458067535230e+02
3.330986661543537366e+02
3.320043262344532877e+02
3.309322241889165070e+02
3.298819255520596130e+02
3.288545064972876162e+02
3.278503602233382139e+02
3.268693076402427096e+02
3.259122737985417189e+02
3.249785099962285244e+02
3.240687402563468140e+02
3.231824584875359392e+02
3.223194132949456616e+02
3.214798768407071634e+02
3.206628022953415211e+02
3.198687584195224076e+02
3.190966264269966359e+02
3.183464044470275098e+02
3.175643108177904423e+02
3.173462459247580796e+02
3.171518420950348514e+02
3.169727618559929283e+02
3.168060107864655492e+02
3.166499549750215579e+02
3.165035272721880801e+02
3.163673937813254042e+02
3.162406466754275698e+02
3.161243002241449744e+02
3.160182420823346092e+02
3.159230068976052053e+02
3.158403387134246145e+02
3.157710497662396847e+02
3.157184233953548187e+02
3.156849472996418058e+02
3.156750080531462572e+02
3.156936225613740135e+02
3.157468410913854200e+02
3.158412755226799504e+02
3.159842396424285766e+02
3.161839709296936576e+02
3.164485476869170384e+02
3.167884384179267272e+02
3.171714109686320171e+02
3.180592486049358740e+02
3.190521123065411189e+02
3.201526450483117969e+02
3.213496699022491612e+02
3.226158226499713919e+02
3.239033206128244160e+02
3.251639204298022037e+02
3.263479358352103645e+02
3.274290194937039473e+02
3.284084097443716814e+02
3.293052262225879190e+02
3.301701497358880033e+02
3.310648428187975014e+02
3.320549911089357238e+02
3.331862233395455064e+02
3.344419189557481218e+02
3.357390732842252987e+02
3.369628331239129579e+02
3.380543875882794964e+02
3.390013922378341817e+02
3.398442940685146141e+02
3.406363764140974695e+02
3.414455437045780286e+02
3.422620332247666397e+02
3.436870625285719711e+02
3.453994539998988103e+02
3.474889230086423595e+02
3.499737010905454895e+02
3.526670987013780518e+02
3.552713247831401304e+02
3.575162131688610998e+02
3.592978672467033903e+02
3.606477324676437206e+02
3.616898443808251500e+02
3.625190681467241234e+02
3.632264974817990719e+02
3.638676396512973383e+02
3.644818137811255951e+02
3.650971150779789696e+02
3.657349253375598437e+02
3.664099423225482610e+02
3.671381452413021975e+02
3.679292078077580754e+02
3.687934980309701700e+02
3.697410074156090332e+02
3.707773789259210844e+02
3.719154875323662850e+02
3.730241041809821354e+02
3.746341063137095375e+02
3.763853963089492254e+02
3.783087308172484882e+02
3.804533115308508400e+02
3.828597886123289413e+02
3.855705361702512164e+02
3.886008375189334174e+02
3.919266702043523196e+02
3.954842543902979628e+02
3.991730278889066312e+02
4.028753657188452735e+02
4.065187174010749231e+02
4.100715136348199508e+02
4.135747398498123175e+02
4.171432353500566137e+02
4.208071468221426130e+02
4.245181701263803120e+02
4.280152099484388373e+02
4.310768348085114212e+02
4.337027407779053760e+02
4.362097609679871084e+02
4.391326290636669114e+02
4.431688805742287514e+02
4.486105179039745963e+02
4.551731566830252405e+02
4.623937157920993286e+02
4.690287629558476397e+02
4.742163127239803657e+02
4.778270228909015600e+02
4.803032629261665534e+02
4.823852199167045001e+02
4.847639438916980907e+02
4.881762815577905030e+02
4.932197330228393071e+02
5.001447903932587451e+02
5.086487266095687119e+02
5.179416255956423356e+02
5.276404717456204025e+02
5.375258968490785492e+02
5.469634666153681337e+02
5.547031776601686488e+02
5.601301303607365298e+02
5.633437766455067504e+02
5.651077305344954311e+02
5.659255357566705698e+02
5.661515548133162383e+02
5.659560641831689054e+02
5.650003542069422338e+02
5.638446954189013240e+02
5.625073119117231499e+02
5.610120499825887919e+02
5.593605501278353813e+02
5.575629195620896326e+02
5.556383606683908738e+02
5.536330852390010477e+02
5.516188882214167961e+02
5.496769375895856911e+02
5.478987839580023547e+02
5.463608362845104693e+02
5.451223029203966917e+02
5.441940229694646405e+02
5.435234117681284260e+02
5.429766608020746617e+02
5.423913732017501843e+02
5.416288990040394538e+02
5.406645691418616479e+02
5.395846965965394020e+02
5.385531343854770512e+02
5.378556766842884826e+02
5.378126483839428147e+02
5.388651676540107474e+02
5.410046187106161142e+02
5.445371272412276085e+02
5.482948221865261758e+02
5.511865863713617273e+02
5.525380539179333255e+02
5.524734559701332728e+02
5.513860287951638384e+02
5.496954961467199610e+02
5.476807959783184288e+02
5.454439013530371767e+02
5.430245710492310991e+02
5.404196114745892601e+02
5.376324873967860185e+02
5.347107658998821762e+02
5.316873716763371931e+02
5.286077879997453692e+02
5.254997479915496115e+02
5.223799477236533448e+02
5.192663175495289352e+02
5.161754867631423167e+02
5.131156652718048008e+02
5.101000701932896391e+02
5.071218728851399078e+02
5.041705335293933672e+02
5.011645959491004874e+02
4.982555238337671994e+02
4.954414316016244584e+02
4.927357529886103862e+02
4.901757724888005896e+02
4.877988608875507452e+02
4.856682549953499120e+02
4.838425106749994029e+02
4.823804190135240333e+02
4.813332803944385319e+02
4.807105029112447028e+02
4.805090558657176416e+02
4.806388981010825887e+02
4.809521092287375836e+02
4.812943015736626649e+02
4.816143226706600444e+02
4.820708028356849013e+02
4.829816470068535068e+02
4.845608389538466554e+02
4.866843669547187119e+02
4.887470844190365256e+02
4.900891185261392025e+02
4.905204063362447187e+02
4.901696587391483604e+02
4.891955021022129131e+02
4.880219368943640461e+02
4.867279031408906462e+02
4.854026070697869955e+02
4.840808689840212082e+02
4.827566072339927246e+02
4.814016648888157874e+02
4.799603921006796554e+02
4.783841500313785673e+02
4.766226458115430660e+02
4.746528476628201361e+02
4.724737550566916298e+02
4.700937303955619768e+02
4.675481759730484441e+02
4.648597923796108375e+02
4.620655193543714176e+02
4.591924584625364787e+02
4.562630569844346269e+02
4.533002964734097304e+02
4.503184103331455503e+02
4.473318569046256812e+02
4.443519659168312614e+02
4.413860276141595023e+02
4.384426781678610610e+02
4.353544499996400532e+02
4.322366774886787653e+02
4.291667572552957495e+02
4.261466156628242175e+02
4.231802227969154160e+02
4.202688103925327141e+02
4.174141462484462295e+02
4.146182056986820612e+02
4.118807681699580598e+02
4.092038866341642347e+02
4.065869589598875677e+02
4.040307055434518588e+02
4.015354591819942129e+02
3.991003106088472236e+02
3.967261782111948492e+02
3.944116499192195420e+02
3.921569643795395450e+02
3.899614448958755588e+02
3.878239930188997278e+02
3.857447266319514938e+02
3.837218370095509385e+02
3.817553082785014453e+02
3.798437124085149890e+02
3.779860644752994858e+02
3.760712786832696679e+02
3.741598416639329798e+02
3.723008094002008193e+02
3.704922505305448226e+02
3.687330187766742142e+02
3.670218471013562862e+02
3.653568381453025040e+02
3.637372382492513339e+02
3.621609889623704817e+02
3.606270537541450949e+02
3.591339516275265282e+02
3.576799503212381524e+02
3.562641783196236815e+02
3.548846348856206419e+02
3.535403307040363643e+02
3.522297795611078186e+02
3.509513510178785509e+02
3.497041864723373692e+02
3.484863349778270276e+02
3.472968615458363502e+02
3.461342770253884282e+02
3.449970225931724030e+02
3.438842873510095615e+02
3.427940520307726047e+02
3.416668093160875515e+02
3.405559491667785323e+02
3.394668751527321433e+02
3.383991050802722498e+02
3.373510622147290974e+02
3.363226009746645104e+02
3.353122915682012035e+02
3.343194104294823319e+02
3.333434147957237315e+02
3.323828675743185954e+02
3.314377685130986606e+02
3.305066157017370188e+02
3.295889524824790442e+02
3.286841145237117416e+02
3.277908900744761240e+02
3.269093915265420947e+02
3.260381945519788474e+02
3.251772512327935374e+02
3.243258536618291714e+02
3.234834184622231987e+02
3.226501013347975118e+02
3.218253200061719212e+02
3.210095400031932513e+02
3.202029276567180318e+02
3.193905491200857227e+02
3.186080841575562772e+02
3.178433148263778776e+02
3.170977314108372411e+02
3.163738115054844116e+02
3.156733411078511153e+02
3.149992578190689869e+02
3.143546760787481276e+02
3.137422380015553927e+02
3.131665806424382481e+02
3.126303781518093956e+02
3.121384718354279357e+02
3.116949403686330697e+02
3.113033800497680659e+02
3.109696251669840308e+02
3.106964432471040709e+02
3.104896607464696103e+02
3.103531120497742108e+02
3.102904992572324545e+02
3.103074237045556174e+02
3.104057637806981802e+02
3.105908809689526038e+02
3.108649458887175570e+02
3.112304420757330377e+02
3.117115976885319810e+02
3.122961865121764049e+02
3.129786745180949197e+02
3.137560327893596650e+02
3.146257951547310086e+02
3.155844991837303155e+02
3.166254922049188849e+02
3.177436231062337129e+02
3.189301512401369223e+02
3.201771529692563831e+02
3.214760429567675146e+02
3.228173805524078830e+02
3.241928831084757689e+02
3.255940254340526963e+02
3.270133920203708158e+02
3.284449896266799556e+02
3.298837729482722807e+02
3.313264057576600408e+02
3.327718258893305574e+02
3.342212600726504093e+02
3.356819697833535088e+02
3.371753813323518898e+02
3.387527536416585576e+02
3.405650387918243496e+02
3.429445395117397197e+02
3.467050107386579612e+02
3.535398708406772812e+02
3.653784941634177130e+02
3.829285018537346446e+02
4.035095606724552226e+02
4.232367710492523543e+02
4.382379497239616626e+02
4.474489188025503950e+02
4.532427123469417438e+02
4.591203378715284771e+02
4.668486201047458621e+02
4.752092941997271396e+02
4.814473848980931621e+02
4.852096872278627870e+02
4.883426660242282651e+02
4.922925226627176585e+02
4.987805919000169297e+02
5.030634261016397772e+02
5.044273477095140379e+02
5.044669553999960954e+02
5.038337813606109421e+02
5.029376002089393296e+02
5.020171433909553684e+02
5.009499492175632440e+02
5.000521010375211972e+02
4.994643039849930233e+02
4.992456801102343320e+02
4.994418490778069781e+02
5.000144097012247926e+02
5.008744407295048404e+02
5.018720400119038345e+02
5.028518521863598494e+02
5.036805013183449660e+02
5.043011875388787644e+02
5.046810503753925445e+02
5.048586919591190849e+02
5.048823499905749941e+02
5.047940346041655744e+02
5.046316855252130154e+02
5.043196654933865943e+02
5.037575026727570844e+02
5.028146091734398055e+02
5.014199907472533368e+02
4.995746038741186794e+02
4.973335396498565615e+02
4.947567037585415619e+02
4.919124302475133845e+02
4.885851861632347095e+02
4.849332874710630676e+02
4.811486247983708608e+02
4.772630649732105894e+02
4.733138052420771373e+02
4.693240572308895366e+02
4.653268446167502361e+02
4.613461010550085462e+02
4.574027178251307078e+02
4.535209836395010825e+02
4.497156117443954031e+02
4.460066077103754196e+02
4.424101480739734029e+02
4.389398314870050513e+02
4.356143442577200631e+02
4.324445126074997461e+02
4.294480078417849427e+02
4.266382922057552491e+02
4.240278927214899340e+02
4.216339434193700981e+02
4.194642846328605401e+02
4.175347629682925117e+02
4.158524480379368242e+02
4.144243087811884152e+02
4.132122290720162141e+02
4.122734596209351707e+02
4.115936050853444499e+02
4.111558471608153127e+02
4.109450339565466948e+02
4.109410947351809114e+02
4.111164701036537963e+02
4.114487198379115966e+02
4.119070488840133066e+02
4.124665337546391015e+02
4.131010216854675150e+02
4.137869461373668400e+02
4.145045257916004289e+02
4.152363747264283234e+02
4.159678174348814537e+02
4.166881436331041186e+02
4.173870200618124500e+02
4.180572040551047621e+02
4.186927699656507684e+02
4.192873383951331903e+02
4.198379023303838267e+02
4.203384389742791427e+02
4.207865158467204196e+02
4.211778231218029305e+02
4.214231126755257719e+02
4.216312042449894761e+02
4.217623483791770695e+02
4.218170429560190655e+02
4.217927619565660962e+02
4.216893736962077242e+02
4.215075032890449620e+02
4.212459776698773339e+02
4.209076767237299350e+02
4.204923313551814203e+02
4.200026176239737765e+02
4.194408435375899558e+02
4.188084343309953965e+02
4.181099390427835374e+02
4.173468695613082105e+02
4.165239047534704468e+02
4.156442981623309834e+02
4.147115736503711219e+02
4.137309185509147369e+02
4.127056867588595992e+02
4.116413573331931275e+02
4.105427363829450087e+02
4.094144258672295109e+02
4.082629209992776964e+02
4.070779186717344373e+02
4.058905043503424963e+02
4.046994547153568078e+02
4.035105945210935943e+02
4.023320059691275787e+02
4.011692171740295976e+02
4.000311239191862001e+02
3.989262418459532569e+02
3.978648650311267261e+02
3.968630895905969851e+02
3.959378024528249966e+02
3.951201367004472900e+02
3.944439235626979894e+02
3.939617572456660923e+02
3.937364361199602740e+02
3.938328428220379465e+02
3.943321493557399435e+02
3.952743748025754940e+02
3.966895530384961148e+02
3.985617125671328722e+02
4.008289742252633232e+02
4.034315596640119566e+02
4.062915683760174375e+02
4.093339310826070232e+02
4.125183447906526908e+02
4.158724396385139244e+02
4.192261855200616196e+02
4.225119225514810637e+02
4.256528490560066871e+02
4.286268052610847121e+02
4.314053428487529231e+02
4.339744284309771842e+02
4.363419177096491239e+02
4.384778616802194051e+02
4.403688485135662063e+02
4.419887695127384859e+02
4.433149323157362005e+02
4.443577064014050393e+02
4.451243503218181559e+02
4.456403690766621821e+02
4.459288341303593484e+02
4.460045820737143458e+02
4.458853120201750357e+02
4.455778503261893206e+02
4.450917197759653732e+02
4.444337954324601583e+02
4.436118228756046733e+02
4.426359886611246566e+02
4.414661779485236366e+02
4.401643343815578078e+02
4.387708958762871703e+02
4.372963398612864125e+02
4.357473507679158615e+02
4.341277281954448881e+02
4.324425376364625890e+02
4.306907040724422586e+02
4.288727503104900620e+02
4.269871247321572127e+02
4.250296466899941379e+02
4.230016971805432036e+02
4.209015696132162816e+02
4.187320393729978605e+02
4.164992299233679205e+02
4.142072980436326475e+02
4.118690423544697978e+02
4.094937810742109150e+02
4.070947763990212138e+02
4.046855964138713944e+02
4.022771497506818719e+02
3.998826249003255953e+02
3.975109280699822421e+02
3.951709128569725635e+02
3.930084960282625275e+02
3.909178039772762645e+02
3.888780174561128433e+02
3.868900370699901146e+02
3.849556180420477745e+02
3.830755672636988152e+02
3.812498693732526363e+02
3.794794497391220034e+02
3.777633546253425720e+02
3.761019276412048384e+02
3.744943190912536011e+02
3.729398022738517398e+02
3.714379492730411698e+02
3.699871677083160648e+02
3.685871527486021932e+02
3.672362232700597815e+02
3.659334510508710991e+02
3.646776884068369782e+02
3.634672362490834416e+02
3.623013625830651563e+02
3.611781386307465027e+02
3.600966642892497021e+02
3.590554140286338907e+02
3.580529195318027291e+02
3.571423119666036428e+02
3.562706254849538254e+02
3.554306324345321855e+02
3.546208335851358697e+02
3.538401506025762160e+02
3.530875382311314183e+02
3.523616217733093094e+02
3.516616095365723709e+02
3.509861460666192556e+02
3.503343075493149854e+02
3.497050699749691489e+02
3.490971940074517192e+02
3.485099043690142366e+02
3.479418400363944102e+02
3.473921441968145132e+02
3.468596423155228194e+02
3.463431771494286977e+02
3.458417637011090733e+02
3.453540599064845082e+02
3.448790181125130516e+02
3.444153922407722916e+02
3.439619288421330339e+02
3.435175324783874657e+02
3.430808555479918027e+02
3.426519161367021979e+02
3.422137153150729887e+02
3.417778887628238067e+02
3.413434479081367954e+02
3.409092659385266870e+02
3.404744460576151255e+02
3.400380630876875898e+02
3.395992913769605366e+02
3.391574533814832648e+02
3.387118313471711417e+02
3.382619075667994935e+02
3.378071555482656549e+02
3.373472111211621609e+02
3.368818067404890257e+02
3.364108454135824786e+02
3.359345017142721872e+02
3.354534725862009168e+02
3.349690660544015941e+02
3.344845630649762711e+02
3.340049505880255083e+02
3.335404914348703755e+02
3.331084673342479050e+02
3.327363130728235774e+02
3.324746543765030538e+02
3.323845197183962341e+02
3.325409596539119548e+02
3.330398569469364816e+02
3.339314688296686313e+02
3.352244158887445451e+02
3.368624740215132647e+02
3.388018443910700626e+02
3.409659299955553138e+02
3.431942563519055511e+02
3.452531120843819394e+02
3.469683595020850930e+02
3.482460405531807623e+02
3.491403932868356037e+02
3.497105988160591323e+02
3.500364968636404228e+02
3.501944617248138911e+02
3.502470431204193346e+02
3.502699042819865554e+02
3.503211047681768946e+02
3.504769804010288112e+02
3.508132169286155886e+02
3.514178917413309478e+02
3.524036931746657615e+02
3.538576912345651522e+02
3.558136606149813588e+02
3.585161898597471577e+02
3.617786114983917969e+02
3.655279164813062494e+02
3.696775729853741836e+02
3.741460530011315200e+02
3.788484903359270675e+02
3.837136333209716099e+02
3.886145560920671755e+02
3.934737272867767501e+02
3.982305349690642515e+02
4.029170783469138541e+02
4.076223744283680048e+02
4.124255598150471656e+02
4.172344694602533650e+02
4.218382103674823043e+02
4.261133706274256951e+02
4.302875172054430664e+02
4.347499571843785588e+02
4.396312586411789880e+02
4.445086556648263922e+02
4.487731215535922047e+02
4.521312029474907490e+02
4.548295389138652354e+02
4.570374711015527396e+02
4.588164439341484808e+02
4.601417749967575332e+02
4.608825660528740968e+02
4.613034546490779348e+02
4.621019417400466409e+02
4.647109576031090796e+02
4.706353516659343086e+02
4.804013578217927716e+02
4.931961592091090552e+02
5.067153975471400713e+02
5.182140595788479231e+02
5.273859260654699028e+02
5.359391085801929648e+02
5.449296985515416054e+02
5.521296729944943991e+02
5.554858426234750368e+02
5.556500334282598033e+02
5.541153642544131799e+02
5.518162586429820067e+02
5.492785076740224213e+02
5.467195839686017962e+02
5.442668921770302859e+02
5.419689675567328777e+02
5.397412317496938385e+02
5.377299742370213380e+02
5.358569810898638934e+02
5.340922286597159427e+02
5.324187388667364758e+02
5.308355998816533656e+02
5.293595572752600447e+02
5.280271132302314072e+02
5.268846867970103176e+02
5.259935445038886428e+02
5.254179906824913360e+02
5.251716125527569830e+02
5.252318018233077055e+02
5.254853235966916145e+02
5.258028426118067955e+02
5.260648002843086033e+02
5.263020653153727153e+02
5.266885612759319883e+02
5.276622916244443786e+02
5.296110308798838560e+02
5.326429399191973744e+02
5.365049769772866739e+02
5.406215484406729956e+02
5.440699196358896188e+02
5.465747607417968084e+02
5.485712891305628318e+02
5.502679153430741508e+02
5.522496709565502897e+02
5.551153564776174107e+02
5.594534054200937589e+02
5.657531232116856472e+02
5.741289995598054929e+02
5.837121484571354131e+02
5.930584883524931001e+02
6.008560436168005481e+02
6.064719296322964510e+02
6.099874529327594246e+02
6.119778834767622584e+02
6.130051259967408441e+02
6.136072834914079976e+02
6.140806120749321053e+02
6.145735381899446566e+02
6.151120345656703421e+02
6.156740482212755978e+02
6.162418390190059654e+02
6.168126167140860616e+02
6.173869715417702082e+02
6.179442431404004310e+02
6.182198817940648041e+02
6.184845031256096490e+02
6.186178009279150274e+02
6.186462438277671936e+02
6.186465332859603450e+02
6.187635879376111916e+02
6.191973673144323129e+02
6.201773238340711032e+02
6.217843847591007034e+02
6.239032169126618328e+02
6.261417142480555640e+02
6.280321178119349952e+02
6.292290271178890180e+02
6.296645151910418008e+02
6.294014544062559935e+02
6.285844204346037714e+02
6.273792602464860693e+02
6.259630663111942113e+02
6.245669571010851087e+02
6.234870637059082128e+02
6.229308733504068414e+02
6.229899604177956007e+02
6.234245448151447135e+02
6.240060108378016821e+02
6.242012221394078324e+02
6.240839387809007803e+02
6.229899573632874308e+02
6.207769915251074053e+02
6.175883978912565908e+02
6.138193596109683767e+02
6.097707215498214737e+02
6.057051862451260149e+02
6.018223951944504506e+02
5.983485982446115941e+02
5.954955721993958377e+02
5.935384660298024073e+02
5.928170340566246068e+02
5.936944130419216208e+02
5.965798788001392268e+02
6.008138600976774342e+02
6.045965125304607000e+02
6.063649581776641071e+02
6.061299343083792337e+02
6.045892422974895908e+02
6.024575527036967060e+02
6.001017457888423223e+02
5.977535824525425596e+02
5.955391109066636091e+02
5.934175285241329902e+02
5.913220817382086807e+02
5.894157362745316959e+02
5.875705986333289275e+02
5.856387841410011106e+02
5.834881185749733277e+02
5.810847028063922153e+02
5.784347582678990420e+02
5.756087227813131904e+02
5.726733672642197917e+02
5.696809630298611182e+02
5.666744035290743113e+02
5.636643785846662240e+02
5.606612306221874178e+02
5.576554534650166488e+02
5.546452053553376800e+02
5.516291766901249503e+02
5.486233226492577160e+02
5.456865153976411875e+02
5.429541101728333388e+02
5.407546381844211965e+02
5.396973028668626284e+02
5.404987621684222177e+02
5.436210366466096957e+02
5.487400716142443571e+02
5.542411429505823435e+02
5.594473680658007879e+02
5.651167414643016400e+02
5.717839855417438457e+02
5.769547028369362351e+02
5.787846074276164927e+02
5.780864059607915806e+02
5.761295774212960623e+02
5.735819541569527473e+02
5.708078400044411183e+02
5.679914999639216830e+02
5.653519153589322741e+02
5.631585728795243995e+02
5.619233969971596707e+02
5.623442791162558478e+02
5.651006029531058630e+02
5.698868944681645416e+02
5.748536327485461470e+02
5.781695167460901530e+02
5.796311840132782436e+02
5.796842777946779961e+02
5.787860092321055845e+02
5.772056846115617645e+02
5.748528112589059447e+02
5.720373077682882013e+02
5.688292512544206829e+02
5.653078668128630397e+02
5.615404921999769385e+02
5.575978006960223183e+02
5.535390277069416243e+02
5.494176546447183682e+02
5.452744153890367897e+02
5.411440619321393797e+02
5.370497334364424660e+02
5.330085786739285822e+02
5.290320884726581880e+02
5.251244485057459315e+02
5.212892985149953802e+02
5.175252117802957628e+02
5.138304393460775827e+02
5.102025596722504019e+02
5.066373998527370759e+02
5.031322224979949738e+02
4.996840994010575514e+02
4.962898125129349864e+02
4.929483187524187429e+02
4.896565658990177781e+02
4.863272875785325482e+02
4.831123469673926820e+02
4.799353829033032639e+02
4.767959231147752348e+02
4.736906970163324786e+02
4.706183978167887858e+02
4.675750144619681805e+02
4.645576021459177127e+02
4.615618008489900603e+02
4.585840806603574720e+02
4.556203038386071285e+02
4.526676120908366556e+02
4.497242328712292192e+02
4.467885485476231793e+02
4.438621427026554329e+02
4.409449846497504382e+02
4.380402214976604682e+02
4.351503130184107704e+02
4.322780099720407634e+02
4.294276917336553652e+02
4.266010745866051934e+02
4.238028441454831068e+02
4.210350263925325294e+02
4.183009006628843736e+02
4.156196800706430849e+02
4.130063733994837207e+02
4.104330837897177275e+02
4.079002403917072570e+02
4.054100023617380657e+02
4.029637313600934476e+02
4.005619529246584989e+02
3.982065864049133666e+02
3.958973275741129214e+02
3.936353755929007434e+02
3.914209714108324647e+02
3.892539159527639754e+02
3.871350552891524899e+02
3.850632289355697253e+02
3.830391533345285211e+02
3.810618160770126224e+02
3.791309930536591537e+02
3.772463591508595755e+02
3.754068045002867962e+02
3.736122648605428935e+02
3.718614667239795040e+02
3.701539352586257223e+02
3.684888864864999505e+02
3.668652521931890078e+02
3.652778035926313009e+02
3.636583915369805595e+02
3.620754176680820251e+02
3.605274483120853688e+02
3.590134097635950070e+02
3.575322269651512670e+02
3.560824346682285295e+02
3.546633028166426129e+02
3.532732806586697052e+02
3.519116418759417115e+02
3.505771576723099088e+02
3.492688446344491240e+02
3.479859582784973782e+02
3.467273734573167872e+02
3.454925953784840544e+02
3.442807878472266339e+02
3.430914118530840256e+02
3.419241842298619076e+02
3.407784758971717451e+02
3.396545100882754582e+02
3.385518540948738178e+02
3.374709583182259962e+02
3.364119364921182864e+02
3.353752783853368555e+02
3.343419153195154081e+02
3.333197441831243282e+02
3.323194578881691541e+02
3.313418240458039463e+02
3.303882067441233517e+02
3.294599025764011344e+02
3.285583071800061816e+02
3.276853880369865237e+02
3.268424337121512622e+02
3.260317070416696765e+02
3.252549117913042096e+02
3.245143853721830851e+02
3.238123952830430312e+02
3.231509537414264628e+02
3.225329384644446691e+02
3.219602858596694546e+02
3.214361810630330183e+02
3.209627240083646598e+02
3.205430400835040246e+02
3.201797225955390900e+02
3.198753502584899593e+02
3.196331929249506061e+02
3.194557224972741665e+02
3.193469885399474606e+02
3.192866088529845570e+02
3.192920809882711524e+02
3.193726322408563760e+02
3.195344493705441096e+02
3.197874314471433195e+02
3.201416294737103385e+02
3.206714124025791648e+02
3.216991600495047692e+02
3.225917344932274204e+02
3.236872924234079960e+02
3.250160295727001198e+02
3.266192871465297003e+02
3.285362755667396186e+02
3.308149653912317376e+02
3.335059984941424887e+02
3.366559231086212662e+02
3.403151953043254707e+02
3.445112996338538665e+02
3.492636712067780991e+02
3.545660049333864663e+02
3.603765721949630461e+02
3.666453930221348401e+02
3.732918866204793176e+02
3.802248044345809035e+02
3.872944556637334586e+02
3.945643905839382910e+02
4.019159074384194241e+02
4.092945258395955079e+02
4.166533750206137938e+02
4.240150701244301672e+02
4.315133051524542225e+02
4.394945542779626066e+02
4.485048228341881895e+02
4.586382063409718626e+02
4.690142114170799914e+02
4.786939083428570143e+02
4.878868025131307036e+02
4.970608052040304301e+02
5.065962942312581845e+02
5.165978763733911592e+02
5.271943824340796709e+02
5.382244784770182378e+02
5.491923236091673743e+02
5.592131363911427115e+02
5.677188201182038938e+02
5.746867400132849752e+02
5.807475788028770012e+02
5.866314163826178856e+02
5.929503255165210476e+02
6.001039461099072696e+02
6.073302636047922078e+02
6.129565928580020682e+02
6.157265874049654713e+02
6.156794668918057596e+02
6.137170516531897420e+02
6.104994837484987329e+02
6.065119299607542871e+02
6.020073106250910087e+02
5.971580255867385176e+02
5.920868180361499071e+02
5.868901000421525396e+02
5.816717318750214645e+02
5.765198864582467877e+02
5.715381259898404096e+02
5.667715067640522193e+02
5.622133423250606938e+02
5.577525136765837033e+02
5.532432183775883914e+02
5.485695772910586356e+02
5.437350147071663287e+02
5.387912418341868488e+02
5.338251832622282791e+02
5.287006157479212334e+02
5.235582655071050340e+02
5.185415942209344848e+02
5.136445323899665709e+02
5.088554583692342703e+02
5.041547484315067891e+02
4.995245291612550886e+02
4.949561054798103328e+02
4.904397619642066388e+02
4.859809306651513907e+02
4.815801624961995344e+02
4.772458720254820150e+02
4.729855128899060333e+02
4.688028754138444469e+02
4.647058722540547819e+02
4.606956192555234111e+02
4.567759691633633565e+02
4.529484318876968132e+02
4.492119667967445480e+02
4.455677005067443588e+02
4.420122423626606292e+02
4.385444214603145383e+02
4.351607760217610803e+02
4.318571598657649702e+02
4.286874760291012194e+02
4.255708327636036188e+02
4.225403225872626081e+02
4.195922371322469644e+02
4.167234622165065616e+02
4.139308951357996875e+02
4.112095436051155275e+02
4.085562436109110536e+02
4.059656212115445442e+02
4.034335051212768803e+02
4.009552850227307772e+02
3.985258827328897269e+02
3.961414739908129263e+02
3.937972517126148659e+02
3.914896853746589613e+02
3.892154982598844413e+02
3.869717932612433060e+02
3.847570445791734528e+02
3.825702961185864979e+02
3.804118474651966721e+02
3.782843137175010497e+02
3.761904169072454351e+02
3.741364153416781733e+02
3.721280522225207505e+02
3.701919382649908243e+02
3.682787738747461503e+02
3.664162969334508944e+02
3.645990097018217853e+02
3.628070544557027119e+02
3.610180679647123156e+02
3.592099424753935182e+02
3.573728482239222330e+02
3.555116509974192240e+02
3.536614447494791307e+02
3.518753049505768900e+02
3.502475924484609777e+02
3.488927283630021634e+02
3.479652451652083869e+02
3.476269461867531163e+02
3.480184666107049907e+02
3.493305573546300025e+02
3.517418717896208022e+02
3.554602801047882963e+02
3.606477172556142250e+02
3.670995659984554891e+02
3.742797226671759745e+02
3.812508113075277834e+02
3.870953710537688153e+02
3.913942636164347277e+02
3.944570753525253508e+02
3.965839868741375653e+02
3.983215289432280315e+02
3.999660632739290236e+02
4.015771643953659691e+02
4.029161039905256416e+02
4.037300615457415915e+02
4.040172855810407100e+02
4.040090325807894942e+02
4.040862808607523675e+02
4.044925206125814157e+02
4.051990046914072536e+02
4.058147369398045612e+02
4.059040010705325585e+02
4.052583424620812593e+02
4.040081666800245443e+02
4.023367246032472053e+02
4.004531984959565989e+02
3.984857168878182279e+02
3.965267964600229789e+02
3.946476095599995233e+02
3.929222613122611278e+02
3.914328412303071900e+02
3.902497094051439603e+02
3.894055656153562950e+02
3.887871938246073000e+02
3.881407460725080796e+02
3.872231054106989632e+02
3.859619946153216574e+02
3.844363458160975142e+02
3.827681985903925010e+02
3.810411088833409963e+02
3.793157424831080675e+02
3.776189724665378549e+02
3.759660569003265209e+02
3.743644568156713603e+02
3.728162869886873523e+02
3.713235881564278884e+02
3.698858943273352224e+02
3.685030709315643662e+02
3.671747327253314666e+02
3.658995564265516123e+02
3.646773040214093839e+02
3.635064024768835225e+02
3.623861466004985346e+02
3.613153785462491214e+02
3.602926433123123502e+02
3.594386642895150885e+02
3.586686215891407983e+02
3.579357522401692222e+02
3.572383222344182059e+02
3.565748260259661606e+02
3.559439894403450921e+02
3.553440883255393601e+02
3.547740809882303665e+02
3.542324016007564182e+02
3.537179373347822775e+02
3.532294992511348823e+02
3.527658189382625551e+02
3.523260202848441054e+02
3.519088546660731254e+02
3.515135429934657623e+02
3.511390737172062586e+02
3.507845889370180430e+02
3.504493419525159084e+02
3.501324189255425949e+02
3.498332252419685346e+02
3.495509299610400262e+02
3.492849385249766669e+02
3.490346040068261004e+02
3.487992559346586745e+02
3.485853789477542364e+02
3.483995572075858718e+02
3.482242463863419744e+02
3.480589146161379972e+02
3.479031494843288215e+02
3.477565469535974785e+02
3.476186563331336856e+02
3.474891808098578281e+02
3.473676930684025592e+02
3.472539413333927314e+02
3.471475877433544497e+02
3.470483774990480583e+02
3.469560911029194017e+02
3.468704740180759813e+02
3.467914108979528010e+02
3.467186856306477125e+02
3.466522296878820839e+02
3.465919092893512357e+02
3.465376536839717119e+02
3.464894395031034833e+02
3.464471818663250815e+02
3.464109355579710723e+02
3.463806409673493363e+02
3.463563595560017347e+02
3.463270723226071368e+02
3.463128473873579196e+02
3.463030162920944690e+02
3.462975399318007703e+02
3.462965242997696578e+02
3.462999581068554562e+02
3.463079003496932273e+02
3.463204176414094491e+02
3.463375035467282146e+02
3.463592873782557717e+02
3.463857524523289726e+02
3.464170256296040407e+02
3.464531611615574889e+02
3.464942321739339377e+02
3.465404011286935884e+02
3.465917052250124470e+02
3.466483746209473793e+02
3.467104897733481152e+02
3.467782601236733626e+02
3.468518938005812515e+02
3.469315370195675996e+02
3.470175209963991279e+02
3.471099805555147668e+02
3.472092675093030607e+02
3.472968438670313844e+02
3.473992525140313887e+02
3.475076154621877436e+02
3.476220437679622819e+02
3.477429127432730525e+02
3.478703672909318243e+02
3.480047089077376654e+02
3.481462271817362648e+02
3.482950972461425749e+02
3.484517495001986731e+02
3.486163238051671556e+02
3.487892635330898656e+02
3.489708278608211458e+02
3.491613394874935921e+02
3.493612642390181691e+02
3.495707920768807071e+02
3.497904983691492475e+02
3.500205772319658308e+02
3.502614804948543679e+02
3.505135656965798034e+02
3.507770231581056919e+02
3.510523246853493902e+02
3.513394762724819316e+02
3.516388169400661354e+02
3.519191902232945495e+02
3.522161577556023531e+02
3.525226104278860362e+02
3.528380155948163406e+02
3.531620497849703497e+02
3.534939576586343151e+02
3.538330721402169274e+02
3.541784556166459765e+02
3.545290847943650192e+02
3.548837661703537378e+02
3.552411588588806808e+02
3.555997776770627752e+02
3.559579120455288148e+02
3.563138920384358244e+02
3.566655567828510129e+02
3.570110971142133280e+02
3.573480622041137167e+02
3.576743068642215917e+02
3.579875199788363034e+02
3.582849996886305348e+02
3.585648422561118309e+02
3.588240498712320914e+02
3.590608081658160700e+02
3.592726014237404115e+02
3.594114657672175781e+02
3.595225466371898051e+02
3.595989913411320344e+02
3.596400417492104111e+02
3.596437266862636761e+02
3.596090896130738201e+02
3.595355403210907070e+02
3.594216727288359152e+02
3.592679905371321070e+02
3.590735099347342612e+02
3.588389084856872842e+02
3.585647106102729822e+02
3.582517325871788216e+02
3.579027515699687569e+02
3.575204694052461605e+02
3.571121911995123241e+02
3.566889964419301009e+02
3.562825471020091754e+02
3.559733150772605654e+02
3.560445136804251547e+02
3.574456888659059928e+02
3.627314925643175343e+02
3.756151648071736986e+02
3.919171407827278699e+02
4.054798551779025502e+02
4.187707752075345979e+02
4.304644126951213821e+02
4.380929126604726775e+02
4.437279938411010676e+02
4.493470658868421310e+02
4.553424292271745912e+02
4.620022121946704488e+02
4.708532177866212010e+02
4.842353294813157163e+02
5.021677772025994386e+02
5.220549224670644435e+02
5.403611835026844119e+02
5.544092886861357101e+02
5.631422063544522416e+02
5.678198134835566862e+02
5.702189328566728364e+02
5.717576990174611637e+02
5.731836316876926958e+02
5.748182995575157292e+02
5.767199724331047719e+02
5.788253359951534094e+02
5.810316058144333056e+02
5.831571353669476139e+02
5.847567236716269008e+02
5.858632027725021771e+02
5.863304804221301083e+02
5.861293188222504114e+02
5.852871922166200420e+02
5.838924633362129271e+02
5.820857328106110344e+02
5.799824070728770948e+02
5.777274368286332447e+02
5.754306936067988545e+02
5.732123223676667294e+02
5.711583495927451395e+02
5.693411452140725260e+02
5.677808278655073764e+02
5.664462534218848759e+02
5.652477051795071930e+02
5.640744887618220673e+02
5.628200862948885970e+02
5.614416035125016151e+02
5.599519835031147750e+02
5.584046675822361294e+02
5.569043309037019753e+02
5.555449923735631046e+02
5.544457400846135897e+02
5.535864777606922189e+02
5.532565749815158824e+02
5.534306579189897093e+02
5.540927340466095075e+02
5.551772283159137942e+02
5.565813927841679742e+02
5.581482591834461573e+02
5.597249874605130344e+02
5.611756440199188773e+02
5.623459421231378883e+02
5.631362592448244868e+02
5.633959020818665522e+02
5.629843301976206931e+02
5.618434128914472012e+02
5.600418448328304066e+02
5.577449671850716868e+02
5.551847276059277192e+02
5.525492736226157149e+02
5.500025772250182854e+02
5.476701028237398532e+02
5.456497989022346928e+02
5.440237308846557198e+02
5.428676962979885730e+02
5.422147733173644610e+02
5.420602600557584765e+02
5.423331413594050900e+02
5.428476297643472890e+02
5.434623841821908172e+02
5.442070756392877229e+02
5.453296893582419216e+02
5.474394828290378427e+02
5.517213658860347323e+02
5.597504787404910758e+02
5.733959622515770889e+02
5.925800717139718472e+02
6.145811486557599892e+02
6.352330422943811072e+02
6.518147000737557164e+02
6.632323036177109543e+02
6.700528013620586307e+02
6.732947354628089442e+02
6.740357531487832148e+02
6.731534484539824916e+02
6.712712147940106888e+02
6.689073640572490831e+02
6.664261472395019155e+02
6.639894649328838341e+02
6.616646335471189104e+02
6.591151531008292750e+02
6.565149463446307436e+02
6.537045400674975326e+02
6.506306461913171688e+02
6.472654052942023100e+02
6.436588847201188628e+02
6.398429436119010916e+02
6.358692149931632684e+02
6.317752566793114966e+02
6.275997293432346851e+02
6.233869823793302203e+02
6.191794409081044250e+02
6.150270502970302005e+02
6.109679498945405385e+02
6.070487389865771775e+02
6.033022895997419255e+02
5.997699320321495406e+02
5.964953083764576149e+02
5.935231061802618342e+02
5.909306999985276434e+02
5.887853857059658367e+02
5.871972340358141764e+02
5.862666198602427130e+02
5.860609900481073282e+02
5.865849064379415267e+02
5.878212118441791745e+02
5.894203341647686329e+02
5.910710607850255656e+02
5.925193092715859393e+02
5.936063396185890042e+02
5.943220567519221049e+02
5.946789527826792892e+02
5.947626226688101951e+02
5.946044002658582031e+02
5.942274002463898341e+02
5.936332108284078686e+02
5.928006154534467669e+02
5.917408681468494933e+02
5.904715651311186093e+02
5.890264152072567185e+02
5.874674499035809276e+02
5.858311448462271755e+02
5.841698872957575759e+02
5.825121354278307990e+02
5.808787277870385424e+02
5.792892542716567732e+02
5.777515533737056330e+02
5.762806159541280522e+02
5.748375985510473356e+02
5.735206117114154267e+02
5.723443252572945994e+02
5.713527184107928178e+02
5.705509388296411544e+02
5.699179897499768686e+02
5.693751417742514604e+02
5.688701070534020801e+02
5.684486637770627340e+02
5.682825713707742352e+02
5.685629343739374235e+02
5.693841448385853710e+02
5.708871579540622179e+02
5.734948078204240574e+02
5.779782576178382669e+02
5.850743707470534218e+02
5.952706604987595256e+02
6.064643512351133268e+02
6.146551932906724005e+02
6.188008176948993651e+02
6.203636356384847659e+02
6.206333608770789851e+02
6.203443347983520653e+02
6.198690323078611755e+02
6.192649422635782912e+02
6.187892276442760249e+02
6.182668408465509629e+02
6.175558623509132303e+02
6.166689535330922354e+02
6.157131530929081009e+02
6.148805798700725518e+02
6.143980366449162602e+02
6.144068790574991681e+02
6.147028495554145593e+02
6.148909756355056970e+02
6.147635313012598317e+02
6.143537608838223605e+02
6.137101258766981573e+02
6.129113148747184141e+02
6.120167759378525716e+02
6.111514356750121806e+02
6.104831330571176977e+02
6.103504638351230369e+02
6.114639153512164285e+02
6.142128313799305488e+02
6.179802715438202085e+02
6.210565201159614617e+02
6.227764452628160825e+02
6.242195902493454014e+02
6.270069786043786735e+02
6.318338466428259608e+02
6.367132175273765142e+02
6.393335176622080098e+02
6.394811410228650175e+02
6.383042343514759978e+02
6.365206950436745501e+02
6.344846502632924512e+02
6.322770215455988136e+02
6.298789596623329317e+02
6.272934556117965030e+02
6.244903318489454023e+02
6.214999666147597281e+02
6.183522203959928447e+02
6.151003373313249085e+02
6.118244607357923996e+02
6.085524703358104261e+02
6.052987407800919755e+02
6.019925629429915261e+02
5.985341582394850093e+02
5.948261636733783462e+02
5.908332806824245154e+02
5.865506320432402845e+02
5.818809404347294958e+02
5.768749660050416423e+02
5.717963585486386364e+02
5.666933460012098749e+02
5.615932465810925578e+02
5.565221996685819477e+02
5.514872575975176687e+02
5.464974410656942609e+02
5.415575997112122195e+02
5.366701365613307644e+02
5.318429451922476119e+02
5.270790231217827113e+02
5.223849764268115905e+02
5.177653105597858030e+02
5.132235268624970104e+02
5.087640184345204375e+02
5.043883995512197771e+02
5.000981920851729114e+02
4.958932704585079705e+02
4.917734086034129746e+02
4.877373299241352242e+02
4.837851207927144515e+02
4.799147670985543073e+02
4.761268080938817207e+02
4.723473271422139419e+02
4.685597197598287948e+02
4.648654343209084914e+02
4.612633615669037681e+02
4.577556147799613768e+02
4.543415412357497303e+02
4.510216466564411348e+02
4.477970151095199753e+02
4.446657403252032168e+02
4.416287820992946536e+02
4.386838924700226130e+02
4.358298487455072632e+02
4.330653758410939531e+02
4.303868869915700657e+02
4.277930619142978799e+02
4.252798666822316704e+02
4.228442209972853334e+02
4.204829684650885042e+02
4.181913198806458354e+02
4.159663434936942394e+02
4.138030943187840762e+02
4.116975271072456621e+02
4.096458132543408510e+02
4.076428566740298152e+02
4.055919311729732044e+02
4.035364755042891716e+02
4.015154675868350864e+02
3.995252686412425760e+02
3.975614179257398177e+02
3.956211798235195829e+02
3.937007906522127314e+02
3.917975338590754291e+02
3.899090626116813496e+02
3.880325589945741740e+02
3.861666843790239909e+02
3.843092791452646679e+02
3.824591256049617982e+02
3.806153004365085621e+02
3.787765323084060469e+02
3.769428034550925304e+02
3.751132663551658766e+02
3.732879860864645707e+02
3.714671133677676380e+02
3.696505360137251728e+02
3.678391515504822564e+02
3.660331091395444219e+02
3.642333737928191226e+02
3.624408822355154030e+02
3.605774017450241331e+02
3.587065076019195544e+02
3.568474554248955428e+02
3.550023069482061260e+02
3.531732232046737749e+02
3.513620585157351570e+02
3.495714994165715552e+02
3.478038194598928499e+02
3.460617021883214761e+02
3.443483618270253714e+02
3.426662663301766543e+02
3.410192085152036157e+02
3.394102079053336638e+02
3.378428755151362566e+02
3.363215738148386436e+02
3.348495007557573331e+02
3.334321232361644434e+02
3.320730279828905509e+02
3.307773274433070014e+02
3.295505173295758254e+02
3.283967577817109600e+02
3.273233503304450664e+02
3.263344789991667199e+02
3.254372091275100161e+02
3.246127382172855391e+02
3.238735852510762356e+02
3.232527088348202824e+02
3.227546057433153806e+02
3.223880209410136217e+02
3.221591195236640601e+02
3.220738848125326967e+02
3.221409047636487344e+02
3.223634737029503299e+02
3.227491258809194505e+02
3.233353833623865512e+02
3.246523453192460238e+02
3.256913511907558814e+02
3.269007112390831367e+02
3.282804858336863276e+02
3.298267551639497697e+02
3.315337156826118417e+02
3.334008209739070594e+02
3.354193320554010711e+02
3.375908784364920621e+02
3.399139292102429977e+02
3.423901058415235070e+02
3.450293091262059875e+02
3.478268052637972119e+02
3.507212559638201697e+02
3.537262507079443594e+02
3.568025115892694998e+02
3.598855672704779636e+02
3.629107241885039343e+02
3.658205394049717256e+02
3.686000484203657948e+02
3.712599206194802832e+02
3.738401405261954551e+02
3.764060789350069740e+02
3.790210036388662616e+02
3.817547683746486769e+02
3.846680190568144440e+02
3.877903537885305241e+02
3.911453706416488103e+02
3.947220919278448719e+02
3.985250136387782618e+02
4.025566177154159959e+02
4.068518875498203897e+02
4.114600701191037615e+02
4.164062057007474777e+02
4.217358057097279129e+02
4.274266260356694147e+02
4.334775842889139881e+02
4.396142930445676598e+02
4.457684921004569674e+02
4.516839100290106330e+02
4.570587176213825842e+02
4.616000454919222875e+02
4.651577812495245894e+02
4.677029991545838357e+02
4.693066427752017375e+02
4.701491704317786571e+02
4.703982619196145265e+02
4.702975490447378206e+02
4.700789693403961564e+02
4.700999859685655906e+02
4.707496989775784186e+02
4.724228144158275313e+02
4.750919875905817094e+02
4.780486768297930098e+02
4.803966877753416611e+02
4.821128944422287645e+02
4.840830233007290531e+02
4.879982486218076474e+02
4.956198555832092438e+02
5.078539765473227590e+02
5.243017625267143558e+02
5.429850888845090822e+02
5.608727700280043109e+02
5.760915075899911244e+02
5.874507747864352041e+02
5.940630339083965055e+02
5.959312588260569328e+02
5.940651560098167465e+02
5.897851110372045014e+02
5.841939405766565869e+02
5.779322843558411478e+02
5.713992220297425320e+02
5.648012047334133285e+02
5.582667268286428452e+02
5.518665262398143341e+02
5.456394933091166877e+02
5.396048212652768825e+02
5.337489832175758693e+02
5.280448183914053288e+02
5.224424879729588156e+02
5.168817445722547745e+02
5.112905622290928704e+02
5.056153499289576985e+02
4.998339268746208290e+02
4.939797608182112754e+02
4.883855359038730057e+02
4.829590605590841506e+02
4.776260753199900364e+02
4.723918927642395147e+02
4.672650359779992186e+02
4.622498806470817954e+02
4.573495728098175164e+02
4.525712173278049022e+02
4.479205089162393278e+02
4.434098998076418070e+02
4.390594922479895104e+02
4.348940469229134465e+02
4.309529808557261390e+02
4.272777098151194650e+02
4.238930923644770132e+02
4.208004886346159878e+02
4.179174974369748838e+02
4.151307558947628422e+02
4.123327108087431725e+02
4.095139700461136840e+02
4.067628474520178088e+02
4.043167400144288877e+02
4.025109485551302555e+02
4.018559125815186235e+02
4.031564857116408689e+02
4.070767921779132053e+02
4.144219189599695028e+02
4.252144627578190921e+02
4.384550414022891687e+02
4.519862977489265745e+02
4.635317176141667801e+02
4.716178258364204225e+02
4.761547844897294226e+02
4.776783638247636645e+02
4.770735697052473370e+02
4.750963861207906120e+02
4.722918716834910811e+02
4.690469870050077930e+02
4.655955162455531422e+02
4.620934913799089827e+02
4.586380444148559832e+02
4.552943184319058219e+02
4.521046829766374913e+02
4.491086188206890029e+02
4.463435205449908381e+02
4.438726354418155324e+02
4.417851824594001187e+02
4.401961972600739728e+02
4.393466854689353340e+02
4.393332188553550282e+02
4.402868930651327446e+02
4.422918555455352134e+02
4.453668186623336851e+02
4.494026430887818719e+02
4.541259616944871027e+02
4.591640602995036602e+02
4.640583445511046534e+02
4.684064520403425718e+02
4.719080210849279524e+02
4.744393683063755134e+02
4.759726276323839329e+02
4.766209550506629853e+02
4.764965622790013526e+02
4.757599629700243327e+02
4.745378574002582468e+02
4.729501594622026346e+02
4.710938873332976868e+02
4.690413006729422136e+02
4.668556163915429806e+02
4.645781152232364093e+02
4.622458765669263130e+02
4.598831729533470707e+02
4.574838627542796985e+02
4.550870930387075077e+02
4.527093997153803002e+02
4.503620710238647007e+02
4.480541788113344523e+02
4.457945862554431073e+02
4.435906468464862087e+02
4.414507462519661658e+02
4.393811914126425791e+02
4.373904194919622910e+02
4.354846630055711216e+02
4.336711548312048876e+02
4.319571978201546472e+02
4.303475425989380483e+02
4.288498542726151754e+02
4.274667710945479371e+02
4.262030840005618302e+02
4.250604933056351342e+02
4.240380058109001880e+02
4.231355746441162751e+02
4.223467186442354659e+02
4.216662120929929642e+02
4.210847975805865531e+02
4.205903747862379305e+02
4.201743215112200005e+02
4.198278739431055442e+02
4.195289779729708357e+02
4.192629712617907103e+02
4.190140955573326096e+02
4.187704531686111409e+02
4.185194392580336284e+02
4.182516170570679037e+02
4.179606425042104547e+02
4.176414156590977882e+02
4.172928961966496786e+02
4.169162335349731734e+02
4.165147508120169277e+02
4.160949392429843101e+02
4.156652836613193926e+02
4.152349608154786438e+02
4.148170244351629776e+02
4.144229049316459736e+02
4.140668553428869814e+02
4.137636961734156671e+02
4.135256304082555516e+02
4.133689886218951983e+02
4.133039153212219503e+02
4.133431554321874160e+02
4.134862106830158268e+02
4.137823196170847382e+02
4.142015185995780939e+02
4.147398778265482520e+02
4.153932592574407181e+02
4.161511433644881777e+02
4.169986630007799135e+02
4.179182221901537559e+02
4.188893729533999135e+02
4.198885623787620034e+02
4.208952488016049642e+02
4.218862494326902493e+02
4.228420986123730927e+02
4.237473423408083022e+02
4.245854206222408607e+02
4.253496745625106996e+02
4.260299127186767123e+02
4.266238238443746127e+02
4.271298251480093313e+02
4.275473105560060958e+02
4.278804751160503770e+02
4.281309635023803253e+02
4.283041467013130728e+02
4.284043957602885371e+02
4.283983093143696124e+02
4.283480717611768682e+02
4.282379092495108353e+02
4.280723662308020607e+02
4.278553669197541467e+02
4.275903571086751640e+02
4.272805869012539688e+02
4.269285349897315314e+02
4.265364936977200045e+02
4.261061727409398827e+02
4.256390586183467235e+02
4.251364175612342819e+02
4.245990582983350237e+02
4.240281914003931547e+02
4.234242710626247117e+02
4.227884770553153544e+02
4.221216520111741488e+02
4.214247177181778170e+02
4.206993082534804103e+02
4.199462693516832132e+02
4.191676218249742192e+02
4.183647905324460794e+02
4.175395293892489121e+02
4.166940771942873312e+02
4.158122430639021445e+02
4.148917452073661707e+02
4.139565595898536685e+02
4.130085632250126082e+02
4.120496757831105015e+02
4.110811948931294637e+02
4.101048753285253952e+02
4.091218351435145451e+02
4.081332363593145374e+02
4.071401500318081617e+02
4.061432004130692803e+02
4.051431828727260722e+02
4.041404855892727142e+02
4.031354694008666684e+02
4.021283975354508016e+02
4.011193050315523010e+02
4.001082607862103941e+02
3.990951535827397265e+02
3.980798169888014399e+02
3.970620390437204605e+02
3.960415322618633240e+02
3.950179670917258932e+02
3.939909718181764902e+02
3.929601538097283537e+02
3.919188099313555540e+02
3.908469682868212658e+02
3.897676827281615601e+02
3.886804706663926368e+02
3.875847447659332943e+02
3.864800447488801183e+02
3.853664348358614120e+02
3.842443286133931224e+02
3.831163386087649769e+02
3.819891492769208980e+02
3.808788575804401262e+02
3.798322792753708654e+02
3.789500660716762468e+02
3.784875842881763219e+02
3.789309855286348352e+02
3.808765809976690662e+02
3.842850140789665261e+02
3.876636755476363305e+02
3.895997270248197992e+02
3.901967034682438680e+02
3.900533520494153663e+02
3.896526971960843184e+02
3.893068806430031259e+02
3.892758025518435261e+02
3.900026613608661705e+02
3.923025570963409905e+02
3.981409048914517257e+02
4.092753225888467909e+02
4.231119633447957540e+02
4.340909596141340785e+02
4.425915033764177338e+02
4.511071742248563510e+02
4.595379594302161763e+02
4.666024878058539116e+02
4.721888263845606843e+02
4.772402544576005994e+02
4.822895399415657494e+02
4.876503764361177105e+02
4.933183239102116318e+02
4.990252148212580892e+02
5.043771041340121428e+02
5.091618602297223788e+02
5.134545752468579849e+02
5.175662880378034743e+02
5.218204379247372344e+02
5.261858307126701675e+02
5.305452325557264430e+02
5.352998779820013624e+02
5.411567371888193065e+02
5.487569187183808026e+02
5.571258986003574591e+02
5.639469037405140170e+02
5.682507759733578041e+02
5.705970209083385498e+02
5.718643349534689833e+02
5.725293323251241873e+02
5.728760243785927742e+02
5.729947866509694450e+02
5.729928785701270044e+02
5.729797573592001072e+02
5.730636751897760632e+02
5.733314897364253966e+02
5.738115410102089982e+02
5.745416981469443272e+02
5.755575889750136866e+02
5.769308589820320776e+02
5.787137854234919132e+02
5.809307020436585844e+02
5.835476466555984416e+02
5.864866240657762546e+02
5.896867503441562803e+02
5.931133928086978813e+02
5.965295428802871811e+02
6.001477513209218841e+02
6.037925356038613245e+02
6.072318268423661038e+02
6.102792286864065545e+02
6.128585109099094552e+02
6.148282729201662278e+02
6.159894208926864394e+02
6.162817344924023928e+02
6.158977722266980663e+02
6.151007975748485705e+02
6.141789539073334936e+02
6.132596228414483903e+02
6.124418943372046442e+02
6.117883078822693506e+02
6.114031233834898558e+02
6.113312637181818445e+02
6.115987025369583989e+02
6.121110205832218298e+02
6.127303461169628918e+02
6.133012798590859802e+02
6.137202245076248346e+02
6.140185184653765873e+02
6.142987314426096646e+02
6.145141698486513633e+02
6.147302406928533856e+02
6.147935318037081061e+02
6.144687891020839743e+02
6.135636682393763977e+02
6.120163766606297031e+02
6.098706487405723919e+02
6.072535807205144920e+02
6.043034019020146843e+02
6.011650946787365228e+02
5.979593621400080110e+02
5.947868962550612650e+02
5.917167990391031935e+02
5.887980541039786431e+02
5.860653630332209332e+02
5.835365945778211199e+02
5.812305037951234681e+02
5.791417103041342216e+02
5.772504321962188669e+02
5.755151282459470394e+02
5.738762931443038724e+02
5.722756636418799872e+02
5.706721521267713797e+02
5.690312603507831000e+02
5.673400181891310012e+02
5.657308837288255745e+02
5.640750851353035387e+02
5.623889678701345929e+02
5.606857534572667419e+02
5.589890917468607086e+02
5.573219282758076361e+02
5.557168223646990555e+02
5.542106061192881725e+02
5.528463764296603813e+02
5.516721165143536609e+02
5.507269163353655586e+02
5.500406768374530202e+02
5.496068495949338057e+02
5.493765309368069438e+02
5.492589792089862613e+02
5.491516986232055615e+02
5.489812653211255338e+02
5.487375727839125830e+02
5.484679837568382936e+02
5.482517162455868629e+02
5.481500760096812428e+02
5.481721399059567830e+02
5.482183773103289468e+02
5.481100700009969842e+02
5.476728358502031142e+02
5.468894665231737235e+02
5.457687669498419609e+02
5.443866027789283635e+02
5.428074923159367700e+02
5.410954408328465206e+02
5.392963624990311473e+02
5.374472177971732663e+02
5.355751660907251335e+02
5.337113529797908313e+02
5.318789959459369356e+02
5.301101661857343288e+02
5.284334288175318761e+02
5.268797716536321332e+02
5.254870222954450583e+02
5.242835340806180966e+02
5.233142533565801386e+02
5.226053954507082153e+02
5.221919904760381996e+02
5.220842221699477932e+02
5.222686842186300282e+02
5.227036350218605776e+02
5.233129945595633217e+02
5.240327446338790196e+02
5.246964225389809826e+02
5.253112423659881642e+02
5.258186842777963648e+02
5.262073046575494573e+02
5.264464145446454495e+02
5.265560548454258196e+02
5.265497251602821507e+02
5.264580169573997637e+02
5.263209286291760236e+02
5.261627838698502728e+02
5.260085973643820125e+02
5.258658943427267332e+02
5.257220429840348288e+02
5.255543176382996080e+02
5.253231029636549465e+02
5.249836285277951902e+02
5.244994622792779637e+02
5.238428341222718245e+02
5.229973693082678210e+02
5.219727009946441285e+02
5.207747959539186695e+02
5.194349576913106148e+02
5.179752799350072792e+02
5.165794967698562914e+02
5.151149553075177892e+02
5.135925836041019465e+02
5.120442396619330339e+02
5.104888337951132939e+02
5.089556665223344112e+02
5.074739184682119912e+02
5.060756311938857834e+02
5.048039483348709382e+02
5.037104501928849913e+02
5.028436884816786687e+02
5.022666648000594023e+02
5.020190380881541614e+02
5.021234264421195235e+02
5.025716284076879674e+02
5.032974718359494091e+02
5.042185248334995435e+02
5.052299662928927546e+02
5.062349350149704037e+02
5.071740619181333614e+02
5.080075631658046404e+02
5.087147875725897279e+02
5.092986008599619936e+02
5.097402141053533455e+02
5.100586934442226834e+02
5.102179622642433969e+02
5.102017927249552258e+02
5.100248519237879350e+02
5.097020606234902402e+02
5.092585918205488156e+02
5.087156558100265329e+02
5.080828357723165141e+02
5.073719310011211974e+02
5.065885661128116340e+02
5.057497435992623309e+02
5.048933615954201741e+02
5.040763489567057150e+02
5.033994332851643776e+02
5.029671897261546292e+02
5.028940257929845643e+02
5.031586562360289463e+02
5.035989206796446638e+02
5.039394931262964406e+02
5.039527220539339396e+02
5.035126618875107170e+02
5.026557906184318654e+02
5.014972101944666178e+02
5.002096041701233275e+02
4.992342894479824054e+02
4.984754616243789656e+02
4.978569624289139597e+02
4.974249964162592050e+02
4.972321583325189067e+02
4.973200348914159576e+02
4.977124220161691142e+02
4.984166495888009649e+02
4.994137532198320173e+02
5.006930893819819630e+02
5.022404976604113926e+02
5.040744416117426567e+02
5.062097754990936096e+02
5.086408034900350117e+02
5.113146628428875715e+02
5.140857044802411338e+02
5.167571190007990936e+02
5.191388812792546332e+02
5.210922896677561766e+02
5.225402742007121333e+02
5.235215347948567342e+02
5.240671109743236684e+02
5.242910329901832256e+02
5.242282490558412746e+02
5.237736725795859911e+02
5.230399964647980369e+02
5.215635469428888200e+02
5.193051976714217517e+02
5.164028396003635635e+02
5.130213226080264803e+02
5.093176127879597175e+02
5.054007045283743196e+02
5.013439094413997168e+02
4.971983681174017420e+02
4.929978361355649099e+02
4.887672435525307719e+02
4.845248873995442409e+02
4.802842491967750789e+02
4.760565342827188715e+02
4.718504991991071620e+02
4.676738090070878684e+02
4.635331287173864325e+02
4.594336788312428439e+02
4.553807786487056433e+02
4.513781843774332856e+02
4.474302010333755675e+02
4.435400155108360991e+02
4.397107309495333993e+02
4.360656023546999336e+02
4.324986237534020574e+02
4.289914207145566820e+02
4.255455136035167243e+02
4.221634439481992445e+02
4.188467151255264866e+02
4.155966913373620173e+02
4.124153366863897077e+02
4.093029580882512164e+02
4.062616138638695134e+02
4.032912753911223263e+02
4.003930741064560834e+02
3.975671725976732205e+02
3.948129763094004261e+02
3.921307378448436793e+02
3.895185154531826583e+02
3.869754082644557798e+02
3.844988711457990576e+02
3.820859280787144030e+02
3.797339250080421493e+02
3.774384565771040343e+02
3.751961752221627080e+02
3.730031379277784254e+02
3.708548639715888271e+02
3.686862717627015513e+02
3.667094578767694770e+02
3.647774703661159492e+02
3.628888652740168368e+02
3.610414769205870584e+02
3.592366069200221546e+02
3.574742472256618271e+02
3.557618292875583279e+02
3.541229907348916868e+02
3.526322831524142316e+02
3.515840902998221509e+02
3.517992050285467371e+02
3.554144313442047292e+02
3.639009364145763357e+02
3.725869024958327032e+02
3.760825432301052729e+02
3.762775239250995014e+02
3.755460011586444580e+02
3.751631074546893956e+02
3.760733426497188816e+02
3.793468117129809229e+02
3.861975458080408430e+02
3.965056298528919569e+02
4.090718069457417982e+02
4.220489457294680165e+02
4.335321697199236155e+02
4.433936122128860120e+02
4.537427090483874963e+02
4.656106577541572165e+02
4.798150519986121481e+02
4.980063156208462942e+02
5.182690581392586182e+02
5.294411673284946573e+02
5.317804297463974308e+02
5.306530049639010258e+02
5.284849147314678248e+02
5.258958338425662760e+02
5.230969425592510333e+02
5.201582951848851053e+02
5.171134558282533362e+02
5.139938218410115951e+02
5.108173858851831142e+02
5.076084621367652971e+02
5.043886140613022349e+02
5.011766814937101913e+02
4.979945983489315040e+02
4.948599468168251860e+02
4.917883391787661935e+02
4.885272693440135754e+02
4.852451908837919063e+02
4.820802872635995300e+02
4.790364036769066161e+02
4.761151960194547428e+02
4.733179410279577723e+02
4.706411164982677064e+02
4.680831059396915066e+02
4.656382736518722822e+02
4.633014370550051808e+02
4.610668987308516193e+02
4.589271520460422380e+02
4.568768250098842714e+02
4.549086148750895404e+02
4.530172690619357354e+02
4.511986910290333412e+02
4.494477758841031232e+02
4.477637923541208806e+02
4.461417582166847637e+02
4.445798598785974036e+02
4.430728846886510155e+02
4.416136359261898292e+02
4.401976714182025034e+02
4.388171210578884711e+02
4.379133165639074718e+02
4.372133169309849450e+02
4.365599389106000103e+02
4.359462596192162778e+02
4.353612755489954225e+02
4.347968968956867002e+02
4.342426788891471574e+02
4.336881629347217881e+02
4.331249567148311712e+02
4.325426190321426816e+02
4.319339847490822422e+02
4.312919505538480962e+02
4.306113159850274315e+02
4.298897154938282483e+02
4.291252548880945596e+02
4.283187573639726224e+02
4.274704326755528996e+02
4.265802309355131001e+02
4.256470813653403980e+02
4.246666634306609467e+02
4.236349975721203691e+02
4.225469975771233635e+02
4.214011272284662937e+02
4.201994538698047563e+02
4.195559058912061801e+02
4.192109793810835754e+02
4.188549047131646716e+02
4.184896534693989452e+02
4.181171922487152983e+02
4.177391707777703118e+02
4.173572120666165119e+02
4.169728966521324196e+02
4.165874305755086198e+02
4.162022973451087182e+02
4.158185222582291090e+02
4.154372999192831344e+02
4.150597590106937105e+02
4.146867432386894734e+02
4.143194372644910572e+02
4.139585742253034368e+02
4.136051793017359159e+02
4.132601829173619876e+02
4.129243685082490174e+02
4.125988583647348946e+02
4.122843575137586640e+02
4.119820352692485130e+02
4.116927602018515131e+02
4.114175244483585061e+02
4.112599175684022725e+02
4.112952132027897392e+02
4.113612464917210332e+02
4.114612171244640990e+02
4.115990414397094241e+02
4.117794584625031007e+02
4.120072511773523161e+02
4.122890372683919509e+02
4.126324651906430745e+02
4.130483256711565900e+02
4.135541351142363737e+02
4.141760232183378889e+02
4.149641698565672527e+02
4.160044746223413199e+02
4.174396049159724953e+02
4.195043057686636985e+02
4.224209177518807223e+02
4.263236426204928762e+02
4.310236847544886700e+02
4.362164365834746604e+02
4.417822414481433952e+02
4.476214601813634886e+02
4.531989011805367227e+02
4.579266206254532676e+02
4.615865293212568190e+02
4.643683766363241716e+02
4.671237407304499243e+02
4.703112596123430649e+02
4.740156936282152174e+02
4.777911211664360280e+02
4.810446084994246121e+02
4.834624241702085214e+02
4.850559277064062940e+02
4.859171515095334826e+02
4.862102996580292142e+02
4.860660361492843435e+02
4.855939625811045062e+02
4.849076485703133130e+02
4.840782488291379195e+02
4.831664712005434126e+02
4.822099816472247653e+02
4.812426791976847653e+02
4.802962375268244841e+02
4.794155025738517111e+02
4.786627460694697334e+02
4.781401770043548822e+02
4.779943342343220820e+02
4.784174288492574192e+02
4.795912077239273685e+02
4.816294973440990930e+02
4.845568185258042035e+02
4.880189490202893694e+02
4.916012640135177207e+02
4.950794978791189465e+02
4.984679014463871454e+02
5.019357747151843796e+02
5.055306164529758348e+02
5.090317867150740199e+02
5.120352297793285743e+02
5.142494687328775171e+02
5.155402236660909239e+02
5.160118993272683383e+02
5.157671950425658451e+02
5.149144775456383059e+02
5.135542802878954944e+02
5.117567043285004047e+02
5.096069263420455400e+02
5.071775097120508917e+02
5.045451954067597171e+02
5.017791628031240521e+02
4.989471259287092835e+02
4.961168944093774371e+02
4.934542653071187601e+02
4.910309512665752436e+02
4.888556453270307998e+02
4.870027198488564864e+02
4.855398476603248810e+02
4.845114444896797750e+02
4.839401767315501388e+02
4.838390789976428437e+02
4.841888941286190970e+02
4.849834738466201429e+02
4.862045856131404094e+02
4.878015120773239914e+02
4.897295122475550215e+02
4.918424117681464054e+02
4.939767193827986489e+02
4.959125453232136920e+02
4.974488929507845683e+02
4.984268539687153634e+02
4.987906037461123105e+02
4.985273146743611505e+02
4.977168379202189499e+02
4.964391937311190759e+02
4.947954217363215434e+02
4.928787923605887613e+02
4.907388242502839830e+02
4.884741639707460763e+02
4.861148164217482304e+02
4.837042288084227835e+02
4.812708756467803255e+02
4.788389053508448683e+02
4.764279712744416884e+02
4.740535045930864726e+02
4.717296644466173916e+02
4.694709501426126508e+02
4.672887578589420627e+02
4.651967141440094906e+02
4.632061483170646738e+02
4.613250968142068587e+02
4.595631750576917511e+02
4.579211054994054848e+02
4.564001332520126084e+02
4.549951622480226661e+02
4.536956045497931314e+02
4.524911128812833567e+02
4.513634217299182296e+02
4.502961544697460567e+02
4.492704351021812386e+02
4.482671616763466886e+02
4.472780725166686580e+02
4.462667863714166288e+02
4.452346846884776710e+02
4.441710092967796868e+02
4.430678038081518935e+02
4.419205765840078470e+02
4.407295872596057507e+02
4.394963723982399983e+02
4.382280188273064141e+02
4.369333600213949467e+02
4.356240447852223951e+02
4.343170588647756745e+02
4.330284476437631724e+02
4.317801918236404504e+02
4.305950828579447602e+02
4.294948799005778142e+02
4.285076218663055556e+02
4.276516433530276231e+02
4.269488288126743782e+02
4.264139125544707554e+02
4.260519605322473353e+02
4.258676524781762396e+02
4.258515226373608016e+02
4.259894277458662941e+02
4.262119129774698649e+02
4.265132637394768267e+02
4.268996246680542299e+02
4.273428512208560051e+02
4.278091328248532363e+02
4.282774988468790980e+02
4.287161919189379660e+02
4.291019842029594997e+02
4.294163638325568400e+02
4.296355668105147743e+02
4.297488520528215190e+02
4.297420885115894293e+02
4.296047903617077282e+02
4.293355280370072364e+02
4.289284054238255521e+02
4.283872585834882329e+02
4.277160950089594849e+02
4.269195682208236917e+02
4.260090862165961312e+02
4.249920653933365315e+02
4.238807050442973150e+02
4.226856977134896738e+02
4.214172606069386120e+02
4.200868943469859573e+02
4.186752818008808958e+02
4.171521053280110891e+02
4.156018992222574866e+02
4.140310890091891451e+02
4.124459488097842836e+02
4.108515059015073803e+02
4.092521273153778338e+02
4.076524981733323898e+02
4.060552847295414267e+02
4.044645442028680122e+02
4.028825104774901433e+02
4.013118176778673956e+02
3.997551424717489681e+02
3.982135398866205946e+02
3.966898141985120674e+02
3.951843081951867589e+02
3.936990802167168226e+02
3.922348012482026434e+02
3.907922539271345386e+02
3.893728542282140666e+02
3.879763836923047506e+02
3.866047569740454151e+02
3.852574094822120969e+02
3.839359672243640489e+02
3.826409906694181586e+02
3.813511704609804269e+02
3.800873467688699066e+02
3.788488928816648809e+02
3.776372935761957592e+02
3.764517676061014981e+02
3.752926309229775939e+02
3.741596578597471421e+02
3.730516763677360359e+02
3.719683942766397990e+02
3.709079913250173490e+02
3.698692745633674122e+02
3.688504692028809018e+02
3.678496245983578774e+02
3.668648089257458764e+02
3.658940897480529202e+02
3.649353682361826259e+02
3.639870608297408694e+02
3.630477408089701044e+02
3.621159281476874412e+02
3.611916010108477053e+02
3.602742590622302714e+02
3.593649824474101706e+02
3.584659014652406768e+02
3.575453569735471433e+02
3.566984264736411205e+02
3.558744100316518484e+02
3.550792244162248608e+02
3.543214074316541655e+02
3.536068343372193681e+02
3.529461645466286086e+02
3.523463677010125821e+02
3.518147915302154729e+02
3.513595326811981749e+02
3.509810284778135383e+02
3.506854762213524168e+02
3.504730890333803472e+02
3.503513905943505620e+02
3.503369009424777687e+02
3.504540873521661979e+02
3.507561813469243930e+02
3.513038448651668091e+02
3.521879172576066139e+02
3.535036150984309415e+02
3.553225324426185807e+02
3.577101051844175004e+02
3.606633459236813337e+02
3.642221354838952720e+02
3.685999403448515181e+02
3.738622569892751812e+02
3.801026615452386181e+02
3.873649464204224842e+02
3.955235355763471148e+02
4.044682471507517221e+02
4.138713031212816986e+02
4.233143980574413945e+02
4.320703685402131100e+02
4.394838781886696211e+02
4.452918453736614310e+02
4.496376204292222951e+02
4.527863903416024414e+02
4.550729519026660910e+02
4.567288698646759144e+02
4.579571945763208305e+02
4.589745320394959549e+02
4.599681475653009670e+02
4.611674911468431333e+02
4.627621768281742902e+02
4.649015377338415078e+02
4.676570013312581864e+02
4.709295961261391312e+02
4.745330530770820587e+02
4.781072355648855137e+02
4.815877010974219843e+02
4.848565770328848998e+02
4.878829218792617439e+02
4.906734126716738729e+02
4.932423677541279972e+02
4.956116324742513370e+02
4.977696513087699373e+02
4.997231894651859534e+02
5.014397114844548469e+02
5.029117490976459521e+02
5.041196025986049563e+02
5.050631170509926164e+02
5.057584884682233906e+02
5.062102408527531452e+02
5.064415608474801047e+02
5.064289151031647407e+02
5.061666951509831165e+02
5.056418387027421204e+02
5.048810873210607610e+02
5.039300152335378016e+02
5.028356281211932242e+02
5.016456221157476421e+02
5.003822302925593135e+02
4.991360463312606157e+02
4.979307060725560632e+02
4.966872066000100858e+02
4.954167097659565115e+02
4.941251942664501371e+02
4.928322549987028651e+02
4.915546428429503294e+02
4.903199124602516576e+02
4.891701902160970690e+02
4.881702816677723717e+02
4.874535571872061723e+02
4.872244146971491432e+02
4.876228219234938592e+02
4.883242945902749739e+02
4.886483580053259175e+02
4.884431885629336421e+02
4.880523961010466110e+02
4.877239217805474141e+02
4.875640444738484121e+02
4.876176495424340942e+02
4.878883519507872393e+02
4.884011185066033818e+02
4.891628928911137564e+02
4.902128128326402248e+02
4.918526710908262203e+02
4.938851134566601218e+02
4.962275631953027073e+02
4.988370296738122533e+02
5.016561622000488683e+02
5.045963038217860799e+02
5.075588927320368953e+02
5.104560370576360810e+02
5.132141732434090500e+02
5.157665291307009738e+02
5.180769549785978825e+02
5.201035847319027425e+02
5.218146574444971293e+02
5.231870829916770163e+02
5.241865263441159186e+02
5.248033518097167871e+02
5.250318060472337720e+02
5.248819252200401024e+02
5.243996851088345466e+02
5.236328972678184073e+02
5.226662303178525235e+02
5.215852614087430084e+02
5.204959564070545639e+02
5.194828245146057952e+02
5.185857976814223775e+02
5.177549129922957718e+02
5.168408843836771211e+02
5.157002610749946143e+02
5.143103126216462897e+02
5.127279269693189008e+02
5.110475115655641503e+02
5.093587093908326437e+02
5.077138657610072414e+02
5.061549585915344096e+02
5.047006501307893700e+02
5.033605847891217877e+02
5.021399794569956612e+02
5.010356099703029713e+02
5.000472031187674133e+02
4.991711281695905313e+02
4.984072238198879745e+02
4.977593976268681786e+02
4.972349250125224671e+02
4.968503187189486994e+02
4.966264835916283005e+02
4.965913669089043196e+02
4.967791565277753421e+02
4.972160527539692794e+02
4.980639725034733374e+02
4.992228303217376606e+02
5.006333884504203979e+02
5.022461899501535072e+02
5.039969924244818458e+02
5.058178217013035010e+02
5.076485317466773495e+02
5.094508453741442509e+02
5.112050968561537729e+02
5.129129700715624267e+02
5.145623785199686608e+02
5.161408123247006188e+02
5.175954951170422191e+02
5.188779247490401758e+02
5.199172492673851593e+02
5.206811814424696649e+02
5.211574453368215245e+02
5.213598755980110582e+02
5.213357337044669748e+02
5.211233240184430997e+02
5.207712900216145044e+02
5.203131379899401736e+02
5.197619314466300011e+02
5.191236483149203877e+02
5.183120146717790249e+02
5.173580372451657468e+02
5.162673536538476355e+02
5.150393281003229049e+02
5.136735588633607676e+02
5.121835390768682146e+02
5.105881702483918048e+02
5.089080249878029463e+02
5.071727071533833282e+02
5.054054897727634170e+02
5.036384276950051913e+02
5.018952626103154557e+02
5.002065322772758691e+02
4.985957664875668911e+02
4.970868374184888694e+02
4.957046828097680304e+02
4.944621136451363554e+02
4.933816660895861901e+02
4.924666882438554012e+02
4.917299854342155072e+02
4.911771223848350587e+02
4.908133883664751238e+02
4.906574516592217492e+02
4.907193964014687708e+02
4.909115310080283621e+02
4.913144117994697240e+02
4.919804359699072620e+02
4.929132381827007521e+02
4.940712423563285824e+02
4.953951322955500700e+02
4.967795208942636123e+02
4.981192401283527147e+02
4.993131536268298873e+02
5.003076532283131428e+02
5.010746461977892636e+02
5.016478905738221670e+02
5.020848509129154991e+02
5.024562040043627462e+02
5.028534561961640179e+02
5.033425757359050863e+02
5.039729533892406721e+02
5.047612571476331595e+02
5.056623142577137742e+02
5.066082847048392068e+02
5.075123674671308436e+02
5.083123434941225014e+02
5.089984671390570838e+02
5.096479823740152710e+02
5.104027931523922348e+02
5.115226207456243515e+02
5.133098670770592662e+02
5.160704602783928294e+02
5.197652588452475584e+02
5.240479216581784385e+02
5.282743400637904188e+02
5.320346209751861579e+02
5.352250459822397488e+02
5.380515509265655965e+02
5.406372168652404753e+02
5.430378539184653164e+02
5.451098336113815321e+02
5.466478527232529814e+02
5.473645135112418529e+02
5.470980169923286667e+02
5.459447843705096375e+02
5.441608650703401509e+02
5.421040403902126172e+02
5.400944765207533464e+02
5.384107657064550949e+02
5.372264667898023163e+02
5.366683425689881233e+02
5.366943054401143627e+02
5.377007313329015687e+02
5.391478584180268854e+02
5.407603547827870898e+02
5.425038762634527529e+02
5.442961798439489485e+02
5.459384715743933612e+02
5.471095322012158704e+02
5.475175625607345182e+02
5.469942523631532367e+02
5.456334670393885062e+02
5.435615537194379385e+02
5.409650348532707085e+02
5.379833142772116616e+02
5.347230930826669919e+02
5.312791976723478911e+02
5.277193449675655756e+02
5.241167950035710419e+02
5.205418391333231511e+02
5.170645942509191855e+02
5.137638972598198279e+02
5.107263673431516509e+02
5.080286242763949645e+02
5.057819809288833426e+02
5.040557930399444899e+02
5.039510957530221162e+02
5.047699416074174792e+02
5.061920295926169047e+02
5.082559858511179982e+02
5.109071169589115016e+02
5.140849565760751148e+02
5.176365889301032439e+02
5.213347668605155150e+02
5.249131472022924072e+02
5.281356865036011641e+02
5.308282719901774271e+02
5.329401545951926664e+02
5.344833007554468622e+02
5.354858343599274804e+02
5.360053555575183282e+02
5.360296433989149136e+02
5.355850249637322804e+02
5.346444336448632839e+02
5.332021890724367950e+02
5.312560563204847313e+02
5.287785162552029306e+02
5.257792956448761288e+02
5.222092372593084519e+02
5.180289741156003629e+02
5.144538174574007598e+02
5.109637611838589351e+02
5.072543130927211905e+02
5.033621876129878956e+02
4.993369822463228616e+02
4.952092662046422333e+02
4.910085603730528305e+02
4.867600078342568395e+02
4.824819762844176694e+02
4.781925879460863484e+02
4.739045507837773812e+02
4.696302724914950772e+02
4.653774343903748445e+02
4.611566743333660838e+02
4.569708384907117420e+02
4.528295329716278275e+02
4.487335410313037869e+02
4.446894797086351900e+02
4.406994241710025904e+02
4.367663771922485694e+02
4.328944697496427239e+02
4.290848207951484596e+02
4.253403324845808697e+02
4.216645631511860870e+02
