nan
3.001325269599356034e+02
3.007804811923662669e+02
3.014799548140928778e+02
3.022236565995431192e+02
3.030029666164166997e+02
3.038117288293005913e+02
3.046410542579978369e+02
3.054863534126085369e+02
3.063427708546652752e+02
3.072087337288554068e+02
3.080847233153159550e+02
3.089729413132786249e+02
3.098787792906511527e+02
3.108074828552339568e+02
3.117664391912784936e+02
3.127633202503297412e+02
3.138038056319273892e+02
3.148973177221165543e+02
3.160465916690204722e+02
3.172591423062496574e+02
3.185396196586761448e+02
3.198933778480495107e+02
3.213320089646537667e+02
3.228625298428830774e+02
3.246171680623959901e+02
3.265137638706489156e+02
3.285759277290940190e+02
3.308314897030854240e+02
3.332959608168009140e+02
3.359931978203554763e+02
3.389103224560836907e+02
3.420290959888283737e+02
3.453009565394283413e+02
3.486543760664605429e+02
3.520047447495462052e+02
3.552607776514577154e+02
3.583307373353727598e+02
3.611469922600543327e+02
3.636605886205003344e+02
3.658380753036105375e+02
3.676898026550367149e+02
3.692139156354643319e+02
3.704511672220585865e+02
3.714281024194911538e+02
3.721793512190220667e+02
3.727427009740612220e+02
3.731390027056629606e+02
3.734002156016622962e+02
3.731702801865652077e+02
3.729426895047106427e+02
3.727159807333595722e+02
3.724784948623308765e+02
3.722211162696364113e+02
3.719240647154140902e+02
3.715750644011450845e+02
3.711584726692327081e+02
3.706619175137849425e+02
3.700803617666410332e+02
3.694044061042847034e+02
3.686376751606780431e+02
3.677783249687209945e+02
3.668317246959510385e+02
3.658047313912564391e+02
3.647010839233388424e+02
3.635324627267187338e+02
3.623038769394901806e+02
3.610254496519101508e+02
3.597046937754082592e+02
3.583484719368454421e+02
3.569650402930059840e+02
3.555597334165703955e+02
3.541391016742583702e+02
3.526552795645783931e+02
3.511699276328643009e+02
3.496867180414379845e+02
3.482086960995796971e+02
3.467384339186494913e+02
3.452784752232577148e+02
3.438304299118310041e+02
3.423958998756572782e+02
3.409763890708920258e+02
3.395725396450092148e+02
3.381857649068022056e+02
3.368165878225494225e+02
3.354659489811468802e+02
3.341351943722793294e+02
3.328247618221745370e+02
3.315369160984589598e+02
3.302723395021138231e+02
3.290334377165884803e+02
3.278222200715798635e+02
3.266405613628497235e+02
3.254921777367808318e+02
3.243785092156726932e+02
3.233035929268438622e+02
3.222697918422818475e+02
3.212361955282826216e+02
3.202533451401099001e+02
3.193214054308733694e+02
3.184443991140638559e+02
3.176217530585586246e+02
3.168550133397476998e+02
3.161442962212528300e+02
3.154873343396167797e+02
3.148843772780859922e+02
3.143304736460341360e+02
3.138235497418634168e+02
3.133583661853466538e+02
3.129296782778404236e+02
3.125325790415522533e+02
3.121599998850696238e+02
3.118066584253066935e+02
3.114658793088692050e+02
3.111322821762682906e+02
3.108003524343642994e+02
3.104657461252352846e+02
3.101243201970174255e+02
3.097733699261952438e+02
3.094106399130251361e+02
3.090346940005196075e+02
3.086515384266881483e+02
3.082567021347922491e+02
3.078510580158362586e+02
3.074349138295748389e+02
3.070095200689426633e+02
3.065761538855832100e+02
3.061360944617898099e+02
3.056910272489126896e+02
3.052423490626903231e+02
3.047915145593753437e+02
3.043398148650545636e+02
3.038884855471990818e+02
3.034384624847340319e+02
3.029908417159757050e+02
3.025462213889398981e+02
3.021054440001378794e+02
3.016691358483920453e+02
3.012378885227772116e+02
3.008126811698414258e+02
3.003941364953556104e+02
2.999836160406771910e+02
2.995824141871333950e+02
2.991922224925423279e+02
2.988157347429196875e+02
2.984598142959795268e+02
2.981227694517513100e+02
2.978081402874760215e+02
2.975206262592604389e+02
2.972660484863699253e+02
2.970488348975642907e+02
2.968767405947336897e+02
2.967540128954437364e+02
2.966875049376417337e+02
2.966820268254842290e+02
2.967400764974149183e+02
2.968657935093849574e+02
2.970556680954640001e+02
2.973089193474198169e+02
2.976174890463432234e+02
2.979741753100175856e+02
2.983676599026725285e+02
2.987864790748666337e+02
2.992193171944431924e+02
2.996537319212930015e+02
3.000818553289702777e+02
3.004920836499346706e+02
3.008804900997801042e+02
3.012382642361156968e+02
3.015523219613479569e+02
3.018242851700948677e+02
3.020513483454657262e+02
3.022331186375628249e+02
3.023663227420458952e+02
3.024533369833279153e+02
3.024922611838445619e+02
3.024866672781982402e+02
3.024373979107576815e+02
3.023480709675071694e+02
3.022229992717559526e+02
3.020651097904730022e+02
3.018807740794570691e+02
3.016730854862853448e+02
3.014484983020265645e+02
3.012111710384479011e+02
3.009663767292525449e+02
3.007190838777074759e+02
3.004736983626728488e+02
3.002353785345092660e+02
3.000081012843681378e+02
2.997970752800976584e+02
2.996058011794659137e+02
2.994393394276656295e+02
2.992838128773254311e+02
2.991621925324610061e+02
2.990773684784116426e+02
2.990313765843068836e+02
2.990270693318609005e+02
2.990641346918278600e+02
2.991442190326353625e+02
2.992657118152271210e+02
2.994275469204612818e+02
2.996282433118791459e+02
2.998649157173919093e+02
3.001360906187067599e+02
3.004398541154731106e+02
3.007756961508694076e+02
3.011449121117595951e+02
3.015514375957847619e+02
3.019996282971835058e+02
3.024997956007610469e+02
3.030585388815089232e+02
3.036852890525048565e+02
3.043853071968820245e+02
3.051539503621198719e+02
3.059839908649521476e+02
3.068524656726290800e+02
3.077817270450995579e+02
3.087136600589346926e+02
3.096280929168413536e+02
3.105090868878193078e+02
3.113543653881823161e+02
3.121617265210126106e+02
3.129377219175455025e+02
3.136856694237262104e+02
3.144086813608101920e+02
3.151079886945007615e+02
3.157787795339862100e+02
3.164177317212556204e+02
3.170162165170959838e+02
3.175661912829196467e+02
3.180611578308093499e+02
3.184919308036790540e+02
3.188561760241859702e+02
3.191489430132851908e+02
3.193701634541747580e+02
3.195212113741605435e+02
3.196030416548160815e+02
3.196212021477633698e+02
3.195788662538677158e+02
3.194504093602027410e+02
3.192316704307884265e+02
3.189721748404783739e+02
3.186784774436770249e+02
3.183565166117777494e+02
3.180118112146277554e+02
3.176496821396301016e+02
3.172749202846369485e+02
3.168912807094328627e+02
3.165029377769236021e+02
3.161122551477275806e+02
3.157223300015156724e+02
3.153350127351566243e+02
3.149522902675576574e+02
3.145761607312273895e+02
3.142080803332678443e+02
3.138502409323088500e+02
3.135045283572049470e+02
3.131733525112960592e+02
3.128593830104408653e+02
3.125658675159777999e+02
3.122960825223002530e+02
3.120543197312501889e+02
3.118437066953594581e+02
3.116553190261330428e+02
3.114931428635956081e+02
3.113804470732239906e+02
3.113210354437289880e+02
3.113164512744571653e+02
3.113687188661278356e+02
3.114746551273264004e+02
3.116318708772611785e+02
3.118325640447653200e+02
3.120691254344969821e+02
3.123297725587671607e+02
3.126031891956642994e+02
3.128768562753637070e+02
3.131380813786907424e+02
3.133774284197568250e+02
3.135829707222539469e+02
3.137500572195147015e+02
3.138703698818003431e+02
3.139424392496457585e+02
3.139630366919416815e+02
3.139320910092195618e+02
3.138513525527153547e+02
3.137210493588848976e+02
3.135460229062375674e+02
3.133389108067239022e+02
3.130690218450257021e+02
3.127632205991724277e+02
3.124261122101662522e+02
3.120627511412363901e+02
3.116771184760841606e+02
3.112757690559053572e+02
3.108638497785054255e+02
3.104494210298742587e+02
3.100414192221302869e+02
3.096509292397016111e+02
3.092945952146604327e+02
3.089914384758384358e+02
3.087701773978508868e+02
3.086677795474179220e+02
3.087278377611088445e+02
3.090123605333585033e+02
3.095711126954363408e+02
3.104611531667263762e+02
3.117044622698883813e+02
3.132871360959251774e+02
3.151751105662798977e+02
3.173012662918559954e+02
3.196048669917901748e+02
3.220061866909171044e+02
3.244209937028105628e+02
3.268060349055912184e+02
3.290890221198302470e+02
3.311884280205786126e+02
3.330656621605882606e+02
3.346853623706851977e+02
3.360253765912241875e+02
3.370843985468103483e+02
3.378448978565917855e+02
3.383225349007818181e+02
3.385232666089614213e+02
3.384729802122479896e+02
3.382030255513649877e+02
3.377438826185548351e+02
3.371329233297277028e+02
3.363991512405060575e+02
3.355727634184831345e+02
3.346780569779404573e+02
3.337374311953972210e+02
3.327706764229812393e+02
3.317972492588472164e+02
3.308374731652149876e+02
3.299175154856487779e+02
3.290444996421041992e+02
3.282966212373887060e+02
3.278001408890210087e+02
3.277211956837030584e+02
3.283764528233785427e+02
3.301840457622623148e+02
3.336584479400608529e+02
3.392913892326115501e+02
3.470992725836315458e+02
3.567399014444994236e+02
3.674613541782238144e+02
3.785684154773510386e+02
3.895731725332061046e+02
4.002652444507579617e+02
4.099188954469495911e+02
4.178165028554394098e+02
4.233227400386039676e+02
4.264654952962864627e+02
4.276290098390557546e+02
4.273767952550690552e+02
4.261950461698403387e+02
4.244722488426630775e+02
4.224776312118670489e+02
4.204060987753751419e+02
4.183948121818533536e+02
4.165809207729926698e+02
4.149143845882658184e+02
4.133526366694851504e+02
4.118266603477503054e+02
4.102553065163207293e+02
4.085833469247424432e+02
4.067774761350014501e+02
4.048370325992239600e+02
4.027851996629561313e+02
4.006433265359249276e+02
3.984456504057985740e+02
3.962131571119625733e+02
3.939650719610825718e+02
3.917159732856201231e+02
3.894734490365976285e+02
3.872451243078131711e+02
3.850342822581551445e+02
3.828432248949807217e+02
3.806744982707924692e+02
3.785281062224473203e+02
3.764060829812272004e+02
3.743086604391015726e+02
3.722373009868472309e+02
3.701804164313762726e+02
3.681907367804776641e+02
3.662307806732047197e+02
3.643035311108075689e+02
3.624146805830108633e+02
3.605701838286185534e+02
3.587773273777115151e+02
3.570463936253530051e+02
3.553870785202779530e+02
3.538139641426523099e+02
3.523415444579012501e+02
3.509875428121918617e+02
3.497732094620512839e+02
3.487180172251154886e+02
3.478482552281498670e+02
3.471852337982506924e+02
3.467526117493731590e+02
3.465714720666830999e+02
3.466522428619865650e+02
3.470066108688441204e+02
3.476255583425311784e+02
3.484965368400869465e+02
3.495902544049071139e+02
3.508635999157615402e+02
3.522646137192161291e+02
3.537384097965733645e+02
3.552169672628428430e+02
3.566387498174441930e+02
3.579499294449149147e+02
3.591045492877408378e+02
3.600734706454261413e+02
3.608340743923713489e+02
3.613831528798777413e+02
3.617225793612081475e+02
3.618644406957894262e+02
3.618278124662367645e+02
3.616301537771274752e+02
3.612954495015594603e+02
3.608412182133688475e+02
3.602877098620825791e+02
3.596502635824685399e+02
3.589425273950396331e+02
3.581762498396053047e+02
3.573593226486822232e+02
3.564997342651427630e+02
3.556020098187536860e+02
3.546706230271547611e+02
3.537088027105194215e+02
3.527443398244259924e+02
3.517241454217333967e+02
3.506835493027661528e+02
3.496248588272626421e+02
3.485499559039756718e+02
3.474603122080023354e+02
3.463583894961126362e+02
3.452456023805964946e+02
3.441242542406130269e+02
3.429963100393996456e+02
3.418635137859071165e+02
3.407281960567785291e+02
3.395919469061767586e+02
3.384569226118926508e+02
3.373249329187866579e+02
3.361976986430216812e+02
3.350771292144505082e+02
3.339646569003393779e+02
3.328618870134290546e+02
3.317701847951988725e+02
3.306907037684113106e+02
3.296245215792604881e+02
3.285724065125427842e+02
3.275347790603975682e+02
3.265466549782833567e+02
3.255648331788616474e+02
3.246085353578334889e+02
3.236777678556192086e+02
3.227723322033220370e+02
3.218917313735055927e+02
3.210349242984778471e+02
3.202012977007490235e+02
3.193891558849872467e+02
3.185979494363610911e+02
3.178260924819445563e+02
3.170728866060092059e+02
3.163379339374820916e+02
3.156202058914141730e+02
3.149205527444154882e+02
3.142382027280677903e+02
3.135742799508219036e+02
3.129291819951291131e+02
3.123032372887675479e+02
3.116977552573522985e+02
3.111124607418688583e+02
3.105484766182854059e+02
3.100056407522001791e+02
3.094840028729407209e+02
3.090492263638968211e+02
3.086330508091424463e+02
3.082352017134191442e+02
3.078537462013800337e+02
3.074873057082579635e+02
3.071338462526319972e+02
3.067917540978926922e+02
3.064590135490103080e+02
3.061338419416456986e+02
3.058145026296422202e+02
3.054989795275468509e+02
3.051859855535820998e+02
3.048734050525715702e+02
3.045603219125401893e+02
3.042450315227458191e+02
3.039265993258383105e+02
3.036041550090249643e+02
3.032766274156484769e+02
3.029439988248882401e+02
3.026054117716692531e+02
3.022613287757897638e+02
3.019115842085971622e+02
3.015568074196933708e+02
3.011976917937750500e+02
3.008561666585534340e+02
3.005050910298548388e+02
3.001520062981396677e+02
2.997990853347774305e+02
2.994477289465078229e+02
2.991004169212149577e+02
2.987590364989057434e+02
2.984260107791951100e+02
2.981039775506707201e+02
2.977950866572779205e+02
2.975027110657629805e+02
2.972287858855518721e+02
2.969769137826847327e+02
2.967493268838312588e+02
2.965491488176221537e+02
2.963794539721960746e+02
2.962425038873780636e+02
2.961420603526568129e+02
2.960798602834336748e+02
2.960597769323938451e+02
2.960837340618197118e+02
2.961551288471476937e+02
2.962767097956668749e+02
2.964510021236056900e+02
2.966832273425152380e+02
2.969638185003648232e+02
2.973064878987555062e+02
2.977122402129809302e+02
2.981855856868511978e+02
2.987279216130317536e+02
2.993404232912543534e+02
3.000248800890989855e+02
3.007770902618635205e+02
3.015962712297661596e+02
3.024730391075432294e+02
3.034000789747275917e+02
3.043639569609930504e+02
3.053507536651772512e+02
3.063436407195089259e+02
3.073252816814048174e+02
3.082789979019422617e+02
3.091868857636843018e+02
3.100366258262464498e+02
3.108120426464346906e+02
3.115063385618016127e+02
3.121085134502328060e+02
3.126148152436966257e+02
3.130217314416007639e+02
3.133119912954663846e+02
3.135111097691821556e+02
3.136099930011746437e+02
3.136155919639961098e+02
3.135311578626740925e+02
3.133651394367446983e+02
3.131249206126853437e+02
3.128187339406745195e+02
3.124570783047814757e+02
3.120474501282474193e+02
3.116013690565405909e+02
3.111264415030145756e+02
3.106330487955739272e+02
3.101295894346965270e+02
3.096241415730416406e+02
3.091258142168082941e+02
3.086403748102929967e+02
3.081766155403104221e+02
3.077390235221772627e+02
3.073340830195939475e+02
3.069660462309501554e+02
3.066377841491168965e+02
3.063533836835207467e+02
3.061122851332191317e+02
3.059206860009804814e+02
3.057821229374241625e+02
3.056937953130587289e+02
3.056540412648252527e+02
3.056606358288171919e+02
3.057121725205473126e+02
3.058045408673746124e+02
3.059363991296649488e+02
3.061027487190476677e+02
3.063017502648410755e+02
3.065285393358621491e+02
3.067802425928001071e+02
3.070535757239264854e+02
3.073440693669692791e+02
3.076505473167614468e+02
3.079679241513811689e+02
3.082961871380182970e+02
3.086314232595405542e+02
3.089727483527039453e+02
3.093188764565923066e+02
3.096671807183385567e+02
3.100177555132838165e+02
3.103674218204573094e+02
3.107158169184420444e+02
3.111366863798782560e+02
3.115526585571907958e+02
3.119655763111736633e+02
3.123726206387590878e+02
3.127710485437828538e+02
3.131582068105622056e+02
3.135310051586993154e+02
3.138865994256132126e+02
3.142220042238924975e+02
3.145336991357723377e+02
3.148191085223185723e+02
3.150749600617668875e+02
3.152982441974374410e+02
3.154868399629182250e+02
3.156377028518991210e+02
3.157494942485138267e+02
3.158206722420028996e+02
3.158496392636253631e+02
3.158371786770082963e+02
3.157821936345036420e+02
3.156863982053145605e+02
3.155507479544160674e+02
3.153762526543696367e+02
3.151660536766902965e+02
3.149623514868325174e+02
3.147071319680696888e+02
3.144216578298204468e+02
3.141076691559904361e+02
3.137674280180373216e+02
3.134012064999152472e+02
3.130113558526527413e+02
3.125980448409018777e+02
3.121626373406509742e+02
3.117057996687544232e+02
3.112280272346553147e+02
3.107305348505724396e+02
3.102136900950914651e+02
3.096792607790304146e+02
3.091280699750913072e+02
3.085623527020981101e+02
3.079840486446787509e+02
3.073958623262227547e+02
3.068012827031586767e+02
3.062038199418395834e+02
3.056085029763259513e+02
3.050208652609121600e+02
3.044478703018735928e+02
3.038985652450714952e+02
3.033848123763093554e+02
3.029176806624204801e+02
3.025219346991095222e+02
3.022224614871688004e+02
3.020598807895104301e+02
3.020847500333613311e+02
3.023714562467823157e+02
3.030298908575638848e+02
3.041949761542894066e+02
3.060893002854152769e+02
3.089643608583206174e+02
3.132127182938834267e+02
3.192824288417207299e+02
3.276585798836433696e+02
3.385681073709848192e+02
3.515841893281324246e+02
3.660823305546992970e+02
3.814559992048058348e+02
3.968832588765210403e+02
4.118401253963838258e+02
4.265760361380418999e+02
4.413783589660489497e+02
4.557438918032173092e+02
4.683921378202256847e+02
4.782781469201231062e+02
4.862887654108754987e+02
4.931195641735880599e+02
4.990268000552947569e+02
5.032648562367268141e+02
5.051728977446336444e+02
5.049779873218677153e+02
5.032831088766224070e+02
5.007302223986169452e+02
4.977327040331646799e+02
4.944828349468149895e+02
4.910593602248123375e+02
4.874826837975808758e+02
4.837732505528364868e+02
4.799720221249627343e+02
4.761127043890218147e+02
4.722268499582630739e+02
4.683376865752164804e+02
4.644545908052375580e+02
4.605910400554900548e+02
4.567512778128003674e+02
4.529419263561790672e+02
4.491697882210813759e+02
4.454369788966902206e+02
4.417349195295561231e+02
4.381797599372562217e+02
4.346762662940272435e+02
4.312259714727532014e+02
4.278308792290947054e+02
4.244937492597539404e+02
4.212146457566554432e+02
4.179966453785049225e+02
4.148391635040360939e+02
4.117444905164535953e+02
4.087125392223543940e+02
4.057438232338587909e+02
4.028395634423080764e+02
3.999983752455921149e+02
3.972219836007866434e+02
3.945083790896653113e+02
3.918578549915648637e+02
3.892693020664787014e+02
3.867405573840031252e+02
3.842714854737033647e+02
3.818582679845479788e+02
3.795000476571494232e+02
3.771933063339317300e+02
3.749353193367476251e+02
3.727090838876530938e+02
3.705850408259763640e+02
3.684970568811885983e+02
3.664410369066027329e+02
3.644147068538832741e+02
3.624150824589384001e+02
3.604395937879946814e+02
3.584864946985373990e+02
3.565535385984699133e+02
3.546400765062570599e+02
3.527446778471575044e+02
3.508673719883249191e+02
3.490079868468588415e+02
3.471669364102714326e+02
3.453455488027350384e+02
3.435446062177011299e+02
3.417664735973724532e+02
3.400127321467781485e+02
3.382860079260649968e+02
3.365893461469395902e+02
3.349253654340018898e+02
3.332982362240101111e+02
3.317114209146481016e+02
3.301692742741133202e+02
3.286730421934402102e+02
3.272461568213312830e+02
3.258804511394895371e+02
3.245823246118023349e+02
3.233599455076723075e+02
3.222235436028157665e+02
3.211819404055754035e+02
3.202493854921872298e+02
3.194377577035678542e+02
3.187624678851455542e+02
3.182414521042940692e+02
3.178881415635747771e+02
3.177237663937488605e+02
3.177586384413834253e+02
3.180065358227969341e+02
3.184726962934719836e+02
3.191512466759732547e+02
3.200342664050248231e+02
3.210933077809248175e+02
3.223030866877352878e+02
3.236206909333510566e+02
3.250132712914905255e+02
3.264376860231451474e+02
3.278669713150292182e+02
3.293348305287433391e+02
3.307305971327696739e+02
3.320665328256578732e+02
3.333257292544345205e+02
3.345090565158873801e+02
3.356038057528488707e+02
3.366144059015326775e+02
3.375334734108555494e+02
3.383630418668360562e+02
3.391014406966765478e+02
3.397475960897738219e+02
3.403046045406701978e+02
3.407700004456966667e+02
3.411496770172981314e+02
3.414420758127633349e+02
3.416535444461316047e+02
3.417852395180708527e+02
3.418420402838942778e+02
3.418284640254262285e+02
3.417475752383438703e+02
3.416059530850388910e+02
3.414062108330369938e+02
3.411550802035167749e+02
3.408560912462724559e+02
3.405165299676478412e+02
3.401063089998701798e+02
3.396666843117991448e+02
3.392024258462384410e+02
3.387162354196049705e+02
3.382120909438232275e+02
3.376927121631752584e+02
3.371609481511351873e+02
3.366195555952705831e+02
3.360705590176290229e+02
3.355162181282673259e+02
3.349580332544697967e+02
3.343975205777206838e+02
3.338358121117255450e+02
3.332736748595790459e+02
3.327116949363010008e+02
3.321499517221329825e+02
3.315883967314773031e+02
3.310267128314326328e+02
3.304641513080710524e+02
3.299002427345781143e+02
3.293337651071831829e+02
3.287639900515148383e+02
3.281897591790661295e+02
3.275949104430575858e+02
3.269884090767931184e+02
3.263729608349229352e+02
3.257486244383100598e+02
3.251147076745253912e+02
3.244712071101607194e+02
3.238184905235436304e+02
3.231562734372510590e+02
3.224858141596841961e+02
3.218071196589041847e+02
3.211215103952701497e+02
3.204298781649949319e+02
3.197330841355891380e+02
3.190327669726379440e+02
3.183296053665892487e+02
3.176253972454425138e+02
3.169211835934636952e+02
3.162183179501806762e+02
3.155182076119000953e+02
3.148218219604164005e+02
3.141306673407324865e+02
3.134456090781196167e+02
3.127679440981888206e+02
3.120985638224373133e+02
3.114440825998680680e+02
3.108108625841048251e+02
3.101898929099666589e+02
3.095817470565041276e+02
3.089866729491098454e+02
3.084050519084398729e+02
3.078368647006165588e+02
3.072823005507084986e+02
3.067412236274146267e+02
3.062135113140624298e+02
3.056990562041307840e+02
3.051973688850126223e+02
3.047083598563369264e+02
3.042313946129876854e+02
3.037661828677516382e+02
3.033122852863549497e+02
3.028690392103920317e+02
3.024363182486941923e+02
3.020133305109172852e+02
3.016000111838058046e+02
3.011958711453895603e+02
3.008006371531628815e+02
3.004144438942356032e+02
3.000369586387130312e+02
2.996619880760558203e+02
2.992901723776496965e+02
2.989286411408529602e+02
2.985782471829698466e+02
2.982396783327614003e+02
2.979145774787604637e+02
2.976039036537497964e+02
2.973098143461062364e+02
2.970340453811452903e+02
2.967789582834737416e+02
2.965474711213797150e+02
2.963420572607495274e+02
2.961667463365781146e+02
2.960243566196775191e+02
2.959196132509931090e+02
2.958561754454739230e+02
2.958385585093950567e+02
2.958716168889604887e+02
2.959587099696354926e+02
2.961054867060216793e+02
2.963139367371492767e+02
2.965882928743030789e+02
2.969296939035821765e+02
2.973381661685669428e+02
2.978195058614463733e+02
2.983632213836855271e+02
2.989626999262918048e+02
2.996082926037444736e+02
3.002904841067826851e+02
3.009972126554451393e+02
3.017153263350703014e+02
3.024306183906296042e+02
3.031300077402073612e+02
3.037999159382624157e+02
3.044290097240143496e+02
3.050085342145451364e+02
3.055294344879590653e+02
3.059896054320284975e+02
3.063855911933953848e+02
3.067206235668323870e+02
3.070008117129505649e+02
3.072350950227481121e+02
3.074411292301327308e+02
3.076398263887109579e+02
3.078615327113483318e+02
3.081491839071952086e+02
3.085501475269006164e+02
3.091340116780557423e+02
3.099547424131440039e+02
3.111880010078103851e+02
3.128721128518340038e+02
3.150368250601106865e+02
3.176916740580853116e+02
3.207667087437584428e+02
3.241410179828235982e+02
3.276556728155060227e+02
3.311353479195970522e+02
3.344130063685772143e+02
3.373945036156225115e+02
3.399908673877915817e+02
3.421826617189145736e+02
3.439596248358060961e+02
3.453151134928538113e+02
3.462720818736470392e+02
3.468382893377360574e+02
3.470368988087500384e+02
3.469014472110341103e+02
3.464592539106030813e+02
3.457529319150614810e+02
3.448212409856831187e+02
3.436993971313784186e+02
3.424292102469657380e+02
3.410179320758236372e+02
3.395310896305341544e+02
3.379810816755134510e+02
3.363879200284268904e+02
3.347719089085817359e+02
3.331458554942591377e+02
3.315229713958779030e+02
3.299131052875025034e+02
3.283232172394688746e+02
3.267608558727980039e+02
3.252299101492041586e+02
3.237348603658956563e+02
3.222788283061888706e+02
3.208634498998424078e+02
3.194914160704707342e+02
3.181630590792510134e+02
3.168798642269263155e+02
3.156423293188046841e+02
3.144504734402710824e+02
3.133052410101262240e+02
3.122059867821603802e+02
3.111534983941497785e+02
3.101475806585315240e+02
3.091883773192673175e+02
3.082689972806688274e+02
3.073924096582093739e+02
3.065672638284070786e+02
3.057933259203706484e+02
3.050716146550981307e+02
3.044024514320845469e+02
3.037860160880803733e+02
3.032232271722913879e+02
3.027133015268277632e+02
3.022569622126769104e+02
3.018529864726727965e+02
3.015006716709678471e+02
3.011987773106840791e+02
3.009445757008676878e+02
3.007364258575692588e+02
3.005702508515189493e+02
3.004427723318102608e+02
3.003496483117656908e+02
3.002856697897821050e+02
3.002463530602327069e+02
3.002257910357709534e+02
3.002187002838587091e+02
3.002198635491230903e+02
3.002234953265056561e+02
3.002171752560404911e+02
3.002145526408392016e+02
3.002006467892563251e+02
3.001725658891326134e+02
3.001267252938337720e+02
3.000615737246038748e+02
2.999752938807382634e+02
2.998666968358817257e+02
2.997359783046827602e+02
2.995825434336636022e+02
2.994076183910732993e+02
2.992119087908132542e+02
2.989967736228234685e+02
2.987642260863007095e+02
2.985158619299303382e+02
2.982543219256128850e+02
2.979819965602108596e+02
2.977017068867687044e+02
2.974167634596656740e+02
2.971305783814092365e+02
2.968473177742585563e+02
2.965719118602654589e+02
2.963099161858599473e+02
2.960687608103664274e+02
2.958524930912248578e+02
2.956901170455066108e+02
2.955841636265636794e+02
2.955535170650746863e+02
2.956241197906118714e+02
2.958284023247878167e+02
2.962064821984956211e+02
2.968101738448175979e+02
2.976967390018652395e+02
2.989336152952986367e+02
3.005891918159602483e+02
3.027190330682616946e+02
3.053663974794997671e+02
3.085226887113698240e+02
3.121421257429857974e+02
3.161103390770148849e+02
3.202682009767510181e+02
3.244295399981557466e+02
3.284010490205180872e+02
3.320215885476424091e+02
3.351690199500012000e+02
3.377739959219380808e+02
3.398139398504627593e+02
3.413134629725994387e+02
3.423335108885065665e+02
3.429440740679003738e+02
3.431741675586102929e+02
3.430984136937307767e+02
3.427774637147085741e+02
3.422655601707771211e+02
3.416118316264883674e+02
3.408509710011038578e+02
3.400164949303633648e+02
3.391303012804931427e+02
3.382120064716256138e+02
3.372749036455016949e+02
3.363290790650175950e+02
3.353817625183829705e+02
3.344371240799601424e+02
3.334983524805794559e+02
3.325660704778148329e+02
3.316409125922743328e+02
3.307218146791851723e+02
3.298077682593741429e+02
3.288972845405058365e+02
3.279888214458362086e+02
3.270809255095077219e+02
3.261724007869178763e+02
3.252689533004561895e+02
3.243524799039702202e+02
3.234337072578402399e+02
3.225127752772700092e+02
3.215909728403979670e+02
3.206689332346290371e+02
3.197484304693538206e+02
3.188310372116824851e+02
3.179183056808107608e+02
3.170126490848270464e+02
3.161154881472723446e+02
3.152293041802568609e+02
3.143559401832162621e+02
3.134972696031790065e+02
3.126556494599808502e+02
3.118324340161918258e+02
3.110299410865591767e+02
3.102496683628200458e+02
3.094933323588633129e+02
3.087628805644030763e+02
3.080594981966834212e+02
3.073853193711938729e+02
3.067416015767690283e+02
3.061301913157611807e+02
3.055583277005366085e+02
3.050413048780364420e+02
3.045673062725259115e+02
3.041374699201042517e+02
3.037538863166058150e+02
3.034176214970006527e+02
3.031297797915425463e+02
3.028916941975295458e+02
3.027031869887594553e+02
3.025655097177850621e+02
3.024778446906370277e+02
3.024402146414169579e+02
3.024520287846702900e+02
3.025114288879084938e+02
3.026179312431506787e+02
3.027686068938645008e+02
3.029617117387439862e+02
3.031944508251835941e+02
3.034629783873764381e+02
3.037648321521892854e+02
3.040951909416942271e+02
3.044503956173473398e+02
3.048261127054742019e+02
3.052171286820676528e+02
3.056096496095503312e+02
3.060459041890819094e+02
3.064781951110560954e+02
3.069029350649860817e+02
3.073152435718363336e+02
3.077122855244944617e+02
3.080904316829693244e+02
3.084464208820362501e+02
3.087786358295395530e+02
3.090837869848793389e+02
3.093612785398508436e+02
3.096094282654303242e+02
3.098270623057961757e+02
3.100146089949400334e+02
3.101706886875730333e+02
3.102966615389833578e+02
3.103922004843016680e+02
3.104581140201059384e+02
3.104956616996672665e+02
3.105050501590690146e+02
3.104882997877465982e+02
3.104458344447534728e+02
3.103793588768181166e+02
3.102900535496866041e+02
3.101655905661328916e+02
3.100438248375012336e+02
3.099032697773207587e+02
3.097454940204065679e+02
3.095712500828817610e+02
3.093814286124642763e+02
3.091768371192669633e+02
3.089578790408455120e+02
3.087251615968452256e+02
3.084788766860156670e+02
3.082193766122409784e+02
3.079467822821501954e+02
3.076613414281331984e+02
3.073631362793144035e+02
3.070524173610876915e+02
3.067294019707388202e+02
3.063943376581490838e+02
3.060478280588613984e+02
3.056901490999877069e+02
3.053222087843291206e+02
3.049445678839012430e+02
3.045581874444654886e+02
3.041641617010084246e+02
3.037634204569773715e+02
3.033529806399450877e+02
3.029581708144179970e+02
3.025608430359795875e+02
3.021625075858941045e+02
3.017648090631035984e+02
3.013698996866620519e+02
3.009793883033933639e+02
3.005957955727117223e+02
3.002211422050125975e+02
2.998579072010950313e+02
2.995089563798465520e+02
2.991765504542536291e+02
2.988642262124207605e+02
2.985745063626167166e+02
2.983109553132413225e+02
2.980770494024436630e+02
2.978756657446138547e+02
2.977111353438713763e+02
2.975859267171623515e+02
2.975043744130904884e+02
2.974692310319408080e+02
2.974837766993086916e+02
2.975517250580367659e+02
2.976750308605306827e+02
2.978575015545145561e+02
2.981176443991461724e+02
2.984440224649268885e+02
2.988413341493902635e+02
2.993178974373652750e+02
2.998853025331677031e+02
3.005538427461618767e+02
3.013434315519201050e+02
3.022675699759946042e+02
3.033500786839919670e+02
3.046090541011022879e+02
3.060619946525903288e+02
3.077257052997564415e+02
3.096002033218356360e+02
3.116852549593680806e+02
3.139546695194376866e+02
3.163775186597693505e+02
3.188975745357416827e+02
3.214552981275724051e+02
3.239746712370284172e+02
3.263872277135213267e+02
3.286261106391554563e+02
3.306330849442361455e+02
3.323714289112389224e+02
3.337938628310984654e+02
3.348497509226331772e+02
3.355957424678635448e+02
3.360519752316168933e+02
3.362345027714372350e+02
3.361690909302138834e+02
3.358818656855370932e+02
3.353971935741900552e+02
3.347441759469705858e+02
3.339436292894313851e+02
3.330220983699931026e+02
3.319987741268743093e+02
3.308940189075929652e+02
3.297252249838754778e+02
3.285069992161875234e+02
3.272540312571507002e+02
3.259770696825654568e+02
3.246875609350709055e+02
3.233938833301010618e+02
3.221048201035594616e+02
3.208274232754615127e+02
3.195685489627696256e+02
3.183349183193346903e+02
3.171324652591577546e+02
3.159455168920939627e+02
3.148487032937570120e+02
3.138078418410265726e+02
3.128329946803480652e+02
3.119382044754739240e+02
3.111387554180786310e+02
3.104547922632766586e+02
3.099083188648548912e+02
3.095229896465524462e+02
3.093254533702336744e+02
3.093332136402074752e+02
3.095643418831193117e+02
3.100173665701294112e+02
3.106800790467885349e+02
3.115291375292251814e+02
3.125247466485757855e+02
3.136278893078759893e+02
3.147997273241739435e+02
3.159988970726866455e+02
3.172016471279579832e+02
3.183795240280587109e+02
3.195115696901009414e+02
3.205848774782047030e+02
3.215791787722184836e+02
3.224510541759426019e+02
3.232951988594013528e+02
3.240213328434106188e+02
3.246280246005891854e+02
3.251079077392844283e+02
3.254620996897385794e+02
3.256917945148441618e+02
3.257968909086854410e+02
3.257846126784244802e+02
3.256585468271798618e+02
3.254260050056059868e+02
3.250964586683426205e+02
3.246766824285159032e+02
3.241781737144202111e+02
3.236096483153164058e+02
3.229806043534899231e+02
3.223017010872387118e+02
3.215803150294838701e+02
3.208260097209795276e+02
3.200456500940170486e+02
3.192460425530566681e+02
3.184337102297865272e+02
3.176132557537330285e+02
3.167898926255830361e+02
3.159364423816721228e+02
3.150744172482894214e+02
3.142198059269508690e+02
3.133751728528894205e+02
3.125433506245580588e+02
3.117263734847334149e+02
3.109260196029557051e+02
3.101441573410838828e+02
3.093817444887634451e+02
3.086403377982863958e+02
3.079206131154242598e+02
3.072234787252759247e+02
3.065497638340586377e+02
3.058996879666022437e+02
3.052743234812077162e+02
3.046735437364490622e+02
3.040982144863643839e+02
3.035485718152345385e+02
3.030249832626500393e+02
3.025284668228912892e+02
3.020590908569255362e+02
3.016185066199925018e+02
3.012072772220495267e+02
3.008273581702858905e+02
3.004646453849329077e+02
3.001513077682517405e+02
2.998775935254254250e+02
2.996462041886343286e+02
2.994627579962472055e+02
2.993307632320166931e+02
2.992559424680589473e+02
2.992431729416549615e+02
2.992961077339726330e+02
2.994201001453632784e+02
2.996151834830650955e+02
2.998831302249003556e+02
3.002202491073341548e+02
3.006206620787218640e+02
3.010763906562920624e+02
3.015746535666965542e+02
3.021014699796310197e+02
3.026419180262187183e+02
3.031787627088671115e+02
3.036978752927481651e+02
3.041858784595589213e+02
3.046298221556046428e+02
3.050244178746704051e+02
3.053611805996800967e+02
3.056164695232427562e+02
3.058054000698120944e+02
3.059359931123725573e+02
3.060202612857721647e+02
3.060708797742217939e+02
3.061196073111433975e+02
3.062175352048236618e+02
3.064632344501137595e+02
3.070541604057435165e+02
3.082695004029554866e+02
3.105110497884666643e+02
3.138428442029938878e+02
3.179719926258771352e+02
3.226808055321035340e+02
3.289006099987388438e+02
3.383037495915785371e+02
3.521012998166185071e+02
3.695947708451089966e+02
3.879133180674785990e+02
4.041799464975011347e+02
4.169498137142086875e+02
4.260978147287356705e+02
4.321283565419378192e+02
4.357156283535360330e+02
4.374922465995891798e+02
4.376864492313706023e+02
4.371287141892557884e+02
4.362457909918691144e+02
4.352312212699509359e+02
4.341058430452158063e+02
4.327820509850952817e+02
4.311618589108069841e+02
4.292237026908947541e+02
4.269986047151217576e+02
4.245855658600821130e+02
4.220720149844677280e+02
4.195559008895476723e+02
4.171231871127880595e+02
4.148459212116764547e+02
4.127870224731859707e+02
4.109855121877976671e+02
4.094456051738471842e+02
4.081408705746072201e+02
4.070146225488798564e+02
4.060028998887858620e+02
4.050469825749091797e+02
4.041196584136387173e+02
4.031945148331076325e+02
4.022900554227121575e+02
4.014015518000063025e+02
4.005747277509834703e+02
3.998229735168944217e+02
3.991578677573502318e+02
3.985861394777397777e+02
3.981015701635561186e+02
3.976962038009235130e+02
3.973507633164909407e+02
3.970466520665964367e+02
3.967567932536094872e+02
3.964594435279862523e+02
3.961258078381997620e+02
3.957359342809200484e+02
3.952658308853941094e+02
3.947011449819194127e+02
3.940273995490969696e+02
3.932379489957318697e+02
3.923300122107080483e+02
3.913033499979922567e+02
3.901653234212408279e+02
3.889197480519587202e+02
3.875785613535268794e+02
3.861486296378446923e+02
3.846330187325766019e+02
3.830521034018025830e+02
3.814094380395508210e+02
3.797138555967388811e+02
3.779702073012764458e+02
3.762067843919145389e+02
3.758260406380481413e+02
3.740043442277374766e+02
3.721519542763100503e+02
3.702721747520496933e+02
3.683693931382782694e+02
3.664469682698121460e+02
3.645085004883741249e+02
3.625576796133672701e+02
3.605978288299132259e+02
3.586327091371047686e+02
3.566657647126226038e+02
3.547007949668344509e+02
3.527413000028449233e+02
3.507912161031119354e+02
3.488541096351883652e+02
3.469339398756986839e+02
3.450346568875773414e+02
3.431599754928882362e+02
3.413057957582299764e+02
3.394860419092624966e+02
3.377038742519790731e+02
3.359634919584690920e+02
3.342700726880445359e+02
3.326293673852593997e+02
3.310466075393117649e+02
3.295295921076116201e+02
3.280845934678854974e+02
3.267211254230752502e+02
3.254484382236665851e+02
3.242773894679713180e+02
3.232216560798466958e+02
3.222940070769386693e+02
3.215128757549624083e+02
3.208946124490517491e+02
3.204608053749711303e+02
3.202322937016774063e+02
3.202307340940557197e+02
3.204805275756471019e+02
3.209975507495712463e+02
3.218034011307278774e+02
3.229027347949173077e+02
3.242996420294205109e+02
3.259556942473575987e+02
3.278790982263574847e+02
3.300231119726406632e+02
3.323322353806812544e+02
3.347494681483717045e+02
3.372115104731084898e+02
3.396548265619501876e+02
3.420242637490304105e+02
3.442775963007383098e+02
3.463768308884418730e+02
3.483090815426166387e+02
3.500600792152005170e+02
3.516323399281372417e+02
3.530328773790902233e+02
3.542663958581234169e+02
3.553484238511327931e+02
3.562836700631480653e+02
3.570838030317136713e+02
3.577541284645611768e+02
3.582992181556496121e+02
3.587239700300943923e+02
3.590298056812766845e+02
3.592194503656214692e+02
3.592958304612471352e+02
3.592468282644242663e+02
3.591124330844742758e+02
3.588739890841428632e+02
3.585366899999852421e+02
3.581074379787127668e+02
3.575912754508076432e+02
3.569971726430423473e+02
3.563312218559550502e+02
3.556016235812632544e+02
3.548160143597066849e+02
3.539806859200643316e+02
3.531036169556580830e+02
3.521899979284142432e+02
3.512463984521666021e+02
3.502777821895255670e+02
3.492886447876137481e+02
3.482835639997110775e+02
3.472656315614968321e+02
3.462383930015498095e+02
3.452043918608275703e+02
3.441659379296718839e+02
3.431251369598637666e+02
3.420835370636261246e+02
3.410426537602299959e+02
3.399963537926616937e+02
3.389774640649956154e+02
3.379622350766024397e+02
3.369513096064695219e+02
3.359454190369770004e+02
3.349451825357259054e+02
3.339510219552039416e+02
3.329635952320239767e+02
3.319831690609246948e+02
3.310103069110738261e+02
3.300453442354107665e+02
3.290885859621080840e+02
3.281405562532607973e+02
3.272013437496077586e+02
3.262715207002794386e+02
3.253511993866989087e+02
3.244407228536585421e+02
3.235404380806220956e+02
3.226503790991352503e+02
3.217710518267662110e+02
3.209023898714149823e+02
3.200447599349743655e+02
3.191982873973583423e+02
3.183630047338930922e+02
3.175353673370392471e+02
3.167451992005610464e+02
3.159663552259013386e+02
3.151987265888147363e+02
3.144424680244750903e+02
3.136977147469249303e+02
3.129643346251647813e+02
3.122426543059983146e+02
3.115324500121157030e+02
3.108339992319008616e+02
3.101472609033772869e+02
3.094722468620741438e+02
3.088092182104286394e+02
3.081579736479043845e+02
3.075189239079504091e+02
3.068919440716913414e+02
3.062772906888448574e+02
3.056751869124157110e+02
3.050856223646005105e+02
3.045091501650961732e+02
3.039457051841469593e+02
3.033958694423728275e+02
3.028598982345166064e+02
3.023381204524770283e+02
3.018371606055268899e+02
3.013667199336389331e+02
3.009117320468793650e+02
3.004723676888024784e+02
3.000493159546164179e+02
2.996431120214505199e+02
2.992539699078885747e+02
2.988827152502697686e+02
2.985292453425403778e+02
2.981942444636350729e+02
2.978776709419364579e+02
2.975796056957028100e+02
2.973001827531857089e+02
2.970388393979773127e+02
2.967956360920410930e+02
2.965696859104892837e+02
2.963605666444344706e+02
2.961673620421298665e+02
2.959890200874773996e+02
2.958246379391423488e+02
2.956727539737426582e+02
2.955323009926333384e+02
2.954017044602456394e+02
2.952795841346619454e+02
2.951683165817013901e+02
2.950683717781087125e+02
2.949718152923116463e+02
2.948779177282264072e+02
2.947861338770591715e+02
2.946961339711526193e+02
2.946078733457803196e+02
2.945213135397649467e+02
2.944369900206010584e+02
2.943550433548778642e+02
2.942762344414697964e+02
2.942009644396974863e+02
2.941298807381031111e+02
2.940635939149505020e+02
2.940025855646151172e+02
2.939477034474738844e+02
2.938996265122937643e+02
2.938599833115181355e+02
2.938301879340933738e+02
2.938132696682177425e+02
2.938120924927134752e+02
2.938308618129127581e+02
2.938742454633739953e+02
2.939463961245163546e+02
2.940980113469701109e+02
2.943042205966751226e+02
2.945514489144535446e+02
2.948388352066824041e+02
2.951650785204703311e+02
2.955274213164489083e+02
2.959217670340489690e+02
2.963433888691940297e+02
2.967859190354743646e+02
2.972436977867570818e+02
2.977087776425214543e+02
2.981755461161765197e+02
2.986363732609349313e+02
2.990857021770710276e+02
2.995181673441369412e+02
2.999284357814360078e+02
3.003137014668666893e+02
3.006700616378175255e+02
3.009962861341492157e+02
3.012907784286068136e+02
3.015533666600218794e+02
3.017840646501188075e+02
3.019839355784825443e+02
3.021537516606903182e+02
3.022981778253162588e+02
3.024043021570113865e+02
3.024849296233571181e+02
3.025422266516724221e+02
3.025763231759680707e+02
3.025892277658113585e+02
3.025810299249878881e+02
3.025520808383514009e+02
3.025033224211124434e+02
3.024337138766290423e+02
3.023443947208609757e+02
3.022346065041392080e+02
3.021044367756308588e+02
3.019545060832779768e+02
3.017841244192267709e+02
3.015946536537280167e+02
3.013859657794112081e+02
3.011589029110052138e+02
3.009145836233781210e+02
3.006532776370762576e+02
3.003766624085224066e+02
3.000853943747813446e+02
2.997806567304835426e+02
2.994637905616756370e+02
2.991375358542104550e+02
2.987924880720855185e+02
2.984420926608352715e+02
2.980875240864688180e+02
2.977305592224464021e+02
2.973722589857568437e+02
2.970142159009419061e+02
2.966581256915067115e+02
2.963050315688534511e+02
2.959571144592169958e+02
2.956154287194887615e+02
2.952817917098039402e+02
2.949580522888886662e+02
2.946452105382567197e+02
2.943455725766232263e+02
2.940598426301891664e+02
2.937897871274420254e+02
2.935366547613876378e+02
2.933010888366373479e+02
2.930846819038630429e+02
2.928874512147574478e+02
2.927105463722654122e+02
2.925541490677993011e+02
2.924184670042583321e+02
2.923109937648918049e+02
2.922245393532972457e+02
2.921594712669893283e+02
2.921154858709374480e+02
2.920928318214707247e+02
2.920918839152271289e+02
2.921129479485589400e+02
2.921570123503249192e+02
2.922250003294558383e+02
2.923185052088172711e+02
2.924393969547363668e+02
2.925898814254601916e+02
2.927727867195831095e+02
2.929911083962975908e+02
2.932485705393942226e+02
2.935490907427324032e+02
2.938969088738361961e+02
2.942967362067607837e+02
2.947529920988191634e+02
2.952709891930903723e+02
2.958548748957102248e+02
2.965099027434141021e+02
2.972399932879780522e+02
2.980489841081143823e+02
2.989362005819994010e+02
2.998930064217223617e+02
3.009335256023524039e+02
3.020560382967474311e+02
3.032606287029070131e+02
3.045438276381506739e+02
3.058999876376659017e+02
3.073237951313741405e+02
3.088038516465044268e+02
3.103307394954368874e+02
3.118896983044334092e+02
3.134656335097536157e+02
3.150424740719413421e+02
3.166027704761642099e+02
3.181295220764761211e+02
3.196072056097872860e+02
3.210202470253494198e+02
3.223568335829212401e+02
3.236072195388046566e+02
3.247622511058106625e+02
3.258192267609205715e+02
3.267732355036156378e+02
3.276255561347813341e+02
3.283776854849566575e+02
3.290364986214623286e+02
3.296053459961038357e+02
3.300871772274056184e+02
3.304896780938059351e+02
3.308187836609699843e+02
3.310812298680770596e+02
3.312848494122879401e+02
3.314355362795519113e+02
3.315410793967194536e+02
3.316072865713179567e+02
3.316404054239763468e+02
3.316459936581214833e+02
3.316289384034988075e+02
3.315939296421196332e+02
3.315447695084999395e+02
3.314849868180847352e+02
3.314174493173819087e+02
3.313447452592387208e+02
3.312688527703492127e+02
3.311916862839194664e+02
3.311145931289202622e+02
3.310390237043623074e+02
3.309661044583810394e+02
3.308969968108094690e+02
3.308252594654811674e+02
3.307718798894918564e+02
3.307260580323592762e+02
3.306890379937993885e+02
3.306627548971122224e+02
3.306488367968035504e+02
3.306490388234894340e+02
3.306653397238081880e+02
3.306989882618336196e+02
3.307518032011062132e+02
3.308244906096639966e+02
3.309179513173867235e+02
3.310323363888406334e+02
3.311672355384630464e+02
3.313220631913215470e+02
3.314953011517688424e+02
3.316854497728495517e+02
3.318903293199575160e+02
3.321078194763438773e+02
3.323355726045149368e+02
3.325715412379531131e+02
3.328137976950991970e+02
3.330610014464019173e+02
3.333123788117028994e+02
3.335568757752138254e+02
3.338228024400833078e+02
3.340958661039613276e+02
3.343788580596631732e+02
3.346759349744905876e+02
3.349919238550603495e+02
3.353333092468650420e+02
3.357078897819139911e+02
3.361241685947096016e+02
3.365939727435720101e+02
3.371284486177081021e+02
3.377433416361059244e+02
3.384546688869570517e+02
3.392805867758160616e+02
3.402442007075389370e+02
3.413657276712911539e+02
3.426734389429744283e+02
3.441930204013081607e+02
3.459507610942544602e+02
3.479795345326940605e+02
3.503018119905165122e+02
3.529436557672703429e+02
3.559244340318199988e+02
3.592295395931024018e+02
3.627868779764209535e+02
3.666172869513367800e+02
3.705208083715355656e+02
3.743548204690254693e+02
3.779689735194090190e+02
3.812454870934433302e+02
3.841115642349895438e+02
3.865076835335628971e+02
3.884165637936586677e+02
3.898188308117948395e+02
3.907151052236565079e+02
3.911312498566657041e+02
3.910969355033982993e+02
3.906702989221672624e+02
3.899079159886001662e+02
3.888690891306383151e+02
3.876125334036273102e+02
3.861845614465050289e+02
3.846284617543800550e+02
3.829761342921413529e+02
3.812552614321767237e+02
3.794865752763637374e+02
3.776866792297605571e+02
3.758681765374352608e+02
3.740682950966395879e+02
3.722660532326779617e+02
3.704652963896944584e+02
3.686695358302969225e+02
3.668811785850336378e+02
3.651013473463718242e+02
3.633310180571535852e+02
3.615704280736873102e+02
3.598194792132158568e+02
3.580787237131308416e+02
3.563474014821099445e+02
3.546264267082746073e+02
3.529155154794536315e+02
3.512151932063616755e+02
3.495265224353955205e+02
3.478493593148800187e+02
3.461854411019456279e+02
3.445348607836754695e+02
3.428988938511150195e+02
3.412786470963089300e+02
3.396744686461808556e+02
3.380878765782935034e+02
3.365191023277410522e+02
3.349692363025548048e+02
3.334655451614253820e+02
3.319915443869705882e+02
3.305382592172049954e+02
3.291059459928426350e+02
3.276956734166789147e+02
3.263082284878379369e+02
3.249443874674353765e+02
3.236056285619886239e+02
3.222927283336718460e+02
3.210076421258152664e+02
3.197517189682953358e+02
3.185270742098586538e+02
3.173361489353570164e+02
3.161811127947025284e+02
3.150657001324766497e+02
3.139925819691054585e+02
3.129663697099638853e+02
3.119911731042989231e+02
3.110718993812215558e+02
3.102148229631729919e+02
3.094250542037340779e+02
3.087107691459882517e+02
3.080782368391807040e+02
3.075361705090458031e+02
3.071089310045452976e+02
3.067969982613060438e+02
3.065980579739259611e+02
3.065172162021363533e+02
3.065625293989422744e+02
3.067374410847597801e+02
3.070438830891298494e+02
3.074825173893357260e+02
3.080473186959697500e+02
3.087322386735895634e+02
3.095249618642163227e+02
3.104096588122319531e+02
3.113688031151392011e+02
3.123798555532184764e+02
3.134197893067545237e+02
3.144655503818376019e+02
3.154907698665936664e+02
3.164754787218004140e+02
3.173977853939584293e+02
3.182402090476426793e+02
3.189907729534760392e+02
3.196369087054765146e+02
3.201749362424670267e+02
3.206009092305496324e+02
3.208816658659344512e+02
3.210512774636844711e+02
3.211174058118052699e+02
3.210894913224688025e+02
3.209759271918870809e+02
3.207862722657910695e+02
3.205309657413681634e+02
3.202186202831371133e+02
3.198590975093221687e+02
3.194605022199485234e+02
3.190304760976110288e+02
3.185763195870250115e+02
3.181036858848100337e+02
3.176182274493483533e+02
3.171243554439971604e+02
3.166257296317285750e+02
3.161258771422650966e+02
3.156269751262066734e+02
3.151315447679722865e+02
3.146411823190988457e+02
3.141572799740483788e+02
3.136815457609968121e+02
3.132146696487968711e+02
3.127584946798316423e+02
3.123036859442025843e+02
3.118849908974921163e+02
3.114815958211437987e+02
3.110947350100116751e+02
3.107274892069161183e+02
3.103819775738998032e+02
3.100620358850645175e+02
3.097727308925811371e+02
3.095203860750571039e+02
3.093168614534370136e+02
3.091783956351700908e+02
3.091348086762901630e+02
3.092331256097240839e+02
3.095516010746561051e+02
3.102214899861535287e+02
3.114312728605253824e+02
3.134840244852672413e+02
3.167273936330637980e+02
3.215605204251394866e+02
3.282517008467866617e+02
3.367273147181643367e+02
3.465735376263356216e+02
3.570269110524653797e+02
3.671768864816900191e+02
3.762175465954901483e+02
3.839080189005204602e+02
3.899270912857653570e+02
3.944313087537361184e+02
3.976198372775472194e+02
3.997417019356578294e+02
4.010071485491258727e+02
4.015444855973913718e+02
4.014742934516488049e+02
4.008952683833707624e+02
3.998926560138219202e+02
3.985736578912664072e+02
3.970109713574133252e+02
3.952783347286752473e+02
3.934275833037372081e+02
3.914950365204626337e+02
3.895106839032620201e+02
3.874909715995699457e+02
3.854497666264309146e+02
3.833949681150502897e+02
3.813318928177378666e+02
3.792641968380054891e+02
3.771940921195535452e+02
3.751232237141642258e+02
3.730214612917661725e+02
3.709261131586558804e+02
3.688309731579073514e+02
3.667378085828938197e+02
3.646480633923176242e+02
3.625634843936252310e+02
3.604860319475916413e+02
3.584173601440335801e+02
3.563597319899541844e+02
3.543151983721945726e+02
3.522858505956037334e+02
3.502739877953639507e+02
3.482817413082935332e+02
3.463112897809129436e+02
3.443653175631105228e+02
3.424457000604205632e+02
3.405554472262417676e+02
3.386967882107633159e+02
3.368724278954924785e+02
3.350857344969666656e+02
3.333390420033547343e+02
3.316367926669749977e+02
3.299820355317262397e+02
3.283796306171438459e+02
3.268347457914453003e+02
3.253357102772184817e+02
3.239142761704068789e+02
3.225802188318822346e+02
3.213517951600632614e+02
3.202519256148873978e+02
3.193195052087343697e+02
3.186134318489750399e+02
3.182209973342460216e+02
3.182830585169483015e+02
3.189632988344076807e+02
3.204884111273125313e+02
3.230173156097582137e+02
3.266232241124263282e+02
3.312174797785881424e+02
3.364885770139339343e+02
3.420337324240276757e+02
3.474821903397002529e+02
3.525291894258930938e+02
3.570599752395741575e+02
3.610202190236877868e+02
3.643800687795643398e+02
3.671761031075134838e+02
3.694061918562355231e+02
3.709660789339664007e+02
3.721789744960187249e+02
3.729163423916829174e+02
3.732595065662711136e+02
3.732702817378329883e+02
3.730061398379876891e+02
3.725246290919600938e+02
3.718592432538429193e+02
3.710469808834349692e+02
3.701109749252648271e+02
3.690686197338553143e+02
3.679377737036485314e+02
3.667281990354153436e+02
3.654519278080709910e+02
3.641186305554216460e+02
3.627350921400603738e+02
3.613114438780265232e+02
3.598531474501550065e+02
3.583681802754672390e+02
3.568632073379044982e+02
3.553431833841438561e+02
3.538153182473034235e+02
3.522832621543629443e+02
3.507528259417829304e+02
3.491679213568628484e+02
3.476791849332437323e+02
3.462034708435820676e+02
3.447426766017265436e+02
3.433004815943178301e+02
3.418787846228386229e+02
3.404794950635055102e+02
3.391049288807481616e+02
3.377556109550617407e+02
3.364336275204195204e+02
3.351392263603592028e+02
3.338733327256218217e+02
3.326365771640915341e+02
3.314286235345826412e+02
3.302502515445082736e+02
3.291006516849613490e+02
3.279800021114352830e+02
3.268878205957299201e+02
3.258233995153080969e+02
3.247867402172274751e+02
3.237768867413640237e+02
3.227939828143711907e+02
3.218378699499534150e+02
3.209088483192090848e+02
3.199903458986394185e+02
3.191312106350963518e+02
3.183017032451177784e+02
3.175065618863973782e+02
3.167534402461683953e+02
3.160540031524188862e+02
3.160534028976194350e+02
3.155421979566680193e+02
3.150169009309687453e+02
3.146193553044071223e+02
3.143943721475191637e+02
3.143951835214277253e+02
3.147010122321082122e+02
3.153908403832949148e+02
3.165673431749714268e+02
3.183221552608274578e+02
3.207179647378790150e+02
3.237843231100404751e+02
3.274484109408414270e+02
3.315866208666386115e+02
3.359840121618597664e+02
3.404319863206088144e+02
3.446946614721618403e+02
3.486292003680057405e+02
3.521076683849154279e+02
3.550465966470372337e+02
3.574364229130503077e+02
3.592993967301786711e+02
3.606687019541028576e+02
3.615890026043504122e+02
3.621144352814955596e+02
3.622800473394679557e+02
3.621336546159649856e+02
3.617022947930905730e+02
3.610292727513107707e+02
3.601425056716725521e+02
3.590806070249722097e+02
3.578738979270038953e+02
3.565498554710997610e+02
3.551359087601680926e+02
3.536493485119439697e+02
3.521107135642405410e+02
3.505321996005459937e+02
3.489268461744745196e+02
3.473049109489751913e+02
3.456743795709430174e+02
3.440444052681988865e+02
3.424210155455170366e+02
3.407965512221832114e+02
3.392154450010377218e+02
3.376605042748170717e+02
3.361388843168168137e+02
3.346589389132007000e+02
3.332304958330915383e+02
3.318637421431364487e+02
3.305740735144119640e+02
3.293761464182747432e+02
3.282943440249586615e+02
3.273549372607392343e+02
3.265946685488716525e+02
3.260652906236639978e+02
3.258221734867902342e+02
3.259565627260440692e+02
3.265557106360802777e+02
3.277427235007238551e+02
3.296421473895073859e+02
3.323468285862092557e+02
3.359449656059543941e+02
3.403851502071534014e+02
3.455453131643808433e+02
3.511627973420702347e+02
3.569100644584572137e+02
3.623437251533674726e+02
3.671579672276677684e+02
3.713252096252760452e+02
3.748489054698419523e+02
3.777718369791330133e+02
3.801676680791508147e+02
3.821516623274602011e+02
3.837965780615598419e+02
3.851981150731103867e+02
3.864183664363479807e+02
3.874963410024861332e+02
3.884560227801188148e+02
3.892900451313041685e+02
3.899851533894771478e+02
3.905149071631776110e+02
3.908619039312330870e+02
3.910069854735401691e+02
3.909565570146043569e+02
3.907153461015523135e+02
3.903063782117117739e+02
3.897509045529706668e+02
3.890705775845112271e+02
3.882892094315060376e+02
3.874212807938964147e+02
3.865186682897957553e+02
3.855583514903281070e+02
3.845638997728765389e+02
3.835410261005439452e+02
3.824930727405244397e+02
3.814255171761325869e+02
3.803409784388049957e+02
3.792436163316844500e+02
3.781362709691388773e+02
3.770215522219010040e+02
3.759025046626678659e+02
3.747807230044179505e+02
3.736590089087711704e+02
3.725386587332125714e+02
3.714216356140598805e+02
3.703094106015155944e+02
3.692029294603569838e+02
3.681038217131551846e+02
3.670124181213730594e+02
3.659299727652165757e+02
3.648568047837584913e+02
3.637933403895750644e+02
3.627401250800037360e+02
3.616968772945108412e+02
3.606599787368021452e+02
3.596689917361148332e+02
3.586856447426935119e+02
3.577095079879833293e+02
3.567399603041734508e+02
3.557767263076141830e+02
3.548189998071277955e+02
3.538664496606076000e+02
3.529184005963826962e+02
3.519744097179922164e+02
3.510340527028329234e+02
3.500968989271578948e+02
3.491628045482686957e+02
3.482315403168876742e+02
3.473032577042565663e+02
3.463780470087274921e+02
3.454563467810539237e+02
3.445386577520120568e+02
3.436256927862708608e+02
3.427183722960983800e+02
3.418176030241324383e+02
3.409246513452372938e+02
3.400406032995427950e+02
3.391668688958377516e+02
3.382879369035166519e+02
3.374671225421271288e+02
3.366603979354269427e+02
3.358685634558539732e+02
3.350928041637910155e+02
3.343335776852227355e+02
3.335913579657436685e+02
3.328664965282603134e+02
3.321585490046294353e+02
3.314675701161820029e+02
3.307925075052446005e+02
3.301325120074089909e+02
3.294865071155665532e+02
3.288526210413360786e+02
3.282296565072159069e+02
3.276153467843007547e+02
3.270078590620426553e+02
3.264052849259407481e+02
3.258051352845775455e+02
3.252058276365759184e+02
3.246050255027368507e+02
3.240009473811414296e+02
3.233920648989029019e+02
3.227764450096871087e+02
3.221463948408671172e+02
3.215477987361605869e+02
3.209365007258961100e+02
3.203123372663544046e+02
3.196746693803306698e+02
3.190240384356177969e+02
3.183604468146210706e+02
3.176844208682751400e+02
3.169969124861542582e+02
3.162983874428642821e+02
3.155903516610393353e+02
3.148736545415866885e+02
3.141497410545136404e+02
3.134200054084608951e+02
3.126857473800158687e+02
3.119486768247457462e+02
3.112102450841774726e+02
3.104721080480969704e+02
3.097358674381593460e+02
3.090032446525013370e+02
3.082758576689423649e+02
3.075556569640752400e+02
3.068442898831602292e+02
3.061438556809559941e+02
3.054532346937960483e+02
3.047940781689213736e+02
3.041519469378275744e+02
3.035290813822226141e+02
3.029293244748473057e+02
3.023559024889773923e+02
3.018127462957708644e+02
3.013051281284636502e+02
3.008370052913217592e+02
3.004157876528605016e+02
3.000465509282545895e+02
2.997373044935029043e+02
2.994960741912439062e+02
2.993298961404205443e+02
2.992496668202304591e+02
2.992612995950274808e+02
2.993751382732439765e+02
2.995969396722146598e+02
2.999315047738956537e+02
3.003834093664847842e+02
3.009494010903334811e+02
3.016282795188802766e+02
3.024099657964355288e+02
3.032840545568874404e+02
3.042210251029329697e+02
3.052284595243426111e+02
3.062781097131033903e+02
3.073523390877971906e+02
3.084322032764320625e+02
3.095006147951097546e+02
3.105422726657732255e+02
3.115414494440331623e+02
3.124882322481772690e+02
3.133705082470788739e+02
3.141819181526361717e+02
3.149160402253960456e+02
3.155681757584046636e+02
3.161374981749560220e+02
3.166212252420515938e+02
3.170219058134696866e+02
3.173396623796526228e+02
3.175782783414546770e+02
3.177413472235016911e+02
3.178328334035322769e+02
3.178586138149976250e+02
3.178227879723559681e+02
3.177316728929201872e+02
3.175899551278085937e+02
3.173635390524580657e+02
3.171077653975421526e+02
3.168190699414482765e+02
3.165013136735431090e+02
3.161569761186960932e+02
3.157890719693272104e+02
3.153998259465553247e+02
3.149913322498970842e+02
3.145655095953820251e+02
3.141238188817001742e+02
3.136677861691140379e+02
3.131985248066420127e+02
3.127172210845434392e+02
3.122248507758901610e+02
3.117223865131680896e+02
3.112107452566858683e+02
3.106908549434419342e+02
3.101636489913587411e+02
3.096300983150254638e+02
3.090912354807011297e+02
3.085480553483253061e+02
3.080017356215698214e+02
3.074533320331823347e+02
3.069040766205359319e+02
3.063418101467336214e+02
3.058107812638171481e+02
3.052825866527199423e+02
3.047582075885446784e+02
3.042391418398287897e+02
3.037264169460326002e+02
3.032211849423701437e+02
3.027247065997286199e+02
3.022376670318760716e+02
3.017613708134876447e+02
3.012963295625991691e+02
3.008434214771331767e+02
3.004033354371527480e+02
2.999762901019286687e+02
2.995630859759413624e+02
2.991635616863554787e+02
2.987781718508647373e+02
2.984068522239109598e+02
2.980493867302906210e+02
2.977059009327522858e+02
2.973757384613176100e+02
2.970588774649949642e+02
2.967547011963288810e+02
2.964627651380084217e+02
2.961752020077693714e+02
2.959016300041191130e+02
2.956382055363812356e+02
2.953842623235665314e+02
2.951395017584238190e+02
2.949035942413044040e+02
2.946762400300327727e+02
2.944574697069902527e+02
2.942471922679567911e+02
2.940457599979616816e+02
2.938534851782213195e+02
2.936710215202850804e+02
2.934992492595632143e+02
2.933391483953211036e+02
2.931922977185234913e+02
2.930602147601560432e+02
2.929451066978015206e+02
2.928494923116572863e+02
2.927760673409568426e+02
2.927287116643074683e+02
2.927111136747524824e+02
2.927284094943395303e+02
2.927865788506760509e+02
2.928918428390525150e+02
2.930512551915227846e+02
2.932864959730428041e+02
2.935957939495275468e+02
2.939927514071496830e+02
2.944930821290339509e+02
2.951203436378917786e+02
2.958943366047132599e+02
2.968488203992739045e+02
2.980128077724021409e+02
2.994235734962956599e+02
3.011224948430174777e+02
3.031376135956078883e+02
3.055087513383885494e+02
3.082368641940028056e+02
3.113228899647750723e+02
3.147217302888279278e+02
3.183689746784710906e+02
3.221645399926027835e+02
3.260015141011614901e+02
3.297644096436083601e+02
3.333546495698494709e+02
3.366999798627107907e+02
3.397360467763404017e+02
3.424437924367887263e+02
3.447756629923505898e+02
3.467125879338805134e+02
3.483037624861406130e+02
3.495663095315476880e+02
3.505165967792909782e+02
3.511768878166603827e+02
3.515767934727565489e+02
3.517401552527434205e+02
3.517015196635285861e+02
3.514846967635876922e+02
3.511200166559968352e+02
3.506301262566607306e+02
3.500375313850540806e+02
3.493625873103869708e+02
3.486205921770538794e+02
3.478286032594600670e+02
3.469975213345457519e+02
3.461404441580767184e+02
3.452663656066343947e+02
3.443846008194082060e+02
3.435039033805103372e+02
3.426313991233452043e+02
3.417758770551450880e+02
3.409446217898897658e+02
3.401623949880983560e+02
3.394326174752814040e+02
3.387653279390480066e+02
3.381759593419789098e+02
3.376836525046471138e+02
3.373070492237808367e+02
3.370704927439464313e+02
3.369934183909969647e+02
3.370943512480878894e+02
3.373874872475798838e+02
3.378718954057138717e+02
3.385438103968895689e+02
3.393807132163827873e+02
3.403525929535388741e+02
3.414253621460973136e+02
3.425566245923564566e+02
3.437062841585669730e+02
3.448420844768042457e+02
3.459318533654883367e+02
3.469643430414333238e+02
3.479332579191950003e+02
3.488423193448743973e+02
3.497097232189650526e+02
3.505479249449984422e+02
3.513938793025569112e+02
3.523774362734098418e+02
3.533926279268506505e+02
3.544551953613606088e+02
3.555789129176217784e+02
3.567793385018102867e+02
3.580731041623619717e+02
3.594842452735143183e+02
3.610537211668675468e+02
3.628342500512292759e+02
3.648863474602393921e+02
3.672796565759019245e+02
3.700259469137186557e+02
3.731073604022239465e+02
3.764500304807876319e+02
3.799861524215118038e+02
3.837614893778025476e+02
3.879052603245954742e+02
3.925714937512771598e+02
3.978190646697148622e+02
4.034563447754961203e+02
4.091771010279841789e+02
4.147188174354017747e+02
4.199495259221523042e+02
4.247648096705014495e+02
4.294324402618490808e+02
4.337576659050884018e+02
4.376742684755170103e+02
4.410972955157743058e+02
4.440367250577698428e+02
4.465546003428135009e+02
4.486896153523491080e+02
4.504947293142145668e+02
4.519309656277334284e+02
4.529372004203579536e+02
4.534672138895668922e+02
4.534886574887009942e+02
4.530332554031629115e+02
4.521621325032644449e+02
4.509433766333806375e+02
4.494649236354456434e+02
4.477909957533385636e+02
4.459827288145386888e+02
4.440857293235395105e+02
4.421343348090567815e+02
4.401551460350692082e+02
4.381686036481534643e+02
4.361881901919940105e+02
4.341759981967065869e+02
4.321604323027383998e+02
4.301699633885680782e+02
4.282087779170725526e+02
4.262762465907827618e+02
4.243732529736200263e+02
4.224962962387155017e+02
4.206414718196201079e+02
4.188043429962871755e+02
4.169783465420025550e+02
4.151574521166282352e+02
4.133356191311955286e+02
4.115061321391642082e+02
4.096642448491941195e+02
4.078053338682648246e+02
4.059248551282746007e+02
4.040214375948738166e+02
4.020917314517075738e+02
4.001364276924057322e+02
3.981558993295938649e+02
3.961509095369054876e+02
3.941255300175708953e+02
3.920812250608825025e+02
3.900233164404855870e+02
3.879532030644266456e+02
3.858456823006653735e+02
3.837434619057387977e+02
3.816487647845823403e+02
3.795655714306660116e+02
3.774960483203128092e+02
3.754427206219411914e+02
3.734080077351858904e+02
3.713932313550263871e+02
3.694005205770396856e+02
3.674309631701441958e+02
3.654857863105773390e+02
3.635663034658657011e+02
3.616729606007694997e+02
3.598070405425216336e+02
3.579688638056010177e+02
3.561591335020380598e+02
3.543785446546884828e+02
3.526271463825229375e+02
3.509058130625803642e+02
3.492143654774906736e+02
3.475533445901771756e+02
3.459228753966890508e+02
3.443228497332935945e+02
3.427660519863037507e+02
3.412464011862149391e+02
3.397585278593736007e+02
3.383016951958765617e+02
3.368755028557685023e+02
3.354795584399633412e+02
3.341128137027618550e+02
3.327751440573952095e+02
3.314652759290246422e+02
3.301828586813562083e+02
3.289270045263938869e+02
3.276967842360377858e+02
3.264919489624231801e+02
3.253111698751126255e+02
3.241544724149531476e+02
3.230208088206025536e+02
3.219098507238519460e+02
3.208213648757665055e+02
3.197545625009850028e+02
3.187098607476438019e+02
3.176864997175486565e+02
3.166848705359464020e+02
3.157048723139670301e+02
3.147464657098719272e+02
3.138155192983835491e+02
3.128979609966525572e+02
3.120036051835463127e+02
3.111323632811492530e+02
3.102848992791303431e+02
3.094618262937660234e+02
3.086633969797760528e+02
3.078908110163148422e+02
3.071442305264745301e+02
3.064249093166863531e+02
3.057335053647751693e+02
3.050709771635499692e+02
3.044386270531800847e+02
3.038371027749929567e+02
3.032681201638112611e+02
3.027324332747734843e+02
3.022316259289127629e+02
3.017669181247927099e+02
3.013393168195014482e+02
3.009504302472827248e+02
3.006008351873620654e+02
3.002919369459463041e+02
3.000242424106348835e+02
2.997983269600039762e+02
2.996166041482218247e+02
2.994712994216330344e+02
2.993687210993381882e+02
2.993088653256595535e+02
2.992926487740521679e+02
2.993203982813992639e+02
2.993932854378772959e+02
2.995125541059345551e+02
2.996795460910898896e+02
2.998969144836551095e+02
3.001658801909986778e+02
3.004897823894736462e+02
3.008701193799345788e+02
3.013086470980325089e+02
3.018078616633974320e+02
3.023676711053464032e+02
3.029909657663333178e+02
3.036799213590837780e+02
3.044385531855213571e+02
3.052783144777820326e+02
3.062152523828083304e+02
3.072844639798801722e+02
3.085412902626862319e+02
3.100840791465140001e+02
3.120147317449257116e+02
3.145435284014267836e+02
3.176975124088534130e+02
3.214939258970119909e+02
3.260504077806393752e+02
3.317520151959716372e+02
3.392493306182338415e+02
3.492718688394285778e+02
3.616574567010364945e+02
3.752880835969561986e+02
3.883430640405501890e+02
3.995933709450650895e+02
4.086093677012611352e+02
4.154551996629462565e+02
4.203400691338528645e+02
4.238799593216283483e+02
4.265673796121765236e+02
4.288268505096825720e+02
4.308116519065642365e+02
4.325067531270273662e+02
4.338259329299083333e+02
4.346983229955915817e+02
4.351158305983558421e+02
4.351529648840801769e+02
4.346439643251084135e+02
4.339255774471137102e+02
4.330595630395487774e+02
4.321010276248185846e+02
4.310879947039047693e+02
4.300457494470626898e+02
4.289922942802808166e+02
4.279334585821958399e+02
4.268711637274770396e+02
4.257946993701193605e+02
4.246927891847376486e+02
4.235500582988771612e+02
4.223566615519795278e+02
4.211073847208434699e+02
4.198055183172677403e+02
4.189582023059322751e+02
4.183040568811819639e+02
4.169091530549036975e+02
4.154906391176671150e+02
4.140554868405698130e+02
4.126077475844850824e+02
4.111485256103695178e+02
4.096779284479710554e+02
4.081937001346166198e+02
4.066500105490363239e+02
4.050633349617025942e+02
4.034579912187546142e+02
4.018334477736335089e+02
4.001915307088563623e+02
3.985347002122987874e+02
3.968658605609002734e+02
3.951896060447658670e+02
3.935088800010793761e+02
3.918285050703643719e+02
3.901515922870822237e+02
3.884814538710992338e+02
3.868213565347415397e+02
3.851730850025079462e+02
3.835394600943928367e+02
3.819216353918557729e+02
3.803211845595365048e+02
3.787394346929602307e+02
3.771767231215557103e+02
3.756343576623494300e+02
3.741122406422485938e+02
3.726109719412968388e+02
3.711308749580476842e+02
3.696715539692376638e+02
3.681777092382133105e+02
3.666944178670817678e+02
3.652327387348134380e+02
3.637920711737129977e+02
3.623721671041138279e+02
3.609730527152865989e+02
3.595939949539698546e+02
3.582351303681464856e+02
3.568959136012040290e+02
3.555762237893318911e+02
3.542759276373157604e+02
3.529945726568391819e+02
3.517323234772915157e+02
3.504886543488250368e+02
3.492637282148369877e+02
3.480572858852721083e+02
3.468692517299955966e+02
3.456997035189338590e+02
3.445483025293942205e+02
3.434153006425615899e+02
3.423003279631371925e+02
3.412034939794881439e+02
3.401246129727354059e+02
3.390634014377119456e+02
3.379690651297752311e+02
3.369055548539176357e+02
3.358590193008460005e+02
3.348288161648743539e+02
3.338146376131194870e+02
3.328159401050069164e+02
3.318319935905699367e+02
3.308624467083195100e+02
3.299062944697396915e+02
3.289632091802385503e+02
3.280322806726995850e+02
3.271129540268674987e+02
3.262047835753484151e+02
3.253068994127650058e+02
3.244192877585559245e+02
3.235411018986855538e+02
3.226723615772084486e+02
3.218127607131224295e+02
3.209619928952093346e+02
3.201203251901069393e+02
3.192873776469257905e+02
3.184635354174844792e+02
3.176488275787264115e+02
3.168434028897526105e+02
3.160399563257047930e+02
3.152160505336070173e+02
3.144067136260275674e+02
3.136122546166870393e+02
3.128334332919062604e+02
3.120709830999049359e+02
3.113254684725332595e+02
3.105980313840861413e+02
3.098892731300567220e+02
3.092004892491463579e+02
3.085326794507826094e+02
3.078870739299896968e+02
3.072653693944060933e+02
3.066687853613257175e+02
3.060995503657936752e+02
3.055595227876044078e+02
3.050513065741370724e+02
3.045780994118680383e+02
3.041430037811862235e+02
3.037508670611539969e+02
3.034063623234694660e+02
3.031161258107830463e+02
3.028877673607876773e+02
3.027299747901142268e+02
3.026558329490171673e+02
3.026665363216853279e+02
3.027902733033002960e+02
3.030448807203933370e+02
3.034494857081267014e+02
3.040245160765977062e+02
3.047872344529226893e+02
3.057547470076217451e+02
3.069361986274072933e+02
3.083354199124414663e+02
3.099463803699342179e+02
3.117501447963859391e+02
3.137226926707083976e+02
3.158228019588647726e+02
3.180111514096351470e+02
3.202365438721201372e+02
3.224513246746678874e+02
3.246100409444963475e+02
3.266677393548505393e+02
3.285901082232752515e+02
3.303447173763552200e+02
3.319089864149472646e+02
3.332645806826020021e+02
3.344037120789384403e+02
3.353450002921413784e+02
3.360750637340840399e+02
3.365848357608168158e+02
3.368862131008861525e+02
3.369911225797135330e+02
3.369123372336317743e+02
3.366694048151348397e+02
3.362755153800014796e+02
3.357523313962389011e+02
3.351155731672541265e+02
3.343853001106449483e+02
3.335808789678373500e+02
3.327215809804633864e+02
3.318303339948728308e+02
3.309294168673750960e+02
3.300464928057091925e+02
3.292115108669480037e+02
3.284622099153251611e+02
3.278419237736028435e+02
3.274080699320382450e+02
3.272266540541455129e+02
3.273828481986674319e+02
3.279806927209701826e+02
3.291343591308017835e+02
3.311087553665827272e+02
3.340467504582719585e+02
3.381044986866822910e+02
3.433682448484461815e+02
3.497858879361529034e+02
3.571427358790889457e+02
3.650080344480311396e+02
3.728856728293434912e+02
3.802891702512790175e+02
3.869012843087610918e+02
3.925432384849945606e+02
3.972418111625036090e+02
4.010521489561233466e+02
4.041259137732543536e+02
4.065753899211626390e+02
4.085272043611782919e+02
4.100754366490101575e+02
4.112999895856252124e+02
4.122663740367956962e+02
4.130207846069447442e+02
4.136068854102942964e+02
4.140517746537415746e+02
4.143827727681075430e+02
4.146188450527280338e+02
4.147939758517898099e+02
4.148500229067691407e+02
4.148457072665625560e+02
4.147924018170125464e+02
4.146967717397096749e+02
4.145642558415978556e+02
4.144007961505528783e+02
4.142064614765554893e+02
4.139849891667433894e+02
4.137336021319982819e+02
4.134519755410713060e+02
4.131364511035855003e+02
4.127824343686308453e+02
4.123864893780115040e+02
4.119415619225256933e+02
4.114454002716896639e+02
4.108911266421725372e+02
4.102778695471153014e+02
4.096018514735645795e+02
4.088624981373451419e+02
4.080608147905776377e+02
4.071957522586905611e+02
4.062716499512629866e+02
4.052882218805316370e+02
4.042128283027989255e+02
4.031354674015200885e+02
4.020036111553411047e+02
4.008208690905782987e+02
3.995877337595629797e+02
3.983080313861069612e+02
3.969832032836684448e+02
3.956155330048898122e+02
3.942078869706517708e+02
3.927614760029737795e+02
3.912794559501975868e+02
3.897634345255619337e+02
3.882158063327284481e+02
3.866391240199599224e+02
3.850352083262029623e+02
3.834069278593973991e+02
3.817563440325629358e+02
3.800859682776356294e+02
3.783983957109990115e+02
3.766958089387110817e+02
3.749808923670485115e+02
3.732559336183968526e+02
3.715232973993475980e+02
3.697854455043100756e+02
3.680112624253511626e+02
3.663000185405606430e+02
3.645882898032744492e+02
3.628779801490314867e+02
3.611713007565253406e+02
3.594698782910504065e+02
3.577755220608172522e+02
3.560899350936796282e+02
3.544143544369924825e+02
3.527505530144237582e+02
3.510994910184719515e+02
3.494625497012202118e+02
3.478408954826804234e+02
3.462352584230280286e+02
3.446470748149872634e+02
3.430767464983917421e+02
3.415254887987233587e+02
3.399939779635736841e+02
3.384828173272812819e+02
3.369932061722524281e+02
3.355253990854528183e+02
3.340807457728315057e+02
3.326599260293031648e+02
3.312640282596869952e+02
3.298749223014579002e+02
3.285414422838044857e+02
3.272359532096143084e+02
3.259607493914564316e+02
3.247199772061421186e+02
3.235189910341119344e+02
3.223637092740705157e+02
3.212648069391654531e+02
3.202325247431929824e+02
3.192847183166193759e+02
3.184417135061697195e+02
3.177298388010169106e+02
3.171874725303350715e+02
3.168514927864251263e+02
3.167806073919415439e+02
3.170245248131425910e+02
3.176453041481420314e+02
3.186962446470434998e+02
3.202020671253390560e+02
3.221784785810366998e+02
3.245759283968148452e+02
3.273282519955380963e+02
3.303252485639577571e+02
3.334602756706343030e+02
3.365538194591856040e+02
3.396813460349464435e+02
3.426974880263031196e+02
3.455459593630156974e+02
3.481666758569502917e+02
3.504864572855600500e+02
3.524538249019967111e+02
3.540059438374474325e+02
3.551245710129761619e+02
3.557993858364299058e+02
3.560682938938913367e+02
3.559687623121427578e+02
3.555632878208774628e+02
3.549069066509683239e+02
3.540509074822657567e+02
3.530435746167419211e+02
3.519191498247346317e+02
3.507113483395455660e+02
3.494424402759503892e+02
3.481323556452564389e+02
3.467954153745396297e+02
3.454427998694499706e+02
3.440837569662755868e+02
3.427243472917448344e+02
3.413448115816865993e+02
3.400314841744927321e+02
3.387261850650299380e+02
3.374309479037295318e+02
3.361476339441913410e+02
3.348778761246851445e+02
3.336222649616565832e+02
3.323821553297494802e+02
3.311575403009562706e+02
3.299492636493673103e+02
3.287574431772926005e+02
3.275823137603687201e+02
3.264243049955728111e+02
3.252831752858439813e+02
3.241595837404199187e+02
3.230532479205839991e+02
3.219647214871590108e+02
3.208940832389414481e+02
3.198414779440369671e+02
3.188075323226925093e+02
3.177920888331760807e+02
3.167959889513212488e+02
3.158192765525682830e+02
3.148624549573053741e+02
3.139118669134744550e+02
3.130242671699459152e+02
3.121567456931263678e+02
3.113092385491478353e+02
3.104826511864241070e+02
3.096772539623032685e+02
3.088932063533701466e+02
3.081312705349220096e+02
3.073910202503332130e+02
3.066732358112120664e+02
3.059775308196122978e+02
3.053040052010461523e+02
3.046527555266507648e+02
3.040231492380149803e+02
3.034155271519916255e+02
3.028290462342067144e+02
3.022636487766613413e+02
3.017188610181796093e+02
3.011940027495408572e+02
3.006889748396848745e+02
3.002027367474042308e+02
2.997351869226728809e+02
2.992854569223388239e+02
2.988530721107635486e+02
2.984342475060518041e+02
2.980498606328931146e+02
2.976794323366154913e+02
2.973221638325792355e+02
2.969779857804875292e+02
2.966463589760297737e+02
2.963270169925916662e+02
2.960198271948599995e+02
2.957243102690802630e+02
2.954406214941418511e+02
2.951683180887724234e+02
2.949075439548284407e+02
2.946581459719548661e+02
2.944200503172177150e+02
2.941934683674045914e+02
2.939781196990197145e+02
2.937744151032977697e+02
2.935820932695103807e+02
2.934013784816292514e+02
2.932323295792923545e+02
2.930748081120744359e+02
2.929292263070940976e+02
2.927952933541721450e+02
2.926733818488903580e+02
2.925583280404638344e+02
2.924644042331085529e+02
2.923827978102569887e+02
2.923138727980485783e+02
2.922586428484626140e+02
2.922182096346407434e+02
2.921938438864601153e+02
2.921877526688800799e+02
2.922021614758089072e+02
2.922407919867310397e+02
2.923091079416828393e+02
2.924152624896773887e+02
2.925762873482058808e+02
2.928206972815842732e+02
2.932093645110807074e+02
2.938654315693746071e+02
2.950023466710991329e+02
2.970508466667216112e+02
3.004342447453471436e+02
3.053608311742713113e+02
3.110285377288365112e+02
3.160962293223420261e+02
3.198093998911506333e+02
3.225386428116327693e+02
3.248240873385140048e+02
3.271544003778609522e+02
3.296084813802348208e+02
3.318825660451399813e+02
3.337423191758128382e+02
3.352710543889625683e+02
3.367930114250853535e+02
3.386450856332893977e+02
3.411230196009368569e+02
3.445157899394412766e+02
3.490023138228229982e+02
3.546104016665314589e+02
3.607912190577721958e+02
3.667026234854359927e+02
3.717589426525428848e+02
3.760444506568160250e+02
3.800766670894821573e+02
3.847106306338251329e+02
3.906551619135939859e+02
3.985759667969021507e+02
4.085596693567393913e+02
4.204460349621858199e+02
4.333410072509146858e+02
4.458402377648873767e+02
4.565006272221218069e+02
4.650860075451989815e+02
4.719425974869589027e+02
4.781024438505016292e+02
4.841235689082354838e+02
4.900580306830197515e+02
4.955663776935062401e+02
5.003992774175418390e+02
5.046049829289760851e+02
5.084125381597665410e+02
5.120217206671811709e+02
5.155928134751437710e+02
5.192374499262482459e+02
5.230064431822092956e+02
5.269501961158633776e+02
5.310928651020234383e+02
5.353636923924318580e+02
5.396630619762777314e+02
5.437300113963302692e+02
5.472237170614019988e+02
5.498320080203068301e+02
5.512843491971145795e+02
5.514553292936898288e+02
5.504229828212658049e+02
5.483348582117009755e+02
5.453395646179691312e+02
5.417698250287460269e+02
5.378068322013983789e+02
5.336063786939405418e+02
5.292670626449842075e+02
5.248710193982612964e+02
5.204709368442604500e+02
5.161043989956433506e+02
5.117998728240228843e+02
5.075757518243851791e+02
5.034451683846202741e+02
4.994194865624353383e+02
4.955036042444248210e+02
4.917038481585536260e+02
4.880226149349434195e+02
4.844598953905610301e+02
4.810172191558305599e+02
4.776893573713427941e+02
4.744747187204491183e+02
4.713665138593653978e+02
4.683585610653341291e+02
4.654448784777873698e+02
4.626169141155689317e+02
4.599230774976478529e+02
4.572872254538359584e+02
4.547240907024071817e+02
4.522308308950451874e+02
4.498060268311900245e+02
4.474523267480873301e+02
4.451698076411111629e+02
4.429666973533480245e+02
4.408487730426685971e+02
4.388284389181307574e+02
4.369223339417107468e+02
4.351425011788211350e+02
4.335115891845201759e+02
4.320365159559462427e+02
4.307288065494790885e+02
4.295851827920906771e+02
4.285941127701283335e+02
4.277398536445832633e+02
4.269971189620860628e+02
4.263530313420322386e+02
4.257901891239001202e+02
4.253174760717127469e+02
4.249375467947278935e+02
4.246757140843434968e+02
4.246628689584335348e+02
4.247554676932379039e+02
4.250136842624986571e+02
4.254301727850668726e+02
4.259975041506024809e+02
4.266758643003332168e+02
4.274171893420661377e+02
4.281527743133125341e+02
4.288194485749647242e+02
4.293565643288932279e+02
4.297158001473562194e+02
4.298767971462884816e+02
4.298161391420212567e+02
4.295472709657568657e+02
4.290657996863806716e+02
4.283917538613872011e+02
4.275318123056935065e+02
4.264977292803139903e+02
4.253033437353154227e+02
4.239559136777809272e+02
4.224741128483653370e+02
4.208657629104574767e+02
4.191500324704701939e+02
4.173381281977030426e+02
4.154873262447375737e+02
4.134560319196836531e+02
4.113778278296229018e+02
4.092632614252660233e+02
4.071173031959410764e+02
4.049469208414158743e+02
4.027557560193890822e+02
4.005478745623630061e+02
3.983264465151010540e+02
3.960937988315603775e+02
3.938534656433469650e+02
3.916067953688020680e+02
3.893574394046200950e+02
3.871069227496032568e+02
3.848579962459488115e+02
3.826130916622818745e+02
3.803736704881068249e+02
3.781427814368589679e+02
3.759212308294637523e+02
3.737117328491012813e+02
3.715153127238093589e+02
3.693336711453075054e+02
3.671685101708494017e+02
3.650205762776424194e+02
3.629575806991050513e+02
3.608688953862873063e+02
3.588065760490745220e+02
3.567708270536128907e+02
3.547626198218027866e+02
3.527830720090308887e+02
3.508324858223706428e+02
3.489127472552078189e+02
3.470238384337779394e+02
3.451676343613714266e+02
3.433445991648802647e+02
3.415557597415072451e+02
3.398024948106300940e+02
3.380848935509259832e+02
3.364047686329000726e+02
3.347620069188081970e+02
3.331578293888256326e+02
3.315928241422726046e+02
3.300670619252070423e+02
3.285818506056283468e+02
3.271365993949265771e+02
3.257323443769588494e+02
3.243689408078337806e+02
3.230464149573252826e+02
3.218142345753176414e+02
3.206186066485682318e+02
3.194678898305002690e+02
3.183612978882022162e+02
3.172986768463900376e+02
3.162797483958459566e+02
3.153034944632753422e+02
3.143699940972941249e+02
3.134779008885486178e+02
3.126270977796453394e+02
3.118166329115119879e+02
3.110457561432402827e+02
3.103142062148106106e+02
3.096207956181343093e+02
3.089656690968777184e+02
3.083478129214217915e+02
3.077671750680733567e+02
3.072233576787323273e+02
3.067157287503782754e+02
3.062445833608014141e+02
3.058089079433588040e+02
3.054089733356408374e+02
3.050439096510851869e+02
3.047132581702838934e+02
3.044298024788515704e+02
3.042001885282892317e+02
3.039993914049364321e+02
3.038256412012940473e+02
3.036773917111405581e+02
3.035527098486389264e+02
3.034490353362103860e+02
3.033640126787435065e+02
3.032944721268806916e+02
3.032372215530031667e+02
3.031892194961020550e+02
3.031467346956404754e+02
3.031070274242428013e+02
3.030670003249651359e+02
3.030242131560875123e+02
3.029772965187648879e+02
3.029247085356676621e+02
3.028670726977809409e+02
3.028049943011764640e+02
3.027410614985531083e+02
3.026788719907592053e+02
3.026236305618886036e+02
3.025823157835118309e+02
3.025634626495927932e+02
3.025687238191097777e+02
3.026340684349232788e+02
3.027616721779434670e+02
3.029709231761833053e+02
3.032876568266094068e+02
3.037422275122465862e+02
3.043723842618881577e+02
3.052244620681702827e+02
3.063496239997578527e+02
3.078105375372192043e+02
3.096653019604178212e+02
3.119692554557885273e+02
3.147566280237883234e+02
3.180291259357638864e+02
3.217632775913918977e+02
3.259023151208155582e+02
3.303698366635189245e+02
3.351000071669093359e+02
3.400137626089214109e+02
3.450542129222850463e+02
3.501554517843242138e+02
3.552590020737277996e+02
3.602938026606032054e+02
3.651946277937534546e+02
3.698241846995511537e+02
3.741476061176757071e+02
3.782596727155392955e+02
3.821375468125951897e+02
3.857411492161523370e+02
3.890001986120896618e+02
3.918405435630002103e+02
3.941862557167785894e+02
3.960052946901150790e+02
3.972833277028278189e+02
3.980569216340607568e+02
3.983823079135154330e+02
3.983181256940448520e+02
3.979401814803517254e+02
3.973033258846558056e+02
3.964647774049167310e+02
3.954682269841044331e+02
3.943478420248145540e+02
3.931348988171865813e+02
3.927357001812898716e+02
3.915314733740590896e+02
3.901880015000683102e+02
3.888078101858101832e+02
3.874020108775489462e+02
3.860082395657440770e+02
3.846202649341685742e+02
3.832243933581515876e+02
3.818246463771029653e+02
3.804242619500550973e+02
3.790253211439436996e+02
3.776296402216672163e+02
3.762383911122357745e+02
3.748522378073355412e+02
3.734717951082771492e+02
3.720971246645737551e+02
3.707283728312327185e+02
3.693654557986765212e+02
3.680081418875881809e+02
3.666564315165302901e+02
3.653099854968763225e+02
3.639688137559599568e+02
3.626327806968538425e+02
3.613019324687533071e+02
3.599764650865285489e+02
3.586564812542290497e+02
3.573423963208956593e+02
3.560345812845343971e+02
3.547335653661272659e+02
3.534260603746215565e+02
3.521263765355050168e+02
3.508349368955509817e+02
3.495525028608351477e+02
3.482800963758442663e+02
3.470186527979337825e+02
3.457690417666066764e+02
3.445323935706964562e+02
3.433093707002772135e+02
3.421010635511166811e+02
3.409081639625331377e+02
3.397314478305473244e+02
3.385717866747625635e+02
3.374294674398867642e+02
3.363054016195413851e+02
3.351996799953554387e+02
3.341128637438588385e+02
3.330451595300679060e+02
3.319965142250901522e+02
3.309672611629683274e+02
3.299569587486600426e+02
3.289656924258979984e+02
3.279930581211181106e+02
3.270386590610553981e+02
3.260878465241340223e+02
3.251611298936281855e+02
3.242502550052562356e+02
3.233545557163832882e+02
3.224737684197053227e+02
3.216075081377266542e+02
3.207553697282606322e+02
3.199173052268978950e+02
3.190929202153189976e+02
3.182822816561464379e+02
3.174852932078411527e+02
3.167020551238887833e+02
3.159328566803771992e+02
3.151776648226303905e+02
3.144370276427977728e+02
3.137109900519633356e+02
3.130000739446132343e+02
3.123045692015531927e+02
3.116246825448675963e+02
3.109609198358431854e+02
3.103132570050465802e+02
3.096820644960789082e+02
3.090673687679451973e+02
3.084692166181163202e+02
3.078773242621102213e+02
3.073069038257664829e+02
3.067515259655476143e+02
3.062109509146258688e+02
3.056851584970626732e+02
3.051740979463832559e+02
3.046775224833970697e+02
3.041955595752435215e+02
3.037278865980517821e+02
3.032745633375457146e+02
3.028354983273176799e+02
3.024105916016183073e+02
3.020000863913849685e+02
3.016036431012015555e+02
3.012217101060209643e+02
3.008540876881842223e+02
3.005010444021933154e+02
3.001629059089942757e+02
2.998396819609546924e+02
2.995322161823896749e+02
2.992405383885747483e+02
2.989655820058480913e+02
2.987080056354733415e+02
2.984686000810732480e+02
2.982460981825031467e+02
2.980442094327983114e+02
2.978647925888366785e+02
2.977096906600154966e+02
2.975820034821405784e+02
2.974851476043035632e+02
2.974229271092354452e+02
2.974011679055317927e+02
2.974251639373114813e+02
2.975041429225348111e+02
2.976467734165952947e+02
2.978662089122518637e+02
2.981775883400811153e+02
2.985980075732244927e+02
2.991519174524399887e+02
2.998594996746745096e+02
3.007514410506063314e+02
3.018487512133829682e+02
3.031749282707168618e+02
3.047430149686503569e+02
3.065490669094463101e+02
3.085790293088124940e+02
3.107891798041882794e+02
3.131251884210774392e+02
3.154941223293710664e+02
3.178915113893995112e+02
3.201946342095485534e+02
3.223479309099293459e+02
3.242987222751505669e+02
3.260302185513768336e+02
3.275314857422427508e+02
3.288122806158599474e+02
3.298944083048642142e+02
3.307967683945962563e+02
3.315519997964610184e+02
3.321818335230800017e+02
3.327135791647747851e+02
3.331673614692948604e+02
3.335595696370740484e+02
3.339044723292847721e+02
3.342074853888510120e+02
3.344743534912351492e+02
3.347023015337071001e+02
3.348870220986640902e+02
3.350208591867043424e+02
3.350928610239747627e+02
3.350923760946349148e+02
3.350086605610302968e+02
3.348284512557364678e+02
3.345591387809607795e+02
3.341806697935701891e+02
3.336915408494359099e+02
3.330957281617240824e+02
3.323961015139659594e+02
3.316051829710982020e+02
3.307334647648970645e+02
3.298004178130395871e+02
3.288306915374774348e+02
3.278619059680425494e+02
3.269545033385070383e+02
3.261849725675722311e+02
3.256373047484547669e+02
3.252521325176554114e+02
3.247963683256598983e+02
3.240242415199835477e+02
3.229460162524478051e+02
3.217487193869632733e+02
3.206655928244015854e+02
3.199380932995989042e+02
3.199633573263432140e+02
3.213502419768634581e+02
3.249509813873103212e+02
3.319923647446230461e+02
3.425360956761296620e+02
3.553746446753671648e+02
3.696874304070817630e+02
3.854436447002169643e+02
4.023560424515592899e+02
4.194813371607943395e+02
4.352661393571854660e+02
4.491264789591646149e+02
4.610537363954550756e+02
4.710736598293366910e+02
4.786431773969163714e+02
4.835496030619432304e+02
4.862150033772292659e+02
4.872897582108118968e+02
4.873536016024522155e+02
4.868485312001812986e+02
4.860119812002241133e+02
4.850046295683189328e+02
4.839096876296108007e+02
4.827792151679680615e+02
4.816468547401242972e+02
4.805327001159295151e+02
4.794534054637654208e+02
4.784108541529552667e+02
4.774949781740183994e+02
4.766504250517716059e+02
4.758895244017506911e+02
4.752306930949125103e+02
4.746938799016699591e+02
4.743074448185720939e+02
4.741089185172119187e+02
4.741421751884801665e+02
4.744722078245023340e+02
4.751580928276904388e+02
4.762764376746237076e+02
4.778847655173633484e+02
4.800228482464486888e+02
4.827251714049411362e+02
4.860174633177022656e+02
4.899433233561835550e+02
4.946184911813821827e+02
5.000867546201060918e+02
5.063680764183613405e+02
5.132054490639360438e+02
5.201297623951302285e+02
5.265142015932250388e+02
5.317991099195446623e+02
5.354997110892428509e+02
5.377511838643436022e+02
5.385793817159075161e+02
5.382163873272462524e+02
5.369266674992968547e+02
5.349487195912563493e+02
5.324997052216070870e+02
5.297253761336521620e+02
5.267388471478798238e+02
5.236158771610267877e+02
5.204074628480403817e+02
5.171518592150907807e+02
5.138733766408282690e+02
5.105906033380006761e+02
5.073166875757972321e+02
5.040602745952702435e+02
5.008286947358357111e+02
4.976266846389374905e+02
4.944576064404628823e+02
4.913248321532769864e+02
4.882294477868589979e+02
4.851733870543365015e+02
4.821572225889348147e+02
4.791809027321294820e+02
4.762227894622783424e+02
4.733792054830394704e+02
4.705687397469246207e+02
4.677892392580143905e+02
4.650381154958878369e+02
4.623136306563899325e+02
4.596120476430100439e+02
4.569313857486806683e+02
4.542685807373539433e+02
4.516207561566204731e+02
4.489865108557895610e+02
4.463627561812510862e+02
4.437491144983652589e+02
4.411437736359073938e+02
4.385462075104733231e+02
4.359566396502286239e+02
4.333742645242291474e+02
4.308005518009222214e+02
4.282352546987297615e+02
4.256796753849188804e+02
4.231347177538210076e+02
4.206010306997304724e+02
4.180803024233713927e+02
4.155729144023161439e+02
4.130272235748504386e+02
4.105472514822102994e+02
4.080776826542754065e+02
4.056199014698756287e+02
4.031749417381547573e+02
4.007441741888871434e+02
3.983284727851435036e+02
3.959290179047275160e+02
3.935466451611725915e+02
3.911823964190476204e+02
3.888371042055969724e+02
3.865115621412873566e+02
3.842067074058566050e+02
3.819230181853120598e+02
3.796615794655579634e+02
3.774227561856025659e+02
3.752074290839731816e+02
3.730161968402356365e+02
3.708494677884125963e+02
3.687081820154583625e+02
3.665924132810656033e+02
3.645030626306028125e+02
3.624404031971049562e+02
3.604048516048264901e+02
3.583458985606456508e+02
3.563238815930776582e+02
3.543298707070757132e+02
3.523639718855308161e+02
3.504269886241162340e+02
3.485194043584417045e+02
3.466413680007956941e+02
3.447937835271384301e+02
3.429764077124840469e+02
3.411901077092941819e+02
3.394348855674228957e+02
3.377109610341685766e+02
3.360189599519325157e+02
3.343584573266761026e+02
3.327303660440654198e+02
3.311343174035567927e+02
3.295706937650331270e+02
3.280398854514777440e+02
3.265414666446944238e+02
3.250764104424557104e+02
3.236441049393982325e+02
3.222452503407163817e+02
3.208799815785201872e+02
3.195480724821459262e+02
3.182240974205060979e+02
3.169506350259860596e+02
3.157130606321009623e+02
3.145109620641637775e+02
3.133445701166270396e+02
3.122144434253407894e+02
3.111198718094086075e+02
3.100619545798583658e+02
3.090397786716615656e+02
3.080540086628774930e+02
3.071044115196085613e+02
3.061905528869919522e+02
3.053130308860732498e+02
3.044706216288342944e+02
3.036640952064548742e+02
3.028923143014774837e+02
3.021552926491531252e+02
3.014527233174043772e+02
3.007836445948698270e+02
3.001484886016036739e+02
2.995458845146357589e+02
2.989763304039686318e+02
2.984389822457417267e+02
2.979337737817679681e+02
2.974543236516050229e+02
2.970144262483544253e+02
2.966066228483209670e+02
2.962302451086676456e+02
2.958863491037538438e+02
2.955751859010774751e+02
2.952971356185411196e+02
2.950534609006029427e+02
2.948439357729239418e+02
2.946699276432108263e+02
2.945312100969228482e+02
2.944279806490595774e+02
2.943601945932558692e+02
2.943263989031642609e+02
2.943258971029009672e+02
2.943560555216964758e+02
2.944145038528654936e+02
2.944977481652993561e+02
2.946016187902240517e+02
2.947216159620573421e+02
2.948526360984520238e+02
2.949893371501391357e+02
2.951263023202168370e+02
2.952582875924509267e+02
2.953725208218573925e+02
2.954621127379941186e+02
2.955315994825018606e+02
2.955785847542350666e+02
2.956011171324402653e+02
2.955977825712088816e+02
2.955689340095593138e+02
2.955143608229045640e+02
2.954357642412256268e+02
2.953345545994112058e+02
2.952128750487813704e+02
2.950735282311964625e+02
2.949189177981720604e+02
2.947522637733069359e+02
2.945763776218814769e+02
2.943941965177471047e+02
2.942086915898677262e+02
2.940225228528130970e+02
2.938382955803327263e+02
2.936584793314085005e+02
2.934851634750363019e+02
2.933204852135326632e+02
2.931662906226029577e+02
2.930241433687656922e+02
2.928978305487135572e+02
2.927833449659329403e+02
2.926863213417009320e+02
2.926078787896640847e+02
2.925494295516098191e+02
2.925127315859098758e+02
2.924993203697706576e+02
2.925118405218598809e+02
2.925529569750062251e+02
2.926267359394146865e+02
2.927385771702755051e+02
2.928956917532414650e+02
2.931089436250568951e+02
2.933929283597421431e+02
2.937695667725394628e+02
2.942708008644657980e+02
2.949420650608638539e+02
2.958519231129657783e+02
2.970931698231078144e+02
2.987940362891768018e+02
3.011195776986764372e+02
3.042444425533722097e+02
3.083609142135636603e+02
3.135366999805273736e+02
3.198085879978204389e+02
3.268830638948919045e+02
3.344017220422568926e+02
3.419132940382476704e+02
3.491012390033393444e+02
3.557907393452485962e+02
3.619431302690020971e+02
3.675764303275601037e+02
3.726701551097681886e+02
3.772474396734593824e+02
3.812939579404315396e+02
3.848563844956095750e+02
3.879462375321987224e+02
3.906094428317803136e+02
3.928442144283997663e+02
3.946618040810750472e+02
3.960570362691303217e+02
3.970360705335303919e+02
3.976254993031840854e+02
3.978451043520113899e+02
3.977508361998462192e+02
3.973754552095599593e+02
3.967726969717240877e+02
3.959817231185366495e+02
3.950887843602121166e+02
3.941013410657549798e+02
3.930188421769458387e+02
3.918673298864314916e+02
3.906631959459147652e+02
3.894217573265796659e+02
3.881563358855526076e+02
3.868762223266614910e+02
3.855913893759781104e+02
3.843086893144840701e+02
3.830345292657164009e+02
3.817743191353475254e+02
3.805319721041455523e+02
3.793110422071241601e+02
3.781140022216488887e+02
3.769423764176474378e+02
3.757973588662832753e+02
3.746789003948801451e+02
3.735865744987646622e+02
3.725194540082089247e+02
3.714757428186936750e+02
3.704536337684492651e+02
3.694508470029542195e+02
3.684646413089594716e+02
3.674736376401182838e+02
3.664605547125563589e+02
3.654534297197623118e+02
3.644501633246999859e+02
3.634484696376141528e+02
3.624473498530529696e+02
3.614449655988624954e+02
3.604407694477214363e+02
3.594340245850208362e+02
3.584240654858980974e+02
3.574112696781823502e+02
3.563951234119112996e+02
3.553763870957088784e+02
3.543551411592486602e+02
3.533318960515449021e+02
3.523073878968817212e+02
3.512818164933282219e+02
3.502562353938604360e+02
3.492308985453067294e+02
3.482066285183901186e+02
3.471839339391503927e+02
3.461632461589786089e+02
3.451453242529109957e+02
3.441303704123387774e+02
3.431111868859557035e+02
3.420768050838452154e+02
3.410465730953978323e+02
3.400209501073969705e+02
3.390002601395538591e+02
3.379850914098999510e+02
3.369756256979728732e+02
3.359724106324593436e+02
3.349756401456463664e+02
3.339856916787020396e+02
3.330028987448235398e+02
3.320274010445172621e+02
3.310596365164636268e+02
3.300996027451600980e+02
3.291476686472678921e+02
3.282039078859527308e+02
3.272684069819521255e+02
3.263414466115087862e+02
3.254229222544087747e+02
3.245131403230620890e+02
3.236120466138829670e+02
3.227198063464658162e+02
3.218366572943938309e+02
3.209627231515340782e+02
3.201077631460379394e+02
3.192564634161402637e+02
3.184160832152678609e+02
3.175877062349943571e+02
3.167731316446325422e+02
3.159745972513892980e+02
3.151952940098675526e+02
3.144398218218448733e+02
3.137137851774327260e+02
3.130264491828791620e+02
3.123881825795901932e+02
3.118152447010443211e+02
3.113281794329588479e+02
3.109528346806623631e+02
3.107276211739070959e+02
3.106924696613586434e+02
3.109068492049131578e+02
3.114327676221758452e+02
3.123403313735144593e+02
3.137127287402114462e+02
3.156114580278712083e+02
3.181024491927173017e+02
3.212148006347783848e+02
3.249301108162527498e+02
3.291678182368238481e+02
3.338045471972546352e+02
3.386575666755858265e+02
3.435279784035203647e+02
3.482191417451759889e+02
3.525826955803614169e+02
3.565587070562701797e+02
3.601350460324599680e+02
3.633772360231176322e+02
3.663824966517905750e+02
3.692472145223738380e+02
3.720809220868662237e+02
3.749564173096252375e+02
3.779103971214715898e+02
3.809451045059906846e+02
3.840120258643675015e+02
3.870351749514068160e+02
3.899378360466223512e+02
3.926495812224835049e+02
3.951250658164647689e+02
3.973753323968132918e+02
3.994229605366733153e+02
4.013399562722509017e+02
4.032105845802082058e+02
4.050066894224298721e+02
4.071279870402696019e+02
4.093011073387024226e+02
4.114982155791392984e+02
4.137040521110436089e+02
4.159369939549213200e+02
4.182597246135294995e+02
4.208125617328780095e+02
4.237192040446955730e+02
4.271480523581982425e+02
4.311762554826931932e+02
4.358100729322038660e+02
4.409730585331636235e+02
4.464451231941206402e+02
4.519599545129582907e+02
4.572416955503397844e+02
4.620427251428264412e+02
4.662509370783478744e+02
4.698697589959262473e+02
4.729451761740970710e+02
4.755792203495037711e+02
4.778008110297042776e+02
4.796336848574703140e+02
4.810754990004073761e+02
4.819177654629723975e+02
4.824343820603509698e+02
4.825741483328079084e+02
4.823737691095669788e+02
4.818526156314736681e+02
4.810238565970060449e+02
4.799029357160773657e+02
4.784956186076687459e+02
4.768215620136554662e+02
4.749007800314955148e+02
4.727576411826025264e+02
4.704236082192722392e+02
4.679223944461222686e+02
4.652823205517761949e+02
4.625239752491064564e+02
4.596671351658462186e+02
4.567300223746049710e+02
4.537260770046874541e+02
4.506702324178527874e+02
4.475737389966478759e+02
4.444481121416552583e+02
4.413040694894347666e+02
4.381501639857097530e+02
4.349954454294309016e+02
4.317346643163438102e+02
4.285192037305934036e+02
4.253304662764392106e+02
4.221706246599715655e+02
4.190428682711776105e+02
4.159487164060200826e+02
4.128897988682778646e+02
4.098679921759683111e+02
4.068835652939188776e+02
4.039383281713973020e+02
4.010323779585817192e+02
3.981664668690243616e+02
3.953415186675458131e+02
3.925571137766527272e+02
3.898147167648966729e+02
3.871138850560176365e+02
3.844555454553638469e+02
3.818405624280086954e+02
3.792692715659900387e+02
3.767442869515819552e+02
3.742675879266263905e+02
3.718439595279897389e+02
3.694823259277242187e+02
3.671946494889181167e+02
3.649537449251873795e+02
3.628945901658816524e+02
3.610479013194935192e+02
3.595347557861408632e+02
3.584738538160874555e+02
3.580053132329888399e+02
3.581074324361753725e+02
3.585285107339132082e+02
3.588102954278442098e+02
3.585541743181324819e+02
3.575865607674751914e+02
3.560243220954985190e+02
3.540480145388116853e+02
3.518276724676236995e+02
3.494903839265165288e+02
3.471040650961321603e+02
3.447149870557765325e+02
3.423455716988009385e+02
3.400083610299599286e+02
3.377116094129002022e+02
3.354583278803314101e+02
3.332515904282406609e+02
3.310926867662106474e+02
3.289820531395346279e+02
3.271355729288789576e+02
3.254723010836930825e+02
3.238524699515600673e+02
3.222755594272443318e+02
3.207417985539077563e+02
3.192516012669088354e+02
3.178043142214748400e+02
3.164010765431439154e+02
3.150411086336777657e+02
3.137254192238342512e+02
3.124541142240219642e+02
3.112274342789517618e+02
3.100466383896019238e+02
3.089115402631127267e+02
3.078238281287929112e+02
3.067840137167447097e+02
3.057932279818276697e+02
3.048531562753912567e+02
3.039643347982548107e+02
3.031289547589071844e+02
3.023477539133265282e+02
3.016221238735341217e+02
3.009534779525645831e+02
3.003417349194562007e+02
2.999520487482910767e+02
2.997076224578948427e+02
2.995060740802529722e+02
2.993458226616246520e+02
2.992245272874583293e+02
2.991405438080925023e+02
2.990901079653479542e+02
2.990713312326419668e+02
2.990801390275548215e+02
2.991139902589765711e+02
2.991693561115208695e+02
2.992424452988657890e+02
2.993299357081292555e+02
2.994271520434463696e+02
2.995310541931050352e+02
2.996365861761721590e+02
2.997414946016284603e+02
2.998414884435009071e+02
2.999350086354496057e+02
3.000202174470754244e+02
3.000955690656644492e+02
3.001623662089216964e+02
3.002190442154196148e+02
3.002685137100713177e+02
3.003644571299662971e+02
3.004617689661470763e+02
3.005495072938587100e+02
3.006281156478735284e+02
3.007003491762330896e+02
3.007661194004792833e+02
3.008272556466195624e+02
3.008840073405816611e+02
3.009366857398572961e+02
3.009856430742518114e+02
3.010303481277206288e+02
3.010707978550354937e+02
3.011061806550643496e+02
3.011360908583772016e+02
3.011594812543103217e+02
3.011759026590116264e+02
3.011841398408541863e+02
3.011837172261389242e+02
3.011737873469577380e+02
3.011534080058139011e+02
3.011224650293349328e+02
3.010796526955813874e+02
3.010252902993260022e+02
3.009583841927649246e+02
3.008907684213789935e+02
3.008161277881239357e+02
3.007280792754132790e+02
3.006273709048055593e+02
3.005132016694197432e+02
3.003862250089919144e+02
3.002465335115907692e+02
3.000941212312923767e+02
2.999300407141803930e+02
2.997542204162727444e+02
2.995679067963608873e+02
2.993717324815775100e+02
2.991666097243456193e+02
2.989540436508010544e+02
2.987349514819042611e+02
2.985111571155365482e+02
2.982840612556335032e+02
2.980553888304601173e+02
2.978270890646588214e+02
2.976009359533929910e+02
2.973789116045886658e+02
2.971630304279141228e+02
2.969551208702498002e+02
2.967571029950249795e+02
2.965740749787264576e+02
2.964169168363848712e+02
2.962773884643877977e+02
2.961565960709758087e+02
2.960558394924751724e+02
2.959762060995217894e+02
2.959180045619511361e+02
2.958822389009197309e+02
2.958686238418635526e+02
2.958775526688876312e+02
2.959087807408629374e+02
2.959617940812338475e+02
2.960363804278678685e+02
2.961314416791091730e+02
2.962464420950945510e+02
2.963801040923370920e+02
2.965313135230642843e+02
2.966988820963885019e+02
2.968812957296391346e+02
2.970775844903325265e+02
2.972863041956912866e+02
2.975067168364902273e+02
2.977383662338634167e+02
2.979805911584122669e+02
2.982418966328341980e+02
2.985410614021520814e+02
2.988529133929122281e+02
2.991786263302632847e+02
2.995195945169309653e+02
2.998784394996530409e+02
3.002550552061275084e+02
3.006518263492584992e+02
3.010674799589291410e+02
3.015015298443936445e+02
3.019523418109915838e+02
3.024164915373214058e+02
3.028913132161692943e+02
3.033725069617078702e+02
3.038564002714935555e+02
3.043396850508741522e+02
3.048194656254937058e+02
3.052939835679579232e+02
3.057626010365128195e+02
3.062253087017339226e+02
3.066835852861834155e+02
3.071391291497446900e+02
3.075944275047230008e+02
3.080511310189829715e+02
3.085039236993849272e+02
3.089897856935974119e+02
3.094811031876399738e+02
3.099751556943241440e+02
3.104677502584378885e+02
3.109542265526869187e+02
3.114262821913304720e+02
3.118770101700487203e+02
3.122958647650925172e+02
3.126738010224484583e+02
3.130006636092434746e+02
3.132684687705129818e+02
3.134693254660216439e+02
3.135991904670504482e+02
3.136552144523683978e+02
3.136378679413335249e+02
3.135520011028715999e+02
3.134023561954151660e+02
3.132002930877301878e+02
3.129554800956266831e+02
3.126825941925496863e+02
3.123964123797742900e+02
3.121128920221754015e+02
3.118498999577057589e+02
3.116459441498309388e+02
3.115479073475149221e+02
3.116704312549676388e+02
3.124010278798410241e+02
3.149794540003684347e+02
3.215015841159627712e+02
3.314892567993871921e+02
3.407062629454011926e+02
3.494235516576105738e+02
3.635238638116541665e+02
3.901820472825127126e+02
4.240859628694776688e+02
4.475146390209570200e+02
4.615467476448599768e+02
4.772867065336953374e+02
5.016011009572721946e+02
5.312241900655263862e+02
5.615150583697267166e+02
5.858469408451263689e+02
6.024773816347352522e+02
6.162222081915724630e+02
6.286961632117754561e+02
6.373922755644231302e+02
6.422446321093203778e+02
6.441519251355031201e+02
6.437619754107104200e+02
6.417479654806523968e+02
6.387204322855940291e+02
6.351879762545352150e+02
6.313997299054151426e+02
6.275091325193075136e+02
6.235963961304501026e+02
6.197153154993070530e+02
6.159030482905901636e+02
6.121847921342198333e+02
6.085810319416627863e+02
6.051062974418151725e+02
6.017708969866224606e+02
5.985838024887046913e+02
5.955484616354244736e+02
5.926680088757805152e+02
5.899413299796481169e+02
5.873642673533581728e+02
5.849312244440994846e+02
5.826300404118981078e+02
5.804476781257808398e+02
5.783653092346514768e+02
5.763601495548283538e+02
5.744595671372834431e+02
5.726589897578194268e+02
5.708590306996501340e+02
5.690276132543767744e+02
5.671291903340109002e+02
5.651369286048625327e+02
5.630236655209931769e+02
5.607693950040935533e+02
5.583627678496125100e+02
5.557909874062399922e+02
5.530539674711523048e+02
5.501488656415314153e+02
5.470784238629867104e+02
5.438497103269221498e+02
5.404661779227297984e+02
5.369392427905819432e+02
5.332764350990031517e+02
5.294883479872494263e+02
5.255879536171877362e+02
5.215848616761269341e+02
5.174936128961338682e+02
5.133255310219092280e+02
5.090931004976613963e+02
5.048097328933952781e+02
5.004772648810352393e+02
4.961058539692949694e+02
4.917117564552357294e+02
4.873055665774080580e+02
4.828979498531309105e+02
4.784966536002046951e+02
4.741105433026031619e+02
4.697463087556550931e+02
4.654100021071353694e+02
4.611078897245920416e+02
4.568440017062684433e+02
4.526231913382122229e+02
4.484490718756043179e+02
4.443243823496391656e+02
4.402528947667297530e+02
4.362359735919418426e+02
4.322765907490681343e+02
4.283762596272669612e+02
4.245363585070124373e+02
4.207591937677447618e+02
4.170450766064150230e+02
4.133965112429089004e+02
4.098143869343724646e+02
4.063008443727741792e+02
4.028690717544163817e+02
3.994809491959333627e+02
3.961826438896210902e+02
3.929879265782000743e+02
3.899241282307427809e+02
3.870328970199449259e+02
3.843937630125731175e+02
3.821150487749281410e+02
3.803523002724030562e+02
3.792490804182404531e+02
3.788518209206132497e+02
3.791005604894358498e+02
3.797933589570896515e+02
3.807066331169869500e+02
3.817227050474576799e+02
3.828598956600162637e+02
3.843113478011131292e+02
3.862760507284154414e+02
3.888854003765650873e+02
3.922291762458226572e+02
3.963006645613912724e+02
4.011433346065753085e+02
4.065775571960895718e+02
4.121435728996386274e+02
4.171046945854134265e+02
4.213638242032636185e+02
4.246551437212064570e+02
4.272866131179450804e+02
4.295050351700962779e+02
4.315602418602284729e+02
4.335398275999453404e+02
4.354292752988343977e+02
4.371612882568629743e+02
4.386074204548285707e+02
4.396552384348549936e+02
4.402194366158163916e+02
4.402360111513231118e+02
4.397102034686826642e+02
4.386787748345649334e+02
4.371991309779735957e+02
4.353670983188277432e+02
4.332507545612703552e+02
4.309329789135966280e+02
4.284698486546938625e+02
4.259087644465486733e+02
4.232880598213014878e+02
4.206308888361143090e+02
4.179593125404273906e+02
4.152415965488867187e+02
4.124962293723652351e+02
4.097681990092867181e+02
4.070612282752985607e+02
4.043781059639678119e+02
4.017199169349559043e+02
3.990871171002284541e+02
3.964796681451508675e+02
3.938971633790974352e+02
3.913393613910218392e+02
3.888056456142904267e+02
3.862961120682375054e+02
3.838108289477489166e+02
3.813500020867809894e+02
3.789150286440940363e+02
3.765062346626339718e+02
3.741260960592825882e+02
3.717756366372742036e+02
3.694570530378219360e+02
3.671731957928485031e+02
3.649253112555981033e+02
3.627174752325659028e+02
3.605508725028568620e+02
3.584288956572386269e+02
3.563431495153168953e+02
3.542912220789787625e+02
3.522961874529443094e+02
3.503573733917584718e+02
3.484766294038403771e+02
3.466535809125871879e+02
3.448874351333431605e+02
3.431782794234363223e+02
3.415235329569344458e+02
3.399224499032791869e+02
3.383724851562896561e+02
3.368712961651859246e+02
3.354169869524504861e+02
3.340065774810268522e+02
3.326381182528865565e+02
3.313096019134676453e+02
3.300189352481646097e+02
3.287652905466076731e+02
3.275471778403096437e+02
3.263642841217671275e+02
3.252167028988751554e+02
3.241045072167856915e+02
3.230293753709229918e+02
3.219921391950786642e+02
3.209837183520916142e+02
3.200003665837882636e+02
3.190619209797793019e+02
3.181716403890974334e+02
3.173327148036960352e+02
3.165492094297779317e+02
3.158237073892689182e+02
3.151603536909596528e+02
3.145609182641443340e+02
3.140279224888411136e+02
3.135624466241724804e+02
3.131635251665245505e+02
3.128310717489658259e+02
3.125604550353392028e+02
3.123485662263915970e+02
3.121887333568531062e+02
3.120731314149088576e+02
3.119942543592442235e+02
3.119411677438380366e+02
3.119048850993131623e+02
3.118744177160422169e+02
3.118396157150118029e+02
3.117915190253481796e+02
3.117215619836969154e+02
3.116190501430412496e+02
3.114517532705358462e+02
3.112519377684484425e+02
3.110206399730321323e+02
3.107614189114223677e+02
3.104809253861455431e+02
3.101891552049376060e+02
3.099000284141446286e+02
3.096307988489911622e+02
3.094039176478460149e+02
3.092476955405809349e+02
3.091931994070593532e+02
3.092854199176330781e+02
3.095682498005213006e+02
3.101068243564554336e+02
3.109760382717201423e+02
3.122704783523534502e+02
3.141368288086178495e+02
3.167441733379833977e+02
3.203705352203308507e+02
3.253123063719280026e+02
3.318794144744013010e+02
3.402508392056043363e+02
3.502666801449665286e+02
3.617641068208660613e+02
3.739366379397114315e+02
3.864230627092994155e+02
3.985841916364626059e+02
4.098277526617148396e+02
4.194096903703942871e+02
4.271371903075624914e+02
4.330476021156196111e+02
4.375889496107438958e+02
4.410293849006171740e+02
4.435934395051385195e+02
4.453410440610153955e+02
4.463453464356213658e+02
4.466662203250951393e+02
4.463964488071246137e+02
4.456615421436738416e+02
4.445662865148618152e+02
4.432329790690283744e+02
4.417334639925065289e+02
4.401348965960222017e+02
4.384762869804101229e+02
4.367830799567931308e+02
4.350730118593052680e+02
4.333523656778714326e+02
4.316828037306621013e+02
4.299600108535479990e+02
4.282365881112519901e+02
4.265078629486486079e+02
4.247674401320213065e+02
4.230102194934020758e+02
4.212307914263048474e+02
4.194246882506257066e+02
4.175890839023758758e+02
4.157210399351945966e+02
4.138203784826131368e+02
4.118861659453523316e+02
4.099196801171059974e+02
4.079221092542883298e+02
4.058951504450599259e+02
4.038416681276176519e+02
4.017636937848034222e+02
3.996648054407841641e+02
3.975477533103321548e+02
3.954160798699160182e+02
3.932730901377963164e+02
3.911224363193035742e+02
3.889675845835839709e+02
3.868123977084610488e+02
3.847171737826251388e+02
3.826087420246420265e+02
3.805125261772251974e+02
3.784311187995094770e+02
3.763681170802894371e+02
3.743260012550096008e+02
3.723072784686137879e+02
3.703147198341144986e+02
3.683495129725494053e+02
3.664141024545188543e+02
3.645092626674929193e+02
3.626363030066375472e+02
3.607963253735480862e+02
3.589892871242705610e+02
3.572163701563479208e+02
3.554770394708145318e+02
3.537717753609370561e+02
3.521004540756458709e+02
3.504626458116541698e+02
3.488587395302772620e+02
3.472879152325468226e+02
3.457505749696127850e+02
3.442463626994164656e+02
3.427752927572894350e+02
3.413703643863405546e+02
3.399878124145542415e+02
3.386412856967396579e+02
3.373309794787157898e+02
3.360581622370714854e+02
3.348241795383642625e+02
3.336312398332559042e+02
3.324838212713643770e+02
3.313894592220512436e+02
3.303660514654615667e+02
3.294489793841110554e+02
3.287252057450493226e+02
3.283637113667808194e+02
3.287133654188059495e+02
3.302854474862362508e+02
3.336591282058079742e+02
3.398107797842695845e+02
3.500740220127914881e+02
3.654419220797583989e+02
3.845486690768968288e+02
4.041633911955067333e+02
4.212748321692453715e+02
4.348809192792203930e+02
4.459059240098577561e+02
4.561477457503467576e+02
4.666575130575349135e+02
4.764329687108163967e+02
4.841489202083719192e+02
4.893181585845714494e+02
4.924600772859417930e+02
4.942704320259736619e+02
4.947838525187507344e+02
4.938951572063411390e+02
4.918447524199042959e+02
4.889758027637743680e+02
4.856432636027330432e+02
4.820376196685144805e+02
4.782741382989290742e+02
4.744136388958866632e+02
4.704880042127678053e+02
4.665204929256124728e+02
4.625235118793492575e+02
4.585098401503271361e+02
4.544886629953161901e+02
4.504679833783714571e+02
4.464568218468585314e+02
4.424610306612927957e+02
4.384885850163831265e+02
4.346000080502669221e+02
4.307090432700946963e+02
4.268624535106146709e+02
4.230644810199254948e+02
4.193219048411378367e+02
4.156398153174479262e+02
4.120242471974186742e+02
4.084825249023897982e+02
4.050205264063772006e+02
4.016476283951797086e+02
3.983721030699586549e+02
3.952048413735178087e+02
3.921587729539745624e+02
3.892468562325909147e+02
3.864875093483561272e+02
3.839004961767326449e+02
3.815093594464726721e+02
3.793481867284077111e+02
3.774493535750431192e+02
3.758652628011354864e+02
3.746501171240962549e+02
3.738739316635239902e+02
3.736254010526152456e+02
3.740075043655918421e+02
3.752009001599798239e+02
3.775928867433135565e+02
3.813277905908612411e+02
3.865072811223803910e+02
3.934199665418771019e+02
4.025413594302634124e+02
4.142949356024981853e+02
4.278308518458861727e+02
4.411652327235816529e+02
4.535387001894126229e+02
4.663109276757343764e+02
4.806083317096981204e+02
4.956914833130667262e+02
5.092733955272519211e+02
5.192939364736279231e+02
5.255844452779587073e+02
5.291143216837151613e+02
5.310920183140044628e+02
5.323788904151408587e+02
5.334022408388876784e+02
5.342956244996812529e+02
5.349308555568948123e+02
5.350905445050515254e+02
5.346710856385034276e+02
5.336848928536978747e+02
5.322529658709673868e+02
5.305202833764702746e+02
5.285714590893489913e+02
5.264773549967101189e+02
5.242695727506487628e+02
5.219715187541290788e+02
5.195903530950324694e+02
5.171317989045653576e+02
5.145969623328935540e+02
5.119876193275229639e+02
5.093071700364770891e+02
5.065583257199116360e+02
5.037481613006494854e+02
5.008824137029158123e+02
4.979698375658199438e+02
4.950192667432627900e+02
4.920398087635983870e+02
4.890415227051670968e+02
4.860334831294485980e+02
4.830247297388331162e+02
4.800239709821125302e+02
4.770386910043048942e+02
4.740759249820687273e+02
4.712273441787810953e+02
4.683503615233127562e+02
4.655158598831698100e+02
4.627246924508913253e+02
4.599779945542354085e+02
4.572750733565098358e+02
4.546145676014170363e+02
4.519947238331802737e+02
4.494123436201883237e+02
4.468646793225404963e+02
4.443475939743186132e+02
4.418574009334155335e+02
4.393899228980167209e+02
4.369411262676728711e+02
4.345072327664109366e+02
4.320847458711534728e+02
4.296706521461799753e+02
4.272629850324223071e+02
4.248600691649658074e+02
4.224617777052767451e+02
4.200684271465374877e+02
4.176812030486371441e+02
4.153025959232567175e+02
4.129346516583583480e+02
4.105845638435016554e+02
4.081681946455917114e+02
4.057761788019072924e+02
4.034125592096992818e+02
4.010810433663954200e+02
3.987859600437142831e+02
3.965297931922613657e+02
3.943161760861146945e+02
3.921467155102703828e+02
3.900230852567461284e+02
3.879462816008083905e+02
3.859155598814344899e+02
3.839308252047520114e+02
3.819894533283375608e+02
3.800894279400949927e+02
3.782274083519730539e+02
3.763993534777123955e+02
3.746021539874392943e+02
3.728309352593648214e+02
3.710828885322961241e+02
3.693543294547521896e+02
3.676425672065439585e+02
3.659460743098053968e+02
3.642627545813968482e+02
3.625649253424397216e+02
3.608817189729712709e+02
3.592158492238926897e+02
3.575677522172708791e+02
3.559386484511525168e+02
3.543306680753105411e+02
3.527457696438317498e+02
3.511874833708884012e+02
3.496584879066691656e+02
3.481631133838869232e+02
3.467048346676122037e+02
3.452877210708446682e+02
3.439164542593528608e+02
3.425941567283577456e+02
3.413261805740376644e+02
3.401149645945624798e+02
3.389644186295199120e+02
3.378771703839763632e+02
3.368541794499864181e+02
3.358976082183424410e+02
3.350057604208346902e+02
3.341779499398216444e+02
3.334111816706298441e+02
3.327007744904308311e+02
3.320227085725111920e+02
3.313877334273651059e+02
3.307900281905972975e+02
3.302218659412841930e+02
3.296748870425169571e+02
3.291411357560486408e+02
3.286127669388656045e+02
3.280816567611464052e+02
3.275417263964255881e+02
3.269865657355416602e+02
3.264112425943058611e+02
3.258123032416982596e+02
3.251863231290442400e+02
3.245324509705471883e+02
3.238499429000750069e+02
3.231393449539637004e+02
3.224026238019914672e+02
3.216416318016411537e+02
3.208598575302164022e+02
3.200606906947303401e+02
3.192479409675456168e+02
3.184260587290162334e+02
3.175990249075563270e+02
3.167712852427376902e+02
3.159536561907349892e+02
3.151383336381017557e+02
3.143351316879504225e+02
3.135467712519313750e+02
3.127763339708719172e+02
3.120264628904463962e+02
3.112989976164126347e+02
3.105962746598131616e+02
3.099192019779914062e+02
3.092691753042861933e+02
3.086467385147363984e+02
3.080519651629866189e+02
3.074850605726029471e+02
3.069450491003507864e+02
3.064313993014710036e+02
3.059427224419870868e+02
3.054774968487332103e+02
3.050341303138897615e+02
3.046104044664576236e+02
3.042043810784150537e+02
3.038137479757176038e+02
3.034362154953134905e+02
3.030696686328645910e+02
3.027117514740575075e+02
3.023602785633831331e+02
3.020138831877028451e+02
3.016706092805162598e+02
3.013291467109335144e+02
3.009884002136395225e+02
3.006476327156394746e+02
3.003064810286168154e+02
2.999648706643397986e+02
2.996231019612027353e+02
2.992820180668775265e+02
2.989424542798965945e+02
2.986060525465782689e+02
2.982744005634402811e+02
2.979495831910470542e+02
2.976341979986723345e+02
2.973305075116255694e+02
2.970418819859169162e+02
2.967710453730902032e+02
2.965215264921924927e+02
2.962969102960348664e+02
2.961003644698823791e+02
2.959361662189494382e+02
2.958073258127259351e+02
2.957179449678525884e+02
2.956690801804738840e+02
2.956892601530707907e+02
2.957612760811961152e+02
2.958862848307155105e+02
2.960662840101362576e+02
2.963011959818566652e+02
2.965905992700631941e+02
2.969333496695355166e+02
2.973262468613793885e+02
2.977665041372606538e+02
2.982491182105998178e+02
2.987687208431350996e+02
2.993194712926097623e+02
2.998940541348608804e+02
3.004856272220371238e+02
3.010868426568333120e+02
3.016896065442082318e+02
3.022875137853306455e+02
3.028725979070107996e+02
3.034387354937638861e+02
3.039804091373273991e+02
3.044913004853864891e+02
3.049686123443195243e+02
3.054074130601622983e+02
3.057940022476407762e+02
3.061662110798155254e+02
3.064915733049295454e+02
3.067712149207378047e+02
3.070043445998235256e+02
3.071931464114211963e+02
3.073393570076946730e+02
3.074452266521129218e+02
3.075143487924343049e+02
3.075495383276023063e+02
3.075550529709541934e+02
3.075348178118753140e+02
3.074931752818414452e+02
3.074346068993002064e+02
3.073637010462709895e+02
3.072849403559019379e+02
3.072030108576782368e+02
3.071224322986290076e+02
3.070471827107259628e+02
3.069817216055527069e+02
3.069290459450972435e+02
3.068927672801447102e+02
3.068751404758577905e+02
3.068777550757444033e+02
3.068808426960151792e+02
3.069055510358662104e+02
3.069471061676711088e+02
3.070026077003741420e+02
3.070687122107980827e+02
3.071410708591559455e+02
3.072142406262989880e+02
3.072824044558372520e+02
3.073392887733635348e+02
3.073784580523030741e+02
3.073934113660527601e+02
3.073787556724122396e+02
3.073284612778793417e+02
3.072391351000318878e+02
3.071067021934475179e+02
3.069292314162585740e+02
3.067061237697276397e+02
3.064364343455729340e+02
3.061226800862326627e+02
3.057656786320158631e+02
3.053690757889296492e+02
3.049362389387055146e+02
3.044705425009086639e+02
3.039772167828062379e+02
3.034660850627038826e+02
3.029213693274214165e+02
3.023659700118733440e+02
3.018042380067311683e+02
3.012408500006047234e+02
3.006794467766489447e+02
3.001241700718811103e+02
2.995789678615240632e+02
2.990476471735094606e+02
2.985356712365251042e+02
2.980497372402989527e+02
2.976019845578484251e+02
2.972154573910518138e+02
2.969331004191946022e+02
2.968536969571725876e+02
2.971498006583309461e+02
2.981972337925893157e+02
3.005587372841368392e+02
3.049724431086937670e+02
3.118833790140387805e+02
3.208257914199450056e+02
3.307308383501282378e+02
3.409314967971519081e+02
3.516242503690956482e+02
3.641776305373394962e+02
3.788760719130336270e+02
3.952867290523151382e+02
4.114392412986006207e+02
4.248926307694038087e+02
4.344301875605817713e+02
4.408479574504468133e+02
4.455269187241387385e+02
4.492496213551355027e+02
4.520438276715546522e+02
4.536958611024792845e+02
4.542692592987197031e+02
4.540121801078539647e+02
4.532669178983555298e+02
4.522710578622647972e+02
4.511946437965269183e+02
4.501381010246282699e+02
4.491529417394744996e+02
4.482640381905839604e+02
4.474773133076796512e+02
4.467802634243172974e+02
4.461540644421557431e+02
4.455701713392633110e+02
4.449969756221352668e+02
4.444309227066563608e+02
4.438624531393036818e+02
4.431979202641518327e+02
4.424174880187971439e+02
4.415026482657148676e+02
4.404410313107021011e+02
4.392314978598060975e+02
4.378673868759031507e+02
4.363574166236780343e+02
4.347026351743917871e+02
4.329131045166115541e+02
4.309967285969586328e+02
4.289629966955722580e+02
4.268246468806937628e+02
4.245911889948916382e+02
4.222770926563085823e+02
4.198918300486699877e+02
4.174494666548877149e+02
4.149602475615848221e+02
4.124354209428620379e+02
4.098855725379550563e+02
4.073190700514453511e+02
4.047460621649930772e+02
4.021730893014095614e+02
3.995953182546974745e+02
3.970387548564789313e+02
3.945131319652445541e+02
3.920303272670628871e+02
3.895998601707590296e+02
3.872364315180464587e+02
3.849519424084958814e+02
3.827602616398240230e+02
3.806766358418453819e+02
3.787071891508151111e+02
3.768634337303457755e+02
3.751406954080013065e+02
3.735384356005990867e+02
3.720475916001382188e+02
3.706581695501193394e+02
3.693635888642858163e+02
3.681464461241540107e+02
3.670010528247664752e+02
3.659098498743548475e+02
3.648710062051566752e+02
3.638718367892967649e+02
3.629098640045652360e+02
3.619752847505853879e+02
3.610618795635801348e+02
3.603218365749675058e+02
3.596280261080636933e+02
3.589934759873563053e+02
3.584365304732347681e+02
3.579912644542417297e+02
3.576783938891446724e+02
3.575006954276429951e+02
3.574599956165703247e+02
3.575246263679699723e+02
3.576688459723005167e+02
3.578421690799798967e+02
3.580056286196671635e+02
3.581084774338800116e+02
3.581185724464706368e+02
3.580068954906004137e+02
3.577545336675798353e+02
3.573621706455273852e+02
3.568232901311637306e+02
3.561574187454238540e+02
3.553685784625382666e+02
3.544774242130656603e+02
3.534960939011244250e+02
3.524364530751458915e+02
3.513129297244819327e+02
3.501898099971920146e+02
3.489552581840396215e+02
3.476762839916202665e+02
3.463628907997180022e+02
3.450194430395472978e+02
3.436523870610010931e+02
3.422673669788788970e+02
3.408683497921217054e+02
3.394622500911776797e+02
3.380519241901259875e+02
3.366444527624459511e+02
3.352431719454901327e+02
3.338541256239240056e+02
3.324818498238398092e+02
3.311309876587297367e+02
3.298073184887857110e+02
3.285146053245734379e+02
3.272593052354164911e+02
3.260453899325821681e+02
3.248800243440543341e+02
3.237696488166134827e+02
3.227253183128457863e+02
3.217628053798961787e+02
3.209110201112790719e+02
3.202334854028115387e+02
3.197643732922780373e+02
3.197019285947309868e+02
3.202815071077714606e+02
3.219166569900777972e+02
3.250549360441498266e+02
3.301776915269093706e+02
3.374990507888022080e+02
3.466956027890091718e+02
3.569297449780257807e+02
3.670165287094195605e+02
3.759129215671691213e+02
3.832896798526975317e+02
3.891501975488425842e+02
3.935978316567303068e+02
3.968267510613039235e+02
3.989839356181780090e+02
4.002540391805365516e+02
4.008332334094290559e+02
4.008230690177813926e+02
4.003318151210534666e+02
3.994320290810576921e+02
3.981852844403245513e+02
3.966730269468915822e+02
3.948815628404142331e+02
3.928801978213290909e+02
3.908119723424494509e+02
3.886932187150939058e+02
3.865393667755684532e+02
3.843568027092616148e+02
3.821513080344952300e+02
3.799303784386685265e+02
3.776950484873897835e+02
3.754513183883736360e+02
3.732007406083945398e+02
3.709441934927878037e+02
3.686861754787365157e+02
3.664259707647482287e+02
3.641686297229035745e+02
3.619158706336613136e+02
3.596707887369328773e+02
3.574381267730045124e+02
3.552193485012273300e+02
3.530200012960279992e+02
3.508417719269580175e+02
3.486886358261672854e+02
3.465634020231964314e+02
3.444681372422533627e+02
3.424012788751352332e+02
3.404611886529471576e+02
3.385552661301252328e+02
3.366854653385744882e+02
3.348543688356903090e+02
3.330652646368455976e+02
3.313196847544805337e+02
3.296220176847612038e+02
3.279739049252112864e+02
3.263795761202742369e+02
3.248424974769682763e+02
3.233657922529149005e+02
3.219552711025155531e+02
3.206136237590426958e+02
3.193474736739031528e+02
3.181612089104741017e+02
3.170598509863190202e+02
3.160506460373072741e+02
3.151363144573001591e+02
3.143245364712603873e+02
3.136173280569037729e+02
3.130181246109355584e+02
3.125293596986683156e+02
3.121472913059068901e+02
3.118695177943559997e+02
3.117056119439034774e+02
3.116259250167380515e+02
3.116172545273528840e+02
3.116643198591207806e+02
3.117509413192728402e+02
3.118582217773225693e+02
3.119686853111869027e+02
3.120639099299967256e+02
3.121298006800815301e+02
3.121509627580297774e+02
3.121204579859560226e+02
3.120295533354505437e+02
3.118777213051980084e+02
3.116663458413125909e+02
3.113984972722636257e+02
3.110850941046587650e+02
3.107327541009445895e+02
3.103575434315318944e+02
3.099714599653647156e+02
3.095910714072260816e+02
3.092349029561908083e+02
3.089174178711029413e+02
3.086606956451345241e+02
3.085308156431964335e+02
3.084939198237375990e+02
3.085542648277341300e+02
3.087118408624543804e+02
3.089618238709159073e+02
3.092881653679184524e+02
3.096711710148583165e+02
3.100888517110361136e+02
3.105188514491060232e+02
3.109432191807629238e+02
3.113526124653043894e+02
3.117359111909004241e+02
3.120979365800399137e+02
3.124366127154268611e+02
3.127591031390943499e+02
3.130710718216678856e+02
3.133753456449388182e+02
3.136813078008672164e+02
3.139886109362054185e+02
3.143031831249167567e+02
3.146246917651135391e+02
3.149522416396346216e+02
3.152855663720141024e+02
3.156191582515020286e+02
3.159254555740750448e+02
3.162514855149773325e+02
3.165527143473452725e+02
3.168240172848109637e+02
3.170607505982410430e+02
3.172580890741443795e+02
3.174147879045690388e+02
3.175283332123156583e+02
3.175997493768807658e+02
3.176317209012376566e+02
3.176252035209406017e+02
3.175870367667658343e+02
3.175191624548095888e+02
3.174282233973431744e+02
3.173183481374542225e+02
3.171923499785476679e+02
3.170553746599767351e+02
3.169064968095872246e+02
3.167484931720355803e+02
3.165790632144497181e+02
3.163970426712796211e+02
3.161999890586853326e+02
3.159840852720103612e+02
3.157471398039286896e+02
3.154676571708224628e+02
3.151909591030371871e+02
3.148879588919237449e+02
3.145582180831081587e+02
3.142003595612405320e+02
3.138144700997779637e+02
3.134011535136621092e+02
3.129610116862290852e+02
3.124966395896077529e+02
3.120091524946825530e+02
3.115022110948917202e+02
3.109779666559206248e+02
3.104400331427997344e+02
3.098918719704760747e+02
3.093365283006122013e+02
3.087785943132293482e+02
3.082205574320379924e+02
3.076672574454469782e+02
3.071213796771471038e+02
3.065868136956796093e+02
3.060669815619968404e+02
3.055640923963914020e+02
3.050821356151888040e+02
3.046218590814680738e+02
3.041885564688233785e+02
3.038388159815080485e+02
3.035172742875028575e+02
3.032258667347525147e+02
3.029646145819299932e+02
3.027354273127993451e+02
3.025373773063234921e+02
3.023718664011224178e+02
3.022385308466849096e+02
3.021380812416132926e+02
3.020718841550396974e+02
3.020402818823440043e+02
3.020465605390136830e+02
3.020912035726769886e+02
3.021777965199186724e+02
3.023077532985903417e+02
3.024824940910345958e+02
3.027041016523115218e+02
3.029704630603068267e+02
3.032820402725842541e+02
3.036341548401821910e+02
3.040236398391039074e+02
3.044446024019957235e+02
3.048902495704160174e+02
3.054584202736476186e+02
3.060799697759934475e+02
3.067160087292879211e+02
3.073586363977557312e+02
3.080058603557411629e+02
3.086525716839473148e+02
3.092983925592280343e+02
3.099426242675863250e+02
3.105839915807490570e+02
3.112248052084930805e+02
3.118621870141778913e+02
3.124981757146301788e+02
3.131293781600988950e+02
3.137551469863566922e+02
3.143740523186450559e+02
3.149845922905864199e+02
3.155934890461857094e+02
3.162089018391424702e+02
3.168614231262458247e+02
3.176016404564036861e+02
3.185237180666167092e+02
3.198037985486112120e+02
3.216770008229185578e+02
3.245337188932602999e+02
3.287707021004504782e+02
3.345738015152923026e+02
3.418767636165029558e+02
3.501737155038490528e+02
3.588325746903910272e+02
3.674877104862111992e+02
3.759132853714508542e+02
3.841717915382874367e+02
3.923083578513235352e+02
4.002280827641252472e+02
4.077523079165036393e+02
4.144654393671303296e+02
4.199640038302011362e+02
4.240580342076066245e+02
4.267648066095622426e+02
4.283060250996045966e+02
4.290366078742528089e+02
4.292432451943097931e+02
4.292059187568377183e+02
4.291095025700892052e+02
4.290871495719676432e+02
4.292391848458621553e+02
4.296250417006880866e+02
4.302947443771918756e+02
4.313017859404002934e+02
4.325894197824437697e+02
4.342531121209359526e+02
4.363131508186642691e+02
4.388045721358749915e+02
4.417587580929963451e+02
4.452116612180691391e+02
4.492083999603179336e+02
4.537709657603597293e+02
4.589322851068224054e+02
4.646772215702052335e+02
4.709664478763323814e+02
4.777236441623867904e+02
4.848007281965907396e+02
4.920284157871808475e+02
4.992105541184005801e+02
5.061247485839280671e+02
5.126158404947387908e+02
5.185427432244500778e+02
5.238166067017780279e+02
5.284410669240036214e+02
5.324075024028394409e+02
5.357736400505477832e+02
5.385673104728609815e+02
5.406905449792841409e+02
5.422654811025277013e+02
5.433016568081034166e+02
5.438159709901889300e+02
5.438607717999111628e+02
5.434848579657295886e+02
5.427648534465445209e+02
5.417627839120785893e+02
5.405344288416549716e+02
5.391302921299760555e+02
5.375838161324231805e+02
5.359267258159378571e+02
5.341803012186937849e+02
5.323628644705599982e+02
5.304891507144917568e+02
5.285712485819904032e+02
5.266201197689943001e+02
5.246452776341968729e+02
5.226553118430140330e+02
5.206578166091585445e+02
5.186594494579976526e+02
5.166658752983116756e+02
5.146817252080660410e+02
5.127102034521230962e+02
5.107279194350537068e+02
5.087666692741964312e+02
5.068223429921897036e+02
5.048933005842837929e+02
5.029764488558011521e+02
5.010682236335932203e+02
4.991633052147489593e+02
4.972563092139739069e+02
4.953413478106933781e+02
4.934119918034632519e+02
4.914625618486289795e+02
4.894873155439832431e+02
4.874809427987315189e+02
4.854397245311374718e+02
4.833592777712258339e+02
4.812376981685258102e+02
4.790725109348244359e+02
4.768627932359586907e+02
4.746085442815657416e+02
4.723093907221045811e+02
4.699670182659008333e+02
4.675822276654009784e+02
4.651570313841162942e+02
4.626938859542301543e+02
4.601824814130412733e+02
4.576803418912205075e+02
4.551469372639863309e+02
4.525857977672472998e+02
4.500006272304432287e+02
4.473945061310641336e+02
4.447716338842286063e+02
4.421353528507630131e+02
4.394893362885847523e+02
4.368376956497760943e+02
4.341833311808991880e+02
4.315304935346267712e+02
4.288822573915471708e+02
4.262420960565629002e+02
4.236139043556660795e+02
4.210003413777064907e+02
4.184054044123849394e+02
4.158320845297653818e+02
4.132838674874282674e+02
4.107646389378375602e+02
4.082772456377014123e+02
4.058262331386259802e+02
4.034145317522358596e+02
4.010467482513851110e+02
3.987239788333229740e+02
3.964691592651223004e+02
3.942679162279738989e+02
3.921225577383668224e+02
3.900369810988239578e+02
3.880124226390501576e+02
3.860505169366376776e+02
3.841517675065500725e+02
3.823145915206832797e+02
3.805379623650950407e+02
3.788180732732237175e+02
3.771508312935313256e+02
3.755316494706268031e+02
3.739539991227487690e+02
3.724124153277267624e+02
3.709005392215808001e+02
3.694113331260904260e+02
3.679402244023245885e+02
3.664805829310714671e+02
3.650282523607914982e+02
3.635793737418168803e+02
3.621294748866049531e+02
3.606775676066355913e+02
3.592202983460782093e+02
3.577370994069184462e+02
3.562610778421156397e+02
3.547729957393629547e+02
3.532748018277528672e+02
3.517666988793678229e+02
3.502507653438680677e+02
3.487285468708478220e+02
3.472016103151124184e+02
3.456722686940639733e+02
3.441421922188449116e+02
3.426134940833327960e+02
3.410881591118014740e+02
3.395681215883647610e+02
3.380552948208304542e+02
3.365518348557157537e+02
3.350592862128480647e+02
3.335798475809773436e+02
3.321151275882326672e+02
3.306668036331383291e+02
3.292368937355753928e+02
3.278263931494361714e+02
3.264374676556921031e+02
3.250709825418932155e+02
3.237285307393081553e+02
3.224053380917413847e+02
3.211005575573487363e+02
3.198256110774766512e+02
3.185805848836973269e+02
3.173668660793803724e+02
3.161848404667149453e+02
3.150350506343436905e+02
3.139186330149876198e+02
3.128354760412782412e+02
3.117870772896762901e+02
3.107735884233205752e+02
3.097961441172046193e+02
3.088559840645033887e+02
3.079538675220441633e+02
3.070921688386594610e+02
3.062722633912946435e+02
3.054971910956289207e+02
3.047703819152340543e+02
3.040957526445142207e+02
3.034796729629794072e+02
3.029286423447111929e+02
3.024526486174203228e+02
3.020639742584029932e+02
3.017777177367053127e+02
3.016104864205768195e+02
3.015835058436646818e+02
3.017302005542206302e+02
3.020833436667905403e+02
3.026834018110599800e+02
3.035723827161374970e+02
3.047908318682507911e+02
3.063792796677894330e+02
3.083540126441439497e+02
3.107245192792050261e+02
3.134603039970011764e+02
3.165064913999403302e+02
3.197879953256565955e+02
3.231996994279760429e+02
3.266453844766467682e+02
3.300232891896709475e+02
3.332431771281193846e+02
3.362358293217056371e+02
3.389463088777496296e+02
3.413274904904357641e+02
3.433607824225000513e+02
3.450251642495443889e+02
3.463204273584726707e+02
3.472561841185733442e+02
3.477981887181011871e+02
3.480319363650439755e+02
3.479989084717465744e+02
3.477368099720266628e+02
3.472761584395775003e+02
3.466487355134750032e+02
3.458847760489589405e+02
3.450081707642803508e+02
3.440429994939588596e+02
3.430069173669276665e+02
3.419160757191229436e+02
3.407837956727225901e+02
3.396205671387085658e+02
3.384358857388413639e+02
3.372371072898405373e+02
3.360305680691066073e+02
3.348221103045505060e+02
3.336159957028563667e+02
3.324165402644911751e+02
3.312274880958265726e+02
3.300516090404875627e+02
3.288923399696776073e+02
3.277516074912551858e+02
3.266319874563923804e+02
3.255213010308011690e+02
3.244474684731104617e+02
3.234001062761493586e+02
3.223793522575104475e+02
3.213861699205212403e+02
3.204205715339024891e+02
3.194820785782890198e+02
3.185707869207909653e+02
3.176852124550354119e+02
3.168247929941022107e+02
3.159879725640706170e+02
3.151731740594012194e+02
3.143790245084355774e+02
3.136032724465086403e+02
3.128445044110414415e+02
3.121005449396188283e+02
3.113697384834201216e+02
3.106503481518967078e+02
3.099407405813425385e+02
3.092396670225141406e+02
3.085458362374633907e+02
3.078584310369001855e+02
3.071767205004879884e+02
3.065004366887353058e+02
3.058194583667654456e+02
3.051483602646411555e+02
3.044828609673155029e+02
3.038236413073852304e+02
3.031718159437632494e+02
3.025283627277388518e+02
3.018945623121699100e+02
3.012718184538408082e+02
3.006612850620293784e+02
3.000645724605805071e+02
2.994828824456517964e+02
2.989176057740680790e+02
2.983701591349512796e+02
2.978414353174498501e+02
2.973329232389382923e+02
2.968452593259956416e+02
2.963794944254030383e+02
2.959363710091885196e+02
2.955161557444296250e+02
2.951196583089298997e+02
2.947466240823528096e+02
2.943974798095155734e+02
2.940719292539358207e+02
2.937695882235439626e+02
2.934908544539288755e+02
2.932377384716180018e+02
2.930062235356500082e+02
2.927950832053064119e+02
2.926035293562584343e+02
2.924304594338869947e+02
2.922745463030144606e+02
2.921347864621882309e+02
2.920095907136653750e+02
2.918978667946324208e+02
2.917980706019499735e+02
2.917089217026511392e+02
2.916290640899966888e+02
2.915570954604156668e+02
2.914918569998382054e+02
2.914319724461699934e+02
2.913764451725419349e+02
2.913240524493735961e+02
2.912738850234948700e+02
2.912249995182974658e+02
2.911765770608349158e+02
2.911279591894225973e+02
2.910784426752625222e+02
2.910276177143895779e+02
2.909708954238536762e+02
2.909107492915919693e+02
2.908480456916436196e+02
2.907827542383670334e+02
2.907148893146962791e+02
2.906445053413209507e+02
2.905718039050500465e+02
2.904969484567300810e+02
2.904202908314883871e+02
2.903421165710510650e+02
2.902628991691975102e+02
2.901830852053184913e+02
2.901032564711378541e+02
2.900240235538272486e+02
2.899460418533586790e+02
2.898701340472452443e+02
2.897970494387953408e+02
2.897277767499408583e+02
2.896631641534412438e+02
2.896042932990337135e+02
2.895521700567347239e+02
2.895078461392918712e+02
2.894724938843120867e+02
2.894470354558936265e+02
2.894324364170020090e+02
2.894327988430264327e+02
2.894465064652450792e+02
2.894742774112169741e+02
2.895167732386559578e+02
2.895746875766116659e+02
2.896481081652578951e+02
2.897375750704420625e+02
2.898427775409579112e+02
2.899637552223538250e+02
2.901001102701949890e+02
2.902511430542740527e+02
2.904164343601322003e+02
2.905947384954444601e+02
2.907853408438596716e+02
2.909868836565926813e+02
2.911980702881999150e+02
2.914176227468737466e+02
2.916437456748596446e+02
2.918750405252550308e+02
2.921095397293057658e+02
2.923454535352769881e+02
2.925808127540090595e+02
2.928134625695868181e+02
2.930473953790537962e+02
2.932663133509616387e+02
2.934764580083079295e+02
2.936756012330985186e+02
2.938618067251737216e+02
2.940329017263447895e+02
2.941874035303885648e+02
2.943234747254048784e+02
2.944400586821432171e+02
2.945362268034077147e+02
2.946111848322723290e+02
2.946652891108450945e+02
2.946982144432769815e+02
2.947113050144585600e+02
2.947053098943970326e+02
2.946818579004579988e+02
2.946431661553282879e+02
2.945909529493130776e+02
2.945284274869213732e+02
2.944578198512589893e+02
2.943823835485009681e+02
2.943052571802264197e+02
2.942292974018808422e+02
2.941581074424763074e+02
2.940989580012694660e+02
2.940471571708481520e+02
2.940094516393467075e+02
2.939881021040985161e+02
2.939858344681825884e+02
2.940044909960442965e+02
2.940457526290570627e+02
2.941113300679672875e+02
2.942017066312178599e+02
2.943179711568729431e+02
2.944598353885430129e+02
2.946269970361516357e+02
2.948188139295860992e+02
2.950336188075612540e+02
2.952701379941587447e+02
2.955260361724947984e+02
2.957990547362267080e+02
2.960868178896431573e+02
2.963865599567873232e+02
2.966959136740233021e+02
2.970124599576031983e+02
2.973340069707409157e+02
2.976587956529279495e+02
2.979852816656830896e+02
2.983039787358863464e+02
2.986090112597364055e+02
2.989127482869659502e+02
2.992156252408801720e+02
2.995178860630764461e+02
2.998199687687030632e+02
3.001227561158660251e+02
3.004263212629860504e+02
3.007316414623620631e+02
3.010386995102933838e+02
3.013477593769598570e+02
3.016589206166147505e+02
3.019714471414736181e+02
3.022853081614312032e+02
3.025989979475521068e+02
3.029119867420708374e+02
3.032226123360212569e+02
3.035294594661140195e+02
3.038309480477457782e+02
3.041249699715942825e+02
3.044101941433077059e+02
3.046842848717199104e+02
3.049460347584779925e+02
3.051933484309132041e+02
3.054040163990780457e+02
3.055897091911852499e+02
3.057562591975006399e+02
3.059031880810985626e+02
3.060289686335029842e+02
3.061335851006195412e+02
3.062160867974627649e+02
3.062763057029399079e+02
3.063142577373845370e+02
3.063293793808404075e+02
3.063223431326106834e+02
3.062927758046868121e+02
3.062413579391796361e+02
3.061684181184439240e+02
3.060741961379384293e+02
3.059597158604823335e+02
3.058251397209124320e+02
3.056716413398964391e+02
3.054998500950299558e+02
3.053106066210310132e+02
3.051051263216552911e+02
3.048840985705045341e+02
3.046489392819407840e+02
3.044006915689843140e+02
3.041122935921883368e+02
3.038176501246097700e+02
3.035135146393768082e+02
3.032021222843462169e+02
3.028853708318695226e+02
3.025657922902085488e+02
3.022460031289193694e+02
3.019289887612630423e+02
3.016183813098685391e+02
3.013179603964750299e+02
3.010326834592239038e+02
3.007673697737668590e+02
3.005285368745429082e+02
3.003225889334390786e+02
3.001574195061290879e+02
3.000418352382407079e+02
2.999846551228198450e+02
2.999971638319302087e+02
3.000891237713161104e+02
3.002734517201742506e+02
3.005610041488902198e+02
3.009651709329111213e+02
3.014975444563184510e+02
3.021700200985375773e+02
3.030012678289469932e+02
3.040197922257384562e+02
3.052055465507231702e+02
3.065515161759922762e+02
3.080506590007266254e+02
3.096786058973341937e+02
3.114056076711023593e+02
3.131913677127400319e+02
3.149871403291496108e+02
3.167449788172663716e+02
3.184180674203509511e+02
3.199656160147089849e+02
3.213599501647613010e+02
3.225820356330343088e+02
3.236215130276124796e+02
3.244813281985885283e+02
3.251642142887249065e+02
3.256846286302969133e+02
3.260588829180403536e+02
3.263055840222643837e+02
3.264528575819592220e+02
3.265293643636782690e+02
3.265737076114898514e+02
3.266343350428025474e+02
3.267590402722343015e+02
3.269972063214734703e+02
3.274021311382311410e+02
3.279944117434766326e+02
3.287750476111183957e+02
3.297301064806164277e+02
3.308555394843095883e+02
3.321862548166587885e+02
3.337550316225930942e+02
3.356180351668477329e+02
3.377857774794056240e+02
3.402374467393493092e+02
3.429110851648632661e+02
3.456901268761642427e+02
3.484450664475523354e+02
3.510507245741364954e+02
3.533861517897236126e+02
3.553854963836514571e+02
3.570026297242837359e+02
3.582152274449304059e+02
3.590434013490271354e+02
3.594971995978462473e+02
3.596167906507265570e+02
3.594401167028163400e+02
3.589726288789775595e+02
3.583086138304424253e+02
3.574599058496697808e+02
3.564638669858920821e+02
3.553546603849540588e+02
3.541575410343185695e+02
3.529001436521139681e+02
3.516026073383345647e+02
3.502826701836100369e+02
3.489577596558917207e+02
3.476384443404297144e+02
3.463373132495167397e+02
3.450621702949136989e+02
3.438191068524736238e+02
3.426142007292938274e+02
3.414488167465067932e+02
3.403256145585830836e+02
3.392440035099920692e+02
3.382024999013116826e+02
3.371994850318463364e+02
3.362307174965020522e+02
3.352932044707750379e+02
3.343822270659243259e+02
3.334936678683558284e+02
3.326306836595626919e+02
3.317909273408616855e+02
3.309642315604245368e+02
3.301487233399626007e+02
3.293446747037062323e+02
3.285542866250825114e+02
3.277828439642231615e+02
3.270393911874705282e+02
3.263378291450320035e+02
3.257007221262134635e+02
3.251578718822201495e+02
3.247573031640260410e+02
3.245609011323660411e+02
3.246579403541814486e+02
3.251678025952596727e+02
3.262232179755459924e+02
3.279937737173736991e+02
3.305877463021364520e+02
3.340633939584483301e+02
3.383212097179228977e+02
3.431071374452445752e+02
3.480537838383518761e+02
3.528106826827846589e+02
3.570832164381910729e+02
3.608244223503217540e+02
3.641490495887404109e+02
3.669726802731902922e+02
3.694142207213972142e+02
3.715443993797669009e+02
3.734350595746967656e+02
3.751032094572718165e+02
3.765661814870772446e+02
3.778134785274508545e+02
3.788447109282103042e+02
3.796419069340096257e+02
3.802006370377428084e+02
3.805017018748374085e+02
3.805472288526649436e+02
3.803371649689494234e+02
3.798863410949618924e+02
3.792220189505680992e+02
3.783659940928029641e+02
3.773574009582637814e+02
3.762198041088869331e+02
3.749846444841123230e+02
3.736746384800197234e+02
3.723081634198843517e+02
3.709034898742081054e+02
3.694734688082007779e+02
3.680550898361929058e+02
3.666256737329740645e+02
3.651915950484348059e+02
3.637585791605203553e+02
3.623301748134650779e+02
3.609100782894511212e+02
3.595009970488725912e+02
3.581049151273336975e+02
3.567240495827933273e+02
3.553596913681321325e+02
3.540132806811848241e+02
3.526861391774400545e+02
3.513789144030101284e+02
3.500928830240492857e+02
3.488284161840874162e+02
3.475862262527938924e+02
3.463668873407958699e+02
3.451703704972372293e+02
3.439972802455113765e+02
3.428472156110378251e+02
3.417202415276994998e+02
3.406160885387099597e+02
3.395339923665623587e+02
3.384430189920678913e+02
3.374209185495381575e+02
3.364121540582127068e+02
3.354156015174249319e+02
3.344299622011254769e+02
3.334543571195118261e+02
3.324871740371420401e+02
3.315273965206784510e+02
3.305736833595719872e+02
3.296246682663829688e+02
3.286794703344806976e+02
3.277367069254092371e+02
3.267956082622309282e+02
3.258553259052787325e+02
3.249150509333135801e+02
3.239745634126724099e+02
3.230333174443667872e+02
3.220913712822471666e+02
3.211488749482381877e+02
3.202060637150738103e+02
3.192637912920892518e+02
3.183228706570133681e+02
3.173848706611461239e+02
3.164518667264132432e+02
3.155150159727700725e+02
3.145993711407725186e+02
3.137121500984802651e+02
3.128824427133072277e+02
3.121682832063114006e+02
3.117160118960791806e+02
3.118286452179807497e+02
3.132168365544098947e+02
3.173476517175691356e+02
3.265401238197586622e+02
3.434243161068248469e+02
3.667964693887148542e+02
3.908380636006160671e+02
4.094677245118882638e+02
4.237832913827868992e+02
4.401389987260561156e+02
4.642559295620330886e+02
4.922188036208201538e+02
5.156705797756510492e+02
5.318844536200316497e+02
5.430337266983956397e+02
5.509439260619260494e+02
5.572673337450371491e+02
5.615605047331655442e+02
5.638948500447646666e+02
5.648036910545804403e+02
5.654216306904492058e+02
5.657462311220571110e+02
5.657916250234477502e+02
5.656311200364813203e+02
5.653280693043726615e+02
5.649369702058654639e+02
5.645024419360179309e+02
5.640672056245277872e+02
5.636662300710174804e+02
5.633301620526075340e+02
5.630808609457735656e+02
5.629277992495262879e+02
5.628723155160359966e+02
5.628987125360797563e+02
5.629844094687258576e+02
5.630927668474990924e+02
5.631860255563376541e+02
5.632204449300725173e+02
5.631603021536382130e+02
5.629739891912932990e+02
5.626416754134942266e+02
5.621572317010919733e+02
5.615390530641575424e+02
5.607512575638577346e+02
5.598809756795751582e+02
5.589594923510397848e+02
5.580180814222662775e+02
5.570900547526210858e+02
5.562080564643076741e+02
5.554023817951457431e+02
5.546977239853964647e+02
5.541121971519233966e+02
5.536519349997201971e+02
5.533099713765980141e+02
5.530648431114530013e+02
5.528789652131908952e+02
5.527044607929525455e+02
5.524848924644823001e+02
5.521641821098420451e+02
5.516933575720745466e+02
5.510381168048866130e+02
5.501790702478258481e+02
5.491210710980744807e+02
5.478827004849571267e+02
5.465043479643636601e+02
5.450385974525587471e+02
5.435873949461766870e+02
5.422351805740213422e+02
5.410319905078692955e+02
5.400713428496509323e+02
5.394547862968448726e+02
5.392834101477060358e+02
5.396365904685733312e+02
5.405848524984324968e+02
5.421252085894755055e+02
5.442111950746300408e+02
5.467046783290803660e+02
5.493990214384665478e+02
5.532618158691461758e+02
5.554069421805520506e+02
5.569786901271187389e+02
5.579063864858412671e+02
5.581888653008948040e+02
5.578861182004426382e+02
5.571101131934983641e+02
5.559711771907381035e+02
5.545981115809991024e+02
5.531027409473272201e+02
5.515835745911855383e+02
5.501229322563289088e+02
5.487461653542113709e+02
5.475390666057072622e+02
5.464829628263676113e+02
5.455495334983421571e+02
5.446816489754653503e+02
5.438102846186731085e+02
5.428438863325552575e+02
5.416934567443274773e+02
5.402837723897744127e+02
5.385405881796076528e+02
5.364253619292150006e+02
5.339142455234608633e+02
5.310003761339470429e+02
5.277091297813116171e+02
5.240658308899943449e+02
5.201154546449615736e+02
5.159067447614261255e+02
5.114851776513693267e+02
5.069018828833688417e+02
5.021971963925208229e+02
4.974099798495589084e+02
4.925736253231841033e+02
4.877137439504587633e+02
4.828542051287595314e+02
4.780219880553669896e+02
4.732008018707906558e+02
4.684266033040602792e+02
4.637067792861087128e+02
4.590489711725637676e+02
4.544580044791297269e+02
4.499370893349623088e+02
4.454902715186965452e+02
4.411179466395462896e+02
4.368227645927073013e+02
4.326047692874738004e+02
4.284642371505158280e+02
4.244020608928586853e+02
4.204166297570686197e+02
4.165090036855702920e+02
4.126774373865167149e+02
4.089217559045479788e+02
4.052413930247322469e+02
4.016345872428501025e+02
3.981016964191385910e+02
3.946404466235181303e+02
3.912508959862583424e+02
3.879316531059602653e+02
3.846815598632775277e+02
3.815089424074267299e+02
3.783714553013119257e+02
3.753037496118009244e+02
3.723039051036601563e+02
3.693714283086728187e+02
3.665055024412386615e+02
3.637045545414580374e+02
3.609688093093993757e+02
3.582963006791818543e+02
3.556872338621273002e+02
3.531404174843203236e+02
3.506550954248252197e+02
3.482313004970349652e+02
3.458674677276970897e+02
3.435642065634005462e+02
3.413201908819646633e+02
3.391355010017235259e+02
3.370099087304872683e+02
3.349425555036888227e+02
3.329341785573496963e+02
3.309836323702011214e+02
3.290917082838453211e+02
3.272580316370792843e+02
3.254826084025892214e+02
3.237719388098264517e+02
3.221005677211284137e+02
3.204907828562953114e+02
3.189422305520836858e+02
3.174561198326031217e+02
3.160334658256911666e+02
3.146748048353829859e+02
3.133827716776083889e+02
3.121581147927995517e+02
3.110044695392472249e+02
3.099245586719970902e+02
3.089226247824906295e+02
3.080050240130311181e+02
3.071779999704125430e+02
3.064530544472048064e+02
3.058419821522566053e+02
3.053635509810682152e+02
3.050414508006209076e+02
3.049069567205351632e+02
3.050053087530703237e+02
3.053881226877520021e+02
3.061302894481425483e+02
3.073175165300475555e+02
3.090478152220853758e+02
3.114256119147141817e+02
3.146483936854878607e+02
3.187395780384749742e+02
3.236716709571412025e+02
3.293390396766761796e+02
3.355261824642946635e+02
3.419790575864981292e+02
3.484918964463000748e+02
3.549600836777036648e+02
3.613718936961097938e+02
3.676959535896926354e+02
3.738979167143270956e+02
3.798097598877515679e+02
3.852574454791500216e+02
3.900154106505231653e+02
3.939844722288914909e+02
3.970877941586784914e+02
3.993905477918500537e+02
4.009685025825286289e+02
4.019139925150650470e+02
4.023328578379123428e+02
4.022970254622891275e+02
4.018850863157844060e+02
4.011614737462568883e+02
4.001867629383060034e+02
3.989319313155327222e+02
3.975178502421803159e+02
3.959813692503160496e+02
3.943534773726582330e+02
3.926573476254647517e+02
3.909126221403373620e+02
3.891339035974040712e+02
3.873330173269002330e+02
3.855193767074700304e+02
3.837005376013240721e+02
3.818826941416862724e+02
3.800716512418591151e+02
3.782722867927711263e+02
3.764904328816250541e+02
3.747317143619446824e+02
3.730039798367618005e+02
3.713158034947265378e+02
3.696798724502651226e+02
3.681114977888317412e+02
3.666304831973324099e+02
3.652642722976287928e+02
3.640395617069501100e+02
3.629955161124098595e+02
3.621643414681593640e+02
3.617093728330150384e+02
3.615387683479925158e+02
3.616185087541709891e+02
3.619120261213322465e+02
3.623608242946561404e+02
3.629046432359297683e+02
3.634882113264337704e+02
3.640498114878602678e+02
3.645407010744532954e+02
3.649310841004013923e+02
3.651939970488606946e+02
3.653368120794013407e+02
3.653636102735365512e+02
3.652911272431801422e+02
3.651395722469401903e+02
3.649178410260760757e+02
3.646427626865378215e+02
3.643163257680039919e+02
3.639408608363733606e+02
3.635154999463796344e+02
3.630343819679550279e+02
3.624954504447202908e+02
3.618946168316276157e+02
3.611755865323266903e+02
3.604816149797423463e+02
3.597094789437093141e+02
3.588641488923856855e+02
3.579500191166346212e+02
3.569708954651390513e+02
3.559344642161451020e+02
3.548446545757528270e+02
3.537086572968178757e+02
3.525323821982681807e+02
3.513205367322217967e+02
3.500797671587793047e+02
3.488140902555756497e+02
3.475288940718272670e+02
3.462287750098951165e+02
3.449172012391617841e+02
3.435987374339403004e+02
3.422761786338984393e+02
3.409530457022947871e+02
3.396323296423013289e+02
3.383162033829305528e+02
3.370076336635318057e+02
3.357082216376522297e+02
3.344202163214351913e+02
3.331073391084509012e+02
3.318404801356468283e+02
3.305866070834843526e+02
3.293465928462601937e+02
3.281220912442906297e+02
3.269140188509547897e+02
3.257232972204158159e+02
3.245511872457943809e+02
3.233979662863158637e+02
3.222649401046278399e+02
3.211523187988239556e+02
3.200608994687856352e+02
3.189913020243139954e+02
3.179436427309873920e+02
3.169188868228397951e+02
3.159168586633833229e+02
3.149383375123405813e+02
3.139834079204553632e+02
3.130522101891781972e+02
3.121453023556955486e+02
3.112622865609255314e+02
3.104038395338642999e+02
3.095695733797990101e+02
3.087596993754229402e+02
3.079581838650408940e+02
3.071913881721914095e+02
3.064485649799383964e+02
3.057291472167993334e+02
3.050333643192186628e+02
3.043608798763572167e+02
3.037113723540836645e+02
3.030848554577205505e+02
3.024806235572232822e+02
3.018987311765865797e+02
3.013385362773325369e+02
3.007997290990167016e+02
3.002819733961205770e+02
2.997845709056954888e+02
2.993073908285614948e+02
2.988496638899721347e+02
2.984111110377048135e+02
2.979912134044271852e+02
2.975893764177646972e+02
2.972053900754582969e+02
2.968385164790367980e+02
2.964886128648442423e+02
2.961551882926769395e+02
2.958378685002452926e+02
2.955322131909065320e+02
2.952383715288423218e+02
2.949598199676610193e+02
2.946962380113918698e+02
2.944477589853918857e+02
2.942145790382003270e+02
2.939965361219053079e+02
2.937943256134097396e+02
2.936077081578926027e+02
2.934373396511464875e+02
2.932833809943246592e+02
2.931459779365557097e+02
2.930257963135625232e+02
2.929224417745116966e+02
2.928366538275221842e+02
2.927678143509597817e+02
2.927159676729654620e+02
2.926806677551186908e+02
2.926609102605085013e+02
2.926562512853186035e+02
2.926648173111798314e+02
2.926855868981529056e+02
2.927163936442353815e+02
2.927553985397305496e+02
2.927985516134023101e+02
2.928376298994758145e+02
2.928773694048704783e+02
2.929155362446911681e+02
2.929504275788751784e+02
2.929800687271460333e+02
2.930034574555294853e+02
2.930190457175428378e+02
2.930265961065667852e+02
2.930254601005817108e+02
2.930158035912238574e+02
2.929980738954912454e+02
2.929726628436417855e+02
2.929408973470557953e+02
2.929035267663815603e+02
2.928622278770646403e+02
2.928181651117694742e+02
2.927729630737299544e+02
2.927280968803820542e+02
2.926849616113393608e+02
2.926450294163475974e+02
2.926094517636687442e+02
2.925794735698758586e+02
2.925559548341300342e+02
2.925413836903404672e+02
2.925297130129611674e+02
2.925262802894895344e+02
2.925311859315376068e+02
2.925446509104227175e+02
2.925665251964650224e+02
2.925965330841545438e+02
2.926345316994214727e+02
2.926797599504649270e+02
2.927320022750249677e+02
2.927903388352859793e+02
2.928542387006822878e+02
2.929229936975884243e+02
2.929957294453000713e+02
2.930719513079005765e+02
2.931506389609608618e+02
2.932312085822322274e+02
2.933128586462959788e+02
2.933949142754895547e+02
2.934767660753306586e+02
2.935577001123788250e+02
2.936371774487586777e+02
2.937146341693556337e+02
2.937895782035525372e+02
2.938655290428926605e+02
2.939451783678147194e+02
2.940216619696184921e+02
2.940947063096252805e+02
2.941639279620258094e+02
2.942291027619846204e+02
2.942900802458149769e+02
2.943465830749212273e+02
2.943986462267017146e+02
2.944460505552214045e+02
2.944888501426019047e+02
2.945270132604401283e+02
2.945604862276265408e+02
2.945894574261955086e+02
2.946138368186299203e+02
2.946338612004093420e+02
2.946495373400724134e+02
2.946610128605938144e+02
2.946684746834221755e+02
2.946719762083801584e+02
2.946717842784883601e+02
2.946679751541507812e+02
2.946607681750693928e+02
2.946502994937695803e+02
2.946369185075502628e+02
2.946213390680767361e+02
2.946030815290587270e+02
2.945823757409038990e+02
2.945593376122479299e+02
2.945341325941707851e+02
2.945068902939415239e+02
2.944776863937767075e+02
2.944466282297194653e+02
2.944137327659490211e+02
2.943790537172102972e+02
2.943425922066369367e+02
2.943043236259360356e+02
2.942642620390404886e+02
2.942223285482647270e+02
2.941785150318363549e+02
2.941327189215278963e+02
2.940848975631917597e+02
2.940349954185329011e+02
2.939829169542591103e+02
2.939286386951605436e+02
2.938720646856521626e+02
2.938131697993875378e+02
2.937519105855017187e+02
2.936894484270220573e+02
2.936210451119052891e+02
2.935503099074110764e+02
2.934773556355724509e+02
2.934022953709680905e+02
2.933253119705854033e+02
2.932466910518070335e+02
2.931667823989301951e+02
2.930860979670939628e+02
2.930053114774743790e+02
2.929252884822241185e+02
2.928471533427775739e+02
2.927724198296277223e+02
2.927028207948997647e+02
2.926408283503313328e+02
2.925891229400833140e+02
2.925512365699614179e+02
2.925315185174682142e+02
2.925345317834995740e+02
2.925668667217995562e+02
2.926345562467669765e+02
2.927459726506263564e+02
2.929099482172598528e+02
2.931354059250112414e+02
2.934250740472093639e+02
2.937999330980026116e+02
2.942708071081760863e+02
2.948469373538932246e+02
2.955375140241849863e+02
2.963515449053189741e+02
2.972912915427578469e+02
2.983602953143645777e+02
2.995531661359868281e+02
3.008630402216065818e+02
3.022761874486693614e+02
3.037766155735071152e+02
3.053406050305947588e+02
3.069458247499700292e+02
3.085663832078882365e+02
3.101781957959096871e+02
3.117649339487613247e+02
3.133145128722321715e+02
3.148317294397127171e+02
3.163346866889802413e+02
3.178575906778626745e+02
3.194549667450796164e+02
3.211935057702270342e+02
3.231520402643641887e+02
3.253924747949138805e+02
3.280479604679225645e+02
3.311494034825140602e+02
3.347158339899514772e+02
3.387186969336094648e+02
3.430930013729932853e+02
3.476932158363860026e+02
3.523599042071176655e+02
3.568801885878706912e+02
3.610399779137382552e+02
3.646413213594731815e+02
3.675416345283280180e+02
3.696473999131549704e+02
3.709682427091469776e+02
3.715403649465706621e+02
3.714591290745382253e+02
3.708289382342685485e+02
3.697470742489329609e+02
3.683177554247554326e+02
3.666141637234111954e+02
3.647096914799384422e+02
3.626554220065995082e+02
3.604953688324097811e+02
3.582643968604218117e+02
3.560027947965892281e+02
3.537129497257572552e+02
3.514188272221763896e+02
3.491333018568116699e+02
3.468664039765657208e+02
3.446261788867007567e+02
3.424190497823457804e+02
3.402510482721365292e+02
3.381263381531011873e+02
3.360498377233315068e+02
3.340254170104331592e+02
3.320573918325038107e+02
3.301517293111789400e+02
3.283152034830621346e+02
3.265615537230411292e+02
3.249127973609393507e+02
3.234149685149516245e+02
3.221544288402584471e+02
3.213105548070287796e+02
3.212070924286516060e+02
3.223878989911618760e+02
3.256133304948270393e+02
3.316140073127339178e+02
3.410104473834084615e+02
3.543918678982316237e+02
3.724805387395027765e+02
3.948863346125638714e+02
4.199576724398941678e+02
4.441369882338954653e+02
4.635305130115043539e+02
4.763838282250759448e+02
4.830935466629152870e+02
4.856247225165414534e+02
4.856910385733754083e+02
4.844743631301974460e+02
4.826300191152930097e+02
4.804790862604430686e+02
4.781926185323026743e+02
4.758534255564701425e+02
4.735031105892156233e+02
4.711672738098532136e+02
4.688580939697744725e+02
4.665830704901757144e+02
4.643491223949692426e+02
4.621570283506835608e+02
4.600109350240130084e+02
4.579115872075956872e+02
4.558595155645202794e+02
4.539127172224900164e+02
4.520794145228083494e+02
4.502882662412272339e+02
4.485365714199340914e+02
4.468222882731120649e+02
4.451440978802606878e+02
4.434967924328546474e+02
4.418783462593935951e+02
4.402824479552334083e+02
4.387042592090824087e+02
4.371383359811428591e+02
4.355787231528311167e+02
4.340201477989485852e+02
4.324578908568100246e+02
4.308876777879984843e+02
4.293065455874592544e+02
4.277129097825201711e+02
4.261047094071228116e+02
4.244833237155413030e+02
4.228480768161842889e+02
4.212012717652416995e+02
4.195444461998268935e+02
4.178790135529491749e+02
4.162078866262905308e+02
4.145395118773273566e+02
4.128889694943625841e+02
4.112321354587763267e+02
4.095703220660966508e+02
4.079052525597200543e+02
4.062370748062011785e+02
4.045672061462592524e+02
4.028959288915454522e+02
4.012238148710093810e+02
3.995517157337208118e+02
3.978798553653078329e+02
3.962094873827560377e+02
3.945411954084353852e+02
3.928762646472449092e+02
3.912160187329009204e+02
3.895616739749818294e+02
3.879149902472154281e+02
3.862773754198684060e+02
3.846505446203030374e+02
3.830361996794458719e+02
3.814356775324168325e+02
3.798506630891982354e+02
3.782822576713876970e+02
3.767316363018837251e+02
3.751974328848783102e+02
3.736596113305375297e+02
3.721402597976251627e+02
3.706393091533131496e+02
3.691569151576434820e+02
3.676927010549893566e+02
3.662460171948574725e+02
3.648163381733889423e+02
3.634024201050785905e+02
3.620035072847915671e+02
3.606181574444378271e+02
3.592452695598965420e+02
3.578835476631392112e+02
3.565316411769024398e+02
3.551885701785104175e+02
3.538529568985821356e+02
3.525240605976031816e+02
3.512008219514732446e+02
3.498826521343649461e+02
3.485690148488300224e+02
3.472594320807390318e+02
3.459539201890103186e+02
3.446522168483412543e+02
3.433546917123538265e+02
3.420636792673848277e+02
3.407662777324702006e+02
3.394747448276439172e+02
3.381895488380308734e+02
3.369116048888920432e+02
3.356415443383284583e+02
3.343802369980149365e+02
3.331286124047183534e+02
3.318873358796291768e+02
3.306574790551254637e+02
3.294396930556768552e+02
3.282348672251877133e+02
3.270438322721769850e+02
3.258671345518206408e+02
3.247057018817005201e+02
3.235599278761117148e+02
3.224305496523821262e+02
3.213180782160241620e+02
3.202228713736584496e+02
3.191455507341863154e+02
3.180862494850391613e+02
3.170455230974199594e+02
3.160235635463926656e+02
3.150206204883161831e+02
3.140396785953211634e+02
3.130539090511538802e+02
3.120886090544696003e+02
3.111438270212635757e+02
3.102200103220353640e+02
3.093175635634451055e+02
3.084367456429803269e+02
3.075784397624138933e+02
3.067429751079008611e+02
3.059315145550447141e+02
3.051449595506720698e+02
3.043845678219853994e+02
3.036522351238591000e+02
3.029495228871284098e+02
3.022793467167565495e+02
3.016443096122026759e+02
3.010482580130284305e+02
3.004958055346025390e+02
2.999921245601383362e+02
2.995446112113313575e+02
2.991607333822337864e+02
2.988513362520437227e+02
2.986280574431453942e+02
2.985060514370105125e+02
2.985044296384920699e+02
2.986391964182126912e+02
2.989341905814730467e+02
2.994110891778249766e+02
3.000954861707221539e+02
3.010079227694290012e+02
3.021656813582630434e+02
3.035837080679349924e+02
3.052671803975341049e+02
3.072278389347379743e+02
3.094837800371124104e+02
3.120611972780855012e+02
3.150318451140721550e+02
3.184578673598585397e+02
3.224370690519903064e+02
3.270248280230152318e+02
3.322277394569289299e+02
3.380362714299229765e+02
3.444496917609900493e+02
3.515838399317204903e+02
3.595193706524740946e+02
3.681960547859546864e+02
3.772414970212113872e+02
3.860512957875464508e+02
3.940851157655714019e+02
4.008509104096916076e+02
4.061633781807266246e+02
4.100966810834842136e+02
4.128477317713337129e+02
4.146418352592772294e+02
4.157073010828673887e+02
4.162044580612046047e+02
4.162833951497599401e+02
4.160290465122959063e+02
4.155185574082706239e+02
4.148128720780595131e+02
4.139601939910355100e+02
4.130173945425531770e+02
4.120317017843496501e+02
4.110438487951881257e+02
4.100987239065752874e+02
4.090927191800368519e+02
4.082175016331949564e+02
4.076716518104178135e+02
4.072624897124440508e+02
4.069986196680682724e+02
4.068700275006731886e+02
4.068824824755690770e+02
4.070794369770150638e+02
4.073269922920474642e+02
4.077986687249719466e+02
4.085508013582649482e+02
4.096114087529362564e+02
4.109252659037533135e+02
4.123577441156847385e+02
4.137316049311658048e+02
4.149097445404065638e+02
4.158546932403497749e+02
4.166058034866638309e+02
4.172210806386862600e+02
4.177573748113907754e+02
4.182264853556636695e+02
4.186198382015888342e+02
4.189051506143446773e+02
4.190369556361154650e+02
4.189843637724501377e+02
4.187147414256471620e+02
4.182085916613820018e+02
4.174647328028102038e+02
4.164761778676909785e+02
4.152622464686668877e+02
4.138352516892970812e+02
4.121941153218805880e+02
4.104160430913150321e+02
4.084718932243063705e+02
4.063903464102975818e+02
4.041903825765925262e+02
4.018913758274346719e+02
3.995129235284373408e+02
3.970675061648586848e+02
3.945712281649811075e+02
3.920349679578212658e+02
3.894689228365934923e+02
3.868830632517221488e+02
3.842841005678630495e+02
3.816799344988583584e+02
3.790765240817988229e+02
3.764789163336185425e+02
3.738928955241166250e+02
3.713220577182664783e+02
3.687709829363956828e+02
3.662437026222104350e+02
3.637431177062187544e+02
3.612737134634298855e+02
3.588380368933253521e+02
3.564400472298959244e+02
3.540658902929860687e+02
3.517124823910465921e+02
3.494110375492454068e+02
3.471650992452097739e+02
3.449805044344907401e+02
3.428635354535956594e+02
3.408202683356169018e+02
3.388608147005459159e+02
3.369934563277319057e+02
3.352315265538226186e+02
3.335891248469606012e+02
3.320817093037401264e+02
3.307305260505382876e+02
3.295543368524134280e+02
3.285791957959813203e+02
3.278281644816059384e+02
3.273243014461237976e+02
3.270911049551721135e+02
3.271403093227249315e+02
3.274849549784004239e+02
3.281154003738125766e+02
3.290194393946729292e+02
3.301597952956821018e+02
3.314878802150374213e+02
3.328973801446229004e+02
3.342970052428508438e+02
3.356780367531961815e+02
3.369767944547362504e+02
3.381461516621678243e+02
3.391463934569254661e+02
3.399550412525292131e+02
3.405544683163407740e+02
3.409436686039582014e+02
3.411218230992589042e+02
3.410982391815618371e+02
3.408847914169854789e+02
3.404950165124856767e+02
3.399481196967581127e+02
3.392592333013473649e+02
3.384483953785030508e+02
3.375317083157253819e+02
3.365257793764337748e+02
3.354465823293410267e+02
3.343069605266981057e+02
3.331203857269698574e+02
3.318970845950650528e+02
3.306471702967212423e+02
3.293792610914228476e+02
3.281265068946481165e+02
3.269043342650025465e+02
3.256813482789654017e+02
3.244626059495112713e+02
3.232525945923163135e+02
3.220549838869641803e+02
3.208730589857214568e+02
3.197098618300677231e+02
3.185674894570714173e+02
3.174485048671684808e+02
3.163543986836538693e+02
3.152868055114505523e+02
3.142471745286555347e+02
3.132361575806030487e+02
3.122551954623364168e+02
3.113044814172451993e+02
3.103849317337713956e+02
3.094970413889219003e+02
3.086410135577926326e+02
3.078179977419960096e+02
3.070283244450193934e+02
3.062743012251414143e+02
3.055586124257162624e+02
3.048875244473316002e+02
3.043013938221116632e+02
3.038245513072772042e+02
3.034891091766330646e+02
3.034017892467301181e+02
3.037968865277489954e+02
3.050693700752964901e+02
3.079030711719968849e+02
3.132704983442584421e+02
3.220275056973995333e+02
3.345109986029967217e+02
3.491042280481525495e+02
3.632023149061980121e+02
3.747207581545389985e+02
3.831402611704724563e+02
3.887874982039004976e+02
3.925950734333439982e+02
3.953339503048155166e+02
3.976899871368541426e+02
4.000011704601848237e+02
4.024731522529165204e+02
4.051332380659534351e+02
4.079163633965744111e+02
4.107070703149965993e+02
4.133704825154396190e+02
4.155740234930751740e+02
4.175729645788566700e+02
4.192136568677248079e+02
4.204960670142955337e+02
4.214337328012969124e+02
4.220323734563395419e+02
4.223241043735336007e+02
4.223261474459787337e+02
4.220666411449990392e+02
4.215778950839666095e+02
4.208844904458091492e+02
4.200221080409270371e+02
4.190150909963981007e+02
4.178905884752832662e+02
4.166713577699092070e+02
4.153748392052490885e+02
4.140186749502597650e+02
4.126148137814647612e+02
4.111747900266290117e+02
4.097074814189411427e+02
4.082199141012059158e+02
4.067184202708780845e+02
4.052080745360433980e+02
4.036926543388144637e+02
4.020923136137049028e+02
4.005777731905022279e+02
3.990674148108795407e+02
3.975631044236698131e+02
3.960663066138966428e+02
3.945787550090045670e+02
3.931006927708539251e+02
3.916329054630120936e+02
3.901750707389039690e+02
3.887265173559981690e+02
3.872867498702016178e+02
3.858537263507672606e+02
3.844264598790504692e+02
3.830024411311536596e+02
3.815797818892567079e+02
3.801566337195902747e+02
3.787301915149147931e+02
3.772996202078241481e+02
3.758622161426046091e+02
3.744174552026162246e+02
3.729640476812614907e+02
3.715012361876413252e+02
3.700294112515523466e+02
3.685478254945787171e+02
3.669841087821593533e+02
3.654968160125354188e+02
3.639975819129046499e+02
3.624876786209657098e+02
3.609684504935691507e+02
3.594419919586214291e+02
3.579096779930595744e+02
3.563739710507207974e+02
3.548363575429943921e+02
3.532992110169778357e+02
3.517643689674964094e+02
3.502337283748944969e+02
3.487096366731644252e+02
3.471934093177799241e+02
3.456875727927899788e+02
3.441932437161065081e+02
3.427126081086267391e+02
3.412471387846986204e+02
3.397981710295922539e+02
3.383676695834970474e+02
3.369562711046013419e+02
3.355660477519816709e+02
3.341975812802752444e+02
3.328523084816290520e+02
3.314978435648460504e+02
3.302333577354868908e+02
3.289968118116070173e+02
3.277880776067211741e+02
3.266085056696734341e+02
3.254582719014501890e+02
3.243375102479141106e+02
3.232471216294155738e+02
3.221862247808313668e+02
3.211557493286898080e+02
3.201547920055645591e+02
3.191832695567148903e+02
3.182410409851072473e+02
3.173268292036216280e+02
3.164409703602971149e+02
3.155818252347958150e+02
3.147490805455296368e+02
3.139417173258565299e+02
3.131583750747088288e+02
3.123986765053612658e+02
3.116607095857206104e+02
3.109439165269662908e+02
3.102467639912431991e+02
3.095680229318825241e+02
3.088967520694528730e+02
3.082811445360902098e+02
3.076751934270076276e+02
3.070778164861797563e+02
3.064886232347535611e+02
3.059072248535444487e+02
3.053331342416695975e+02
3.047665023973456755e+02
3.042070933224771352e+02
3.036554259597203895e+02
3.031117608563927774e+02
3.025768359840947141e+02
3.020515081791945136e+02
3.015366624412176293e+02
3.010337322189676570e+02
3.005438167661321245e+02
3.000687514343553630e+02
2.996100222761519376e+02
2.991693881474885188e+02
2.987489266030139561e+02
2.983501207703145042e+02
2.979754199905757446e+02
2.976262714299181766e+02
2.973047511530662632e+02
2.970116222425990600e+02
2.967806160745686270e+02
2.965810165611055709e+02
2.964133656533162480e+02
2.962791965361100210e+02
2.961790889860482139e+02
2.961132675855490675e+02
2.960826715538437952e+02
2.960865975223780424e+02
2.961258673870339635e+02
2.961999967814740558e+02
2.963093227829703551e+02
2.964545309610460322e+02
2.966358724616556515e+02
2.968555818460455953e+02
2.971149644523590041e+02
2.974177031850832122e+02
2.977673361651991399e+02
2.981688725438943379e+02
2.986288089921948767e+02
2.991528430735354505e+02
2.997496086208265638e+02
3.004251966883278442e+02
3.011876739059150623e+02
3.020280187089409765e+02
3.029801539667784027e+02
3.040262253093280265e+02
3.051593348398643002e+02
3.063707285313366242e+02
3.076444746725713344e+02
3.089599840362475902e+02
3.102943791237377695e+02
3.116214337218004857e+02
3.129146947437797053e+02
3.141507802668337490e+02
3.153063109959597909e+02
3.163638975949350538e+02
3.173103751880325945e+02
3.181340370261097519e+02
3.188315400748261936e+02
3.193981748976592598e+02
3.198357790260612887e+02
3.201481590632359371e+02
3.203386430662614544e+02
3.204163149780462163e+02
3.203870701959254461e+02
3.202604843736082785e+02
3.200459609759321324e+02
3.197341770574970496e+02
3.193774875495254832e+02
3.189577107609898121e+02
3.184843152977027216e+02
3.179655214193066399e+02
3.174083440308498325e+02
3.168206397063885333e+02
3.162080897360123117e+02
3.155768862828325041e+02
3.149322817609834146e+02
3.142785981610993531e+02
3.136203915679749912e+02
3.129610029123330150e+02
3.123037659235260435e+02
3.116515889911825070e+02
3.110067066513225882e+02
3.103715215765308812e+02
3.097478076559675060e+02
3.091372135451903773e+02
3.085414238293200242e+02
3.079614928835122782e+02
3.073989565248544409e+02
3.068548302815428315e+02
3.063302381491295137e+02
3.058186002207212368e+02
3.053393474390533697e+02
3.048826655477440113e+02
3.044494882145489782e+02
3.040416536644153780e+02
3.036609524016421346e+02
3.033091253581215483e+02
3.029891154674003246e+02
3.027029167767694844e+02
3.024544252239654725e+02
3.022465338190348234e+02
3.020833612253506431e+02
3.019692811641482990e+02
3.019080354739334098e+02
3.019053275308316415e+02
3.019644166443021618e+02
3.020906547083239388e+02
3.022871748560813785e+02
3.025567371657402873e+02
3.029021862200454507e+02
3.033228509560860857e+02
3.038187262748086255e+02
3.043867827790539877e+02
3.050219769338548872e+02
3.057102688675072386e+02
3.065000782779372912e+02
3.073322719286871347e+02
3.081942722958197578e+02
3.090704873084401925e+02
3.099482962343216172e+02
3.108111600361964406e+02
3.116453839166774173e+02
3.124376604669888025e+02
3.131746561728327265e+02
3.138473097592074623e+02
3.144471906131131504e+02
3.149687183451182477e+02
3.154108717120971050e+02
3.157735911691691513e+02
3.160613831786822630e+02
3.162813579848980226e+02
3.164415401782562753e+02
3.165545269215083977e+02
3.166319378206668489e+02
3.166878215716337763e+02
3.167370305313109498e+02
3.167930965868364979e+02
3.168710468487839762e+02
3.170081547456955491e+02
3.171950871217248391e+02
3.174446265728788035e+02
3.177636775833180423e+02
3.181605594216237591e+02
3.186378605914459285e+02
3.191957662762122823e+02
3.198326361223101344e+02
3.205393444455976351e+02
3.213075628645089523e+02
3.221210177419203546e+02
3.229645769931597101e+02
3.238166757198362689e+02
3.246578083241677177e+02
3.254649080840413831e+02
3.262197815335759401e+02
3.269050812722515502e+02
3.275070770808808334e+02
3.280200068350044376e+02
3.284368199152227135e+02
3.287626217663467401e+02
3.289998620224022261e+02
3.291595785505681420e+02
3.292542440950260243e+02
3.292805888387206323e+02
3.292208986228818048e+02
3.291487765685780005e+02
3.290863990858916281e+02
3.290539307625314223e+02
3.290681440280562242e+02
3.291440446899197241e+02
3.292869655428003739e+02
3.294963309060066763e+02
3.297639899832844890e+02
3.300765660584119701e+02
3.304151201566559166e+02
3.307659179155227775e+02
3.311102899744722095e+02
3.314368377557650547e+02
3.317344318427087728e+02
3.319895435441483755e+02
3.321971184104460235e+02
3.323436769375527433e+02
3.324228279048109016e+02
3.324264524079125636e+02
3.323459513227996922e+02
3.321787162281776205e+02
3.319195425994985271e+02
3.315411989812344586e+02
3.310872620007510818e+02
3.305393800070506813e+02
3.299045309730899476e+02
3.291887705872024412e+02
3.283995236140912652e+02
3.275466727960575781e+02
3.266378253903670839e+02
3.256836103513012404e+02
3.246931926484674023e+02
3.236753838455856567e+02
3.226401276246967313e+02
3.215951733895245184e+02
3.205491823748501474e+02
3.195099588925397711e+02
3.184839090370021495e+02
3.174784180413514036e+02
3.164985263925973982e+02
3.155496657988725246e+02
3.146367133023120459e+02
3.137625022963493393e+02
3.129313635977121635e+02
3.121444846015785970e+02
3.114041350378340098e+02
3.107053036930203120e+02
3.100496742125548622e+02
3.094432418112181153e+02
3.088833446284995148e+02
3.083691681574051699e+02
3.078980331710424139e+02
3.074670954383767025e+02
3.070746095018527058e+02
3.067171162157406457e+02
3.063936472137781948e+02
3.061026714053229512e+02
3.058443788037159834e+02
3.056208943813140877e+02
3.054354403719734137e+02
3.052948020812432333e+02
3.052075865375013564e+02
3.051862076931408296e+02
3.052460447459746433e+02
3.054054966775129856e+02
3.056876960064350897e+02
3.061151656408243298e+02
3.067166981520091440e+02
3.075146985884833839e+02
3.085327526466203949e+02
3.098095583968050164e+02
3.113372371453136793e+02
3.131199055322699110e+02
3.151335701295503213e+02
3.173474157713021668e+02
3.197118212882953685e+02
3.221662817246362920e+02
3.246424188980336680e+02
3.270732812469456690e+02
3.293864716755516042e+02
3.315282433383789567e+02
3.334467255567337816e+02
3.351068508339038772e+02
3.364922216998273825e+02
3.375916675621688796e+02
3.384175855834541267e+02
3.389830156932021623e+02
3.393129394723229666e+02
3.394358956608439826e+02
3.393799162183788667e+02
3.391764283428419731e+02
3.388527492662906297e+02
3.384355773063128368e+02
3.379488040482988254e+02
3.374166662919854502e+02
3.368816964758690915e+02
3.363351565279318152e+02
3.357900750772136007e+02
3.352579778527220924e+02
3.347478979754584429e+02
3.342658915774284765e+02
3.338178093143945375e+02
3.334053375183442540e+02
3.330308556016573220e+02
3.326934421690052091e+02
3.323920818867513276e+02
3.321243350730884458e+02
3.318865523655608740e+02
3.316755075196998064e+02
3.314859566035682974e+02
3.313143308154442934e+02
3.311549743663290428e+02
3.310038269509630027e+02
3.308561407742911342e+02
3.307075054644518559e+02
3.305542704029285233e+02
3.303921679818295729e+02
3.302181786251181279e+02
3.300089719688701280e+02
3.298054470148124437e+02
3.295817422240659766e+02
3.293361503244913706e+02
3.290664799090271799e+02
3.287721168406270067e+02
3.284518367644365640e+02
3.281053830188986922e+02
3.277330347587093229e+02
3.273343979082980013e+02
3.269109050351336236e+02
3.264626629189558571e+02
3.259911021580488750e+02
3.254973424947058902e+02
3.249822607331020095e+02
3.244476729375064110e+02
3.238943862530121010e+02
3.233240171583142342e+02
3.227377608745553630e+02
3.221367263447772871e+02
3.215221655946133410e+02
3.208952101567897444e+02
3.202566235610281069e+02
3.196077284813827646e+02
3.189410605636958849e+02
3.182748372381985291e+02
3.175994824854195144e+02
3.169155573839624367e+02
3.162245656941530001e+02
3.155266996973518303e+02
3.148233468610432055e+02
3.141150557186735455e+02
3.134025738783271322e+02
3.126870769773504435e+02
3.119688100068276526e+02
3.112491756902439874e+02
3.105285435318485838e+02
3.098080694947524307e+02
3.090886708121209381e+02
3.083711485844335130e+02
3.076569457297106283e+02
3.069468447891962910e+02
3.062424897161396871e+02
3.055451293781118238e+02
3.048564413935527000e+02
3.041784813672462064e+02
3.035132048445018427e+02
3.028635640807572713e+02
3.022272371222620109e+02
3.016117184068497750e+02
3.010248978763810328e+02
3.004743755530897715e+02
2.999731549123335981e+02
2.995411424663121238e+02
2.991689163597382048e+02
2.990156429578138955e+02
2.995233789868715917e+02
3.009033285233878701e+02
3.039107459285963841e+02
3.099787672449819524e+02
3.213074021484787295e+02
3.400999587352631579e+02
3.670604646978093228e+02
3.986504586158217762e+02
4.284762225905116679e+02
4.520071040138896024e+02
4.683032940568884896e+02
4.781849961104455815e+02
4.832621255792088846e+02
4.851107133176111006e+02
4.849799362515991561e+02
4.837096428511844124e+02
4.816997158673884201e+02
4.793566472811799599e+02
4.767466586526026617e+02
4.739475209711719117e+02
4.710075356443699093e+02
4.679588660659070456e+02
4.648254529395765644e+02
4.616245000289428049e+02
4.583708058542725325e+02
4.550758356230131767e+02
4.517496044036546436e+02
4.484007845206472211e+02
4.450368154292767144e+02
4.416642630215343388e+02
4.382892985488296631e+02
4.349168084204194997e+02
4.315519562441605217e+02
4.281988389017606096e+02
4.248612784226281747e+02
4.215432064446222284e+02
4.182471970931084684e+02
4.149768955111576361e+02
4.117344180886263985e+02
4.085224565496988589e+02
4.053287316580725701e+02
4.022280135933344241e+02
3.991624041298360908e+02
3.961329642916836065e+02
3.931421319311904767e+02
3.901915793335796252e+02
3.872829282518595733e+02
3.844191598492341200e+02
3.816023252037968518e+02
3.788368871816171009e+02
3.761280278825211667e+02
3.734833833173822200e+02
3.709132252127034803e+02
3.684311606866071429e+02
3.660455370651931162e+02
3.637592491515187021e+02
3.615443460981110206e+02
3.593493207076386966e+02
3.571121679002122278e+02
3.548048023578435846e+02
3.524374709667001753e+02
3.500532259271793691e+02
3.476921288783821637e+02
3.453849565203569796e+02
3.433888430311827733e+02
3.415891316045001531e+02
3.398751661504039134e+02
3.382503312869505407e+02
3.367115216838676020e+02
3.352544964437535100e+02
3.338677846203967192e+02
3.325396858686870587e+02
3.312564742771909891e+02
3.300101651054845888e+02
3.287979819476450984e+02
3.276219237755649942e+02
3.264902206967263965e+02
3.254083352299628018e+02
3.243824351821038476e+02
3.234131035395079721e+02
3.224953448070336890e+02
3.216212719855003570e+02
3.207789068579274385e+02
3.199586432529450803e+02
3.191497706184341610e+02
3.183494791507922628e+02
3.175549828771785315e+02
3.167696738169676109e+02
3.160981758494085057e+02
3.154716858414443550e+02
3.148644954065606498e+02
3.142820930516485873e+02
3.137327190274196482e+02
3.132231153457943833e+02
3.127598489061246028e+02
3.123518257323265175e+02
3.120052639895406514e+02
3.117305695547671007e+02
3.115358130441854883e+02
3.114306349979301558e+02
3.114257850768581193e+02
3.115273883821782306e+02
3.117459123295751056e+02
3.120821028029811259e+02
3.125391203435278840e+02
3.131113856603563477e+02
3.137888273104774157e+02
3.145565974646928566e+02
3.153916157373461147e+02
3.162692516571053147e+02
3.171578642537953101e+02
3.180279160710067003e+02
3.188706478621130032e+02
3.196026597918259426e+02
3.202213392244090642e+02
3.207117315933735995e+02
3.210598006036112224e+02
3.212589788484888231e+02
3.213095655741802261e+02
3.212119111430066596e+02
3.209766975967722260e+02
3.206107616110846266e+02
3.201283823939494937e+02
3.195416962279162476e+02
3.188646476299136907e+02
3.181116718137569137e+02
3.172950941693363234e+02
3.164286811810613926e+02
3.155232909856604238e+02
3.145904584509567599e+02
3.136393985092224170e+02
3.126792799308323083e+02
3.117176831237761121e+02
3.107617909475720808e+02
3.098181397158434720e+02
3.088929534361803348e+02
3.079903095496605943e+02
3.071303597597895987e+02
3.063201933988322594e+02
3.055821694220128961e+02
3.049649103496702196e+02
3.045493348213238392e+02
3.044964459901176497e+02
3.051031197725340007e+02
3.068336649549235631e+02
3.105010766277916332e+02
3.168530043585772660e+02
3.264260381389387362e+02
3.385647162035906490e+02
3.517262858402144730e+02
3.642191943727890475e+02
3.753275502469334128e+02
3.851150140834565718e+02
3.944602646008796114e+02
4.037551277286495406e+02
4.129565136821507281e+02
4.214826949503860760e+02
4.288211199988942326e+02
4.349161754590465421e+02
4.400433705042440806e+02
4.441420620429845485e+02
4.475568837774123381e+02
4.503073897371424437e+02
4.524138494845934702e+02
4.539519591312550233e+02
4.549771192977533474e+02
4.555904567929795235e+02
4.558977821305155658e+02
4.559893966170021145e+02
4.559495849558052782e+02
4.558261165263656949e+02
4.556544040365801038e+02
4.554539039181501039e+02
4.552356762806032293e+02
4.550064787029259037e+02
4.547690766419336228e+02
4.545248222814990982e+02
4.542738340967739532e+02
4.540153115012705598e+02
4.537482084527736674e+02
4.534712053892346262e+02
4.531826563346396597e+02
4.528812356390631635e+02
4.525653606477565063e+02
4.522294325236484838e+02
4.518902789395689865e+02
4.515329210888434659e+02
4.511569568815014009e+02
4.507618024311477143e+02
4.503471374312034641e+02
4.499129936454712038e+02
4.494590955877462193e+02
4.489857630951665328e+02
4.484929887230326244e+02
4.479809313000018278e+02
4.474498614044328519e+02
4.468997519693321578e+02
4.463309802163756785e+02
4.457434620597742878e+02
4.451374036838916481e+02
4.445128000785945801e+02
4.438696050683649332e+02
4.432079861316362894e+02
4.425276641634157500e+02
4.418288351813439476e+02
4.411112631034922629e+02
4.403749272461868713e+02
4.396198532563036565e+02
4.388542324039113396e+02
4.380745794404438129e+02
4.372759939593885861e+02
4.364585688209138539e+02
4.356222830054882706e+02
4.347669304365621201e+02
4.338926487166394850e+02
4.329990853800039758e+02
4.320862356677299658e+02
4.311537587305003854e+02
4.302013387427984412e+02
4.292286708485829649e+02
4.282351544301599802e+02
4.272205041638936223e+02
4.261839211137944972e+02
4.251250290620886290e+02
4.240430618976827191e+02
4.229374473738342317e+02
4.218078102015530817e+02
4.206533146839637993e+02
4.194739918644408476e+02
4.182692018800426013e+02
4.170389652758761372e+02
4.157833784462767426e+02
4.145135255617865369e+02
4.132197298645323258e+02
4.119038059994198306e+02
4.105668827014603721e+02
4.092095695219911704e+02
4.078324557609093972e+02
4.064367053681120296e+02
4.050224894607781039e+02
4.035909347984793385e+02
4.021423960625425593e+02
4.006774279383204203e+02
3.991966615533788740e+02
3.977002968755344909e+02
3.961890277245718153e+02
3.946631034913064013e+02
3.931231319538805451e+02
3.915696208121382824e+02
3.900032403276107402e+02
3.884247661299948504e+02
3.868350698213928922e+02
3.852352368005583116e+02
3.836263837307051858e+02
3.820098597556248023e+02
3.803870012904291684e+02
3.787852332005547851e+02
3.772160053539827231e+02
3.756454576878888361e+02
3.740750200055790629e+02
3.725061260648095640e+02
3.709402189909931735e+02
3.693784510082993506e+02
3.678222411820643174e+02
3.662724055188123202e+02
3.647300916465661658e+02
3.631959447306223296e+02
3.616705629255986310e+02
3.601546079577755108e+02
3.586481383333442068e+02
3.571517314581317919e+02
3.556652024911294347e+02
3.541887528901326050e+02
3.527223452924220624e+02
3.512657564477834740e+02
3.498191476769716814e+02
3.483820891598945195e+02
3.469547620481390027e+02
3.455369013816377333e+02
3.441285067771591457e+02
3.427493743941442403e+02
3.413859288635968596e+02
3.400351732492271708e+02
3.386968431205052639e+02
3.373712051232326417e+02
3.360582624356115957e+02
3.347580983370850163e+02
3.334710948536056776e+02
3.321971846777573205e+02
3.309369167125746003e+02
3.296903536673206077e+02
3.284578570624477720e+02
3.272398265281943850e+02
3.260363563604933006e+02
3.248480958385393933e+02
3.236750863547925974e+02
3.225178623665354962e+02
3.213767262760123344e+02
3.202518925814281374e+02
3.191439855927783356e+02
3.180530428864310011e+02
3.169797505238300346e+02
3.159243531772664255e+02
3.148872888927894564e+02
3.138974176751601703e+02
3.129254356478131740e+02
3.119739084865013297e+02
3.110430613310142576e+02
3.101337568208280686e+02
3.092468094581757896e+02
3.083828304095424642e+02
3.075433716734406175e+02
3.067290869809586979e+02
3.059417873484442225e+02
3.051828327888439958e+02
3.044537925831798475e+02
3.037570657531318261e+02
3.030940617363177694e+02
3.024678423015530484e+02
3.018803474298021570e+02
3.013345344895718085e+02
3.008335355630395043e+02
3.003799274192286930e+02
2.999781420852871747e+02
2.996309107299383641e+02
2.993433887735832855e+02
2.991197261629058630e+02
2.989653684031794114e+02
2.988816180278973889e+02
2.988758244470633940e+02
2.989664536040336884e+02
2.991635745424546258e+02
2.994850506746416272e+02
2.999529098129681302e+02
3.006102728259697869e+02
3.015364752841110771e+02
3.028963111776272399e+02
3.050658572884895534e+02
3.086978690386076210e+02
3.149604335939367274e+02
3.244819024222016992e+02
3.362935391757301318e+02
3.478819875573125273e+02
3.583400464796644087e+02
3.688567812806397797e+02
3.821764613002558235e+02
4.003415992464998112e+02
4.237086048991445750e+02
4.493400721563369302e+02
4.726920838719612448e+02
4.897620985951453463e+02
4.995338256838704183e+02
5.030467973905776375e+02
5.029598937269655039e+02
5.009696230333652238e+02
4.980216817403507434e+02
4.945796809062054535e+02
4.908615658157606276e+02
4.869892282520520439e+02
4.830206820271430388e+02
4.789957970276829542e+02
4.749392833364236139e+02
4.708690972919234810e+02
4.668002773916811634e+02
4.627438400204815139e+02
4.587093783649345937e+02
4.547052090349347395e+02
4.507372159156957991e+02
4.468114066633272046e+02
4.429320635650016129e+02
4.391025027825887719e+02
4.353264776409437786e+02
4.316053951300149265e+02
4.279420120415244924e+02
4.243374236632803331e+02
4.207926468913952363e+02
4.173203222176629765e+02
4.139173703746807291e+02
4.105770210473518773e+02
4.072986077255441160e+02
4.040825947475942144e+02
4.009293027425594573e+02
3.978379047890484230e+02
3.948096814670096251e+02
3.918433897749256971e+02
3.889400773997614351e+02
3.860994245741214854e+02
3.833213305576612129e+02
3.806068453485319196e+02
3.779549889374992517e+02
3.753673184598957278e+02
3.728432033747172341e+02
3.703835370938322171e+02
3.679889092969172566e+02
3.656590285733261680e+02
3.633954997438140140e+02
3.611975023644355929e+02
3.590665650348940403e+02
3.570024105333337729e+02
3.550052345533558196e+02
3.530817489856956968e+02
3.512401380846031884e+02
3.494652628835264068e+02
3.477550844043056486e+02
3.461089626695767265e+02
3.445252390903052060e+02
3.430012814258841445e+02
3.415356453855289374e+02
3.401245311912274474e+02
3.387656495923523039e+02
3.374552925262875647e+02
3.361898497188709598e+02
3.349661185599945838e+02
3.337800171428975773e+02
3.326285097866085039e+02
3.315082599574769802e+02
3.304164905680457878e+02
3.293510733764239262e+02
3.283101204366136017e+02
3.272929481820635829e+02
3.262992767947159223e+02
3.253302139317385695e+02
3.243875127047099340e+02
3.234743702832723216e+02
3.225732633837075127e+02
3.217354653234879720e+02
3.209432623272100500e+02
3.202050127803593114e+02
3.195334561403977318e+02
3.189417565505455627e+02
3.184466946193762737e+02
3.180692307125175375e+02
3.178303207723052992e+02
3.177601732352455883e+02
3.178845229497930518e+02
3.182386657193381438e+02
3.188508422458675113e+02
3.197460306186046068e+02
3.209417075693031052e+02
3.224306314680721357e+02
3.241926783444829425e+02
3.261772225362223026e+02
3.283158199200207719e+02
3.305331734059308246e+02
3.327534906913205646e+02
3.349098729760245305e+02
3.369661293537237725e+02
3.388934221104390190e+02
3.406543231263161715e+02
3.423806137021547329e+02
3.440316655999082514e+02
3.456636620112240053e+02
3.473387100028043619e+02
3.491015567652689811e+02
3.509866127258226811e+02
3.529706874167763431e+02
3.550000351248752395e+02
3.569948519958402358e+02
3.588760970625331197e+02
3.605786727073681277e+02
3.620841291329971909e+02
3.633816468590655404e+02
3.644916539703241938e+02
3.654307524191872290e+02
3.662084026393511635e+02
3.668366354387539445e+02
3.673112490444443097e+02
3.676276631438737468e+02
3.677832671431892777e+02
3.677691347086261544e+02
3.675891351724079641e+02
3.672458763814657914e+02
3.666505225376039903e+02
3.659819105631204934e+02
3.651647765455981585e+02
3.642196910565168650e+02
3.631614201343056152e+02
3.620045087060772175e+02
3.607660586672226373e+02
3.594562697732038714e+02
3.580896376026586836e+02
3.566761425453498191e+02
3.552249311827420684e+02
3.537458287416985172e+02
3.522450292767439919e+02
3.507304752592811496e+02
3.492081202212900166e+02
3.476832974226709894e+02
3.461621379988861236e+02
3.446488943553952708e+02
3.431491748041424330e+02
3.416683295733016621e+02
3.402115011590119593e+02
3.387863524720771125e+02
3.373998667603237323e+02
3.360627087918869620e+02
3.347369928506616930e+02
3.335172087137598851e+02
3.323970577413714409e+02
3.314004475607900417e+02
3.305613040476697506e+02
3.299194129853265736e+02
3.295191849563882442e+02
3.294176070667487011e+02
3.296632989521417585e+02
3.303113918295271674e+02
3.313984670246909445e+02
3.329340804590861467e+02
3.349037283751247855e+02
3.372323684037430667e+02
3.398191345676941637e+02
3.425157912704173100e+02
3.451624747449645270e+02
3.476027077773566134e+02
3.497087682156237634e+02
3.513826219826407282e+02
3.525809371384114002e+02
3.532897144657262629e+02
3.535299672410712333e+02
3.533494731413144905e+02
3.527947639544843810e+02
3.518797141636215429e+02
3.507192334785765979e+02
3.493682254406587049e+02
3.478695678671790574e+02
3.462593823909714956e+02
3.445702471257209254e+02
3.428252885817999527e+02
3.410462261538131088e+02
3.392487249534428315e+02
3.374463834917567624e+02
3.356496896674283335e+02
3.338680141169289186e+02
3.321082381272783550e+02
3.303774214506275939e+02
3.286811006197937672e+02
3.270249823458599394e+02
3.254158124282797644e+02
3.238598663469658732e+02
3.223680914129975577e+02
3.209532802427261231e+02
3.196360559534562071e+02
3.184497634880847272e+02
3.174391799803071308e+02
3.166811589260947244e+02
3.162717638704731371e+02
3.163714721486783787e+02
3.171781878660938787e+02
3.189046358117525415e+02
3.217872815864926110e+02
3.259714379883391189e+02
3.315702596904393999e+02
3.384835594763380868e+02
3.465031607466869445e+02
3.551850350354907278e+02
3.640751600430115218e+02
3.726744850197296728e+02
3.805686949399013770e+02
3.873613983727147456e+02
3.927914317239328739e+02
3.967241892323327761e+02
3.992233874969409726e+02
4.004822388669311408e+02
4.007338934341405547e+02
4.002506671361867348e+02
3.992303045646958140e+02
3.978506541870978026e+02
3.962289838950604803e+02
3.944601336823217252e+02
3.925811487555580470e+02
3.906449021932751293e+02
3.886802496408539582e+02
3.867045125418640055e+02
3.847305402852722978e+02
3.827665461766516160e+02
3.808184736305196907e+02
3.788900259311777177e+02
3.769841840972769091e+02
3.751026611970730187e+02
3.732466226404495160e+02
3.714172808868296443e+02
3.696146749678585479e+02
3.678397208713270743e+02
3.660922112604866925e+02
3.643724068834593481e+02
3.626805010221542602e+02
3.610160517790441759e+02
3.593795271884473550e+02
3.577703010294031287e+02
3.561886179732475739e+02
3.546342600638096201e+02
3.531068964803747008e+02
3.516107490709967465e+02
3.501199465991615511e+02
3.486558052349587911e+02
3.472178377604184902e+02
3.458057777549896628e+02
3.444196127499953946e+02
3.430585001283640736e+02
3.417225431093444286e+02
3.404108106740803805e+02
3.391230160111189775e+02
3.378585056342651569e+02
3.366163466643482707e+02
3.353960849509688273e+02
3.341964228163118378e+02
3.330168137887424678e+02
3.318559920490359332e+02
3.307130786422475808e+02
3.295870983434671757e+02
3.284768842752018827e+02
3.273817920028448043e+02
3.263005862106375048e+02
3.252328304017146365e+02
3.241775151775318591e+02
3.231342404663901675e+02
3.221031063218953250e+02
3.210632246065640061e+02
3.200354929329703282e+02
3.190196218847826799e+02
3.180161373892481720e+02
3.170252631325129187e+02
3.160475393394926868e+02
3.150839223915202751e+02
3.141352331720805751e+02
3.132032833598495927e+02
3.122899690208153629e+02
3.113987862380097340e+02
3.105342649443265941e+02
3.097044217292990425e+02
3.089207681487879995e+02
3.082021868744857898e+02
3.075787451914032999e+02
3.070890321282753348e+02
3.067924045631216927e+02
3.067288442845822942e+02
3.069162574900824438e+02
3.072953831874409616e+02
3.077502281833707798e+02
3.081482991154204569e+02
3.084112554911319535e+02
3.089006699831278411e+02
3.093880702092454271e+02
3.098715372669630597e+02
3.103691412777973824e+02
3.109139331940217517e+02
3.115419505453500619e+02
3.122922614960866099e+02
3.131962065443540837e+02
3.142760480469032700e+02
3.155456283985187156e+02
3.173117804306819494e+02
3.192943673564201390e+02
3.217136112686844172e+02
3.246002855771565123e+02
3.278260845936437704e+02
3.311041376769200042e+02
3.341652588216008439e+02
3.368692600450361283e+02
3.392815597731076309e+02
3.415114448135672092e+02
3.436987263623674380e+02
3.459964778935494678e+02
3.486593946721980046e+02
3.521054207089560464e+02
3.579647219846917210e+02
3.668733082217735273e+02
3.779196593540002596e+02
3.876274367106857426e+02
3.943044764639180357e+02
3.989465088511128670e+02
4.031345798104211440e+02
4.082165211578371213e+02
4.161657064711151293e+02
4.297875603981566996e+02
4.502536586149499271e+02
4.727970206963807414e+02
4.904906425479732661e+02
5.014425751002059997e+02
5.085482425660377430e+02
5.139110862918453222e+02
5.185040411157543758e+02
5.225432603003167742e+02
5.259997316955081033e+02
5.288562385459019879e+02
5.311221306485687137e+02
5.328352149092775107e+02
5.340595853308886944e+02
5.344992931637353877e+02
5.343802114738773525e+02
5.338659702820832536e+02
5.329601549509475262e+02
5.316674186771167570e+02
5.299832105338447263e+02
5.279339306928204678e+02
5.255329743156519271e+02
5.228243814983843549e+02
5.198449620605617838e+02
5.166327971487964987e+02
5.132298389523170954e+02
5.096584877714226423e+02
5.059476290211313199e+02
5.021105055755191415e+02
4.981579985528383077e+02
4.941021453862814496e+02
4.899474671642578869e+02
4.857050736266629087e+02
4.813848601599848962e+02
4.769973860681192832e+02
4.725611305600243099e+02
4.680909131640556211e+02
4.636071088255046106e+02
4.590694898567498399e+02
4.544319130814446908e+02
4.498692189167508673e+02
4.453862213341864162e+02
4.409898235849414050e+02
4.366838937905806688e+02
4.324709779829316858e+02
4.283551703602656175e+02
4.243364662541975463e+02
4.204183610921742229e+02
4.166012832072578362e+02
4.128869466301078432e+02
4.092778010874137067e+02
4.057739386074803178e+02
4.023793520534408117e+02
3.990943144742421396e+02
3.959225173305227941e+02
3.928660350379974489e+02
3.899266512428013129e+02
3.871085366129343583e+02
3.844120373150977343e+02
3.818417492391308201e+02
3.793983242184417009e+02
3.770841786111070633e+02
3.748962974932654788e+02
3.729170853739329914e+02
3.710708288012305047e+02
3.693524292279127508e+02
3.677606604262047654e+02
3.662915175139345365e+02
3.649381408427785800e+02
3.636969947377421022e+02
3.625563276564802777e+02
3.615076923397560904e+02
3.605374829485367627e+02
3.596292710194003348e+02
3.587684019389735681e+02
3.579355882541341316e+02
3.571131552872685120e+02
3.562864499294202005e+02
3.554388189203407364e+02
3.545622231862795957e+02
3.536494678715933446e+02
3.526976563189102762e+02
3.517132005053113630e+02
3.507025144208187157e+02
3.496840693014405588e+02
3.486809136185665920e+02
3.476874885072347183e+02
3.467704740848508322e+02
3.459996414307096870e+02
3.454451063771403483e+02
3.452029880943052831e+02
3.453740799143697586e+02
3.460740326332430072e+02
3.474174083664564705e+02
3.494781183344107944e+02
3.523003087478078328e+02
3.558370158877634708e+02
3.599562892670697920e+02
3.644536464421237838e+02
3.690576476305453184e+02
3.734860332717166216e+02
3.775038279552193785e+02
3.809029080174536261e+02
3.835743506512614545e+02
3.854742947400878279e+02
3.866181927915529286e+02
3.870873294703999932e+02
3.869758572410098054e+02
3.863921697123366243e+02
3.854437995101076808e+02
3.841697086977936237e+02
3.827719177630410172e+02
3.812245790711904192e+02
3.795714484950563019e+02
3.778454171315819394e+02
3.760696021911064690e+02
3.742613401930795476e+02
3.724328802854749938e+02
3.705923445804120888e+02
3.687458079659236319e+02
3.668973375074021988e+02
3.650498018574617731e+02
3.632057036214977757e+02
3.613668340455134853e+02
3.595354814526324390e+02
3.577136685616254681e+02
3.559046316191902974e+02
3.541114710091389952e+02
3.523388229106039375e+02
3.505923318299766152e+02
3.488783343015479090e+02
3.472066759035226369e+02
3.455871549799784361e+02
3.440347842722538871e+02
3.425506273401627482e+02
3.411934066172147482e+02
3.399744741543405553e+02
3.389289295798258763e+02
3.381096264961792599e+02
3.375768744823814700e+02
3.374051935311632633e+02
3.376908751885412698e+02
3.385229396788328700e+02
3.400123689650301344e+02
3.422310551642585779e+02
3.452194217799471403e+02
3.489566544046608669e+02
3.533240659882942509e+02
3.581356506262057451e+02
3.631450042845369808e+02
3.680698315372690672e+02
3.726593945581860794e+02
3.767065978908305510e+02
3.800668493536607002e+02
3.826963863400825403e+02
3.845959357488258092e+02
3.858327325100948997e+02
3.865024402426049051e+02
3.867103006572667709e+02
3.865906652341262770e+02
3.862109228875491453e+02
3.856634402613227621e+02
3.850270971518113470e+02
3.843774033889460497e+02
3.837812475997659476e+02
3.833120001369988472e+02
3.830388824582581719e+02
3.830373478910190670e+02
3.833970725554589194e+02
3.841899550926420375e+02
3.855165052715659044e+02
3.874266142449451422e+02
3.899636578102349063e+02
3.931093094261755141e+02
3.967704221328865515e+02
4.008138552603245444e+02
4.050516032573863754e+02
4.093326761530615840e+02
4.135431650291485539e+02
4.176868260008588436e+02
4.217855556813306066e+02
4.259619869853243586e+02
4.303911919700158819e+02
4.349423205265047727e+02
4.396540683619719516e+02
4.443901594629392093e+02
4.489795285350275549e+02
4.531798678757202197e+02
4.568116906477497423e+02
4.597153439185078128e+02
4.618655935921366904e+02
4.632545009305798658e+02
4.639662929851768354e+02
4.640816165481014650e+02
4.636921090881958207e+02
4.628934981854387729e+02
4.617533740610288646e+02
4.603451270872645296e+02
4.587160154343148974e+02
4.569114914721043306e+02
4.549647190217833668e+02
4.529013809384974820e+02
4.507448913246989264e+02
4.485098320677671495e+02
4.462128791936996777e+02
4.438633987811080601e+02
4.414866529250924145e+02
4.390181513359990504e+02
4.365293321541079195e+02
4.340277272638144268e+02
4.315167504481931928e+02
4.290034776793019091e+02
4.264907723957018675e+02
4.239836359407112809e+02
4.214856469972766604e+02
4.189993504448922295e+02
4.165287819147722530e+02
4.140751040108282837e+02
4.116416063073713190e+02
4.092292410134940610e+02
4.068398295537149920e+02
4.044746434103764727e+02
4.021340839482897991e+02
3.998195384858044577e+02
3.975307825365661074e+02
3.952686794168222946e+02
3.930330539649421553e+02
3.908240415405103931e+02
3.886417547995206405e+02
3.864857660347396404e+02
3.843387723117780865e+02
3.821886775420441040e+02
3.800683362839440065e+02
3.779769404289910995e+02
3.759140971429431488e+02
3.738792899373825662e+02
3.718717122335447129e+02
3.698912841781868224e+02
3.679369887345705479e+02
3.660087952110451965e+02
3.641060029994059732e+02
3.622281787905154147e+02
3.603752401788417501e+02
3.585463604033444085e+02
3.567418003427529811e+02
3.549608305276551619e+02
3.532034475757681662e+02
3.514694810657288144e+02
3.497584288077748624e+02
3.480706058839853654e+02
3.464053586475511679e+02
3.447629468893114222e+02
3.431430814476385649e+02
3.415455695020800704e+02
3.399612296390017150e+02
3.383881711031759778e+02
3.368386778323712178e+02
3.353121728506064869e+02
3.338087047164269734e+02
3.323281634921088425e+02
3.308701912661265396e+02
3.294351553553484564e+02
3.280225570119015401e+02
3.266328382134932440e+02
3.252658231969377880e+02
3.239216450524315860e+02
3.226007177281630902e+02
3.213029389365079851e+02
3.200291575656440273e+02
3.187794613084739126e+02
3.175547960454765075e+02
3.163559224284205129e+02
3.151837783399939212e+02
3.140401197717235959e+02
3.129262120691390123e+02
3.118449418590302002e+02
3.107988155291295698e+02
3.097921510543743011e+02
3.088288127443688609e+02
3.079311266843964177e+02
3.071046562807723035e+02
3.063648971300391395e+02
3.057375320755737675e+02
3.052539744130401687e+02
3.049631228745117824e+02
3.049329626300865925e+02
3.052526485647903769e+02
3.060595413214944642e+02
3.075006951758863920e+02
3.097735497395274820e+02
3.130470364540172454e+02
3.174335986299514047e+02
3.229770376137184940e+02
3.295646901855517967e+02
3.369391563377193961e+02
3.447313808190537543e+02
3.524108009541176898e+02
3.594654706251212133e+02
3.655227281825705177e+02
3.703639633730088576e+02
3.739966354091274638e+02
3.765287370610433868e+02
3.781058717432745198e+02
3.789806860542748268e+02
3.792949727422939645e+02
3.792071083637020479e+02
3.788854878539899573e+02
3.785097488209939911e+02
3.783477906797581340e+02
3.787254376909701250e+02
3.800547619560950352e+02
3.828054808908767654e+02
3.873168116145431554e+02
3.939134943749842250e+02
4.028352289252557625e+02
4.139940499687087936e+02
4.269981188909233651e+02
4.411214169865759800e+02
4.554449820698870894e+02
4.693088588600969047e+02
4.818777395775442187e+02
4.924461446724378106e+02
5.004806900268188770e+02
5.055493145667484782e+02
5.077881666045473139e+02
5.080244242735778357e+02
5.070003997528380069e+02
5.052832422317299006e+02
5.032406847046791540e+02
5.010634845758867186e+02
4.988702737615266756e+02
4.967318677162582503e+02
4.947017639164211005e+02
4.928334779954471401e+02
4.911769737497984920e+02
4.897983468139026400e+02
4.887753228720371794e+02
4.881989060107782734e+02
4.881910946534720210e+02
4.888671536456741933e+02
4.903726079141879381e+02
4.928079080919521289e+02
4.962502544067002077e+02
5.006736685713329393e+02
5.059397533054814176e+02
5.117875361665916785e+02
5.178183478099167587e+02
5.235951100035612171e+02
5.286723945786344530e+02
5.327223349849039096e+02
5.354725843099932945e+02
5.369506785046222603e+02
5.372700570862511995e+02
5.365991043768857480e+02
5.350802413313277839e+02
5.328785369339439058e+02
5.301339655473276480e+02
5.269553583877416258e+02
5.234469290433310107e+02
5.196774981250581504e+02
5.157122328370946889e+02
5.115977293116414444e+02
5.073726637624355362e+02
5.030688809224348574e+02
4.987105923413987512e+02
4.943186337386176774e+02
4.899093896849835801e+02
4.854968441586987069e+02
4.810919020364658536e+02
4.767047913234333123e+02
4.723425438369473568e+02
4.680127625768988082e+02
4.637205605957439616e+02
4.594708087576016737e+02
4.552427476325218549e+02
4.510865426837006567e+02
4.469855213376908409e+02
4.429407949543366385e+02
4.389548976921151393e+02
4.350292865936477824e+02
4.311645552658936822e+02
4.273629343558251890e+02
4.236238957688512414e+02
4.199494806604778319e+02
4.163396626470710089e+02
4.127952594918805858e+02
4.093176838185273709e+02
4.059067159571669663e+02
4.025648323450675434e+02
3.992922143762792189e+02
3.960914213310449554e+02
3.929645165811176071e+02
3.899136967449113058e+02
3.869435780212387499e+02
3.840567838645677057e+02
3.812600330211411119e+02
3.785582089867915556e+02
3.759589169075205746e+02
3.734622496488035495e+02
3.710665286274159484e+02
3.687994003461982402e+02
3.666680170362587887e+02
3.646841398114311801e+02
3.628573462014399524e+02
3.611931712732782671e+02
3.597018946915544575e+02
3.583808189772549326e+02
3.572310840546016948e+02
3.562445656492954527e+02
3.554068891539227479e+02
3.547032684291022520e+02
3.541084989313444567e+02
3.535990052450647454e+02
3.531484638217423253e+02
3.527291980222556731e+02
3.523171055018706852e+02
3.518897362756141547e+02
3.514253334866801310e+02
3.509103903660407582e+02
3.503312301021341000e+02
3.496803608621037256e+02
3.489560412412982373e+02
3.481034450417079711e+02
3.471739347923652304e+02
3.461782507215291389e+02
3.451281314703117573e+02
3.440372203997675342e+02
3.429178129148581888e+02
3.417852255520984954e+02
3.406532693542408197e+02
3.395352438276046882e+02
3.384462331104798523e+02
3.373981608539850185e+02
3.364053611486352793e+02
3.354821017264185343e+02
3.346419644254814330e+02
3.339042868110602740e+02
3.332869084829921462e+02
3.328169242305693842e+02
3.325248509137688302e+02
3.324499724693973803e+02
3.326390354151476458e+02
3.331372649544164801e+02
3.339920259197540418e+02
3.352298941878271989e+02
3.368629854095422047e+02
3.388458411973795137e+02
3.413084850654865363e+02
3.441016146130547213e+02
3.471601631245845283e+02
3.504071847661278980e+02
3.537349041182685596e+02
3.570081167569961167e+02
3.600940442820848943e+02
3.628825546076069486e+02
3.652784831800869370e+02
3.672442280235940189e+02
3.687592805740562767e+02
3.698278570266764405e+02
3.704837939606365467e+02
3.707469835671232659e+02
3.706616264254745374e+02
3.702609768904673615e+02
3.695808932510854561e+02
3.686622772453627022e+02
3.675366985923224092e+02
3.662410046552928407e+02
3.648074080329834032e+02
3.632632326883352221e+02
3.616370532943952867e+02
3.599370061182326026e+02
3.582169552831344390e+02
3.564768394261736830e+02
3.547275758787661744e+02
3.529804969420502516e+02
3.512430475450507288e+02
3.495221348425424708e+02
3.478239038685876494e+02
3.461519990174483610e+02
3.445111104199766032e+02
3.429036550520853552e+02
3.413321131549655547e+02
3.397989416123257342e+02
3.383048581901392140e+02
3.368519452078155609e+02
3.354403295992119638e+02
3.340710370405426488e+02
3.327445259803861859e+02
3.314607071624723176e+02
3.302203080264446839e+02
3.290227884931450149e+02
3.278687800247380437e+02
3.267580113084076743e+02
3.256906218141076010e+02
3.246631985379103753e+02
3.237973722372294674e+02
3.229749135515367016e+02
3.221925850652701229e+02
3.214486994953816179e+02
3.207417676573039103e+02
3.200701927779658718e+02
3.194343145146580696e+02
3.188331223726214603e+02
3.182677269373930926e+02
3.177388118174037004e+02
3.172474249150075138e+02
3.167969005704281358e+02
3.163895100961669868e+02
3.160316369717884868e+02
3.157293349742644750e+02
3.154928210641095347e+02
3.153355582289396466e+02
3.152735836733986616e+02
3.153316347534304782e+02
3.155334024662838601e+02
3.159155112332890667e+02
3.165105921716218518e+02
3.173557769698182369e+02
3.184738691598779496e+02
3.199514028815000302e+02
3.217428453897691156e+02
3.238285457329830024e+02
3.261689256425120789e+02
3.287031466648101627e+02
3.313443783774400799e+02
3.339939452969908302e+02
3.365557680612392346e+02
3.389251895328769706e+02
3.410209593538349395e+02
3.427759688385752952e+02
3.441394078489163348e+02
3.450994153517626160e+02
3.456517268769134716e+02
3.458214634924094071e+02
3.456440828002318426e+02
3.451594411217094489e+02
3.444179372259931142e+02
3.434619783580297394e+02
3.423363524403115434e+02
3.410784813705977285e+02
3.397223808981485718e+02
3.382971978026797046e+02
3.368193802544195705e+02
3.353077753704091037e+02
3.337933363198247321e+02
3.322897858634366912e+02
3.308075409650680854e+02
3.293567305333332911e+02
3.279429545108340562e+02
3.265729370216372445e+02
3.252494734303937207e+02
3.239751449429317063e+02
3.227513224037495547e+02
3.215766246383523708e+02
3.204508218322397965e+02
3.193700929219682507e+02
3.183323244300192982e+02
3.173329365233816475e+02
3.163683926727489393e+02
3.154344390846841293e+02
3.145270637034446395e+02
3.136436687453829109e+02
3.127802134372870455e+02
3.119359338776179129e+02
3.111076327419287963e+02
3.102954578483514183e+02
3.095185547512726885e+02
3.087570064874704485e+02
3.080121920611645123e+02
3.072824895131251992e+02
3.065691390791423032e+02
3.058709023251360009e+02
3.051883900103899805e+02
3.045215082498149854e+02
3.038698317179510013e+02
3.032341854570917121e+02
3.026137493874638267e+02
3.020094304566250116e+02
3.014207992142286230e+02
3.008482755514523319e+02
3.002921368766395176e+02
2.997523252724644749e+02
2.992294607332631244e+02
2.987233856894658288e+02
2.982345163898739315e+02
2.977629088520308187e+02
2.973087144548561014e+02
2.968720670798359720e+02
2.964530261202364159e+02
2.960515023224714355e+02
2.956737173430807388e+02
2.953115949540431302e+02
2.949664410887825170e+02
2.946381606372191868e+02
2.943262085288259300e+02
2.940306245693598726e+02
2.937508456466673010e+02
2.934867320597532512e+02
2.932379792046687612e+02
2.930040843978583780e+02
2.927849909421554457e+02
2.925800168116069244e+02
2.923890364162489846e+02
2.922114528739527941e+02
2.920469086283795832e+02
2.918951370711139930e+02
2.917559250199885241e+02
2.916299964926168968e+02
2.915196603175630230e+02
2.914318884723467136e+02
2.913847217277474329e+02
2.914267047122226018e+02
2.916661160095422360e+02
2.923949150719024601e+02
2.941764853758160712e+02
2.980755908726734447e+02
3.052465188220506889e+02
3.158028328998873917e+02
3.285734515827269320e+02
3.432359660396714389e+02
3.607630193456728307e+02
3.815504979598703699e+02
4.025021201353422384e+02
4.201494941757378569e+02
4.342914012811504563e+02
4.461867573482576290e+02
4.565052218367449086e+02
4.647492597183520502e+02
4.704684474084584735e+02
4.738648669957096331e+02
4.755600487450147398e+02
4.760920678404248179e+02
4.759682781199749115e+02
4.754974961751547085e+02
4.748715577760395945e+02
4.742076844167341960e+02
4.735607692588099553e+02
4.729623005188304319e+02
4.723805566254264932e+02
4.719343619543629416e+02
4.715382073656598436e+02
4.711848652984249384e+02
4.708650754895886621e+02
4.705684599684730074e+02
4.702826910089787020e+02
4.699956478562639859e+02
4.696950659884796551e+02
4.693687596478191040e+02
4.690057009528331946e+02
4.685962913900952458e+02
4.681316553445419117e+02
4.676057038785959321e+02
4.670126448863829864e+02
4.663495146822304491e+02
4.656146353831852593e+02
4.648069802081728312e+02
4.639283431712241850e+02
4.629792484008212909e+02
4.619632508935799819e+02
4.608829120699469968e+02
4.597417126540005370e+02
4.585443104526069646e+02
4.572583538802479666e+02
4.559481187912178370e+02
4.545905718517072955e+02
4.531900104689177624e+02
4.517503381380401493e+02
4.502747591112792520e+02
4.487675621872742795e+02
4.472316136167186187e+02
4.456704856739075922e+02
4.440870891711978174e+02
4.424840745813759213e+02
4.408642669295173846e+02
4.392297815398223406e+02
4.375829604373618054e+02
4.359256713191043673e+02
4.342597089971906712e+02
4.325867076130824103e+02
4.309081086154070022e+02
4.292252929850823193e+02
4.275394925026432134e+02
4.258517837352702600e+02
4.241632515500935483e+02
4.224747742060760061e+02
4.207873119750282740e+02
4.190679389116191373e+02
4.173788349569605884e+02
4.156908224915709411e+02
4.140045910939315377e+02
4.123209769410697163e+02
4.106406532183791569e+02
4.089642758623332952e+02
4.072926410249470450e+02
4.056262025166219587e+02
4.039657377758296661e+02
4.023117182443591560e+02
4.006646885399102302e+02
3.990252816689358610e+02
3.973937430806299744e+02
3.957707323243294582e+02
3.941564263500646348e+02
3.925512524948860573e+02
3.909555212596675347e+02
3.893693240879366613e+02
3.877930722791623452e+02
3.862266891152630706e+02
3.846705098895179731e+02
3.831245398635666675e+02
3.815889020860993810e+02
3.800398448996539287e+02
3.785559498371983409e+02
3.770817521533367653e+02
3.756172037399531973e+02
3.741626999414282864e+02
3.727184344800687654e+02
3.712845373902618462e+02
3.698615068081316508e+02
3.684492888441297396e+02
3.670484421371552344e+02
3.656590145528489302e+02
3.642812611361036375e+02
3.629155329004273653e+02
3.615617295024778741e+02
3.602203201040053955e+02
3.588911311435522862e+02
3.575743839631804804e+02
3.562701121513683233e+02
3.549780971343808460e+02
3.536985349242090138e+02
3.524309866055523912e+02
3.511755510515308742e+02
3.499318661013098222e+02
3.486996935260194732e+02
3.474905480512811664e+02
3.462719885565693403e+02
3.450646664778266768e+02
3.438682124548589059e+02
3.426826517829691170e+02
3.415078300281550128e+02
3.403435820617692684e+02
3.391900176454299185e+02
3.380469606471767747e+02
3.369147641131292517e+02
3.357933476977126475e+02
3.346829801275732734e+02
3.335839311091528430e+02
3.324963824277064077e+02
3.314209579796811909e+02
3.303578859806015089e+02
3.293078819162948321e+02
3.282715837621860828e+02
3.272497865565748612e+02
3.262437978097920563e+02
3.252547877045811902e+02
3.242849712731908198e+02
3.233367347254304605e+02
3.224137143553512601e+02
3.215479532138293735e+02
3.207435817984524533e+02
3.199851373057384762e+02
3.192856426321918093e+02
3.186639914453197662e+02
3.181435638896624596e+02
3.177556575794259288e+02
3.175373511766887304e+02
3.175305001922571932e+02
3.177818472877233944e+02
3.183308182033289313e+02
3.192112905465751851e+02
3.204380149156273774e+02
3.220001752481900326e+02
3.238739389808580995e+02
3.260050882013464957e+02
3.283265469414492372e+02
3.307644106437400637e+02
3.332222901488314619e+02
3.356184233311277012e+02
3.378649496256347788e+02
3.398892613743798847e+02
3.416428520048253858e+02
3.431001986390182310e+02
3.442359067157854042e+02
3.451898518186611682e+02
3.459036191080155049e+02
3.464341471573321201e+02
3.468417214119299956e+02
3.471796497748008505e+02
3.475067389484264027e+02
3.478646779541199976e+02
3.482912038891682869e+02
3.488142470069376486e+02
3.494515717990423127e+02
3.502126855625066355e+02
3.511065495107196739e+02
3.521299327652834563e+02
3.532819004766462285e+02
3.545573147290023712e+02
3.559390224287669184e+02
3.574210191567704555e+02
3.589778021529452872e+02
3.605966470573669653e+02
3.622560292866419900e+02
3.639381260361560635e+02
3.656293171238950208e+02
3.673090397972940764e+02
3.690013935901417312e+02
3.706950600265263347e+02
3.722952611745168383e+02
3.737677379720313979e+02
3.750811968310071052e+02
3.761999444603346774e+02
3.771033275980699955e+02
3.777664668453658692e+02
3.781831935383021346e+02
3.783512778939124246e+02
3.782740770035154014e+02
3.779701535383657642e+02
3.774501867487546747e+02
3.767400066221482007e+02
3.758574011962437567e+02
3.748246209941559641e+02
3.736631808265705672e+02
3.723901501173278348e+02
3.710256190670990009e+02
3.695836857118517287e+02
3.680800052572591881e+02
3.665268515362412813e+02
3.649357174846496719e+02
3.633169156535678326e+02
3.616915983393562897e+02
3.600520036500015522e+02
3.584084337270618335e+02
3.567675338813759254e+02
3.551347618387129614e+02
3.535158071073383894e+02
3.519146734838171824e+02
3.503361584418906318e+02
3.487835941217686582e+02
3.472603968774744772e+02
3.457700435051278305e+02
3.443143919139446893e+02
3.428968091379051089e+02
3.415182708698761189e+02
3.401809793914943043e+02
3.388859528613414227e+02
3.376333988965053550e+02
3.364243898301721742e+02
3.352574176135394737e+02
3.341325802047152820e+02
3.330476192599184060e+02
3.320009905728218769e+02
3.309902310158948353e+02
3.300123352062496451e+02
3.290651146078441229e+02
3.281165381690842651e+02
3.271934257520200049e+02
3.262921188104658086e+02
3.254111369766932853e+02
3.245475147383306194e+02
3.236999142083543575e+02
3.228670834160825507e+02
3.220473297794842438e+02
3.212411746727682953e+02
3.204469070797854897e+02
3.196657581286432901e+02
3.188970127940116868e+02
3.181412133530268989e+02
3.173990390447967229e+02
3.166700161508637734e+02
3.159554062975940951e+02
3.152544204481549741e+02
3.145677352336422246e+02
3.138948658248347670e+02
3.132355097040941700e+02
3.125893374260846826e+02
3.119554150973056608e+02
3.113332277506316927e+02
3.107257220362149610e+02
3.101012060766698823e+02
3.094873857027266695e+02
3.088836856436878975e+02
3.082888630248110644e+02
3.077021151770092047e+02
3.071226656389553682e+02
3.065493718353900476e+02
3.059820105548074594e+02
3.054194764933388910e+02
3.048617380707163989e+02
3.043082026354793470e+02
3.037587378552678388e+02
3.032134605370218310e+02
3.026722753369598991e+02
3.021358656872569668e+02
3.016044342508523641e+02
3.010790535534667356e+02
3.005605109384250682e+02
3.000502063132277044e+02
2.995496259488214719e+02
2.990605481553736240e+02
2.985853366390443284e+02
2.981263065213685763e+02
2.976857150006296138e+02
2.972620864341095057e+02
2.968693004198081553e+02
2.965130762775127096e+02
2.962009284512455451e+02
2.959411359204328846e+02
2.957440752491506260e+02
2.956208989029702252e+02
2.955834636883568578e+02
2.956445887643226911e+02
2.958134239803119954e+02
2.960988344981964815e+02
2.965022202873793731e+02
2.970201815721945877e+02
2.976455380744173453e+02
2.983633196327076575e+02
2.991592021168560791e+02
3.000160590849088749e+02
3.009135457952148727e+02
3.018375858412497905e+02
3.027682251536509739e+02
3.036896845930754125e+02
3.045877819197042413e+02
3.054451053336924815e+02
3.062311464031278092e+02
3.070407584262719070e+02
3.077636025964627038e+02
3.083961919441603072e+02
3.089322512776644203e+02
3.093727923156494626e+02
3.097177518342420512e+02
3.099680015248786162e+02
3.101292780931066204e+02
3.102039356005945479e+02
3.101989814754301733e+02
3.101206117280434569e+02
3.099741996398433912e+02
3.097683113472793366e+02
3.095080547129057891e+02
3.092010733976792949e+02
3.088537862072771532e+02
3.084714003254077852e+02
3.080606905003141947e+02
3.076258109848504319e+02
3.071720438167699854e+02
3.067037924431353417e+02
3.062242685526748573e+02
3.057377525777533833e+02
3.052256364000435838e+02
3.047508734236068335e+02
3.042736308998826189e+02
3.037957136201318917e+02
3.033198027710228644e+02
3.028470226690022287e+02
3.023792471826663473e+02
3.019177503050404994e+02
3.014633979273543218e+02
3.010175535056036438e+02
3.005806905631517338e+02
3.001537540984732004e+02
2.997374041641454596e+02
2.993319412366899996e+02
2.989382728557110340e+02
2.985564493131035420e+02
2.981871572746337620e+02
2.978307323890519456e+02
2.974874223648756697e+02
2.971579246516794797e+02
2.968422349363561352e+02
2.965410082511812675e+02
2.962544908001027579e+02
2.959829699779395469e+02
2.957233215483065578e+02
2.954933505928093496e+02
2.952795133643753047e+02
2.950816625252952576e+02
2.949000199164067908e+02
2.947346199977077958e+02
2.945852420986277593e+02
2.944520438156650357e+02
2.943345019184357625e+02
2.942327052685126887e+02
2.941461320931450132e+02
2.940745360276121687e+02
2.940176514340807898e+02
2.939749221718196281e+02
2.939464466208974613e+02
2.939317046826686806e+02
2.939309767560990849e+02
2.939444608993725296e+02
2.939726285918189319e+02
2.940169847739053921e+02
2.940788776509981517e+02
2.941612925578291424e+02
2.942681912504039587e+02
2.944043146352058216e+02
2.945846408699844687e+02
2.948135691040450297e+02
2.951030718372975912e+02
2.954694526590536157e+02
2.959310549186079697e+02
2.965163543874115817e+02
2.972473114390012938e+02
2.981589316150804621e+02
2.992772513937389931e+02
3.006248440556445871e+02
3.022221690686598095e+02
3.040579182309679140e+02
3.061147064003708920e+02
3.083377139508149298e+02
3.106534909005346776e+02
3.129678562328237490e+02
3.151864956022450315e+02
3.172135937872196791e+02
3.189950372673478114e+02
3.204964102198326827e+02
3.217149379765721733e+02
3.226831479572058470e+02
3.234286733352563488e+02
3.240088241551638930e+02
3.245445849238885216e+02
3.250387275645187515e+02
3.255075959760563933e+02
3.259871234099863955e+02
3.265199715321290341e+02
3.271344340467546772e+02
3.278577146650843019e+02
3.287049304657012954e+02
3.296741234770740334e+02
3.307529377908434185e+02
3.319146862423050379e+02
3.331223847737509232e+02
3.343373583296645393e+02
3.355224629076844849e+02
3.366354541980638260e+02
3.376560854474053031e+02
3.385549184883454927e+02
3.393187708202784165e+02
3.399394422117588874e+02
3.404019697186496956e+02
3.407117862974679383e+02
3.408578843889187624e+02
3.408440240446451526e+02
3.406697423477164079e+02
3.403439954818321667e+02
3.398683635425241505e+02
3.392453863079670100e+02
3.384890360439090955e+02
3.376120710415432882e+02
3.366289569833724613e+02
3.355561303163376010e+02
3.344082901900189313e+02
3.332003800428121281e+02
3.319465012350393636e+02
3.306589528579498278e+02
3.293493429472491130e+02
3.280278168605451583e+02
3.267021017651762804e+02
3.253803226843562015e+02
3.240674299002116072e+02
3.227686752876323908e+02
3.214880463734887144e+02
3.202277718886612661e+02
3.189912452988444898e+02
3.177790371476446012e+02
3.165932740517296793e+02
3.154347013312465151e+02
3.143037422228767923e+02
3.132481529603641661e+02
3.122386244057755107e+02
3.112628621747851412e+02
3.103208400742594222e+02
3.094142381136309154e+02
3.085451902861090048e+02
3.077151777446470078e+02
3.069290051192978126e+02
3.061895565175435081e+02
3.055038638106805706e+02
3.048792200157201933e+02
3.043246334735637788e+02
3.038546182384040435e+02
3.034809202015166534e+02
3.032261472436529743e+02
3.031071332027191829e+02
3.031475126768531254e+02
3.033716817275847006e+02
3.037947314435918997e+02
3.044394540189960594e+02
3.053058029428602254e+02
3.063949264338576768e+02
3.076987659867156140e+02
3.091988403544971220e+02
3.108567752374416386e+02
3.126811584548790961e+02
3.147075741615987567e+02
3.169978426100262254e+02
3.196253635259319594e+02
3.227305798748906795e+02
3.264254582043942605e+02
3.308631957876950764e+02
3.361246002183455630e+02
3.421976064828909898e+02
3.489771311699766443e+02
3.562056568869905959e+02
3.635914052802070842e+02
3.708677086147078512e+02
3.778022096804302237e+02
3.842221905849132781e+02
3.900067513000564077e+02
3.950160727989749603e+02
3.992147418353548574e+02
4.025888589748692539e+02
4.051977481911627592e+02
4.071725885856141076e+02
4.086321987028296121e+02
4.097330720953046921e+02
4.105724063651591678e+02
4.112553843740108732e+02
4.118500161659789001e+02
4.124036029495031244e+02
4.129418174152050938e+02
4.134823169445000985e+02
4.140381640241761829e+02
4.146211082910428445e+02
4.152581158414271840e+02
4.159695268815600002e+02
4.167932076496393279e+02
4.177376213257765016e+02
4.187982419130202061e+02
4.199240440698144425e+02
4.210214656683079397e+02
4.219569441864877604e+02
4.226090009253517792e+02
4.228542301964310468e+02
4.226522212937183554e+02
4.219917159189041627e+02
4.209038881129960146e+02
4.194609720867416058e+02
4.177115555487896472e+02
4.157371990921944871e+02
4.134300151979121551e+02
4.109431365657026163e+02
4.083682522507650106e+02
4.057350180307557821e+02
4.030700493037955425e+02
4.003917749772707566e+02
3.977141716981195714e+02
3.950485108054203351e+02
3.924030643963900502e+02
3.897832909496895581e+02
3.871953114032139069e+02
3.846411027246672347e+02
3.821242892310975776e+02
3.796467197031019509e+02
3.772092457067819851e+02
3.748148150850155957e+02
3.724625696945541904e+02
3.701549131694115999e+02
3.678920154462358596e+02
3.656744218752712641e+02
3.635044201377040167e+02
3.613808619049148660e+02
3.593072077559490936e+02
3.572825445707215408e+02
3.551988714534582527e+02
3.531321487526842020e+02
3.511166293491130546e+02
3.491550513747743594e+02
3.472451316569130881e+02
3.453888071224422447e+02
3.435859336740592767e+02
3.418361006545670762e+02
3.401423608707370363e+02
3.385027369254131031e+02
3.369221338732041318e+02
3.354007112204531040e+02
3.339436147498971081e+02
3.325576456547645421e+02
3.312496579487312829e+02
3.300379072314455016e+02
3.289374858307020872e+02
3.279805342343890970e+02
3.272072316386587545e+02
3.266704795260783953e+02
3.264593090888278653e+02
3.266619844584193970e+02
3.274311731805890986e+02
3.289204743236929858e+02
3.309835706439102410e+02
3.337149107394469638e+02
3.371572126847525510e+02
3.412581450793428530e+02
3.457943026016160388e+02
3.505005876773772115e+02
3.550455863348778394e+02
3.591392129358166585e+02
3.625124281412382743e+02
3.650775052386572952e+02
3.667744310081519075e+02
3.676691362676913286e+02
3.678634719059322151e+02
3.674550153247504909e+02
3.665859976313726634e+02
3.653422137477623437e+02
3.638272390140002130e+02
3.621113673261950794e+02
3.602515235092122339e+02
3.582987811730080239e+02
3.562841229320151797e+02
3.542394904714659560e+02
3.521843735658047194e+02
3.501363619774559197e+02
