nan
4.884818886323708398e+02
4.883475419615659803e+02
4.883282954332270833e+02
4.884094026544627241e+02
4.885716654705960877e+02
4.887959437320839697e+02
4.890556847928712045e+02
4.893282060251294183e+02
4.895902160656354454e+02
4.898226746022422731e+02
4.900087776859325572e+02
4.901400057674421191e+02
4.902068900815291954e+02
4.902104494120599725e+02
4.901508276843595695e+02
4.900319666824793217e+02
4.898612865637271625e+02
4.896429281199033312e+02
4.893867256888248107e+02
4.890983825823325901e+02
4.887854678304668710e+02
4.884547907544067584e+02
4.881124492800365715e+02
4.877651746932942274e+02
4.874753489774541890e+02
4.871834198280827195e+02
4.868975947361034287e+02
4.866252537750256693e+02
4.863708710589423845e+02
4.861394539989901773e+02
4.859312240034243473e+02
4.857466771613183596e+02
4.855832536255084619e+02
4.854369680174075370e+02
4.853035253745418913e+02
4.851772240694867264e+02
4.850534530612381445e+02
4.849281648948484076e+02
4.847988797478805623e+02
4.846644549612831838e+02
4.845256579916317605e+02
4.843840277597729482e+02
4.842419787197450773e+02
4.841016677570677871e+02
4.839643954796848675e+02
4.838297717047105948e+02
4.836953559212739151e+02
4.835563224071048012e+02
4.834743810987179131e+02
4.833658122857101489e+02
4.832201046113489724e+02
4.830246766436105759e+02
4.827715448820881079e+02
4.824492479719414177e+02
4.820534958837857289e+02
4.815798765592100494e+02
4.810258766127000172e+02
4.803959101848593036e+02
4.796899354868604064e+02
4.789173933813833060e+02
4.780840453703896742e+02
4.771986538985291304e+02
4.762718399874391935e+02
4.753111794143017619e+02
4.743286501246387843e+02
4.733320812755102338e+02
4.723313873678864638e+02
4.713337620806355517e+02
4.703469326374923867e+02
4.693755794242055117e+02
4.684242877623397590e+02
4.674950510084590860e+02
4.667183223973889312e+02
4.659606396289520376e+02
4.652161409037490785e+02
4.644799601796951833e+02
4.637443139514775226e+02
4.630014615698753460e+02
4.622436260124495675e+02
4.614628561307996506e+02
4.606510828768105057e+02
4.598027424323280457e+02
4.589111061459742018e+02
4.579728978742253389e+02
4.569852501937587590e+02
4.559459801123851435e+02
4.548569438048294273e+02
4.537177095914805705e+02
4.525327481981416895e+02
4.513050193547447861e+02
4.500390648504488240e+02
4.487408992851390508e+02
4.474146887838442694e+02
4.460670769080182367e+02
4.447023649667749510e+02
4.433252900014214219e+02
4.420150875390012288e+02
4.406905846500783355e+02
4.393519802704103085e+02
4.379978123668464605e+02
4.366246025717890120e+02
4.352269263759059186e+02
4.337983912127201052e+02
4.323316491881885213e+02
4.308175327612423757e+02
4.292495705497655081e+02
4.276186360275807488e+02
4.259199012699137938e+02
4.241489955410557968e+02
4.223017287099649479e+02
4.203803487704940380e+02
4.183829421856838735e+02
4.163154045159003545e+02
4.141808782438621961e+02
4.119850932272735804e+02
4.097358516119639944e+02
4.074385069805618969e+02
4.051026328570095529e+02
4.027351732758144180e+02
4.003447166162342796e+02
3.979513254482166076e+02
3.955524690093562299e+02
3.931574734097108035e+02
3.907758552367031939e+02
3.884173103613699141e+02
3.860923608779051506e+02
3.838140046668995637e+02
3.815937045617301351e+02
3.794502749127364041e+02
3.773995743028317520e+02
3.754659771284955809e+02
3.736781110201094975e+02
3.720654066395365476e+02
3.706773518698479961e+02
3.695533425515801582e+02
3.687605384388565426e+02
3.683608525648770069e+02
3.684193301035704167e+02
3.690205973432196060e+02
3.701972708950215747e+02
3.720005106908698167e+02
3.743976032545957651e+02
3.773236296406525980e+02
3.806508002781484947e+02
3.841738887514213161e+02
3.876863880271156972e+02
3.910127755930780040e+02
3.940213666986036287e+02
3.966261781418176611e+02
3.988204992178954740e+02
4.006005058862922965e+02
4.020335633925041066e+02
4.031708567606993938e+02
4.040925577858330371e+02
4.048787412243701738e+02
4.056090537777790814e+02
4.063672861529723264e+02
4.072341155937872941e+02
4.082762415508965432e+02
4.095548653083170620e+02
4.111089877673185242e+02
4.129487657982679139e+02
4.150665179591867968e+02
4.174119061764189951e+02
4.199194769841510606e+02
4.225056171116228256e+02
4.250781341498258143e+02
4.275573439137994569e+02
4.297879081918205770e+02
4.318409948893640831e+02
4.337190927899602002e+02
4.354541100806590634e+02
4.371037680840516941e+02
4.387502947522809222e+02
4.404804712355613106e+02
4.423715283978309003e+02
4.444909857685487395e+02
4.468669268464590800e+02
4.494951305896257168e+02
4.523322544368090234e+02
4.552948370790222725e+02
4.582764385233721214e+02
4.611685965791232320e+02
4.638601260661976653e+02
4.662737596501760891e+02
4.683589797002532009e+02
4.700913664569418984e+02
4.714868996456677905e+02
4.725691986782020990e+02
4.733815924257623351e+02
4.739719401562535381e+02
4.743840608360624174e+02
4.746735676361839751e+02
4.748710242191107227e+02
4.750076666170522230e+02
4.751078256101488364e+02
4.751889214696665249e+02
4.752631084903526357e+02
4.753371165278921922e+02
4.754118066093699326e+02
4.754825839247994850e+02
4.755417007398193050e+02
4.755731032104977203e+02
4.755613525260203573e+02
4.754853190655958883e+02
4.753212766075669720e+02
4.750507136244734738e+02
4.746482373867307274e+02
4.740984790404854721e+02
4.733863822009928413e+02
4.724992027946083795e+02
4.714357399313846031e+02
4.701923475051765422e+02
4.687755247206255262e+02
4.671955647893433934e+02
4.654632294365351868e+02
4.635794242076632941e+02
4.615769659525121256e+02
4.594770954431386372e+02
4.573025456911267952e+02
4.550728367128742207e+02
4.528106207457560686e+02
4.505353628003666699e+02
4.482660452476322348e+02
4.460230474917611900e+02
4.438234776308350433e+02
4.416886543059644055e+02
4.396395521044902921e+02
4.377014038678449879e+02
4.359080553585621942e+02
4.342976445313884710e+02
4.329303716311657695e+02
4.318711578383082497e+02
4.312139629565178893e+02
4.310585901428497095e+02
4.315019220776225097e+02
4.326518321352399425e+02
4.345547017208405123e+02
4.372427078416973245e+02
4.406742426178989831e+02
4.449056878121529621e+02
4.496210054109899374e+02
4.546010867082308096e+02
4.595990942656658262e+02
4.644200564395093807e+02
4.688815805691592118e+02
4.728793099213315259e+02
4.764125377893257109e+02
4.794689857852317232e+02
4.821043389295385850e+02
4.843480687583966073e+02
4.862118783385384972e+02
4.877242184484784389e+02
4.888912753151934680e+02
4.897337196524924821e+02
4.903035939068469133e+02
4.906498661830710262e+02
4.908490860816203849e+02
4.909705897921337510e+02
4.910698612473021285e+02
4.911988348089511760e+02
4.913824228061524764e+02
4.916335819900162960e+02
4.919042669718270417e+02
4.922781924424507451e+02
4.926623188824833051e+02
4.930263376844325762e+02
4.933318634039895301e+02
4.935530774349347212e+02
4.936600549608473329e+02
4.936311024856285599e+02
4.934600157725371901e+02
4.931369476912631171e+02
4.926720134658742154e+02
4.920758541956707859e+02
4.913628776248680765e+02
4.905592215502217073e+02
4.896867514231368546e+02
4.887729014586280982e+02
4.878496668375567538e+02
4.869415242922415246e+02
4.860788277649953102e+02
4.852850404242234958e+02
4.845742788640511094e+02
4.839598437054140732e+02
4.834368468343396898e+02
4.829933783579743363e+02
4.825851215548836990e+02
4.822289846635963499e+02
4.818656414896347542e+02
4.814605962250779498e+02
4.809773834074931074e+02
4.803935452714609369e+02
4.796948530451107899e+02
4.788785907231845727e+02
4.779655504083402775e+02
4.769916982955435287e+02
4.760105506681915699e+02
4.751069683609982235e+02
4.743602376571980130e+02
4.738637858170496315e+02
4.736905952816023273e+02
4.738607935523496053e+02
4.743693218503033222e+02
4.751444483654042301e+02
4.760962208903256396e+02
4.771451031815151396e+02
4.782133428641444084e+02
4.792437319036598069e+02
4.802170718115401087e+02
4.810977323024790167e+02
4.818287575764308031e+02
4.825081870210241277e+02
4.830507564856470140e+02
4.834471428668774138e+02
4.836664872629736465e+02
4.836983633849550870e+02
4.835276312788672612e+02
4.831422710507630427e+02
4.825401203242910242e+02
4.817185169153565312e+02
4.806788346532268292e+02
4.794326672457140148e+02
4.779883505699846751e+02
4.763646828962054656e+02
4.745791646007733675e+02
4.726505394389619710e+02
4.706023075068669641e+02
4.684539352698252515e+02
4.662300685260571527e+02
4.639535098849301562e+02
4.616473733050611941e+02
4.593388401842522626e+02
4.570513769626882663e+02
4.548148370193712253e+02
4.526468824803307598e+02
4.506241058416081842e+02
4.487499586215332670e+02
4.470557587877104311e+02
4.455880197407975061e+02
4.443867294315912773e+02
4.434965873718179523e+02
4.429684894550436525e+02
4.428321184311684533e+02
4.431252302644695078e+02
4.438467773546382773e+02
4.449798456360367140e+02
4.464703899766110453e+02
4.482260731743551219e+02
4.501414821402706252e+02
4.520964375986265509e+02
4.539837436407428299e+02
4.557185734287225500e+02
4.572392344361140886e+02
4.585030998376290086e+02
4.594888705985835031e+02
4.601689829547268573e+02
4.605400328964923915e+02
4.605970246545611531e+02
4.602483673776779369e+02
4.596527130432205013e+02
4.588033586433020901e+02
4.577576424068499250e+02
4.565493797441873198e+02
4.552235796356424657e+02
4.538169255567658524e+02
4.523642427279397680e+02
4.509140407016182053e+02
4.495333272501742385e+02
4.483331545181256956e+02
4.474656198678674741e+02
4.471695857740633073e+02
4.476643032438720979e+02
4.491887437216305443e+02
4.518137785288368491e+02
4.554511055621027253e+02
4.598492966387785827e+02
4.647237863821475798e+02
4.698231849926363566e+02
4.750248965959436873e+02
4.802512751397920852e+02
4.852915763521268104e+02
4.898206128780200856e+02
4.933277066869434861e+02
4.958287565857009440e+02
4.974545126587637469e+02
4.984719802018439623e+02
4.991161496918043099e+02
4.994587191666482795e+02
4.994551629335377925e+02
4.989809998863929650e+02
4.979769815143673668e+02
4.963930544212305449e+02
4.942904785256874902e+02
4.917263358577229724e+02
4.887871056603735269e+02
4.855585122770029329e+02
4.821012304040275467e+02
4.784827406447826661e+02
4.747396209305282468e+02
4.709136299778484727e+02
4.670297481724297768e+02
4.631131346292315811e+02
4.591828575630053706e+02
4.552546903010462529e+02
4.513439607895220433e+02
4.474610852856263250e+02
4.436351797218346178e+02
4.398423598360175788e+02
4.361060428542699015e+02
4.324314260048523124e+02
4.288245629828306846e+02
4.252905286988689681e+02
4.218320834277149061e+02
4.184544403137566633e+02
4.151581686262987319e+02
4.119472255738114654e+02
4.088223345062870067e+02
4.057846448620394995e+02
4.028360270715818956e+02
3.999748685379252038e+02
3.972031863649750676e+02
3.945185982082595615e+02
3.919209368130129860e+02
3.894089734852640845e+02
3.869794465073689480e+02
3.846320738345848440e+02
3.823619216314282880e+02
3.801673965248979243e+02
3.780443365511556522e+02
3.759883764834224849e+02
3.739836994004834878e+02
3.720282448444618240e+02
3.701265107024729559e+02
3.682725442828258338e+02
3.664621584786027597e+02
3.646911587795332821e+02
3.629547206009351612e+02
3.612502443811666240e+02
3.595735707717082619e+02
3.579230091755074454e+02
3.562962432534858408e+02
3.546923222064704078e+02
3.531111283668996634e+02
3.515525928811600238e+02
3.500186200359542568e+02
3.485105367587431147e+02
3.470316239457631582e+02
3.455855839898660520e+02
3.441766111168835209e+02
3.428114250090876567e+02
3.414959605566939445e+02
3.402396209712232462e+02
3.390530230907103260e+02
3.379481342723069019e+02
3.369343703650570205e+02
3.360475569047340514e+02
3.353039571305534423e+02
3.347340055461567658e+02
3.343761464507756500e+02
3.342863144122608787e+02
3.345164593748132233e+02
3.351495597007306628e+02
3.362561586716461761e+02
3.379225940974658329e+02
3.402245151020392768e+02
3.432044782887933252e+02
3.468936785337513129e+02
3.512523891060653796e+02
3.562365037275501436e+02
3.617304895017800277e+02
3.676345673872444308e+02
3.737940823398849943e+02
3.800986068450161497e+02
3.864359089696240517e+02
3.927620705575398006e+02
3.991123067710790906e+02
4.056154177521630686e+02
4.125237927050959001e+02
4.202396653869114402e+02
4.291103676945830898e+02
4.397606632710932786e+02
4.525767096304380175e+02
4.675844367772370447e+02
4.842352687136561258e+02
5.011928295626074146e+02
5.168087401769184908e+02
5.296957020380319818e+02
5.392288253889882981e+02
5.456035543211584127e+02
5.494656770353624324e+02
5.514661279246373624e+02
5.522232771109241867e+02
5.521420201071894098e+02
5.515346936406119767e+02
5.506040469433106637e+02
5.494927702502088778e+02
5.483020604102559901e+02
5.471026653395124413e+02
5.459468877959910742e+02
5.448745189932209314e+02
5.439143518929217862e+02
5.430894691939359973e+02
5.424176890889061724e+02
5.418883450652582496e+02
5.415427825899972731e+02
5.413794576496477475e+02
5.414036490730366040e+02
5.416067123066704880e+02
5.419804374860052576e+02
5.425121828837134217e+02
5.431785952506628519e+02
5.439617977371963207e+02
5.448327534386163506e+02
5.457712713307981858e+02
5.467553930945181264e+02
5.477727463465425899e+02
5.488169899449740115e+02
5.498908390810933042e+02
5.510058947934531943e+02
5.521779785828989588e+02
5.534266744242059985e+02
5.547739368686028456e+02
5.562324838052010136e+02
5.578122870375206048e+02
5.595107828966943089e+02
5.613014383377446848e+02
5.630394558702291761e+02
5.647333393168958082e+02
5.663461182089001795e+02
5.678354467392970264e+02
5.691459368163956469e+02
5.702715820830892426e+02
5.711953981311123698e+02
5.719071220216740130e+02
5.724254607175092815e+02
5.727428934763689767e+02
5.728848143190654127e+02
5.728393262525088403e+02
5.725637898766824492e+02
5.720083130178671809e+02
5.711211665774283119e+02
5.699091635014377744e+02
5.684506707214050039e+02
5.668473306294787335e+02
5.652162839231156113e+02
5.635956130920716305e+02
5.619358849214036127e+02
5.601161993825558056e+02
5.580187080770240300e+02
5.556162462201745029e+02
5.528855903097195323e+02
5.499443110520001028e+02
5.469806317695770304e+02
5.440430530814345502e+02
5.411705435506494268e+02
5.383838215780007204e+02
5.356938028530735210e+02
5.331089201650304403e+02
5.306306051545653872e+02
5.282609455391454958e+02
5.259998820185084014e+02
5.238460043467827063e+02
5.217996923649868677e+02
5.198587498043664255e+02
5.180238025347911162e+02
5.162938410695338689e+02
5.146692202725367906e+02
5.131508349179930519e+02
5.117387229326441229e+02
5.104354472552242896e+02
5.092410679495594081e+02
5.081583954730351138e+02
5.071882864566260878e+02
5.063315387959443683e+02
5.056175087956789298e+02
5.050216125865786125e+02
5.045347358951852357e+02
5.041519640113931473e+02
5.038679769898058112e+02
5.036770398189552225e+02
5.035682626916325262e+02
5.035333473991235564e+02
5.035594164816945977e+02
5.036332882776316637e+02
5.037430143454503764e+02
5.038730241098548959e+02
5.040114122750288175e+02
5.041455002641556007e+02
5.042636141060640398e+02
5.043582268947895386e+02
5.044221397783317684e+02
5.044520013972363586e+02
5.044487018534419462e+02
5.044145221265010832e+02
5.043573444414761298e+02
5.042884152136505804e+02
5.042202274112740952e+02
5.041725968867414167e+02
5.041566554329016867e+02
5.042098920803789497e+02
5.043513288433117054e+02
5.045986363537232364e+02
5.049731254155981901e+02
5.054854157096518747e+02
5.061419536204821839e+02
5.069442922008725532e+02
5.078799386544374670e+02
5.089332835899116958e+02
5.100817120399594273e+02
5.112911190708858840e+02
5.125334239943778130e+02
5.137701612408465053e+02
5.149636765292899554e+02
5.160845206791882447e+02
5.170930829917625715e+02
5.179649559599408803e+02
5.186751818577132553e+02
5.192025132290009424e+02
5.195414941299206930e+02
5.196876304292094346e+02
5.196481167911048260e+02
5.194430152830044563e+02
5.190741572482352240e+02
5.185981514769894147e+02
5.180571853955833603e+02
5.174882869672696870e+02
5.169365477276537604e+02
5.164369229097196694e+02
5.160262387898370662e+02
5.157353998013047658e+02
5.155818171507048646e+02
5.155802553380623294e+02
5.157282799954930397e+02
5.160123891805338872e+02
5.164110919128910382e+02
5.168882007607006699e+02
5.174027084072594107e+02
5.179143840114343220e+02
5.183759270316066932e+02
5.187530772472294984e+02
5.190153889974301364e+02
5.191412002380506010e+02
5.191270600416529533e+02
5.189763876500977631e+02
5.187068884296496663e+02
5.183504762021741499e+02
5.179362272369809261e+02
5.175229227975914910e+02
5.171587240931170300e+02
5.168865289688394569e+02
5.167552913842736189e+02
5.167996553418453232e+02
5.170452261156301574e+02
5.175092546752625822e+02
5.181844448003884054e+02
5.190548997287805832e+02
5.200864556672952403e+02
5.212287414859046066e+02
5.224267008527504004e+02
5.236183073988000842e+02
5.247371209241782708e+02
5.257315508838465803e+02
5.265457572304046607e+02
5.271430168227281001e+02
5.274981512420243916e+02
5.275929515938954637e+02
5.274318005667794296e+02
5.270221039065967261e+02
5.263862506416463702e+02
5.255562974763373632e+02
5.245628123444301991e+02
5.234647510668738732e+02
5.223126784788925079e+02
5.211564187893470717e+02
5.200548952629756059e+02
5.190676282910986856e+02
5.182577397016981422e+02
5.177016542666933674e+02
5.174646323981153273e+02
5.176321267470084422e+02
5.182711932085945818e+02
5.194437294577537614e+02
5.211957187734755053e+02
5.235197567302828929e+02
5.263823496516533851e+02
5.296797249896741278e+02
5.332669066649348224e+02
5.369626563016247474e+02
5.405808921197692598e+02
5.439340742709936194e+02
5.468944158765415295e+02
5.493514481803498484e+02
5.512624014182979408e+02
5.526212017522314000e+02
5.534293357874416870e+02
5.537349016882628803e+02
5.536527661737032986e+02
5.532563974668951232e+02
5.526148650182831261e+02
5.517939451634287025e+02
5.508538354978759344e+02
5.498494926269864891e+02
5.488256617618033033e+02
5.478232315007883244e+02
5.468734799284004566e+02
5.459985196684009452e+02
5.452175096718908662e+02
5.445345309423008757e+02
5.439518259359082322e+02
5.434600408062168526e+02
5.430414843971897199e+02
5.426723426801572714e+02
5.423194752721635723e+02
5.419420831320187517e+02
5.414992157544099882e+02
5.409442632073646564e+02
5.402323081186523268e+02
5.393310624814130279e+02
5.381980424591513383e+02
5.367713378006733365e+02
5.350872637128042015e+02
5.331457804556008568e+02
5.309482685971131559e+02
5.284965172212691868e+02
5.258053633618964113e+02
5.228830229778113790e+02
5.197512889071919062e+02
5.164259692796082390e+02
5.129345203031240317e+02
5.092979367703918001e+02
5.055454284952659236e+02
5.017008810650350483e+02
4.977901576366909921e+02
4.938383097968812763e+02
4.898655659545993331e+02
4.858960236338858749e+02
4.819451765154861391e+02
4.780330271871478658e+02
4.741724572451140602e+02
4.703777708506442536e+02
4.666610043601120879e+02
4.630314443841111824e+02
4.595335276607760875e+02
4.562562214493219699e+02
4.530975484852665431e+02
4.500654338661184397e+02
4.471733258872254169e+02
4.444361462668505851e+02
4.418739178124978366e+02
4.395147371409059929e+02
4.373914622732950193e+02
4.355530187359377123e+02
4.340489194974986162e+02
4.329485311573646413e+02
4.323145837724934495e+02
4.322091104697785227e+02
4.326932560670718999e+02
4.337901668663980104e+02
4.355227312871810454e+02
4.378867619714742432e+02
4.408330465954775832e+02
4.443262019029946828e+02
4.482266483076244299e+02
4.523640570367178384e+02
4.565112246119989550e+02
4.604185779140484556e+02
4.637551455274419823e+02
4.666194282493033825e+02
4.687970007309465359e+02
4.703234143873636413e+02
4.712428118759621043e+02
4.716248299647918998e+02
4.715564712687749420e+02
4.710910387926249996e+02
4.703002498147898791e+02
4.692234228110407344e+02
4.678978461938187934e+02
4.663563449144982087e+02
4.646192307478476096e+02
4.627150507635385566e+02
4.606665459333009380e+02
4.584984331414420353e+02
4.562385744098166924e+02
4.539088590684611404e+02
4.515352457509536634e+02
4.491380009368064066e+02
4.467366243301731288e+02
4.443500864672625994e+02
4.419916332537533208e+02
4.396771280685117631e+02
4.373867469117794258e+02
4.352395568452802195e+02
4.331758012196186769e+02
4.311939024210304865e+02
4.292888367789139465e+02
4.274490697344533601e+02
4.256605964553971262e+02
4.239058474690244793e+02
4.221660297051124644e+02
4.204217587762087760e+02
4.186581370306815870e+02
4.168584937073609353e+02
4.150173045537500798e+02
4.131282639339967773e+02
4.111924957019929252e+02
4.092155730384617982e+02
4.072018468791127361e+02
4.051631322047547314e+02
4.031065079184958790e+02
4.010427129856137753e+02
3.989798366629350994e+02
3.969246687605885882e+02
3.948838893929629421e+02
3.928604882241225482e+02
3.908248774127740148e+02
3.890781427421941885e+02
3.873378291290707125e+02
3.856040670735691265e+02
3.838779547307692610e+02
3.821617929811167755e+02
3.804562863447370091e+02
3.787656888534810378e+02
3.770913035858534386e+02
3.754373480142094763e+02
3.738063328071954174e+02
3.722010111491259181e+02
3.706249913561164249e+02
3.690795077509404791e+02
3.675680131594841669e+02
3.660909456809484936e+02
3.646503159874569064e+02
3.632465978741018375e+02
3.618795536707932001e+02
3.605499434594943864e+02
3.592560222448824447e+02
3.579978455365138075e+02
3.567737336242267361e+02
3.555823176893819095e+02
3.543760910496939118e+02
3.532709644936338691e+02
3.521890634077898312e+02
3.511292200415641105e+02
3.500916141661378447e+02
3.490772184928325714e+02
3.480866522708860771e+02
3.471231493454022825e+02
3.461893707211960987e+02
3.452909341415151516e+02
3.444366252898515199e+02
3.436381473853858211e+02
3.429194827965428658e+02
3.423165723407991550e+02
3.418964802356815653e+02
3.417906361160316919e+02
3.422045155940039081e+02
3.435588997114686549e+02
3.464067416714390788e+02
3.514529657868452546e+02
3.590169656068941322e+02
3.684265568899209029e+02
3.782370120223170034e+02
3.873462043982707996e+02
3.956863905307877189e+02
4.033347832542477249e+02
4.101874180957711360e+02
4.156129998776056595e+02
4.194423434513364555e+02
4.219334249210320991e+02
4.237321462521790636e+02
4.252237949824590828e+02
4.266346835969316658e+02
4.279630508797122843e+02
4.291137695576290412e+02
4.299819598258395104e+02
4.304403747017276487e+02
4.304409237958747667e+02
4.299309483885634222e+02
4.289695644030786639e+02
4.275783199457692376e+02
4.258507994865312298e+02
4.238374188737947748e+02
4.216084800634126282e+02
4.192205698654279331e+02
4.167221566879153443e+02
4.141690708039373590e+02
4.115959683491074088e+02
4.091059396974110314e+02
4.066473213117981231e+02
4.042840354976628419e+02
4.020322581653339284e+02
3.999083511878987451e+02
3.979293212209895501e+02
3.961082195811140991e+02
3.944644121758331039e+02
3.930107746188783722e+02
3.917687748583141456e+02
3.907549188152750048e+02
3.899911053018526559e+02
3.895017943252736927e+02
3.893091769960307715e+02
3.894483586271281865e+02
3.899458854428054906e+02
3.908454638846241664e+02
3.921853314710248810e+02
3.940087760508087058e+02
3.963669029050603285e+02
3.992890727150976886e+02
4.028136752625384815e+02
4.069452398401808182e+02
4.116655607483356221e+02
4.169815343270142307e+02
4.228196894404193813e+02
4.290874636895101162e+02
4.356829701470595637e+02
4.424899655110592107e+02
4.493992010209251475e+02
4.562977813924698580e+02
4.630585449428779725e+02
4.695502491168389270e+02
4.756137484399654909e+02
4.810961765146033713e+02
4.858520203297897524e+02
4.897813649886584244e+02
4.928443772732356933e+02
4.950204833374767190e+02
4.963641907919269443e+02
4.969169686348137702e+02
4.967519470437264317e+02
4.959545892024403884e+02
4.945998008849877010e+02
4.927805168140840237e+02
4.905814186570376023e+02
4.880796766617977482e+02
4.853563261544341003e+02
4.824945601985665462e+02
4.795224896010132625e+02
4.765091772457696493e+02
4.734989017037720487e+02
4.705361209704604448e+02
4.676594371822072844e+02
4.649084056702632211e+02
4.623280600740445720e+02
4.599633577982092447e+02
4.578767836285778685e+02
4.561340278818917682e+02
4.548233499289070210e+02
4.540467925644647949e+02
4.539117312310186776e+02
4.545585071051306159e+02
4.560875910470430199e+02
4.586070811819722053e+02
4.621408476376428780e+02
4.665823842978770131e+02
4.717141058233275999e+02
4.771325308478913030e+02
4.823554084554622818e+02
4.869537019962898512e+02
4.905750596322108095e+02
4.930275332758684499e+02
4.942811072288388345e+02
4.944028507261954246e+02
4.935568258665921917e+02
4.919152097374069967e+02
4.896430488816110369e+02
4.869115078134339569e+02
4.838470850721369061e+02
4.805626928608998014e+02
4.771460370638556014e+02
4.736604020970877968e+02
4.701607925478442098e+02
4.666839323483929434e+02
4.632607327022220147e+02
4.599155968863188377e+02
4.566651199303183830e+02
4.535262844036133743e+02
4.505093792346933128e+02
4.476244548709673836e+02
4.448801753179939169e+02
4.422810564685411236e+02
4.398343820613641242e+02
4.375425715058534024e+02
4.354086740742068287e+02
4.334552639282777022e+02
4.316800846396989755e+02
4.300651102596545456e+02
4.286076712664176398e+02
4.273069885239803511e+02
4.261658057084813436e+02
4.251794815974872677e+02
4.243529256654309165e+02
4.236803705956352815e+02
4.231586038832116401e+02
4.227815599697447624e+02
4.225321472803386769e+02
4.223999149053972246e+02
4.223583363160979047e+02
4.223837568388553336e+02
4.224463456806279282e+02
4.225111973147230628e+02
4.225460823500572474e+02
4.225171967489801546e+02
4.223937234730354930e+02
4.221547715359905055e+02
4.217873383117037065e+02
4.212872845639997763e+02
4.206696957271255428e+02
4.199850454416339289e+02
4.192925181811677930e+02
4.185695610846453292e+02
4.178509598643721574e+02
4.171802259514260527e+02
4.165916170938374989e+02
4.161266701200428315e+02
4.158211273175948008e+02
4.157043777922914956e+02
4.158069894459001148e+02
4.161433355734486668e+02
4.167254800280679206e+02
4.175502466519049563e+02
4.186025635904005071e+02
4.198603593225197983e+02
4.212912594122583982e+02
4.228613557985997318e+02
4.245392378105676698e+02
4.262872124238154470e+02
4.280786011642662743e+02
4.298684384109047869e+02
4.316075734975812566e+02
4.332402848388406937e+02
4.347092242389443868e+02
4.359925842712627286e+02
4.371122132900535462e+02
4.381586223633137820e+02
4.392529322686913815e+02
4.404729438835180417e+02
4.418637529908168062e+02
4.433560041436642223e+02
4.448266812616418520e+02
4.461371284959101899e+02
4.471269619072746764e+02
4.476844928508878070e+02
4.477306361373850336e+02
4.471950308866462933e+02
4.460856793374425706e+02
4.444173577404885123e+02
4.422394017138952336e+02
4.396443758795707026e+02
4.367057578545383194e+02
4.335221296285623680e+02
4.301683980866263255e+02
4.267071525888460428e+02
4.231952478551215222e+02
4.196671940659113034e+02
4.161563684965852303e+02
4.127778380415770130e+02
4.093585038994771139e+02
4.060131159166062957e+02
4.027473837629951845e+02
3.995675216434862591e+02
3.964767710110551775e+02
3.934764125938759776e+02
3.905686853288934799e+02
3.877525540032347067e+02
3.850286701939618865e+02
3.823958386578386808e+02
3.798524375325670803e+02
3.773977941955326401e+02
3.750287745660812675e+02
3.727443347713590924e+02
3.705413954469910891e+02
3.684173292915359070e+02
3.663700423691806236e+02
3.643954042861494145e+02
3.624916202491692729e+02
3.606546232374586793e+02
3.588814787641791213e+02
3.571695323914157711e+02
3.555143827215179044e+02
3.539460308819568581e+02
3.524226197592985841e+02
3.509501828504312471e+02
3.495254928456538437e+02
3.481444365921275335e+02
3.468052620699725708e+02
3.455038378279130029e+02
3.442384433116888545e+02
3.430064045642534438e+02
3.418051363705741892e+02
3.406336170251039448e+02
3.394890232332709274e+02
3.383707989639853508e+02
3.372770403481802646e+02
3.362066987835770533e+02
3.351592252842676771e+02
3.341331591079475629e+02
3.331286434228778717e+02
3.321444928692840790e+02
3.311807763329846921e+02
3.302370783274529344e+02
3.293131922729904204e+02
3.284093466610891596e+02
3.275251817474384666e+02
3.266645176493644840e+02
3.258309771413311751e+02
3.250165873584727478e+02
3.242215117326884410e+02
3.234463476408809015e+02
3.226916265720848855e+02
3.219575756983203405e+02
3.212450833026378518e+02
3.205541074597536522e+02
3.198855720078644254e+02
3.192395072755311958e+02
3.186163093398570823e+02
3.180164340624141914e+02
3.174396081998078785e+02
3.168865048905493040e+02
3.163565469273663666e+02
3.158500395831489982e+02
3.153666168389848963e+02
3.149058454817852635e+02
3.144676635386413750e+02
3.140511081854957638e+02
3.136560431574340555e+02
3.132814654995200954e+02
3.129267877157574276e+02
3.125913318979382325e+02
3.122921393291987897e+02
3.120110163876865386e+02
3.117468580697048424e+02
3.114990389551312546e+02
3.112665463426721999e+02
3.110485709990628038e+02
3.108442384856845706e+02
3.106526659572029416e+02
3.104731199397515979e+02
3.103046850129730387e+02
3.101466751005193601e+02
3.099982437069591015e+02
3.098586914211727503e+02
3.097272693170262414e+02
3.096032951280140537e+02
3.094861299905736018e+02
3.093750809789280538e+02
3.092695161977082421e+02
3.091688158425662323e+02
3.090723992100886903e+02
3.089796635835755865e+02
3.088900878404631385e+02
3.088030720183443236e+02
3.087094694068686067e+02
3.086425753544970121e+02
3.085770149529378727e+02
3.085122804408679258e+02
3.084476796936634173e+02
3.083827857444627512e+02
3.083169545678155714e+02
3.082497707571003502e+02
3.081808626112689353e+02
3.081097389620123295e+02
3.080364108515859698e+02
3.079605453148482752e+02
3.078824961871581536e+02
3.078025158262220771e+02
3.077213113463700438e+02
3.076403398240166780e+02
3.075611161317945061e+02
3.074871544635944360e+02
3.074222635671455919e+02
3.073736970335748993e+02
3.073521950498856086e+02
3.073744419990744063e+02
3.074743648085907353e+02
3.077043860174370593e+02
3.081967981790317026e+02
3.091997019653294956e+02
3.111996832134828423e+02
3.151908899821249861e+02
3.225413610739699379e+02
3.348870890621780063e+02
3.516569187178601510e+02
3.700845809312306187e+02
3.868766223389999368e+02
4.017351590549279194e+02
4.152242599686739482e+02
4.280557445439763455e+02
4.403014909795663243e+02
4.521713625162573749e+02
4.634338225622859682e+02
4.736404067350292735e+02
4.820448567334366317e+02
4.884902651957474973e+02
4.935718179741799077e+02
4.981100063812496046e+02
5.025544848230478010e+02
5.066672009925933935e+02
5.101222518614302430e+02
5.126148092642732763e+02
5.142296559233900552e+02
5.149088804543687274e+02
5.152868801514052848e+02
5.154753144723001697e+02
5.155196284472046955e+02
5.154566314911380687e+02
5.153062570487752510e+02
5.150895532252766316e+02
5.148192047828484874e+02
5.145042247665684272e+02
5.141539740211860590e+02
5.137746824554731120e+02
5.133743452732287551e+02
5.129599610224615844e+02
5.125388265644558032e+02
5.121184987360999230e+02
5.117057164681410768e+02
5.113076872154352372e+02
5.109299734849813603e+02
5.105785078593486901e+02
5.102568625160138254e+02
5.099683115617119711e+02
5.097142132270005845e+02
5.094937655844420306e+02
5.093065464699600966e+02
5.091428457295361341e+02
5.090025840243025073e+02
5.088786116969068303e+02
5.087622897811225471e+02
5.086457785244127194e+02
5.085201130910257916e+02
5.083774258324419861e+02
5.082116270261194586e+02
5.080171651183009658e+02
5.077919081916660957e+02
5.075359982277128665e+02
5.072520950529982429e+02
5.069473748010306622e+02
5.066316345163172628e+02
5.063184790378294338e+02
5.060264482401397004e+02
5.057764189497505072e+02
5.055939849239476871e+02
5.055089987114570249e+02
5.055509315456001787e+02
5.057553257409884964e+02
5.061534276337793017e+02
5.067737900608520363e+02
5.076386336339235754e+02
5.087650879708422167e+02
5.101388296767685802e+02
5.117292017909596211e+02
5.134834783560157803e+02
5.153329537473173332e+02
5.171861817021144816e+02
5.189484890883878734e+02
5.205318040832270299e+02
5.218574820633767786e+02
5.228750092755586820e+02
5.235630219200502324e+02
5.239192333394947809e+02
5.239757551687362138e+02
5.237700186983192907e+02
5.233556717855984743e+02
5.227897482881669475e+02
5.221252745065474983e+02
5.214163801808598464e+02
5.207079171554406685e+02
5.200388647156302113e+02
5.194413447801579196e+02
5.189381028764473740e+02
5.185432509768255613e+02
5.182709077577073913e+02
5.181124170388313814e+02
5.180574745125306890e+02
5.180890884670370724e+02
5.181855982274514645e+02
5.183242116852546815e+02
5.184787597296999593e+02
5.186259014295529823e+02
5.187448096937514492e+02
5.188181635175598103e+02
5.188344253773663013e+02
5.187876464999238806e+02
5.186753846194358175e+02
5.185020939069454471e+02
5.182734369665427039e+02
5.179992076193362891e+02
5.176910287183801529e+02
5.173604185641536333e+02
5.170209912012286395e+02
5.166849062419548773e+02
5.163645249152077668e+02
5.160716648062083323e+02
5.158162876056771893e+02
5.156074536430054422e+02
5.154516081337550304e+02
5.153680048931107649e+02
5.153452510708547152e+02
5.153810943903557700e+02
5.154705137815356011e+02
5.156057900048278952e+02
5.157747962610815193e+02
5.159651862174342796e+02
5.161624414213204091e+02
5.163522593419571649e+02
5.165230596698485215e+02
5.166645780980682048e+02
5.167710942604002184e+02
5.168410429076144510e+02
5.168761146656111123e+02
5.168827873218767763e+02
5.168698182293446735e+02
5.168478542694891757e+02
5.168285781484623840e+02
5.168229179886494649e+02
5.168399357562431078e+02
5.168867583764035771e+02
5.169665931759836894e+02
5.170790158178193678e+02
5.172120368994678756e+02
5.173909430890599879e+02
5.175772453024271726e+02
5.177565306685761470e+02
5.179112868680557540e+02
5.180235603798237207e+02
5.180748259385985648e+02
5.180461500049210599e+02
5.179233258739249095e+02
5.176918232282826011e+02
5.173440680531562066e+02
5.168760836023739103e+02
5.162879066475809395e+02
5.155876262785451445e+02
5.147845683514768780e+02
5.138952866451769523e+02
5.129385354657543985e+02
5.119356593950614069e+02
5.109108823291503541e+02
5.098887983682740810e+02
5.088937478927218194e+02
5.079510877810000125e+02
5.070828664476850349e+02
5.063104385968103429e+02
5.056421537427205521e+02
5.051258407357092324e+02
5.047513391031939136e+02
5.045244802763671146e+02
5.044508214801498980e+02
5.045307026676389341e+02
5.047586527547991864e+02
5.051291966239577391e+02
5.056284360726327236e+02
5.062428269136659651e+02
5.069537450937110634e+02
5.077399127716425369e+02
5.085788992967682134e+02
5.094459318584590051e+02
5.103159212004177334e+02
5.111651667779667605e+02
5.119704948297627993e+02
5.127120690852150346e+02
5.133746889358560566e+02
5.139452286625147508e+02
5.144187710392232020e+02
5.147919424156326613e+02
5.150682212173745711e+02
5.152542722799020112e+02
5.153425985535129712e+02
5.153858530014842927e+02
5.153713115842890602e+02
5.153133101233838715e+02
5.152252526627815996e+02
5.151202984326949945e+02
5.150101172424923561e+02
5.149057598393886792e+02
5.148163688302468017e+02
5.147512680032923527e+02
5.147184504736977715e+02
5.147264651467938847e+02
5.147841537150050044e+02
5.148996538962743443e+02
5.150829022392529168e+02
5.153405646044559489e+02
5.156799375973641872e+02
5.161036394974614723e+02
5.166101298071882866e+02
5.171939041460118460e+02
5.178418744671829472e+02
5.185368737576400235e+02
5.192568172082962974e+02
5.199752998965622055e+02
5.206392240185646187e+02
5.212690855251212270e+02
5.218131338601547213e+02
5.222497835279186802e+02
5.225561049810635268e+02
5.227178354904858679e+02
5.228166098936799244e+02
5.227340596405311999e+02
5.224790584616516753e+02
5.220445846977514748e+02
5.214324256855101112e+02
5.206477532969117874e+02
5.196977445653061523e+02
5.185979239284656614e+02
5.173618457553933467e+02
5.160091362518668348e+02
5.145583220364146655e+02
5.130284309566214915e+02
5.114378696650649658e+02
5.098020795531601834e+02
5.081348802853150346e+02
5.064459658446618278e+02
5.047435550117215257e+02
5.030317877573695000e+02
5.013121736332704472e+02
4.996020477328046354e+02
4.978935718831534700e+02
4.961911894901502365e+02
4.945002269834083677e+02
4.928268778111639676e+02
4.911804169534002540e+02
4.895683969642157081e+02
4.879988939999408899e+02
4.864791722545687662e+02
4.850099497909551474e+02
4.835899571908848316e+02
4.822102806260833745e+02
4.808546703076479503e+02
4.795038699813234757e+02
4.781305788087524888e+02
4.767069496829669788e+02
4.752068271779756401e+02
4.736061156825685998e+02
4.718885908663064583e+02
4.700448085408156089e+02
4.680721326053674716e+02
4.659777631463629746e+02
4.637747837081054172e+02
4.614526211793335051e+02
4.590834700323336506e+02
4.566734226447626952e+02
4.542538695286245343e+02
4.518553476554138797e+02
4.495078485241531894e+02
4.472404022792887872e+02
4.450809940510701495e+02
4.430530767547361393e+02
4.411794583602431885e+02
4.394783475069537531e+02
4.379599710959212757e+02
4.366362527032442813e+02
4.355030602295269091e+02
4.345566556766436861e+02
4.337815469486332063e+02
4.331509629999145545e+02
4.326370217107809140e+02
4.321978986251688184e+02
4.317920527273248581e+02
4.313760479805395676e+02
4.309084205756130359e+02
4.303520215321001956e+02
4.296849295254204435e+02
4.288898708053192195e+02
4.280305748711925276e+02
4.270605555460266487e+02
4.259919597215409226e+02
4.248451088453642797e+02
4.236343314348111448e+02
4.223832160239150539e+02
4.211092193892396267e+02
4.198299740001755822e+02
4.185631509591086683e+02
4.173211584551428928e+02
4.161154932003237832e+02
4.149567064812543435e+02
4.138494817303756008e+02
4.128005847509989508e+02
4.118121012297755783e+02
4.108838952091257966e+02
4.100192724342317661e+02
4.092137881346049539e+02
4.084696975154686243e+02
4.077845694939620103e+02
4.071572528198087184e+02
4.065919437058403219e+02
4.060867540119907062e+02
4.056769510162397410e+02
4.053621534503972157e+02
4.051252989387998582e+02
4.049750567235263361e+02
4.049171594788667221e+02
4.049644851936502050e+02
4.051186115305122257e+02
4.053938682451748150e+02
4.057885221962793594e+02
4.063089261715144289e+02
4.069492968965548130e+02
4.076972010243674163e+02
4.085347414793493499e+02
4.094307296917450003e+02
4.103617944823971015e+02
4.113046013175239182e+02
4.122531715393072318e+02
4.132040249313909612e+02
4.141621511507375999e+02
4.151167338108670606e+02
4.160489999149411915e+02
4.169207925079823553e+02
4.176830290324797375e+02
4.182947153982150326e+02
4.187146170577369162e+02
4.188314620067749274e+02
4.187306537614531408e+02
4.184279775184590449e+02
4.179563862976872315e+02
4.173408952197610802e+02
4.166204765344012344e+02
4.158202010987557742e+02
4.149661498030201869e+02
4.140785121529538060e+02
4.131718257266855403e+02
4.122605645275400548e+02
4.113544209878163542e+02
4.104647366629156977e+02
4.095991917460978016e+02
4.087687315968734083e+02
4.079808525328330688e+02
4.072458374608031022e+02
4.065711476230582093e+02
4.059665268713471846e+02
4.054403555136294699e+02
4.050008127190748723e+02
4.046578135879094020e+02
4.044169415222817179e+02
4.042610739661045045e+02
4.041882918379702119e+02
4.042484612529203218e+02
4.044379347921851036e+02
4.047510171407136568e+02
4.051807870025436387e+02
4.057144203457156664e+02
4.063412392248884544e+02
4.070451498224376792e+02
4.078107973047044652e+02
4.086199083145514805e+02
4.094530517482259029e+02
4.102892186982262501e+02
4.111090295273111224e+02
4.118900447578077433e+02
4.126163865004614877e+02
4.132690673853582553e+02
4.138379263757685180e+02
4.143147902095047925e+02
4.146949501328267047e+02
4.149819501369922250e+02
4.151771972337957664e+02
4.152906056640460406e+02
4.153289079752517523e+02
4.152384319360522227e+02
4.151057095550005442e+02
4.149230873702210829e+02
4.146955623898318208e+02
4.144279425707675273e+02
4.141204766911154707e+02
4.137748667486330305e+02
4.133878858773075535e+02
4.129576751166894724e+02
4.124800189518225579e+02
4.119501092318704991e+02
4.113649429482168216e+02
4.107183566582463641e+02
4.100103234380529784e+02
4.092354232333201480e+02
4.083971951051060501e+02
4.074935411991721708e+02
4.065292219403592071e+02
4.055079774503826116e+02
4.044324712848676882e+02
4.033108979819581350e+02
4.021418070030080116e+02
4.009311128006067406e+02
3.996748349569413108e+02
3.984250628801697189e+02
3.972052917042133799e+02
3.959638130291606899e+02
3.946984068948816571e+02
3.934124505493471133e+02
3.921186770178162533e+02
3.908337817452528498e+02
3.895831779494983493e+02
3.883891572741525806e+02
3.872745845384947643e+02
3.862583198129037783e+02
3.853471724316891596e+02
3.845457181516026708e+02
3.838459301697154160e+02
3.832393646932142701e+02
3.827151701867726956e+02
3.822728790371245964e+02
3.819248554203891217e+02
3.817031398273118157e+02
3.816660249200024850e+02
3.818849924120913215e+02
3.824454844794797737e+02
3.834259764009418063e+02
3.848557254258886928e+02
3.867924637273344501e+02
3.890604505312722949e+02
3.915855953322179630e+02
3.942690117209341452e+02
3.970434410873439788e+02
3.998265997213097194e+02
4.025028274866216975e+02
4.049409694030854894e+02
4.070111566598470176e+02
4.086067287379344748e+02
4.096707835732016179e+02
4.102030582896619535e+02
4.102207175658779761e+02
4.097936820272388445e+02
4.089790362448009660e+02
4.078477702467218364e+02
4.064630735800341199e+02
4.048754303149274278e+02
4.031351989495583439e+02
4.012762926923091982e+02
3.993314986914239171e+02
3.973245318683643745e+02
3.952746872486860639e+02
3.931988214051813770e+02
3.911319880802806210e+02
3.890941487863499901e+02
3.870640832098029023e+02
3.850478875668676437e+02
3.830499383165789027e+02
3.810736472459071820e+02
3.791211794861117710e+02
3.771941536713875394e+02
3.752937007671224592e+02
3.734202301958687826e+02
3.715746689573999788e+02
3.697565523132286103e+02
3.679671406867842620e+02
3.662060872409846297e+02
3.644743912923366906e+02
3.627729757166301852e+02
3.611022158020825827e+02
3.594643662973393248e+02
3.578596458332591510e+02
3.562905892358063511e+02
3.547581550920845075e+02
3.532641165933364391e+02
3.518105885816025875e+02
3.503982201511607855e+02
3.490394517975452686e+02
3.477340593074777644e+02
3.464700423999781265e+02
3.452478797688899022e+02
3.440688258886303288e+02
3.429340753532640065e+02
3.418434956986226894e+02
3.407988240470282335e+02
3.397990853518922449e+02
3.388456613101026846e+02
3.379378044268092367e+02
3.370756882425908429e+02
3.362596122099528770e+02
3.354882471491727642e+02
3.347626209746400150e+02
3.340807698044259268e+02
3.334433672624099358e+02
3.328490354154264423e+02
3.322971472372482822e+02
3.317875223308869863e+02
3.313181828288707607e+02
3.308895349668205199e+02
3.304992199880736621e+02
3.301471391906783310e+02
3.298260925995139701e+02
3.295764136264368744e+02
3.293645848451242273e+02
3.291876491718043098e+02
3.290446575776062446e+02
3.289324212434357264e+02
3.288490627484119955e+02
3.287921953755912341e+02
3.287587919627330848e+02
3.287471338746713627e+02
3.287538534479544410e+02
3.287772426235937360e+02
3.288145751039586457e+02
3.288638614075390478e+02
3.289234680773802779e+02
3.289913063919293563e+02
3.290665347980707338e+02
3.291474054984928443e+02
3.292335658867678490e+02
3.293241841534370451e+02
3.294190598829872556e+02
3.295183093580905052e+02
3.296217693286045005e+02
3.297302271422699960e+02
3.298410530592396981e+02
3.300033358802472776e+02
3.301743282603801504e+02
3.303546266114228160e+02
3.305451212995673131e+02
3.307459180386164803e+02
3.309579975603193702e+02
3.311812847927534449e+02
3.314163084604690539e+02
3.316631569985892725e+02
3.319215746531261289e+02
3.321917563901411086e+02
3.324727813877552762e+02
3.327646006753599863e+02
3.330661358589318297e+02
3.333766999284603685e+02
3.336954577903435393e+02
3.340208317590419256e+02
3.343521629013204119e+02
3.346873748645846263e+02
3.350257456673343199e+02
3.353654157844687234e+02
3.357050708495261802e+02
3.360435437608231837e+02
3.363726195294988202e+02
3.367229683468976873e+02
3.370656031757907840e+02
3.374000206905793107e+02
3.377247741391474278e+02
3.380390247444993292e+02
3.383423782002668077e+02
3.386337301176207006e+02
3.389135561867418573e+02
3.391810930426875075e+02
3.394371067334718077e+02
3.396816941212074425e+02
3.399155879779775660e+02
3.401397390161470184e+02
3.403549596942413586e+02
3.405628296004321669e+02
3.407644129307902858e+02
3.409615677028014034e+02
3.411555918962602618e+02
3.413483296122421393e+02
3.415412313594229659e+02
3.417358080206262798e+02
3.419335212421784149e+02
3.421353516956564818e+02
3.423204683328262945e+02
3.425190991230387567e+02
3.427191027457450332e+02
3.429202582234664760e+02
3.431222064382862982e+02
3.433246988098522934e+02
3.435267958537873483e+02
3.437280027528507844e+02
3.439274467190898577e+02
3.441239979264517501e+02
3.443173392040911267e+02
3.445061614272658517e+02
3.446902217225162417e+02
3.448688433732959879e+02
3.450411985057797892e+02
3.452076417968245323e+02
3.453668710901889654e+02
3.455194781794686492e+02
3.456648910869039355e+02
3.458025344647070938e+02
3.459329527201475116e+02
3.460547660254109132e+02
3.461687864974213653e+02
3.462744518865451937e+02
3.463465660220069253e+02
3.463984508608887154e+02
3.464467286565603104e+02
3.464929581018287195e+02
3.465378768226166244e+02
3.465820223585870394e+02
3.466273088433865155e+02
3.466737426599104879e+02
3.467228821664683664e+02
3.467754973247806447e+02
3.468313290324894069e+02
3.468909170869588365e+02
3.469530587970401712e+02
3.470166417871613476e+02
3.470805850437632785e+02
3.471417415848885639e+02
3.471982642724290145e+02
3.472468554774224572e+02
3.472844315769162904e+02
3.473088153001080514e+02
3.473163702836613425e+02
3.473055631587067182e+02
3.472739403060703580e+02
3.472202431574762613e+02
3.471576022084603892e+02
3.470772630392870610e+02
3.469747795048908188e+02
3.468502744845371240e+02
3.467044114799573435e+02
3.465383262001322464e+02
3.463523772819096394e+02
3.461473609695175924e+02
3.459239234581296500e+02
3.456820280110110275e+02
3.454224943913819175e+02
3.451449272425689969e+02
3.448496465195447058e+02
3.445369071054427650e+02
3.442063468673827060e+02
3.438590133615430773e+02
3.434947509582352154e+02
3.431147014358437559e+02
3.427200363345191363e+02
3.423115321518288852e+02
3.418914511953639135e+02
3.414609087158123657e+02
3.410221911005519928e+02
3.405774484809628007e+02
3.401250251566173119e+02
3.396602201972503963e+02
3.391963752191747403e+02
3.387355764744345947e+02
3.382797571125486229e+02
3.378297826817021132e+02
3.373872053618666200e+02
3.369524556264563557e+02
3.365259344522633569e+02
3.361082448474261923e+02
3.356987114339777349e+02
3.352976183344705987e+02
3.349042989786324256e+02
3.345182443313130420e+02
3.341393997109003635e+02
3.337667537566640590e+02
3.334003338534876093e+02
3.330396062855277819e+02
3.326842681646310780e+02
3.323346084093410582e+02
3.319902353787700235e+02
3.316516533210304942e+02
3.313189667053754874e+02
3.309924315599810711e+02
3.306664417253668944e+02
3.303446922708429838e+02
3.300310899272008101e+02
3.297256390331631337e+02
3.294283316907908556e+02
3.291392551278706264e+02
3.288580672539801526e+02
3.285845876333216324e+02
3.283183110522857078e+02
3.280586467831248569e+02
3.278049947535428714e+02
3.275564939438868919e+02
3.273123137239044240e+02
3.270715519032924021e+02
3.268332185374869141e+02
3.265964954687497084e+02
3.263604396846699842e+02
3.261244359091587626e+02
3.258881770203958013e+02
3.256517306446633029e+02
3.254162607585183196e+02
3.251843732181253017e+02
3.249614224913801195e+02
3.247580833145393626e+02
3.245842062191848072e+02
3.245090738932190675e+02
3.245692021140296788e+02
3.248732489661282443e+02
3.256299204004011472e+02
3.271881069013600154e+02
3.301371380754317215e+02
3.354251206649690289e+02
3.442505929457931870e+02
3.579282571173318388e+02
3.769847116130276845e+02
4.002472408007863578e+02
4.248308228882764297e+02
4.469876861421495846e+02
4.640905856496422075e+02
4.756764158959961151e+02
4.827783039208625269e+02
4.868378800817212095e+02
4.891009606730521000e+02
4.903237658885438464e+02
4.909875331787351342e+02
4.913430448489500577e+02
4.915426449347365860e+02
4.916739600066485423e+02
4.917985785433105548e+02
4.919528844926953752e+02
4.921864957692424127e+02
4.925289080913497060e+02
4.930049540004271762e+02
4.936386606156428343e+02
4.944449508337187353e+02
4.954414970974387415e+02
4.966315618892585348e+02
4.980208052107967092e+02
4.996000176526308678e+02
5.013554838272935399e+02
5.032638731916704273e+02
5.052890720589215903e+02
5.073919332120036074e+02
5.095201154148924161e+02
5.116238295190179315e+02
5.136482117627600701e+02
5.155479747696659842e+02
5.172804610387485127e+02
5.188218217235031489e+02
5.201522629793746546e+02
5.212724447288522924e+02
5.221898835262849161e+02
5.229128172819245037e+02
5.235037906357287056e+02
5.239670055980240022e+02
5.243421063657717696e+02
5.246637086779264791e+02
5.249706887652010892e+02
5.253001382964416734e+02
5.256882587424930762e+02
5.261698534618370786e+02
5.267785246996597834e+02
5.275435381620933413e+02
5.284905707906908674e+02
5.296400585804485672e+02
5.309997988209366895e+02
5.325733105401442344e+02
5.343437090063748656e+02
5.362857374463225142e+02
5.383595515723542348e+02
5.405107324772327502e+02
5.426847084407357897e+02
5.448195871383036319e+02
5.468584796904735867e+02
5.487561249209825291e+02
5.504735031654018940e+02
5.519869850666248112e+02
5.533614802215805639e+02
5.545214915978579029e+02
5.554919088343394833e+02
5.562959841344445522e+02
5.569699688821002610e+02
5.575475502236874945e+02
5.580616821724344163e+02
5.585431440589073873e+02
5.590132677206862581e+02
5.594882136715203842e+02
5.599730791234131857e+02
5.604673449246807877e+02
5.609598558365007648e+02
5.614429694922564522e+02
5.618946972683017975e+02
5.623095018433604082e+02
5.626640506595176703e+02
5.629521254841622522e+02
5.631562911267645859e+02
5.632625241784695618e+02
5.632590033662535234e+02
5.631260175209069985e+02
5.628579028569807861e+02
5.624308168777972696e+02
5.618365749506414204e+02
5.610963852444023132e+02
5.602360107482562626e+02
5.592745758249112669e+02
5.582505595476351345e+02
5.571996764199841436e+02
5.561647424076090829e+02
5.551914199044766747e+02
5.543177754296835928e+02
5.535874592311536162e+02
5.530234601569784445e+02
5.526518880568310124e+02
5.524717923625410094e+02
5.524820249135541417e+02
5.526535605517983640e+02
5.529593588386061356e+02
5.533497707580036149e+02
5.537793503785716211e+02
5.541934641104761567e+02
5.545387243127810279e+02
5.547693947277790585e+02
5.548415578235880048e+02
5.547314719026538796e+02
5.543959734160090420e+02
5.538562785116179157e+02
5.531366463039001928e+02
5.522749687228722451e+02
5.513029113050897649e+02
5.502684663147729225e+02
5.492116830174303459e+02
5.481754388918139966e+02
5.471981048054357188e+02
5.463088245507865395e+02
5.455356348561084587e+02
5.448907628920489969e+02
5.443874319868272096e+02
5.440223315772112755e+02
5.437944888297539592e+02
5.436905662307873399e+02
5.436992205716396711e+02
5.438046488896289929e+02
5.439904622233201508e+02
5.442440123565993417e+02
5.445496653430324159e+02
5.448995781272512886e+02
5.452830197841790323e+02
5.456956311929461663e+02
5.461493677292337452e+02
5.466156569466569408e+02
5.470969652001318764e+02
5.475888958336557835e+02
5.480889725911721371e+02
5.485914677072096310e+02
5.490918561595736946e+02
5.495839528986695086e+02
5.500622188132290376e+02
5.505216372594301220e+02
5.509576865953024480e+02
5.513679492852838848e+02
5.517501783335651453e+02
5.521046974772850717e+02
5.524318609814006322e+02
5.527341211180034861e+02
5.530144881678188540e+02
5.532774178180649187e+02
5.535289471712296745e+02
5.537762536572208774e+02
5.540290176494152092e+02
5.542971615840951927e+02
5.545936620703704421e+02
5.549288428749986224e+02
5.553225784384825374e+02
5.557497562410447927e+02
5.562384232265995934e+02
5.567817830205789278e+02
5.573706772644396779e+02
5.579856424456256718e+02
5.583084429521163656e+02
5.589045297001181325e+02
5.594840242021746235e+02
5.600145173578491722e+02
5.604782081315524920e+02
5.608745310769379557e+02
5.612023908652416821e+02
5.614787448149085094e+02
5.617171664423094626e+02
5.619422090719918970e+02
5.621688669568245587e+02
5.624135094546084019e+02
5.626783746172843621e+02
5.629586245846279553e+02
5.632391517336340030e+02
5.634956962626853283e+02
5.637022334094825737e+02
5.638322884297693918e+02
5.638549335250055492e+02
5.637223755164154682e+02
5.634587341774133620e+02
5.630535613356516933e+02
5.625042605454354998e+02
5.617995570662574210e+02
5.609389862444402297e+02
5.599079535980083620e+02
5.587030855813217158e+02
5.573143985391412798e+02
5.557342174881423489e+02
5.539638590050464018e+02
5.519950368269747969e+02
5.498376333646862122e+02
5.474882386447437739e+02
5.449584853469086738e+02
5.422524762486960981e+02
5.393806527765236751e+02
5.363543027098220364e+02
5.331828241553718044e+02
5.298830834310520004e+02
5.264642715447837418e+02
5.229468441988913128e+02
5.193416046010709124e+02
5.156255031009035292e+02
5.119175802987421662e+02
5.081788918176098946e+02
5.044240987731218979e+02
5.006619129124811707e+02
4.969063803237955312e+02
4.931641609160392932e+02
4.894460788210608371e+02
4.857587791561689983e+02
4.821089781432262384e+02
4.785036772735164732e+02
4.749465986535627167e+02
4.714441146905672326e+02
4.679986622016805882e+02
4.646147525090824502e+02
4.612949358153936714e+02
4.580412925166386913e+02
4.548566327699930980e+02
4.517410406990128990e+02
4.486966241265018311e+02
4.457227312151912884e+02
4.428194091934936409e+02
4.399865826190201119e+02
4.372217707891556984e+02
4.344616977911608728e+02
4.318772258836762035e+02
4.293559937837658822e+02
4.268970124976887632e+02
4.244986898188402051e+02
4.221627700365617670e+02
4.198867683647262083e+02
4.176735974345160685e+02
4.155226450675339720e+02
4.134356167899769048e+02
4.114153934587782828e+02
4.094616909142459917e+02
4.075797719510193815e+02
4.057692057475254046e+02
4.040344688901380437e+02
4.023772800297386993e+02
4.007992013366169886e+02
3.993042050330417965e+02
3.978912782436105999e+02
3.965648754057246492e+02
3.953236431789288190e+02
3.941709758566678374e+02
3.931068695395290433e+02
3.921322778963541396e+02
3.912340707258012458e+02
3.905392359620379352e+02
3.899364169835422445e+02
3.894227382256988221e+02
3.890033510606677964e+02
3.886777696775376398e+02
3.884444538278149253e+02
3.883058479436414814e+02
3.882526251746504045e+02
3.882833420356333818e+02
3.883857907472045667e+02
3.885501434416350435e+02
3.887635524131296734e+02
3.890105482548727309e+02
3.892773465709467473e+02
3.895495049949171857e+02
3.898159430791064892e+02
3.900652383994959109e+02
3.902914018315041176e+02
3.904861040724662757e+02
3.906481831973281942e+02
3.907736457373040366e+02
3.908616434482453883e+02
3.909125107801570493e+02
3.909230279022199852e+02
3.908825370818121883e+02
3.907880020484759029e+02
3.906425670560598746e+02
3.904466390061861034e+02
3.902010204697138533e+02
3.899074134920182360e+02
3.895641058281143501e+02
3.891723498303666702e+02
3.887295237011004474e+02
3.882343439298423391e+02
3.876851734996218966e+02
3.870785331890583052e+02
3.864135875909753395e+02
3.856878986388841213e+02
3.849009552878607678e+02
3.840548047489579631e+02
3.831503331517587299e+02
3.821955336117465549e+02
3.811969736872498515e+02
3.801677049896940161e+02
3.791249381909473755e+02
3.780867850996651214e+02
3.770828021711492966e+02
3.761797006391729496e+02
3.755844911380860367e+02
3.750938669558251490e+02
3.747159554157678940e+02
3.744562150788806889e+02
3.743040398561967663e+02
3.742510659975333169e+02
3.742910494623364457e+02
3.744116168201577466e+02
3.746098502063726983e+02
3.748759712408173073e+02
3.752008190134849315e+02
3.755955633747999514e+02
3.760635873689236064e+02
3.766363305985555030e+02
3.773346894368509652e+02
3.781748548238939520e+02
3.791706567305629392e+02
3.802970387132443193e+02
3.815243494714025587e+02
3.827971463996536841e+02
3.840524018270891702e+02
3.852435927845370429e+02
3.863297691664055833e+02
3.872405980113363171e+02
3.880689726500855841e+02
3.887583729288161862e+02
3.893317336913348186e+02
3.897928376167747615e+02
3.901439681834083331e+02
3.903865534339763599e+02
3.905130768694902486e+02
3.905245325528783837e+02
3.904250603593777100e+02
3.902188321506986313e+02
3.899213269078157396e+02
3.895428535571713269e+02
3.890959848420776552e+02
3.885920142332596470e+02
3.880351328675935179e+02
3.874311082465509344e+02
3.867780939522648964e+02
3.860754437763123406e+02
3.853181205893828292e+02
3.845021093440670370e+02
3.836223206588982180e+02
3.826737571525861767e+02
3.816541296647304193e+02
3.805842588504430068e+02
3.794485741254683830e+02
3.782364351511452014e+02
3.769513234464008633e+02
3.755967332556436986e+02
3.741760956886077452e+02
3.726957319197138077e+02
3.711591944253787574e+02
3.695732912821931109e+02
3.679428062659793568e+02
3.662732729534790792e+02
3.645703714775098661e+02
3.628386348679693469e+02
3.610836410468541544e+02
3.593098058350613542e+02
3.575219361001437619e+02
3.557245728262053603e+02
3.539220559948612959e+02
3.521187169910026569e+02
3.503189464178698813e+02
3.485267311289206305e+02
3.467464882696167479e+02
3.449822509255487830e+02
3.432381062372721203e+02
3.415430605141569913e+02
3.398922941455708724e+02
3.382759517137335479e+02
3.366973241307887292e+02
3.351608028487964361e+02
3.336702996980135936e+02
3.322292875948366486e+02
3.308425133421706050e+02
3.295127349989646746e+02
3.282447772706454430e+02
3.270416360758550240e+02
3.259069852657509045e+02
3.248447841338758622e+02
3.238571630368085721e+02
3.229485193043689719e+02
3.221203763320350504e+02
3.213760195503826935e+02
3.207175884366547507e+02
3.201462658860460806e+02
3.196649030833572169e+02
3.192736184434162396e+02
3.189748402133101308e+02
3.187699252616660033e+02
3.186604023304159909e+02
3.186588523235287198e+02
3.187710784802074500e+02
3.190050701001453035e+02
3.193791939849945152e+02
3.199164416712310413e+02
3.206575488352753496e+02
3.216496851673476272e+02
3.229628926764117978e+02
3.246843004391430441e+02
3.269179302234939541e+02
3.298172543229606504e+02
3.335647516905307270e+02
3.384513743256521821e+02
3.447448375840537551e+02
3.527476776259018152e+02
3.624636537048855871e+02
3.736348873932010406e+02
3.854619611570210509e+02
3.969402263693153259e+02
4.070259942379810809e+02
4.151231694011372610e+02
4.210052209330164601e+02
4.248803029521517942e+02
4.270889431548300763e+02
4.280126285239962272e+02
4.279815451063736305e+02
4.273122562544674565e+02
4.262178735045721965e+02
4.248302039279114410e+02
4.232466917438093787e+02
4.215303995462986677e+02
4.197215064945143581e+02
4.178482336704700515e+02
4.159274811915817054e+02
4.139701667037249990e+02
4.119844734853185741e+02
4.099743116852863523e+02
4.079440676240645303e+02
4.058963660280713839e+02
4.038335155764102637e+02
4.017587060777004240e+02
3.996737648502992784e+02
3.975820780515406909e+02
3.954863298066111952e+02
3.933897699135345079e+02
3.912957147310619348e+02
3.892076377472589002e+02
3.871289090967150628e+02
3.850450545349590925e+02
3.829834934493437686e+02
3.809462331620155737e+02
3.789367080522061997e+02
3.769581296897713969e+02
3.750148996224201596e+02
3.731098686228598353e+02
3.712479381100306455e+02
3.694324757192856623e+02
3.676677516852710710e+02
3.659587073188223485e+02
3.643086172968168626e+02
3.627238229754847225e+02
3.612076381627090313e+02
3.597663672184898473e+02
3.584055555808339477e+02
3.571299284989838725e+02
3.559482972992058194e+02
3.548645220810001319e+02
3.538887529907260046e+02
3.530272767436757135e+02
3.522880467673412568e+02
3.516826984613117020e+02
3.512151143022257997e+02
3.509272213537062157e+02
3.508155699930650826e+02
3.508757237661564545e+02
3.511089165929814158e+02
3.515098858420768693e+02
3.520751024430138045e+02
3.527856521628733049e+02
3.536303374367035985e+02
3.545838216238405494e+02
3.556322618617568310e+02
3.567524805228545688e+02
3.579346185699776015e+02
3.591666382135838944e+02
3.604401388397045594e+02
3.617558653722571194e+02
3.631011375015698945e+02
3.644805587976259744e+02
3.658773394683530000e+02
3.672879779478095088e+02
3.686942281163802591e+02
3.700792901304593556e+02
3.714250837917207946e+02
3.727066042093512692e+02
3.739077808993284293e+02
3.750615266648816828e+02
3.761036759006544798e+02
3.770226356107061747e+02
3.778145913299467225e+02
3.784719816463046982e+02
3.789976223074663721e+02
3.793957148998732691e+02
3.796720398110994665e+02
3.798399060775083740e+02
3.799062374932132684e+02
3.798863657087437673e+02
3.797888221073471868e+02
3.796251117571582085e+02
3.794048596077970501e+02
3.791345735077347854e+02
3.788226869354217570e+02
3.784728002347443407e+02
3.780899961723597471e+02
3.776770580252332365e+02
3.772356309567019252e+02
3.767679887098210543e+02
3.762742422111741121e+02
3.757554447784414720e+02
3.752118123105413474e+02
3.746616432036819333e+02
3.741006116858409882e+02
3.735129393166632212e+02
3.728993651628510975e+02
3.722604677865651297e+02
3.715965094544509384e+02
3.709090389169262494e+02
3.701986912035608839e+02
3.694669100784811917e+02
3.687152267104178804e+02
3.679448118889630450e+02
3.671580920469809257e+02
3.663567342554851507e+02
3.655431279362988448e+02
3.647199684065338943e+02
3.638895220563291559e+02
3.630553562026456689e+02
3.622203340570277419e+02
3.613879578754541058e+02
3.605619399466368691e+02
3.597455184104246655e+02
3.589428349522557369e+02
3.581571736725079518e+02
3.573922018172889921e+02
3.566767859364297237e+02
3.560112202051142845e+02
3.553769655316946228e+02
3.547752656576475374e+02
3.542076327210757540e+02
3.536750002140619813e+02
3.531775773395771694e+02
3.527158850269256050e+02
3.522891761832614748e+02
3.518971029702213400e+02
3.515385314529863763e+02
3.512119506279874486e+02
3.509160765001137747e+02
3.506487152784599175e+02
3.504082757267534589e+02
3.501926270346503998e+02
3.499997283866345015e+02
3.498279340874360059e+02
3.496752385598286423e+02
3.495404050544016172e+02
3.494219753935780659e+02
3.493189752306596461e+02
3.492307356253474495e+02
3.491566326920885217e+02
3.490888414975622709e+02
3.490641993412796751e+02
3.490514329376609908e+02
3.490516211988518762e+02
3.490666667640874152e+02
3.490993174639775134e+02
3.491546293260504967e+02
3.492394844395529390e+02
3.493660435608892953e+02
3.495514643690669914e+02
3.498189545125529776e+02
3.502009466805149032e+02
3.507237990310486566e+02
3.514139038214505035e+02
3.522738668917768337e+02
3.532963218017711711e+02
3.544853434186264849e+02
3.558575812257705593e+02
3.574642788959553741e+02
3.593536094054892374e+02
3.615468338632319956e+02
3.640554665913028884e+02
3.668631140432318603e+02
3.699856453092200468e+02
3.733626338378618925e+02
3.771836785797109997e+02
3.811554020281587896e+02
3.851732854198972404e+02
3.891606600342697675e+02
3.930619165411555969e+02
3.967585015595889217e+02
4.002048160908523187e+02
4.035072504343834794e+02
4.069112040307899747e+02
4.107963642168836600e+02
4.153499156981665124e+02
4.205833049778091777e+02
4.261555711095106744e+02
4.316235583911578146e+02
4.367070599404561335e+02
4.411994428762220082e+02
4.449106642065070218e+02
4.475998991778445202e+02
4.488526755674566857e+02
4.484891462686549630e+02
4.468050001707185857e+02
4.442324375298766199e+02
4.411955815570670438e+02
4.380565149321381568e+02
4.347854354857029193e+02
4.314945193572272615e+02
4.282182079795990148e+02
4.249775759352323234e+02
4.217834138868008154e+02
4.186416030454785755e+02
4.155559033533510274e+02
4.125274783118180153e+02
4.095570245453197344e+02
4.066446051750580750e+02
4.037891686764916130e+02
4.009905956270900447e+02
3.982471994847939527e+02
3.955584397260443552e+02
3.929230489324228301e+02
3.903397186994735648e+02
3.878079482970816798e+02
3.853259764228408812e+02
3.828936356560126342e+02
3.805096610504161276e+02
3.781735694463021105e+02
3.758852768264920883e+02
3.736439740614802076e+02
3.714970127686762567e+02
3.694032835394727385e+02
3.673618045581246747e+02
3.653752714765846576e+02
3.634469579160312946e+02
3.615827621710768085e+02
3.597883592988448527e+02
3.580737250922482531e+02
3.564497845703125449e+02
3.549315863804094420e+02
3.535392578217565642e+02
3.522954180792266357e+02
3.512335749434861327e+02
3.503900571016582148e+02
3.498177954712222686e+02
3.495806687301191005e+02
3.497653269518468164e+02
3.504999806540629379e+02
3.519592582366481679e+02
3.544574107319354539e+02
3.584510988317076112e+02
3.647645358223663834e+02
3.745881824111843912e+02
3.894358907057644501e+02
4.106780345809377195e+02
4.376948610198483607e+02
4.677485291920980899e+02
4.965969069277425660e+02
5.207446584806303918e+02
5.389886595481184486e+02
5.521080762268343278e+02
5.614804778572956820e+02
5.682415837788543058e+02
5.729636760919374865e+02
5.760239664987632295e+02
5.776708828939338218e+02
5.781011564890868613e+02
5.775090776696146122e+02
5.759706767623281394e+02
5.735850201694836414e+02
5.704708881693176181e+02
5.667665231492053408e+02
5.626348950452728559e+02
5.582173750143730331e+02
5.536298322132937528e+02
5.489718283717215854e+02
5.443117456455363481e+02
5.397106570740993448e+02
5.353175146276389569e+02
5.310585090480770987e+02
5.269998915580773655e+02
5.231846823409504168e+02
5.196762994509992950e+02
5.165510179189246855e+02
5.139062485435704275e+02
5.118786705574702296e+02
5.106050607888997206e+02
5.102620472867436092e+02
5.109712031307047369e+02
5.128016158341482651e+02
5.157086427180250894e+02
5.194759070858186760e+02
5.237728110630763467e+02
5.281853890404421463e+02
5.322636251239199510e+02
5.356701516754760632e+02
5.381695828260818644e+02
5.396503636273715756e+02
5.401497156759593281e+02
5.397463835777791701e+02
5.385760767844989232e+02
5.367826973124132337e+02
5.345062688106497717e+02
5.319333463507521174e+02
5.291702121077275933e+02
5.263055551228767399e+02
5.234117112140013433e+02
5.205413430290534507e+02
5.177405429350715167e+02
5.150451589308638631e+02
5.124839191251337525e+02
5.100831943376977620e+02
5.078569832059320106e+02
5.058160828443299692e+02
5.039562520009176865e+02
5.022623978649002652e+02
5.007108537303802223e+02
4.992668062596681011e+02
4.978935056399873815e+02
4.965584141415138220e+02
4.952267638183818690e+02
4.938807675005531337e+02
4.925017043037078679e+02
4.910823253916237263e+02
4.896209109364363030e+02
4.881192959116559678e+02
4.866567492892003770e+02
4.854922312234301103e+02
4.843366520834375137e+02
4.832046890987917891e+02
4.821222580013617858e+02
4.811118111041496945e+02
4.802057204238046211e+02
4.794328755562563060e+02
4.788146994458186896e+02
4.783786938582234143e+02
4.781277924295834509e+02
4.780613611781828922e+02
4.781667482977350119e+02
4.784039112908948255e+02
4.787338745550952694e+02
4.794807201247214721e+02
4.795969578165853591e+02
4.799205400922872400e+02
4.801663147272339529e+02
4.802963352738390768e+02
4.802792247355493487e+02
4.800688762842292476e+02
4.796496223199177393e+02
4.789998410226256169e+02
4.780145424997195391e+02
4.768218818813546704e+02
4.753922305833013411e+02
4.737461937717050091e+02
4.719042148300788995e+02
4.698815829673322924e+02
4.677081178374705246e+02
4.654061527742880457e+02
4.630033752785341221e+02
4.605317972517530052e+02
4.580144245550906135e+02
4.554837732266099692e+02
4.529634490096983086e+02
4.504793334282660453e+02
4.480582983838506266e+02
4.457224295676898578e+02
4.435029410574097142e+02
4.414254511196716635e+02
4.395260265746488244e+02
4.378398298283170789e+02
4.364041753609855618e+02
4.352641041077134787e+02
4.344503679973709040e+02
4.340026034334162546e+02
4.338978335220681970e+02
4.343099141044721705e+02
4.351383157566374962e+02
4.363749324784235455e+02
4.380323585770235013e+02
4.401359814287340555e+02
4.426984197829890491e+02
4.457810245681913557e+02
4.493983059197124703e+02
4.535756782977198895e+02
4.583147224693169619e+02
4.635521667890384947e+02
4.692241097477534026e+02
4.752055511985188332e+02
4.813485682502474674e+02
4.875113914957165662e+02
4.935047259685404697e+02
4.991297494384614311e+02
5.041902057700436330e+02
5.084735976068270134e+02
5.118677183533676498e+02
5.143551175742767327e+02
5.160035915014083230e+02
5.169637954990492972e+02
5.173697469625524263e+02
5.173596785548230628e+02
5.170593862543606747e+02
5.165630342936688066e+02
5.159454269288411297e+02
5.152630150607368478e+02
5.145611682587929181e+02
5.138722158342948205e+02
5.132201455082473558e+02
5.126209997632132627e+02
5.120848165204464522e+02
5.116150161941279748e+02
5.112125811871498513e+02
5.108720316228953493e+02
5.105871894975372811e+02
5.103480416386914271e+02
5.101428735846473614e+02
5.099604479932801837e+02
5.097875013643066495e+02
5.096135879546067713e+02
5.094282491177641532e+02
5.092238140253386973e+02
5.089947216157835328e+02
5.087380181442326830e+02
5.084627521718506955e+02
5.081610270003492928e+02
5.078354212542849950e+02
5.074900753291236128e+02
5.071304331402516254e+02
5.067615614558299058e+02
5.063895111141389407e+02
5.060193552172888189e+02
5.056559329202586923e+02
5.053035434896410720e+02
5.049651852977035560e+02
5.046433562324461946e+02
5.043393991431863128e+02
5.040536972047715381e+02
5.037861343777688035e+02
5.035358422008259254e+02
5.033017001441232878e+02
5.030828402024020534e+02
5.028784701030334077e+02
5.026887757040009888e+02
5.025146674678481986e+02
5.023582027057911432e+02
5.022224551067743050e+02
5.021111594552215820e+02
5.020405075790685601e+02
5.019959485430143218e+02
5.019910058758391642e+02
5.020275477926516032e+02
5.021069320824242936e+02
5.022281510660325239e+02
5.023878943345210928e+02
5.025825905422630058e+02
5.028061449462708765e+02
5.030534091187954004e+02
5.033201362715327605e+02
5.036026207690632646e+02
5.039016513177449497e+02
5.042188078627970071e+02
5.045599039892580322e+02
5.049326411695869865e+02
5.053448278434771623e+02
5.058060106597943673e+02
5.063204588625018800e+02
5.068928123790910831e+02
5.075184658628181751e+02
5.081924315706940547e+02
5.089000436854760210e+02
5.096283054320261385e+02
5.103734649368657870e+02
5.110790020997066563e+02
5.117606357880989663e+02
5.124166807198885181e+02
5.130522951814076578e+02
5.136818609865764529e+02
5.143255212101040570e+02
5.150093090236348417e+02
5.157590064358062136e+02
5.165950379668248615e+02
5.175327559065766536e+02
5.185658576330873757e+02
5.196803253324912930e+02
5.208350470208612251e+02
5.219850860305958804e+02
5.230663433662642774e+02
5.240302767117779013e+02
5.248159839368749999e+02
5.253983987403817082e+02
5.257431300232402691e+02
5.258477824707305217e+02
5.257090012286782894e+02
5.253309663824885547e+02
5.247285786686679785e+02
5.239104519269233151e+02
5.228722291920042835e+02
5.216526132411249819e+02
5.202788967313067587e+02
5.187668467193138895e+02
5.171484549939079898e+02
5.154471791579231876e+02
5.136941696509690019e+02
5.119191137224865997e+02
5.101473187524267132e+02
5.084106483781038719e+02
5.067290513243373766e+02
5.051315340196203465e+02
5.036359201083855623e+02
5.022654792013777865e+02
5.010402709439292721e+02
4.999775467101752611e+02
4.991022221374331025e+02
4.984289335942280559e+02
4.979849720042413423e+02
4.977879073676469943e+02
4.978587341168578746e+02
4.982182222896216217e+02
4.988684842879555390e+02
4.998315833627357847e+02
5.010875164516972973e+02
5.025776132727254435e+02
5.042353690114233586e+02
5.059920724915066330e+02
5.077633778758962535e+02
5.094828047170959735e+02
5.110908107515815004e+02
5.125420132547908452e+02
5.138195324765629266e+02
5.148922758962505668e+02
5.157623151454754407e+02
5.164040572016554052e+02
5.168129599567232617e+02
5.169673661905386552e+02
5.168559544422580529e+02
5.164661277555732113e+02
5.157928627740873253e+02
5.148423726643914051e+02
5.136194996564577195e+02
5.121498173312892277e+02
5.104477290059254528e+02
5.085458887557133494e+02
5.064673580870694991e+02
5.042122284789999185e+02
5.018492095981363832e+02
4.993845955031742392e+02
4.968430308164269036e+02
4.942392398554016495e+02
4.915906646627472014e+02
4.889093678520752633e+02
4.862057984744283772e+02
4.834895287751751312e+02
4.807662747816160049e+02
4.780426492139308152e+02
4.753216623313319928e+02
4.726072041332350295e+02
4.699009171488197012e+02
4.672043956026541878e+02
4.645189051572408516e+02
4.618444351577080624e+02
4.591820980949069053e+02
4.565314041540521544e+02
4.538929482668242485e+02
4.512667586874568997e+02
4.486529139910061872e+02
4.460520858530276769e+02
4.434643745637798133e+02
4.408516457428027024e+02
4.382738726595073331e+02
4.357113561710060594e+02
4.331655012072220075e+02
4.306384052028356564e+02
4.281318159064736619e+02
4.256477587221988870e+02
4.231886034055781920e+02
4.207559490377054203e+02
4.183525890037656154e+02
4.159799532253155121e+02
4.136402181579453554e+02
4.113354370203514918e+02
4.090665940500987858e+02
4.068361689709480515e+02
4.046445829955348472e+02
4.024935096389100408e+02
4.003839708679961973e+02
3.983161582793391631e+02
3.962917063041136316e+02
3.943101660023810950e+02
3.923726215830442925e+02
3.904792744638594399e+02
3.886299505464380672e+02
3.868050644347575826e+02
3.850653452537629846e+02
3.833693450882140041e+02
3.817162708376989144e+02
3.801060571229857032e+02
3.785385098503996915e+02
3.770125875034178193e+02
3.755283774048328382e+02
3.740841337394060133e+02
3.726793880157150056e+02
3.713121883741919760e+02
3.699809512702228744e+02
3.686837677526877997e+02
3.674176911153696210e+02
3.661807014725298473e+02
3.649690835093934993e+02
3.637803301614741827e+02
3.626107392780180589e+02
3.614570279504431483e+02
3.603160025789174483e+02
3.591842453054472344e+02
3.580590603044548743e+02
3.569376463652253051e+02
3.558179723068610656e+02
3.546796985150414798e+02
3.535410267684345058e+02
3.523999205321894124e+02
3.512567324576900205e+02
3.501121113941929934e+02
3.489679259103198206e+02
3.478262946053779956e+02
3.466905429938267957e+02
3.455643633841013411e+02
3.444522406755376096e+02
3.433595907459433079e+02
3.422917066232937486e+02
3.412557704181693339e+02
3.402576805895774328e+02
3.393057742348867691e+02
3.384070091031240963e+02
3.375694958791535782e+02
3.368019820450140287e+02
3.361112462593759460e+02
3.355071683953208321e+02
3.349954023512091794e+02
3.345845247958804975e+02
3.342804105211318983e+02
3.340878322553496673e+02
3.339938898032328325e+02
3.340125479698273807e+02
3.341489596417835060e+02
3.344012306016743992e+02
3.347684473609028259e+02
3.352481142273740033e+02
3.358364403591373843e+02
3.365315943078342684e+02
3.373320698726680007e+02
3.382418743507042223e+02
3.392678550909025148e+02
3.404298669459430471e+02
3.417505563380005924e+02
3.432700710405767381e+02
3.450292037554081048e+02
3.470629785516823063e+02
3.493988354611960290e+02
3.520221972185786967e+02
3.548984917069405469e+02
3.579827386874708850e+02
3.612182003981607181e+02
3.645831800808334719e+02
3.680557862204029220e+02
3.716060744048245397e+02
3.751414980264034966e+02
3.787240060459721462e+02
3.822043012254405312e+02
3.855078211457649786e+02
3.885533449637015906e+02
3.912981461140931287e+02
3.937194750562094328e+02
3.958062850833265429e+02
3.975933471849647276e+02
3.991133858766303888e+02
4.004165252623247966e+02
4.015701375649361466e+02
4.026247323229733865e+02
4.036437067881436747e+02
4.046796303269453006e+02
4.057667297328791847e+02
4.069381245083766316e+02
4.082039391646881654e+02
4.095598818389783560e+02
4.109947302994098095e+02
4.124820676931039998e+02
4.139854378165256321e+02
4.154824152765932013e+02
4.169279069868287024e+02
4.182475581189025888e+02
4.195425144758804095e+02
4.206637059164476682e+02
4.215946877282790410e+02
4.222950465943688982e+02
4.227339396839706183e+02
4.228807102800243456e+02
4.227069672665094799e+02
4.222059817907757520e+02
4.213878711007817515e+02
4.202704873617244061e+02
4.188982166915485550e+02
4.173071269174386657e+02
4.155429088621106644e+02
4.136450182709628507e+02
4.116450227855245316e+02
4.095741348632709560e+02
4.074522189406304165e+02
4.052985067865884616e+02
4.031260713118879266e+02
4.009454542540626676e+02
3.987655289688811422e+02
3.965931122958663764e+02
3.944343570821891376e+02
3.923075586957868381e+02
3.901906238101136637e+02
3.881063950773047395e+02
3.860625075604157814e+02
3.840669423355719800e+02
3.821314004631939838e+02
3.802659513525509283e+02
3.784868125332745876e+02
3.768095951302914273e+02
3.752539976456353088e+02
3.738457214636470098e+02
3.726069677967940947e+02
3.715740004305266666e+02
3.707728837352466940e+02
3.702396215758799940e+02
3.700045612487778044e+02
3.700856778756559606e+02
3.705038946381774849e+02
3.712473351768330758e+02
3.723091728272993919e+02
3.736543013130572604e+02
3.752554634715028214e+02
3.770694073943559488e+02
3.790670267621521248e+02
3.812643304272303908e+02
3.835381265750067996e+02
3.858964366840698972e+02
3.882831243961348946e+02
3.906645392671771901e+02
3.929723751250060673e+02
3.951648765981950078e+02
3.971801099252875815e+02
3.989793808431232947e+02
4.005240907396770353e+02
4.017950542818744566e+02
4.027858083942683720e+02
4.035002860035572212e+02
4.039609306668047566e+02
4.041862170169372348e+02
4.042119452830129376e+02
4.040632402459162904e+02
4.037736667232900345e+02
4.033698188993372469e+02
4.028761940759494564e+02
4.023164355395492180e+02
4.017073231740233155e+02
4.010667415810423222e+02
4.004067061003472645e+02
3.997967770401709799e+02
3.991968435748022443e+02
3.986082972328761116e+02
3.980367391395716368e+02
3.974858748298559021e+02
3.969596862666037964e+02
3.964603504525018707e+02
3.959904597984320844e+02
3.955514584933033575e+02
3.951446690863768936e+02
3.947712499284729688e+02
3.944314050875930207e+02
3.941260315142014861e+02
3.938547496920049298e+02
3.936178944176532468e+02
3.934151340676738187e+02
3.932460519017793104e+02
3.931106120050536106e+02
3.930079447830618165e+02
3.929381622649856354e+02
3.929004929153971943e+02
3.928948856291152651e+02
3.929210311680673158e+02
3.929784718624876518e+02
3.930753496548949784e+02
3.932312462090333725e+02
3.934155488798452893e+02
3.936271254142413341e+02
3.938650592472130256e+02
3.941282442834334461e+02
3.944148741989642417e+02
3.947237685636753213e+02
3.950528649409409923e+02
3.954006371494447194e+02
3.957654854715284500e+02
3.961458424484013676e+02
3.965406912975227556e+02
3.969489565742294417e+02
3.973700768208552745e+02
3.978036116111200045e+02
3.982493326123544648e+02
3.987071036299683442e+02
3.991766421263459392e+02
3.996577562517190358e+02
4.001496865127757019e+02
4.006515866287267613e+02
4.011621875252436098e+02
4.016794435273202453e+02
4.021829258014404331e+02
4.027243835802570970e+02
4.032618807375150709e+02
4.037924251476480322e+02
4.043124899597776221e+02
4.048195891884156481e+02
4.053107632247140941e+02
4.057837237301884556e+02
4.062370046173855940e+02
4.066689879754411550e+02
4.070794040198437642e+02
4.074683023553519661e+02
4.078360615132219777e+02
4.081845149531332027e+02
4.085151809444149080e+02
4.088308283666692660e+02
4.091349346600831609e+02
4.094308594478173404e+02
4.097240172090671990e+02
4.100194744690708717e+02
4.103240298163437387e+02
4.106462419785342490e+02
4.109946382699067158e+02
4.113825557574640470e+02
4.117887302946131740e+02
4.123221293688250739e+02
4.129554262199924324e+02
4.137105558588305030e+02
4.146159167439803923e+02
4.156885732785397067e+02
4.169489238818337071e+02
4.184057598499883852e+02
4.200564247664129880e+02
4.218997416915482290e+02
4.239143740741539546e+02
4.260796540652650037e+02
4.283747877829537174e+02
4.307617287518224884e+02
4.332153214252168141e+02
4.356924984359951054e+02
4.381408305180208913e+02
4.405228386856821885e+02
4.427786624504525435e+02
4.448654442954370438e+02
4.467507837472933829e+02
4.483907414707152839e+02
4.497784768944359826e+02
4.508913115252992725e+02
4.516169857992109087e+02
4.520274495310691236e+02
4.521378974153194008e+02
4.519632427547474549e+02
4.515083919449904215e+02
4.507762442926130007e+02
4.497880236171822048e+02
4.485500556156152925e+02
4.470829540564175204e+02
4.454090376942351099e+02
4.435463778786258331e+02
4.415285406531960462e+02
4.393798693347447966e+02
4.371301391485739600e+02
4.348081510553291764e+02
4.324350705094383329e+02
4.300356864012758251e+02
4.276256064361382414e+02
4.252200864811694032e+02
4.228313114952194383e+02
4.204671206083811512e+02
4.181359990982103909e+02
4.158423528041245731e+02
4.135904686745344065e+02
4.114025654295790559e+02
4.092758249470132341e+02
4.072043830884693421e+02
4.051873443872962071e+02
4.032242303347248367e+02
4.013139102801502531e+02
3.994540388091098748e+02
3.976434758176337709e+02
3.958791880645497940e+02
3.941594228062407410e+02
3.924819185356650451e+02
3.908442206978842819e+02
3.892450858875735094e+02
3.876819634077849628e+02
3.861540259358800427e+02
3.846596574713149721e+02
3.831977144385742235e+02
3.817677686347313397e+02
3.803683211791145027e+02
3.789994840320518392e+02
3.776601898979709517e+02
3.763500004094177029e+02
3.750686750348534702e+02
3.738150233214216769e+02
3.725777585180951519e+02
3.714454127414120421e+02
3.703315548431527873e+02
3.692352159548536861e+02
3.681547197363688610e+02
3.670897282855788148e+02
3.660389324487493354e+02
3.650021498263882336e+02
3.639796939876381998e+02
3.629714386252599638e+02
3.619799380770666630e+02
3.610062021254968272e+02
3.600543370159799679e+02
3.591285516928763286e+02
3.582336582901997986e+02
3.573787485162742428e+02
3.565695585675154575e+02
3.558186855947826643e+02
3.551352804751982717e+02
3.545327428260348483e+02
3.540257101196391432e+02
3.536266796108099584e+02
3.533563465976956763e+02
3.532286119399437894e+02
3.532993783309681248e+02
3.535914202794492667e+02
3.541265774388302816e+02
3.549402962907101369e+02
3.560774159918895521e+02
3.575851466785631487e+02
3.594860713742116900e+02
3.618099300934668463e+02
3.645250460145559828e+02
3.676010037101218586e+02
3.709448449358868061e+02
3.744672273031099508e+02
3.780600358859687162e+02
3.816694742444473718e+02
3.853195519271721423e+02
3.892461016707977706e+02
3.939997573761397689e+02
4.006881890629721852e+02
4.106105046921902613e+02
4.246461170993620726e+02
4.425343834738717419e+02
4.636077364719748743e+02
4.855742889651129985e+02
5.053890560870785293e+02
5.204967827183916143e+02
5.294803781606998427e+02
5.331694367918843227e+02
5.331468568859578454e+02
5.307825867769352044e+02
5.271623536766444431e+02
5.229257234534195504e+02
5.184211679912066302e+02
5.138252830285002801e+02
5.092254080578221647e+02
5.046720783055841935e+02
5.001968399839723247e+02
4.958257739723684381e+02
4.915708807521240260e+02
4.874470503393482659e+02
4.834581940833706994e+02
4.796121108801265223e+02
4.759120698893772783e+02
4.723630701414470536e+02
4.689711376153264837e+02
4.657421227242777491e+02
4.626857203478877523e+02
4.598104212120693433e+02
4.571276485313867397e+02
4.547110135091059533e+02
4.524839297009292522e+02
4.504882854564529566e+02
4.487394908296631115e+02
4.472529521291594961e+02
4.460729940164454774e+02
4.452393461325365251e+02
4.448441237647596154e+02
4.449777563547704062e+02
4.457627114206657666e+02
4.473432653517162407e+02
4.498293453371645683e+02
4.533752452756483535e+02
4.580174617820886169e+02
4.637788462487372954e+02
4.705069490095419269e+02
4.778120229745611027e+02
4.850457525525449114e+02
4.916644750363229264e+02
4.946287528105229399e+02
4.997256605833738945e+02
5.053090132110467039e+02
5.109182021148589001e+02
5.163567383734126679e+02
5.212789248338691550e+02
5.253173898300236715e+02
5.284108117737123393e+02
5.304539285548713679e+02
5.313408955110921852e+02
5.311073254549800140e+02
5.299069810098052358e+02
5.279593970526650537e+02
5.255156919858882247e+02
5.227454922824947516e+02
5.197944132596355757e+02
5.167511830785632583e+02
5.136769201252524226e+02
5.106137075327745265e+02
5.075882792973999358e+02
5.046167946604627446e+02
5.017108025721941544e+02
4.988736106616675556e+02
4.961065389663379506e+02
4.934087533378229864e+02
4.907764902756398442e+02
4.882071700410041331e+02
4.856984542849957620e+02
4.832480598713496533e+02
4.809007166936904696e+02
4.785902513961295313e+02
4.763451799836801683e+02
4.741714793065077629e+02
4.720766353161548068e+02
4.700717457885783688e+02
4.681674909285479771e+02
4.663792642358961302e+02
4.647210951093938434e+02
4.632125628460438520e+02
4.618719522461346969e+02
4.607225331675664393e+02
4.597887306107518839e+02
4.590952144910193624e+02
4.586738193590659876e+02
4.585482917245168437e+02
4.587519411085407341e+02
4.593057078787209093e+02
4.602282970249363530e+02
4.615334862539162941e+02
4.632133173412411793e+02
4.652604101006791666e+02
4.676459085826931528e+02
4.703277909124909115e+02
4.732248840893751662e+02
4.763665174124577675e+02
4.796194212794055716e+02
4.829191100278480349e+02
4.861865320085643134e+02
4.893622410568338523e+02
4.923703725379529033e+02
4.951452392565657874e+02
4.976357791094084178e+02
4.997872082560804188e+02
5.015726194216895806e+02
5.029747081192976452e+02
5.039856992367131738e+02
5.046225416659685266e+02
5.048972173108124366e+02
5.048368030843935230e+02
5.044685717806618186e+02
5.038153474110386583e+02
5.029089713612936521e+02
5.017693754502832348e+02
5.004242275095197670e+02
4.988965114595262662e+02
4.972079666935907198e+02
4.953856482474635641e+02
4.934725326917291000e+02
4.914429220761490456e+02
4.893543681515249659e+02
4.872296424440280589e+02
4.850933660824677531e+02
4.829664966856304886e+02
4.808723915203054275e+02
4.788334002769200310e+02
4.768706506967798191e+02
4.750082484728033023e+02
4.732681278233378634e+02
4.716733300083470226e+02
4.702495180477949361e+02
4.690168905838992828e+02
4.680014962638898623e+02
4.672211489704533847e+02
4.666920285609108419e+02
4.664262354459008861e+02
4.664200453578557699e+02
4.666686348870101710e+02
4.671450271878726994e+02
4.678173231021929155e+02
4.686389636916796917e+02
4.695581504268252502e+02
4.705461483300355781e+02
4.714796880680044069e+02
4.723731567495941022e+02
4.731973267594096342e+02
4.739390154418321686e+02
4.745927679026041801e+02
4.751704484338827683e+02
4.756879107474196644e+02
4.761690857799356422e+02
4.766391594836675836e+02
4.771215397592970362e+02
4.776337673575196732e+02
4.781891393356509070e+02
4.787882841594552588e+02
4.794252073796916420e+02
4.800853934609752400e+02
4.807435972670848514e+02
4.813755833350534203e+02
4.819512189047280231e+02
4.824434718473274302e+02
4.828325260072062406e+02
4.831016380586250989e+02
4.832458750762544355e+02
4.832692669819781486e+02
4.831880070410240364e+02
4.830143166482836250e+02
4.827790584347012555e+02
4.825134195641513770e+02
4.822535070799752930e+02
4.820325750892029077e+02
4.818865670842590134e+02
4.818479543602516060e+02
4.819415402026891115e+02
4.821896748647078539e+02
4.826007228625342123e+02
4.831727029646898472e+02
4.838937965137483275e+02
4.847338721764732554e+02
4.856557488960646651e+02
4.866129557621043205e+02
4.875492730091075373e+02
4.884154017773514624e+02
4.891604225183827452e+02
4.897425973122144569e+02
4.901364135078512732e+02
4.903224875376027967e+02
4.903004637200893967e+02
4.900817888567702880e+02
4.896859961351980246e+02
4.891351985703818173e+02
4.884748543374875567e+02
4.877450547245131247e+02
4.869906414318195402e+02
4.862525719282685941e+02
4.855770391879804606e+02
4.850087454248399013e+02
4.845895015896560380e+02
4.843684910257123306e+02
4.843859037927026066e+02
4.846895674730046153e+02
4.853239862881159752e+02
4.863273989783805860e+02
4.877464675473796660e+02
4.896053794702625055e+02
4.919334935131075213e+02
4.947375236823607452e+02
4.980030764734692070e+02
5.017056544484709093e+02
5.057813862383314927e+02
5.101533323720817066e+02
5.147274248442718090e+02
5.193840025199857564e+02
5.239811455635568791e+02
5.284420770714654054e+02
5.326415980607524716e+02
5.365033617255228364e+02
5.399443919690800158e+02
5.429138205878014105e+02
5.453796238448816212e+02
5.473142492171749609e+02
5.487273639495003863e+02
5.496270740542014437e+02
5.500400606298663888e+02
5.500059839118977152e+02
5.495584574932576061e+02
5.487472907451683568e+02
5.476105221319592147e+02
5.461911965687415886e+02
5.445283649854698069e+02
5.426544605903560523e+02
5.406035093089332122e+02
5.383997361474001764e+02
5.360684451443437410e+02
5.336282412843142993e+02
5.310959843580611732e+02
5.284858005518641448e+02
5.258400195792811473e+02
5.230881490079742662e+02
5.202907168949633387e+02
5.174551001268233676e+02
5.145867149566888656e+02
5.116917119583297904e+02
5.087744960793399969e+02
5.058405246408300968e+02
5.028944176638872250e+02
4.999405987986567084e+02
4.969847339475879835e+02
4.940302755908278414e+02
4.910834184475448296e+02
4.881472913997455976e+02
4.852268360707709007e+02
4.823257356867063663e+02
4.794465791734679101e+02
4.765932602344686870e+02
4.737658751572850520e+02
4.709662715552381087e+02
4.681931662905594749e+02
4.654456077703588335e+02
4.627210741514161327e+02
4.600165764839245526e+02
4.573845681349082497e+02
4.546635763371826329e+02
4.519564686040066590e+02
4.492611341899509512e+02
4.465789758416024142e+02
4.439096505526635497e+02
4.412571756711030275e+02
4.386249959164049983e+02
4.360179104982694867e+02
4.334430828047792374e+02
4.309061738903201899e+02
4.284159061094449044e+02
4.259806256670735820e+02
4.236084441058010270e+02
4.213107053081315598e+02
4.190958001228104308e+02
4.169753998356957823e+02
4.149609834136521727e+02
4.130620865167337570e+02
4.112941205249447876e+02
4.096647531544481922e+02
4.081887070237367539e+02
4.068756939252024836e+02
4.057342963060512488e+02
4.048501697228157354e+02
4.040745433800161095e+02
4.034967303187181074e+02
4.031149504004253004e+02
4.029356423227182518e+02
4.029616153268358971e+02
4.031944802376797270e+02
4.036426393690080090e+02
4.043039195322621708e+02
4.051914948819423898e+02
4.063044278127540565e+02
4.076677361332984901e+02
4.092950742548740664e+02
4.112329032065496222e+02
4.135274437981975098e+02
4.162152777126838714e+02
4.193362815643643557e+02
4.228357051426692124e+02
4.266238284940554308e+02
4.305111822287886412e+02
4.342594151508378104e+02
4.376024889178094668e+02
4.403475118881475510e+02
4.423585714337539798e+02
4.435673806639592271e+02
4.441009234754485533e+02
4.440545721566672341e+02
4.435615512960594060e+02
4.427060626292339975e+02
4.415810767896214770e+02
4.402463099417980175e+02
4.387488431296634417e+02
4.371275235396936978e+02
4.354052953125397494e+02
4.336044476605968612e+02
4.317383169750323191e+02
4.298183691844122336e+02
4.278530089283601683e+02
4.258491267798558511e+02
4.238117882710243407e+02
4.217467819251467631e+02
4.196576780845484222e+02
4.175493734469595779e+02
4.154262200486950860e+02
4.132917048232513935e+02
4.111514697587121532e+02
4.090081304687741408e+02
4.068673199874748434e+02
4.047107095560647849e+02
4.025766242419838363e+02
4.004606984911403060e+02
3.983654357300994207e+02
3.962951716469758594e+02
3.942522393210705332e+02
3.922398815159536412e+02
3.902610476078490365e+02
3.883181678973523958e+02
3.864142475122491760e+02
3.845522016579953402e+02
3.827345062886047913e+02
3.809652298833480586e+02
3.792470916073486933e+02
3.775846403019198192e+02
3.759827308975865776e+02
3.744455667485005392e+02
3.729812075724109945e+02
3.715944409035896570e+02
3.702962042859699636e+02
3.690945791448820614e+02
3.680019439466322524e+02
3.670329418160980026e+02
3.662001512147958806e+02
3.655600969515156748e+02
3.651153071254087195e+02
3.648685343308900997e+02
3.648317481864526712e+02
3.650187481260473419e+02
3.654382683987506653e+02
3.660818502624028383e+02
3.669420197206729313e+02
3.679818823858616383e+02
3.691645038232518345e+02
3.704297319383101694e+02
3.717192347846516327e+02
3.729641340694861356e+02
3.741099090096675468e+02
3.751033277465033393e+02
3.759101663478811020e+02
3.765110417843592359e+02
3.768927671049929700e+02
3.770662272078296837e+02
3.770359684780602834e+02
3.768262530848161873e+02
3.764552369424989706e+02
3.759485448374063026e+02
3.753314427290060280e+02
3.746802401198096959e+02
3.739636482629902616e+02
3.732210985666558258e+02
3.724794859211053222e+02
3.717649769687862431e+02
3.711059126407749886e+02
3.705278684947913916e+02
3.700617348970041576e+02
3.697333826487610509e+02
3.695767328088809904e+02
3.696275157427755289e+02
3.699312346831370064e+02
3.705642904016907551e+02
3.716313897986145776e+02
3.733412076269434579e+02
3.760216753560725351e+02
3.802842048004093840e+02
3.870590946994578871e+02
3.974805344334336041e+02
4.119651669236748148e+02
4.289836042314443603e+02
4.462459388754502356e+02
4.624099019002734963e+02
4.764773741479295950e+02
4.873171857087878038e+02
4.946428032301562325e+02
4.989021897667632857e+02
5.009073175952937618e+02
5.013917387124027414e+02
5.009871309632089265e+02
5.000948276002212083e+02
4.989743826157632611e+02
4.977869481565123806e+02
4.966274935175187579e+02
4.955700290382822004e+02
4.946471028701877799e+02
4.938943765308511615e+02
4.933097150056494229e+02
4.928760171981487019e+02
4.925491029811457793e+02
4.922565519938107741e+02
4.919173871583507207e+02
4.914575396249242090e+02
4.908232094510976822e+02
4.899931582428279739e+02
4.889833077180031751e+02
4.878162022672394755e+02
4.865452830586737605e+02
4.850651451138236325e+02
4.834416697955913946e+02
4.818436163715106773e+02
4.802979635554477795e+02
4.788311241976768429e+02
4.774564371247216172e+02
4.761840033331493487e+02
4.750205823719742853e+02
4.739638809968982400e+02
4.730164612904220576e+02
4.721703922749567255e+02
4.714248704610961340e+02
4.707718628223348105e+02
4.702049824991148625e+02
4.697193830375550192e+02
4.693022066734496889e+02
4.689491764140534542e+02
4.686445904345766280e+02
4.683799326532060263e+02
4.681423273694296654e+02
4.679183259138324615e+02
4.676990292536563629e+02
4.674712055426070947e+02
4.672289781885662023e+02
4.670490113547287478e+02
4.667953821460413906e+02
4.665313894904739982e+02
4.662535195371740997e+02
4.659601255981593226e+02
4.656483087321839207e+02
4.653174648320167535e+02
4.649648827781753084e+02
4.645896770456380409e+02
4.641892656846171690e+02
4.637627150018461748e+02
4.633080440968313383e+02
4.628246366818764272e+02
4.623122393184481211e+02
4.617706875843813918e+02
4.612020542653723965e+02
4.606068385968897587e+02
4.599888292848544324e+02
4.593500181045975523e+02
4.586945415005693576e+02
4.580264160500560706e+02
4.573496807779611686e+02
4.566700514097557857e+02
4.559923536384052341e+02
4.554186458652362717e+02
4.548736005135167488e+02
4.543439146488893812e+02
4.538393882036429545e+02
4.533734203305314168e+02
4.529604483670296418e+02
4.526188132029474787e+02
4.523702002486709830e+02
4.522379080012295844e+02
4.522534013804750543e+02
4.524437232440483854e+02
4.528451138500432762e+02
4.534847327659167604e+02
4.543843221674672463e+02
4.555604579973755790e+02
4.569999913246697929e+02
4.586820509048219492e+02
4.605543558613142636e+02
4.625446964617348726e+02
4.645695479361329490e+02
4.665401728479941426e+02
4.683613958918882076e+02
4.699745524622516655e+02
4.713179609569828585e+02
4.723157339817675506e+02
4.730005799854298516e+02
4.733536230128749480e+02
4.734003441582407845e+02
4.731492809771393127e+02
4.726223214573525411e+02
4.718474059121644473e+02
4.708528654060933150e+02
4.696815827110191321e+02
4.683810799147594821e+02
4.669975583323994215e+02
4.655846148658301900e+02
4.641838157367616304e+02
4.628348696635753754e+02
4.615667528248171152e+02
4.603968720339328797e+02
4.593340901050663660e+02
4.583760385507729893e+02
4.575140075242657076e+02
4.567399455357412990e+02
4.560387447549931608e+02
4.554059799178630783e+02
4.548324907720797796e+02
4.543131734828225490e+02
4.538768163400667959e+02
4.535081838492357065e+02
4.531658331419366164e+02
4.528376351816006604e+02
4.525113730294314678e+02
4.521766963341692076e+02
4.518201987305520220e+02
4.514321494071905363e+02
4.510048670791319410e+02
4.505313771681387038e+02
4.500103286721500240e+02
4.494422302748563425e+02
4.488295609951539404e+02
4.481805743596884781e+02
4.475022205181991239e+02
4.468055465591015718e+02
4.461028274271700411e+02
4.454033462653377455e+02
4.447204884463326380e+02
4.440614933470578762e+02
4.434334134769779325e+02
4.428410119667222489e+02
4.422817245324782220e+02
4.417536464469800990e+02
4.412345789376801690e+02
4.407560795254578920e+02
4.402752159829703373e+02
4.397766313194950385e+02
4.392464613475452211e+02
4.386740630021468519e+02
4.380489151379977670e+02
4.373661747567976477e+02
4.366235673418842680e+02
4.358201870373212614e+02
4.349625264919537813e+02
4.340550684692757955e+02
4.331082911344839204e+02
4.321330435465657729e+02
4.311396409654363424e+02
4.301428495521462310e+02
4.291523899166695060e+02
4.281814370492479611e+02
4.272387856392560366e+02
4.263315340793376436e+02
4.254657935961545832e+02
4.246419337127035192e+02
4.238599057939828754e+02
4.231148364412896967e+02
4.223665043753887289e+02
4.216665895914824205e+02
4.209869117524443709e+02
4.203178842562060709e+02
4.196528534488737705e+02
4.189821809015409144e+02
4.183029996909526744e+02
4.176121201958910660e+02
4.169088587861396604e+02
4.161985354925148499e+02
4.154837658198828194e+02
4.147743994753058701e+02
4.140795165514377913e+02
4.134092734961571409e+02
4.127786051854089351e+02
4.121976536884250777e+02
4.116822562470825346e+02
4.112448493784060020e+02
4.108963842697501150e+02
4.106506112975238807e+02
4.105112159614619713e+02
4.104851516855339923e+02
4.105693215052271512e+02
4.107556943736361177e+02
4.109856067230097096e+02
4.113458242000868950e+02
4.117273751343255981e+02
4.121007006872760030e+02
4.124322841417731524e+02
4.126939555565243722e+02
4.128581215908192235e+02
4.129004293202730196e+02
4.128099252131894445e+02
4.125724711466458530e+02
4.121901983613167886e+02
4.116652196040321883e+02
4.110044479946669753e+02
4.102233137101785587e+02
4.093318330563549239e+02
4.083490353069324783e+02
4.072882666104388818e+02
4.061654358842112629e+02
4.049954045592023135e+02
4.037898732525175092e+02
4.025616046959920027e+02
4.013189396168590974e+02
4.000708772819024830e+02
3.988227592734496056e+02
3.975309778802927099e+02
3.962654005861986093e+02
3.950119796012936604e+02
3.937714270625437507e+02
3.925427632838873251e+02
3.913240642389129675e+02
3.901128858926247744e+02
3.889061158091944890e+02
3.877002971390137986e+02
3.864934154906769663e+02
3.852814241107416251e+02
3.840638655982035630e+02
3.828384253893235609e+02
3.816050304611491697e+02
3.803649603503018852e+02
3.791176010428448535e+02
3.778667415976408392e+02
3.766126995174652166e+02
3.753586491047842060e+02
3.741069864964739509e+02
3.728591063798299956e+02
3.716182391718635358e+02
3.703850847947823013e+02
3.691618590801161304e+02
3.679432217783128181e+02
3.668148740649719457e+02
3.657002575071285833e+02
3.645994800517471504e+02
3.635128237385752072e+02
3.624408474521945323e+02
3.613834204921965920e+02
3.603412021676345489e+02
3.593143359040219593e+02
3.583030059397370337e+02
3.573080347645320103e+02
3.563292479253492502e+02
3.553676226140011067e+02
3.544230238682121694e+02
3.534958768363377999e+02
3.525866074133681991e+02
3.516949032086103557e+02
3.508214811192373190e+02
3.499654790668776059e+02
3.491272691104600199e+02
3.483062133227887784e+02
3.475017226040637297e+02
3.467136961227885195e+02
3.459407661693322211e+02
3.451656951372210074e+02
3.444506414956125582e+02
3.437411897032666843e+02
3.430369517546687916e+02
3.423368674296673930e+02
3.416410735147547939e+02
3.409487785148829744e+02
3.402601083267545050e+02
3.395751306417803335e+02
3.388937649648407273e+02
3.382169051802773083e+02
3.375447559582460144e+02
3.368785307624212351e+02
3.362192782047480932e+02
3.355681390622765434e+02
3.349274036220322159e+02
3.342982840463380398e+02
3.336837790029032362e+02
3.330861164514295751e+02
3.325081442508461578e+02
3.319541536407944591e+02
3.314262460195366771e+02
3.309310420583598216e+02
3.304714693830519536e+02
3.300866940044480771e+02
3.298123613596909536e+02
3.296340843347437044e+02
3.295763118322192895e+02
3.296560249533875435e+02
3.299092961231466461e+02
3.303681357416273272e+02
3.310926813828435797e+02
3.321620525289692978e+02
3.336861414457469550e+02
3.358434043024782341e+02
3.388140716562782586e+02
3.428987412015582095e+02
3.483193456652123245e+02
3.553666915521201872e+02
3.641277088852820043e+02
3.745826348760383553e+02
3.863862139198913610e+02
3.989945835049690004e+02
4.116895815516481321e+02
4.237975088851437704e+02
4.347429711740219886e+02
4.440247741650572380e+02
4.514245994941983895e+02
4.569902542584717935e+02
4.606853616968014649e+02
4.630895051397512816e+02
4.645972483852810910e+02
4.654537694939336347e+02
4.658552602211498765e+02
4.658973911133235219e+02
4.656419895239648099e+02
4.651388599546760929e+02
4.644369295544858574e+02
4.635927057582871953e+02
4.626518028082055594e+02
4.616584960662909225e+02
4.606417519366121383e+02
4.596196853845152646e+02
4.586003838543873599e+02
4.575809626449457710e+02
4.565535918360504866e+02
4.555045304768518690e+02
4.544201818510725275e+02
4.532885120751822114e+02
4.520986407930064388e+02
4.508467720513561972e+02
4.495289743840839378e+02
4.481841805149929314e+02
4.465923078743079486e+02
4.449865427568924474e+02
4.433772297359304844e+02
4.417721435489699502e+02
4.401797781717233988e+02
4.386066272326141871e+02
4.370627236080009652e+02
4.355564631215185045e+02
4.341008543759483587e+02
4.327073770987259422e+02
4.313891530394021743e+02
4.301602970012570495e+02
4.290311461570737492e+02
4.280158346427271567e+02
4.271220660941509095e+02
4.263599876344561039e+02
4.257366345515478088e+02
4.252562087581366086e+02
4.249253641520965061e+02
4.247445395812850393e+02
4.247173825120976289e+02
4.248447574185959184e+02
4.251247725320080235e+02
4.255732720460969176e+02
4.262110405962575896e+02
4.269835307401343698e+02
4.278781843411400132e+02
4.288756396620738656e+02
4.299577030098926684e+02
4.310912725300914303e+02
4.322443406022085242e+02
4.333778866037806097e+02
4.344463409031122296e+02
4.354113010471430130e+02
4.362313318595426495e+02
4.368732839599184103e+02
4.373173348435941534e+02
4.375469826539090832e+02
4.375644439657700673e+02
4.373794596065144447e+02
4.370081673204122694e+02
4.364803040779441403e+02
4.358218669478306424e+02
4.350672831641314815e+02
4.342491783377435013e+02
4.333976989296888291e+02
4.325449175644395154e+02
4.317674091908762648e+02
4.310490858505078791e+02
4.304169638860655027e+02
4.298908888225249711e+02
4.294943847197461650e+02
4.292487294701903124e+02
4.291730652292102377e+02
4.292940860926894402e+02
4.296251755986651233e+02
4.301898214011219466e+02
4.309951872609287875e+02
4.320448705935145313e+02
4.333323106093351385e+02
4.348283270179266538e+02
4.365018243227236212e+02
4.382967035946476244e+02
4.401599139078561507e+02
4.420259182528993733e+02
4.438365501602959284e+02
4.455340044056635520e+02
4.470746692611788831e+02
4.484175626986140060e+02
4.495393345591224943e+02
4.504233206542966172e+02
4.510716229394812444e+02
4.515033783926625119e+02
4.517011673416944291e+02
4.516949696443015796e+02
4.515072538696356901e+02
4.511715762549669080e+02
4.507217898721787037e+02
4.501894358578770152e+02
4.496114627166326159e+02
4.490186159611968151e+02
4.484441302155235007e+02
4.479182261266741989e+02
4.474688937798923689e+02
4.471223407530701479e+02
4.469054912740226086e+02
4.468395496424363387e+02
4.469551339429621066e+02
4.472752567079194819e+02
4.478385876994267960e+02
4.486916104635664055e+02
4.498944734505035399e+02
4.515495217767859231e+02
4.537529229507350124e+02
4.566450531521744551e+02
4.602676728024364365e+02
4.645861049632840150e+02
4.693634542793732862e+02
4.742295375706203231e+02
4.787571653182559999e+02
4.826887383839669496e+02
4.858659433668994438e+02
4.883270190139218698e+02
4.901731791455299003e+02
4.915138283262352843e+02
4.924879726591320264e+02
4.931874284039901681e+02
4.937242842999588106e+02
4.942052525036790485e+02
4.947835320517869491e+02
4.956586726700081726e+02
4.971164984480852809e+02
4.995593098941955077e+02
5.033544750641230507e+02
5.088446868579372904e+02
5.158762903299192430e+02
5.238536475911495245e+02
5.318559879531832166e+02
5.391556922528558289e+02
5.452798673174345367e+02
5.501961227614420977e+02
5.540252538697485534e+02
5.568018509480397142e+02
5.586335911771720930e+02
5.596477121889805630e+02
5.599393512306522780e+02
5.594443006153932174e+02
5.581240772099610012e+02
5.560016254477818620e+02
5.532310624056816550e+02
5.500118808299581588e+02
5.465489803539084050e+02
5.430495095376249992e+02
5.398198334708972652e+02
5.373803643379427513e+02
5.370629792307224761e+02
5.425064157437116137e+02
5.647783826172584440e+02
5.898294604315000242e+02
5.969368917576655349e+02
5.982199812035884179e+02
5.994529170213827456e+02
6.036662961562232113e+02
6.092592734061519195e+02
6.109010547816558301e+02
6.081848967892344717e+02
6.034741463893765285e+02
5.980909383792075005e+02
5.926021033530031445e+02
5.872090940965033496e+02
5.820243103498321489e+02
5.771274771283890459e+02
5.726024755729774824e+02
5.684742786147803599e+02
5.646630180112572361e+02
5.610667615232339358e+02
5.575809872471979816e+02
5.540685164347169120e+02
5.504275378541470900e+02
5.465946709179172558e+02
5.425887141926110644e+02
5.384619156382825622e+02
5.342883198964319718e+02
5.301619342485761308e+02
5.261820308898953726e+02
5.224649950140842520e+02
5.191709882459466598e+02
5.163026313744891240e+02
5.139065839708587191e+02
5.121864512725616123e+02
5.109280262217549193e+02
5.098415428144699035e+02
5.087777048325206692e+02
5.077569119151372661e+02
5.069625537815342682e+02
5.065532870929406499e+02
5.066215119774084883e+02
5.071159658682959162e+02
5.078581372778458558e+02
5.086320434486311797e+02
5.092655976609405570e+02
5.096993655864767447e+02
5.099766504152256630e+02
5.101863428761339492e+02
5.104414118602633721e+02
5.108313554180170968e+02
5.114169609124774070e+02
5.122145684729983941e+02
5.132002242994864218e+02
5.143149913334844996e+02
5.154776549427996315e+02
5.163907396464834392e+02
5.172747246223871116e+02
5.180298209845857400e+02
5.186507025098735539e+02
5.191431771057689275e+02
5.195267016703251102e+02
5.198072571611508010e+02
5.199993444348065168e+02
5.201017858235252334e+02
5.201092571646784108e+02
5.200186963754773615e+02
5.198137633620543738e+02
5.194844594063550858e+02
5.190162315383746545e+02
5.183890154815577489e+02
5.175956982627167235e+02
5.166180673263228300e+02
5.154446090554949933e+02
5.140702439812536113e+02
5.124827794054893957e+02
5.106902594268199209e+02
5.087023789387640704e+02
5.065364722426430149e+02
5.042282703703213542e+02
5.016334949684174944e+02
4.988816958211883161e+02
4.961236465567555456e+02
4.933924469004755906e+02
4.907251148708156734e+02
4.881393264944549628e+02
4.856558436151931915e+02
4.832865254356496507e+02
4.810354166360598356e+02
4.789138684845834746e+02
4.769250752273904936e+02
4.750768196261158778e+02
4.733854154245541963e+02
4.718566075245947786e+02
4.705120694925781208e+02
4.693593291743746363e+02
4.684068977611864852e+02
4.676615088099580362e+02
4.671099100207110837e+02
4.667433260614558321e+02
4.665303184994051549e+02
4.664357940283328503e+02
4.664172922599683488e+02
4.664255914665309888e+02
4.662548135496880377e+02
4.660776784691508396e+02
4.658003085367977292e+02
4.653904596910858231e+02
4.648201116521310610e+02
4.640730700574949879e+02
4.631513315445650392e+02
4.620578126409562856e+02
4.608147494372972801e+02
4.594468771092044790e+02
4.579857789434718711e+02
4.564708830571377121e+02
4.549431012057885937e+02
4.534450389850837269e+02
4.520258835820067702e+02
4.507225637824337809e+02
4.495791682345422942e+02
4.486272739921286643e+02
4.478865951270812502e+02
4.473769967496087929e+02
4.470891324233251680e+02
4.470103201038461975e+02
4.471125447296959692e+02
4.473471998515303767e+02
4.476178585731038311e+02
4.479398261275521236e+02
4.481917190224356773e+02
4.483252037154309733e+02
4.482951694303342265e+02
4.480719581710932857e+02
4.476557750602686951e+02
4.470432497862369132e+02
4.462605899971708254e+02
4.453283420331700313e+02
4.442696163154395208e+02
4.431120261849748658e+02
4.418711804236697844e+02
4.405670146039689712e+02
4.392123901687857597e+02
4.378182170930964503e+02
4.363950646419351642e+02
4.349515618004894577e+02
4.334951452351119201e+02
4.320339985076190032e+02
4.305731978070343757e+02
4.291182025531715567e+02
4.276734607512585740e+02
4.262408312253527924e+02
4.247895658103860228e+02
4.233603096279189799e+02
4.219437428217959791e+02
4.205403747867752600e+02
4.191474397790199191e+02
4.177655084820829074e+02
4.163926537078814931e+02
4.150274824625270753e+02
4.136699660068947537e+02
4.123168924530442609e+02
4.109690090678008687e+02
4.096225962307061650e+02
4.082772708142740612e+02
4.069302605864348834e+02
4.055796479720664252e+02
4.042241516816039280e+02
4.028607825112314913e+02
4.014896646297011671e+02
4.001083306052029798e+02
3.987177110574249923e+02
3.973170484425192512e+02
3.959074155515340294e+02
3.944903318018789378e+02
3.930668913334416175e+02
3.916080506714697549e+02
3.901918290511303553e+02
3.887769745963652213e+02
3.873663133907494398e+02
3.859624865703759724e+02
3.845696996708937263e+02
3.831903522028981683e+02
3.818282937008420959e+02
3.804867150063314511e+02
3.791678462600133344e+02
3.778757837024039077e+02
3.766114385420964368e+02
3.753785922143844118e+02
3.741789391965415348e+02
3.730151440806706091e+02
3.718909713516525244e+02
3.708080738494923594e+02
3.697714438862311113e+02
3.687822123757940176e+02
3.678441182736401629e+02
3.669578534417067885e+02
3.661235055399286580e+02
3.653401456156691438e+02
3.646034310894576151e+02
3.639318253940360819e+02
3.633297903457162192e+02
3.627653631303674047e+02
3.622331489740852817e+02
3.617340472449071740e+02
3.612676455782803941e+02
3.608325610780063357e+02
3.604311904569240710e+02
3.600589315285499765e+02
3.597165757200830285e+02
3.593983695499791224e+02
3.591025220562703453e+02
3.588251888593554781e+02
3.585636462502350241e+02
3.583186737582623778e+02
3.580884581511286342e+02
3.578772814429972868e+02
3.576859260397102389e+02
3.575188066885187368e+02
3.573798847261277842e+02
3.572719156517594570e+02
3.571996555085459022e+02
3.571663613546568854e+02
3.571754636570809112e+02
3.573742133125481928e+02
3.576448026946461596e+02
3.579752040197628844e+02
3.583664030839514112e+02
3.588167382673834709e+02
3.593262554853988604e+02
3.598919464468759770e+02
3.605107708329161937e+02
3.611793201747415196e+02
3.618916642228241471e+02
3.626426241686360754e+02
3.634251930329134552e+02
3.642334268235308627e+02
3.650605208225855449e+02
3.659021669102141345e+02
3.667530613977516509e+02
3.676132382655797528e+02
3.684812409444762693e+02
3.693605858671809301e+02
3.702573428086975582e+02
3.711776705677607993e+02
3.721369049677426801e+02
3.731459934617486169e+02
3.742265624636974053e+02
3.755039761744893099e+02
3.768623330750665446e+02
3.783633841812024343e+02
3.800272430612025687e+02
3.818812161525129909e+02
3.839451832081703628e+02
3.862393849561402703e+02
3.887797644599939417e+02
3.915748407390401553e+02
3.946248006455327300e+02
3.979202893935230350e+02
4.014288909099807938e+02
4.051199822597004641e+02
4.089373829928440500e+02
4.128291818541947009e+02
4.167414497493086287e+02
4.206197685039441581e+02
4.244258458240006462e+02
4.281321203854156465e+02
4.317186385337431602e+02
4.351899456423649895e+02
4.385595618880936399e+02
4.418381529909490268e+02
4.450580754469838780e+02
4.482824165453570799e+02
4.515096212441814032e+02
4.546487033814952383e+02
4.576558644505005304e+02
4.605076140765119135e+02
4.631903440785268344e+02
4.656834027386046273e+02
4.679865418403113608e+02
4.700820325335016037e+02
4.719524868688613424e+02
4.736149236808112164e+02
4.750692761099729182e+02
4.763551534855051841e+02
4.775014560683422928e+02
4.785208997850484138e+02
4.794344727979791969e+02
4.802160678767938293e+02
4.808363883063299795e+02
4.812621499876479447e+02
4.814525177513357335e+02
4.814067461149868450e+02
4.811442477705742249e+02
4.806951387421530626e+02
4.801358990373738607e+02
4.795054782419201160e+02
4.788656179928453298e+02
4.783384350934763347e+02
4.779622359471002255e+02
4.777762522047497669e+02
4.777745552225417782e+02
4.779314150735159501e+02
4.782076600288102100e+02
4.785409544841436968e+02
4.788710715386336574e+02
4.791579936226301015e+02
4.793506361076862277e+02
4.794362709668289995e+02
4.793972901026211275e+02
4.792176375590019006e+02
4.789006469309271097e+02
4.784211289559794977e+02
4.777662530055766297e+02
4.769157436726113133e+02
4.758440553533605453e+02
4.745429659853815565e+02
4.730092038944378601e+02
4.712456968710827141e+02
4.692820088032200943e+02
4.671733373406888745e+02
4.649181895714934853e+02
4.626002498809501731e+02
4.602590304135985093e+02
4.579440292087553530e+02
4.556919165704707666e+02
4.535468457808994458e+02
4.515518113126072990e+02
4.497509414222590181e+02
4.482016071994281674e+02
4.469557648750633803e+02
4.460837343107320407e+02
4.456427263334768440e+02
4.456889984572360959e+02
4.462769895132267948e+02
4.474239099533767785e+02
4.491591514531070857e+02
4.514715292641629389e+02
4.543241222721973713e+02
4.576828575378722803e+02
4.614433687666228820e+02
4.654990506031481345e+02
4.697395335949643709e+02
4.740414597854009457e+02
4.782713270281297469e+02
4.825531102892385320e+02
4.867375147759940432e+02
4.908522564880429400e+02
4.948822456267967596e+02
4.988127876898859085e+02
5.026090557115620641e+02
5.062038088103261089e+02
5.095314355104766832e+02
5.125317132773899402e+02
5.151504714847953892e+02
5.173795222481412566e+02
5.192310079392467514e+02
5.207288368454469492e+02
5.219196477284450566e+02
5.228493789184578873e+02
5.235613555332143960e+02
5.241116743538253786e+02
5.245333795431550925e+02
5.248555219092108928e+02
5.251000523691044464e+02
5.252615483895783655e+02
5.253457415960253911e+02
5.253414483352539719e+02
5.251885127890934655e+02
5.248758708654914926e+02
5.244426761355861117e+02
5.238971242143879863e+02
5.232476221426625216e+02
5.224982190934790651e+02
5.216684192154399398e+02
5.207675290900363052e+02
5.198086226406661581e+02
5.188098514420699985e+02
5.177795980043468944e+02
5.167372832609212310e+02
5.156971337763801557e+02
5.146707842846903986e+02
5.136782518420876613e+02
5.127270409807204032e+02
5.118346222901658962e+02
5.110098625775367509e+02
5.102628037861392158e+02
5.096055918540192238e+02
5.090448283163452174e+02
5.085965678675983668e+02
5.082694417174427031e+02
5.080818927713024209e+02
5.080905833216592669e+02
5.083141455028037967e+02
5.087280548318006481e+02
5.093250041303141415e+02
5.100890878371787380e+02
5.109879171735504428e+02
5.119763226601063479e+02
5.130032829497962439e+02
5.140075951715741667e+02
5.149235758343752423e+02
5.156922602707326178e+02
5.162475855262568984e+02
5.165413503323023861e+02
5.165334240326319559e+02
5.161900158485101429e+02
5.155047292936654912e+02
5.144710529237127048e+02
5.131020867853585514e+02
5.114220673901396026e+02
5.094521854658655684e+02
5.072310474174878436e+02
5.047889012643614706e+02
5.021607936546758992e+02
4.993830038436002496e+02
4.965123259187011513e+02
4.935334817305171669e+02
4.904969862265919005e+02
4.874271370181278940e+02
4.843462770927760630e+02
4.812703837433359695e+02
4.782162111011654702e+02
4.751959417335841067e+02
4.722197230772344483e+02
4.692978218925605347e+02
4.664361034094580987e+02
4.636419256760427743e+02
4.609202181658368431e+02
4.582747687271324821e+02
4.557109918116365748e+02
4.532305627713587910e+02
4.508383185400612660e+02
4.485364839068738547e+02
4.463282484251300843e+02
4.442178930090570930e+02
4.422075958224148167e+02
4.403033204350333563e+02
4.385085087152852452e+02
4.368299879916548321e+02
4.352868330019815062e+02
4.339497274753551892e+02
4.327597591628892246e+02
4.317243499463702960e+02
4.308556581289359997e+02
4.301605780820369205e+02
4.296465401533477575e+02
4.293184079997568574e+02
4.291726051642479547e+02
4.292071150216111164e+02
4.294083490995560055e+02
4.297588872614862794e+02
4.302416207162478372e+02
4.308264107277923927e+02
4.314913951627152642e+02
4.322088330330697090e+02
4.329475719758063974e+02
4.336910670217617394e+02
4.344082397209633655e+02
4.350821351747578660e+02
4.356910708242500050e+02
4.362096068018923347e+02
4.366243014295985176e+02
4.369129164012220485e+02
4.369752190636128830e+02
4.369405430513428996e+02
4.367387653332629611e+02
4.363814840951154110e+02
4.358774396445795105e+02
4.352416014512323272e+02
4.344971501282852842e+02
4.336618151664907259e+02
4.327655630181328092e+02
4.318400879633400109e+02
4.309258365797488182e+02
4.300920961507063112e+02
4.294304949869458028e+02
4.290911407870185599e+02
4.292932273902902125e+02
4.302569787259058671e+02
4.322192151545067986e+02
4.351172384389693661e+02
4.387049728295426121e+02
4.426214182834353892e+02
4.466124614400954442e+02
4.505202965480014541e+02
4.541884170755387231e+02
4.573838582338828473e+02
4.598742671762863665e+02
4.617714573432656948e+02
4.631358000332730285e+02
4.641364829523411117e+02
4.648751674686768069e+02
4.654425226765016532e+02
4.658761528231779607e+02
4.661868228441841779e+02
4.663842589875869749e+02
4.664666924720577299e+02
4.664309297039197304e+02
4.662908534711078232e+02
4.660448022464137807e+02
4.657116845757220176e+02
4.653015414216946510e+02
4.648221756193349279e+02
4.642895694692254551e+02
4.637090474357175935e+02
4.630951886248619758e+02
4.624615678269383352e+02
4.618221574297963912e+02
4.611928041123547928e+02
4.605872236022871107e+02
4.600140413682022995e+02
4.593630702288749035e+02
4.587845703435114615e+02
4.582251347930354086e+02
4.576724191746303632e+02
4.571085223582559820e+02
4.565236990718849484e+02
4.559045763161249170e+02
4.552497655023190077e+02
4.545605200555129386e+02
4.538443161459550197e+02
4.531170882317290989e+02
4.523952749863987606e+02
4.517025204893220121e+02
4.510594954241146866e+02
4.504899342206077790e+02
4.500117370753455361e+02
4.496426863038840338e+02
4.493906148836346688e+02
4.492600882247425602e+02
4.492450024087979159e+02
4.493323225084632782e+02
4.495058534996908861e+02
4.497421883486732099e+02
4.500206442200725405e+02
4.502495949983397168e+02
4.505624028532998864e+02
4.508763980042824642e+02
4.511846234733028496e+02
4.514863278288069637e+02
4.517817593291609342e+02
4.520580505099631523e+02
4.523053028965864542e+02
4.524955848521336179e+02
4.525988563590295257e+02
4.525813089903465425e+02
4.524103932684104734e+02
4.520549702311855640e+02
4.515019552952186359e+02
4.507362978686513202e+02
4.497645390064802200e+02
4.485967779593271985e+02
4.472469366982249994e+02
4.457428852571954394e+02
4.441026758621637782e+02
4.423559942978042727e+02
4.405251538810139778e+02
4.386327033487881408e+02
4.367019285610621750e+02
4.346766654233756526e+02
4.326632268018055925e+02
4.306651067454472468e+02
4.286953155469951184e+02
4.267657858468264749e+02
4.248841417735472419e+02
4.230580772759382739e+02
4.212926777336913347e+02
4.195906047872852014e+02
4.179549100415576390e+02
4.163851574326529317e+02
4.148811019939556672e+02
4.134416520867134750e+02
4.120631371796359304e+02
4.107439384338995865e+02
4.094791999723756817e+02
4.082648805800138803e+02
4.070970357249576637e+02
4.059691191186372521e+02
4.048770325321166865e+02
4.038136940469947262e+02
4.027725493466627427e+02
4.017476305047410392e+02
4.007301124157814343e+02
3.996695013213722518e+02
3.987307454802459574e+02
3.977858141024582324e+02
3.968297256742784498e+02
3.958547985229284336e+02
3.948583619791144201e+02
3.938352407617585413e+02
3.927829466985116369e+02
3.917011701292681209e+02
3.905876333083126042e+02
3.894462413503774201e+02
3.882774480632664336e+02
3.870870873943060815e+02
3.858808621110324566e+02
3.846649731461766919e+02
3.834505602703586078e+02
3.822439999079021504e+02
3.810588361495754839e+02
3.799029602637066318e+02
3.787878599614406312e+02
3.777235174273471898e+02
3.767165822511601618e+02
3.757786860210019313e+02
3.749118402431550976e+02
3.741812624624957380e+02
3.736203019810845944e+02
3.731638712815290546e+02
3.728139121752142842e+02
3.725743442333562143e+02
3.724522813146405156e+02
3.724446935331629334e+02
3.725609399600654683e+02
3.727901024229165046e+02
3.731324944072732706e+02
3.735715207634944477e+02
3.740923986070483238e+02
3.746765389030601341e+02
3.753012454621778602e+02
3.759553949436716493e+02
3.766214094546028832e+02
3.773031279516947620e+02
3.779963942457412145e+02
3.787170883873603771e+02
3.794773842444060961e+02
3.802941160100778575e+02
3.811925820328494865e+02
3.821868450128798145e+02
3.833090053070919225e+02
3.846470775153390491e+02
3.861195553248245460e+02
3.878066940903493105e+02
3.897423737833732957e+02
3.919828519168929688e+02
3.945560374223836675e+02
3.975030627608313125e+02
4.008597805522340423e+02
4.046694936866903163e+02
4.090481289634203108e+02
4.141836083316518398e+02
4.203498207853110671e+02
4.278975923184378871e+02
4.369400545705984769e+02
4.473509106336709351e+02
4.585876912013117703e+02
4.700244997929853525e+02
4.811066441551860180e+02
4.913944208404265055e+02
5.004092988206338077e+02
5.079389030580935582e+02
5.137631630804773977e+02
5.178540611355809915e+02
5.202243580963795466e+02
5.209734894925117032e+02
5.202675320749337970e+02
5.186652212106032493e+02
5.164469822285685723e+02
5.138431140327684261e+02
5.110153587330607934e+02
5.080723472954612134e+02
5.050978042586013999e+02
5.021417270553932326e+02
4.992473532167427948e+02
4.964432728953402716e+02
4.937505981101435850e+02
4.911897261666088639e+02
4.887708130038499235e+02
4.865087514408285756e+02
4.844110499240327954e+02
4.824866301429328246e+02
4.807449398692083378e+02
4.791898940567557474e+02
4.778325865181550398e+02
4.766761466974497239e+02
4.757296495503292135e+02
4.750001863753918201e+02
4.744928208140554489e+02
4.742320753885103954e+02
4.742267218969486748e+02
4.744744401309383761e+02
4.749903539031885202e+02
4.758075786238048295e+02
4.769684541440113890e+02
4.785431855417852489e+02
4.806264591789676501e+02
4.833275813391963425e+02
4.867795062985425147e+02
4.910340825836293561e+02
4.960791016241915941e+02
5.017371633481932918e+02
5.077153563163319632e+02
5.137050283523764165e+02
5.194442591073682252e+02
5.247314187379234909e+02
5.295091526872835175e+02
5.337120223746253487e+02
5.373279626132398334e+02
5.403501768093880173e+02
5.427469113074431561e+02
5.445205452468370595e+02
5.456780834704502468e+02
5.462216643807524861e+02
5.462357120397654171e+02
5.457706493794552216e+02
5.448978446129797248e+02
5.436771351556693617e+02
5.421571336178951697e+02
5.403911130932774540e+02
5.384105697946117743e+02
5.362531061236247751e+02
5.339457811769200362e+02
5.315093974895689826e+02
5.289667567114868234e+02
5.263291593019010861e+02
5.236119798834354242e+02
5.208288063602104785e+02
5.179892452752229701e+02
5.151156785235274356e+02
5.122218558178809644e+02
5.093343858336127141e+02
5.064775609805008685e+02
5.036757867626640177e+02
5.009609930909147693e+02
4.983563699381127208e+02
4.958955253201477831e+02
4.936615603727964867e+02
4.916800746116811638e+02
4.899493624369936811e+02
4.884920295993900368e+02
4.873408961558948818e+02
4.865150293725025108e+02
4.860338434717396012e+02
4.859159242650187025e+02
4.861580383461208612e+02
4.867651084140674698e+02
4.877147352027672582e+02
4.889742081270646281e+02
4.905080381365257836e+02
4.922502432197610460e+02
4.941414425276772135e+02
4.961150996810942502e+02
4.980897741203713736e+02
5.000136634845688377e+02
5.018146986373647565e+02
5.034379770027692302e+02
5.048438685544032865e+02
5.059789368733491983e+02
5.068229040944661392e+02
5.073491506309508736e+02
5.074940736249615156e+02
5.072836272878947739e+02
5.067485719894041836e+02
5.059155573072570746e+02
5.048140205189043286e+02
5.034698768759033101e+02
5.019254960117524433e+02
5.002118188691117666e+02
4.983662659351937805e+02
4.964269473081354818e+02
4.944218943531014361e+02
4.923872160252544745e+02
4.903468447164929671e+02
4.883243670094593085e+02
4.863408063306569034e+02
4.844060884910429650e+02
4.825322386107237094e+02
4.807208630464168664e+02
4.789702588491309143e+02
4.772761581482388920e+02
4.756274081386877128e+02
4.740130664485535021e+02
4.724200567155138515e+02
4.708334909709329281e+02
4.692675827355840283e+02
4.676664704091402882e+02
4.660359556235464424e+02
4.643710922809438557e+02
4.626658290758136332e+02
4.609199483949705609e+02
4.591339527064666868e+02
4.573096459714101911e+02
4.554523815125102715e+02
4.535664048725178645e+02
4.516582780643104797e+02
4.497346751362769623e+02
4.478022541892881918e+02
4.458683003563090210e+02
4.439401284870334052e+02
4.420241075128063812e+02
4.401280582308263547e+02
4.382578184972619511e+02
4.364203229641058215e+02
4.346221082544386149e+02
4.328686829321214873e+02
4.311674949935721770e+02
4.295238960901351106e+02
4.279455563341018092e+02
4.264608006171249031e+02
4.250632992462128072e+02
4.237639806623090521e+02
4.225742108994650721e+02
4.215126110448430836e+02
4.205970892058703043e+02
4.198533995047634448e+02
4.193103095219799457e+02
4.189986281323597268e+02
4.189597032682555664e+02
4.192247800073967596e+02
4.198361471265336036e+02
4.208210126958599062e+02
4.221954544070456450e+02
4.239742398585720480e+02
4.261332148362444627e+02
4.286455965607381131e+02
4.314634566831426810e+02
4.345094883834706252e+02
4.377287026033165489e+02
4.410428059541212065e+02
4.443750941857577459e+02
4.476795039820747206e+02
4.508629033047980670e+02
4.537540652556207306e+02
4.563606561733708418e+02
4.585498614830434008e+02
4.602628995822546472e+02
4.614502632992316649e+02
4.620930173655421527e+02
4.622349964153395945e+02
4.619165374208976118e+02
4.612178067691897354e+02
4.602133038761016337e+02
4.589656887435085650e+02
4.575443387363429224e+02
4.559944210087555803e+02
4.543620644349487065e+02
4.526854238807971456e+02
4.509930931479754008e+02
4.493147783063981251e+02
4.476703000859918689e+02
4.460759821454312259e+02
4.445449414826404109e+02
4.430824930930046435e+02
4.416931660801835733e+02
4.403768766412656532e+02
4.391294877041062250e+02
4.379555393937633880e+02
4.368596313931423083e+02
4.358141511646803679e+02
4.348095333058325878e+02
4.338353808857048648e+02
4.328832627625991449e+02
4.319438653001802777e+02
4.310097646074764270e+02
4.300749816850907905e+02
4.291353770830752410e+02
4.281880363032684613e+02
4.272346031487068103e+02
4.262758080546377073e+02
4.253180579313048497e+02
4.243679822113249429e+02
4.234326949144372634e+02
4.225246612990140420e+02
4.216491082389039775e+02
4.208174233202324217e+02
4.200333745958900522e+02
4.192994889211352074e+02
4.186166726202155246e+02
4.179781156465816139e+02
4.173775163396906009e+02
4.167965400769890607e+02
4.163025749098990218e+02
4.158039451423455830e+02
4.152887666877015818e+02
4.147443552852128619e+02
4.141667412913616317e+02
4.135459533652581285e+02
4.128796091775635091e+02
4.121641300022729979e+02
4.113927639501293925e+02
4.105667438459306595e+02
4.096793964696105945e+02
4.087290587463928091e+02
4.077141661194152107e+02
4.066294537147090864e+02
4.054775540985427256e+02
4.042563502861704023e+02
4.029677734263108846e+02
4.016165264078836685e+02
4.002044442447871120e+02
3.987398009405599169e+02
3.972284543282191862e+02
3.956780694396865670e+02
3.940985903137603259e+02
3.924698986633390518e+02
3.909289969441676362e+02
3.894057120600341477e+02
3.879059926474178042e+02
3.864376581282910479e+02
3.850052546909174680e+02
3.836137829681524636e+02
3.822696831917870099e+02
3.809749135272861622e+02
3.797360254712010601e+02
3.785537956440215908e+02
3.774303593150027041e+02
3.763664160483157275e+02
3.753580974782895510e+02
3.744037619139007234e+02
3.734959480298475114e+02
3.726281196582005464e+02
3.717923130616615026e+02
3.709790500823362436e+02
3.701805342808138448e+02
3.693895560502195963e+02
3.685993949629813642e+02
3.678083409717564223e+02
3.670144644850760187e+02
3.661637733315877199e+02
3.653933514048250686e+02
3.646288498706717291e+02
3.638893337768336664e+02
3.631978173080420333e+02
3.625929895631798558e+02
3.621426512236885742e+02
3.619965945994405274e+02
3.625331273224583128e+02
3.643757647115562008e+02
3.675651247892657238e+02
3.710305046249519023e+02
3.746831379598074250e+02
3.794785771644940837e+02
3.881138352791999182e+02
4.122368676624190584e+02
4.638736911225551012e+02
4.953967314476586239e+02
5.124504644864856573e+02
5.260008343252460463e+02
5.379547215304637575e+02
5.486031344782038559e+02
5.575703458477578351e+02
5.644003755736971470e+02
5.688394384375264963e+02
5.714950187605254541e+02
5.731732064673182094e+02
5.746856883123501802e+02
5.778714169737698967e+02
5.894659995834008441e+02
6.140529838029895018e+02
6.302947892339828968e+02
6.341086822052568550e+02
6.344671798555359601e+02
6.341226579855878072e+02
6.335410567615241462e+02
6.329853555787027517e+02
6.328841296193993458e+02
6.338958901756927844e+02
6.366339503306717233e+02
6.410079195344454774e+02
6.457342635870833192e+02
6.488845793840762326e+02
6.497014094834499929e+02
6.489336846114696300e+02
6.475665588279822487e+02
6.464385873179080590e+02
6.458763215118337939e+02
6.454490942446203690e+02
6.442913772332259441e+02
6.420767291934806735e+02
6.386408575228803102e+02
6.342477287171905118e+02
6.292147691108124263e+02
6.238714499795385109e+02
6.184168569205796757e+02
6.129912217229892804e+02
6.076768167628166566e+02
6.025214990315190562e+02
5.975531435592887419e+02
5.927909616075706936e+02
5.882403034928183843e+02
5.839090857569384525e+02
5.797967124752714199e+02
5.759022506972605697e+02
5.722256156657949759e+02
5.687586839718833289e+02
5.655000884581249920e+02
5.624391229294216146e+02
5.595700332529472689e+02
5.568830379312272498e+02
5.543679693151026413e+02
5.521337619556429672e+02
5.500330492869874206e+02
5.480863919441375174e+02
5.462883782609062564e+02
5.446393920631836636e+02
5.431438915211596168e+02
5.418148294525606161e+02
5.406752723614162051e+02
5.397640225647654688e+02
5.391381657977233317e+02
5.388649541256792190e+02
5.390296579689101009e+02
5.396858811575882555e+02
5.408656177043029629e+02
5.425390321950818588e+02
5.445825156704726169e+02
5.468067182830077400e+02
5.489914863164774488e+02
5.509394687760886882e+02
5.525862628121955140e+02
5.539271148374110680e+02
5.550039780895942840e+02
5.558704922525877237e+02
5.565222287854181786e+02
5.569461673174055250e+02
5.571945395564021055e+02
5.572578120579680672e+02
5.571944958280514584e+02
5.570190985455254804e+02
5.567481230920176358e+02
5.563475425894157524e+02
5.557412240935528871e+02
5.548580069166197291e+02
5.536215616037789005e+02
5.520127245969721343e+02
5.500762666841117152e+02
5.478600765894236702e+02
5.454448417652114358e+02
5.428775410323490860e+02
5.401882179849355907e+02
5.374239043982756812e+02
5.346132217742690500e+02
5.318257404625096569e+02
5.291280542779154530e+02
5.265835823791204575e+02
5.242681996859762421e+02
5.222159615499421079e+02
5.204652020995773682e+02
5.190384656882420131e+02
5.179842306427543690e+02
5.172388912788360358e+02
5.167659513811619263e+02
5.165253230435279193e+02
5.164713705222443423e+02
5.165232533247841502e+02
5.166078994682823122e+02
5.166473957466542970e+02
5.165584864619902419e+02
5.162997612661947642e+02
5.158324824943376825e+02
5.151410647119286068e+02
5.142419730892753478e+02
5.131468621637035312e+02
5.118922981746944174e+02
5.105221028669564021e+02
5.090793346902401595e+02
5.076303217286091467e+02
5.062383915488906609e+02
5.049726716369633550e+02
5.039142764931938814e+02
5.031232828098186474e+02
5.026678794228843685e+02
5.025856401739662829e+02
5.030181225483774483e+02
5.038305185337155194e+02
5.049730402067808086e+02
5.063947064221923711e+02
5.080441288488092368e+02
5.098442127439211049e+02
5.117478747471168958e+02
5.136796336962337364e+02
5.155589035912751115e+02
5.173243709270674344e+02
5.188869548581392337e+02
5.201841484889553158e+02
5.211715114112605534e+02
5.217996576502206381e+02
5.220683034758537815e+02
5.219739377167493330e+02
5.215259461513927590e+02
5.207640780744771973e+02
5.197163276400792711e+02
5.184345884860047136e+02
5.169779851869502636e+02
5.154027250270405602e+02
5.137966218724534428e+02
5.122323667710518293e+02
5.109799596664873320e+02
5.103487415369597784e+02
5.108814501442657843e+02
5.135279572646422821e+02
5.189609080857070467e+02
5.265313310048002222e+02
5.341125442016634679e+02
5.403720952303820013e+02
5.451723956053851907e+02
5.490536148476128346e+02
5.525893274017322483e+02
5.563829470063708413e+02
5.608218722708517134e+02
5.658524283640869044e+02
5.710035727026192944e+02
5.756132643331396821e+02
5.793826632842906292e+02
5.821850309450766190e+02
5.841791719243889247e+02
5.855230408690364357e+02
5.863095273436830439e+02
5.865683634382025957e+02
5.862697575927174967e+02
5.851282452359936315e+02
5.832911545615841078e+02
5.808795171932887342e+02
5.780624986863052754e+02
5.750674622988544797e+02
5.720964789318569501e+02
5.693430896804403574e+02
5.669119851959097787e+02
5.648445271860199455e+02
5.631208885957830717e+02
5.616983448470849680e+02
5.604644726827285695e+02
5.592907187128956821e+02
5.579681459814266873e+02
5.563184969221885012e+02
5.542276181025499682e+02
5.517015669712440058e+02
5.487915094789760815e+02
5.456126853954546050e+02
5.422546878267907005e+02
5.387960141786531949e+02
5.352969296606603393e+02
5.317943431995468018e+02
5.283180064667595843e+02
5.247811228943505739e+02
5.212904759801011778e+02
5.178820171116313986e+02
5.145683313730365853e+02
5.113693245398158069e+02
5.083114621357360079e+02
5.054224506779664807e+02
5.027550574451063312e+02
5.003666853432626453e+02
4.983571457695603613e+02
4.968788332867432018e+02
4.961706603181841047e+02
4.967090776703054757e+02
4.992142211587200222e+02
5.049717418871929908e+02
5.150414289969166930e+02
5.293220926596187610e+02
5.453828797747256658e+02
5.600493159140941088e+02
5.714038285699997459e+02
5.793962372728841501e+02
5.843832378021162413e+02
5.869311162323454028e+02
5.875299487241769612e+02
5.863783192376193938e+02
5.838152916930483798e+02
5.802724982833161675e+02
5.759736436361906726e+02
5.711257568339860882e+02
5.658901502093613090e+02
5.604141253639595561e+02
5.548008171485488447e+02
5.491298970695386288e+02
5.434639785610916078e+02
5.378437975616777749e+02
5.323042685336125714e+02
5.268701199802476367e+02
5.215589527078599303e+02
5.163882320137353190e+02
5.113675664434254600e+02
5.065080779418875636e+02
5.018183273550022818e+02
4.973045134842930679e+02
4.929755987744929939e+02
4.888361341073729136e+02
4.848939584442237560e+02
4.811556905175263523e+02
4.776262973672693306e+02
4.742719659098352736e+02
4.710856734378135116e+02
4.681293193435365652e+02
4.654025925441346772e+02
4.629037419731595264e+02
4.606305993562789354e+02
4.585781795960990621e+02
4.567418986609391141e+02
4.551122928481525491e+02
4.536760472658480694e+02
4.524104894577494065e+02
4.512878666293892138e+02
4.502788923314158751e+02
4.493526911822694387e+02
4.484944737544263944e+02
4.476891327893787320e+02
4.469303644266623223e+02
4.462152008047292497e+02
4.455308348609565883e+02
4.448722659191331559e+02
4.442263935304479787e+02
4.435831660563288779e+02
4.429398312955952974e+02
4.422888025666379690e+02
4.418625745258473216e+02
4.415286240936787863e+02
4.412076082987885002e+02
4.409096337762001099e+02
4.406411749518419469e+02
4.404215318443052070e+02
4.402633256689287578e+02
4.401831748198324590e+02
4.401937106602993595e+02
4.402833031299223308e+02
4.404265136276269459e+02
4.405610826396983271e+02
4.406137195962963347e+02
4.405186552403729934e+02
4.402424996268902078e+02
4.397753262123988520e+02
4.391515393707143176e+02
4.384014050496410277e+02
4.375691845914093960e+02
4.366884799244951409e+02
4.357896518276198208e+02
4.348979235824916714e+02
4.340311829319621779e+02
4.332061854282862328e+02
4.323937004675626667e+02
4.314666211521225136e+02
4.305971821684518090e+02
4.297910398160588556e+02
4.290562990241412535e+02
4.283958391129565371e+02
4.278171815521581038e+02
4.273237686012043923e+02
4.269154799277657730e+02
4.265942578084702745e+02
4.263527543424474402e+02
4.261851069822762383e+02
4.260835616103069583e+02
4.260369067722938894e+02
4.260391370977243923e+02
4.260850435979560302e+02
4.261695695086314686e+02
4.262973525027213668e+02
4.264659412410470054e+02
4.266766290096617809e+02
4.269250674779034966e+02
4.271996932518800349e+02
4.274875416713268237e+02
4.277650630645762249e+02
4.279625623361004045e+02
4.279089871830517495e+02
4.278001432937063555e+02
4.276199346476992673e+02
4.273541717041957781e+02
4.269892326632718209e+02
4.265218890152742119e+02
4.259460071290916972e+02
4.252660510117863168e+02
4.244852294564430508e+02
4.236084530259815892e+02
4.226430116979807394e+02
4.215932857146050310e+02
4.204660822215362828e+02
4.192661542666119772e+02
4.179997820635772428e+02
4.166712612229745787e+02
4.152871824568042598e+02
4.138515494662952960e+02
4.123702934777950304e+02
4.108483227326411225e+02
4.092894731639644874e+02
4.076994494278595198e+02
4.060809573189022217e+02
4.044166724506652599e+02
4.027979700221272310e+02
4.011601124459357379e+02
3.995069841036436742e+02
3.978410147699974004e+02
3.961668624476063769e+02
3.944875056690760857e+02
3.928073031128326988e+02
3.911302150521741510e+02
3.894606029903615649e+02
3.878033579630873646e+02
3.861636418991848245e+02
3.845476359053102442e+02
3.829618648588312340e+02
3.814149866328112353e+02
3.799156368734793432e+02
3.784763538858709353e+02
3.771097653974229615e+02
3.758324612414381249e+02
3.746645848541892860e+02
3.736266647999987640e+02
3.727488286857861226e+02
3.720578237086014610e+02
3.715907079077062463e+02
3.713544345004778506e+02
3.714591812273051232e+02
3.719073507591518251e+02
3.727260199687647741e+02
3.739483541152553698e+02
3.755892843233331178e+02
3.776445164754349548e+02
3.801040463376126581e+02
3.829200885058327231e+02
3.860358862147634795e+02
3.893755221800622053e+02
3.928403948444568528e+02
3.963376971680527276e+02
3.997673262301819364e+02
4.030349363758535901e+02
4.060711565958275742e+02
4.088114617305669185e+02
4.112171052346653823e+02
4.132708115848619173e+02
4.149599528686522945e+02
4.162983023866065082e+02
4.172974321044356998e+02
4.179792077601699134e+02
4.183711116248478561e+02
4.184224477933209414e+02
4.182592876499506360e+02
4.178749595874438683e+02
4.172930934353534553e+02
4.165332884235948541e+02
4.156125243134810603e+02
4.145495698969306204e+02
4.133572738636771646e+02
4.120523016736931936e+02
4.106467855379362959e+02
4.091541026570728832e+02
4.075874662194295297e+02
4.059573617416852471e+02
4.042771633663462012e+02
4.025564903735814255e+02
4.008066254460747473e+02
3.990377503618507262e+02
3.972581538163188384e+02
3.954774620502321341e+02
3.937021795331019689e+02
3.919392976616566671e+02
3.901944571964345414e+02
3.884716274603401871e+02
3.867745573534232904e+02
3.850699247071689797e+02
3.834277621089547097e+02
3.818250755780712780e+02
3.802646819427294531e+02
3.787499585004007940e+02
3.772874361931625913e+02
3.758822015079989001e+02
3.745463032491874742e+02
3.732918062472179486e+02
3.721352401887655219e+02
3.711029291862679429e+02
3.702168259925870188e+02
3.695180548965757907e+02
3.690368751897326547e+02
3.688130089324685059e+02
3.688816946572550250e+02
3.692503423499542237e+02
3.699269971302259705e+02
3.708582335483616816e+02
3.719788029916780374e+02
3.731781540996951207e+02
3.743349976990912182e+02
3.753271839936352308e+02
3.760630793771995286e+02
3.764907042834197455e+02
3.765761217026624195e+02
3.763570355963344696e+02
3.758708065623258676e+02
3.751839156568178737e+02
3.743481333714466928e+02
3.734279331945126614e+02
3.724785730006476001e+02
3.715441588905405297e+02
3.706733145770754163e+02
3.698988300845174422e+02
3.692517995110131324e+02
3.687584351091388726e+02
3.684245877352728940e+02
3.682630105415295247e+02
3.682602743706210617e+02
3.684132353898086194e+02
3.687057999147542091e+02
3.691264478179826369e+02
3.696605452703107630e+02
3.702826244403277087e+02
3.709662803509772857e+02
3.716668315234923625e+02
3.723473902589722684e+02
3.730275863505840448e+02
3.735643031047786735e+02
3.740190938764191628e+02
3.744312985791674464e+02
3.748441832201121997e+02
3.753159053306201258e+02
3.759086877400287676e+02
3.766705728665327797e+02
3.776464129835920858e+02
3.788566657542297094e+02
3.803065503315675073e+02
3.819795613454693921e+02
3.838507209774345483e+02
3.858862041310856057e+02
3.880660994855047647e+02
3.903798667471659201e+02
3.928479139542555458e+02
3.955145247664331691e+02
3.984370445494501496e+02
4.016925993260456949e+02
4.053175428613193390e+02
4.093353548581295058e+02
4.136833522028252332e+02
4.182532544176257261e+02
4.229327802495866990e+02
4.273913489403942094e+02
4.315137367012645200e+02
4.351875399351377496e+02
4.383769776963420668e+02
4.411358113839268640e+02
4.436263673902269602e+02
4.460495747664947430e+02
4.486385257993870823e+02
4.515907883327408854e+02
4.549609869716580874e+02
4.586927888879896500e+02
4.625990980246431263e+02
4.664535032928999954e+02
4.700797786344335805e+02
4.734297535316906078e+02
4.764766903298470311e+02
4.793283901915531260e+02
4.819688206198168814e+02
4.843524770893726554e+02
4.863718814249765501e+02
4.878375061424788441e+02
4.885880780728601849e+02
4.885367282230731121e+02
4.876068557953296931e+02
4.859032268887588657e+02
4.836263624285315927e+02
4.809176209739941328e+02
4.779306406240734191e+02
4.747688309821735402e+02
4.715312394909097975e+02
4.682880866664567634e+02
4.650882708524916325e+02
4.619769663690058792e+02
4.589805889107786356e+02
4.561262754594519606e+02
4.534362934248282500e+02
4.509292577738805221e+02
4.486329349664861752e+02
4.465693012674198599e+02
4.447779045211672724e+02
4.432997041815150396e+02
4.421910238477232156e+02
4.415315996442563460e+02
4.413993397328267747e+02
4.419170378228864706e+02
4.431851912743341586e+02
4.453239131012122130e+02
4.484345309228298220e+02
4.525256424978790619e+02
4.575928537372112146e+02
4.635134639706796520e+02
4.701048366161834906e+02
4.771106487124612272e+02
4.842007185564601173e+02
4.910267154070848505e+02
4.973256896674436689e+02
5.028664948717289462e+02
5.076039635085364807e+02
5.114931255791319131e+02
5.145094797865588134e+02
5.166308901901663830e+02
5.177773493340854429e+02
5.179282991675109997e+02
5.171094207118800341e+02
5.154062432768669169e+02
5.129913623471655910e+02
5.100460228442302650e+02
5.067402796551405117e+02
5.032226635560210752e+02
4.995962788709366009e+02
4.959424681533641888e+02
4.923558050148806728e+02
4.888010188842509365e+02
4.853487243514045417e+02
4.820166176011571224e+02
4.788192571852731021e+02
4.757673397887363080e+02
4.728643297259844189e+02
4.701166672688617041e+02
4.675217367625178895e+02
4.650796522296947160e+02
4.627860461966252501e+02
4.606336731131394231e+02
4.586172419701693457e+02
4.567251236901426523e+02
4.549499094959990089e+02
4.532800225603268700e+02
4.517064090265872096e+02
4.502204648072900568e+02
4.488147558545789479e+02
4.474857400827139600e+02
4.462308610339596271e+02
4.450541995286998826e+02
4.439602202490868308e+02
4.429619752623155478e+02
4.420944569593130495e+02
4.413413204288053748e+02
4.407473950806992775e+02
4.403327082188465056e+02
4.401245498104139529e+02
4.401362313942307765e+02
4.403776801078432186e+02
4.408469979601020441e+02
4.415219919926415173e+02
4.423720574121570621e+02
4.433498055767252595e+02
4.443962313641673632e+02
4.454577576252545441e+02
4.464765637422365785e+02
4.474029523301424547e+02
4.482058015637593371e+02
4.488524363754893898e+02
4.493331462236522498e+02
4.496446746176112583e+02
4.497896639400805725e+02
4.497891107173984437e+02
4.496645214787224631e+02
4.494454276510843442e+02
4.491726963165477287e+02
4.488732625497819981e+02
4.486377361825401522e+02
4.484677103351087339e+02
4.483870598687329334e+02
4.484206012104475008e+02
4.485720681881912242e+02
4.488398751805020765e+02
4.492168231785122430e+02
4.496828778368948178e+02
4.502216831876314700e+02
4.508208216714379546e+02
4.514603368423038319e+02
4.521420721860545200e+02
4.528544491635305462e+02
4.535939468794664435e+02
4.543608866998878284e+02
4.551359323288942278e+02
4.559126766366633774e+02
4.566629637636259531e+02
4.573557870337390909e+02
4.579621806249658675e+02
4.584453898970567138e+02
4.587762333217157789e+02
4.589405020447940160e+02
4.588968260792037199e+02
4.586868066097393353e+02
4.583301749711824300e+02
4.578453653340537812e+02
4.572621104953140048e+02
4.565981567506200349e+02
4.558778297642157327e+02
4.551167191420834683e+02
4.543262929449242051e+02
4.535150104821515242e+02
4.526870279042003631e+02
4.518420845542047459e+02
4.509796539650400860e+02
4.500960160791562998e+02
4.491856185530377275e+02
4.482450500583227040e+02
4.472676518158563681e+02
4.462497445879312181e+02
4.451891060143788081e+02
4.440837663620858393e+02
4.429356454505815464e+02
4.417491594897682603e+02
4.405276680092015340e+02
4.392808626121833981e+02
4.380231856322858448e+02
4.367352816428668234e+02
4.354446248180251473e+02
4.341496446274624077e+02
4.328498155782962726e+02
4.315376855621076970e+02
4.302051195996928641e+02
4.288410448352750564e+02
4.274341224145438218e+02
4.259716552264853249e+02
4.244447739902208241e+02
4.228446924961288005e+02
4.211658368502263556e+02
4.194081570797320637e+02
4.175694756099132405e+02
4.156569617946968265e+02
4.136740167714118002e+02
4.116295204693309415e+02
4.095327184507403899e+02
4.073914348276314854e+02
4.052179197624376457e+02
4.030203478451072101e+02
4.008106809987326642e+02
3.985987404396705642e+02
3.963796647548574583e+02
3.941615221137241178e+02
3.919849263357491509e+02
3.898747545460373090e+02
3.878623935879586497e+02
3.860070831800193787e+02
3.843893088607488835e+02
3.831571207449352414e+02
3.825452903496532144e+02
3.828743542542797513e+02
3.846319652933222528e+02
3.881055311656824074e+02
3.933255144264693399e+02
3.996384047875402530e+02
4.062080541232967335e+02
4.123737758778078160e+02
4.181159626854561679e+02
4.235876113066686344e+02
4.290374813427400227e+02
4.345637657161512379e+02
4.401068695829882245e+02
4.455841329297153948e+02
4.507939674163294512e+02
4.556124795471644688e+02
4.599624449776117103e+02
4.633265666479002789e+02
4.657811237706245606e+02
4.673704535241910207e+02
4.681497928322089024e+02
4.682820510412339559e+02
4.679098172511661460e+02
4.671702506491175200e+02
4.661773652072718619e+02
4.650027620196235034e+02
4.637113605321092678e+02
4.623413186934657801e+02
4.609317285756407045e+02
4.595080899224524273e+02
4.580958408328131668e+02
4.567134156426769778e+02
4.553758375970032262e+02
4.540963988539305092e+02
4.528827702663140826e+02
4.517440912971375724e+02
4.506842721811666479e+02
4.497079890170289787e+02
4.488179440839676886e+02
4.480145764777185491e+02
4.473871550551283462e+02
4.468503738645586054e+02
4.464041632075053485e+02
4.460453685116014526e+02
4.457708950832930554e+02
4.455793214373630349e+02
4.454664706956118607e+02
4.454311388383528652e+02
4.454699514235377364e+02
4.455803471764668302e+02
4.457607451331501807e+02
4.460078161598426618e+02
4.463215019666693593e+02
4.467008543304987143e+02
4.471488961261456438e+02
4.476719903083877625e+02
4.482827172414295092e+02
4.490029139084438725e+02
4.498671560213340399e+02
4.509303207893622130e+02
4.522671898810459084e+02
4.539919656629711540e+02
4.562430767304021515e+02
4.592002477145044281e+02
4.631414802213262192e+02
4.682419832384945266e+02
4.745316784833163410e+02
4.819020901332696099e+02
4.900463899155849390e+02
4.984562203554795019e+02
5.064827156760942444e+02
5.135319082647947653e+02
5.192219317467377095e+02
5.233842014398247784e+02
5.261134218065907362e+02
5.276517748558329686e+02
5.282749045228931664e+02
5.282961081526490261e+02
5.279658802672562388e+02
5.275039790418710481e+02
5.270852674547982133e+02
5.268332691325069845e+02
5.268275481914379270e+02
5.271041507052582347e+02
5.276376373750224502e+02
5.283647078763153786e+02
5.291784357043218279e+02
5.299416847973036511e+02
5.305168407257301624e+02
5.307818951487204231e+02
5.306159932532214043e+02
5.299757109760871572e+02
5.288448911033368631e+02
5.272440381546473418e+02
5.252246731507074173e+02
5.228368421952269500e+02
5.201518568567571492e+02
5.172293556234805010e+02
5.141298233673519462e+02
5.109114743678991317e+02
5.056998662146907577e+02
5.023902367584034323e+02
4.991519866886827117e+02
4.960566614746836080e+02
4.932035267173457669e+02
4.907242371200038633e+02
4.888064103087667718e+02
4.877148013936807729e+02
4.877783056336059531e+02
4.894335321225180451e+02
4.931275529504927704e+02
4.991723558504896232e+02
5.075924247661959612e+02
5.178172894206447836e+02
5.286449631609954167e+02
5.386744620678234696e+02
5.468758660962361091e+02
5.528291953561011951e+02
5.567980064164460146e+02
5.592393867797619578e+02
5.607231911649199674e+02
5.616646540933910501e+02
5.623553359214064358e+02
5.629377974339920456e+02
5.634874302125235772e+02
5.639744360478109684e+02
5.643254177725605132e+02
5.644516412145069353e+02
5.642164935431671893e+02
5.635225523637747074e+02
5.622944221547658117e+02
5.604806097943838950e+02
5.581025099718174260e+02
5.552039358386128924e+02
5.518571501343737964e+02
5.481702427179453707e+02
5.442545526622444640e+02
5.401586672276790750e+02
5.360915256580054802e+02
5.322027411833988708e+02
5.287072014102819821e+02
5.257843403278011465e+02
5.235740901739666242e+02
5.219489909115187629e+02
5.205622582282917392e+02
5.190378555783654519e+02
5.172582816967535564e+02
5.152959903844264318e+02
5.133887758253790707e+02
5.117757522533918859e+02
5.107854476376940625e+02
5.107359732248939395e+02
5.119974414326264309e+02
5.147648507278826173e+02
5.189579413189028401e+02
5.242104346182535437e+02
5.299829507933286550e+02
5.358193263707537426e+02
5.416028050586141944e+02
5.473047752398060766e+02
5.529556473005510497e+02
5.586083639038804449e+02
5.638846073155274325e+02
5.682405629308929065e+02
5.712258457473654971e+02
5.726547323945613925e+02
5.727767732135545202e+02
5.719037903534330098e+02
5.703748176825023393e+02
5.684690053615519219e+02
5.663561322759296672e+02
5.641669685838880923e+02
5.619838723505433791e+02
5.598501571558630303e+02
5.578094113191847327e+02
5.558836523396779512e+02
5.540840220579754032e+02
5.524355008036055779e+02
5.509258068637559518e+02
5.495553349228591742e+02
5.483084057253478250e+02
5.471512676633933552e+02
5.460736577289951583e+02
5.450261980610619048e+02
5.439485697184809396e+02
5.425828182439073544e+02
5.410959196674701843e+02
5.394440443836132317e+02
5.375545777669299241e+02
5.353488292015040315e+02
5.327714276150154546e+02
5.297586331277384488e+02
5.262858338792096902e+02
5.223706021416982139e+02
5.180372234693986684e+02
5.133702624342690797e+02
5.084381787514935809e+02
5.033201066262936934e+02
4.980879680616583869e+02
4.927909003450481009e+02
4.874788679816332433e+02
4.821815344354774311e+02
4.769241023645908513e+02
4.717252056412462480e+02
4.665960173531987039e+02
4.615473280242676992e+02
4.565850645018713294e+02
4.517142439958362274e+02
4.470912778678881523e+02
4.424287668408331911e+02
4.378869162186354629e+02
4.334668925476166805e+02
4.291710108586274259e+02
4.250009691940911694e+02
4.209583303879117011e+02
4.170454106547725246e+02
4.132628082663005102e+02
4.096128064903750214e+02
4.060952929498101298e+02
4.027110462169351308e+02
3.994598899262025498e+02
3.963399523646261287e+02
3.933512950746003298e+02
3.904904948060897141e+02
3.877565984438577402e+02
3.851472182837795231e+02
3.826591622140085747e+02
3.802927077192475167e+02
3.780440626583597350e+02
3.759143947844416402e+02
3.739021487511742521e+02
3.720065485587435887e+02
3.703286151570219999e+02
3.688097306301614253e+02
3.674060538235489162e+02
3.661132193247375426e+02
3.649294322813381086e+02
3.638523904731843004e+02
3.628758774605532267e+02
3.619979613924902537e+02
3.612103396261414900e+02
3.605073701558043240e+02
3.598818844331790388e+02
3.593240321184727577e+02
3.588272813924617139e+02
3.583812628416163761e+02
3.579774667026532029e+02
3.576084926218640021e+02
3.572646715489685789e+02
3.569406676731935590e+02
3.566293014282614990e+02
3.563247069598455710e+02
3.560240886629765669e+02
3.557217934012127785e+02
3.554171837278508406e+02
3.551072800115160248e+02
3.547794338560095753e+02
3.544517699064870158e+02
3.541081015383555837e+02
3.537506571800461757e+02
3.533790924805755935e+02
3.529943457290268043e+02
3.525976945961701858e+02
3.521890247194978087e+02
3.517701856318314526e+02
3.513414115090405403e+02
3.509038742627503780e+02
3.504586827494774752e+02
3.500066403680744997e+02
3.495492957442550050e+02
3.490878171100495138e+02
3.486237026848220353e+02
3.481585850825799184e+02
3.476939922180037001e+02
3.472315924217547831e+02
3.467731418159372652e+02
3.463200279665903167e+02
3.458738991377717298e+02
3.454358601448191166e+02
3.450067803244858169e+02
3.445918901930696734e+02
3.442018221343211621e+02
3.438262858970303455e+02
3.434658851938788757e+02
3.431215347959988549e+02
3.427942731731891968e+02
3.424848164148866090e+02
3.421946217570905446e+02
3.419251377475604272e+02
3.416780275789192842e+02
3.414559051969997086e+02
3.412609886469327307e+02
3.410955958111662198e+02
3.409622786465989748e+02
3.408591861371496066e+02
3.407848810431740958e+02
3.407297263534876492e+02
3.406842035909883180e+02
3.406373184649833092e+02
3.405833755701932546e+02
3.405267455728083519e+02
3.404781711392921579e+02
3.404601982718831437e+02
3.404919184694182377e+02
3.407203587183736886e+02
3.410909055682944313e+02
3.415904551872404227e+02
3.422536322122882098e+02
3.431112585161457673e+02
3.442270658141978288e+02
3.456523938829750477e+02
3.474820872743413247e+02
3.498030291752237417e+02
3.527146201078855938e+02
3.563189148493543712e+02
3.606161674846437108e+02
3.655820939169676080e+02
3.710154510208428746e+02
3.767360035585248852e+02
3.824968008712284586e+02
3.881818426824737003e+02
3.936733565296470374e+02
3.989820670744044833e+02
4.041249061471725099e+02
4.091778811384573942e+02
4.143004306450634999e+02
4.196220216067760589e+02
4.253077116159101365e+02
4.313976167718807915e+02
4.373973776687627719e+02
4.432099439487259360e+02
4.486544399665784795e+02
4.536599499765777637e+02
4.582579988096622969e+02
4.624980221691141082e+02
4.663358522559510106e+02
4.697266025543084424e+02
4.725732583350551863e+02
4.748504079471117052e+02
4.765430430446624541e+02
4.777060403120835304e+02
4.783973871992337763e+02
4.786807722860384047e+02
4.786232788449610780e+02
4.782722692378486045e+02
4.776769136602354138e+02
4.768771451847775893e+02
4.759029658858773359e+02
4.747898678129143946e+02
4.735578640401613484e+02
4.722321262679657252e+02
4.708280708857250829e+02
4.693239959645196677e+02
4.677232032467795193e+02
4.660844598920397175e+02
4.644125020581888066e+02
4.627047699099872489e+02
4.609680877514149415e+02
4.592059630690019389e+02
4.574326889627432706e+02
4.556665466453393947e+02
4.539384161240249114e+02
4.522941758299693902e+02
4.507967223910226267e+02
4.495430523285324966e+02
4.486366185296224671e+02
4.482332933121184624e+02
4.484220159066761653e+02
4.492627853016775248e+02
4.506310268189806152e+02
4.522415163686118831e+02
4.536893988549491610e+02
4.546431919666447925e+02
4.548878984017450193e+02
4.544458009125055469e+02
4.534108182297943586e+02
4.518211578963327497e+02
4.498585772611132256e+02
4.476706237456299391e+02
4.453449467357483513e+02
4.429367314319227944e+02
4.404810328605929044e+02
4.380063009750568881e+02
4.355244460483389162e+02
4.330439535840581016e+02
4.305676606280723604e+02
4.280961259999946833e+02
4.256309926975907274e+02
4.231738865757893677e+02
4.207283782885133974e+02
4.182984179920069323e+02
4.158888078348259114e+02
4.135030242395798723e+02
4.111445135785275511e+02
4.088140950837895957e+02
4.065127040093835262e+02
4.042397066618028134e+02
4.019931697950735838e+02
3.997739975635575433e+02
3.975795901878225891e+02
3.953374283098042952e+02
3.931123899648156339e+02
3.909204166678500201e+02
3.887637559776248395e+02
3.866422777885199480e+02
3.845599629117774612e+02
3.825163027208452604e+02
3.805146253034294546e+02
3.785554846767446406e+02
3.766400425400249787e+02
3.747707754926854591e+02
3.729470831628649989e+02
3.711720192226131303e+02
3.694447001308888616e+02
3.677669478118680217e+02
3.661390869059230226e+02
3.645605302807399539e+02
3.630328348658177333e+02
3.615538200919676797e+02
3.601245604016287416e+02
3.587428322146949995e+02
3.574076411704162979e+02
3.561178450364600394e+02
3.548700465020275487e+02
3.536202973051980507e+02
3.524157526529239135e+02
3.512517033209747979e+02
3.501248546290105992e+02
3.490316207690496526e+02
3.479696889146428589e+02
3.469342789467386865e+02
3.459229597284884790e+02
3.449312514604964690e+02
3.439558274064250440e+02
3.429935469151602661e+02
3.420408024783406518e+02
3.410959501388187505e+02
3.401566203420421743e+02
3.392226735176042780e+02
3.382943664497944383e+02
3.373738517321510244e+02
3.364649614265597961e+02
3.355733818757353788e+02
3.347078475021594386e+02
3.338789427213223462e+02
3.331030029798549208e+02
3.323983008691764667e+02
3.317923031954629209e+02
3.313137018832432545e+02
3.310760063537012456e+02
3.310932148008524223e+02
3.314266937008524678e+02
3.321626037820393549e+02
3.333846881074633188e+02
3.351821289499066552e+02
3.376544132205767141e+02
3.408484054690949847e+02
3.448062556612478602e+02
3.494801630715925285e+02
3.547393839312536556e+02
3.603945847156355740e+02
3.661664005657663665e+02
3.717608528144478441e+02
3.769325720465807308e+02
3.814713939242247420e+02
3.852728587776066433e+02
3.883279977398121900e+02
3.906569050497568583e+02
3.923619038379740687e+02
3.935420074296325765e+02
3.943109842988365585e+02
3.947962529609454805e+02
3.950558264261144927e+02
3.953139600861024974e+02
3.956012600353751623e+02
3.959921140089999767e+02
3.965605731785973944e+02
3.973797123343967428e+02
3.985128981102974990e+02
4.000468973877581220e+02
4.020416703089958901e+02
4.045647677918336740e+02
4.076565836451705991e+02
4.112945397744995262e+02
4.154333728366848959e+02
4.199269073603175570e+02
4.246015110046906216e+02
4.292482987964386325e+02
4.336772498054090192e+02
4.377346651877249997e+02
4.413625706372353079e+02
4.445431735848724770e+02
4.473398349980329272e+02
4.498407190833947311e+02
4.521328759714726289e+02
4.543067390555975749e+02
4.563884128055314022e+02
4.584774553972103490e+02
4.605381226498553815e+02
4.625576529016830136e+02
4.644953686175484791e+02
4.663217518444977827e+02
4.679839686645257189e+02
4.694348780386528119e+02
4.706367531735443777e+02
4.715455335692662402e+02
4.721412568599453152e+02
4.724159228113723543e+02
4.723708121290225677e+02
4.720351679427170666e+02
4.714396728635151135e+02
4.706259824224530348e+02
4.696452109850014267e+02
4.685385257055256147e+02
4.673566603766804519e+02
4.661401323117714810e+02
4.649263779950459821e+02
4.637520609267051555e+02
4.626415943857820139e+02
4.616194024453016596e+02
4.607085170638313230e+02
4.599479720488089356e+02
4.593019952045463583e+02
4.587627515048696978e+02
4.583180899805926742e+02
4.579529408051328119e+02
4.576451181968839137e+02
4.573754587699694412e+02
4.571243928064075135e+02
4.568750253455944517e+02
4.566182939886765553e+02
4.563497520549273077e+02
4.560734080540956370e+02
4.558011689831678268e+02
4.555536544688106346e+02
4.553544715346391740e+02
4.552372689541928708e+02
4.552341871788981393e+02
4.553800731556590335e+02
4.557115418413299608e+02
4.562539327055984018e+02
4.570342765304438331e+02
4.580656111003618776e+02
4.593491323164366236e+02
4.608570673214821340e+02
4.626096818686431789e+02
4.645335000037277950e+02
4.665791424043806614e+02
4.686831653240491846e+02
4.707849757566955873e+02
4.728240856967809123e+02
4.747439956550668967e+02
4.765036512471888273e+02
4.780679866771515663e+02
4.794137067478910126e+02
4.805297562796985176e+02
4.814056267062109100e+02
4.820407161070729671e+02
4.824278381700357272e+02
4.825666177514823971e+02
4.824509270125276998e+02
4.820790739342934899e+02
4.814535108112018520e+02
4.805760241415706560e+02
4.794640040930608507e+02
4.781329738997841901e+02
4.766128203543282780e+02
4.749374314755811497e+02
4.731407700017468301e+02
4.712792927969946959e+02
4.693998103428204445e+02
4.675484725713299099e+02
4.657740027272397469e+02
4.641177402774564484e+02
4.626090132653784508e+02
4.612721275986436353e+02
4.601068692400962163e+02
4.591065274646717285e+02
4.582427370694060755e+02
4.574794739782938677e+02
4.567658811003693700e+02
4.560550806479270705e+02
4.552891477384346786e+02
4.544232912815120926e+02
4.534108462633530507e+02
4.522127961150935107e+02
4.508054010295197713e+02
4.491663990007087364e+02
4.472945670044161375e+02
4.451919028263088194e+02
4.428750376768514343e+02
4.403656327441988196e+02
4.376842018239814820e+02
4.348809405343161529e+02
4.319942132933184666e+02
4.290516022750388174e+02
4.260761359530479240e+02
4.230908729032524320e+02
4.201131226351624264e+02
4.171613846489776165e+02
4.142495908797694142e+02
4.113917501237837655e+02
4.086011740862672923e+02
4.058880498839147322e+02
4.032658359629276106e+02
4.007427235058482893e+02
3.983307941671228605e+02
3.960390309578897927e+02
3.938762899853171575e+02
3.918530004440740981e+02
3.899743840077285313e+02
3.882500386476182825e+02
3.866828329951508181e+02
3.852785932727765044e+02
3.840387211490997288e+02
3.829631921464205675e+02
3.820813548740525221e+02
3.813847875299080101e+02
3.808435400042806123e+02
3.804452430145387893e+02
3.801828137193755310e+02
3.800406236751960591e+02
3.800029304276887387e+02
3.800536953361577162e+02
3.801687551569787615e+02
3.803296616879948715e+02
3.805103296574365004e+02
3.806888224297321131e+02
3.808428287732100443e+02
3.809524469728925169e+02
3.810001877481764723e+02
3.809739717612891923e+02
3.808633865002204857e+02
3.806641029557960678e+02
3.803753068748890200e+02
3.799968086650239911e+02
3.795354116965377784e+02
3.789944851025112484e+02
3.783826244584753908e+02
3.777068101590545552e+02
3.769813060925617378e+02
3.762163737815737932e+02
3.754090233838891777e+02
3.745669208627289777e+02
3.736954041986599577e+02
3.727994446712480112e+02
3.718837563530738066e+02
3.709514697687432090e+02
3.700059090948638527e+02
3.690493255173864782e+02
3.680835192588311884e+02
3.671100866801768916e+02
3.661299616455108890e+02
3.651440303369977300e+02
3.641528678220031452e+02
3.631568565614012982e+02
3.621564834177335683e+02
3.611519919683831290e+02
3.601437975580424791e+02
3.591322756529463618e+02
3.581178401151535127e+02
3.571011129319865631e+02
3.560825876982332261e+02
3.550630329563313126e+02
3.540477315262374987e+02
3.530118567228971642e+02
3.519772200612189295e+02
3.509446118546674143e+02
3.499150963825491090e+02
3.488894543325625932e+02
3.478684567724081944e+02
3.468529985297722646e+02
3.458434906490844583e+02
3.448407664111186364e+02
3.438451425260107612e+02
3.428571234662085772e+02
3.418772213886616100e+02
3.409056103126338257e+02
3.399429919598487686e+02
3.389895496754047599e+02
3.380460184496513989e+02
3.371131305468733217e+02
3.361917660091997391e+02
3.352835661208309261e+02
3.343901138171415823e+02
3.335144284697462922e+02
3.326600586132053081e+02
3.318328538778260395e+02
3.310471269073641452e+02
3.303226629365902340e+02
3.297450158446043247e+02
3.296114145279712488e+02
3.311069086319076860e+02
3.368495699299369903e+02
3.467072958059438861e+02
3.534618928872531569e+02
3.565616072552163587e+02
3.587383933393189182e+02
3.611190253061021167e+02
3.641041166009351286e+02
3.677384058261231417e+02
3.718776374715318411e+02
3.763951922475396259e+02
3.813982724671416236e+02
3.872537438392079139e+02
3.947140262746231087e+02
4.045364433744286998e+02
4.176000778134712732e+02
4.340584086565165194e+02
4.531113970801357027e+02
4.726050168523026969e+02
4.898591994815809016e+02
5.028108841797438231e+02
5.114987973351318260e+02
5.165529640104381315e+02
5.189801761575942010e+02
5.195874194140334339e+02
5.189256675533533780e+02
5.174281604663408416e+02
5.153712792008889210e+02
5.129746728217012333e+02
5.104004422773184046e+02
5.077726239337683865e+02
5.051953078012068659e+02
5.027560063413407079e+02
5.005325114521619980e+02
4.986029825133213649e+02
4.970452776574099403e+02
4.959374923579950973e+02
4.953744390451481650e+02
4.954307989534975150e+02
4.962091530074881121e+02
4.977697315290540701e+02
5.001644890359694386e+02
5.033946444878641842e+02
5.073720796126104347e+02
5.120235489192760951e+02
5.171229521798860560e+02
5.222959850267643560e+02
5.273061558078828739e+02
5.320742247023889604e+02
5.365989073575630073e+02
5.410334589986534866e+02
5.454702672695793808e+02
5.498696756782123884e+02
5.539904281064251563e+02
5.574465699233699070e+02
5.598814622611531604e+02
5.610968906905222866e+02
5.611108866889463798e+02
5.600120523297343880e+02
5.580053753174873918e+02
5.552452554884413303e+02
5.510723237893676014e+02
5.459330441961025144e+02
5.416027753019378679e+02
5.370418464071624385e+02
5.323056782844554391e+02
5.274431783568714991e+02
5.224933438402297270e+02
5.175119840688370232e+02
5.124962728558600702e+02
5.074869723739853953e+02
5.025008125975962230e+02
4.975541782697379745e+02
4.926591144219954117e+02
4.878256094619349597e+02
4.830640965483900686e+02
4.783798607249941028e+02
4.737810240792332479e+02
4.692716263013820708e+02
4.648557962919323359e+02
4.605383449656158632e+02
4.563201730453455980e+02
4.522056839083654722e+02
4.481952631820788042e+02
4.442908863810213802e+02
4.404941344544440653e+02
4.368039718492241263e+02
4.332225656121198654e+02
4.297474932747758203e+02
4.263792779163145497e+02
4.231159073705711648e+02
4.199543279439280354e+02
4.169275735345515841e+02
4.140057737630966699e+02
4.111784269486533958e+02
4.084381701343190230e+02
4.057797696202304110e+02
4.031966874731186294e+02
4.006809192107699573e+02
3.982274702325134399e+02
3.958276842104381217e+02
3.934771549046492396e+02
3.911696043660132887e+02
3.889005951305420012e+02
3.866674487824245148e+02
3.844664534792794939e+02
3.822973817248576438e+02
3.801586920828520419e+02
3.780515247789796263e+02
3.759771927347566702e+02
3.739374107974526851e+02
3.719357290979500590e+02
3.699748273353108061e+02
3.680594506726138206e+02
3.661937775060442846e+02
3.643830218033971846e+02
3.626789854376456788e+02
3.610548083722810020e+02
3.595013661163079632e+02
3.580235626264807252e+02
3.566287966095204638e+02
3.553228166826910979e+02
3.541122499871900118e+02
3.530047214117532235e+02
3.520050251261549192e+02
3.511218154814441732e+02
3.503584435645457802e+02
3.497209654866082360e+02
3.492130935172616546e+02
3.488356462934531805e+02
3.485920714931057773e+02
3.484788249180244861e+02
3.484958044287002394e+02
3.486386154774199326e+02
3.489019836771267364e+02
3.492823989304334873e+02
3.497720276816374394e+02
3.503657861958090507e+02
3.510575791558933929e+02
3.518397213609537744e+02
3.527245980410779680e+02
3.537039259457042135e+02
3.547541465190917052e+02
3.558658071261268105e+02
3.570276886989447007e+02
3.582300359938437850e+02
3.594596650666435949e+02
3.607053525304422692e+02
3.619553580447824288e+02
3.631974903750435715e+02
3.644224108152891972e+02
3.656198882601966602e+02
3.667819218373947479e+02
3.679023704123644620e+02
3.689750419610570020e+02
3.699969819133880264e+02
3.709649038765097657e+02
3.718773140855970496e+02
3.727343276681261841e+02
3.735352619711028410e+02
3.742822169538679873e+02
3.749759062266279557e+02
3.756186271683776567e+02
3.762128707866717150e+02
3.767522519158289924e+02
3.772665940026853377e+02
3.777385920005434059e+02
3.781715042191040084e+02
3.785683250361881278e+02
3.789316906668655065e+02
3.792650515543236907e+02
3.795708300119630962e+02
3.798521968065094825e+02
3.801118009879314172e+02
3.803522256031653228e+02
3.805763698156407600e+02
3.807864141037265995e+02
3.809849732073768109e+02
3.811741999532957834e+02
3.813561468480612007e+02
3.815330700020413133e+02
3.817066593817766034e+02
3.818790355897392033e+02
3.820520073191618735e+02
3.822275257820185743e+02
3.824079603782225263e+02
3.825955619015825278e+02
3.827937071764620214e+02
3.829972596120865660e+02
3.832565848922473037e+02
3.835519880878845811e+02
3.838953446752208265e+02
3.843036973245922354e+02
3.847952458963200115e+02
3.853955475600814111e+02
3.861293234155189111e+02
3.870241260809950177e+02
3.881096072525250520e+02
3.894063248512354676e+02
3.909419939905099568e+02
3.927271068629118531e+02
3.947658935731763563e+02
3.970530922736656407e+02
3.995561997161170211e+02
4.022411476156506183e+02
4.050627996455298785e+02
4.079670083036855885e+02
4.109211617670165424e+02
4.138766711099189024e+02
4.167923363474774305e+02
4.196321655722427977e+02
4.223392062061524825e+02
4.247745581610340651e+02
4.270380158502337054e+02
4.289971334820513675e+02
4.306257732124460063e+02
4.318880576063862691e+02
4.327667132703093102e+02
4.332593699809240206e+02
4.333575749389895009e+02
4.330876282332643541e+02
4.324660531204750100e+02
4.315251383945244470e+02
4.303048877922040560e+02
4.288345308544219279e+02
4.271586074303965006e+02
4.253073053033050428e+02
4.233143507327768589e+02
4.212103267533871644e+02
4.190183168201628519e+02
4.167639549799795304e+02
4.144652917652222754e+02
4.121400136042312283e+02
4.098033432726935530e+02
4.074670567173118343e+02
4.051423232302588531e+02
4.028117980712917188e+02
4.005368411288722541e+02
3.983041103465044444e+02
3.961171236616293072e+02
3.939801606905419362e+02
3.918964386180210795e+02
3.898675268536391627e+02
3.878967342818646671e+02
3.859841130890818022e+02
3.841316585706643991e+02
3.823396930080855896e+02
3.806077877964552272e+02
3.789369129086473436e+02
3.773248534092463160e+02
3.757720061548290573e+02
3.742760610350387651e+02
3.728352410436771152e+02
3.714481458877490354e+02
3.701110228721722706e+02
3.688226156110488319e+02
3.675787513316580544e+02
3.663771144777603013e+02
3.652144597740581844e+02
3.640871689336878489e+02
3.629820760964780675e+02
3.619229771355040839e+02
3.608936150422277933e+02
3.598908593205260900e+02
3.589126090236714504e+02
3.579568965431776064e+02
3.570215437578491446e+02
3.561054936586293138e+02
3.552069519951685379e+02
3.543253016151912220e+02
3.534595351607958378e+02
3.526090334386335599e+02
3.517735933841103133e+02
3.509525992280249511e+02
3.501462396138266513e+02
3.493541588124891177e+02
3.485764639163422203e+02
3.478131486623394721e+02
3.470639660752163422e+02
3.463290200827918284e+02
3.456078962330638547e+02
3.449004284294838385e+02
3.442062010534219780e+02
3.435245791695873550e+02
3.428572964608109714e+02
3.422105999408589696e+02
3.415716201446160767e+02
3.409390426386739819e+02
3.403118802596698060e+02
3.396889948575989138e+02
3.390693143111457744e+02
3.384521428973222328e+02
3.378364829377920842e+02
3.372220714657170788e+02
3.366082620170631685e+02
3.359950076209152030e+02
3.353823282523598550e+02
3.347701910468437632e+02
3.341592685187018219e+02
3.335496147114957921e+02
3.329421988714047416e+02
3.323374643565456381e+02
3.317362033292086494e+02
3.311393692688025112e+02
3.305475320927540110e+02
3.299618806547982786e+02
3.293830588462288347e+02
3.288121607241997140e+02
3.282646673626189795e+02
3.277365678435967880e+02
3.272183354520183798e+02
3.267109472101300867e+02
3.262159655180760183e+02
3.257349545780317044e+02
3.252695851411656349e+02
3.248221992138412588e+02
3.243947905316990727e+02
3.239901746031520133e+02
3.236111128121312390e+02
3.232604436922829336e+02
3.229417378067664686e+02
3.226577841386612135e+02
3.224124751987286572e+02
3.222089670209327892e+02
3.220508568511845056e+02
3.219421113333178255e+02
3.218866002908470705e+02
3.218900233318860273e+02
3.219584792105990232e+02
3.221023476460777033e+02
3.223335526471025219e+02
3.226725603430915612e+02
3.231477334061805777e+02
3.238949832968872897e+02
3.248881591871498244e+02
3.261583797469103274e+02
3.277401207197238477e+02
3.296396806459554796e+02
3.318589548572062427e+02
3.343874011443449490e+02
3.371889825661065743e+02
3.402370972243284655e+02
3.434796267289940488e+02
3.468592482441578113e+02
3.503366417808783240e+02
3.538670057775497639e+02
3.574401866852188050e+02
3.610858126284180685e+02
3.648286859210343778e+02
3.687514915802030941e+02
3.728826010658970063e+02
3.772470991076767177e+02
3.818093462889585794e+02
3.864723158823392737e+02
3.911058656361728367e+02
3.955705054480224021e+02
3.997132634799078801e+02
4.036094349599550810e+02
4.071142879884857848e+02
4.102270184177472174e+02
4.129994778166779383e+02
4.154593572939365345e+02
4.176710382120811573e+02
4.196682152635086140e+02
4.214904876807154324e+02
4.231649227465152876e+02
4.247061969216101716e+02
4.261283595523347572e+02
4.274353744872227026e+02
4.286347472136804981e+02
4.297293996917339882e+02
4.307311622154453516e+02
4.316454258921777978e+02
4.324892815725875721e+02
4.332720324083579726e+02
4.340066423198568941e+02
4.347036488404846182e+02
4.353698089505980420e+02
4.360158802641226998e+02
4.366519091743932108e+02
4.372761292377841187e+02
4.379676905571873249e+02
4.387275176647461308e+02
4.396200828058931620e+02
4.407403034988546437e+02
4.421970370983651719e+02
4.441160132549011337e+02
4.466173355055143475e+02
4.497611277268179037e+02
4.535484579431085308e+02
4.578533894904466024e+02
4.624633610307316189e+02
4.671090693541710266e+02
4.715261461743236850e+02
4.754725331264302781e+02
4.788096163673210981e+02
4.814281463709821196e+02
4.833130479372951527e+02
4.844927903649434597e+02
4.850362684805065783e+02
4.850502517186135378e+02
4.846447749369257281e+02
4.839299054380215352e+02
4.830097217681807820e+02
4.819368501576375365e+02
4.808464272266872399e+02
4.797583539726757635e+02
4.787102269468877012e+02
4.777321203001127401e+02
4.768417833632121301e+02
4.760488133798099284e+02
4.753595038387455247e+02
4.747719357079447491e+02
4.742829706324396284e+02
4.738878899083488250e+02
4.735767041507518798e+02
4.733430508145415274e+02
4.731747154953956738e+02
4.730614106227433808e+02
4.729904042447480492e+02
4.729474781564093746e+02
4.729187032155043653e+02
4.728887483691948432e+02
4.728442795601438888e+02
4.727698517270249567e+02
4.726572772382905328e+02
4.724912461474690986e+02
4.722693077464876410e+02
4.719801281319081454e+02
4.716152471956410182e+02
4.711688072635039930e+02
4.706360500325470184e+02
4.700168759424572613e+02
4.693049460770586165e+02
4.685031041933978599e+02
4.676070968702321693e+02
4.666221477422450903e+02
4.655486074920983128e+02
4.643945755195360903e+02
4.631662746704878941e+02
4.618740897099879135e+02
4.605303954255782060e+02
4.591460974020582171e+02
4.577380806581176103e+02
4.563175812145671557e+02
4.549025426451133285e+02
4.535056360070689152e+02
4.521429947439992247e+02
4.508293705710630661e+02
4.495784904603283962e+02
4.484072507603310669e+02
4.473278570578885933e+02
4.463698913027878348e+02
4.455611796816027663e+02
4.449072560549591913e+02
4.444252452851696944e+02
4.441322707341536784e+02
4.440489007624836404e+02
4.441874786017472729e+02
4.445686518177452626e+02
4.451987062003791493e+02
4.460901177619291502e+02
4.472422405123257931e+02
4.486498598373632944e+02
4.503020245024462724e+02
4.521706910527580021e+02
4.542315250325531224e+02
4.564384307677857464e+02
4.587535736978543923e+02
4.611258517579583440e+02
4.635113178041572723e+02
4.658661640724320137e+02
4.681530284082846265e+02
4.703397878972003809e+02
4.724012755577471125e+02
4.743176814994317283e+02
4.761011303638678669e+02
4.777260373525944033e+02
4.791596205828861912e+02
4.803972985193358340e+02
4.814318967952261801e+02
4.822591417249634560e+02
4.828812389075887950e+02
4.832952385781128442e+02
4.835097419488629384e+02
4.835278147382281304e+02
4.833582966988319072e+02
4.830117662255705682e+02
4.824946710289391376e+02
4.818215012693733570e+02
4.809986302358156536e+02
4.800398004806049812e+02
4.789545233910616275e+02
4.777542509905141515e+02
4.764525915472169686e+02
4.750607888378153234e+02
4.735956874511492742e+02
4.720712666778117637e+02
4.705070154557813566e+02
4.689212262998465235e+02
4.673436766496452037e+02
4.657885303639093308e+02
4.642787648755021337e+02
4.628416801857306950e+02
4.615045721498388502e+02
4.603003326535666702e+02
4.592542892848929910e+02
4.583996669370426957e+02
4.577547072957765408e+02
4.573401856137933805e+02
4.571595336500539020e+02
4.572033593027255733e+02
4.574515539172885497e+02
4.578565701727179089e+02
4.583666295193556266e+02
4.589054699718906818e+02
4.593996734815838749e+02
4.597674863143990365e+02
4.599451726754417109e+02
4.598692523973020343e+02
4.595103449923022936e+02
4.588446230427138062e+02
4.578737380399892913e+02
4.566149565358509790e+02
4.550899085502784942e+02
4.533273337141883417e+02
4.513756781824480413e+02
4.492778164539893737e+02
4.470696921956100027e+02
4.447878929423378622e+02
4.424670851008552290e+02
4.401378331092495273e+02
4.378293741311395593e+02
4.355676475414576316e+02
4.333762134392682128e+02
4.312765409220167498e+02
4.292882780384139778e+02
4.274268132724935185e+02
4.257086644683597569e+02
4.241423975217583688e+02
4.227379902712094690e+02
4.214981086846176481e+02
4.204208098105959834e+02
4.195029307438605883e+02
4.187305008079532058e+02
4.180912862203311988e+02
4.175660429492129992e+02
4.171323451002767229e+02
4.168105302565096508e+02
4.165674828574686330e+02
4.163447301537736962e+02
4.161198158828196370e+02
4.158703211120143806e+02
4.155810154968404504e+02
4.152346500354137788e+02
4.148181704576834363e+02
4.143223954494705481e+02
4.137358991659752405e+02
4.130549604107123400e+02
4.122737122075286038e+02
4.113894060774490526e+02
4.104034898598737300e+02
4.093143568657848732e+02
4.081278026330012381e+02
4.068469288465210525e+02
4.054779878569086122e+02
4.040293651901369003e+02
4.025077694168249423e+02
4.009241020584593116e+02
3.992875496993451634e+02
3.976082586573410822e+02
3.958975764054072783e+02
3.941465955513474455e+02
3.923996012740743708e+02
3.906526355574175113e+02
3.889154867232920765e+02
3.871994698084990887e+02
3.855137298800290182e+02
3.838679924882321757e+02
3.822722711722335021e+02
3.807341893294760666e+02
3.792638261313961152e+02
3.778682765006814179e+02
3.765551589057923820e+02
3.753322128634217734e+02
3.742031293553109776e+02
3.731740364776705974e+02
3.722454260274129751e+02
3.714174253240249186e+02
3.706876991230913632e+02
3.700478695700655862e+02
3.694902317018420490e+02
3.689998339033990078e+02
3.685610083600609528e+02
3.681552744867536830e+02
3.677613085107586812e+02
3.673434116859349956e+02
3.669131337470106473e+02
3.664313036083877364e+02
3.658827395167393206e+02
3.652544672148885638e+02
3.645373600875424245e+02
3.637281451009465627e+02
3.628240389999862714e+02
3.618291063233417617e+02
3.607475387206849859e+02
3.595865774420248613e+02
3.583560847611906297e+02
3.570647650958034660e+02
3.557245876622592959e+02
3.543457222880795712e+02
3.529394392928558091e+02
3.515170818233034424e+02
3.500887173806693227e+02
3.486655343127829383e+02
3.472573592956206312e+02
3.458741073964092720e+02
3.445259712050716985e+02
3.432215169926436147e+02
3.419706023078672956e+02
3.407724743037363169e+02
3.396577075662027028e+02
3.386182100707080167e+02
3.376586685436674884e+02
3.367849682068182915e+02
3.359988088545230198e+02
3.353015599911010440e+02
3.346929777507945687e+02
3.341696179856744493e+02
3.337288323576122480e+02
3.333659149641012505e+02
3.330759931901885693e+02
3.328581095266550847e+02
3.327098924362828711e+02
3.326363559053381778e+02
3.326466063539497782e+02
3.327530221831702306e+02
3.329843326206491270e+02
3.333655176310811612e+02
3.339449341007593830e+02
3.347688400080548945e+02
3.358940663878129271e+02
3.373891557632580884e+02
3.392946545362447068e+02
3.416651377754189411e+02
3.444280198644125903e+02
3.475966420911004775e+02
3.510900368772519187e+02
3.548047792626850310e+02
3.586141250095335522e+02
3.628460286694974570e+02
3.691942237012916053e+02
3.726921821751018342e+02
3.760797197941302557e+02
3.793568075812690950e+02
3.825717219406061531e+02
3.857249055136825859e+02
3.888512016347378335e+02
3.919380839299458330e+02
3.949640105840437627e+02
3.978536432645342984e+02
4.005252325877584099e+02
4.028928535359697776e+02
4.049195630203968221e+02
4.066150014136719051e+02
4.080154201801273643e+02
4.092049013170482112e+02
4.102491629229731984e+02
4.112588400120375809e+02
4.123229542482308148e+02
4.134744166815432891e+02
4.147694425115238346e+02
4.162679768652207031e+02
4.180276970318540180e+02
4.201006352810496196e+02
4.225444596743503780e+02
4.253978827585293061e+02
4.287180534753160259e+02
4.325523911034850357e+02
4.369718169296682504e+02
4.420789694676739714e+02
4.479666599740604624e+02
4.547352724398223813e+02
4.623700531575574928e+02
4.706689240807253327e+02
4.792110880857418351e+02
4.873660492190837772e+02
4.944427672258527195e+02
4.999403580253960513e+02
5.035948726985470216e+02
5.054312396312776059e+02
5.056886201388846871e+02
5.046706064274592904e+02
5.028148330646578188e+02
5.002622323866725083e+02
4.972450619486599521e+02
4.939325668793476325e+02
4.904667875148741700e+02
4.869552933310338290e+02
4.834855214721830521e+02
4.801276612901897920e+02
4.769350815997751170e+02
4.739537828813896567e+02
4.712077068643980624e+02
4.687187950549370612e+02
4.664801769275463812e+02
4.644825990422134510e+02
4.626892410343061215e+02
4.610613605097090613e+02
4.595487995535839332e+02
4.581018205540200370e+02
4.566779162320202659e+02
4.552338634119963103e+02
4.537416759401525610e+02
4.521691214422350527e+02
4.504995610894847005e+02
4.487588507315144284e+02
4.469006912163102356e+02
4.449029116401588908e+02
4.427719444049153594e+02
4.405150471485894172e+02
4.381428246631219849e+02
4.356713536351117568e+02
4.331134393960659850e+02
4.304875091238823757e+02
4.278070111369235633e+02
4.250886958080832869e+02
4.223457076074367365e+02
4.195916481442197892e+02
4.168377156515255706e+02
4.140943064051809870e+02
4.113704825717372273e+02
4.086733343720487142e+02
4.060099330917502698e+02
4.033843957207199082e+02
4.008019381079452614e+02
3.982647793142207888e+02
3.957757165060705802e+02
3.933362739152093468e+02
3.909468201900126019e+02
3.886077399280504210e+02
3.863600703578598541e+02
3.841568658075902363e+02
3.819965589772837689e+02
3.798780698084967185e+02
3.778002101460362496e+02
3.757605816184270680e+02
3.737582580647791701e+02
3.717905220837765796e+02
3.698560002235232673e+02
3.679526311912370033e+02
3.660783249472814305e+02
3.642318643644515532e+02
3.624110357726976872e+02
3.606149825970998108e+02
3.588421572852588497e+02
3.570917822357669706e+02
3.553632504439195827e+02
3.536559502497375433e+02
3.519701252219704202e+02
3.503056362257351566e+02
3.486633903242957899e+02
3.470440928164177876e+02
3.454491321203950633e+02
3.438798900537877898e+02
3.423608199242310661e+02
3.408707153241366541e+02
3.394135967393462465e+02
3.379962103837356153e+02
3.366274956696712479e+02
3.353221056828732003e+02
3.341038838066083940e+02
3.330139442363999933e+02
3.321284271382561997e+02
3.315723338305148218e+02
3.315812030150727310e+02
3.324413457786545791e+02
3.344788296553358009e+02
3.377526766443854171e+02
3.420302564950946476e+02
3.470487867194866567e+02
3.532284625852363433e+02
3.616142933627538127e+02
3.740730641582538283e+02
3.914962134258747142e+02
4.131734221633845436e+02
4.358899123223254719e+02
4.561521678585078803e+02
4.714189719899285933e+02
4.818025515300680581e+02
4.880880009985042420e+02
4.915367078031292749e+02
4.930243879472493518e+02
4.931819597598170617e+02
4.924630783801902680e+02
4.911619423153822481e+02
4.894821968871789863e+02
4.875633328920893632e+02
4.854875520636716715e+02
4.833130145822823920e+02
4.810731398607221649e+02
4.787912698183957332e+02
4.764815893459622771e+02
4.741547684790758126e+02
4.718168827047492755e+02
4.694742877902764917e+02
4.671301795036087015e+02
4.647885712907825564e+02
4.624531830482779355e+02
4.601265883222895923e+02
4.578139493155975401e+02
4.555176302297889492e+02
4.532796241243034387e+02
4.511008247583906723e+02
4.489557002272107411e+02
4.468484175043029154e+02
4.447820828446650125e+02
4.427612483593665047e+02
4.407876877134482925e+02
4.388651869185102896e+02
4.369945820716324079e+02
4.351775328863307664e+02
4.334145601671317536e+02
4.317045556959657233e+02
4.300477799674942503e+02
4.284413181765290233e+02
4.268842615905493290e+02
4.253738178286490097e+02
4.239074097154726815e+02
4.224834818532991108e+02
4.210988587291799377e+02
4.197529029955099418e+02
4.184435764212574895e+02
4.171706875167988073e+02
4.159343103917659619e+02
4.147347483620624189e+02
4.135774801227003081e+02
4.125189738414326257e+02
4.115021856133951701e+02
4.105289474683499407e+02
4.096024341399529476e+02
4.087251665159069489e+02
4.078988911401452242e+02
4.071262491064779283e+02
4.064070900930469179e+02
4.057425477723597282e+02
4.051313022665057133e+02
4.045715564685801837e+02
4.040612558003769550e+02
4.035960251890219865e+02
4.031725539847118966e+02
4.027856618804362938e+02
4.024305212749738416e+02
4.021023940260375866e+02
4.017959442282418649e+02
4.015070426643674182e+02
4.012313781622756323e+02
4.009654259473338129e+02
4.007064593072144021e+02
4.004519292366165928e+02
4.001607686791271590e+02
3.999085042745826968e+02
3.996526581757321992e+02
3.993928667260599354e+02
3.991285943453889331e+02
3.988597621040760259e+02
3.985859503705732436e+02
3.983067449490377498e+02
3.980217391400474867e+02
3.977299350995104419e+02
3.974307302109476723e+02
3.971227872623841790e+02
3.968049624268483626e+02
3.964760734317293895e+02
3.961344603613649156e+02
3.957792257652786816e+02
3.954088130163736992e+02
3.950222793753476367e+02
3.946189025054614490e+02
3.941977054173422630e+02
3.937587411696086406e+02
3.933015377023497763e+02
3.928264330492601175e+02
3.923338497516489838e+02
3.917833830434382207e+02
3.912305351657437313e+02
3.906612670400272123e+02
3.900771972791023927e+02
3.894794077779562258e+02
3.888692648876191242e+02
3.882478182858536115e+02
3.876159019506088157e+02
3.869744388504085464e+02
3.863237442464579203e+02
3.856645214388952354e+02
3.849968129759478757e+02
3.843209570478912838e+02
3.836370498602491921e+02
3.829450740042354937e+02
3.822453408783997020e+02
3.815377307979446186e+02
3.808227232351976568e+02
3.801004154842880780e+02
3.793713349846757410e+02
3.786358483496124450e+02
3.778945017355644040e+02
3.771478933060265604e+02
3.763965344917089055e+02
3.756239927090508672e+02
3.748470127524914233e+02
3.740694486976336179e+02
3.732918737989339775e+02
3.725149741730971868e+02
3.717394699544580590e+02
3.709655408175981393e+02
3.701939854544386890e+02
3.694247012285568985e+02
3.686582273706140427e+02
3.678946839279128653e+02
3.671340910839947469e+02
3.663770290600126032e+02
3.656231302554641047e+02
3.648729983459671757e+02
3.641264144324013046e+02
3.633835335465118419e+02
3.626446552084316863e+02
3.619093375166093551e+02
3.611780651212411613e+02
3.604502568633486135e+02
3.597259572221760777e+02
3.590048302628439956e+02
3.582862471658033314e+02
3.575549639859092963e+02
3.567787204481246590e+02
3.560007543743818132e+02
3.552202464015840064e+02
3.544367333666441482e+02
3.536496934930373186e+02
3.528585144890180345e+02
3.520630521994337983e+02
3.512627670632482477e+02
3.504577940638346831e+02
3.496478194685089420e+02
3.488331866643393937e+02
3.480140494843308261e+02
3.471908198448009557e+02
3.463641895592707556e+02
3.455345435935083174e+02
3.447029133521899666e+02
3.438699233477105963e+02
3.430367789240424941e+02
3.422047053707935333e+02
3.413749602764503379e+02
3.405496487049663301e+02
3.397306291766288950e+02
3.389212824628922931e+02
3.381090046194322554e+02
3.372727168618588394e+02
3.364640199867705519e+02
3.356925590856441204e+02
3.349765022954321125e+02
3.343385269910700117e+02
3.338187893499104462e+02
3.334830263282673286e+02
3.334340797909757725e+02
3.338802688131314653e+02
3.351304719997237385e+02
3.377881338680256817e+02
3.426809836711835828e+02
3.508126729727453608e+02
3.627600027634412641e+02
3.775215974410933768e+02
3.927164374390376906e+02
4.060613478454529286e+02
4.165634434959331998e+02
4.247094061976506509e+02
4.316011461360694170e+02
4.381800712299885845e+02
4.449751031920337141e+02
4.518178811625165281e+02
4.581451227501674452e+02
4.640949574599647462e+02
4.695668283902583653e+02
4.744065801088934222e+02
4.786406289791069071e+02
4.840793687709256119e+02
4.976505544622165758e+02
5.210202025590424455e+02
5.336933297034689758e+02
5.437095289092047778e+02
5.593842534703451292e+02
5.636948383325129726e+02
5.615955987804280767e+02
5.592179739018774853e+02
5.582636677172741884e+02
5.603840850403992135e+02
5.664715977060891419e+02
5.737064860903007002e+02
5.781174388432931437e+02
5.799575930392187502e+02
5.810566143360349542e+02
5.818070489161705154e+02
5.819464795295762087e+02
5.813272620565659281e+02
5.801101855244879744e+02
5.781284154170132297e+02
5.760715271539796731e+02
5.744107791393479374e+02
5.735145043939090783e+02
5.734617438033861845e+02
5.741492640652792261e+02
5.753052504962689682e+02
5.767085101358889005e+02
5.781588031475052958e+02
5.794490678774449179e+02
5.802890679121757103e+02
5.803878913894685638e+02
5.795814882568388384e+02
5.778145032077125052e+02
5.752417799090480912e+02
5.719995078387115655e+02
5.682933529891373610e+02
5.642675419006139919e+02
5.600552475391793905e+02
5.557633759306123693e+02
5.514677536627460768e+02
5.472414719045459606e+02
5.431334319787790719e+02
5.391854165034454809e+02
5.354568036615989968e+02
5.319789228319443737e+02
5.287776472795657128e+02
5.258826080554772489e+02
5.233189568085202836e+02
5.211052247521400886e+02
5.192644330024544388e+02
5.178032066903847408e+02
5.167352372804339211e+02
5.160656933896246983e+02
5.157977280555347761e+02
5.159459715579228032e+02
5.165198989578054807e+02
5.175450349202072857e+02
5.190499986789117202e+02
5.210480987295458135e+02
5.235455601024067391e+02
5.264911636490693354e+02
5.298017183204051435e+02
5.333397861446906063e+02
5.369597693748506799e+02
5.405246769224912669e+02
5.439254244472194841e+02
5.471726952241945128e+02
5.500663071698575095e+02
5.525396541946331581e+02
5.545319122411218586e+02
5.559807437506578935e+02
5.568333299527328109e+02
5.570666076026367364e+02
5.566578484991878213e+02
5.556324773451041210e+02
5.540225663410382140e+02
5.518853535157755914e+02
5.493007868957447499e+02
5.463387124047006864e+02
5.430857564052488442e+02
5.396089433219763123e+02
5.359739860633468425e+02
5.322338655791573956e+02
5.284346784079089048e+02
5.246132027241881133e+02
5.208026570446078267e+02
5.170274476866125042e+02
5.133105383211347998e+02
5.096704641369878459e+02
5.061215180690530815e+02
5.026799906338787878e+02
4.993565103439647714e+02
4.961646636598135842e+02
4.931103535739516133e+02
4.902024005429395856e+02
4.874478914184339260e+02
4.848510637171207804e+02
4.824205657140325911e+02
4.801578237261767299e+02
4.780707408276128945e+02
4.761611127298065753e+02
4.744337575901447508e+02
4.728929445910676463e+02
4.715403224497791257e+02
4.703826814924016162e+02
4.694201893073919791e+02
4.686605304399133161e+02
4.681033606866940318e+02
4.677518530289203795e+02
4.676050752794223513e+02
4.676559768671260713e+02
4.678977478675084853e+02
4.683112023547336094e+02
4.688762821314861640e+02
4.695401324241005341e+02
4.703093751568957828e+02
4.711364557247888456e+02
4.719960073268901510e+02
4.728572268895106845e+02
4.737066702761794090e+02
4.745234809286534414e+02
4.752999016975124391e+02
4.760280197286463704e+02
4.766960788408121061e+02
4.773037588250455201e+02
4.778371926142914390e+02
4.782936855177669031e+02
4.786621032824969575e+02
4.789352306392131027e+02
4.791071151733247575e+02
4.791740642452679708e+02
4.791362449058295283e+02
4.790003268650147561e+02
4.787757201559156783e+02
4.784786181317473961e+02
4.781293663918493166e+02
4.777481826821489221e+02
4.773597525509161414e+02
4.769678197176510253e+02
4.766221115740223127e+02
4.763292826637697317e+02
4.760974952136717206e+02
4.759340123514103311e+02
4.758386133714249695e+02
4.758081945320831210e+02
4.758365621166783512e+02
4.759124952415948542e+02
4.760263822708599832e+02
4.761628431686514205e+02
4.763108310922651185e+02
4.764556611611430412e+02
4.765868119518222557e+02
4.766937608499242742e+02
4.767678828091219998e+02
4.768039130888537898e+02
4.767968066577931836e+02
4.767461057711702210e+02
4.766506198930025562e+02
4.765139223793141809e+02
4.763384220378239320e+02
4.761314877080135375e+02
4.758998011992469515e+02
4.756598166301321271e+02
4.754105128328873207e+02
4.751784650537375114e+02
4.749823940613522382e+02
4.748398325569610279e+02
4.747712796176419943e+02
4.747893975230260821e+02
4.749066276724673799e+02
4.751214015254442984e+02
4.754265881507467952e+02
4.757984270460913763e+02
4.762069126478398289e+02
4.766087619497730543e+02
4.769598014724650739e+02
4.772130409144963323e+02
4.773244805406195610e+02
4.772612960606084584e+02
4.769938813469986485e+02
4.765139573311502090e+02
4.758138688232527329e+02
4.749068952347325308e+02
4.738063827894000042e+02
4.725379761627162338e+02
4.711286536034120331e+02
4.696301500000304259e+02
4.680366952556613001e+02
4.663872837415797790e+02
4.647087246865669954e+02
4.630208204482782435e+02
4.613442096418560823e+02
4.596930627720831808e+02
4.580805423261800797e+02
4.565157347273185451e+02
4.550045178823247625e+02
4.535508771824551104e+02
4.521537549777983145e+02
4.508119934759189960e+02
4.495199497801432926e+02
4.482715703087437191e+02
4.470587978310945232e+02
4.458722078312473514e+02
4.447029699738036470e+02
4.435415394908864073e+02
4.423793320656965307e+02
4.412089506996961745e+02
4.400242244189000189e+02
4.388219726529807190e+02
4.376019738562791872e+02
4.363576107607582344e+02
4.351143052740226267e+02
4.339019441046806378e+02
4.327719581248140344e+02
4.318047279135436156e+02
4.311454562764675416e+02
4.309853492186716721e+02
4.316108268564702257e+02
4.332863179135878795e+02
4.361508569397861379e+02
4.400830305474357260e+02
4.446725867104784129e+02
4.494475463325247233e+02
4.539489638877871585e+02
4.578699569701937548e+02
4.610298304645823464e+02
4.634797760368791728e+02
4.653230609112654292e+02
4.667632792038983780e+02
4.678879693743447206e+02
4.687851303508675755e+02
4.694700904158338517e+02
4.699823946667328300e+02
4.703533744564213066e+02
4.706092827356542898e+02
4.705573886740693297e+02
4.701994049332334384e+02
4.694918704203656716e+02
4.683985280450874029e+02
4.669304586601184610e+02
4.650986837889392973e+02
4.629391131654547848e+02
4.604930078568333442e+02
4.577965034269455487e+02
4.549069986262631460e+02
4.518589913965244023e+02
4.487012120154116133e+02
4.454659719341496498e+02
4.421811557823918974e+02
4.388725368031676908e+02
4.355533378417548533e+02
4.322404672174863549e+02
4.289408634956481592e+02
4.256637208020529783e+02
4.224147979963955777e+02
4.191990578705866710e+02
4.160228830636212365e+02
4.128891239195466483e+02
4.097782533176077777e+02
4.066264628487871846e+02
4.035355835167711120e+02
4.005087231880331160e+02
3.975490570040929583e+02
3.946604971303701745e+02
3.918437949605876724e+02
3.891032042762689116e+02
3.864384678087738507e+02
3.838524401956311181e+02
3.813456358255573946e+02
3.789183014044555193e+02
3.765725454464795234e+02
3.743062298336460003e+02
3.721217245823720532e+02
3.700163221120588446e+02
3.679901475445329311e+02
3.660417540722260128e+02
3.641676612109579310e+02
3.623671144476143695e+02
3.606342449512790722e+02
3.589666990783143774e+02
3.573585927081290947e+02
3.558050243937483970e+02
3.542946427540069863e+02
3.527680674374294085e+02
3.512842347007780859e+02
3.498374817802687744e+02
3.484249333875648631e+02
3.470426121482855137e+02
3.456889341611109217e+02
3.443623982691327683e+02
3.430625282163863403e+02
3.417909542589748071e+02
3.405480192034889342e+02
3.393377857099462744e+02
3.381627690935491728e+02
3.370279312633994664e+02
3.359395520822774301e+02
3.349024599170184615e+02
3.339263339312662993e+02
3.330169543314138423e+02
3.321844231707644326e+02
3.314375063536556922e+02
3.307837037288470583e+02
3.302338450687384466e+02
3.297917989850541858e+02
3.294659138576565169e+02
3.292649680517945399e+02
3.291469449720000284e+02
3.291512769831176684e+02
3.292754817901095521e+02
3.295198380444525128e+02
3.298845112630573908e+02
3.303750658444881196e+02
3.309972343756939495e+02
3.317614241848805818e+02
3.326708708538340602e+02
3.337500906111687868e+02
3.356804332854630957e+02
3.370441888907748762e+02
3.385000677316787687e+02
3.400210333134401139e+02
3.415705802953690409e+02
3.431060533689434351e+02
3.445983148373245513e+02
3.460218914599612390e+02
3.473863108451195103e+02
3.487049344504447390e+02
3.500098408662551606e+02
3.513324193320570998e+02
3.526989794782754757e+02
3.540775320939155790e+02
3.556873869876957883e+02
3.573414278563320750e+02
3.590041287390134812e+02
3.606251288870615213e+02
3.621442192763793742e+02
3.635010951069205021e+02
3.646449421890127951e+02
3.655604503545201283e+02
3.662356755477578076e+02
3.666961039815641357e+02
3.669648440906418045e+02
3.670714769708121707e+02
3.670499517205054190e+02
3.669221962893211639e+02
3.667167631183408503e+02
3.664510704908329899e+02
3.661431761629366406e+02
3.658069113747746428e+02
3.654535139996717703e+02
3.650931275404886378e+02
3.647320110105027879e+02
3.643765467066278916e+02
3.640280094399282689e+02
3.636429084431654246e+02
3.633011875454979531e+02
3.629550227503664246e+02
3.625974507017843962e+02
3.622211884450218804e+02
3.618180673569552255e+02
3.613811466480064496e+02
3.609047529515818269e+02
3.603834783674046776e+02
3.598171870847344849e+02
3.592030096575410312e+02
3.585454284331539725e+02
3.578466527382374238e+02
3.571116966233273615e+02
3.563479509631976612e+02
3.555591262999998889e+02
3.547544688312315770e+02
3.539380267058321010e+02
3.531166124726800035e+02
3.522957797606414374e+02
3.514785721214821024e+02
3.506709262653519659e+02
3.498737826257432744e+02
3.490915700806581867e+02
3.482810295656929043e+02
3.474643901300248672e+02
3.466665699007030526e+02
3.458884164641356733e+02
3.451339154257437940e+02
3.444056678075738205e+02
3.437092922035570268e+02
3.430527380346312611e+02
3.424475834301691748e+02
3.419107045034257339e+02
3.414696383508971280e+02
3.411559736063428545e+02
3.410187780433536204e+02
3.411116047934479525e+02
3.414843995892714474e+02
3.421903376389859659e+02
3.432166956510553177e+02
3.445274821412717756e+02
3.460054130193432798e+02
3.475174600783237224e+02
3.489311370934959200e+02
3.501769894157908425e+02
3.512292057384898385e+02
3.521127270108756306e+02
3.529637000759117882e+02
3.536547647155165350e+02
3.542019689719051030e+02
3.546088550368246501e+02
3.549229179312384872e+02
3.552036616427561739e+02
3.555528425967656290e+02
3.561229502504462516e+02
3.571445733170516519e+02
3.590214152911995029e+02
3.624012579933421421e+02
3.682394256958356777e+02
3.776106494423301001e+02
3.910009635679593316e+02
4.079618596526326542e+02
4.271914553482495762e+02
4.471538332765895234e+02
4.648053623667467491e+02
4.773727068108226490e+02
4.841602564949785688e+02
4.865863349729172000e+02
4.861399931975784625e+02
4.840733595435979169e+02
4.810911630025668728e+02
4.775269113108535066e+02
4.737184326406774062e+02
4.697657655996661106e+02
4.657463683378549035e+02
4.617092725958032702e+02
4.576829317489685991e+02
4.536879638255374516e+02
4.497387092608630610e+02
4.458434548402030941e+02
4.420111057176939653e+02
4.382456267889684227e+02
4.345514901168792790e+02
4.309322776659808483e+02
4.273890016216327581e+02
4.239251713140451443e+02
4.205405851601772724e+02
4.172371403719088789e+02
4.140155408022516212e+02
4.108754308622805524e+02
4.078185906316842875e+02
4.048436631571749444e+02
4.019522245809772016e+02
3.991440690481742877e+02
3.964195161074973726e+02
3.937571958138034915e+02
3.912074932356488262e+02
3.887476941175260663e+02
3.863809879733562980e+02
3.841131305730322651e+02
3.819543163706824203e+02
3.799150215992361268e+02
3.780149444066223623e+02
3.762774625068586829e+02
3.747328043604861136e+02
3.734261174000782262e+02
3.723983673800358360e+02
3.717108192121145294e+02
3.714103923481735023e+02
3.715488804544672234e+02
3.721636389527499773e+02
3.732782348746973184e+02
3.749319215472087308e+02
3.771348608526406565e+02
3.799406478202910193e+02
3.833082968107521538e+02
3.872057018703660560e+02
3.914580844280286556e+02
3.958851919251823688e+02
4.002833605512471422e+02
4.043269580184421557e+02
4.079020514524919463e+02
4.109475249204056126e+02
4.134415004586542750e+02
4.153782933223835698e+02
4.167939961193605996e+02
4.176968002673415299e+02
4.181442440120661672e+02
4.181648638438533112e+02
4.178313224227820797e+02
4.171888693778322477e+02
4.163029177352686361e+02
4.152214290333729423e+02
4.139882026500072243e+02
4.126440513805233650e+02
4.112150339869204458e+02
4.097312145554764697e+02
4.082087908157317884e+02
4.066666317726915167e+02
4.051161387983559621e+02
4.035674293795355538e+02
4.020287784205913226e+02
4.005048936361391156e+02
3.990061309093078989e+02
3.975495281508698895e+02
3.961215626795792559e+02
3.947230675819859016e+02
3.933558975037605023e+02
3.920212539289622669e+02
3.907196844984187578e+02
3.894533672959192359e+02
3.882220728278041975e+02
3.870282412258272871e+02
3.858721011039102109e+02
3.847552047442345611e+02
3.836791438341959406e+02
3.826438876375684117e+02
3.816517505475152916e+02
3.807018327444076817e+02
3.797953291113057048e+02
3.789316739315220275e+02
3.781094986907590965e+02
3.773284411825599705e+02
3.765850945464367214e+02
3.758778544398243184e+02
3.752027068708799220e+02
3.745559728254607990e+02
3.739441808871706030e+02
3.733462358450885290e+02
3.727606366693037785e+02
3.721820836280282947e+02
3.716057878925714135e+02
3.710269240051071620e+02
3.704417116672266275e+02
3.698458249164699509e+02
3.692368821160860648e+02
3.686119851721078930e+02
3.679693458787073155e+02
3.673082159354062242e+02
3.666269883003147356e+02
3.659265234471116628e+02
3.652062247431352375e+02
3.644672850319663553e+02
3.637108485165625780e+02
3.629376914967546668e+02
3.621502947222760440e+02
3.613497288499926299e+02
3.605386200495293565e+02
3.597190861157551467e+02
3.588930838149727265e+02
3.580635927846760183e+02
3.572580035637752189e+02
3.564557354670360496e+02
3.556563450095939629e+02
3.548610676329476519e+02
3.540715173686887169e+02
3.532877786412587398e+02
3.525104833598497294e+02
3.517392409529815609e+02
3.509733113036108989e+02
3.502117510404249856e+02
3.494529341221457912e+02
3.486951306024212158e+02
3.479365896368885274e+02
3.471753766562925989e+02
3.464095972944995196e+02
3.456379883830659878e+02
3.448588482746633872e+02
3.440716765743138126e+02
3.432757623387763033e+02
3.424707933895950305e+02
3.416574283587735863e+02
3.408354486801081862e+02
3.400063601229372239e+02
3.391707289745137359e+02
3.383293443858595992e+02
3.374855506968581267e+02
3.366397292094117688e+02
3.357936815205306971e+02
3.349482217738224676e+02
3.341048094369545538e+02
3.332645793982664486e+02
3.324286398284154416e+02
3.315984460657882096e+02
3.307751436714298165e+02
3.299605028038345722e+02
3.291563368433254482e+02
3.283652273377325628e+02
3.275906662995996612e+02
3.268379268009465477e+02
3.261144495429739436e+02
3.254332008248738930e+02
3.248117967718158638e+02
3.242818116550109266e+02
3.238890982137612014e+02
3.237033260081639696e+02
3.238372959457877300e+02
3.244226907999633340e+02
3.256617762422535520e+02
3.276998368296833632e+02
3.308868049852898139e+02
3.351313425928944412e+02
3.402809144553385181e+02
3.460885242923767464e+02
3.522012914112306134e+02
3.582052326611959643e+02
3.637924016118592476e+02
3.687655541966382771e+02
3.730441840925544739e+02
3.767093357395356179e+02
3.798026485838583994e+02
3.823983858926217749e+02
3.845560734388332662e+02
3.863063348461649866e+02
3.877100769332338359e+02
3.888007033103972390e+02
3.896115701005373921e+02
3.901782685816739331e+02
3.905145498830565316e+02
3.906424471828749461e+02
3.905755110706252253e+02
3.903233254129266356e+02
3.899055735550157920e+02
3.892181958235013894e+02
3.885136486192663483e+02
3.877071852851075846e+02
3.868178921350215091e+02
3.858699270235556469e+02
3.848807399257292445e+02
3.838697583694910236e+02
3.828543349639483040e+02
3.818490559388467886e+02
3.808701607374045466e+02
3.799310681167432335e+02
3.790453923615007170e+02
3.782277480899696798e+02
3.774896612811572254e+02
3.768465265095072709e+02
3.763114771705808721e+02
3.758985849549618479e+02
3.756263753174671365e+02
3.755073773154400101e+02
3.755641890211156806e+02
3.758117484837409847e+02
3.762700027747590070e+02
3.769590870416895427e+02
3.778870288676772020e+02
3.790238289632515034e+02
3.804884055425598035e+02
3.821836065143280621e+02
3.840784217943051999e+02
3.861393857408525037e+02
3.883203220964196589e+02
3.905730225528175197e+02
3.928544723802768885e+02
3.951166197957817872e+02
3.973328041147938734e+02
3.994618200591589812e+02
4.014887293740624159e+02
4.033814186208319938e+02
4.051248789635852745e+02
4.066949345470001163e+02
4.080728493461709832e+02
4.092447168697536313e+02
4.101970231755658460e+02
4.109332332943167216e+02
4.114522482053466206e+02
4.117753377544373734e+02
4.119159548741757249e+02
4.119023555240435144e+02
4.117596923361998051e+02
4.115118762654674924e+02
4.112422817979611409e+02
4.109319296350458330e+02
4.106074300146406131e+02
4.102904944040352007e+02
4.100046266282352008e+02
4.097772732942862035e+02
4.096390805368946531e+02
4.096341278478751633e+02
4.098317249220269787e+02
4.103358723531002283e+02
4.113381144741843514e+02
4.130907423018374516e+02
4.159478083034875340e+02
4.202703919130691474e+02
4.263236712448114645e+02
4.343966725633585497e+02
4.446745436244410712e+02
4.574624588437180819e+02
4.736665600583427249e+02
4.940101258130563338e+02
5.178706045760312691e+02
5.415477134237650034e+02
5.603186947513125915e+02
5.719356050327929779e+02
5.776328306938889909e+02
5.791476824188595174e+02
5.777675356249922061e+02
5.742847284763073503e+02
5.694526124972553589e+02
5.639905353071692389e+02
5.583148487410812777e+02
5.526280639587782844e+02
5.470359191511842027e+02
5.415836276946175758e+02
5.362974502813445952e+02
5.311934634076715156e+02
5.262773750229581537e+02
5.215581780003873291e+02
5.170372958072176743e+02
5.127190014939304774e+02
5.086068032656137348e+02
5.047017760334821901e+02
5.010111306184189175e+02
4.975374638449597455e+02
4.942924499479354381e+02
4.912870215467017943e+02
4.885416699760055508e+02
4.861046384672348495e+02
4.840476319725099188e+02
4.823961717213621228e+02
4.812038684403300408e+02
4.805441909545641579e+02
4.804604643464664377e+02
4.809888035233919936e+02
4.821382188659306394e+02
4.838596222275875789e+02
4.860997913825409569e+02
4.887670483187576451e+02
4.917493907671989746e+02
4.949800470775388703e+02
4.983516374691675992e+02
5.017782159433465949e+02
5.051935893771805013e+02
5.084731317478306778e+02
5.115287318885739296e+02
5.142268634592642229e+02
5.164253217196079504e+02
5.180379644511358492e+02
5.190128636753522642e+02
5.193573653222675830e+02
5.191619544033616194e+02
5.184720556952337347e+02
5.174455374305350688e+02
5.161967298295581941e+02
5.147982639638636329e+02
5.133108628515948340e+02
5.117710520205605462e+02
5.102082927524731986e+02
5.086407801316850055e+02
5.070800103600493571e+02
5.055351622571323560e+02
5.040106080416480836e+02
5.025099719294748866e+02
5.010356467550437287e+02
4.995872471577388296e+02
4.981656060163746247e+02
4.967686527266499752e+02
4.953953974023010005e+02
4.940445325975956052e+02
4.927154322451526696e+02
4.914094360032524378e+02
4.901295612146974463e+02
4.888824921185251355e+02
4.876767887156099164e+02
4.865259051622583115e+02
4.854422793190150855e+02
4.844583087597499116e+02
4.835857856716474430e+02
4.828403130187587067e+02
4.822389852055234201e+02
4.817920628026629402e+02
4.815026454574012860e+02
4.813711410904163017e+02
4.813833966873614827e+02
4.815216494113594194e+02
4.817600894642496883e+02
4.820623669418963004e+02
4.823948873248564837e+02
4.827171885693610989e+02
4.829910651859246400e+02
4.831861064095343750e+02
4.832717747374956048e+02
4.832304175281626044e+02
4.830515819741395376e+02
4.827307066200073677e+02
4.822757911444933825e+02
4.816972129713334994e+02
4.810119551406046412e+02
4.802414250840280943e+02
4.794035874919474622e+02
4.785117317914394448e+02
4.775972750578200134e+02
4.766778441293988067e+02
4.757693778412568690e+02
4.748822871059501836e+02
4.740242961992580035e+02
4.731992928512988215e+02
4.724068772933691776e+02
4.716457718093720928e+02
4.709109775686559942e+02
4.701986338731680348e+02
4.695036715057926244e+02
4.688229441749151647e+02
4.681549547017519899e+02
4.674996875381290806e+02
4.668601606146825134e+02
4.662399396378558549e+02
4.656442295610405040e+02
4.650779929970789226e+02
4.645443550040782839e+02
4.640451508914222813e+02
4.635774150988928568e+02
4.631348451396104338e+02
4.627116748876499059e+02
4.622753961319094174e+02
4.618184746971862751e+02
4.613179828095649668e+02
4.607501210965659766e+02
4.600917594008133733e+02
4.593238381329509821e+02
4.584288566292989913e+02
4.573985905166341013e+02
4.562261385725443574e+02
4.549139516840119768e+02
4.534686452513831796e+02
4.519003731323171564e+02
4.502269081103765984e+02
4.484648962135740931e+02
4.466374131898181759e+02
4.447676500053713085e+02
4.428800039997842077e+02
4.410014569560844393e+02
4.391575514960728128e+02
4.373743160132176513e+02
4.356780897955641763e+02
4.340907942231688139e+02
4.326338935405257189e+02
4.313224164380550292e+02
4.301848699153637199e+02
4.292106088835761852e+02
4.283942099643538768e+02
4.277245457042675412e+02
4.271863344495549200e+02
4.267535092046673526e+02
4.264032539216181590e+02
4.261076220173395086e+02
4.258395822491240210e+02
4.255801600038986408e+02
4.253089525965601752e+02
4.250171655946804208e+02
4.246997191536173659e+02
4.243577481243752345e+02
4.239992487650644648e+02
4.236347420696514519e+02
4.232768420308591431e+02
4.229380032221092733e+02
4.226289437269097107e+02
4.223538030613098613e+02
4.221137933971286884e+02
4.219008472293637624e+02
4.217009927190707685e+02
4.215102411519424095e+02
4.213011330246588955e+02
4.210315621832796751e+02
4.206736753546610430e+02
4.202019667884505907e+02
4.195950858354646016e+02
4.188394429158877870e+02
4.179234512862702786e+02
4.168472068654699001e+02
4.156117739480571345e+02
4.142246911143279249e+02
4.126983822578415584e+02
4.110433313070787449e+02
4.092766236410505485e+02
4.074107798805954985e+02
4.054609421676711349e+02
4.034407515485825115e+02
4.013614824222125890e+02
3.992355556384225679e+02
3.970715110960757102e+02
3.948786815785837803e+02
3.926641343991465760e+02
3.904340095449526302e+02
3.881941823625963366e+02
3.859506268236664823e+02
3.836910881898651837e+02
3.814355370324206547e+02
3.791870013683493426e+02
3.769481674531720046e+02
3.747210508942326896e+02
3.725076479885570393e+02
3.703096072527613956e+02
3.681282212543293326e+02
3.659649121192396137e+02
3.638206691070474790e+02
3.616964522591921423e+02
3.595934179297738069e+02
3.575120738581833280e+02
3.554536661801949435e+02
3.534187755198573768e+02
3.514082719826007519e+02
3.494233306864126689e+02
3.474643480038409393e+02
3.455329609643703179e+02
3.436296247550292833e+02
3.417557944908687091e+02
3.399126486671728458e+02
3.381010262682073062e+02
3.363148696702296547e+02
3.345779564520955205e+02
3.328766413355368741e+02
3.312118047070744637e+02
3.295849332479347140e+02
3.279979166854801065e+02
3.264514739603732778e+02
3.249481609444380865e+02
3.234885416936785987e+02
3.220747978113042223e+02
3.207082306344293556e+02
3.193899171519096853e+02
3.181220110871075235e+02
3.169047037349142215e+02
3.157401602348050460e+02
3.146286434515279780e+02
3.135712410121539619e+02
3.125689015306180636e+02
3.116213056116129110e+02
3.107297122782637757e+02
3.098930525277297647e+02
3.091118842763888210e+02
3.083853378851272282e+02
3.077124923235836604e+02
3.070933474308503719e+02
3.065286047617924510e+02
3.060139439040387970e+02
3.055468164493894960e+02
3.051256831027051817e+02
3.047482970288405681e+02
3.044119587678776497e+02
3.041147735235117580e+02
3.038534301976475263e+02
3.036259114171599549e+02
3.034290746703009063e+02
3.032603871635973860e+02
3.031172916339601784e+02
3.029968861534321150e+02
3.028971185862549760e+02
3.028152024939955140e+02
3.027492290330695823e+02
3.026969424098685408e+02
3.026564417999771877e+02
3.026260991287071533e+02
3.026041440095985990e+02
3.025893712939083571e+02
3.025803423932638907e+02
3.025760682719224519e+02
3.025748166745205481e+02
3.025801758172449354e+02
3.025879096081698094e+02
3.025973291921792452e+02
3.026080186465945872e+02
3.026194429387196578e+02
3.026313106814446883e+02
3.026432692712700145e+02
3.026550811635582932e+02
3.026665884550006353e+02
3.026776185255819200e+02
3.026882458349309104e+02
3.026985349999616801e+02
3.027090433306997284e+02
3.027206748019545444e+02
3.027353466007464249e+02
3.027567855128931456e+02
3.027909986813010619e+02
3.028506864051022944e+02
3.029542148436098614e+02
3.031353419864722696e+02
3.034438226625206312e+02
3.039435142733842667e+02
3.047170234687868628e+02
3.057974725785001056e+02
3.072842817201101866e+02
3.090925526982178440e+02
3.111519230027603271e+02
3.134273537133955188e+02
3.159090625751261996e+02
3.185922043413057168e+02
3.214521869634106679e+02
3.244073504939211148e+02
3.274087430635265719e+02
3.304510436320550184e+02
3.335648105216900490e+02
3.368161168346386489e+02
3.402063061463081226e+02
3.437240060554349839e+02
3.473295798832955938e+02
3.509695774289054384e+02
3.546372817514958342e+02
3.583044558020303043e+02
3.619598137037146444e+02
3.655904974866161865e+02
3.691420344435218226e+02
3.725679593315342117e+02
3.757898679100434833e+02
3.786476620386671357e+02
3.812552889438946977e+02
3.834930540060445310e+02
3.853562120719911377e+02
3.868743861603909409e+02
3.880718570456443217e+02
3.890035263251826905e+02
3.897090074308238172e+02
3.902291465092308158e+02
3.906020551025060854e+02
3.908497274537240855e+02
3.909987581508354424e+02
3.910608589340248500e+02
3.910501199571869506e+02
3.909745640023834881e+02
3.908395491449482506e+02
3.906519139086792052e+02
3.904129711338032962e+02
3.901282514272113531e+02
3.897986621129202263e+02
3.894277043732327002e+02
3.890175755858400066e+02
3.885698342056904835e+02
3.880878541448232681e+02
3.875549810213378805e+02
3.870010285958414897e+02
3.864128511564193786e+02
3.857927653499980352e+02
3.851422314482267666e+02
3.844620096545115189e+02
3.837539230876682836e+02
3.830175859557043054e+02
3.822546408495794026e+02
3.814646456238472183e+02
3.806483897562062566e+02
3.798062765009161126e+02
3.789381602212996540e+02
3.780455718693528979e+02
3.771282971090857927e+02
3.761882587392581172e+02
3.752262046344120563e+02
3.742437789766266860e+02
3.732431042190788730e+02
3.722255709804655339e+02
3.711939792113772114e+02
3.701499728531572941e+02
3.690961673391904583e+02
3.680346101533494334e+02
3.669285121653176134e+02
3.658034101430947089e+02
3.646758001702337424e+02
3.635476881833808420e+02
3.624201186194156321e+02
3.612946029595311188e+02
3.601718257825113483e+02
3.590525447102035628e+02
3.579374759476947929e+02
3.568266268057320758e+02
3.557208158376581650e+02
3.546197036193732970e+02
3.535238444991147730e+02
3.524332040602284906e+02
3.513477393491443763e+02
3.502680165719609704e+02
3.491935625191552504e+02
3.481252085645332386e+02
3.470626521819872323e+02
3.460064164547343353e+02
3.449568240746849597e+02
3.439139970561913060e+02
3.428788796839587008e+02
3.418514805176233722e+02
3.408053007769734677e+02
3.397785163801842714e+02
3.387642443153987415e+02
3.377648788432184688e+02
3.367835295166685228e+02
3.358268450780246326e+02
3.349035091823844255e+02
3.340308449691729038e+02
3.332359567242051526e+02
3.325631617168562570e+02
3.320930134036105414e+02
3.319396044618611654e+02
3.323093853489244225e+02
3.334761359933595486e+02
3.358273126541529905e+02
3.398226630110820565e+02
3.457853808383293313e+02
3.538696736949621027e+02
3.637222930759210158e+02
3.748666504080710524e+02
3.867434803742499412e+02
3.991810384362294144e+02
4.116924251056180424e+02
4.236812875881993818e+02
4.341701764136969928e+02
4.424445668134126777e+02
4.483954754691703783e+02
4.524296140400235231e+02
4.549764782313856699e+02
4.565161821603941235e+02
4.573589183295263751e+02
4.577107434038558154e+02
4.576931884900556611e+02
4.573589594936451590e+02
4.567380795228355623e+02
4.558419898346510308e+02
4.546760282353667435e+02
4.532547896477320819e+02
4.515870095604397534e+02
4.496961864121179815e+02
4.476029897380389002e+02
4.453330954600857581e+02
4.429156614722632526e+02
4.403749539010306080e+02
4.377406803904341928e+02
4.350361125957286390e+02
4.322859222882605650e+02
4.295119586234298481e+02
4.267164499334077732e+02
4.239530070083846454e+02
4.212208086749141103e+02
4.185338663456512904e+02
4.159049768467822332e+02
4.133448532772241037e+02
4.108621545525595025e+02
4.084653109090008911e+02
4.061584174831565406e+02
4.039465897504190934e+02
4.018304793781925923e+02
3.998095632941419240e+02
3.978821136860106549e+02
3.960418058163032242e+02
3.942836582326766575e+02
3.925981108812983962e+02
3.909757138746476812e+02
3.894065131122178514e+02
3.878784502324222672e+02
3.863817262074501855e+02
3.849057170112562289e+02
3.834411185370813087e+02
3.819812201546795336e+02
3.805191877334653441e+02
3.790389655138123430e+02
3.775693764510912160e+02
3.760892081074916860e+02
3.746005839450878057e+02
3.731052582086032317e+02
3.716076863105456596e+02
3.701119405059253040e+02
3.686232806082616094e+02
3.671471483004742140e+02
3.656889087276314854e+02
3.642541334440960554e+02
3.628474279811932206e+02
3.614739170558856358e+02
3.601368513354222500e+02
3.588402652319102799e+02
3.575861626506502944e+02
3.563766114682312605e+02
3.552128372659319666e+02
3.540945062723875481e+02
3.530221592008023777e+02
3.519936965023989046e+02
3.510083988097821361e+02
3.500637096687448775e+02
3.491572540141865488e+02
3.482834929250827258e+02
3.474490346406014964e+02
3.466472252963449705e+02
3.458748307619517846e+02
3.451300801374105731e+02
3.444111183340426692e+02
3.437161763102907912e+02
3.430450417773218419e+02
3.423965612476930005e+02
3.417716481646347688e+02
3.411704165311990664e+02
3.405940026317392721e+02
3.400439780540108927e+02
3.395209835842393318e+02
3.390272480277795921e+02
3.385628352345737540e+02
3.381291884644650736e+02
3.377259645092601090e+02
3.373524555734890669e+02
3.370077125946511387e+02
3.366885979506810145e+02
3.363929127046292251e+02
3.361156849098340444e+02
3.358531138411645998e+02
3.355957195781505220e+02
3.353333463222263049e+02
3.350668089879517879e+02
3.347907897296881856e+02
3.345009935470422988e+02
3.341927102905480638e+02
3.338637404373160393e+02
3.335112521118767859e+02
3.331359021570819436e+02
3.327386333917284560e+02
3.323241504060300144e+02
3.319007528121300084e+02
3.314799559874643933e+02
3.310824879923697495e+02
3.307317782418467687e+02
3.304608864766387910e+02
3.303054770616802784e+02
3.302933795747189833e+02
3.304490308639452678e+02
3.307731444910001528e+02
3.312654802251886395e+02
3.319384514212074464e+02
3.328185710915865911e+02
3.339693698505760153e+02
3.354309381977545854e+02
3.375219980152150470e+02
3.400942742263297305e+02
3.432316057785812404e+02
3.470831022023785977e+02
3.518402596164618217e+02
3.577408605940266284e+02
3.651278608417856617e+02
3.741656592042875786e+02
3.848854768999983094e+02
3.969309379580523682e+02
4.095902730207263858e+02
4.221768436793857973e+02
4.341135997418455190e+02
4.449302618987106257e+02
4.544391353899191017e+02
4.625729109972817810e+02
4.694600594900477404e+02
4.754690035649879860e+02
4.809871836947962720e+02
4.863849585462663754e+02
4.919356516646735145e+02
4.977167467162088315e+02
5.036892199603375957e+02
5.096567866129100253e+02
5.154616058620338208e+02
5.209492346967855383e+02
5.259979746751624816e+02
5.305581887495184219e+02
5.346241413393496487e+02
5.382325857297366838e+02
5.414098471848060399e+02
5.441929583214963486e+02
5.465882057247574721e+02
5.486033059859670402e+02
5.502360526147078872e+02
5.514861756399914157e+02
5.523725218239759442e+02
5.529108684261369717e+02
5.531461842959199657e+02
5.531149795159122959e+02
5.528721076220360828e+02
5.524645200695509857e+02
5.519421055018284505e+02
5.513477850244515821e+02
5.507207824806986309e+02
5.500914785081550917e+02
5.494864285692434578e+02
5.489133022685581409e+02
5.484167139912566427e+02
5.479811422693525174e+02
5.476113785944146457e+02
5.473105744919702147e+02
5.470782253298878004e+02
5.469126022424730991e+02
5.468106842132034444e+02
5.467674182354301138e+02
5.467775920261906322e+02
5.468344825179702866e+02
5.469294193294196020e+02
5.470539513776411695e+02
5.471954962414041574e+02
5.473436431298435991e+02
5.474836834199346640e+02
5.476049680890936315e+02
5.476932809954053027e+02
5.477398760552352996e+02
5.477335682744039786e+02
5.476676928785961991e+02
5.475357974803562229e+02
5.473315793778838270e+02
5.470531186904112246e+02
5.466891497625489365e+02
5.462475628256390792e+02
5.457206171131754218e+02
5.451099739066958136e+02
5.444166826698158275e+02
5.436428266951145361e+02
5.427938935450637246e+02
5.418724190498559210e+02
5.408869313665762775e+02
5.398411391816555351e+02
5.387443193665492345e+02
5.376021818882620664e+02
5.364227732371233515e+02
5.352138531671340616e+02
5.339812395031168535e+02
5.327337932136202880e+02
5.314755242441445944e+02
5.302147006791992681e+02
5.289544334706222344e+02
5.277009644433643416e+02
5.264568734416997131e+02
5.252260070518697148e+02
5.240101868434376229e+02
5.228109290094405424e+02
5.216024734818848856e+02
5.204395985107382785e+02
5.192911131954905386e+02
5.181544427463969669e+02
5.170296235981244308e+02
5.159141918829435554e+02
5.148082973488419611e+02
5.137107595320369455e+02
5.126223371710167385e+02
5.115434657604404833e+02
5.104765227468782882e+02
5.094236025610114780e+02
5.083890683122888845e+02
5.073773389168260337e+02
5.063939554741697293e+02
5.054466087406353836e+02
5.045411577653326844e+02
5.036882869544794517e+02
5.028947736270526434e+02
5.021727646525906152e+02
5.015316943909684255e+02
5.009839176368889184e+02
5.005433663584576038e+02
5.002224145004478260e+02
5.000318207806072337e+02
4.999975633407840405e+02
5.001457985926779202e+02
5.004922370698988061e+02
5.010555043156018087e+02
5.018506363027474322e+02
5.028820463208373326e+02
5.041547655934558634e+02
5.056493046864463281e+02
5.073458679648668976e+02
5.091972540495808630e+02
5.111520571165045794e+02
5.131413047251604667e+02
5.150952920732908069e+02
5.169425350621420421e+02
5.186207284762891732e+02
5.200815227028457457e+02
5.212886926274837833e+02
5.222319150945506863e+02
5.229044957697059317e+02
5.233269523350174950e+02
5.235160148898273746e+02
5.235044202129935229e+02
5.233223457146817736e+02
5.229843111447620458e+02
5.225346534138966490e+02
5.220044934129341527e+02
5.214223946277214736e+02
5.208091679375049807e+02
5.201866991994360205e+02
5.195727414981547554e+02
5.189860858127663050e+02
5.184440201608935013e+02
5.179668366270644810e+02
5.175756866591451626e+02
5.172933284966430847e+02
5.171482003227988571e+02
5.171620166576983593e+02
5.173635196702982739e+02
5.177661108760707975e+02
5.183763389013432743e+02
5.191840676706150361e+02
5.201511791568390208e+02
5.212226779222426103e+02
5.223175841341475234e+02
5.233398758872757526e+02
5.241916459950150511e+02
5.247853209592369694e+02
5.250421283911001638e+02
5.249348758813956692e+02
5.244419302085084382e+02
5.235806565618690911e+02
5.223846508805658004e+02
5.208960929972311078e+02
5.191765516705471555e+02
5.172783514371577667e+02
5.152615159077799944e+02
5.131792067836677234e+02
5.110798747856504747e+02
5.090068963411406457e+02
5.069989814464179290e+02
5.050845801057155313e+02
5.032911062025614797e+02
5.016343157071620453e+02
5.001238643097578347e+02
4.987652104966528555e+02
4.975490163195264586e+02
4.964665632368527213e+02
4.954956732510145798e+02
4.946116625393804611e+02
4.937862794051971491e+02
4.929873123999373661e+02
4.921933796989822554e+02
4.913713715634625032e+02
4.904950880486508140e+02
4.895483930502428507e+02
4.885214580206647383e+02
4.874075592062081910e+02
4.862105500406545389e+02
4.849333669209327127e+02
4.835869784025378522e+02
4.821830289699339005e+02
4.807342696314537989e+02
4.792561979140234598e+02
4.777625919257446867e+02
4.762678929058646986e+02
4.747859990770649574e+02
4.733293029265096266e+02
4.719091417841865450e+02
4.705373024684192842e+02
4.692213774006187919e+02
4.679719360582448644e+02
4.667946795271747646e+02
4.656961135374825744e+02
4.646828303909676379e+02
4.637563623282777030e+02
4.629239767822849103e+02
4.621825294818920611e+02
4.615340023971580194e+02
4.609784936947461915e+02
4.605128842047122362e+02
4.601384134358543747e+02
4.598490514237726074e+02
4.596446254472569422e+02
4.595210463617823393e+02
4.594758186426045654e+02
4.595104463120764535e+02
4.596238645168565427e+02
4.598246811484967793e+02
4.601198198080340944e+02
4.605258019861500998e+02
4.610654206415460976e+02
4.617633291964813793e+02
4.626624330615044300e+02
4.637950228913254591e+02
4.652129300204649667e+02
4.669540108366277309e+02
4.690469887830946618e+02
4.715162519281473124e+02
4.743329907264846952e+02
4.774349841103091308e+02
4.807344721961297296e+02
4.841156396085521010e+02
4.874353793265962054e+02
4.905521665065470529e+02
4.933241843380041587e+02
4.956700448966109889e+02
4.975215351231358341e+02
4.988623763154615176e+02
4.997183570353365667e+02
5.001139076406132062e+02
5.001248945465733300e+02
4.998034865436086989e+02
4.992229466489081346e+02
4.984475191075212592e+02
4.975311868141918126e+02
4.965294579120723597e+02
4.954814309481081409e+02
4.944203653026867755e+02
4.933677778079172640e+02
4.923344559178543705e+02
4.913200052425029867e+02
4.903146810100873267e+02
4.892998814002745007e+02
4.882336198711259954e+02
4.870996658720531514e+02
4.858761815692570849e+02
4.845359588085250948e+02
4.830640857049886563e+02
4.814401593743555736e+02
4.796621784961683375e+02
4.777276156902775597e+02
4.756388801201920273e+02
4.734102673283467766e+02
4.710480555134986389e+02
4.685728350206027812e+02
4.659975683360476637e+02
4.633391077794707371e+02
4.606143736045393666e+02
4.578361034822271449e+02
4.550200873957471117e+02
4.521777969671069854e+02
4.493207934839529685e+02
4.464592628378954942e+02
4.436024564898165750e+02
4.407581402635578911e+02
4.379358745764487821e+02
4.351414782759458149e+02
4.324465831012918784e+02
4.298203516447483707e+02
4.272485841667653972e+02
4.247408199496412067e+02
4.223010860829981539e+02
4.199399902477907176e+02
4.176647600146963555e+02
4.154840594223495032e+02
4.134117531339242646e+02
4.114541514330017549e+02
4.096303136998438958e+02
4.079488504296996894e+02
4.064270915040718251e+02
4.050828496358687971e+02
4.039279710247732282e+02
4.029898411450577669e+02
4.022768417509411734e+02
4.018124592496715763e+02
4.016112364399876924e+02
4.016836181206749075e+02
4.020474460610468554e+02
4.026987862607032298e+02
4.036447290587407224e+02
4.048747194150051314e+02
4.057649812030705334e+02
4.065178520031892049e+02
4.072628183774310173e+02
4.079549361295057679e+02
4.085565961974147058e+02
4.090301109462820364e+02
4.093445532499596879e+02
4.094819548090257513e+02
4.094157404121937134e+02
4.091481140843214916e+02
4.086676742635283404e+02
4.079802790836735653e+02
4.070934862347075409e+02
4.060105382561897613e+02
4.047515950413275050e+02
4.033221039959623795e+02
4.017416735435082273e+02
4.000238656685052661e+02
3.981806496938359032e+02
3.962315134829817111e+02
3.941833731497339386e+02
3.920555057490831814e+02
3.898568425559969910e+02
3.876000286111127480e+02
