nan
3.031877674460743037e+02
3.029901147794467988e+02
3.028287913982478017e+02
3.027032615164111462e+02
3.026134155299879467e+02
3.025618269985824895e+02
3.025482359590687338e+02
3.025768065406653022e+02
3.026494378408786474e+02
3.027698475001761835e+02
3.029435199403499723e+02
3.031726598016043113e+02
3.034652577777319493e+02
3.038229531802294900e+02
3.042511625831631363e+02
3.047534511120833258e+02
3.053292809072431737e+02
3.059829314187497289e+02
3.067077871517336121e+02
3.075019869969816568e+02
3.083572648276514201e+02
3.092636295754600155e+02
3.102109497921820207e+02
3.111845606454967879e+02
3.121665014938685658e+02
3.131405642899578652e+02
3.140980545158623727e+02
3.150302513095094810e+02
3.159326437757445660e+02
3.168006421481783832e+02
3.176369309838926256e+02
3.184446631444541254e+02
3.192328689772523944e+02
3.200119816353274587e+02
3.207972632898611209e+02
3.216027235688476367e+02
3.224464637544264747e+02
3.233440175814275221e+02
3.243102172901998301e+02
3.253615109982172271e+02
3.265048608104784194e+02
3.277552438424863226e+02
3.291140788342179917e+02
3.305887381744118443e+02
3.321813188574418518e+02
3.338890538775086725e+02
3.357132520377825813e+02
3.376395138100837130e+02
3.396613242877069752e+02
3.417767803390535732e+02
3.439442957854968199e+02
3.461073203625953170e+02
3.482074764491894143e+02
3.501748039578468479e+02
3.519544362959907744e+02
3.534920803788791659e+02
3.547459021210783590e+02
3.557006020931051467e+02
3.563318302792203554e+02
3.566579209024526449e+02
3.566835062468105093e+02
3.564335621203844653e+02
3.559386026008302792e+02
3.552185806583875660e+02
3.543140030040827924e+02
3.532461411188328384e+02
3.520466258505898622e+02
3.507397263628209316e+02
3.493458492161225877e+02
3.478877953312480145e+02
3.463802535420711592e+02
3.448400577448667264e+02
3.432738431804615402e+02
3.417052875582135698e+02
3.401434606645769918e+02
3.385963257164078755e+02
3.370698731648323019e+02
3.355706793851704219e+02
3.341032123017639037e+02
3.326719340190433059e+02
3.312820491949204893e+02
3.299358610776300793e+02
3.286391502262627000e+02
3.273940623416199287e+02
3.262050414946174897e+02
3.250765608392513286e+02
3.240106595617941707e+02
3.230143191033662902e+02
3.220882937426117678e+02
3.212387827461746497e+02
3.204683699563016717e+02
3.197793911777835092e+02
3.191770073660197795e+02
3.186593327874871306e+02
3.182302075587961099e+02
3.178865152183197438e+02
3.176023211665089434e+02
3.173970104821231644e+02
3.172614977162515970e+02
3.171906745778065897e+02
3.171728453833513299e+02
3.171977728643856267e+02
3.172537329185698241e+02
3.173271354828158906e+02
3.174054371302254367e+02
3.174758692518814200e+02
3.175255257254336811e+02
3.175441703192017258e+02
3.175221264419595855e+02
3.174505284312505751e+02
3.173252759686552622e+02
3.171399390537654313e+02
3.168943062105457784e+02
3.165871477388821518e+02
3.162188944855527666e+02
3.157936582173886677e+02
3.153127207421413232e+02
3.147823926899444587e+02
3.142064141764297460e+02
3.135903055076747705e+02
3.129950958874690627e+02
3.123783950323017962e+02
3.117458537767443545e+02
3.111010390356699418e+02
3.104482496978559425e+02
3.097910583556624715e+02
3.091326787063580923e+02
3.084761265201607898e+02
3.078242418760700616e+02
3.071791420215571975e+02
3.065430370265896727e+02
3.059178272065922215e+02
3.053046437575245591e+02
3.047054637371440435e+02
3.041206038460395007e+02
3.035514449389472134e+02
3.029983532588919388e+02
3.024614860494472168e+02
3.019416846150610354e+02
3.014381984552039739e+02
3.009516506009473460e+02
3.004813706990229321e+02
3.000271876943136249e+02
2.995892670732266083e+02
2.992452193860773946e+02
2.989130002423425481e+02
2.985923818896746411e+02
2.982846181216781360e+02
2.979918570359849355e+02
2.977165831460588379e+02
2.974649146698911295e+02
2.972431585700002188e+02
2.970623728286308847e+02
2.969378442448345936e+02
2.968862813508210934e+02
2.969372960555931513e+02
2.971143525310670270e+02
2.974537653982852703e+02
2.979846024368374060e+02
2.987247229649649398e+02
2.996876742597574435e+02
3.008419689590537018e+02
3.021531949730361930e+02
3.035518918181112440e+02
3.049828766859875486e+02
3.063885124773679536e+02
3.077442691860499053e+02
3.090295569791794605e+02
3.102143496314120625e+02
3.113054042774493269e+02
3.122861737523656984e+02
3.131489501804106226e+02
3.138694909631736891e+02
3.144428345372722333e+02
3.148505460537768386e+02
3.150940014124411164e+02
3.151710238807436895e+02
3.150868936789826193e+02
3.148564302375366424e+02
3.144880488331189099e+02
3.140065335357720642e+02
3.134247849548897875e+02
3.127664003547606626e+02
3.120489941894301182e+02
3.112889168045321640e+02
3.105036792732767026e+02
3.097044399285906024e+02
3.089045471640471874e+02
3.081126295045268080e+02
3.073369686487226318e+02
3.065840952270632442e+02
3.058592104895046191e+02
3.051478860981232515e+02
3.044770352223678174e+02
3.038507265830916140e+02
3.032725051351779371e+02
3.027468535682808124e+02
3.022783646760311171e+02
3.018731037494084717e+02
3.015384596929756640e+02
3.012839991285479755e+02
3.011210638325144942e+02
3.010649774111931833e+02
3.011307139370829304e+02
3.013367452922022380e+02
3.017001360016975582e+02
3.022332452066315227e+02
3.029473498987082962e+02
3.038411984913639117e+02
3.049073814611248281e+02
3.061354768181060990e+02
3.075013348171611938e+02
3.089876396509311576e+02
3.105685307446482852e+02
3.122101650467510581e+02
3.138820594875327288e+02
3.155974327164911415e+02
3.172329391800067242e+02
3.187418212519555141e+02
3.200797707717338199e+02
3.212241125419674859e+02
3.221646993903236762e+02
3.228998901308486893e+02
3.234529186817866844e+02
3.238371033424079997e+02
3.240838794131613554e+02
3.242149457767122840e+02
3.242535498376872738e+02
3.242215454158714465e+02
3.241330089099766383e+02
3.240032578136828079e+02
3.238401506877979159e+02
3.236505288208915090e+02
3.234380574891847573e+02
3.232034549158982486e+02
3.229464396624737788e+02
3.226650244553986795e+02
3.223568191280357382e+02
3.220200217761077397e+02
3.216547840678665011e+02
3.212289196962496476e+02
3.207848460190151627e+02
3.203225431333246433e+02
3.198438697060237814e+02
3.193495441861277300e+02
3.188423616580462294e+02
3.183236380140290294e+02
3.177959184738571707e+02
3.172615766100666406e+02
3.167218043763073183e+02
3.161786833956260239e+02
3.156329812838464477e+02
3.150856021682661208e+02
3.145376757253968094e+02
3.139890529521103417e+02
3.134410806328644981e+02
3.128941080612137853e+02
3.123489814181943416e+02
3.118073653419716607e+02
3.112699518199275417e+02
3.107391446250687181e+02
3.102163009757728105e+02
3.097034359665794341e+02
3.092074971572881168e+02
3.086896414950952021e+02
3.081908717764414973e+02
3.077129857252965621e+02
3.072578776693310942e+02
3.068277933049430430e+02
3.064232603456948709e+02
3.060459538355499376e+02
3.056957652102017278e+02
3.053728419521930277e+02
3.050767842241992867e+02
3.048060976320368809e+02
3.045598139741667865e+02
3.043353870110474872e+02
3.041310529165404546e+02
3.039438256597895816e+02
3.037713142254930858e+02
3.036106100755405350e+02
3.034589428938170954e+02
3.033141866943563514e+02
3.031735781647818726e+02
3.030360231050256061e+02
3.028994418263832813e+02
3.027636985608422719e+02
3.026418227146390336e+02
3.025116233992733328e+02
3.023861191042315681e+02
3.022674392548079823e+02
3.021608692441304242e+02
3.020723343064766482e+02
3.020121352580469534e+02
3.019952645195828040e+02
3.020417490810839354e+02
3.021864255535045913e+02
3.024727810631907232e+02
3.029737699004240312e+02
3.037882315841190461e+02
3.050462404224030024e+02
3.069408507289307977e+02
3.096496718108498385e+02
3.133945517751194529e+02
3.182721599805944948e+02
3.242283663321344989e+02
3.310007121445387384e+02
3.380708192046150771e+02
3.448256490628422171e+02
3.507659297587475180e+02
3.555780310150903460e+02
3.590775518975852947e+02
3.613352852014646714e+02
3.626739517320916661e+02
3.633254880021166855e+02
3.634381512215370549e+02
3.631439078526854018e+02
3.625354271037066951e+02
3.616749887529657030e+02
3.606145702842130163e+02
3.593903614526205956e+02
3.580321518194951409e+02
3.565659983133934361e+02
3.550144893385960359e+02
3.533961256574526146e+02
3.517300754585042455e+02
3.500295769412727509e+02
3.483095226670501461e+02
3.465813789973286134e+02
3.448545633198669975e+02
3.431393662751678448e+02
3.414416595951290105e+02
3.397690720591261879e+02
3.381266648847641818e+02
3.365189035670338740e+02
3.349059030543197082e+02
3.332669607145434725e+02
3.316883038069981353e+02
3.301760176266251960e+02
3.287426448383538400e+02
3.274076739009173025e+02
3.262061421636769296e+02
3.251989369965035053e+02
3.244828474470812125e+02
3.242243707069920333e+02
3.246304997667390353e+02
3.259841102020810126e+02
3.284786890950216502e+02
3.321951738514176782e+02
3.371389026182444013e+02
3.432531376178611140e+02
3.504584549928152342e+02
3.584826017173242576e+02
3.667641623009797058e+02
3.747150344049377964e+02
3.818151803972028802e+02
3.876566346550707181e+02
3.920868366009651709e+02
3.950835861720387925e+02
3.965855107336766423e+02
3.969396474997090536e+02
3.963751477845809177e+02
3.951194759612519647e+02
3.933766742829678833e+02
3.912917341223072754e+02
3.889902695952079625e+02
3.865541308350192367e+02
3.840435996826619771e+02
3.815023966861446638e+02
3.789571114734935122e+02
3.764287593420888243e+02
3.739303172959879475e+02
3.714705803124155636e+02
3.690572018392839482e+02
3.666940755759454760e+02
3.643863090176038781e+02
3.621377385222614294e+02
3.599526648414196757e+02
3.578380526910103754e+02
3.558003245824511964e+02
3.538518430418461662e+02
3.520066978857333879e+02
3.502854074679063956e+02
3.487145183063286709e+02
3.473864986915752979e+02
3.462983927417140535e+02
3.455041416392850238e+02
3.450770728525307049e+02
3.450950569610100160e+02
3.456176070493713723e+02
3.467089533070543439e+02
3.483560031640103603e+02
3.505324717686300460e+02
3.531526134679591564e+02
3.561300463021220253e+02
3.593847549399350783e+02
3.628664655757301603e+02
3.665425975696117575e+02
3.703811734285690704e+02
3.743486572971041824e+02
3.783839381543712648e+02
3.824298464589038531e+02
3.864066657902489510e+02
3.902576516992961615e+02
3.939186016345434496e+02
3.973518941884101423e+02
4.005235112246453468e+02
4.033558268930561894e+02
4.058495699568510418e+02
4.080183574772303245e+02
4.098721293032887161e+02
4.114008379576945913e+02
4.126166884388490530e+02
4.135219174434760703e+02
4.141224631323639187e+02
4.144324281831646886e+02
4.144632424805599271e+02
4.142362996366876473e+02
4.137762356469543761e+02
4.131077044140758403e+02
4.122609028437214533e+02
4.112627920521916280e+02
4.101414895184333318e+02
4.089243638376890999e+02
4.076361764398569107e+02
4.063021979398326948e+02
4.049448686974415068e+02
4.035888891500105728e+02
4.022544322120327820e+02
4.009666083475673872e+02
3.997418815852305443e+02
3.986747118111778718e+02
3.976890236471481330e+02
3.968384690248653328e+02
3.961338738815531428e+02
3.955570176695652549e+02
3.950906492671431351e+02
3.946892832173393799e+02
3.943067633620989341e+02
3.938876300184669503e+02
3.933893775746654455e+02
3.927754334139048069e+02
3.920304144776871453e+02
3.911458026181363721e+02
3.901189212295763014e+02
3.889554545474835550e+02
3.876531949043955478e+02
3.862266838520330339e+02
3.846814634879431765e+02
3.830359982929383591e+02
3.813069985218115221e+02
3.795113656414586671e+02
3.776699595268801772e+02
3.757972078503480020e+02
3.739106270883489742e+02
3.721990411730373012e+02
3.704948687488557084e+02
3.688164394595449949e+02
3.671722252933905111e+02
3.655680499969799371e+02
3.640106803805336995e+02
3.624999212606518313e+02
3.610375404428273214e+02
3.596204510569529020e+02
3.582442332253976360e+02
3.569044700776670425e+02
3.555934927210614092e+02
3.543071987787043895e+02
3.530390967052460951e+02
3.517873361406310551e+02
3.505490457063694976e+02
3.493250640624119683e+02
3.481165997202783728e+02
3.469252175016113711e+02
3.457546452392030005e+02
3.446056925562010633e+02
3.434815603785144731e+02
3.423823447641260600e+02
3.413089088711727754e+02
3.403564261333046375e+02
3.394546817513246992e+02
3.385726562394778512e+02
3.377073504058130311e+02
3.368585049217165874e+02
3.360236517171893524e+02
3.352018972076453451e+02
3.343925712103736032e+02
3.335935659918022225e+02
3.328053183776887067e+02
3.320252834619751638e+02
3.312538763348573525e+02
3.304893404826332244e+02
3.297307211823853663e+02
3.289776144694439495e+02
3.282277074171140612e+02
3.274813832875075263e+02
3.267360029764327010e+02
3.259917396429572705e+02
3.252470515010633108e+02
3.245009659688838042e+02
3.237532707576820030e+02
3.230021363405652437e+02
3.222481544028115081e+02
3.215192100390840437e+02
3.208165348359282234e+02
3.201063327914156957e+02
3.193883106646866850e+02
3.186629028416290339e+02
3.179292692271726537e+02
3.171885605729818849e+02
3.164402035465897711e+02
3.156853511361425149e+02
3.149243762145517280e+02
3.141578930683329531e+02
3.133871868660893938e+02
3.126126206725168686e+02
3.118359586588963452e+02
3.110578837608381377e+02
3.102800266058483771e+02
3.095036374290522758e+02
3.087300185456120971e+02
3.079608754906552690e+02
3.071974286932015730e+02
3.064415761457233316e+02
3.056945887569617071e+02
3.049583968635141673e+02
3.042344024682227541e+02
3.035311254501962708e+02
3.028571317842141752e+02
3.021981650132432833e+02
3.015563756225500356e+02
3.009333983918809849e+02
3.003315515660996766e+02
2.997523418292604447e+02
2.991979578626987859e+02
2.986700389470752839e+02
2.981702562506884533e+02
2.977005733681144193e+02
2.972621148222827401e+02
2.968567929581174099e+02
2.964854039404618220e+02
2.961493534583516976e+02
2.958495063102433278e+02
2.955864994963627055e+02
2.953611128391931970e+02
2.951731926080402673e+02
2.950231766197730394e+02
2.949104914315759061e+02
2.948349186838262312e+02
2.947956872861386728e+02
2.947917767799966100e+02
2.948201402217451914e+02
2.948848982348704340e+02
2.949776858321972668e+02
2.950966543933998878e+02
2.952404625220112280e+02
2.954074433536410993e+02
2.955961757468271003e+02
2.958055825346059464e+02
2.960345569428227464e+02
2.962826997807615044e+02
2.965498589902354638e+02
2.968365140188861915e+02
2.971443122659437108e+02
2.974754722776634708e+02
2.978345828701876030e+02
2.982283089433149144e+02
2.986667150863302140e+02
2.991682391256018150e+02
2.997573760548710311e+02
3.004814779341236886e+02
3.014123567761845948e+02
3.026671462681300682e+02
3.044568742178361731e+02
3.070500831203345342e+02
3.109570120709556136e+02
3.165513144875518492e+02
3.242021882812316562e+02
3.338549920040616144e+02
3.445697009105055031e+02
3.549260473938177824e+02
3.639110974569480845e+02
3.712829478693191732e+02
3.771670611243943654e+02
3.818519932576864448e+02
3.854714122359608268e+02
3.881845829855326997e+02
3.900481095112153298e+02
3.912147019577233777e+02
3.917770230433165466e+02
3.918616863503759760e+02
3.915563732823648593e+02
3.909284894316727446e+02
3.900409286554292407e+02
3.889252436672417161e+02
3.876233513803219921e+02
3.861534734759306957e+02
3.845427188600550039e+02
3.828065243840750327e+02
3.811408388193138421e+02
3.792632429406604615e+02
3.773106912094145855e+02
3.752997057262965654e+02
3.732387439805603435e+02
3.711417319246006059e+02
3.690165510961616633e+02
3.668726425343445499e+02
3.647181577295145303e+02
3.625585878342372439e+02
3.604013535998592488e+02
3.582499783778650908e+02
3.561098850240394995e+02
3.539840924468904291e+02
3.518757680831668608e+02
3.497876929598099309e+02
3.477215080076700247e+02
3.456795692061134559e+02
3.436628235020093598e+02
3.416730024570866249e+02
3.397108373180697640e+02
3.377774258120138029e+02
3.358735806040190823e+02
3.339998878719659956e+02
3.322783174885662447e+02
3.305533497797455880e+02
3.288645895966091075e+02
3.272120303754599604e+02
3.255963194137856931e+02
3.240178350109453049e+02
3.224767387036491755e+02
3.209739331799695492e+02
3.195092339802019978e+02
3.180835682844798384e+02
3.166969565631791852e+02
3.153498007341289622e+02
3.140426874880089372e+02
3.127753907448378641e+02
3.115487743083598389e+02
3.103624958708373356e+02
3.092170054773239940e+02
3.081124734089145250e+02
3.070485942644642705e+02
3.060259898689230340e+02
3.050440656515129945e+02
3.041032273960152565e+02
3.032033845706782813e+02
3.023442302768427226e+02
3.015971196991145007e+02
3.008937385046764348e+02
3.002312563468263988e+02
2.996091526195102119e+02
2.990272807970158055e+02
2.984862228216677522e+02
2.979856929810394490e+02
2.975272934692641229e+02
2.971116553957028259e+02
2.967412120289292830e+02
2.964188906946931183e+02
2.961484937398895454e+02
2.959369040440864751e+02
2.957914577809660841e+02
2.957268495790366387e+02
2.957621102459300459e+02
2.959399737815625144e+02
2.963509260914863717e+02
2.972364795684823662e+02
2.992842031749379430e+02
3.041496923131393828e+02
3.157148763604769215e+02
3.374412183063001294e+02
3.663977166279238418e+02
3.918194342041304026e+02
4.094173139784587079e+02
4.214090852561231486e+02
4.316444539109655238e+02
4.412018756764225031e+02
4.500125922125014881e+02
4.582480071396354901e+02
4.658177703861430814e+02
4.720901400325466284e+02
4.764071817078423123e+02
4.785489368890560513e+02
4.786977919166392894e+02
4.771436825021142454e+02
4.744451875584458662e+02
4.710900301929517013e+02
4.673865834106085231e+02
4.635115815835505373e+02
4.595160010255311818e+02
4.554219131770659033e+02
4.512578443496670388e+02
4.470585143260165637e+02
4.428699505081301595e+02
4.387233312983271958e+02
4.346408000938895384e+02
4.306228591506060752e+02
4.267543478863524911e+02
4.229753383223572314e+02
4.192842340338225426e+02
4.156813893953589059e+02
4.121666686186404718e+02
4.087383609639079509e+02
4.053974599412738371e+02
4.021414176545312671e+02
3.989707414541708772e+02
3.958837009239792337e+02
3.928790418197390863e+02
3.899563250016934148e+02
3.871127136782179718e+02
3.843482803029397701e+02
3.816599164853369075e+02
3.790467171628561118e+02
3.765064818178943824e+02
3.740366728987455645e+02
3.716361994772138928e+02
3.693014203127125370e+02
3.670313879791366958e+02
3.648227343846949111e+02
3.626734822981111392e+02
3.605789296311635326e+02
3.585881466927395422e+02
3.566501186986082530e+02
3.547610566793524640e+02
3.529194656552072615e+02
3.511224386062355620e+02
3.493675304201876202e+02
3.476533609478071867e+02
3.459770775863098038e+02
3.443381855092900423e+02
3.427349021492443626e+02
3.411666403424230225e+02
3.396337917344272910e+02
3.381360395862626547e+02
3.366756287864472483e+02
3.352541060454257718e+02
3.338746838268473311e+02
3.325425927251857274e+02
3.312626275873302575e+02
3.300443107125675510e+02
3.288972632688496560e+02
3.278353020209370925e+02
3.268786752742344106e+02
3.260477612908326250e+02
3.253683854601395069e+02
3.249066217056661685e+02
3.246920979054644363e+02
3.247911166787586126e+02
3.252598910537319625e+02
3.261789544025363057e+02
3.275749745469669847e+02
3.294545240941062048e+02
3.317433947995223207e+02
3.342987572213435215e+02
3.369380619598134672e+02
3.394902426606156496e+02
3.418402927811083032e+02
3.439377437178042101e+02
3.458083787601486279e+02
3.474759430872200596e+02
3.490096184066258616e+02
3.504382354989989494e+02
3.518051781170206596e+02
3.531298277848285920e+02
3.544256771220474889e+02
3.557052733803000706e+02
3.569650910474957186e+02
3.582122864451279725e+02
3.595339331333069026e+02
3.607441801434758872e+02
3.619098471973145479e+02
3.630265763256858804e+02
3.640896566895833644e+02
3.650898342033287349e+02
3.660256882524343496e+02
3.668869552836479784e+02
3.676735188424954117e+02
3.683791252813593360e+02
3.690024569840484219e+02
3.695438844838682257e+02
3.700004765314201904e+02
3.703780014473346682e+02
3.706742096021262114e+02
3.708957488658419948e+02
3.710438700808282420e+02
3.711222453430371502e+02
3.711357228099102485e+02
3.710843440924833203e+02
3.709742783008776996e+02
3.708036852326084158e+02
3.705772555978475680e+02
3.702936420842365806e+02
3.699834290362551315e+02
3.695664573864652311e+02
3.690999502189455939e+02
3.685882089442893630e+02
3.680285118288169883e+02
3.674251884044750227e+02
3.667768310410520485e+02
3.660851029192515398e+02
3.653512590029868079e+02
3.645741794696249940e+02
3.637569109731460912e+02
3.628977648773067699e+02
3.619998166833038340e+02
3.610631141624294287e+02
3.600896247359330005e+02
3.590815574308326177e+02
3.580401674249835082e+02
3.569689050910873220e+02
3.558692543863796232e+02
3.547447918295613363e+02
3.535976769579675079e+02
3.524309276353333757e+02
3.512472147023987645e+02
3.500490846125331359e+02
3.488389169111773640e+02
3.476592816061121880e+02
3.464707681535926440e+02
3.452750441117302671e+02
3.440745826703595185e+02
3.428712605256771440e+02
3.416669662108811281e+02
3.404638658467528103e+02
3.392632540403059238e+02
3.380672474658616125e+02
3.368769648676936299e+02
3.356939989653338898e+02
3.345197161135546366e+02
3.333550130235057054e+02
3.322014041021786852e+02
3.310594434753008954e+02
3.299303615594988628e+02
3.288148523422557332e+02
3.277135616346054121e+02
3.266274247603947742e+02
3.255566684278471712e+02
3.245021818659345740e+02
3.234641763496577482e+02
3.224431283128727728e+02
3.214339456071248264e+02
3.204619748601907645e+02
3.195086264198328081e+02
3.185734265244707331e+02
3.176565966909484473e+02
3.167578294128855418e+02
3.158769162096048149e+02
3.150139232466871704e+02
3.141682716003232372e+02
3.133401424194832430e+02
3.125290088012135925e+02
3.117347630048398628e+02
3.109573162455145621e+02
3.101961183061018801e+02
3.094514687061399627e+02
3.087227284048464071e+02
3.080101382743694671e+02
3.073134838288619903e+02
3.066326364846171373e+02
3.059680196715848979e+02
3.053193293184509116e+02
3.046873057931562698e+02
3.040720518227142293e+02
3.034742886904267039e+02
3.028954075293249275e+02
3.023614757466712604e+02
3.018476272284993911e+02
3.013553276815561617e+02
3.008873345828648667e+02
3.004468621831118753e+02
3.000375471251170438e+02
2.996652878035347953e+02
2.993357786784840187e+02
2.990582684175567465e+02
2.988430137945681508e+02
2.987034812291583989e+02
2.986579117547209989e+02
2.987254789306879275e+02
2.989352937730507165e+02
2.993152421392908309e+02
2.999036180701443186e+02
3.007388605885868742e+02
3.018560748798953455e+02
3.032952112597010341e+02
3.050665499676267132e+02
3.071777645495795355e+02
3.095917186920138420e+02
3.122505361838418025e+02
3.150465060181003309e+02
3.178480326566333929e+02
3.205752331356728746e+02
3.231419849009596419e+02
3.254757187737276354e+02
3.275315128953647559e+02
3.292881840142192118e+02
3.307297296152613058e+02
3.318675800698352418e+02
3.327047810595572059e+02
3.332629457951773588e+02
3.335625065886586071e+02
3.336247308740630615e+02
3.334798577797678263e+02
3.331501598578414018e+02
3.326645737481835567e+02
3.320470773352499236e+02
3.313207657954361594e+02
3.305082585553140007e+02
3.296280690877807729e+02
3.286989541484429651e+02
3.277372372070606161e+02
3.267586514331470084e+02
3.257789003206236771e+02
3.247962066000716845e+02
3.238463324439679809e+02
3.229565106413939475e+02
3.221548254600261885e+02
3.214770808289404158e+02
3.209760930553367189e+02
3.207098743403875005e+02
3.207649173745360827e+02
3.212318046085883338e+02
3.222076646430826941e+02
3.237865073252564230e+02
3.259938043002271684e+02
3.288170173048063134e+02
3.321351999422811332e+02
3.358020653066124623e+02
3.396128036659818576e+02
3.434071224788095833e+02
3.470106509542147819e+02
3.503024625712964735e+02
3.531677804696184921e+02
3.555345513128635844e+02
3.573529767306818599e+02
3.586162531024016857e+02
3.593494523022166618e+02
3.596163306721218191e+02
3.594171047046951912e+02
3.588548424046715581e+02
3.580038869261575201e+02
3.569181605417911101e+02
3.556477324570322480e+02
3.542364148190287665e+02
3.527149596904368991e+02
3.511139130358641296e+02
3.494530818034926938e+02
3.477520852973724459e+02
3.460245663311201838e+02
3.442833461703562534e+02
3.425379905738580533e+02
3.407971624957917243e+02
3.390679249452988415e+02
3.373559195169310669e+02
3.356668722483754550e+02
3.340045559964081008e+02
3.323735956510352594e+02
3.307766710764439608e+02
3.292171771425905717e+02
3.276976526290357015e+02
3.262202478905311409e+02
3.247908758448954245e+02
3.233818909720585566e+02
3.220269852175753726e+02
3.207274209635083366e+02
3.194850757236921481e+02
3.183015093260479489e+02
3.171773959397087879e+02
3.161140987469311767e+02
3.151110806039893077e+02
3.141684482911788336e+02
3.132849306519631796e+02
3.124586562831423180e+02
3.116876948508186160e+02
3.109682184475302620e+02
3.102974761346491164e+02
3.096710181120194534e+02
3.090847276249398874e+02
3.085346913524084584e+02
3.080157159997813210e+02
3.075245378690590883e+02
3.070564543182802595e+02
3.066078364209573692e+02
3.061755400345713269e+02
3.057555750560673005e+02
3.053331309083390011e+02
3.049604813009495388e+02
3.045911578768970571e+02
3.042234495047573546e+02
3.038553574754687361e+02
3.034863087327000812e+02
3.031150206090084112e+02
3.027412134281693739e+02
3.023647464539054113e+02
3.019854434559629226e+02
3.016040879172193172e+02
3.012211251773747449e+02
3.008378724076263779e+02
3.004557746210721803e+02
3.000769135844366247e+02
2.997040105579565648e+02
2.993405268855119061e+02
2.989912021853384090e+02
2.986616833970109042e+02
2.983601802051762775e+02
2.980962342829158729e+02
2.978831919282740728e+02
2.977381233620520788e+02
2.976808896842558738e+02
2.977347728473035886e+02
2.979659343662632409e+02
2.983796768478476906e+02
2.990151314249303027e+02
2.999106447363290044e+02
3.011095589648732016e+02
3.026289681527919129e+02
3.044869572694722706e+02
3.066614388836145508e+02
3.091176053213559385e+02
3.117885772032331602e+02
3.145987690172932503e+02
3.174595313362560205e+02
3.202917643469178302e+02
3.230281769418884892e+02
3.256121475370064218e+02
3.280228731234903421e+02
3.302300676003034710e+02
3.322418594820724138e+02
3.340461942773952728e+02
3.356502608787902773e+02
3.370515398035473140e+02
3.382557955521001531e+02
3.392679147620804088e+02
3.401067062553277651e+02
3.407998508458215383e+02
3.413477953740269868e+02
3.417723238542558306e+02
3.420831704328198271e+02
3.423001618183815822e+02
3.424323393098661086e+02
3.424904807826723641e+02
3.424847358329019471e+02
3.424189341315375827e+02
3.423011786779388785e+02
3.421337282957051684e+02
3.419205256501745112e+02
3.416650134760307083e+02
3.413690909166505207e+02
3.410362004204887967e+02
3.406689678127897309e+02
3.402704121262441959e+02
3.398443226730083779e+02
3.393944832013791597e+02
3.389247636717494743e+02
3.384396794275949105e+02
3.379431126909688032e+02
3.374394537261537153e+02
3.369514975389000710e+02
3.364922704420684454e+02
3.360385636143537340e+02
3.355928156102116304e+02
3.351571936834307053e+02
3.347339215661945673e+02
3.343242422626004782e+02
3.339295630723633508e+02
3.335510047467134882e+02
3.331889325054057736e+02
3.328442722979582982e+02
3.325165905254629024e+02
3.322059138754573269e+02
3.319116843999481148e+02
3.316326977648769230e+02
3.313684643135556485e+02
3.311171305518860777e+02
3.308775917826994828e+02
3.306482534420227921e+02
3.304273293845701005e+02
3.302137505969499216e+02
3.300056228987129998e+02
3.298019749956491751e+02
3.296012829973308271e+02
3.293854900896399727e+02
3.291758551936903814e+02
3.289690683361716310e+02
3.287643209881802591e+02
3.285607659813762211e+02
3.283575950862232844e+02
3.281542191615461661e+02
3.279504443882817668e+02
3.277457725074240216e+02
3.275407576013496396e+02
3.273354680833567727e+02
3.271308206859297343e+02
3.269279374450932210e+02
3.267276172769754226e+02
3.265317460673712731e+02
3.263411518568946121e+02
3.261577360513600752e+02
3.259826626985569078e+02
3.258169238192660373e+02
3.256617181190798647e+02
3.255172262047260006e+02
3.253840064829835796e+02
3.252616701854184385e+02
3.251497301266437603e+02
3.250402280679482487e+02
3.249375846795557550e+02
3.248394146643131535e+02
3.247435600141496934e+02
3.246477001670990035e+02
3.245493018847815279e+02
3.244460781987883138e+02
3.243351726495045000e+02
3.242145625240672757e+02
3.240815322654413535e+02
3.239341707333699674e+02
3.237706022713978200e+02
3.235888394849450265e+02
3.233878681313757966e+02
3.231660157544333174e+02
3.229227534881250108e+02
3.226570915130621984e+02
3.223687529597877983e+02
3.220576630655708072e+02
3.217235583263488365e+02
3.213670235779063091e+02
3.209879495374225939e+02
3.205873372066271827e+02
3.201654275575759243e+02
3.197085468454552597e+02
3.193059161157067933e+02
3.188808425736352206e+02
3.184346476972786490e+02
3.179679690550254350e+02
3.174827236162489044e+02
3.169797236949078751e+02
3.164607859830566667e+02
3.159272988985667325e+02
3.153806027926420370e+02
3.148225928248931496e+02
3.142542476403691580e+02
3.136776245385759125e+02
3.130937801485731029e+02
3.125044376627046177e+02
3.119109799202610702e+02
3.113146811885721945e+02
3.107173445654926809e+02
3.101200620050364591e+02
3.095247884383407495e+02
3.089328410420186515e+02
3.083461622470431962e+02
3.077667481590792704e+02
3.071965635239238850e+02
3.066355397458729044e+02
3.061339158626345238e+02
3.056501905919989781e+02
3.051888718370295805e+02
3.047557239861083076e+02
3.043598926894924830e+02
3.040110925326597453e+02
3.037265799014564323e+02
3.035291586186527866e+02
3.034523194515091404e+02
3.035537031664274537e+02
3.039029439534712083e+02
3.046225788409688562e+02
3.058548689633585127e+02
3.078100977044218212e+02
3.107513902293426895e+02
3.150966482982065600e+02
3.215269064807853852e+02
3.309789897452386072e+02
3.444326646067422644e+02
3.616530640750088423e+02
3.809740043144034303e+02
3.995076353321099987e+02
4.149281880349109883e+02
4.261545413342139454e+02
4.338525878383802592e+02
4.387562145131218472e+02
4.415763615171927654e+02
4.427245668529496356e+02
4.426001118790870805e+02
4.415545298061347808e+02
4.398936941961222260e+02
4.378421117351784915e+02
4.355505923017499867e+02
4.331203672875822690e+02
4.306117058449135584e+02
4.280648357628290910e+02
4.255030973605766462e+02
4.229423750234761883e+02
4.203917488767182249e+02
4.178578688690295735e+02
4.153443135224312073e+02
4.128535849676104021e+02
4.103872896497038028e+02
4.079458639002379527e+02
4.055300647138945465e+02
4.031395193956423668e+02
4.007742907526970839e+02
3.983551652602166655e+02
3.959839982210169183e+02
3.936366122650977672e+02
3.913122297986956255e+02
3.890106817935094909e+02
3.867311235902349722e+02
3.844730926785795191e+02
3.822360217316359581e+02
3.800191641920575876e+02
3.778221648441541447e+02
3.756443266155121705e+02
3.734852345704905474e+02
3.713445595454300019e+02
3.692217304099640387e+02
3.671167545576638531e+02
3.650293064529460594e+02
3.629592892878780503e+02
3.609070293800810418e+02
3.588721742005963051e+02
3.568555627745609513e+02
3.548570796199343818e+02
3.528773072075529740e+02
3.509170114087704064e+02
3.489762851376418098e+02
3.470119487839995145e+02
3.450809185498000033e+02
3.431719961269844248e+02
3.412860538928708820e+02
3.394239872304974597e+02
3.375874527331089325e+02
3.357768309714908810e+02
3.339941273763729441e+02
3.322398567846537958e+02
3.305155509449313627e+02
3.288225341612924808e+02
3.271615274396973518e+02
3.255346011796562493e+02
3.239420507834689715e+02
3.223859273907790453e+02
3.208670042054557712e+02
3.193864850613383055e+02
3.179461173600511188e+02
3.165461599078716972e+02
3.151888954785333112e+02
3.138744192421179946e+02
3.126044385228083797e+02
3.113799102230903486e+02
3.102012883313397538e+02
3.090493265851073375e+02
3.079667998522749599e+02
3.069316468670964468e+02
3.059437340794927991e+02
3.050037522621235553e+02
3.041124321207948924e+02
3.032690461913978766e+02
3.024748198744231900e+02
3.017283966902070915e+02
3.010304110873529453e+02
3.003799175387393916e+02
2.997761602010737079e+02
2.992188975462513554e+02
2.987061830676177010e+02
2.982379147946011813e+02
2.978118546833332516e+02
2.974271821933012916e+02
2.970820732182055508e+02
2.967745914110979584e+02
2.965034781118579303e+02
2.962660315786932301e+02
2.960610793622100800e+02
2.958858593514111135e+02
2.957386692874453615e+02
2.956085244393046878e+02
2.954886946857584462e+02
2.953896991435400992e+02
2.953088658822463799e+02
2.952448937923304584e+02
2.951952394285276569e+02
2.951584782288525730e+02
2.951327047637336705e+02
2.951161699297701375e+02
2.951077270553226413e+02
2.951054724381004917e+02
2.951086776196805204e+02
2.951157868596625349e+02
2.951260530839171565e+02
2.951385675934760684e+02
2.951523914120836594e+02
2.951671867121214063e+02
2.951819514642863851e+02
2.951965239655834807e+02
2.952101590688076271e+02
2.952225214113036600e+02
2.952332294745710328e+02
2.952416537143081996e+02
2.952476487002752492e+02
2.952417238021593562e+02
2.952177658354436858e+02
2.951905210183126087e+02
2.951597257463171786e+02
2.951250620768181534e+02
2.950860769920460598e+02
2.950426992842383243e+02
2.949944342841662888e+02
2.949413850996118640e+02
2.948832915963113805e+02
2.948202840786484558e+02
2.947525852133148874e+02
2.946803643863621573e+02
2.946043253686320327e+02
2.945249074360796158e+02
2.944431184934829844e+02
2.943599817823545095e+02
2.942766761710356604e+02
2.941947972243889353e+02
2.941158383503289997e+02
2.940416523564683757e+02
2.939742438376788414e+02
2.939155035614113558e+02
2.938676922439057648e+02
2.938313521053534032e+02
2.938057179485862207e+02
2.937995286055977999e+02
2.938139542977855854e+02
2.938504713892445466e+02
2.939099517463868096e+02
2.939930377579748324e+02
2.941010722002909574e+02
2.942358204377606512e+02
2.944014310913314603e+02
2.946087044370920580e+02
2.948770901827310240e+02
2.952488968099343651e+02
2.958059758839056599e+02
2.966671452323008111e+02
2.980369749830801425e+02
2.999980118656747550e+02
3.024177255634456856e+02
3.047636431723592523e+02
3.065087686464976855e+02
3.074584015306438687e+02
3.077971765763368808e+02
3.077614578738654245e+02
3.075684210069100004e+02
3.076226768604357744e+02
3.078540438015533596e+02
3.082601460626939343e+02
3.089085225306564553e+02
3.098272136085498119e+02
3.110379373231162390e+02
3.124983448401287660e+02
3.141775861083671089e+02
3.160607622333677682e+02
3.182174590341552403e+02
3.207700292937864219e+02
3.238013195508577837e+02
3.273445842042197569e+02
3.312432136135964242e+02
3.353190576330513295e+02
3.393344650469238104e+02
3.432006164326394355e+02
3.468373705196706851e+02
3.503141278951664503e+02
3.536720309631915597e+02
3.569727606761462084e+02
3.602435359390930785e+02
3.634152843962917814e+02
3.664159667692707103e+02
3.691430923913829361e+02
3.715311201877743770e+02
3.734072085914481818e+02
3.747448757193985216e+02
3.755149000875292131e+02
3.757851055515959615e+02
3.756234496893331993e+02
3.751275677247893441e+02
3.743952148117105025e+02
3.735011463247888628e+02
3.725219125674378233e+02
3.715051424260915951e+02
3.704967075698154986e+02
3.695239818349190273e+02
3.686081979587989395e+02
3.677604146018803704e+02
3.669840800999286898e+02
3.662764312753782860e+02
3.656279665282178257e+02
3.650254581634742408e+02
3.644513901235456501e+02
3.638874713890342036e+02
3.633127079399869217e+02
3.627100854537346208e+02
3.620500212826089523e+02
3.613645395603515453e+02
3.606029664790330571e+02
3.597591769708039919e+02
3.588298010721135824e+02
3.578253967204076389e+02
3.576590797658692509e+02
3.565416954577436286e+02
3.553459836048618286e+02
3.540759955199408751e+02
3.527386895150079340e+02
3.513417120005204879e+02
3.498919405034611145e+02
3.483984457764737499e+02
3.468682466194764515e+02
3.453101045976997057e+02
3.437313068654921722e+02
3.421398407709523326e+02
3.405431437849252916e+02
3.389486274019853340e+02
3.373637638960161667e+02
3.357958580970957883e+02
3.342530161017767227e+02
3.327428400633029355e+02
3.312717282513714849e+02
3.298533090296295995e+02
3.284973616198404898e+02
3.272158155314504029e+02
3.260229880177225823e+02
3.249369411878257665e+02
3.239753425260821018e+02
3.231645072869531532e+02
3.225288263896688932e+02
3.221019160890014064e+02
3.219198593257618768e+02
3.220188626229019633e+02
3.224467297189675605e+02
3.232365739976571035e+02
3.244338660494018427e+02
3.260608643668876425e+02
3.281353904651503512e+02
3.306532205003464355e+02
3.335840875958625702e+02
3.368873521548721897e+02
3.404874038940435526e+02
3.443190785683382273e+02
3.482877077087235875e+02
3.523321588493267882e+02
3.563662019651575861e+02
3.602661341253073601e+02
3.640504528151129193e+02
3.676883674371163124e+02
3.711469774630333518e+02
3.743967136366554200e+02
3.774158466452076937e+02
3.801779825532727273e+02
3.826793508767037224e+02
3.849020291746066391e+02
3.868613185319774743e+02
3.885518723132089463e+02
3.899900175947542493e+02
3.911818298783967975e+02
3.921331526886503411e+02
3.928561430753609898e+02
3.933530713621397013e+02
3.936363294195080584e+02
3.937135095424464453e+02
3.935954377837927041e+02
3.932953927889335546e+02
3.928258904660857525e+02
3.922010895883356625e+02
3.914371563325542525e+02
3.905376966835219150e+02
3.895228660019006952e+02
3.884136072548768084e+02
3.872228745117845961e+02
3.859633791704615646e+02
3.846449646320739362e+02
3.832790075153332054e+02
3.818736847364799019e+02
3.804373088442584390e+02
3.789770312193564337e+02
3.774984354647243663e+02
3.760072889857387963e+02
3.745076986650241224e+02
3.730036888048735477e+02
3.714986645226093174e+02
3.699951668934857594e+02
3.684958221914928345e+02
3.670024956930109283e+02
3.655169098913181642e+02
3.640406864726876961e+02
3.625748321097811981e+02
3.611206006120892198e+02
3.596788046829256587e+02
3.582501730467433276e+02
3.568146890990005318e+02
3.553980199027873255e+02
3.539968025597771657e+02
3.526112882153771579e+02
3.512419442054506931e+02
3.498891600001676352e+02
3.485530496625427190e+02
3.472341102452065229e+02
3.459322798428357828e+02
3.446479502439942735e+02
3.433811512568664739e+02
3.421319236775952390e+02
3.409005171680839226e+02
3.396866539264451603e+02
3.384906289967616999e+02
3.373121629868717832e+02
3.361512306098314298e+02
3.350078378555530207e+02
3.338815385884241209e+02
3.327725260295245562e+02
3.316802535751096457e+02
3.306046992597271696e+02
3.295456421771935425e+02
3.285025938423668208e+02
3.274577082819811835e+02
3.264468557618096156e+02
3.254522555901574492e+02
3.244734391555313664e+02
3.235100953212181025e+02
3.225622124066109677e+02
3.216291442515180847e+02
3.207111050848097307e+02
3.198075371276556780e+02
3.189184577618233334e+02
3.180437575484570516e+02
3.171830387828200628e+02
3.163366275781224317e+02
3.155039847872239989e+02
3.146854589875298984e+02
3.138808051178085634e+02
3.130899748851042546e+02
3.123132205711155507e+02
3.115501423112035013e+02
3.108012153786590943e+02
3.100660743885852639e+02
3.093449704546999328e+02
3.086379493841010344e+02
3.079448352525879500e+02
3.072615735744190033e+02
3.066101257150308470e+02
3.059729620030691422e+02
3.053500542282714036e+02
3.047418862943978297e+02
3.041490134940586927e+02
3.035717290579457313e+02
3.030113473925824792e+02
3.024686994356063110e+02
3.019461230622065955e+02
3.014469760275497947e+02
3.009764562183573275e+02
3.005445214039414736e+02
3.001669847953159547e+02
2.998694554333880546e+02
2.997007949861881571e+02
2.997232444333552621e+02
3.000492688537192976e+02
3.008020133792076081e+02
3.021076510768527896e+02
3.040215199334704153e+02
3.063695645449902827e+02
3.087839502092440966e+02
3.107899625711310136e+02
3.121031534322365246e+02
3.126611274651017993e+02
3.126677244687770099e+02
3.123145476219841612e+02
3.117987278227591901e+02
3.112537541677499462e+02
3.107806621235957891e+02
3.104596975093932087e+02
3.103414058133831759e+02
3.104369342292499709e+02
3.107204910337541151e+02
3.110979714554004545e+02
3.114588490458877459e+02
3.116975957057577489e+02
3.117582775144103380e+02
3.116264653782504297e+02
3.113407734425540525e+02
3.109385436710145427e+02
3.104692086158116240e+02
3.099668343648725113e+02
3.094546357058102330e+02
3.089476879609622983e+02
3.084499488141384518e+02
3.079622593489443148e+02
3.075678916093279440e+02
3.071610239334220296e+02
3.067420255222069727e+02
3.063061645888495832e+02
3.058523629183762864e+02
3.053775479851548198e+02
3.048850735975889847e+02
3.043757464961904589e+02
3.038535384164924267e+02
3.033228849789419428e+02
3.027871194592639199e+02
3.022525552089398957e+02
3.017228004249275273e+02
3.012037501712829908e+02
3.007003730879837917e+02
3.002174802189057914e+02
2.997611566537484009e+02
2.993360170545866481e+02
2.989482650333078482e+02
2.986036427897738577e+02
2.983075523895849415e+02
2.980666252070611790e+02
2.978858154366538429e+02
2.977707591375942684e+02
2.977676636677001056e+02
2.978348848554198867e+02
2.979734855678989902e+02
2.981825233028199023e+02
2.984603885336152871e+02
2.988034146296773770e+02
2.992040851718242038e+02
2.996546787960096481e+02
3.001437999639001646e+02
3.006581623812224393e+02
3.011850453573346158e+02
3.017086402124887172e+02
3.022146775453094847e+02
3.026902226928111759e+02
3.031206871068234818e+02
3.034978529445772324e+02
3.038114357807489796e+02
3.040556603727878269e+02
3.042278253942426431e+02
3.043241862033225402e+02
3.043476482361006106e+02
3.042988751950899768e+02
3.041821141542516216e+02
3.040029673998073463e+02
3.037660636304500485e+02
3.034668469841459455e+02
3.031249477434341202e+02
3.027478175916493228e+02
3.023426467909358735e+02
3.019154739886403718e+02
3.014730887449680949e+02
3.010208955415042169e+02
3.005641679728160511e+02
3.001077421033240853e+02
2.996556652530404676e+02
2.992116633208923417e+02
2.987791682256637387e+02
2.983606507283134874e+02
2.979588098068967383e+02
2.975755753291775250e+02
2.972125732172891048e+02
2.968717890614803991e+02
2.965539602001930461e+02
2.962609300087039514e+02
2.959934210331685449e+02
2.957528021637268125e+02
2.955405769026785947e+02
2.953576987465451680e+02
2.952101689649010723e+02
2.951013666972199303e+02
2.950310505551551046e+02
2.950022964775491232e+02
2.950195514097413252e+02
2.950884807357742261e+02
2.952147652671908986e+02
2.954075180317688591e+02
2.956751819875337333e+02
2.960307884669607006e+02
2.964884486274403912e+02
2.970656630475027100e+02
2.977852338699403845e+02
2.986716513214953466e+02
2.997585520975035251e+02
3.010812662215185469e+02
3.026833059240835837e+02
3.046103551325904846e+02
3.069078092945475760e+02
3.096239736744296920e+02
3.127890147696522263e+02
3.164292350021948437e+02
3.205400397297332802e+02
3.250936678144308303e+02
3.300207343780342057e+02
3.351529465544159621e+02
3.404732284571392711e+02
3.458696373205531245e+02
3.512241407793943608e+02
3.564276026648589095e+02
3.613696906681507244e+02
3.659578189350534103e+02
3.701256988868763642e+02
3.738247910331620574e+02
3.770388263468992136e+02
3.797760924124033863e+02
3.820573062812033527e+02
3.839305597392689151e+02
3.854363330174896873e+02
3.866311501578571210e+02
3.875631067420570730e+02
3.882771941815210539e+02
3.888168300300553142e+02
3.892142133591397624e+02
3.895011048532681457e+02
3.897004272918146626e+02
3.898321986800510217e+02
3.899126913333669791e+02
3.899484658329853346e+02
3.898239308249994224e+02
3.896828251412124473e+02
3.895310568249541916e+02
3.893739706173929562e+02
3.892152624811544115e+02
3.890584765403703500e+02
3.889062709911139564e+02
3.887605495264106708e+02
3.886232520206148138e+02
3.884951254248109649e+02
3.883772374019496851e+02
3.882697229662623499e+02
3.881727676453317599e+02
3.880862042526361506e+02
3.880096435810115167e+02
3.879427658739397202e+02
3.878850301349106076e+02
3.878361741990907490e+02
3.877958994766021874e+02
3.877643835310623217e+02
3.877418668550875509e+02
3.877292582110910075e+02
3.877275086921200682e+02
3.877447073398038810e+02
3.876551414516002296e+02
3.875853070233471271e+02
3.875372475018582463e+02
3.875140213247070733e+02
3.875187114751705053e+02
3.875543369515784207e+02
3.876254930985923579e+02
3.877350178742120761e+02
3.878887978034091475e+02
3.880905027212241407e+02
3.883465975331646405e+02
3.886637646441535026e+02
3.890493336087463376e+02
3.895161212464058167e+02
3.900760942405463538e+02
3.907536685291986487e+02
3.915765981941662517e+02
3.925926747195385929e+02
3.938735087217412456e+02
3.955185442516265653e+02
3.977005129278547884e+02
4.006236878899590579e+02
4.046118967190449212e+02
4.099550533636335103e+02
4.167002041175513227e+02
4.249235241128531015e+02
4.341364001789090707e+02
4.435636049546969844e+02
4.525781530210964547e+02
4.607668451043796267e+02
4.680604806245233362e+02
4.744587149713307781e+02
4.798263329412376379e+02
4.840524700052696403e+02
4.869854651837504207e+02
4.885587346668572764e+02
4.888570867882347670e+02
4.880452491181019354e+02
4.863339591929862422e+02
4.839604076317733075e+02
4.810972081852215183e+02
4.779028090551776700e+02
4.744817205170857051e+02
4.709129386299976545e+02
4.672537901840895529e+02
4.635417381053559325e+02
4.598064744005654347e+02
4.561095759295159269e+02
4.524283414789136373e+02
4.487718765071379039e+02
4.451469096222784856e+02
4.415592037241960952e+02
4.380128078273685333e+02
4.345101355077222252e+02
4.310541101406558937e+02
4.276453734863198406e+02
4.242856946729309584e+02
4.209754450219016348e+02
4.177148984892070303e+02
4.145048809756618766e+02
4.113444860679354065e+02
4.082346126252447789e+02
4.051742459331634905e+02
4.021634338886028672e+02
3.992019545269102991e+02
3.962887192985288038e+02
3.934241445004370803e+02
3.906067483603085293e+02
3.878366276947592723e+02
3.851129534657476938e+02
3.824348542191398792e+02
3.798356591011414025e+02
3.773025325407060677e+02
3.748139053955965210e+02
3.723684905101858931e+02
3.699658596417069703e+02
3.676055171815307858e+02
3.652862810104504661e+02
3.630082298805014034e+02
3.607700120775900245e+02
3.585715938719911264e+02
3.564121686215389673e+02
3.542910423304153937e+02
3.522081916300860485e+02
3.501624402172614055e+02
3.481541044621765195e+02
3.461822452037182529e+02
3.442467998196130452e+02
3.423476620473595062e+02
3.404842012167675307e+02
3.386570301704566646e+02
3.368655076367069228e+02
3.351103445675561261e+02
3.333917114667443116e+02
3.317099921755090577e+02
3.301050007035086651e+02
3.285678903821843164e+02
3.270702587763157112e+02
3.256132827990290934e+02
3.241997440448751036e+02
3.228326691447673511e+02
3.215153770196267828e+02
3.202535425181956725e+02
3.190519316717931133e+02
3.179191718516046308e+02
3.168635212455531587e+02
3.158966204919934171e+02
3.150327250901112279e+02
3.142871786798521043e+02
3.136820530638399873e+02
3.132376083198655010e+02
3.129822189720292158e+02
3.129412992599371250e+02
3.131419123279923724e+02
3.136087356186168336e+02
3.143541702069797452e+02
3.153874469674030934e+02
3.166988906998207653e+02
3.182678534029853381e+02
3.200557777747674777e+02
3.220737728732705136e+02
3.242136063159505852e+02
3.264177351265033735e+02
3.286217326901630713e+02
3.307685618196986184e+02
3.327962262892209537e+02
3.346516121303586715e+02
3.362954869096086554e+02
3.376910815463656377e+02
3.388242114358516801e+02
3.396878076893461298e+02
3.402868270116480289e+02
3.406400355354481917e+02
3.407669116738349544e+02
3.406970325333520577e+02
3.404600956304346937e+02
3.400871330625666360e+02
3.396127465133056376e+02
3.390685261728773412e+02
3.384923449056026925e+02
3.379193913136842866e+02
3.373953007834141431e+02
3.369607780802846833e+02
3.366481460133709334e+02
3.365788918236788732e+02
3.367253542350611042e+02
3.370914211467023733e+02
3.376165203229960525e+02
3.382267445459907549e+02
3.388255622788872756e+02
3.393602424100531039e+02
3.398014025323823262e+02
3.401874380234448267e+02
3.405623893577072181e+02
3.409837119273973371e+02
3.415002290670368552e+02
3.421201028246539408e+02
3.428424345108627449e+02
3.436235055302459500e+02
3.444150855595710254e+02
3.451500294531381314e+02
3.457751913260414085e+02
3.462408212060205983e+02
3.465204590641213258e+02
3.466050555716211079e+02
3.464908971293859281e+02
3.461976993849835935e+02
3.457963065282480102e+02
3.452517211433568605e+02
3.445660219191502733e+02
3.437579095665867612e+02
3.428423536884017153e+02
3.418312830329585950e+02
3.407387258020164609e+02
3.395726129432347875e+02
3.383458990194372973e+02
3.370658264900931727e+02
3.357432138321253774e+02
3.343865918690464696e+02
3.330042381348930007e+02
3.316057251084381505e+02
3.301980658340713148e+02
3.287905312375742710e+02
3.273904725545927477e+02
3.260061490197703620e+02
3.246457062059316172e+02
3.233174098572098387e+02
3.220302416787779407e+02
3.207941934712823695e+02
3.196196204545468618e+02
3.185194199429362243e+02
3.175223631806053959e+02
3.166625392812665041e+02
3.159437728565781640e+02
3.153920947747782861e+02
3.150392835974145669e+02
3.149089454682575138e+02
3.150218751090537808e+02
3.153836146603554766e+02
3.159829941822753767e+02
3.168057209214948671e+02
3.178254489889341130e+02
3.190204886628785630e+02
3.203811641856795518e+02
3.218893303204797576e+02
3.235479704308959867e+02
3.253427752113115616e+02
3.272600278521549058e+02
3.292814123499342713e+02
3.313659311252860675e+02
3.334763571504237234e+02
3.355592829118560303e+02
3.375556217297672106e+02
3.394176115065980071e+02
3.410929943448830954e+02
3.424841339068542538e+02
3.436979155547117557e+02
3.446207002091201730e+02
3.452626087906903649e+02
3.456300625265786834e+02
3.457369839730042145e+02
3.456089495112682926e+02
3.452601963819797106e+02
3.447190926897084751e+02
3.440053315600357564e+02
3.431395315220099178e+02
3.421451176609229492e+02
3.410378587317077859e+02
3.398381582379577708e+02
3.385614135544972783e+02
3.372223887125397255e+02
3.358366387599675704e+02
3.344157983583342002e+02
3.329733598727736421e+02
3.315209149976162166e+02
3.300698419892553375e+02
3.286336049236828103e+02
3.272249912062088697e+02
3.258626589046045297e+02
3.245601823899402234e+02
3.233627204645800362e+02
3.223364633244473794e+02
3.215702901302014993e+02
3.212396700974572923e+02
3.215886038673365306e+02
3.230066080846802947e+02
3.259434141482270206e+02
3.306768188099234749e+02
3.371928375859835683e+02
3.449541812580321789e+02
3.533145427651090813e+02
3.616470558564133739e+02
3.694153967994625987e+02
3.761976602028070147e+02
3.819056729949408577e+02
3.864836000921126242e+02
3.900761223123918739e+02
3.927853453375000754e+02
3.947203375332593964e+02
3.960006387396034597e+02
3.967085181910088068e+02
3.969370947771517422e+02
3.967716066724058237e+02
3.961166867338048405e+02
3.953504081595697244e+02
3.944066684455100358e+02
3.933256035101306338e+02
3.921403645599425545e+02
3.908741616118792876e+02
3.895447513149205747e+02
3.881648658451956067e+02
3.867409864949996745e+02
3.852801759920897666e+02
3.837843154747154131e+02
3.822578988836775125e+02
3.807036827985642731e+02
3.791241574492888731e+02
3.775242539903946408e+02
3.759053186691850783e+02
3.742726976771041905e+02
3.726285633347226849e+02
3.709759689192566725e+02
3.693181525878451339e+02
3.676560768276119120e+02
3.659929913146586955e+02
3.643294335009037468e+02
3.626674905063144934e+02
3.609357572477078406e+02
3.592985275432467347e+02
3.576727182902038749e+02
3.560586424114690089e+02
3.544583128392267781e+02
3.528721871013457871e+02
3.513011155750614307e+02
3.497461924381892118e+02
3.482072785195954339e+02
3.466857347961822597e+02
3.451812667323409300e+02
3.436946862616330236e+02
3.422262997929212247e+02
3.407760153438202337e+02
3.393448044222839712e+02
3.379321170286190181e+02
3.365388793778017202e+02
3.351649067697287592e+02
3.338104349251460121e+02
3.324760716746282583e+02
3.311614008113156160e+02
3.298673887061485175e+02
3.285937014018950322e+02
3.273409866848736556e+02
3.260810050932396962e+02
3.248893664557341481e+02
3.237165390096914734e+02
3.225626254651843965e+02
3.214291961035838767e+02
3.203169254311284249e+02
3.201759748354615454e+02
3.192459983570125814e+02
3.181812475927309833e+02
3.171425739112689257e+02
3.161312555611565358e+02
3.151498874576315075e+02
3.142015565241867421e+02
3.132888449349361508e+02
3.124169377444328575e+02
3.115895743979647818e+02
3.108131833934248789e+02
3.100945644360029974e+02
3.094404103813948836e+02
3.088613706781022188e+02
3.083648062769610760e+02
3.079629862549051040e+02
3.076656301197418202e+02
3.074822827383864592e+02
3.074136096019996671e+02
3.074828422853092320e+02
3.076849357555260553e+02
3.080164093050008773e+02
3.084729802240713070e+02
3.090433649260349966e+02
3.097095280736658083e+02
3.104502569294493810e+02
3.112384637539454388e+02
3.120472854279969965e+02
3.128465396427761220e+02
3.136133177410111443e+02
3.143202749253424031e+02
3.149537183998946261e+02
3.154967199848043720e+02
3.159418826525466670e+02
3.162857215430009887e+02
3.165241535125604173e+02
3.166624966076317378e+02
3.167012282531172787e+02
3.166483912619295324e+02
3.165089197104664436e+02
3.162907869795837428e+02
3.160015674386624482e+02
3.156371529833272689e+02
3.152309405708189729e+02
3.147805407414921888e+02
3.142949439319857561e+02
3.137802796439007125e+02
3.132456315698793219e+02
3.126979893419311907e+02
3.121464242727636815e+02
3.116008688183529785e+02
3.110726389650398573e+02
3.105779202750929926e+02
3.101380630790333157e+02
3.097840665792606956e+02
3.095625769794176563e+02
3.095437908875664448e+02
3.098275698079225435e+02
3.105696468742081606e+02
3.119641854292869425e+02
3.142783075766270144e+02
3.178409578710651431e+02
3.230118217717576954e+02
3.302403873551800189e+02
3.398482934304580567e+02
3.517344259785602958e+02
3.651587398426952973e+02
3.788427034542887668e+02
3.914889639671075088e+02
4.024028163829395339e+02
4.114351099202789328e+02
4.187469227729171166e+02
4.245388276797255003e+02
4.288950186868275978e+02
4.319943343006848409e+02
4.340812966950113037e+02
4.354167871689630829e+02
4.362611847271076044e+02
4.367948580630604738e+02
4.371554548957421957e+02
4.374287213778799241e+02
4.376712655266439356e+02
4.379164525608747454e+02
4.381821172848084416e+02
4.384744522598222147e+02
4.387934811600145508e+02
4.391325931981363624e+02
4.394815071072243313e+02
4.398290561589167851e+02
4.401596437576992571e+02
4.404709955473875311e+02
4.407789167077070260e+02
4.410264429811819014e+02
4.412028428451095579e+02
4.412968639776260602e+02
4.413020977863786243e+02
4.412114632021431362e+02
4.410201123335064608e+02
4.407256606605719185e+02
4.403244700347911476e+02
4.398171615657987559e+02
4.392042693787647636e+02
4.384869037530950209e+02
4.376707359428046402e+02
4.367582747244653660e+02
4.357572466563084959e+02
4.346735491055067655e+02
4.335139235307795502e+02
4.322871742772035759e+02
4.309986527062060304e+02
4.296573278840290868e+02
4.282686934448891520e+02
4.268392979863746746e+02
4.253750374194664801e+02
4.238555501568802697e+02
4.223897738017505503e+02
4.209024215849863140e+02
4.193963189232641184e+02
4.178726327872612956e+02
4.163322764835766066e+02
4.147757716112429875e+02
4.132030055613619766e+02
4.116140289724068566e+02
4.100084115523302444e+02
4.083861474671849123e+02
4.067466961989475180e+02
4.050904847072094412e+02
4.034174037662432966e+02
4.017281275185388836e+02
4.000233476360423879e+02
3.983036928992875119e+02
3.965706733792814020e+02
3.948250080343484001e+02
3.930685308737362220e+02
3.913024002514502513e+02
3.895281787922216381e+02
3.877475036680659173e+02
3.859615701578915150e+02
3.841436391827206194e+02
3.823785806076793392e+02
3.806102559442889515e+02
3.788401803232064822e+02
3.770701588995207203e+02
3.753017756162748242e+02
3.735364441132823003e+02
3.717758374448258678e+02
3.700209854759237373e+02
3.682735467721951750e+02
3.665344236611693418e+02
3.648048853517314001e+02
3.630860689345577725e+02
3.613786689979340849e+02
3.596840310425034772e+02
3.580025429002979536e+02
3.563352786047055361e+02
3.546828463639240567e+02
3.530456756186197822e+02
3.514247140747731351e+02
3.498199230356100315e+02
3.482321576487792640e+02
3.466614872447605080e+02
3.451082241841901919e+02
3.435568113732678626e+02
3.420631112817971484e+02
3.405846959905247786e+02
3.391214616203307628e+02
3.376738761046630088e+02
3.362421361174997969e+02
3.348262199798899701e+02
3.334266613645305029e+02
3.320432515674409615e+02
3.306765221719311967e+02
3.293265089412298039e+02
3.279934112446995300e+02
3.266777077455392373e+02
3.253793309770166502e+02
3.240989665223496559e+02
3.228366892588321662e+02
3.215931033563050505e+02
3.203686778436925238e+02
3.191637324790810339e+02
3.179792034460211880e+02
3.168153992401470873e+02
3.156734824050374186e+02
3.145541744727617584e+02
3.134586060507119214e+02
3.123814802426639972e+02
3.113435428151666429e+02
3.103337573300359509e+02
3.093539075686907154e+02
3.084073325218975015e+02
3.074971175403185271e+02
3.066273613369868940e+02
3.058035856991509718e+02
3.050310592395608182e+02
3.043186483080481821e+02
3.036742436214244663e+02
3.031102858677190284e+02
3.026398934784368180e+02
3.022790038339072680e+02
3.020482795967214997e+02
3.019665726738019202e+02
3.020605483252051044e+02
3.023492422809478626e+02
3.028538364954212625e+02
3.035855460161089354e+02
3.045420578267172687e+02
3.057149647501404388e+02
3.070772309384272489e+02
3.085978507706533378e+02
3.102150889932628957e+02
3.118927757641640710e+02
3.136169807102737082e+02
3.153582039275268016e+02
3.170855079157767022e+02
3.187767195203467736e+02
3.204035739139019938e+02
3.219446131338407895e+02
3.233825439087451628e+02
3.246967018049609237e+02
3.258795867443393490e+02
3.269193296074623731e+02
3.278122058609592955e+02
3.285581387262577095e+02
3.291566484169748605e+02
3.296147607432018276e+02
3.299374890586678930e+02
3.301333749320720017e+02
3.302126401456935696e+02
3.301838641720520968e+02
3.300586020344377971e+02
3.298462135504840944e+02
3.295566337678445734e+02
3.292000509614067028e+02
3.287586565490652220e+02
3.283280974644248431e+02
3.278515639521856997e+02
3.273364942688060637e+02
3.267894822175707645e+02
3.262160042582656274e+02
3.256216776053288982e+02
3.250109692022900276e+02
3.243880258066684519e+02
3.237567014899267406e+02
3.231199066352807563e+02
3.224806756992577448e+02
3.218412788200747627e+02
3.212036365716568866e+02
3.205696582747284538e+02
3.199403598779874187e+02
3.193171036607848805e+02
3.187004718773488321e+02
3.180909740473686611e+02
3.174891072887420478e+02
3.168946281743313307e+02
3.163078264264614177e+02
3.157281501523582392e+02
3.151554092925859436e+02
3.145609719438026559e+02
3.139712930014890162e+02
3.133870360283117975e+02
3.128072852231975958e+02
3.122316902674512562e+02
3.116594696909014033e+02
3.110902071626586576e+02
3.105234835997691221e+02
3.099588456029696886e+02
3.093962530118194536e+02
3.088354035919725220e+02
3.082764592632111089e+02
3.077194983861087962e+02
3.071647298898275835e+02
3.066126977893828212e+02
3.060636569544878398e+02
3.055184364644917991e+02
3.049775300685913635e+02
3.044417327079818278e+02
3.039119166071596965e+02
3.033887421725005424e+02
3.028733056865252138e+02
3.023663126059501565e+02
3.018687069656445487e+02
3.013712444028413415e+02
3.009064679837802032e+02
3.004525496487200371e+02
3.000099035326624062e+02
2.995794888600593140e+02
2.991619943259564707e+02
2.987579229007324102e+02
2.983683750504002887e+02
2.979936515721043406e+02
2.976348835238630954e+02
2.972928277447275036e+02
2.969683990853802129e+02
2.966631565847035858e+02
2.963781733189282477e+02
2.961157822252644678e+02
2.958782078659702961e+02
2.956687363434235181e+02
2.954919904208890671e+02
2.953534670803969107e+02
2.952620554175890106e+02
2.952288918863453091e+02
2.952712593830016772e+02
2.954142594780606146e+02
2.956936245053836956e+02
2.961733761523965427e+02
2.969267107425341123e+02
2.980805658354736352e+02
2.998085288344329342e+02
3.023513292304657512e+02
3.060305650560760569e+02
3.111445237617305111e+02
3.179940976335145706e+02
3.265903152152939128e+02
3.367256139772038068e+02
3.478018203176681027e+02
3.590322138229875577e+02
3.694983809000541441e+02
3.784914875018765770e+02
3.855435333959314903e+02
3.906447473702094726e+02
3.939985275427991951e+02
3.959473646419052102e+02
3.968467531821903549e+02
3.969688885189579537e+02
3.965502458088557205e+02
3.957451190693773810e+02
3.946757992284067313e+02
3.934239412802244829e+02
3.920740778111787677e+02
3.906547626584195427e+02
3.892071716558544949e+02
3.877541891553352684e+02
3.863119105616082152e+02
3.848956320338132286e+02
3.835141238333798128e+02
3.821787158101479349e+02
3.808974635953630354e+02
3.796808669563238254e+02
3.785411671639350857e+02
3.774953935773251601e+02
3.765671621869561250e+02
3.757926252251133405e+02
3.752244914758736059e+02
3.749323327593085082e+02
3.750207284042055562e+02
3.755907944363128763e+02
3.767772884999283747e+02
3.786963197143531943e+02
3.814487014751065885e+02
3.851148994105873840e+02
3.895467712666187481e+02
3.943886930594293290e+02
3.991035596350123456e+02
4.034579765636841557e+02
4.070352538716805384e+02
4.099322483417648755e+02
4.122951851723852883e+02
4.143369987902795515e+02
4.161835886430939695e+02
4.179391502278384110e+02
4.196644718783820736e+02
4.213926710401599394e+02
4.231418120523636617e+02
4.249220224642621702e+02
4.267456131273034430e+02
4.286613441812629617e+02
4.307369129056345400e+02
4.330873545283941439e+02
4.358522218314009251e+02
4.391494696044828743e+02
4.431177997309829379e+02
4.477380827091546962e+02
4.528111257946168848e+02
4.582849747851557254e+02
4.644807384726046280e+02
4.719734531558176513e+02
4.807625154120549951e+02
4.905560938847442571e+02
5.000845491994642202e+02
5.089941119874960123e+02
5.173510063913132626e+02
5.253654690996554564e+02
5.327734051871516385e+02
5.392100839442597362e+02
5.446021009648306972e+02
5.491155158110092316e+02
5.532091188835292996e+02
5.570965871716683750e+02
5.605992190118082590e+02
5.634171881009548315e+02
5.654114294583946503e+02
5.666278388438147431e+02
5.671986960151757557e+02
5.672126585070317333e+02
5.668030780475618258e+02
5.660748017260625602e+02
5.650976803332677036e+02
5.639157712665620465e+02
5.625569520978478977e+02
5.610600952822235286e+02
5.594001074673269613e+02
5.576909758375059027e+02
5.559586547394357012e+02
5.542025154318386058e+02
5.524150454762238951e+02
5.505924086793820607e+02
5.487269769402460042e+02
5.468103550303649172e+02
5.448368944180775770e+02
5.427965128853711576e+02
5.406831847028759057e+02
5.384897761032946164e+02
5.362099051385476969e+02
5.338408398199310341e+02
5.313796209512693167e+02
5.288262084615981848e+02
5.261836238849691654e+02
5.234542744437121655e+02
5.206451952523909767e+02
5.177623001265041012e+02
5.148131597570077247e+02
5.118066101476927656e+02
5.087495483367753764e+02
5.056513912874114567e+02
5.025427826437293675e+02
4.993926553307013023e+02
4.962243224912685946e+02
4.930430996318091843e+02
4.898551151436178657e+02
4.866644846807338922e+02
4.834758135402987023e+02
4.802927967101333024e+02
4.771184395083408845e+02
4.739561683631340543e+02
4.708079363456709530e+02
4.676762669564411112e+02
4.645629145965189082e+02
4.614692117562385647e+02
4.583968773493750746e+02
4.553464982037083360e+02
4.523193029041048021e+02
4.493158785693606774e+02
4.463365875936065663e+02
4.433822284237144231e+02
4.404527179622181166e+02
4.375486621634978519e+02
4.346701695987964058e+02
4.318174512476629161e+02
4.290430477156255051e+02
4.262937669953395812e+02
4.235722293968011627e+02
4.208784215969075717e+02
4.182126865405375611e+02
4.155752700411061369e+02
4.129662933394808420e+02
4.103862835067733386e+02
4.078352409067790632e+02
4.053137696638964371e+02
4.028219390440480083e+02
4.003599947675792237e+02
3.979282824091533257e+02
3.955265726274491840e+02
3.931553273976600167e+02
3.908141660342095633e+02
3.885032113811815861e+02
3.862222871343582824e+02
3.839708690661323089e+02
3.817490580974740624e+02
3.795560061100783855e+02
3.773916468656078109e+02
3.752553322615352727e+02
3.731465743250154787e+02
3.711255599351983960e+02
3.691320672313789828e+02
3.671648961964452837e+02
3.652233765539984347e+02
3.633071335913784878e+02
3.614157952512378529e+02
3.595489179869842360e+02
3.577064819145531374e+02
3.558881206763084606e+02
3.540940000762135469e+02
3.523239611511916678e+02
3.505780886664623495e+02
3.488565489234721895e+02
3.471592568864953705e+02
3.454865689877024693e+02
3.438384295812332425e+02
3.422151822158734262e+02
3.406169350628874213e+02
3.390437428665222228e+02
3.374959889646745523e+02
3.359735719469093738e+02
3.344769227205750894e+02
3.330060618446413514e+02
3.315612396589993978e+02
3.301268253150126952e+02
3.286976309484300600e+02
3.272978748463318652e+02
3.259274819077054985e+02
3.245867097784255293e+02
3.232755371463706524e+02
3.219939650980126089e+02
3.207421318759222686e+02
3.195198390088751808e+02
3.183272473614514979e+02
3.171641901577706903e+02
3.160306173947924435e+02
3.149265278464383755e+02
3.138516569501966273e+02
3.128061714751285649e+02
3.117899395500708124e+02
3.108030360524096523e+02
3.098457692194627953e+02
3.089180030112196391e+02
3.080205131281206832e+02
3.071534190269186979e+02
3.063174807334680168e+02
3.055136636305174989e+02
3.047424818463821339e+02
3.039975262123905964e+02
3.032767922442477584e+02
3.025946861263327605e+02
3.019528229957280701e+02
3.013531514636785573e+02
3.007985945103918084e+02
3.002911349965082195e+02
2.998348810656417527e+02
2.994327612063186166e+02
2.990899439763963414e+02
2.988123415924616779e+02
2.986095209852255721e+02
2.985002506983325929e+02
2.985275502122371449e+02
2.988057269600764130e+02
2.996170453971953975e+02
3.016958753650803828e+02
3.060861695014832549e+02
3.131547867703878865e+02
3.207230904519988712e+02
3.274922916635746901e+02
3.348951918151885252e+02
3.446288686864102147e+02
3.582830539014737496e+02
3.767548682587019471e+02
3.958109960915829788e+02
4.100418889769721318e+02
4.199750332207302108e+02
4.290054143187455793e+02
4.388542480529264935e+02
4.478959872772167614e+02
4.539201731394292665e+02
4.571958712973636807e+02
4.588741344984564989e+02
4.600373140183297664e+02
4.612739376988673712e+02
4.630189090312122175e+02
4.653721213707700599e+02
4.680900219279155863e+02
4.705494849873097678e+02
4.722157419359025425e+02
4.728747028686064482e+02
4.727355399985984832e+02
4.720264781544623247e+02
4.709760413515452342e+02
4.697281198657614141e+02
4.683740773897117720e+02
4.669758677892264132e+02
4.652968847338070191e+02
4.637216920202376969e+02
4.622209359542565039e+02
4.608362449890435073e+02
4.595824043245820008e+02
4.584703284464597459e+02
4.574713367725977946e+02
4.565344350942226583e+02
4.555908401182918510e+02
4.545688435588539278e+02
4.534025951484811685e+02
4.520442215812699374e+02
4.504697525971823211e+02
4.486800704743788515e+02
4.467082865131764038e+02
4.452620107901636857e+02
4.440125537932052566e+02
4.417669558424499883e+02
4.394557817208933557e+02
4.371055778275090233e+02
4.347329248358109339e+02
4.323534738081465889e+02
4.299757028513716364e+02
4.276066518866019806e+02
4.252293476101196461e+02
4.229846758421179516e+02
4.207578105230821279e+02
4.185500101822010492e+02
4.163626734388931254e+02
4.141970377136931916e+02
4.120532018197392290e+02
4.099325340462229406e+02
4.078346906251069299e+02
4.057606225675278324e+02
4.037102651572996024e+02
4.016837388422404160e+02
3.996815769195505368e+02
3.977031984086553962e+02
3.957493373368473044e+02
3.938194134020553747e+02
3.919136226213559553e+02
3.900319864332082034e+02
3.881739251819257106e+02
3.863399169207919499e+02
3.845291207164262346e+02
3.827417809450703317e+02
3.809775294670013750e+02
3.792358695696037216e+02
3.774830281084512080e+02
3.757553797427971745e+02
3.740494771656632338e+02
3.723646107050977321e+02
3.707009303761785191e+02
3.690582968108784030e+02
3.674362636135442131e+02
3.658350707521627783e+02
3.642541333621607578e+02
3.626936623240259792e+02
3.611533327722179365e+02
3.596329788846092015e+02
3.581327304695910811e+02
3.566520572223639647e+02
3.551913552307691475e+02
3.537501208825377716e+02
3.523285932225612100e+02
3.509266836306780419e+02
3.495441907531979950e+02
3.481815346501951467e+02
3.468382704150007498e+02
3.455149403322654393e+02
3.442113366298138999e+02
3.429276758934848317e+02
3.416175493169719175e+02
3.403448760506936424e+02
3.390923120879288604e+02
3.378596899027897962e+02
3.366477254344242169e+02
3.354566606194000542e+02
3.342866780588026927e+02
3.331385354078878436e+02
3.320120501254965575e+02
3.309080906662771326e+02
3.298266294892722499e+02
3.287680777976869422e+02
3.277329505459394454e+02
3.267210503188304642e+02
3.257332221217218375e+02
3.247691631045843224e+02
3.238294086126790035e+02
3.229140857276387919e+02
3.220230273156018939e+02
3.211568131166961280e+02
3.203149008064137320e+02
3.194977237408094197e+02
3.187049789324702829e+02
3.179364326408943953e+02
3.171782606090448553e+02
3.165022777554072491e+02
3.158469945109158630e+02
3.152115378315421594e+02
3.145954503807110427e+02
3.139982499362238286e+02
3.134188805338635575e+02
3.128571354992055831e+02
3.123119201738168726e+02
3.117829383670753032e+02
3.112698211397195109e+02
3.107724085952459632e+02
3.102916145901954792e+02
3.098284384266362395e+02
3.093861325879400397e+02
3.089690437263496392e+02
3.085853508218738170e+02
3.082469501701646095e+02
3.079727820370838458e+02
3.077912673992896657e+02
3.077414271315496990e+02
3.078821949628389802e+02
3.082814308745565199e+02
3.090314384898405820e+02
3.102126839574021915e+02
3.118397677039059204e+02
3.139368716906435566e+02
3.164411283096830516e+02
3.192465723966743667e+02
3.222534939844709356e+02
3.253420578860111050e+02
3.284147498945775965e+02
3.313755172322115641e+02
3.341578609523414229e+02
3.367432425981883171e+02
3.391401131129853184e+02
3.413774049388243839e+02
3.434731631437256283e+02
3.454256644683217132e+02
3.472123865298443093e+02
3.488000914393012408e+02
3.501518462096986468e+02
3.512353356990164457e+02
3.520248316899684937e+02
3.525111682746043584e+02
3.526920340921617480e+02
3.525812967091032419e+02
3.522031394176010508e+02
3.515518196538530447e+02
3.507657355868968807e+02
3.497933672645527849e+02
3.486683893708473079e+02
3.474192730762342194e+02
3.460701263667236844e+02
3.446451940769272824e+02
3.431623625739624117e+02
3.416398789051154949e+02
3.400932956532711273e+02
3.385359050875826483e+02
3.369820219162600665e+02
3.354444873571428616e+02
3.339377289498662549e+02
3.324800934345363999e+02
3.310922410645617333e+02
3.298070218442899773e+02
3.286701826742646517e+02
3.277504825108592286e+02
3.271649609969045969e+02
3.270684658190007212e+02
3.277176736148147143e+02
3.294209086176343249e+02
3.325787208642912560e+02
3.379109811496251154e+02
3.456393901297876141e+02
3.557784366105130403e+02
3.679759856483178169e+02
3.817091375234552402e+02
3.962977379435866396e+02
4.107822150370018903e+02
4.239735459541093405e+02
4.349864138325168597e+02
4.434406472450161232e+02
4.495794789338473834e+02
4.539559189189592416e+02
4.571110396553271471e+02
4.594958694951033067e+02
4.614225264323773672e+02
4.631008236947752721e+02
4.646667244632351981e+02
4.662096149028633363e+02
4.677804495533673048e+02
4.694117452704927018e+02
4.711157195043675756e+02
4.728910333342657282e+02
4.747254005820508951e+02
4.765921420439847225e+02
4.784519838788432935e+02
4.802224242362140103e+02
4.818991982798916069e+02
4.834315814039663906e+02
4.847579301837366756e+02
4.858332632779337814e+02
4.866149959395548876e+02
4.870742026444207795e+02
4.872010725203604125e+02
4.869887781751168632e+02
4.864519635883636965e+02
4.856058877542619712e+02
4.844744710332245177e+02
4.830861370987645955e+02
4.814656805779654292e+02
4.796424242063733914e+02
4.776403925177484666e+02
4.754831210517714908e+02
4.731927524982502860e+02
4.707867662140729408e+02
4.682830336605923662e+02
4.656952313764295468e+02
4.630362618852109335e+02
4.603176618049850504e+02
4.575219183686403426e+02
4.547168439909582958e+02
4.518760089520492897e+02
4.490065974057126823e+02
4.461152058457567477e+02
4.432069921850102787e+02
4.402874974925420020e+02
4.373609884697210077e+02
4.344315571104866081e+02
4.315032445388746964e+02
4.285789530895551138e+02
4.256621237545137433e+02
4.227553522033790614e+02
4.198609776259251589e+02
4.169817065772684259e+02
4.141189919700123028e+02
4.112751713073218980e+02
4.084516161280824349e+02
4.056497102263366514e+02
4.028711365643766840e+02
4.001164604172720942e+02
3.973872454029132655e+02
3.946839943493935152e+02
3.920075465754336506e+02
3.893501175152109113e+02
3.868064946684854704e+02
3.842889994267115412e+02
3.817974731558781514e+02
3.793326299712323362e+02
3.768946710078596993e+02
3.744836085715093077e+02
3.721001340637359931e+02
3.697438559068334598e+02
3.674155390255397151e+02
3.651150440611586987e+02
3.628426417361258700e+02
3.605989080250066650e+02
3.583836301996612974e+02
3.561979394566254200e+02
3.540418629740828464e+02
3.519165334398715572e+02
3.498232060685627971e+02
3.477630985676104842e+02
3.457394599665146302e+02
3.437552694784672553e+02
3.418167583437979715e+02
3.399330393898347324e+02
3.381169038943349960e+02
3.363856914898655077e+02
3.348226940474950197e+02
3.334319010043342928e+02
3.322901974372089171e+02
3.315116258733672794e+02
3.312698489227421987e+02
3.317697051801779935e+02
3.332986987689130842e+02
3.360914636739408365e+02
3.403526823435774986e+02
3.459825330052249228e+02
3.525900070095407273e+02
3.594634749064284733e+02
3.659757127598409170e+02
3.718160922774433175e+02
3.770752267078910904e+02
3.819350424589992485e+02
3.865110719350872159e+02
3.907795379445104231e+02
3.945624921454136143e+02
3.976959431507102067e+02
4.000098149866492463e+02
4.014481427738360253e+02
4.020152168393020702e+02
4.017913189444163891e+02
4.009969496317531821e+02
3.997105511956064561e+02
3.980795674320851276e+02
3.962119874575509471e+02
3.941936811586782028e+02
3.920806404439735502e+02
3.899141971027429463e+02
3.877202673281536249e+02
3.855176711279654000e+02
3.833179628073953040e+02
3.811295992002535513e+02
3.789583911150468225e+02
3.768074931536976351e+02
3.746804225153309744e+02
3.725780487532398411e+02
3.705022979235623097e+02
3.684537962201981713e+02
3.664328918021726054e+02
3.644406150337815689e+02
3.624764469823370518e+02
3.605412804632336474e+02
3.586348509492651715e+02
3.567573058247123754e+02
3.548850018777137620e+02
3.530978991063643093e+02
3.513382167707389954e+02
3.496055877977621549e+02
3.479007580811621096e+02
3.462239439704473511e+02
3.445752074940374428e+02
3.429554515761234939e+02
3.413643360333374517e+02
3.398029219755125041e+02
3.382711840426316598e+02
3.367696023212611749e+02
3.352989297811354845e+02
3.338589567276464436e+02
3.324508666086958328e+02
3.310744258058842320e+02
3.297303803943069056e+02
3.284191432342795451e+02
3.271405789754520583e+02
3.258956581748288954e+02
3.246837992799448216e+02
3.235057552721609682e+02
3.223612710494613225e+02
3.212502046761657084e+02
3.201782821281229303e+02
3.191628123037641558e+02
3.181773511071767757e+02
3.172209579744901475e+02
3.162933806630372260e+02
3.153940766029350016e+02
3.145220198986593800e+02
3.136769755566299978e+02
3.128575741699393689e+02
3.120633852646246282e+02
3.112933230702379319e+02
3.105464720525318967e+02
3.098222275486972421e+02
3.091193315928815082e+02
3.084375141819364217e+02
3.077756640404478503e+02
3.071335031466590522e+02
3.065104587272525123e+02
3.059061368964804046e+02
3.053206355502733800e+02
3.047536250797804200e+02
3.042056424242542789e+02
3.036768375152248041e+02
3.031679192308899360e+02
3.026754080481819074e+02
3.022240388948966938e+02
3.017925853106896170e+02
3.013818700119490472e+02
3.009935612682055535e+02
3.006289675646213482e+02
3.002894777508133188e+02
2.999769079049891047e+02
2.996923507417845940e+02
2.994377467984432997e+02
2.992140944225687349e+02
2.990226214100545690e+02
2.988644121137181742e+02
2.987397296164318732e+02
2.986493792931793791e+02
2.985930114100287369e+02
2.985704461550711244e+02
2.985810257659287572e+02
2.986233438150761685e+02
2.986963462307526243e+02
2.987978351532599390e+02
2.989257674987538280e+02
2.990777025119706991e+02
2.992506655868957637e+02
2.994297138214082565e+02
2.996177243444712985e+02
2.998166938721382735e+02
3.000235004508080010e+02
3.002348952649695093e+02
3.004481136753420287e+02
3.006601940373418529e+02
3.008690176882615219e+02
3.010727288902426722e+02
3.012705186056435309e+02
3.014628660030371634e+02
3.016521318008041135e+02
3.018422473732468916e+02
3.020399683916405706e+02
3.022549343908241894e+02
3.024988197670653562e+02
3.027886301908820883e+02
3.031414905067677523e+02
3.035794186276828555e+02
3.041259310258451478e+02
3.048023487867855010e+02
3.056351501877607575e+02
3.066443377864879380e+02
3.078511928850077197e+02
3.093016038440327407e+02
3.110078553731193551e+02
3.130648587405236754e+02
3.157104730653372826e+02
3.195798625802294168e+02
3.258013989494544376e+02
3.359339694624557069e+02
3.501388476932010008e+02
3.664713370163490822e+02
3.823169918955831008e+02
3.975504108311483833e+02
4.121301104805834257e+02
4.249581342801307073e+02
4.377508773053293112e+02
4.556486298542976101e+02
4.839501239338196115e+02
5.214934392151812972e+02
5.574117266850728356e+02
5.828033809329062933e+02
5.977599598160904861e+02
6.070268844034966378e+02
6.136113519395307776e+02
6.189750749980031514e+02
6.238397463454501803e+02
6.284869027768975229e+02
6.331355909074288775e+02
6.377511513175991240e+02
6.423457247959851202e+02
6.468785255123166280e+02
6.513594578190089806e+02
6.556707754298030295e+02
6.595971591642313570e+02
6.628391136021215289e+02
6.649620280543219906e+02
6.656102101490711220e+02
6.646606485683097389e+02
6.621382709914967108e+02
6.583332085362842463e+02
6.535533079689298575e+02
6.480882449790326518e+02
6.422046005279531755e+02
6.360696896567236536e+02
6.298230637962593619e+02
6.235516384908200962e+02
6.173136590168282964e+02
6.111520176571216325e+02
6.050908286512022869e+02
5.991469973387769414e+02
5.934305415573033997e+02
5.877505884525037345e+02
5.822167724030244926e+02
5.768273011328476514e+02
5.715795287768987691e+02
5.664720165564765466e+02
5.614991329067886454e+02
5.566590899613967167e+02
5.519468539520999002e+02
5.473588767206096009e+02
5.428925028000602424e+02
5.385428386397205713e+02
5.343086082574898228e+02
5.301854215135069808e+02
5.261717701907933815e+02
5.222654951980069882e+02
5.184640814716046862e+02
5.147675186041490178e+02
5.111731627712414365e+02
5.076818779253437128e+02
5.042928656601961279e+02
5.010066456806378596e+02
4.978258864964386134e+02
4.947510816335580444e+02
4.918093101402346292e+02
4.889522819626129717e+02
4.862170365637844043e+02
4.836122619755395249e+02
4.811442837941169728e+02
4.788277671026278313e+02
4.766719631403765334e+02
4.746948784458356272e+02
4.729168951320460224e+02
4.713586670218920176e+02
4.700611508842374633e+02
4.690446256771177218e+02
4.683470077374070684e+02
4.679559286414202006e+02
4.678368024060634411e+02
4.679196472026361562e+02
4.681473657430508979e+02
4.685221288813751812e+02
4.690693725919064718e+02
4.698516251626046483e+02
4.708369023695578903e+02
4.719681357330509854e+02
4.730974599173688375e+02
4.740994739771551281e+02
4.749132522181348577e+02
4.753191439416365824e+02
4.754405306387127439e+02
4.753581361669260446e+02
4.751822815497895931e+02
4.749628145494182263e+02
4.747267381798942552e+02
4.744349654508936283e+02
4.740377895053434827e+02
4.734718940623611161e+02
4.726967818548894797e+02
4.716921175093974625e+02
4.704473039666679028e+02
4.689839207283063161e+02
4.673073279486747538e+02
4.654512561988160542e+02
4.634291407179514977e+02
4.612679700947984998e+02
4.589869148737151363e+02
4.566007241076859486e+02
4.541286977927543944e+02
4.515780448961782554e+02
4.489624850740708553e+02
4.462874275088307172e+02
4.435872585343585115e+02
4.407099489466256159e+02
4.378009530429397955e+02
4.348653438081335594e+02
4.319069256245367683e+02
4.289304788093872389e+02
4.259400439046134466e+02
4.229409098747566986e+02
4.199370842309079990e+02
4.169340460478435375e+02
4.139361272824377238e+02
4.109478200537299699e+02
4.079739471398276578e+02
4.050177969389966961e+02
4.020838268185126481e+02
3.991747087891559431e+02
3.962935555592262062e+02
3.934430852776174561e+02
3.906248977104550590e+02
3.878415118846707514e+02
3.850937156260501979e+02
3.823831543709187031e+02
3.797106708821318648e+02
3.770765983662612371e+02
3.745536855618606182e+02
3.720132885852873414e+02
3.695186907842015671e+02
3.670691596394747762e+02
3.646645027535908525e+02
3.623046468374595861e+02
3.599887637828784932e+02
3.577173303329025202e+02
3.554894908543996053e+02
3.533058024512759516e+02
3.511660510400943735e+02
3.490703561636625523e+02
3.470195377811274398e+02
3.450134503940768695e+02
3.430535448880683589e+02
3.411400706668920861e+02
3.392744221988122035e+02
3.374577967174237756e+02
3.356910859517711856e+02
3.339764419303869545e+02
3.323145216141819560e+02
3.307077408723265535e+02
3.291572085011683271e+02
3.276646339761318245e+02
3.262877085843815621e+02
3.249717067352549975e+02
3.237237082093591880e+02
3.225436814817898608e+02
3.214328278375359105e+02
3.203913198449623110e+02
3.194189558526439328e+02
3.185162626589700494e+02
3.176819763511869041e+02
3.169164968030976866e+02
3.162185915304859236e+02
3.155877933846961696e+02
3.150236359573287359e+02
3.145246443207287257e+02
3.140908327465209595e+02
3.137204053634063712e+02
3.134127577073185194e+02
3.131660635127990417e+02
3.129776833460956595e+02
3.128455053249973048e+02
3.127649393525392156e+02
3.127319416120858477e+02
3.127406359451413778e+02
3.127837505583055986e+02
3.128601565611052706e+02
3.130078072250648802e+02
3.131622853588444855e+02
3.133137510130875967e+02
3.134508637635729542e+02
3.135653342254798872e+02
3.136477000868438267e+02
3.136904324061628699e+02
3.136882260049204660e+02
3.136347212320866333e+02
3.135282559071001174e+02
3.133659814520690361e+02
3.131475682058122629e+02
3.128744552580049572e+02
3.125472417953835134e+02
3.121701574011032676e+02
3.117459753303401726e+02
3.112795035829350354e+02
3.107760262231627735e+02
3.102406595796129523e+02
3.096802072107962545e+02
3.091010386455091066e+02
3.085107900019268072e+02
3.079179028552657655e+02
3.073141593061376398e+02
3.067468923367056846e+02
3.062162497771735161e+02
3.057480091869692842e+02
3.053885342380438601e+02
3.052172177212677298e+02
3.053941876220788458e+02
3.062116689491998045e+02
3.081735277349309285e+02
3.119967205954386600e+02
3.183896235609727796e+02
3.280625272764366400e+02
3.419159729980533484e+02
3.605241685512075378e+02
3.833999255757860851e+02
4.072564630660096441e+02
4.280069769410425806e+02
4.433688617171567330e+02
4.536131708848434982e+02
4.601090302165875983e+02
4.644322477407723113e+02
4.673598020988378039e+02
4.694112045230860417e+02
4.709072233713928313e+02
4.720971191368052473e+02
4.729985095929216641e+02
4.733771130217151608e+02
4.730763424312498273e+02
4.721403023564970454e+02
4.706832694542497961e+02
4.688768687012217242e+02
4.668462988904461213e+02
4.646784229448338692e+02
4.624333099376328846e+02
4.601429913087811201e+02
4.578313335906337898e+02
4.555113626469455426e+02
4.531918778897569382e+02
4.508793214260722380e+02
4.485770127620697849e+02
4.462881711299140761e+02
4.440145616868346679e+02
4.417573917931522942e+02
4.409154392937389275e+02
4.388443756645820599e+02
4.366356377021444928e+02
4.344453388665346552e+02
4.322736672119444279e+02
4.301222725482589340e+02
4.280040042971821208e+02
4.259041203887964002e+02
4.238221548938105343e+02
4.217580034851561095e+02
4.197112705358199491e+02
4.176813775529178656e+02
4.156680516311708971e+02
4.136704098173408966e+02
4.116881531421988143e+02
4.097204436323232812e+02
4.077667658677948452e+02
4.058265791917686443e+02
4.038991799450839153e+02
4.019844253414395894e+02
4.000816439802038076e+02
3.981907649296094291e+02
3.963115132824299849e+02
3.944438350180380439e+02
3.925879413902791839e+02
3.907437481148367624e+02
3.889116843977868143e+02
3.870919634715080520e+02
3.852849999617033632e+02
3.834801637247535382e+02
3.817009919752032943e+02
3.799366481380299092e+02
3.781876472050331586e+02
3.764548857435872833e+02
3.747390361458492407e+02
3.730406945967369552e+02
3.713607276790976925e+02
3.696994161223111064e+02
3.680575619675082635e+02
3.664354432204690966e+02
3.648334636749355582e+02
3.632520990391226405e+02
3.616911934681239131e+02
3.601513049645093361e+02
3.586320698244076652e+02
3.571336580675258574e+02
3.556559136996103234e+02
3.541983947064288145e+02
3.527611423040941645e+02
3.513434601028475299e+02
3.499451257769303538e+02
3.485657473024767228e+02
3.472046570259374221e+02
3.458377557694865914e+02
3.445088040956134137e+02
3.431950329697439201e+02
3.418961191725571780e+02
3.406117632798708428e+02
3.393421959516330730e+02
3.380870598667683566e+02
3.368467374563778662e+02
3.356212150767019011e+02
3.344106687205479602e+02
3.332156534724451831e+02
3.320362148359560592e+02
3.308731416390833147e+02
3.297265193741643543e+02
3.285971111429076927e+02
3.274853030909376912e+02
3.263916334160165889e+02
3.253168185116811628e+02
3.242611210950562963e+02
3.232254381175396247e+02
3.222099912427819390e+02
3.212155702219291129e+02
3.202426438268067272e+02
3.192917208285102220e+02
3.183544041446680808e+02
3.174344379904672451e+02
3.165399723469112701e+02
3.156708419873937714e+02
3.148276072799775420e+02
3.140103831230010201e+02
3.132190829655705784e+02
3.124542736045625020e+02
3.117153689416709312e+02
3.110029225658422547e+02
3.103164183933142226e+02
3.096556414476424379e+02
3.090205771798752608e+02
3.084100953486494632e+02
3.078242171109985179e+02
3.072616214515475122e+02
3.067215808296662090e+02
3.062032334690161406e+02
3.057049417064004047e+02
3.052260953397910725e+02
3.047649414751390395e+02
3.043205925332501351e+02
3.038920284118401014e+02
3.034783357865451308e+02
3.030781153611679883e+02
3.026882732672261227e+02
3.023138175752328038e+02
3.019577254723657234e+02
3.016259327991267014e+02
3.013281171082730907e+02
3.010819861370824810e+02
3.009138129339045236e+02
3.008669943369209250e+02
3.010073501148019659e+02
3.014183341154712821e+02
3.022204009946884185e+02
3.034967655913584963e+02
3.053038158120583034e+02
3.075844920880037421e+02
3.102096944103598730e+02
3.130272287120824330e+02
3.159213068802013709e+02
3.187850871262720034e+02
3.215629153775186637e+02
3.241861032713954387e+02
3.266121442433346829e+02
3.288493716244443590e+02
3.308984376461692136e+02
3.328256303237740781e+02
3.347748752115526258e+02
3.366123576528791546e+02
3.383207417613475059e+02
3.398698523618008949e+02
3.412242868757925862e+02
3.423606683943457938e+02
3.432625549543845409e+02
3.439321482930070033e+02
3.443856552485690372e+02
3.446376534406828682e+02
3.447178064367356569e+02
3.446395699468479279e+02
3.444245321108847406e+02
3.440823819830985713e+02
3.436221964760790115e+02
3.430527792538704261e+02
3.423782610622830020e+02
3.416165971959425178e+02
3.407972957958732536e+02
3.400485003693412978e+02
3.397478214120783946e+02
3.410786491383549333e+02
3.453263122575315833e+02
3.498882177835022276e+02
3.508929709668504415e+02
3.496973279673780439e+02
3.479819437492308793e+02
3.467132311226679917e+02
3.470875220383901478e+02
3.503960759073581812e+02
3.555179793043200220e+02
3.589082013559023494e+02
3.610793202832508655e+02
3.654193459797401147e+02
3.755618121165613843e+02
3.944020936819969165e+02
4.230307310662304303e+02
4.581346564886449073e+02
4.908937036322848257e+02
5.149207197111411460e+02
5.286067332087378645e+02
5.342070244201338483e+02
5.346005390017290893e+02
5.324765912594792781e+02
5.292055677335634982e+02
5.255061037426975190e+02
5.216572731161293177e+02
5.178838318312435831e+02
5.142167312642895922e+02
5.105945304001351133e+02
5.070262148193141911e+02
5.035157305954235198e+02
5.000651928043064913e+02
4.966747251703795314e+02
4.933454695187397192e+02
4.900765920388930681e+02
4.868686122435330503e+02
4.837209413490390943e+02
4.806330255824267965e+02
4.776050145073311342e+02
4.746354827610899179e+02
4.717249304406693682e+02
4.688720149142363312e+02
4.660768141287334743e+02
4.633388897130087116e+02
4.606574572336144229e+02
4.580333126662727636e+02
4.554653782398111161e+02
4.529551612052919154e+02
4.505022380360229022e+02
4.481078916248163750e+02
4.457922267735338551e+02
4.436385975377385762e+02
4.415447003006296427e+02
4.395097796921567124e+02
4.375367296533761419e+02
4.356248445280679107e+02
4.337752772406580561e+02
4.319882304673391786e+02
4.302615455234403612e+02
4.285947774233184191e+02
4.269821272870439088e+02
4.254193607993702244e+02
4.238981340114960403e+02
4.224092720281417996e+02
4.209430534506665254e+02
4.194894285553525606e+02
4.180399643634852396e+02
4.165889386053353292e+02
4.151341639828336270e+02
4.136768795869249971e+02
4.122236667204554124e+02
4.107831776110319879e+02
4.093674378107990606e+02
4.079902267740857269e+02
4.066358646182868029e+02
4.053779873161033720e+02
4.041916960493929878e+02
4.030881758768350096e+02
4.020830353644077491e+02
4.011920817977907632e+02
4.004378412880010387e+02
3.998500127042008785e+02
3.994577977032657827e+02
3.992981731513240220e+02
3.993920912447188698e+02
3.997528613315561756e+02
4.003685791411551804e+02
4.012059174662793453e+02
4.022222239439537361e+02
4.033738312550777891e+02
4.046420642554474512e+02
4.060336592772092672e+02
4.076047941359868219e+02
4.094480586103368864e+02
4.116986046151508845e+02
4.145168380997620261e+02
4.180027514329125893e+02
4.221669102508145102e+02
4.266778407555606236e+02
4.315399207424774772e+02
4.361573509215207878e+02
4.403037704541867470e+02
4.438022622832837101e+02
4.466494800110448864e+02
4.488226596863261761e+02
4.503439842324646634e+02
4.512621331016086970e+02
4.516083544922979627e+02
4.514348507861777762e+02
4.507878707630071631e+02
4.497010573854060453e+02
4.482228816856073763e+02
4.463969006249195104e+02
4.442659648660121547e+02
4.418881527160391443e+02
4.393050494300685500e+02
4.365662259931192466e+02
4.337095039714427571e+02
4.307659291155744654e+02
4.277651258770117693e+02
4.247251284164929075e+02
4.216651257033112188e+02
4.185341377978352853e+02
4.154574222364328762e+02
4.123886541743142971e+02
4.093332244521830603e+02
4.062976907960203334e+02
4.032858384656734074e+02
4.003010319891931772e+02
3.973467564503897052e+02
3.944243515374910203e+02
3.915366960759665744e+02
3.886847257889417051e+02
3.858699428869690564e+02
3.830938611860460696e+02
3.803566558659447310e+02
3.776601966081373121e+02
3.750043486487973610e+02
3.723903407567734121e+02
3.698187899385123956e+02
3.672897736481767197e+02
3.648047138082069409e+02
3.623631641450531902e+02
3.599664149044932628e+02
3.576146235082612179e+02
3.553081054934170311e+02
3.530092614197905050e+02
3.507861960704221929e+02
3.486106911094009888e+02
3.464828695449124325e+02
3.444040296809857296e+02
3.423753166591224044e+02
3.403970182417650108e+02
3.384711596064712467e+02
3.365976906514500229e+02
3.347784774927918079e+02
3.330141902473585560e+02
3.313055417923207528e+02
3.296542966204797835e+02
3.280601364508819415e+02
3.265250588423974705e+02
3.250488156725509725e+02
3.236322724925768739e+02
3.222760616934295967e+02
3.209793735954601743e+02
3.197433776968186407e+02
3.185663581679450544e+02
3.174486427944230513e+02
3.163888267217778889e+02
3.153853916087499556e+02
3.144242557824820778e+02
3.135367547326502518e+02
3.127009814505652230e+02
3.119134665876024428e+02
3.111722349518514079e+02
3.104743046293169755e+02
3.098161087418521333e+02
3.091953788629182895e+02
3.086076296967378312e+02
3.080505143451655385e+02
3.075199000512060934e+02
3.070128236700593902e+02
3.065260952812004120e+02
3.060561962016269604e+02
3.056007957525814049e+02
3.051565456616740448e+02
3.047216410859234657e+02
3.042935049100748870e+02
3.038706046999321302e+02
3.034515884877532699e+02
3.030353519874186077e+02
3.026217064531473397e+02
3.022103208827253411e+02
3.018019733769841082e+02
3.013991000729575376e+02
3.009998359318668122e+02
3.006074002574728752e+02
3.002240529644749358e+02
2.998528346908927915e+02
2.994968144150445255e+02
2.991594167885344859e+02
2.988446255112579593e+02
2.985557964556982711e+02
2.982973238829762863e+02
2.980725718288267103e+02
2.978852185825261927e+02
2.977386673818048735e+02
2.976349296581450403e+02
2.975768602306780508e+02
2.975645417363196543e+02
2.975985772693837816e+02
2.976773906093945357e+02
2.977982211987612118e+02
2.979576529897374257e+02
2.981497785357327075e+02
2.983688118578542685e+02
2.986068753610043700e+02
2.988561082048455546e+02
2.991102515338725993e+02
2.993741724567414622e+02
2.996279096554493435e+02
2.998639300942302270e+02
3.000745019890410958e+02
3.002532155486110810e+02
3.003953368075510184e+02
3.004957713125318719e+02
3.005533043951768377e+02
3.005654836057225907e+02
3.005332119705566356e+02
3.004574696454290006e+02
3.003402218067217291e+02
3.001853138166838448e+02
2.999956634941074185e+02
2.997764650772089681e+02
2.995318732792149490e+02
2.992670736344197735e+02
2.989870184648295890e+02
2.986965703725929870e+02
2.984007005760886386e+02
2.981039030560791048e+02
2.978107325669192278e+02
2.975251436400026250e+02
2.972560117820186179e+02
2.970032659246573417e+02
2.967685003666880448e+02
2.965555508579808475e+02
2.963694389826536053e+02
2.962167690366417219e+02
2.961068770916469930e+02
2.960560065251197557e+02
2.960907041610271335e+02
2.962600782466525402e+02
2.966546901929694400e+02
2.974411580593612712e+02
2.989235140269869930e+02
3.016160397257981458e+02
3.062439431812953785e+02
3.136197944155224491e+02
3.236891342048751312e+02
3.351374751785397166e+02
3.459420807026346552e+02
3.554803821438786144e+02
3.641984119648548130e+02
3.727325330319839622e+02
3.810489598784358805e+02
3.889083387359431185e+02
3.961615118893961380e+02
4.024400502301191409e+02
4.079029908025714235e+02
4.128967215017771082e+02
4.177399025129757320e+02
4.225301287697911903e+02
4.272374168055893051e+02
4.316868122477312113e+02
4.357264696027618243e+02
4.390895941202982726e+02
4.416316798598423361e+02
4.432366021958636679e+02
4.439433777673839359e+02
4.438968755062908258e+02
4.432734284526038095e+02
4.422442864697327991e+02
4.409427961805858445e+02
4.394602982474818873e+02
4.378590928515394580e+02
4.361788542140014329e+02
4.344466493569775594e+02
4.326796415588579521e+02
4.308902060233478437e+02
4.290864317284284084e+02
4.273383379980204495e+02
4.256775140210972950e+02
4.240169777889869920e+02
4.223591748486387019e+02
4.207058313120566595e+02
4.190585219662859799e+02
4.174181695942394299e+02
4.157859165167544120e+02
4.141622969326650718e+02
4.125480784383918831e+02
4.109436906460685464e+02
4.093494709977638877e+02
4.077659236000474721e+02
4.061930577088813834e+02
4.046313607946848947e+02
4.030807540839389844e+02
4.015414450646432556e+02
4.000135243329611967e+02
3.984968429993203927e+02
3.969916555963051792e+02
3.954976373960588489e+02
3.940149079697328034e+02
3.925433028081427551e+02
3.910826149977640966e+02
3.896053616805880324e+02
3.880938776210535366e+02
3.865910949293790964e+02
3.850967058605183979e+02
3.836106870220941687e+02
3.821329867118971038e+02
3.806633594281144610e+02
3.792019851689367442e+02
3.777485688926809075e+02
3.763032624440999143e+02
3.748659879006414712e+02
3.734366861802777180e+02
3.720156169105111985e+02
3.706025610805457404e+02
3.691979011971625368e+02
3.678015319771195664e+02
3.664136518699567091e+02
3.650344962220859770e+02
3.636640374573289023e+02
3.623027243652371112e+02
3.609504772047442884e+02
3.596076671072646604e+02
3.582744236341142710e+02
3.569508841275039686e+02
3.556251979521279054e+02
3.542858628546162549e+02
3.529570640517582660e+02
3.516388263788073232e+02
3.503315104236935440e+02
3.490353244797782395e+02
3.477503177724298666e+02
3.464768656611416304e+02
3.452148240496845233e+02
3.439645309335841148e+02
3.427259160104429725e+02
3.414990042918104791e+02
3.402839882437925780e+02
3.390805883960622396e+02
3.378890962376076459e+02
3.367092496605514498e+02
3.355410995756874399e+02
3.343847400037252555e+02
3.332399958711067143e+02
3.321071845648681347e+02
3.309862437352705342e+02
3.298775492221853369e+02
3.287815642735162101e+02
3.276989224282452255e+02
3.266438802915042743e+02
3.255985226748356354e+02
3.245722987772928718e+02
3.235683080534480496e+02
3.225916772466094358e+02
3.216485669430504117e+02
3.207483096894146115e+02
3.199036016313964979e+02
3.191305304816385160e+02
3.184540893414974789e+02
3.179025148993966354e+02
3.175187005666685991e+02
3.173541594384819859e+02
3.174739921508968337e+02
3.179661829082544955e+02
3.189242215446653859e+02
3.204745495537453621e+02
3.227446055558302191e+02
3.258739657525896405e+02
3.299942163175561518e+02
3.351808375934959940e+02
3.414390854685406680e+02
3.486419110490939488e+02
3.565261315199337560e+02
3.647461964548654691e+02
3.730805422263845230e+02
3.811694983253988767e+02
3.888125990624567407e+02
3.959144002531294859e+02
4.024476062306254676e+02
4.084655429441435786e+02
4.140355781566726137e+02
4.192395969431522076e+02
4.240811339179108472e+02
4.286662888326743541e+02
4.333025402428054349e+02
4.383816825556053232e+02
4.442972111144588894e+02
4.510585907130606529e+02
4.582702589046356820e+02
4.654919961932316710e+02
4.725937743444035846e+02
4.796858840025517452e+02
4.869405667362245822e+02
4.942555552622494019e+02
5.014577063739553751e+02
5.085393389256075238e+02
5.156546066936078887e+02
5.229264268213560172e+02
5.308448179046063160e+02
5.393685552992841394e+02
5.480773013966205554e+02
5.563124623022322339e+02
5.638520216362539941e+02
5.710896116415483448e+02
5.785490216297928328e+02
5.862337500913228041e+02
5.932551722060646853e+02
5.988547872012677544e+02
6.028979181367255933e+02
6.053342106434274683e+02
6.060853047783331249e+02
6.052279172703634913e+02
6.030573034558266272e+02
5.999838336179549287e+02
5.962610887905616437e+02
5.920960709824332753e+02
5.876043275554965248e+02
5.828780707667391425e+02
5.779937063226194596e+02
5.730051231830973393e+02
5.679768605256165301e+02
5.629179553712024244e+02
5.576707384116601816e+02
5.525314969766528748e+02
5.475146582883082829e+02
5.426155503202908221e+02
5.378069100485656691e+02
5.330489072696336734e+02
5.283136201143557855e+02
5.235820340251813150e+02
5.188571418823598833e+02
5.141566170330589784e+02
5.094960916976399403e+02
5.048995426385463929e+02
5.003763016051154864e+02
4.959336201282300181e+02
4.915694224249676836e+02
4.872774752174902346e+02
4.830532222434887331e+02
4.788875216622967059e+02
4.747805710272577358e+02
4.707285096941257052e+02
4.667329365389378495e+02
4.627952584930185935e+02
4.589153122097263235e+02
4.550730087806198298e+02
4.513152985071234298e+02
4.476204176648680573e+02
4.439856515976237574e+02
4.404091110782099463e+02
4.368901636152573928e+02
4.334262325782610787e+02
4.300173168186602766e+02
4.266615669338261796e+02
4.233582279669970490e+02
4.201069180934975975e+02
4.169062465832038242e+02
4.137566176832442011e+02
4.106567058087379678e+02
4.076067773866218431e+02
4.046062906357246334e+02
4.016546930620919511e+02
3.987523166202998937e+02
3.958979712202303176e+02
3.930922172544580917e+02
3.903340060202187374e+02
3.876232705295819869e+02
3.849599244160846752e+02
3.823429845061983769e+02
3.797327379827902973e+02
3.772098021684655009e+02
3.747330321986663648e+02
3.723039836184591422e+02
3.699273434704496140e+02
3.676156969361728102e+02
3.653979619060420987e+02
3.633366787028639351e+02
3.615829791706079845e+02
3.603365769278997846e+02
3.597674815208291648e+02
3.596014220480645349e+02
3.595037170450058284e+02
3.597849033397077960e+02
3.608596684818085691e+02
3.620630507810210474e+02
3.621488185346196360e+02
3.608631705588076102e+02
3.587730390626776966e+02
3.563655335216877802e+02
3.538871493428993631e+02
3.514544459673841743e+02
3.491146577517957326e+02
3.468894798380832185e+02
3.451274144304568949e+02
3.436027624449513382e+02
3.422027047319048165e+02
3.409229494998276095e+02
3.397476697716455760e+02
3.386605969947593735e+02
3.376348013771994374e+02
3.366478293311893140e+02
3.356753547214124183e+02
3.347040913471586236e+02
3.337232910208732051e+02
3.327319618225113800e+02
3.317328253429755023e+02
3.307283718966426136e+02
3.297246690160378080e+02
3.287226992641574270e+02
3.277249507412650473e+02
3.267309382099120967e+02
3.257385458491976351e+02
3.247458521680691774e+02
3.237492805479990921e+02
3.227468862197519002e+02
3.217354259110934436e+02
3.207141481471104498e+02
3.198781394748478988e+02
3.190669537681832253e+02
3.182374807347968044e+02
3.173920413518462738e+02
3.165349094749944356e+02
3.156693080636789546e+02
3.148000200972476250e+02
3.139315476958049658e+02
3.130681323137478671e+02
3.122146142249031300e+02
3.113748575906689666e+02
3.105529619368465433e+02
3.097527732103297353e+02
3.089769837296112769e+02
3.082286809951976352e+02
3.075097662820822393e+02
3.068219559540304999e+02
3.061667085044995815e+02
3.055443027324715786e+02
3.049557448497054111e+02
3.044007807022572365e+02
3.038798154836123331e+02
3.033928331658150910e+02
3.029397189885389707e+02
3.025841559710198680e+02
3.022737680587920295e+02
3.020031018808365957e+02
3.017707523162332564e+02
3.015762115948357405e+02
3.014177717423212357e+02
3.012943152538417166e+02
3.012049084742810123e+02
3.011473705315769962e+02
3.011217318548273738e+02
3.011254126330831014e+02
3.011582634862787131e+02
3.012189889257207938e+02
3.013059477105022665e+02
3.014196066180238631e+02
3.015570492801068667e+02
3.017185667437174175e+02
3.019018337936859666e+02
3.021049357397921540e+02
3.023265718121719487e+02
3.025627481685654629e+02
3.028112402453652976e+02
3.030677593971063857e+02
3.033281129478596654e+02
3.036160358010205869e+02
3.039068882034300714e+02
3.041828533716301308e+02
3.044388671716353656e+02
3.046691390319530797e+02
3.048694050962505457e+02
3.050359062615617063e+02
3.051644965929915543e+02
3.052540752092516527e+02
3.053018781046036452e+02
3.053079630188029228e+02
3.052725450063518338e+02
3.051956250797103962e+02
3.050800600444441670e+02
3.049267333291178375e+02
3.047391967236571304e+02
3.045202778054911619e+02
3.042730306975347503e+02
3.040019427856315133e+02
3.037101370198961945e+02
3.034024695036504795e+02
3.030830641785111652e+02
3.027566095823480623e+02
3.024285254797664493e+02
3.021022017652368845e+02
3.017915612608651941e+02
3.015036640017190166e+02
3.012561616525510999e+02
3.010888820100117869e+02
3.010875903170556285e+02
3.014568470826646944e+02
3.026903583523497332e+02
3.056921768238832442e+02
3.118769963276649264e+02
3.212940053435345362e+02
3.318639025165509224e+02
3.421100461716441714e+02
3.526244897595541374e+02
3.638258287160772966e+02
3.749482726717409378e+02
3.851223779377703522e+02
3.932165168457299842e+02
3.987269545049838371e+02
4.020395983396368820e+02
4.040913924313741177e+02
4.055366841730771625e+02
4.065957638602831707e+02
4.073227262876350778e+02
4.075436582807556647e+02
4.071888452211139224e+02
4.065076097919223344e+02
4.053581122514784738e+02
4.036414464042186410e+02
4.013635882871522540e+02
3.986519173611518454e+02
3.956200557224293561e+02
3.924132611977313445e+02
3.891168558266418245e+02
3.857986885718270287e+02
3.825023390930126084e+02
3.792547534265615354e+02
3.760747065137369987e+02
3.729743397691751738e+02
3.699608378296515525e+02
3.670404337084982558e+02
3.642167991848234578e+02
3.614926328800945612e+02
3.588708321842071314e+02
3.563517045217927830e+02
3.539368970185782928e+02
3.516254301165177480e+02
3.494160860240702959e+02
3.473161372583033426e+02
3.451996715566883154e+02
3.431859569764280877e+02
3.412676108531179580e+02
3.394367827757103555e+02
3.376869034255879001e+02
3.360097973890967182e+02
3.344049824326514795e+02
3.328891229739542723e+02
3.315554364606664990e+02
3.307650572962664342e+02
3.318743459417710255e+02
3.382470085359931886e+02
3.550701602147057656e+02
3.814494290247630488e+02
4.145575477127082422e+02
4.468659923143527521e+02
4.640376088251415467e+02
4.698641073660028269e+02
4.727976493788269750e+02
4.754489049992246237e+02
4.783696650300184956e+02
4.816571696836630281e+02
4.853241049673349607e+02
4.890043981290669421e+02
4.935689204273481323e+02
4.990709638548215707e+02
5.085290415836673787e+02
5.300801775337291701e+02
5.713906358803687908e+02
6.273276729916341310e+02
6.853724494767802753e+02
7.206586349766511148e+02
7.321021698928228716e+02
7.340109511024340918e+02
7.331605491681868898e+02
7.309643337829302254e+02
7.278587635556547184e+02
7.240178165679274116e+02
7.195974170595776513e+02
7.147255644295847787e+02
7.095190958159707861e+02
7.040835474958852274e+02
6.985059424311705243e+02
6.928635800093323951e+02
6.872168162579521322e+02
6.816173779898416569e+02
6.761033738666963018e+02
6.707094716417790323e+02
6.654912126678956383e+02
6.604350707323670804e+02
6.555518841699395125e+02
6.508523395723844942e+02
6.463432331904774628e+02
6.420284469372471676e+02
6.379142682036889482e+02
6.340008466394114066e+02
6.302942626709722163e+02
6.267953091628016864e+02
6.235091577568433650e+02
6.204409009891384130e+02
6.175948442097239877e+02
6.149819418849701833e+02
6.126073198365736516e+02
6.104853664116063783e+02
6.086237900244664161e+02
6.070329108152391200e+02
6.057220823540760648e+02
6.046886723208598369e+02
6.039351824669063262e+02
6.034445817794778577e+02
6.031974763914793130e+02
6.030160907738920741e+02
6.032003867384332807e+02
6.035088315121946607e+02
6.038531984097970735e+02
6.041248295488375106e+02
6.042112123328320195e+02
6.039857526683340438e+02
6.033399460222865400e+02
6.022112219146387133e+02
6.005430866883154977e+02
5.983557449024502830e+02
5.956701339170862184e+02
5.925314665410995758e+02
5.890059976277819942e+02
5.851388927711002452e+02
5.809950626551573123e+02
5.766201071178268194e+02
5.720568090974393272e+02
5.673478339671514732e+02
5.625214459642564861e+02
5.576089095982692925e+02
5.526338880204015140e+02
5.476150880382243713e+02
5.425725763163220563e+02
5.373379146202006496e+02
5.320867548740756092e+02
5.268591451944244000e+02
5.216635180489913637e+02
5.165120340040186875e+02
5.114107953410328946e+02
5.063673538047208353e+02
5.013889713559148618e+02
4.964785058221741565e+02
4.916436017891485903e+02
4.868859960844397960e+02
4.822107154307739165e+02
4.776217518204582575e+02
4.731204049959030158e+02
4.687128507541801241e+02
4.643991207417951159e+02
4.601844348319444862e+02
4.560713028410914376e+02
4.520618386044502586e+02
4.481619333428994878e+02
4.443720363009932726e+02
4.406990070420775965e+02
4.371458962239965444e+02
4.337191607905766659e+02
4.303546813967811886e+02
4.271669792817368148e+02
4.242369990853416084e+02
4.216162405404128890e+02
4.193518926186507656e+02
4.174701287902106515e+02
4.160344390698273855e+02
4.151539059874657482e+02
4.149711343456856980e+02
4.156393916350206155e+02
4.171489328271272257e+02
4.193651702310945097e+02
4.219654178447390791e+02
4.245549468151667156e+02
4.267812426064299416e+02
4.284337015861037230e+02
4.294185202216946777e+02
4.298790012251782855e+02
4.299766726596573108e+02
4.299364597903420417e+02
4.299610084197731226e+02
4.302011492264728076e+02
4.307997845810447757e+02
4.317849193645585046e+02
4.329727364307477160e+02
4.344482951369008674e+02
4.360089225975805789e+02
4.374517413462857576e+02
4.386046082446053447e+02
4.392751279683379266e+02
4.393724952500212453e+02
4.388344938569578062e+02
4.377226836715049672e+02
4.361105865201431584e+02
4.340886570902827657e+02
4.317492469030699453e+02
4.291507584591270188e+02
4.263563328443786986e+02
4.234105644120655256e+02
4.203522594771527565e+02
4.172190472134629431e+02
4.140365195552670343e+02
4.108302494048596714e+02
4.076184791897248942e+02
4.044153195958703577e+02
4.012341545148693740e+02
3.980827220972767009e+02
3.949701130499414035e+02
3.919219138824351489e+02
3.889203428559559939e+02
3.859779797599156268e+02
3.830966198565961918e+02
3.802803761880845741e+02
3.775308644393191457e+02
3.748500111824340024e+02
3.722403081750834986e+02
3.697016846939292805e+02
3.672365347269843596e+02
3.648445557799859102e+02
3.625261893639481627e+02
3.602823371743754137e+02
3.581113490910921087e+02
3.560145195370849365e+02
3.539898323306782686e+02
3.520366504478143383e+02
3.501542987347552867e+02
3.483397464445613991e+02
3.465926751149374354e+02
3.449091169937506720e+02
3.432869254540115094e+02
3.417229643619396029e+02
3.402125139770508895e+02
3.387577603908925425e+02
3.373386791489350003e+02
3.359589487432176043e+02
3.346137321172811312e+02
3.332980896565474040e+02
3.320083746231464943e+02
3.307399810857795046e+02
3.294896788706955135e+02
3.282543744917261392e+02
3.270315319843086854e+02
3.258193854258719284e+02
3.246166469746773373e+02
3.234225939187291488e+02
3.222371935954552100e+02
3.210609666897659622e+02
3.198946702136913700e+02
3.187401441109966527e+02
3.175988318429726860e+02
3.164732639082349692e+02
3.153661112522942744e+02
3.142800878913483871e+02
3.132192562728696998e+02
3.121867963212404788e+02
3.111876923994605022e+02
3.102301804906888378e+02
3.093372645752468770e+02
3.085075938444355188e+02
3.077521263156806981e+02
3.070853111241902411e+02
3.065191821535752297e+02
3.060671177995172343e+02
3.057385347273709044e+02
3.055392754039983743e+02
3.054739637579908731e+02
3.055418242307927699e+02
3.057426672483763355e+02
3.060749725433810227e+02
3.065344611428732264e+02
3.071165441958383440e+02
3.078132301453123318e+02
3.086059735672451438e+02
3.094769203879276347e+02
3.103928798297303047e+02
3.113221366347101480e+02
3.122281022998906224e+02
3.130738381617991308e+02
3.138348823941124124e+02
3.144866427081853999e+02
3.150086716200631258e+02
3.154254649068343497e+02
3.157309956770863550e+02
3.159350478076016202e+02
3.160531163304848974e+02
3.161087072874274213e+02
3.161353890847887556e+02
3.161890455916425253e+02
3.163760501427493068e+02
3.168886638226323953e+02
3.181524040371237447e+02
3.209085754029642317e+02
3.266529300115453793e+02
3.376722207401434730e+02
3.568954630437768287e+02
3.834379375405739552e+02
4.113545055769264991e+02
4.357334550829227169e+02
4.557258727374917839e+02
4.718226804320558472e+02
4.866727817993416920e+02
5.011873531042525656e+02
5.138463902102746488e+02
5.227140608455226811e+02
5.272486161240686897e+02
5.279883310173182736e+02
5.266911532580842277e+02
5.243974304432384770e+02
5.216177770576165358e+02
5.186474242828656998e+02
5.156109621116720518e+02
5.125820891898541731e+02
5.095903935565816028e+02
5.066528883006815818e+02
5.037742513979729893e+02
5.009553822584766181e+02
4.981953585590932221e+02
4.954906618505777942e+02
4.928400323568480417e+02
4.902407874350160455e+02
4.876929294434022495e+02
4.851966303612308593e+02
4.827523695637962646e+02
4.803616029114964476e+02
4.780240926051185966e+02
4.757397561586328720e+02
4.735051619646990844e+02
4.713146674473051689e+02
4.692383733868957734e+02
4.671478096077540272e+02
4.650669596940145993e+02
4.629812984042915787e+02
4.608777517978253968e+02
4.587430651987055512e+02
4.565688430290424549e+02
4.543471252597217358e+02
4.520745471347561306e+02
4.497492799429014667e+02
4.473714767863368138e+02
4.449440786324536248e+02
4.424696806596040801e+02
4.399526305783875273e+02
4.373967004491312309e+02
4.348065463949136529e+02
4.321864593306146958e+02
4.295409187930820281e+02
4.268743163107861278e+02
4.241909183229075779e+02
4.214949331373868517e+02
4.187901006665292698e+02
4.160806181645887705e+02
4.133698751884647322e+02
4.107156074606161837e+02
4.080662562413603496e+02
4.054257834503990239e+02
4.027970192601600274e+02
4.001824977289825824e+02
3.975848079217022359e+02
3.950060159455157418e+02
3.924485844617449857e+02
3.899141266955360834e+02
3.874048525264100817e+02
3.849223853592332603e+02
3.824684942102310856e+02
3.800450898719483916e+02
3.776534818471366179e+02
3.752959735307379674e+02
3.729737064733968168e+02
3.706887512876859319e+02
3.684427573062898205e+02
3.662372252847160894e+02
3.640745333125462935e+02
3.619556988523109453e+02
3.598832592758100191e+02
3.578585216100547655e+02
3.558833962002604494e+02
3.539785814649855524e+02
3.521304111002871764e+02
3.503373232708116802e+02
3.486020150270918521e+02
3.469327607865338337e+02
3.453455701109902520e+02
3.438845392415631181e+02
3.426509800500659253e+02
3.418894960581488931e+02
3.421312640117064348e+02
3.441724082681110417e+02
3.487534454332823657e+02
3.553787199069506642e+02
3.633119283777156738e+02
3.735642453849522440e+02
3.871209765935058726e+02
4.030767005141750587e+02
4.189627304155919205e+02
4.327336746705823884e+02
4.441992986584140795e+02
4.551901309438213161e+02
4.666296436443489597e+02
4.772271827943616245e+02
4.848536049631252354e+02
4.890584077965821734e+02
4.911996051268068868e+02
4.921108905427558398e+02
4.919571738665564453e+02
4.906048419416274555e+02
4.880681447037738394e+02
4.846989071225141288e+02
4.808292706917770261e+02
4.766999807777873457e+02
4.724612970757104904e+02
4.681855978522543751e+02
4.639173174434147882e+02
4.596778337351236132e+02
4.554785046328655085e+02
4.513275026238002283e+02
4.472276272092540239e+02
4.431823629105792293e+02
4.391931869478308386e+02
4.352609848018352068e+02
4.313877849243548894e+02
4.275733686916578336e+02
4.238198567341421494e+02
4.201276944310668000e+02
4.164983139111454875e+02
4.129970451675740151e+02
4.095700795645287258e+02
4.062103036605317357e+02
4.029200113604455851e+02
3.997043939182499912e+02
3.965682262329821128e+02
3.935174415265356060e+02
3.905604541656494462e+02
3.877050261056322711e+02
3.849636832538966473e+02
3.823481668077488962e+02
3.798749948032477164e+02
3.775623877093005376e+02
3.754302415583785546e+02
3.735045421618990531e+02
3.718096128044224997e+02
3.703791448461306572e+02
3.692486241316095743e+02
3.684696486839007434e+02
3.681263728092790188e+02
3.683648452599908865e+02
3.694850004152269207e+02
3.719398768020022317e+02
3.764026684852798326e+02
3.831026423834823618e+02
3.918460212485847478e+02
4.017776684874139050e+02
4.130711602673929974e+02
4.263306607823706713e+02
4.408067231297765716e+02
4.548851114751470845e+02
4.682493241260139598e+02
4.823722849891729538e+02
4.984119875312657086e+02
5.151084725343991977e+02
5.293967617255347022e+02
5.398062804720127588e+02
5.470097168856731287e+02
5.515348456367726158e+02
5.538442359592334014e+02
5.546610788308524889e+02
5.545209529551636933e+02
5.537879448102842161e+02
5.526355378254046400e+02
5.512092315585142615e+02
5.496172787571586014e+02
5.479160236314993426e+02
5.461203598363387073e+02
5.442337008534644838e+02
5.422379822803544585e+02
5.401085901384059298e+02
5.378337204707551109e+02
5.354055273713237284e+02
5.328211113380550614e+02
5.300866497552809733e+02
5.272096617916498644e+02
5.242035849209959224e+02
5.210835709475496742e+02
5.178656675588515554e+02
5.145675203354545602e+02
5.112055152074003104e+02
5.077953730432886914e+02
5.043519058266455772e+02
5.008878228687411820e+02
4.974146532745269269e+02
4.939428922975749288e+02
4.904806158972383514e+02
4.870358622474420258e+02
4.836141151466560473e+02
4.802206774663808346e+02
4.768599204429537508e+02
4.735346139134849182e+02
4.702911930114685219e+02
4.670434868458333995e+02
4.638398125811712021e+02
4.606810103238173610e+02
4.575678193142366013e+02
4.545013289465189814e+02
4.514811418711655620e+02
4.485082522225626462e+02
4.455820563606727660e+02
4.427028690036660237e+02
4.398706086597054536e+02
4.370847063990796642e+02
4.343456191066734959e+02
4.316523885841550623e+02
4.290054601515381023e+02
4.264042633127887143e+02
4.238486419520788218e+02
4.213387977371583020e+02
4.188740753137186630e+02
4.164550103304879940e+02
4.140810002191510080e+02
4.117522347897636905e+02
4.094686781459370764e+02
4.072298160697326352e+02
4.050680130112239112e+02
4.029199824076420100e+02
4.008146769488873815e+02
3.987509286331363683e+02
3.967275842873862644e+02
3.947437056173416750e+02
3.927973035371819037e+02
3.908875426505874202e+02
3.890123207038092801e+02
3.871705561800159217e+02
3.853609261836567157e+02
3.835818564804637276e+02
3.818331512382054598e+02
3.801134159607890410e+02
3.784229990749260537e+02
3.767615051823797785e+02
3.751291575068478892e+02
3.735268771511213117e+02
3.719547318980826276e+02
3.704144279517760765e+02
3.689063975875353663e+02
3.674322393920268723e+02
3.659931737735517459e+02
3.645901691567149783e+02
3.631804955890021915e+02
3.617527186858588379e+02
3.603625505281999608e+02
3.590105945632560065e+02
3.576973349814018661e+02
3.564231713474264893e+02
3.551875088960107405e+02
3.539896339224632698e+02
3.528278176826364643e+02
3.516996358858460212e+02
3.506025042087208590e+02
3.495323536716969670e+02
3.484856363366710070e+02
3.474577767945475557e+02
3.464442515747522862e+02
3.454414257976697513e+02
3.444444199635987616e+02
3.434507947335332574e+02
3.424566409982952564e+02
3.414600535758505657e+02
3.404591097947796925e+02
3.394521634661451799e+02
3.384390896902385748e+02
3.374188363291561359e+02
3.363550696411843433e+02
3.352645066371806024e+02
3.341751408913375485e+02
3.330882234901255856e+02
3.320054110529960099e+02
3.309289512079110978e+02
3.298604721981898251e+02
3.288030347580126431e+02
3.277582186009747716e+02
3.267290520945481944e+02
3.257173667674337025e+02
3.247251354881320822e+02
3.237546755066765627e+02
3.228066911179188878e+02
3.218832413362993066e+02
3.209843183314718544e+02
3.201106442896796693e+02
3.192622224534870270e+02
3.184380836429357942e+02
3.176382113033229189e+02
3.168606339228780371e+02
3.161046126535482017e+02
3.153682575370575591e+02
3.146498674518871326e+02
3.139398325908933316e+02
3.132430402324690704e+02
3.125621125455387528e+02
3.118951448777339692e+02
3.112410032182161217e+02
3.105986357644208624e+02
3.099670027949241558e+02
3.093458667442034766e+02
3.087345778397462936e+02
3.081333969844721992e+02
3.075423129636512272e+02
3.069617061019928315e+02
3.063922426034529849e+02
3.058342658306481212e+02
3.052888339800969675e+02
3.047563656978679774e+02
3.042378558600643146e+02
3.037339695063128033e+02
3.032452099263491618e+02
3.027725275150966127e+02
3.023159571271518189e+02
3.018763369571715316e+02
3.014536479056864096e+02
3.010482245323469215e+02
3.006598890878374277e+02
3.002976909061564470e+02
2.999541003556340115e+02
2.996292270823574881e+02
2.993240891098533893e+02
2.990394210377492641e+02
2.987766006149356031e+02
2.985375379081488063e+02
2.983241368593787683e+02
2.981397721863121433e+02
2.979873183156213372e+02
2.978715945972676309e+02
2.977970671190225858e+02
2.977693528286731635e+02
2.977951628595991451e+02
2.978801207466340202e+02
2.980324842621766379e+02
2.982579207622358695e+02
2.985637680641499969e+02
2.989561881313975960e+02
2.994387281212743801e+02
3.000168551323475299e+02
3.006902548560984769e+02
3.014597571351526426e+02
3.023155260405928857e+02
3.033198947517440729e+02
3.044098918757650267e+02
3.055716603494878427e+02
3.067917468104751038e+02
3.080551219858862737e+02
3.093431392940069600e+02
3.106402547430590175e+02
3.119292917421431639e+02
3.131933397113175488e+02
3.144211106585818243e+02
3.155984881654021592e+02
3.167187465717309465e+02
3.177766965793192639e+02
3.187676963051269468e+02
3.196954866433902680e+02
3.205598943854797653e+02
3.213678557482288056e+02
3.221252881115857463e+02
3.228394677241027466e+02
3.235203871521993619e+02
3.241773016697022740e+02
3.248211788374678690e+02
3.254637413602335414e+02
3.260831534495508777e+02
3.267263588042083029e+02
3.273979594398552990e+02
3.281084033866293339e+02
3.288695330862873334e+02
3.296918616774483439e+02
3.305806648877776865e+02
3.315431409346333567e+02
3.325787856810998733e+02
3.336826584340796558e+02
3.348495787456998301e+02
3.360589752391082925e+02
3.372911131814022951e+02
3.385145533605274295e+02
3.396878515617548260e+02
3.407718549133318220e+02
3.417173035211570209e+02
3.424803916934210406e+02
3.430281989457228065e+02
3.433315897824274998e+02
3.433811322667302761e+02
3.431787527726551730e+02
3.427318123615879131e+02
3.420663879143309600e+02
3.411859650642285260e+02
3.400832109235482221e+02
3.388611615390048541e+02
3.375456133629256783e+02
3.361635494534121449e+02
3.347341264468226427e+02
3.332779943389149366e+02
3.318106047401133196e+02
3.303454388497216883e+02
3.288949885161438829e+02
3.274680324161121803e+02
3.260732740518557193e+02
3.247171558997578131e+02
3.234043233386960878e+02
3.221395762334202573e+02
3.209247716405673145e+02
3.197622156780930709e+02
3.186525926426074875e+02
3.175952283713733664e+02
3.165901488964958617e+02
3.156346819086630262e+02
3.147273801004052416e+02
3.138652578068031289e+02
3.130448906250786081e+02
3.123161351667779400e+02
3.116139042649404018e+02
3.109420583012431507e+02
3.102963659904308997e+02
3.096733407393893458e+02
3.090702760903991475e+02
3.084842874080958381e+02
3.079141104059549434e+02
3.073587789298347275e+02
3.068185776653379548e+02
3.062954410340613549e+02
3.057919469856229284e+02
3.053140016097818830e+02
3.048681076373002270e+02
3.044650919914562905e+02
3.041187058315927061e+02
3.038464510070414235e+02
3.036748843263860067e+02
3.036329315891587726e+02
3.037664580453513850e+02
3.041296156250316471e+02
3.048038217079661649e+02
3.058964390461163703e+02
3.075704491518629311e+02
3.100194666333549662e+02
3.138963817853548335e+02
3.190472866387547128e+02
3.250374741534240570e+02
3.314585690710620725e+02
3.381270739029220636e+02
3.452496504936128190e+02
3.533994423404751046e+02
3.629520301566104195e+02
3.735030138605770276e+02
3.836294642435576634e+02
3.924266808297914508e+02
4.003094430263058143e+02
4.081235095105239452e+02
4.162227537759623033e+02
4.242917660443087584e+02
4.317102333950785464e+02
4.382686832861255084e+02
4.439113498774588606e+02
4.488917992176782263e+02
4.537322409238842624e+02
4.591287851206793107e+02
4.658720301598158926e+02
4.740243568172871846e+02
4.827844519593284645e+02
4.908875831649912698e+02
4.972424342449828032e+02
5.014300289528379722e+02
5.034098583193704712e+02
5.034077610706049768e+02
5.019431305696660388e+02
4.994428552393554810e+02
4.962957942222769816e+02
4.927448480581302874e+02
4.889440951436729961e+02
4.849985080218041844e+02
4.809668344407828044e+02
4.768928094900013548e+02
4.728037319292228631e+02
4.687185796629190691e+02
4.646520417004409182e+02
4.606141124270027376e+02
4.566120937152109605e+02
4.526526860557577834e+02
4.487391704201094171e+02
4.448758567256286938e+02
4.410648388291202764e+02
4.373078075866235395e+02
4.336023444888367067e+02
4.299855095967060379e+02
4.264272163584230952e+02
4.229271528064784320e+02
4.194859201980789862e+02
4.161041108173144494e+02
4.127805996633562131e+02
4.095167529103429729e+02
4.063107762625875807e+02
4.031636430178841692e+02
4.000742560474358243e+02
3.970421966993043270e+02
3.940676634498160524e+02
3.911490342089833234e+02
3.882871201066769800e+02
3.854803741819976040e+02
3.827288731539583182e+02
3.800323170647845927e+02
3.773894591744042941e+02
3.748012181467050823e+02
3.722658624754193397e+02
3.697842259782535734e+02
3.673555583722459232e+02
3.649795090194506884e+02
3.626493588848771310e+02
3.603923431432339726e+02
3.581895616347554210e+02
3.560398584586956758e+02
3.539437479402442932e+02
3.519013526037369957e+02
3.499118407039193812e+02
3.479764857958226685e+02
3.460939459489301839e+02
3.442652920147755253e+02
3.424900689536274854e+02
3.407680138043207876e+02
3.391001074019074508e+02
3.374848913403876622e+02
3.359238685197277050e+02
3.344156565919574291e+02
3.329607370202627408e+02
3.315588173349426597e+02
3.302086974716772829e+02
3.289109209885485257e+02
3.276632617560632070e+02
3.264655173619741504e+02
3.253157889917666807e+02
3.242120459100999028e+02
3.231677381126977480e+02
3.221791064290871986e+02
3.212344214221975562e+02
3.203302496136797117e+02
3.194638662697733480e+02
3.186317587718456252e+02
3.178297478814150736e+02
3.170542150175991765e+02
3.163004081086380666e+02
3.155647454680023998e+02
3.148426560200858262e+02
3.141310227878087176e+02
3.134260989038468779e+02
3.127254864421107641e+02
3.120271348212340285e+02
3.113291864952437322e+02
3.106315116884391614e+02
3.099330170404292630e+02
3.092347554459357752e+02
3.085371581112763693e+02
3.078413923456568568e+02
3.071495612455167930e+02
3.064628263545567961e+02
3.057841225809373782e+02
3.051369196749012076e+02
3.044852037268697131e+02
3.038500229301347986e+02
3.032347092889636428e+02
3.026444247418419877e+02
3.020852559147259058e+02
3.015649163673509747e+02
3.010952548978661412e+02
3.006907820980791826e+02
3.003716811714360233e+02
3.001677908553971292e+02
3.001095613631961214e+02
3.002422607512174295e+02
3.006027891968234940e+02
3.012235268403724149e+02
3.021147395746601205e+02
3.032453337204936474e+02
3.045581911994877373e+02
3.059784177618347485e+02
3.074516916796443979e+02
3.089485861040619170e+02
3.104890678821042798e+02
3.120818835087336538e+02
3.137601250942375941e+02
3.155082185397783974e+02
3.172825627067675214e+02
3.190767804823266260e+02
3.208330349772422778e+02
3.224880240013100661e+02
3.239838644618764647e+02
3.252718281001761511e+02
3.263196766204285382e+02
3.271163180407492632e+02
3.276578517126501993e+02
3.279640679163650816e+02
3.280545299910578478e+02
3.279602100923351031e+02
3.277151191112232027e+02
3.273508738758841901e+02
3.269038968660033788e+02
3.264047287973130551e+02
3.258855380886319040e+02
3.253751701663381368e+02
3.249011034411763035e+02
3.244888800272029812e+02
3.241630425739152770e+02
3.239469402658226045e+02
3.238623145598467090e+02
3.239292508071700354e+02
3.241824881046186420e+02
3.246246463303701262e+02
3.252802120253081171e+02
3.261659679345744394e+02
3.273065692329219019e+02
3.286939588955690397e+02
3.303159445801572929e+02
3.321270471075783348e+02
3.340678611145316950e+02
3.360724889554325614e+02
3.380896093437134482e+02
3.400863979912020341e+02
3.420482308546672812e+02
3.439758301329359256e+02
3.458586412105136674e+02
3.476914672586813140e+02
3.494483882266549699e+02
3.511046410097199555e+02
3.526258443751206642e+02
3.539779725128980772e+02
3.551327695451204818e+02
3.560631979209015867e+02
3.567588037399974610e+02
3.572071424923775567e+02
3.573922845573886207e+02
3.573432775552580551e+02
3.570801793446383385e+02
3.566218799986846193e+02
3.559895527550624479e+02
3.552091088066711109e+02
3.542993924151896863e+02
3.532850786534856411e+02
3.521829862287505080e+02
3.510110501177534275e+02
3.497835011941843959e+02
3.485122695909840331e+02
3.472088735438017011e+02
3.458810204504943613e+02
3.445372396852438897e+02
3.431833665583328639e+02
3.418252532838648108e+02
3.404681919830641732e+02
3.391163880466604041e+02
3.377749688378768269e+02
3.364481407188069966e+02
3.351404777289859567e+02
3.338571545238122553e+02
3.326081975265465758e+02
3.313932265854382990e+02
3.302164150130406597e+02
3.290832305224895435e+02
3.280001327985734179e+02
3.269710911768682990e+02
3.260015817681086787e+02
3.250937893425186758e+02
3.242489727013199285e+02
3.234669623034374126e+02
3.227444306319927136e+02
3.220769431244904126e+02
3.214594195028305421e+02
3.208844761718651739e+02
3.203471454395102569e+02
3.198418207431710698e+02
3.193631423004429735e+02
3.189103904895899859e+02
3.184786050486916338e+02
3.180691462226519093e+02
3.176797721715617513e+02
3.173100861054664392e+02
3.169608535898474315e+02
3.166294353209518135e+02
3.163086372004511304e+02
3.160314995745932833e+02
3.157669394763673267e+02
3.155129523305902808e+02
3.152680951133420990e+02
3.150313495984342467e+02
3.148023607989085235e+02
3.145810462820189173e+02
3.143680714292912057e+02
3.141652329031438171e+02
3.139728782636763640e+02
3.137941333615284520e+02
3.136291079537007249e+02
3.134799447055520432e+02
3.133468360523938259e+02
3.132290133150880251e+02
3.131258615325640449e+02
3.130338812767948298e+02
3.129503045049707453e+02
3.128701049344895182e+02
3.127888744405887564e+02
3.127005690709899000e+02
3.126007426616413909e+02
3.124834088002281192e+02
3.123346826656223811e+02
3.122603217990388771e+02
3.121578520298208446e+02
3.120259840276046930e+02
3.118615524113774882e+02
3.116653844569485727e+02
3.114366047400321236e+02
3.111763034161970154e+02
3.108862272376822489e+02
3.105673659901493693e+02
3.102229626729969709e+02
3.098545050083298520e+02
3.094652994758110935e+02
3.090577850574199488e+02
3.086346175144733479e+02
3.081989373633973059e+02
3.077527899836475740e+02
3.072993934800787201e+02
3.068405457885755823e+02
3.063787902657092559e+02
3.059160585869292959e+02
3.054539950494906861e+02
3.049946611665266119e+02
3.045388960814835855e+02
3.041053423820627017e+02
3.037341304952221890e+02
3.033681316148894211e+02
3.030087980605472922e+02
3.026570947039052726e+02
3.023146879649000311e+02
3.019820960347394134e+02
3.016608880021123582e+02
3.013516045240936592e+02
3.010556509206341502e+02
3.007739860163561616e+02
3.005078475385220713e+02
3.002592526928547727e+02
3.000295016549567322e+02
2.998222780119259028e+02
2.996396912673184261e+02
2.994869902981654377e+02
2.993686945709343377e+02
2.992906938046850769e+02
2.992611204441702171e+02
2.992859568852630900e+02
2.993749996341506403e+02
2.995335743215791240e+02
2.997669706846147619e+02
3.001538340726987144e+02
3.006859701839140939e+02
3.013466653326117921e+02
3.021465998209876602e+02
3.030971354730765484e+02
3.042062773642944649e+02
3.054727684384866961e+02
3.068925737023068336e+02
3.084482843673105776e+02
3.101128509249605258e+02
3.118517712257676635e+02
3.136186006783401581e+02
3.153664028399256267e+02
3.170468070616287832e+02
3.186155447588844822e+02
3.200375930842213847e+02
3.212902683366353358e+02
3.223583635707246913e+02
3.232483149359396180e+02
3.239726108945195620e+02
3.245641975828057753e+02
3.250739183854856265e+02
3.255638431798003580e+02
3.261304499546129705e+02
3.269578419930567179e+02
3.280621161192360660e+02
3.296811582407531773e+02
3.319813854249982228e+02
3.351493180161436385e+02
3.392736068412120289e+02
3.443357568809986446e+02
3.501713668913924948e+02
3.564983364385698792e+02
3.629760292830310959e+02
3.693310202841842056e+02
3.753317200675977574e+02
3.808640632925428235e+02
3.858833051472643660e+02
3.903909516305137117e+02
3.944456644627746869e+02
3.981380749754217163e+02
4.015712756938931989e+02
4.048850391524022712e+02
4.082071923310953707e+02
4.116638203528626718e+02
4.153860118516149669e+02
4.194786514308494247e+02
4.240575261622032599e+02
4.291952381200122204e+02
4.349762291156796437e+02
4.415214161229894216e+02
4.488897282917948246e+02
4.571509332216025427e+02
4.663490474103180077e+02
4.764911333705130687e+02
4.876070497924928304e+02
4.996293084762218655e+02
5.124837457066651041e+02
5.259446397731848037e+02
5.396744170952403010e+02
5.532871743745170079e+02
5.664234458220694250e+02
5.788016649297671847e+02
5.903633798781633004e+02
6.009977233266633903e+02
6.106979553907131049e+02
6.193923129372559515e+02
6.269745596309778648e+02
6.334009315833397977e+02
6.386125579142312745e+02
6.426246580915449158e+02
6.455281569642993418e+02
6.472635836456864808e+02
6.481287579323276304e+02
6.483001135621758522e+02
6.478993525465319863e+02
6.470507487980528367e+02
6.458356179462064119e+02
6.443428438028898881e+02
6.426318083446548144e+02
6.407509350445178598e+02
6.387434309988537962e+02
6.366295423012046513e+02
6.344312224185860032e+02
6.321537808134252145e+02
6.297991285332548159e+02
6.273634807235132484e+02
6.248403664710281191e+02
6.222225800711880765e+02
6.195046210806295903e+02
6.166835684982472685e+02
6.137573549546243612e+02
6.107321214114233499e+02
6.076112072425345332e+02
6.044059801273918993e+02
6.011265901009301160e+02
5.977193442426082584e+02
5.942562958040999774e+02
5.907502104618682779e+02
5.872136538220545390e+02
5.836553546563909549e+02
5.800830490882713093e+02
5.765023873010688931e+02
5.729167169634537231e+02
5.693281973694572571e+02
5.657367348579167583e+02
5.621421867549850049e+02
5.585421313909967012e+02
5.549353520595343525e+02
5.513193025349080472e+02
5.476917934368019587e+02
5.440518978549447411e+02
5.403972245281529467e+02
5.367281870407020961e+02
5.330437850171801983e+02
5.293447265580550720e+02
5.256318916280856683e+02
5.219058804739204334e+02
5.181687684575939556e+02
5.144215444844279546e+02
5.106511670946779873e+02
5.068963225380583708e+02
5.031338662607166725e+02
4.993665708846824032e+02
4.955963869731812679e+02
4.918262525096031936e+02
4.880580013290640977e+02
4.842943722928096690e+02
4.805373284583964164e+02
4.767892048812284429e+02
4.730522725325373585e+02
4.693284737998715173e+02
4.656204134065051790e+02
4.619297267950790911e+02
4.582590441739539528e+02
4.546101444741419186e+02
4.509853703187931728e+02
4.473869274648748728e+02
4.438165672448494092e+02
4.402768702596334265e+02
4.367692008490033118e+02
4.332962314589767061e+02
4.298594155939993584e+02
4.264608724108215370e+02
4.231082192331207352e+02
4.197877414299127281e+02
4.165136558063477423e+02
4.132867319902402414e+02
4.101091880900456772e+02
4.069823143209673617e+02
4.039072352821504523e+02
4.008861765576455696e+02
3.979193866288467234e+02
3.950093462536188440e+02
3.921564568152421089e+02
3.893621795485555594e+02
3.866279415512411788e+02
3.839538401956996267e+02
3.813419483415842706e+02
3.787918030370082079e+02
3.763048271292587401e+02
3.738811019529515534e+02
3.715204213954488637e+02
3.692235859211537559e+02
3.669891033189100540e+02
3.648174998658768118e+02
3.627071961592049547e+02
3.606571866976346428e+02
3.586704363891772118e+02
3.567652556934752965e+02
3.549126265128058435e+02
3.531092912154299484e+02
3.513531439870835698e+02
3.496417791218849516e+02
3.479719762161157632e+02
3.463420513013400068e+02
3.447487556314714539e+02
3.431900961032139321e+02
3.416638553359355228e+02
3.401673890601090875e+02
3.386994713154332999e+02
3.372575518408043536e+02
3.358404248616949985e+02
3.344465563384826510e+02
3.330744254417853085e+02
3.317234546062732079e+02
3.303922029276579337e+02
3.290804801857019584e+02
3.277874983639715083e+02
3.265130990665052195e+02
3.252573887800846819e+02
3.240202843074587236e+02
3.227973662115415436e+02
3.215993588541251711e+02
3.204218744976469679e+02
3.192666643995685831e+02
3.181362844224350965e+02
3.170343821606728625e+02
3.159647382734557368e+02
3.149340765063865319e+02
3.139499916802027997e+02
3.130242957543575812e+02
3.121744598147269016e+02
3.114220995086767516e+02
3.108027587800403353e+02
3.103590312781814760e+02
3.101520640345808033e+02
3.102585791324863180e+02
3.107626578492827889e+02
3.117693036210783930e+02
3.133696971032899228e+02
3.156799020302070744e+02
3.187898105692274271e+02
3.228269815965994098e+02
3.278163436312955241e+02
3.337077969021273702e+02
3.401992660373662147e+02
3.468084010614990120e+02
3.532224961932645328e+02
3.591122266776241077e+02
3.642984300283470702e+02
3.687200697072407820e+02
3.723841300161238337e+02
3.752688900264122935e+02
3.774037177637095510e+02
3.787854826463375275e+02
3.794888387413145665e+02
3.795963538530029950e+02
3.792083600742217868e+02
3.784353829295231435e+02
3.773651236482889999e+02
3.760810152483331876e+02
3.746442292308191782e+02
3.731043497153418116e+02
3.714987487820669685e+02
3.698549613290909406e+02
3.681931084022862706e+02
3.665277160917107722e+02
3.648692590050801527e+02
3.632248596400356746e+02
3.615689381823316353e+02
3.599537576733925448e+02
3.583624322853590911e+02
3.567960237945250697e+02
3.552557543359443457e+02
3.537422694881900611e+02
3.522557170913998448e+02
3.507968088889164164e+02
3.493649830579590798e+02
3.479607544612004517e+02
3.465835680890788240e+02
3.452333106817746398e+02
3.439097087401816566e+02
3.426118845197253791e+02
3.413397199621310278e+02
3.400918860604099905e+02
3.388678094897492201e+02
3.376661978721477908e+02
3.364856573968925773e+02
3.353250479960213966e+02
3.341823973838331199e+02
3.330564502082235094e+02
3.319452416546018299e+02
3.308470820122390705e+02
3.297560621908212397e+02
3.286810380144797250e+02
3.276127634829171029e+02
3.265499007008940566e+02
3.254916501914525497e+02
3.244375628519945280e+02
3.233871527274502000e+02
3.223408205036911909e+02
3.212986317681387050e+02
3.202614012347627295e+02
3.192300774993798314e+02
3.182056889935626032e+02
3.171899903475491556e+02
3.161842253288147049e+02
3.151905018625143384e+02
3.142105113488436245e+02
3.132462739793004403e+02
3.123000336184566663e+02
3.113735104253744339e+02
3.104692114270819729e+02
3.095887038011053392e+02
3.087342831933398770e+02
3.079076912898227647e+02
3.071105253843276159e+02
3.063397459143033643e+02
3.056083654438214694e+02
3.049112821210239304e+02
3.042490241486292462e+02
3.036227630639515951e+02
3.030331717279714212e+02
3.024801668825122647e+02
3.019645556700151587e+02
3.014853376328613308e+02
3.010427987623709782e+02
3.006357215124222080e+02
3.002632238612711149e+02
2.999242843717440792e+02
2.996168704854202929e+02
2.993399178406263559e+02
2.990908503625179264e+02
2.988680957269161240e+02
2.986691185731186238e+02
2.984915848865109638e+02
2.983332923892698432e+02
2.981914154150438776e+02
2.980639176621767774e+02
2.979479590797783999e+02
2.978414861119734951e+02
2.977476149825171774e+02
2.976612468740306099e+02
2.975774188171201331e+02
2.974941585501530881e+02
2.974099398542477388e+02
2.973229929308928945e+02
2.972322074139878509e+02
2.971362026989845617e+02
2.970341805030163300e+02
2.969252142079017176e+02
2.968087437647224647e+02
2.966844295010245673e+02
2.965518720237603247e+02
2.964112272887597896e+02
2.962623389882564311e+02
2.961056752110489469e+02
2.959414174188422635e+02
2.957701494780174585e+02
2.955925030924908015e+02
2.954090937835846375e+02
2.952208586870646059e+02
2.950284690258016553e+02
2.948330570271095894e+02
2.946355001072948880e+02
2.944293099980805550e+02
2.942229374748717419e+02
2.940180574345521336e+02
2.938159695192808272e+02
2.936178995316174110e+02
2.934253571271004262e+02
2.932396515683268490e+02
2.930625446100062845e+02
2.928955031250756065e+02
2.927404944205912329e+02
2.925994115587882334e+02
2.924743069938760414e+02
2.923677585290296292e+02
2.922819032515711228e+02
2.922200633443578113e+02
2.921848354468312436e+02
2.921798659360503621e+02
2.922088265039513431e+02
2.922751952218899874e+02
2.923838956598279424e+02
2.925381856971187631e+02
2.927432820074902793e+02
2.930027798004929878e+02
2.933203647523106383e+02
2.936961094407495239e+02
2.941417831506630591e+02
2.946508936869265085e+02
2.952211519010790539e+02
2.958499252247706295e+02
2.965318487067069100e+02
2.972585456711829579e+02
2.980205782643088241e+02
2.988051394279680721e+02
2.995985886905794473e+02
3.003858162494055932e+02
3.011516854378841117e+02
3.018805398040989303e+02
3.025595757762019389e+02
3.031753588120359950e+02
3.037190698158032660e+02
3.041830169703004003e+02
3.045619643565877368e+02
3.048552889199359583e+02
3.050614115076592157e+02
3.051846355522869203e+02
3.052276365553682353e+02
3.051962997263238435e+02
3.050970788735223778e+02
3.049281364821505349e+02
3.046971291691263559e+02
3.044191465310291278e+02
3.041018122274311963e+02
3.037508993639852974e+02
3.033723281808428283e+02
3.029715383520351679e+02
3.025529571984176300e+02
3.021211756785751845e+02
3.016796144148782446e+02
3.012319304958002704e+02
3.007809125733860469e+02
3.003294956814190186e+02
2.998800651216537290e+02
2.994350932882420011e+02
2.989967998883788596e+02
2.985674070696524041e+02
2.981492148563468731e+02
2.977442845616370732e+02
2.973551078299641404e+02
2.969836056557161896e+02
2.966324417107582576e+02
2.963035874170635680e+02
2.959994749879600704e+02
2.957260333479568430e+02
2.954759428793584561e+02
2.952572225716411936e+02
2.950710987662670846e+02
2.949198558363844995e+02
2.948047226137119310e+02
2.947271117235621318e+02
2.946885459227035540e+02
2.946895691505673085e+02
2.947316836331507375e+02
2.948150740627153255e+02
2.949407021291791011e+02
2.951086260481352497e+02
2.953189184049458618e+02
2.955710939136509978e+02
2.958639060753740182e+02
2.961957032506638825e+02
2.965634511999182337e+02
2.969635904368985848e+02
2.973913588475873553e+02
2.978414022278178663e+02
2.983077461458500466e+02
2.987847666152567854e+02
2.992660110437601020e+02
2.997410960266743132e+02
3.002393399856665610e+02
3.007334283261250221e+02
3.012207035544847713e+02
3.016978968776801935e+02
3.021638099358563068e+02
3.026151311206962191e+02
3.030506439189875323e+02
3.034680737919661055e+02
3.038650220832253694e+02
3.042403812442275353e+02
3.045912435938240606e+02
3.049170170648532689e+02
3.052157333459717279e+02
3.054863867519280802e+02
3.057285584445045288e+02
3.059410247868143529e+02
3.061243452202677418e+02
3.062781494794909349e+02
3.064030701201419902e+02
3.064999668301686597e+02
3.065693574636117091e+02
3.066128605032282621e+02
3.066316117506664796e+02
3.066054718871704381e+02
3.066115674383726741e+02
3.066021352185567821e+02
3.065783392259072002e+02
3.065412160082721016e+02
3.064915763445206949e+02
3.064305909806037675e+02
3.063590584220651181e+02
3.062778672187892539e+02
3.061878979455799481e+02
3.060896368544566712e+02
3.059838459147820231e+02
3.058708741525921369e+02
3.057510414867682016e+02
3.056247429685506063e+02
3.054919165372927523e+02
3.053529522226581889e+02
3.052076113050479762e+02
3.050560343027719910e+02
3.048982188953257264e+02
3.047340767826630668e+02
3.045638193226470776e+02
3.043872724224171407e+02
3.042048439444876635e+02
3.039921058589429776e+02
3.037809993488149303e+02
3.035619405822710632e+02
3.033353680546806572e+02
3.031023938571449321e+02
3.028633258980780170e+02
3.026192371507079883e+02
3.023708567970679155e+02
3.021187688510674434e+02
3.018640899899245369e+02
3.016069945254227491e+02
3.013484509595771215e+02
3.010887547488536597e+02
3.008282939664735522e+02
3.005675357250726734e+02
3.003063790636900876e+02
3.000452814330216142e+02
2.997840177377647137e+02
2.995228822686750618e+02
2.992617598438574760e+02
2.990009133885152437e+02
2.987403710067197267e+02
2.984805822664748121e+02
2.982219730180763690e+02
2.979536062608047473e+02
2.976980676105113162e+02
2.974441924100595998e+02
2.971937309777292171e+02
2.969478649055725441e+02
2.967084541702335514e+02
2.964770517684286233e+02
2.962554088377062271e+02
2.960454834363966938e+02
2.958488356361478395e+02
2.956676038105027260e+02
2.955030915521919042e+02
2.953573329036115638e+02
2.952315333988084376e+02
2.951273842449897415e+02
2.950461948057687778e+02
2.949892115950262905e+02
2.949579169977964170e+02
2.949530768231958291e+02
2.949765332596965095e+02
2.950288813561887196e+02
2.951121294655688416e+02
2.952272281087823558e+02
2.953758209355249846e+02
2.955679725301502572e+02
2.958021054479220879e+02
2.960740837631012141e+02
2.963842858531969000e+02
2.967353869944523694e+02
2.971282413780527349e+02
2.975645326369744339e+02
2.980464669151513135e+02
2.985747386305995406e+02
2.991529936284983933e+02
2.997824733974865126e+02
3.004683348196556949e+02
3.012141716125825042e+02
3.020261972083593491e+02
3.029110111724965009e+02
3.038736202094598298e+02
3.049206422567663139e+02
3.060514812707655778e+02
3.072645298414136619e+02
3.085494728681999277e+02
3.098900975206805697e+02
3.112664207223461403e+02
3.126551439535970758e+02
3.140305108693865463e+02
3.153723360415846173e+02
3.166897613908216158e+02
3.179417438644288723e+02
3.191183304291580498e+02
3.202079955782866705e+02
3.212070824958391881e+02
3.221068337667805963e+02
3.229018370874924244e+02
3.235895799678348226e+02
3.241640128604288407e+02
3.246266189569242329e+02
3.249769788218623603e+02
3.252173729916357274e+02
3.253549624176154111e+02
3.253937494477331143e+02
3.253445625370837320e+02
3.252168807487819890e+02
3.250223796751758982e+02
3.247788051000935639e+02
3.245067242233362776e+02
3.242439623174317944e+02
3.240539001545383826e+02
3.240426093527438525e+02
3.244080297717642907e+02
3.253689504138849315e+02
3.274718515306873883e+02
3.305791852081264892e+02
3.345344426793591310e+02
3.394132909735196790e+02
3.454052737895071914e+02
3.525376767536353668e+02
3.607746550601796685e+02
3.701816200535221810e+02
3.808745681008341535e+02
3.925811807920142655e+02
4.044797678375746841e+02
4.157214958309846793e+02
4.254235457453806930e+02
4.329382329955280397e+02
4.380554097498491615e+02
4.409911989466812656e+02
4.421455964339021989e+02
4.420721227989097883e+02
4.411540184157897215e+02
4.397195986326134403e+02
4.379715359035598681e+02
4.360398100452072754e+02
4.340134220163499776e+02
4.319018512419937679e+02
4.298295981552063267e+02
4.277608681438176745e+02
4.257079010410379851e+02
4.236786718748842873e+02
4.216776741591912696e+02
4.197071359768160619e+02
4.177687969025649863e+02
4.158623824963661946e+02
4.139879011277312202e+02
4.121445148123589775e+02
4.103308010263377810e+02
4.085458717836026494e+02
4.067877057516325294e+02
4.050550816575907334e+02
4.033462260700253523e+02
4.016593948180682787e+02
3.999932733380620107e+02
3.983459567853718681e+02
3.967162970038627350e+02
3.951027319333280161e+02
3.935040905989895919e+02
3.919192767213972957e+02
3.903471299886072643e+02
3.887384382868745547e+02
3.871702040421191668e+02
3.856086716200082378e+02
3.840532510511256987e+02
3.825037395824385271e+02
3.809597603995431427e+02
3.794210324923967050e+02
3.778874338625560654e+02
3.763585885766242427e+02
3.748344418060954126e+02
3.733146947906301421e+02
3.717991254583815817e+02
3.702876580034301810e+02
3.687799728198750699e+02
3.672759851888943672e+02
3.657755560692667700e+02
3.642784732563173975e+02
3.627848641898411870e+02
3.612945561674420105e+02
3.598076213751486989e+02
3.583242373966315313e+02
3.568443772332860817e+02
3.553685717407238371e+02
3.538968680759570589e+02
3.523905592944315686e+02
3.509138112213360614e+02
3.494415756212137012e+02
3.479749580277313612e+02
3.465146558478797942e+02
3.450619953536125308e+02
3.436176588405474490e+02
3.421829526766008485e+02
3.407587410674677812e+02
3.393460896964718359e+02
3.379462086993343632e+02
3.365597856296996042e+02
3.351882950763912277e+02
3.338323266128231239e+02
3.324933194297916543e+02
3.311723767370129394e+02
3.298709800931870859e+02
3.285921449563234660e+02
3.273408820274118511e+02
3.261325966483315710e+02
3.250144444687790610e+02
3.241231294358916557e+02
3.239658530246464920e+02
3.258046625076800069e+02
3.319050037202874250e+02
3.415301707069027088e+02
3.505166378554083053e+02
3.611813302598652058e+02
3.768723069902012526e+02
3.926110595290240326e+02
4.081962344666493436e+02
4.262862207936004211e+02
4.402214628315499567e+02
4.505819376279796415e+02
4.686319805281848403e+02
4.977761284122483971e+02
5.240043450997191030e+02
5.420329861736732937e+02
5.598573354335445629e+02
5.766519253712378941e+02
5.946917822805468177e+02
6.158469989614828819e+02
6.333804764661786066e+02
6.409650396110758948e+02
6.413232180079576210e+02
6.389202140767902165e+02
6.356883560631313230e+02
6.321339683391767039e+02
6.284884023544029787e+02
6.247431830405215578e+02
6.208990496149837099e+02
6.169767106505000811e+02
6.129961788467551287e+02
6.089790326094574766e+02
6.049481976229250222e+02
6.009288111792617428e+02
5.969505661432988290e+02
5.930419683630259442e+02
5.892440605877739017e+02
5.855887911928624590e+02
5.821282182639986331e+02
5.789007057696272796e+02
5.759601661703065929e+02
5.733529515780193151e+02
5.711150548457605964e+02
5.692880315600341419e+02
5.678625417287369146e+02
5.668539653300939563e+02
5.662126806126384508e+02
5.659511495479811174e+02
5.660249444553116973e+02
5.664547231158298928e+02
5.673219023464208703e+02
5.682985447994665265e+02
5.693418489180030519e+02
5.703122480308138620e+02
5.712100160170787149e+02
5.721162095883710208e+02
5.733659036405430243e+02
5.752163929293724323e+02
5.778016119621275948e+02
5.806982787845246321e+02
5.832202635339814378e+02
5.846911803122823130e+02
5.849922484842740005e+02
5.842884693604933091e+02
5.829265964833200542e+02
5.811814599627947473e+02
5.792140264368866838e+02
5.771269604839642398e+02
5.749514589975933632e+02
5.727084705493374486e+02
5.704030750377215782e+02
5.680388706942731005e+02
5.656302932726306381e+02
5.631901096653122067e+02
5.607861084620774363e+02
5.585706053654605512e+02
5.564156463794672618e+02
5.543747056610369555e+02
5.525100682795829243e+02
5.508978274723992854e+02
5.496313495992581011e+02
5.488244298208602459e+02
5.486001516848768915e+02
5.491125156423732960e+02
5.505032336280597747e+02
5.528772030999998606e+02
5.580885329692504229e+02
5.628637449971818114e+02
5.680525921054935452e+02
5.730667384205626149e+02
5.772659497582604899e+02
5.801241936648078763e+02
5.813870129738828609e+02
5.810082489115613953e+02
5.792133194467735393e+02
5.762802873636931054e+02
5.725056077764683096e+02
5.681616603976219722e+02
5.634425229357908620e+02
5.586924097530055633e+02
5.538321114303515742e+02
5.489343269109099310e+02
5.440492513940268964e+02
5.392096787067861214e+02
5.344394747683377318e+02
5.297586475504592727e+02
5.251784296118053135e+02
5.207143259681405425e+02
5.163767755925382517e+02
5.121756905021192097e+02
5.081258591288685693e+02
5.042306106377365040e+02
5.005015775849685156e+02
4.969361024962425404e+02
4.935304255804695686e+02
4.902743453582668849e+02
4.871453469275510315e+02
4.841212934009407718e+02
4.811707786381780352e+02
4.782632927453600473e+02
4.753704209536625171e+02
4.724666455497468291e+02
4.695358909620053396e+02
4.666077503468567329e+02
4.636160029469519372e+02
4.605589109969609467e+02
4.574346994386634719e+02
4.542442446260575935e+02
4.509934694383508145e+02
4.476853295905687560e+02
4.443280987892465532e+02
4.409287566178580278e+02
4.374945473438768886e+02
4.340351586828254540e+02
4.305576933154032417e+02
4.270709685681371752e+02
4.235831781908806306e+02
4.201007918652671265e+02
4.166320383369254614e+02
4.131822576564206884e+02
4.097574444474772122e+02
4.063629509668135711e+02
4.030022409833351276e+02
3.996801869606311470e+02
3.963990968217363502e+02
3.931621225091387828e+02
3.899774351542554314e+02
3.868057807620990616e+02
3.836856151043136265e+02
3.806170857514546810e+02
3.776018503853777588e+02
3.746404456524879834e+02
3.717329691078516589e+02
3.688807217446145614e+02
3.660828829405712099e+02
3.633406522578911790e+02
3.606535916525689913e+02
3.580218249961377524e+02
3.554459579734739805e+02
3.529251528244654423e+02
3.504605570868438349e+02
3.480514276984937396e+02
3.456984158876669539e+02
3.434018071340645406e+02
3.411613665925067380e+02
3.389784001450009328e+02
3.368524398626252605e+02
3.347850215612526199e+02
3.327765809074401773e+02
3.308281694201975824e+02
3.289447389545305782e+02
3.271069805811661695e+02
3.253398699350656216e+02
3.236469690850170764e+02
3.220357272566128017e+02
3.205159068439060093e+02
3.191033635215803201e+02
3.178232273568157780e+02
3.167134288517933101e+02
3.158340210145765354e+02
3.152622214248592059e+02
3.151100830120992100e+02
3.154965835077702536e+02
3.165824981083694070e+02
3.186120428329462584e+02
3.218656762999056014e+02
3.267099654892563194e+02
3.333828551675341032e+02
3.421496889795905076e+02
3.534407530599834786e+02
3.671399172454029554e+02
3.825091821736323823e+02
3.984144067704330041e+02
4.138772009152525015e+02
4.284965657276037518e+02
4.417281997947774812e+02
4.526170412864066748e+02
4.603871941549649591e+02
4.649684730399778800e+02
4.668784570240733274e+02
4.669191240732486108e+02
4.657297525173834174e+02
4.638052737769268674e+02
4.614512960766041942e+02
4.588481361279373232e+02
4.561007629860713450e+02
4.532653276896418788e+02
4.503753306335864863e+02
4.474487214361870997e+02
4.444961862739403387e+02
4.415245720784457717e+02
4.385375146372437598e+02
4.355384964727723514e+02
4.325304296494679761e+02
4.295153115623915596e+02
4.264971442671752584e+02
4.234777751985234318e+02
4.204617945081785706e+02
4.174805388361120322e+02
4.143709935446168515e+02
4.112948710806455779e+02
4.082586527563414052e+02
4.052756879230241793e+02
4.023617114093974578e+02
3.995456403212809846e+02
3.968713714653599709e+02
3.944081457101847263e+02
3.922750687776979248e+02
3.906265454642134500e+02
3.897124601579806153e+02
3.897359416857012206e+02
3.908165540847477359e+02
3.927348574857524568e+02
3.949927612009042264e+02
3.970668907322458381e+02
3.987181836079031996e+02
3.999048044099167214e+02
4.008046711509604734e+02
4.015515574936542293e+02
4.022443504871179130e+02
4.029054185752495982e+02
4.034866916461508026e+02
4.038934077336039081e+02
4.042676051818800715e+02
4.043906254696094038e+02
4.042754442912488457e+02
4.039250823231391223e+02
4.033625204597996685e+02
4.026094744265834038e+02
4.016770673472167914e+02
4.005894079456455756e+02
3.993578336137645124e+02
3.979974819665051768e+02
3.965256337712502273e+02
3.949524003594361830e+02
3.932956919612127535e+02
3.915673399291309806e+02
3.897794098803615270e+02
3.879452986967195329e+02
3.860730139018008913e+02
3.841738601241747233e+02
3.822555283562006139e+02
3.803249090758487228e+02
3.783895976154631740e+02
3.764538341892668427e+02
3.745235903229018959e+02
3.725565516300218860e+02
3.706545937288399273e+02
3.687656102996243703e+02
3.668914866748744430e+02
3.650354642991384821e+02
3.631991452650771635e+02
3.613842461042252694e+02
3.595926703871072050e+02
3.578249681130642443e+02
3.560829333601521398e+02
3.543668995391905696e+02
3.526778242805065133e+02
3.510164634973306192e+02
3.493828335526961837e+02
3.477780384630673325e+02
3.462016978706819259e+02
3.446545738228565483e+02
3.431366408419239633e+02
3.416478329736232809e+02
3.401887151933603946e+02
3.387585988701780479e+02
3.373581311115174231e+02
3.359867721704732162e+02
3.346445502526104860e+02
3.332970628117155911e+02
3.320011711240122736e+02
3.307335901320312246e+02
3.294937113485285067e+02
3.282819766268488593e+02
3.270982649320635574e+02
3.259421464603103686e+02
3.248140787943075338e+02
3.237130853570035924e+02
3.226395317933207707e+02
3.215926946429938198e+02
3.205721803534784726e+02
3.195778903440725571e+02
3.186087243876642106e+02
3.176648079645665348e+02
3.167450067548980996e+02
3.158490103305096568e+02
3.149762087500394614e+02
3.141256051888972820e+02
3.132970643775697113e+02
3.124893065565858592e+02
3.117021887465734835e+02
3.109347210704225972e+02
3.101863063861725891e+02
3.094438417131894425e+02
3.087458277370230917e+02
3.080651179765401935e+02
3.074006568944379296e+02
3.067522543767613001e+02
3.061192695990554853e+02
3.055011772052678225e+02
3.048978597036577298e+02
3.043085844899119934e+02
3.037335075134504905e+02
3.031720326620552441e+02
3.026241419116206544e+02
3.020896984674628243e+02
3.015683995128122774e+02
3.010605365249525676e+02
3.005657122893226756e+02
3.000842374186812549e+02
2.996159924356536521e+02
2.991610283346635697e+02
2.987196352572977958e+02
2.982916659020650059e+02
2.978775876726797378e+02
2.974773656182700847e+02
2.970912999602731475e+02
2.967181467950515525e+02
2.963919438453629596e+02
2.960789428260189879e+02
2.957791025924409496e+02
2.954927251979529501e+02
2.952199952409082471e+02
2.949609231959403814e+02
2.947158913068118977e+02
2.944847554503180618e+02
2.942677910456465611e+02
2.940649421236751664e+02
2.938760816568349128e+02
2.937012958649689836e+02
2.935400896639874873e+02
2.933924621444082845e+02
2.932577892248933153e+02
2.931356954259411509e+02
2.930255904056606937e+02
2.929265945462381069e+02
2.928381079633812760e+02
2.927589262047112015e+02
2.926882878229250196e+02
2.926248819663902054e+02
2.925676683637937003e+02
2.925161465823117624e+02
2.924741435789703701e+02
2.924345492565319660e+02
2.923958652567611693e+02
2.923571264693040916e+02
2.923170078619767196e+02
2.922748567266327768e+02
2.922297874555974317e+02
2.921814383578025058e+02
2.921295861032133985e+02
2.920741591343128221e+02
2.920156425451617110e+02
2.919543624109442703e+02
2.918913590989966451e+02
2.918275543376244627e+02
2.917643901305576151e+02
2.917033130019651708e+02
2.916461305083795423e+02
2.915947042348990408e+02
2.915512481442272019e+02
2.915178972009040308e+02
2.914970291265860851e+02
2.914912231578887827e+02
2.915026889486717323e+02
2.915476419425574477e+02
2.916242332334000480e+02
2.917279682208354643e+02
2.918608254901761825e+02
2.920251554606114723e+02
2.922232452137450309e+02
2.924562951616838973e+02
2.927267060323116539e+02
2.930347428940258965e+02
2.933821191379113316e+02
2.937689007324838713e+02
2.941952097767156715e+02
2.946610776927601023e+02
2.951649931935342579e+02
2.957064679312155704e+02
2.962827989475357526e+02
2.968921807125770442e+02
2.975312498167958779e+02
2.981965104941476739e+02
2.988838707700321606e+02
2.995886106992926443e+02
3.003060452222675849e+02
3.010305597259628030e+02
3.017570442815730303e+02
3.024915571229140028e+02
3.032090263896668603e+02
3.039097750524465482e+02
3.045892382284895348e+02
3.052428076213896588e+02
3.058659306679732595e+02
3.064554790882305610e+02
3.070073685208749339e+02
3.075197521822890394e+02
3.079897854352188347e+02
3.084162139704503716e+02
3.087980655332233368e+02
3.091344577657546324e+02
3.094260563911506665e+02
3.096725156997479758e+02
3.098753381935822517e+02
3.100351758272034317e+02
3.101535521079193813e+02
3.102323263304838861e+02
3.102727172405740248e+02
3.102772196620405225e+02
3.102470362815714680e+02
3.101845295458964529e+02
3.100914398047997906e+02
3.099750299145529198e+02
3.098392903421244569e+02
3.096798457252643857e+02
3.094988385471815491e+02
3.092975024844707264e+02
3.090774435288128643e+02
3.088401860166180199e+02
3.085867906737857993e+02
3.083188793528139513e+02
3.080373762134722142e+02
3.077436560114821305e+02
3.074387553829053559e+02
3.071237206652888858e+02
3.067997692758207222e+02
3.064677946922572573e+02
3.061289540581057054e+02
3.057841095132749274e+02
3.054342963843425878e+02
3.050804104096566789e+02
3.047233380734812727e+02
3.043639473607637456e+02
3.040030211434987564e+02
3.036413519658227642e+02
3.032795288649329564e+02
3.029363982559432884e+02
3.026038223106327223e+02
3.022732254902033446e+02
3.019448536134319738e+02
3.016190361560178417e+02
3.012961245282289156e+02
3.009762475881503860e+02
3.006598862045207738e+02
3.003471679606450380e+02
3.000385743457432000e+02
2.997344869811645935e+02
2.994353454624190931e+02
2.991419553179796367e+02
2.988549393288722626e+02
2.985755205946173874e+02
2.983047771162169397e+02
2.980443648148792022e+02
2.977961242350247062e+02
2.975621413959559050e+02
2.973452112540102235e+02
2.971479568369917956e+02
2.969740652833891090e+02
2.968269517474819281e+02
2.967107336816667953e+02
2.966265764715120099e+02
2.966123728199220864e+02
2.966512602742969875e+02
2.967474347674576620e+02
2.969051850635100323e+02
2.971273012213474090e+02
2.974143084215777435e+02
2.977667246418947116e+02
2.981813627130953250e+02
2.986552272537151680e+02
2.991832103755953085e+02
2.997583605858486635e+02
3.003748844777915679e+02
3.010234900659572759e+02
3.016972898545593011e+02
3.023875408512143395e+02
3.030858521992794863e+02
3.037851451371150802e+02
3.044772645164229630e+02
3.051566686985332808e+02
3.058171212271650461e+02
3.064544831546857608e+02
3.070651270244574675e+02
3.076473710146432836e+02
3.081778430697137310e+02
3.087155049496976176e+02
3.092252018642676035e+02
3.097108218431724822e+02
3.101793271044823541e+02
3.106375295713806395e+02
3.110958189537955150e+02
3.115652064427605410e+02
3.120581263375343610e+02
3.125900246365118846e+02
3.131745097688191777e+02
3.138285468192779604e+02
3.145652180440582697e+02
3.153968707776706992e+02
3.163315365149559284e+02
3.173702807766745195e+02
3.185082099730275331e+02
3.197301750492471228e+02
3.210134429012761075e+02
3.223262228689453650e+02
3.236335251961454560e+02
3.248927822101773017e+02
3.260678107311569534e+02
3.271193314777004844e+02
3.280005909864580644e+02
3.287541118203680526e+02
3.293194708536037751e+02
3.296949159139011272e+02
3.298874603113181934e+02
3.299299070203955466e+02
3.299028919455122377e+02
3.300096368523610408e+02
3.307108523059541767e+02
3.331551597523948658e+02
3.393020888369612749e+02
3.515066652465741299e+02
3.688915932329393854e+02
3.874537908897210059e+02
4.048344780270824685e+02
4.224703020640630484e+02
4.436173151089714111e+02
4.697907283597020296e+02
4.985499506679840920e+02
5.259626254311142475e+02
5.465468009341802826e+02
5.573666817565672318e+02
5.602959721827401154e+02
5.595575095205800835e+02
5.574852111211524743e+02
5.550717104770220658e+02
5.525477041148373019e+02
5.500217207160485486e+02
5.475438076026711087e+02
5.451357600638532404e+02
5.428085063277533209e+02
5.405755937083457638e+02
5.384331830659070874e+02
5.363837422503927428e+02
5.344165719468225006e+02
5.325196669574105499e+02
5.306771568204533196e+02
5.288687408977625637e+02
5.270754993068474050e+02
5.252781812679417044e+02
5.234611122369717577e+02
5.216103869793386139e+02
5.197196568453772443e+02
5.177804824681704758e+02
5.157951785283872823e+02
5.137632509505202734e+02
5.116891115333785933e+02
5.095790664303722792e+02
5.074640848854921842e+02
5.053338989178625980e+02
5.031760067554786815e+02
5.009984106825380081e+02
4.988069283983929267e+02
4.966062459377372420e+02
4.944017151873456442e+02
4.921960262002522768e+02
4.899929109944561674e+02
4.877944440704945919e+02
4.856022749963210003e+02
4.834177290191649377e+02
4.812413964866314018e+02
4.790737520372323388e+02
4.769148610382787865e+02
4.747644621982484523e+02
4.726222091726620533e+02
4.704874582128451834e+02
4.683596063702194101e+02
4.662377834342294136e+02
4.641212479493516412e+02
4.620091545969187337e+02
4.599006158205996257e+02
4.577950411334679757e+02
4.556928092894298175e+02
4.535968325606112330e+02
4.514999677126858728e+02
4.494018618305879045e+02
4.473025903787801099e+02
4.452016200717888523e+02
4.430993351581943784e+02
4.409956017231866099e+02
4.388906233350095363e+02
4.367849817115139217e+02
4.346786206016544725e+02
4.325724701221521968e+02
4.304667436680348942e+02
4.283621730728784200e+02
4.262595204605095205e+02
4.241591713783989803e+02
4.220621719598858590e+02
4.199688980484850163e+02
4.178802163721603051e+02
4.157967976159573595e+02
4.137191578505237430e+02
4.116481124284842394e+02
4.095840568585370534e+02
4.075276980910811631e+02
4.054749307031402168e+02
4.033843304652435791e+02
4.013037371184639710e+02
3.992336473420806442e+02
3.971746879452276744e+02
3.951273696379513467e+02
3.930921612863439236e+02
3.910696620988622954e+02
3.890602301953257438e+02
3.870643968153039509e+02
3.850825866542518838e+02
3.831151818790524999e+02
3.811626827321445603e+02
3.792253267525128422e+02
3.773035712085286377e+02
3.753976880415954156e+02
3.735079898264798999e+02
3.716348169259262590e+02
3.697782986562791052e+02
3.679388020453927766e+02
3.661163902516237840e+02
3.643113681557969699e+02
3.625238542533695068e+02
3.607539988233631902e+02
3.589976050622042294e+02
3.572529070730715262e+02
3.555270840700150075e+02
3.538199755681686156e+02
3.521317210897655059e+02
3.504622899820903399e+02
3.488115684415406577e+02
3.471798361548492835e+02
3.455667910938398677e+02
3.439727425973979393e+02
3.423975713634797557e+02
3.408412885043806000e+02
3.393041937321642649e+02
3.377860260021853378e+02
3.362872872139437277e+02
3.348078438780204351e+02
3.333479862677635879e+02
3.319080547669264547e+02
3.304880790504012680e+02
3.290887651877789608e+02
3.277101969417965961e+02
3.263530857609624718e+02
3.250180231583540262e+02
3.237055479430265450e+02
3.224158592605064086e+02
3.211257792435495730e+02
3.198635631701015996e+02
3.186300864367731833e+02
3.174267435904226886e+02
3.162552167489671433e+02
3.151168550412546097e+02
3.140142007329577041e+02
3.129489926496736985e+02
3.119243274371803523e+02
3.109430737069322390e+02
3.100085264734314023e+02
3.091252026500999932e+02
3.082969281787189857e+02
3.075299512876823655e+02
3.068299174133333054e+02
3.062048297791270670e+02
3.056640269192251367e+02
3.052183072671049899e+02
3.048842216607191062e+02
3.046806087434135293e+02
3.046402360679924755e+02
3.048067901482321531e+02
3.052547069327574150e+02
3.061029131003261909e+02
3.075135557653145497e+02
3.098191160665661528e+02
3.134228101525635566e+02
3.189101439190989709e+02
3.267385487210528368e+02
3.370881600318171536e+02
3.494491606786488660e+02
3.627448272766964124e+02
3.755749871477588044e+02
3.870234350654447439e+02
3.965693105473364994e+02
4.044081748571954904e+02
4.107621263055396525e+02
4.158097118588908074e+02
4.194974808930951440e+02
4.217715644922603246e+02
4.226543925277312610e+02
4.223943364396217248e+02
4.212290136666533726e+02
4.194482334731604851e+02
4.172651389099819426e+02
4.148392935684392455e+02
4.122972285772219720e+02
4.097131091509697285e+02
4.071655821221220890e+02
4.046932589609372144e+02
4.023323156069257038e+02
4.001133002440458313e+02
3.980609276671266912e+02
3.961870810676161341e+02
3.945047219633331110e+02
3.930087812050202842e+02
3.916918862443797593e+02
3.905356613937360635e+02
3.895135684786799288e+02
3.885954242121815128e+02
3.877474850755829721e+02
3.869376903642063326e+02
3.861337868626777095e+02
3.853130311729948971e+02
3.842123402621327273e+02
3.828610296911314776e+02
3.818501156911822250e+02
3.807792832380865775e+02
3.796582144483824663e+02
3.784959294011101179e+02
3.773087207606145626e+02
3.761300533076814077e+02
3.749315853156485332e+02
3.737661057236271631e+02
3.726536445356455260e+02
3.716154035538510243e+02
3.706770197163997977e+02
3.698658929785817122e+02
3.692189868941713371e+02
3.687834277218962598e+02
3.686249882074040443e+02
3.688268528340581724e+02
3.694978074441090712e+02
3.707154929556964476e+02
3.725068307380495298e+02
3.747599386631571861e+02
3.772527162476919216e+02
3.797392593520465880e+02
3.820657192454794426e+02
3.841580573373680068e+02
3.860502267875066309e+02
3.877607592334295532e+02
3.893107402132654897e+02
3.906793850016222791e+02
3.918281023323425529e+02
3.927106043113658984e+02
3.933237948688491201e+02
3.935760591865166589e+02
3.934709737310732862e+02
3.930156842975728182e+02
3.922428116885802183e+02
3.911901715661602452e+02
3.898901603321126004e+02
3.883862629062950305e+02
3.867065183182378973e+02
3.848838172070685459e+02
3.829444886685673168e+02
3.809085885909776152e+02
3.787990741353960971e+02
3.766306943467908468e+02
3.744202273411416968e+02
3.721819144688142273e+02
3.699275035935270353e+02
3.676705975940303119e+02
3.654228528777915699e+02
3.631965827193509426e+02
3.610058533609106917e+02
3.588649846562798871e+02
3.567907313940484073e+02
3.547933267622414064e+02
3.528667043249141102e+02
3.510812289849577041e+02
3.494699590910070128e+02
3.480740893393526108e+02
3.469505458232331421e+02
3.461508728096644063e+02
3.457566817398341072e+02
3.458398037672749297e+02
3.464855287354007487e+02
3.477776544576159381e+02
3.497568157813938114e+02
3.524306627036124837e+02
3.557296330247177139e+02
3.595550997417753933e+02
3.637425863845454046e+02
3.681924350110915611e+02
3.727100955692674802e+02
3.771478921244531648e+02
3.812654529038158557e+02
3.848476772829613992e+02
3.876955566952295840e+02
3.897285304832182646e+02
3.909281055979106441e+02
3.913533837213015545e+02
3.910488056854737238e+02
3.902722868054344190e+02
3.891512961591547537e+02
3.877661995064918301e+02
3.861951115839319186e+02
3.844887369570092233e+02
3.826878159130106951e+02
3.808238955753591313e+02
3.789182952638455504e+02
3.769892351883545416e+02
3.750483897990322362e+02
3.731058073042119076e+02
3.711680551827571435e+02
3.692405108398178868e+02
3.673269730059434437e+02
3.654299936108584461e+02
3.635519449744740541e+02
3.616937098892168478e+02
3.598567794817185472e+02
3.580412599581526933e+02
3.562477291809176450e+02
3.544762753782299001e+02
3.527266085339222172e+02
3.510124171651183929e+02
3.493224104932166370e+02
3.476534173425812355e+02
3.460050248811650135e+02
3.443768706096744268e+02
3.427688083249461215e+02
3.411802945011905308e+02
3.396113332808080827e+02
3.380615957619395999e+02
3.365312744885828806e+02
3.350208885218531805e+02
3.335318507995491473e+02
3.320680362743752312e+02
3.306399620687056995e+02
3.292763539664497898e+02
3.280549533771664414e+02
3.271997444155379071e+02
3.272020773182551920e+02
3.290130981441852214e+02
3.332713232620035342e+02
3.401495284885805859e+02
3.506840370490639884e+02
3.640529821619404061e+02
3.781911641389508532e+02
3.928885654604241040e+02
4.073921250600403710e+02
4.183266225029233851e+02
4.261996166720535371e+02
4.331804289415990183e+02
4.408046475470860628e+02
4.488280982660219820e+02
4.560967848649635243e+02
4.616939868841974999e+02
4.655092851891085957e+02
4.681026454207864163e+02
4.700817108895184901e+02
4.718170705362002764e+02
4.734045925935541845e+02
4.747041534264070037e+02
4.755667857483392140e+02
4.759785159997021537e+02
4.760222306648875588e+02
4.758460354626089384e+02
4.755101172234353726e+02
4.750019291149509968e+02
4.742353171937296565e+02
4.731279615435179835e+02
4.716631677599174282e+02
4.698004075506718777e+02
4.678493992646151014e+02
4.657362956665061233e+02
4.635114675227088128e+02
4.612209028949865228e+02
4.588911247511973670e+02
4.565401992783097853e+02
4.541816555062810039e+02
4.518214482695289576e+02
4.494664693303051877e+02
4.471191149698902336e+02
4.447820634628580478e+02
4.424573890074341875e+02
4.401451553414479463e+02
4.378473276912492906e+02
4.355631216041927587e+02
4.332936186022008656e+02
4.310386608853420967e+02
4.287981350309056552e+02
4.265727539653809686e+02
4.243618379354658714e+02
4.221663063787028705e+02
4.199860278569836396e+02
4.178212464421308141e+02
4.156349264667929333e+02
4.135801459824401718e+02
4.115387731460572809e+02
4.095107460049356405e+02
4.074975425391968429e+02
4.054998877944034348e+02
4.035185489065660249e+02
4.015552549865439005e+02
3.996102742620846584e+02
3.976855668067564125e+02
3.957817154986055925e+02
3.939001427770846249e+02
3.920422421066185734e+02
3.902086228542485742e+02
3.884013125079961810e+02
3.866206067031852740e+02
3.848682124657457848e+02
3.831448952596057893e+02
3.814513088739050772e+02
3.797888450818023216e+02
3.781571892283348575e+02
3.765576065407724400e+02
3.749895716868417708e+02
3.734531891745815528e+02
3.718911080586514117e+02
3.704347368131038820e+02
3.690044735177889379e+02
3.675991845137240830e+02
3.662192230777343980e+02
3.648637107384948308e+02
3.635317940104602599e+02
3.622232524349603295e+02
3.609362898495069203e+02
3.596708434041463534e+02
3.584251766408912658e+02
3.571985944861156668e+02
3.559902152167637155e+02
3.547985465506442324e+02
3.536234087881095434e+02
3.524631120704288492e+02
3.513175453044419783e+02
3.501855380432088509e+02
3.490664029163250461e+02
3.479597521656368144e+02
3.468644092214933607e+02
3.457803804126142495e+02
3.447064185551554942e+02
3.436422426511125536e+02
3.425650025348051031e+02
3.415286314474134883e+02
3.404986552325883622e+02
3.394744108336856243e+02
3.384561375339287679e+02
3.374433115654724702e+02
3.364358217337431256e+02
3.354334906160826222e+02
3.344358970015985051e+02
3.334432065802667466e+02
3.324548715800399350e+02
3.314710836623327737e+02
3.304916341379620803e+02
3.295164774969770747e+02
3.285459280514289730e+02
3.275797402026532836e+02
3.266185180919883919e+02
3.256621767019798313e+02
3.247112440284221861e+02
3.237660597241443838e+02
3.228268561533956245e+02
3.218943863170505892e+02
3.209687447226149857e+02
3.200508098284239509e+02
3.191522404367346439e+02
3.182896749009743758e+02
3.174336061595361684e+02
3.165846233278637669e+02
3.157439043321289205e+02
3.149122206080414230e+02
3.140908424935840912e+02
3.132811766837193659e+02
3.124845709086770285e+02
3.117032551571547287e+02
3.109389854004584208e+02
3.101945711026747290e+02
3.094728784301776159e+02
3.087771695620871810e+02
3.081118418966117360e+02
3.074808752351945600e+02
3.068901673747115524e+02
3.063451553086150625e+02
3.058526686544757354e+02
3.054203510078610293e+02
3.050551134665746531e+02
3.047668085296022582e+02
3.045620346575637996e+02
3.044494715207684976e+02
3.044282355617047529e+02
3.045330790595738222e+02
3.047449985456967738e+02
3.050588802046520982e+02
3.054695769407808825e+02
3.059651858661577535e+02
3.065293849445799310e+02
3.071447076745847653e+02
3.077899802514685916e+02
3.084446138799900154e+02
3.090909915564187713e+02
3.097114166650204652e+02
3.102944988079307791e+02
3.108313472107938651e+02
3.113145230397753380e+02
3.117437825326499024e+02
3.121163865150318202e+02
3.124347611496487502e+02
3.127000353144218252e+02
3.129144173333055505e+02
3.130817171718565533e+02
3.132036818018743816e+02
3.132841754125324769e+02
3.133255462025855991e+02
3.133076113751625371e+02
3.132495203345387722e+02
3.131596064264286952e+02
3.130425877540961324e+02
3.129029778375801243e+02
3.127455646019083133e+02
3.125760228744427991e+02
3.123998244712359451e+02
3.122231456516148569e+02
3.120526940142355556e+02
3.118947914832268680e+02
3.117569687482954919e+02
3.116458841907858073e+02
3.115682395272788199e+02
3.115309825052036103e+02
3.115387338977336071e+02
3.115969136828799151e+02
3.117079406093532157e+02
3.118730162558751431e+02
3.120922440342197888e+02
3.123613514522170931e+02
3.126767265059144734e+02
3.130302392631153339e+02
3.134131322320689037e+02
3.137839588940738054e+02
3.141560249476243598e+02
3.145241815444912277e+02
3.148770432202668985e+02
3.152043443253035093e+02
3.154965558142354212e+02
3.157452925558521315e+02
3.159430082492771703e+02
3.160847512835601378e+02
3.161654919721721058e+02
3.161827148370621785e+02
3.161350294431455268e+02
3.160213534715468882e+02
3.158436323516233415e+02
3.156021541686681076e+02
3.153004862308986276e+02
3.149413994416601668e+02
3.145282746609740343e+02
3.140660316845399507e+02
3.135579178425010127e+02
3.130096683966976343e+02
3.124251942147708974e+02
3.118095423914514299e+02
3.111676177256588858e+02
3.104976705660100720e+02
3.098258751896806871e+02
3.091395195305706238e+02
3.084429850875921488e+02
3.077400485552847158e+02
3.070341150905648533e+02
3.063287184491966855e+02
3.056268346121308923e+02
3.049312655547659006e+02
3.042446869226980084e+02
3.035693167679276030e+02
3.029073426361859447e+02
3.022607458061559100e+02
3.016310171224610031e+02
3.010199746673066556e+02
3.004287630888432545e+02
2.998588261847465901e+02
2.993113966261415726e+02
2.987873654392690241e+02
2.982882760424506614e+02
2.978147969545122464e+02
2.973685477269095827e+02
2.969506164153437453e+02
2.965623009495760698e+02
2.961987188676491201e+02
2.958762843351124729e+02
2.955898355530770800e+02
2.953409228845649181e+02
2.951320245253032226e+02
2.949655755322059463e+02
2.948432082353785972e+02
2.947679558246159104e+02
2.947407111194940512e+02
2.947637938273496729e+02
2.948380223190758329e+02
2.949636321750527941e+02
2.951412384161235991e+02
2.953687541776999979e+02
2.956453170536335620e+02
2.959674522596625934e+02
2.963314986466459686e+02
2.967332280896405337e+02
2.971663818394406462e+02
2.976256105208667577e+02
2.981038433395659126e+02
2.985943869400593940e+02
2.990907339133446499e+02
2.995860201538152978e+02
3.000641566970929830e+02
3.005569307099269167e+02
3.010334140310865223e+02
3.014922877040970093e+02
3.019319682257644217e+02
3.023534762454207225e+02
3.027587397182882114e+02
3.031494627333505605e+02
3.035302396107966274e+02
3.039027858828586091e+02
3.042713049996509653e+02
3.046373567130606261e+02
3.050017098811989626e+02
3.053647169683553670e+02
3.057236337439911154e+02
3.060758794637023357e+02
3.064174631093511039e+02
3.067433362241332020e+02
3.070494205531376224e+02
3.073317799442674527e+02
3.075868485024063261e+02
3.078143059338102034e+02
3.080128379085721804e+02
3.081847992927517907e+02
3.083390036607876823e+02
3.085415153270932933e+02
3.087375078809457136e+02
3.089311500679096980e+02
3.091293342981562091e+02
3.093374102404599171e+02
3.095602499548289757e+02
3.098034647771612526e+02
3.100691754897545138e+02
3.103607990875393625e+02
3.106788203249855087e+02
3.110228826237320732e+02
3.113923108247101368e+02
3.117833271260084302e+02
3.121933392787089474e+02
3.126179647429224246e+02
3.130522966193079242e+02
3.134934946926711063e+02
3.139365245698755302e+02
3.143802183422728831e+02
3.148232158113210062e+02
3.152651844174357620e+02
3.157100915125126903e+02
3.161589193145488821e+02
3.166018882916352482e+02
3.171048676856995598e+02
3.176149576072256195e+02
3.181382578322282484e+02
3.186750328228433204e+02
3.192274041863007596e+02
3.197880639791321187e+02
3.203488117265176811e+02
3.208951836956493935e+02
3.214087339012264692e+02
3.218697473493996881e+02
3.222581826366200062e+02
3.225531759575574711e+02
3.227410206230742915e+02
3.228090522372617102e+02
3.227506720184280198e+02
3.225673642851271552e+02
3.222587385846925372e+02
3.218370066420553144e+02
3.213095292980996760e+02
3.206909643288617531e+02
3.199964668607165095e+02
3.192391086302707777e+02
3.184380566919344346e+02
3.176381386436534626e+02
3.168134466483518850e+02
3.159962231903672887e+02
3.152067051634444397e+02
3.144728109921850887e+02
3.138238996765370530e+02
3.133031327168949360e+02
3.129660599328205990e+02
3.128821963695883710e+02
3.131586904793334156e+02
3.139049574372360212e+02
3.152838124325203921e+02
3.174402747424414315e+02
3.205178279773938357e+02
3.246000771531699343e+02
3.296305303245874825e+02
3.354303978279007765e+02
3.416660352988717477e+02
3.479636417709718330e+02
3.540294261911219564e+02
3.597020720807968814e+02
3.649270436982728256e+02
3.697824621951920676e+02
3.743412198581229973e+02
3.788588396327187411e+02
3.835938050872427993e+02
3.884647883071127694e+02
3.935801218644373876e+02
3.989945090834048074e+02
4.047067099575198199e+02
4.106030936128594817e+02
4.165440875649345003e+02
4.223714468385682039e+02
4.279771839164829998e+02
4.332673711644983996e+02
4.381114166697876158e+02
4.423626790884592879e+02
4.459342076949584452e+02
4.487760962314906124e+02
4.509523921437093463e+02
4.525389713682790216e+02
4.536174548964513633e+02
4.542650475562261931e+02
4.545168180997239347e+02
4.544045190199867079e+02
4.539442793534621501e+02
4.531472705648883448e+02
4.520414747174653485e+02
4.506647528190778189e+02
4.490124068429232693e+02
4.471454860032835086e+02
4.451009187043991915e+02
4.429212005208891583e+02
4.406350229118497168e+02
4.382707888206501821e+02
4.358494695643356067e+02
4.333869796540093944e+02
4.308974248703816556e+02
4.283897517898496403e+02
4.258722210556179562e+02
4.233506401191453961e+02
4.208291911459452876e+02
4.183118611158496947e+02
4.158008769262890496e+02
4.132987427100496234e+02
4.108071630961092069e+02
4.083274328373239541e+02
4.058610935035108014e+02
4.034088760791664185e+02
4.009720889736188951e+02
3.985514498560978041e+02
3.961478693081681399e+02
3.937510624146698319e+02
3.913253198469338372e+02
3.889219925036287577e+02
3.865415566563021343e+02
3.841850286648623864e+02
3.818530351650189232e+02
3.795461207559363856e+02
3.772652455636589366e+02
3.750105499858601092e+02
3.727830146527214197e+02
3.705828181233942473e+02
3.684104698547606631e+02
3.662665445735867706e+02
3.641509859749388625e+02
3.620645893740442602e+02
3.600071586294169492e+02
3.579792079931276589e+02
3.559808572930616037e+02
3.540120577729925913e+02
3.520733183270593827e+02
3.501642341977708384e+02
3.482853661212567431e+02
3.464364318630561570e+02
3.446176042774530970e+02
3.428285927886948912e+02
3.410535546288877526e+02
3.393095992693905600e+02
3.375962276483791698e+02
3.359138581452572794e+02
3.342623458369489526e+02
3.326416009937063336e+02
3.310520785933287016e+02
3.294932792718052497e+02
3.279658897960014201e+02
3.264695555055329805e+02
3.250045674532797761e+02
3.235711943314896644e+02
3.221691892713760126e+02
3.207993129157886756e+02
3.194612578932233760e+02
3.181556238928554876e+02
3.168826938480700619e+02
3.156425717355717779e+02
3.144362421349774195e+02
3.132636746855297929e+02
3.121260730015891340e+02
3.110240655161683776e+02
3.099585834856823681e+02
3.089335383878737957e+02
3.079545707856826766e+02
3.070180455186639392e+02
3.061258203885844864e+02
3.052812967699107958e+02
3.044895751200780865e+02
3.036746157000859512e+02
3.025167273608159917e+02
3.021771002374770774e+02
3.024419977741544017e+02
3.044858237846122506e+02
3.119024446618145703e+02
3.307930241854365931e+02
3.626389356179173546e+02
4.022417750133819823e+02
4.504616169829153023e+02
5.042942890198275450e+02
5.510144680225754428e+02
5.815368488053366036e+02
5.954971163919431092e+02
5.988976991588244800e+02
5.971064043584725596e+02
5.933967244865974635e+02
5.890204376725786233e+02
5.843465444484271529e+02
5.796859802446231242e+02
5.749504109936171972e+02
5.701655974572219066e+02
5.653445981276329348e+02
5.605005122464813212e+02
5.556405112334334717e+02
5.507736513187803666e+02
5.459063633884310320e+02
5.410447960036900668e+02
5.361955543842652787e+02
5.313626514327471568e+02
5.265525656776857204e+02
5.217684616997322564e+02
5.170155220587735130e+02
5.122971258119166578e+02
5.076165560725404475e+02
5.029776740371052597e+02
4.983821559209984002e+02
4.938336671928613555e+02
4.893332135169843582e+02
4.848834951759345699e+02
4.804857438904864466e+02
4.761411303690410364e+02
4.717974888274341652e+02
4.675965259604611788e+02
4.634451521532431002e+02
4.593431864321950684e+02
4.552920451337997747e+02
4.512921919043964181e+02
4.473435228067659182e+02
4.434475082405155604e+02
4.396030051654806243e+02
4.358115501343994538e+02
4.320723723306574016e+02
4.283857945271157632e+02
4.247523941319349774e+02
4.211711311374669435e+02
4.176434265011512252e+02
4.141680777919968364e+02
4.107459959031517656e+02
4.073771157897235753e+02
4.040610493432799331e+02
4.007990015184361710e+02
3.975898966783017272e+02
3.944351882740726865e+02
3.913344617292290764e+02
3.882882473258410982e+02
3.852641214022904137e+02
3.823428711566955371e+02
3.794766368759968600e+02
3.766655669224420535e+02
3.739116247070474515e+02
3.712164447829241567e+02
3.685811554484811268e+02
3.660088738790303182e+02
3.635008583386412511e+02
3.610602599935693320e+02
3.586898037448979153e+02
3.563915885854833050e+02
3.541692788448523856e+02
3.520242810852563480e+02
3.499587589755223576e+02
3.479740408974689672e+02
3.460683950905640813e+02
3.442410670986204195e+02
3.424866386719942852e+02
3.408006364363351963e+02
3.391754302556253720e+02
3.376038708938395985e+02
3.360794552792697232e+02
3.345958389336052505e+02
3.332005381475003674e+02
3.318795547741323162e+02
3.306040840140944397e+02
3.293734384484024531e+02
3.281912639232521087e+02
3.270613864576008609e+02
3.259865793468075026e+02
3.249733468706664894e+02
3.240237966545011545e+02
3.231446692888413281e+02
3.223394206312909205e+02
3.216131381452500477e+02
3.209719117923073668e+02
3.204185129050637215e+02
3.199606364700547374e+02
3.195991090597215702e+02
3.193393167243704056e+02
3.191808742040057609e+02
3.191220412579947379e+02
3.191599256357379772e+02
3.192836074542565257e+02
3.194843612991399482e+02
3.197438504539722430e+02
3.200458261890979657e+02
3.203967427980246043e+02
3.207442793653677882e+02
3.210626834193142827e+02
3.213316720008181733e+02
3.215338269704972163e+02
3.216533063817686866e+02
3.216805529898259692e+02
3.216060598105398753e+02
3.214288228286985145e+02
3.211467378694616173e+02
3.207645458407440628e+02
3.202874680581510347e+02
3.197227302108920526e+02
3.190807279324062051e+02
3.183695532346193318e+02
3.176010392562153015e+02
3.167840588541494071e+02
3.159291142133267272e+02
3.150453789136421392e+02
3.141412489035751605e+02
3.132252051123994079e+02
3.123041455860517317e+02
3.113853451798927949e+02
3.104752920884337186e+02
3.095771772861335762e+02
3.087212195450007926e+02
3.079272371016727448e+02
3.072774457019866077e+02
3.070126274273465583e+02
3.076824322560355540e+02
3.104418846808191006e+02
3.167980703166652461e+02
3.284006285948853474e+02
3.458097086903246122e+02
3.653322240856014673e+02
3.817136313926934008e+02
3.946615237866180337e+02
4.078670220315536312e+02
4.245884093274578959e+02
4.451914443048790417e+02
4.684122214947465750e+02
4.911351043850323776e+02
5.096228329597382185e+02
5.222835776708825506e+02
5.298112791080123998e+02
5.336615348644241976e+02
5.352688252241097189e+02
5.357389122898681535e+02
5.355769029843111184e+02
5.352642654407815144e+02
5.348862476454104353e+02
5.344808410400943330e+02
5.340659531944014589e+02
5.336480410055750099e+02
5.332313055670545054e+02
5.328177951372309735e+02
5.324085639106511962e+02
5.320049646711928517e+02
5.316070780862132779e+02
5.312155931876914110e+02
5.308305089626646804e+02
5.304516659227978153e+02
5.300790993191078542e+02
5.297121261304796462e+02
5.293505048390539969e+02
5.289934983938454707e+02
5.286404180225797518e+02
5.282905735052418095e+02
5.279430424737208796e+02
5.275970672273372202e+02
5.272517169196753457e+02
5.269061351495507779e+02
5.265538754095568947e+02
5.262224922891717824e+02
5.258878484912551130e+02
5.255492255756679469e+02
5.252058969737598773e+02
5.248571234220859196e+02
5.245021848161580920e+02
5.241402967184551471e+02
5.237707581140865614e+02
5.233927047478373424e+02
5.230053957261355890e+02
5.226079329622758678e+02
5.221993519473504648e+02
5.217787101811132970e+02
5.213446546741009797e+02
5.208960835726360301e+02
5.204312774932772072e+02
5.199486750657772518e+02
5.194464182002617463e+02
5.189222437782045745e+02
5.183743015924264910e+02
5.177998309853012415e+02
5.171967187070298451e+02
5.165622804481478170e+02
5.159021219943258529e+02
5.152207114049103893e+02
5.145018915629824505e+02
5.137441073977928454e+02
5.129448421387468215e+02
5.121021880114077476e+02
5.112146175559368544e+02
5.102797772771848486e+02
5.092969519807816141e+02
5.082641207818885505e+02
5.071805081903258952e+02
5.060451344136291709e+02
5.048568803031560037e+02
5.036158595167000271e+02
5.023210115255866413e+02
5.009727263198478227e+02
4.995707407822443429e+02
4.981151909689871786e+02
4.966068598720927412e+02
4.950456594468367939e+02
4.934328622112380458e+02
4.917688147572403068e+02
4.900544980318238117e+02
4.882910976688703499e+02
4.865177435598578199e+02
4.847031430858110070e+02
4.828465936056454098e+02
4.809498208383060387e+02
4.790141585871775760e+02
4.770407130166580032e+02
4.750313183693363044e+02
4.729867322886782972e+02
4.709088630076171285e+02
4.687987663850973945e+02
4.666579015811827844e+02
4.644879585635866874e+02
4.622900063227858141e+02
4.600662136777108344e+02
4.578176751729592411e+02
4.555464867316129585e+02
4.532543731264486269e+02
4.509429901999975527e+02
4.486146062702562745e+02
4.462706360997196953e+02
4.439133988864187472e+02
4.415446505292851498e+02
4.391662192978555481e+02
4.367802148638949120e+02
4.344186410106173639e+02
4.320198261740194425e+02
4.296203085615849204e+02
4.272217180801240488e+02
4.248258768102211320e+02
4.224340573068273557e+02
4.200478325293199191e+02
4.176685166097990987e+02
4.152972095618067101e+02
4.129353181172082259e+02
4.105836678791816894e+02
4.082433280942585156e+02
4.059152590542986445e+02
4.036000581218370939e+02
4.012987738136345683e+02
3.990118036910387787e+02
3.967399049012169030e+02
3.944836851361980052e+02
3.922434404185585208e+02
3.900199670283617479e+02
3.878133518458693629e+02
3.856242775123082538e+02
3.834530134641985910e+02
3.812998399166738750e+02
3.792141665674162141e+02
3.771208904043485859e+02
3.750481754995726078e+02
3.729959904700916695e+02
3.709646672210513429e+02
3.689544657011346089e+02
3.669653242931543105e+02
3.649977903670846331e+02
3.630515958632265665e+02
3.611272060405822799e+02
3.592245688794472471e+02
3.573437031919086166e+02
3.554849606539518732e+02
3.536480104382356444e+02
3.518333282999478229e+02
3.500406702494648812e+02
3.482702023339646757e+02
3.465221378707498729e+02
3.447963182940645765e+02
3.430932987525017097e+02
3.414129470368015404e+02
3.397558488474504657e+02
3.381224085685477121e+02
3.365130594937965043e+02
3.349498688142088554e+02
3.333984201237324783e+02
3.318759918486612150e+02
3.303840131634431145e+02
3.289246899653052765e+02
3.275010735414412011e+02
3.261160671793304573e+02
3.247747362817110570e+02
3.234817974009818613e+02
3.222443897499128411e+02
3.210710952577138642e+02
3.199715623502593189e+02
3.189599609776968805e+02
3.180503260091744551e+02
3.172629654181243950e+02
3.166199025630636470e+02
3.161466684620537535e+02
3.158756583871630141e+02
3.158354024875397954e+02
3.160639074314038339e+02
3.165889995523776292e+02
3.174411985855052762e+02
3.186383638363850537e+02
3.201825965248125385e+02
3.220519424067236969e+02
3.242892629736658137e+02
3.267687611871852482e+02
3.293968109781097837e+02
3.320784866604122385e+02
3.346991110325715795e+02
3.371547736893803631e+02
3.393491396090959711e+02
3.412151110917740198e+02
3.427064767214552035e+02
3.438111307846192517e+02
3.445411802194044526e+02
3.449209329727590898e+02
3.449981862991610910e+02
3.448132436429858103e+02
3.444226768151852980e+02
3.438797290648507214e+02
3.432519633774081740e+02
3.426517992974884237e+02
3.422697897729699434e+02
3.424967519007337273e+02
3.439954463598233474e+02
3.474684273029350265e+02
3.534551924124198194e+02
3.618955107146448427e+02
3.723421946863172707e+02
3.818845132261169510e+02
3.884936448178002024e+02
3.920673731653376421e+02
3.940464577935595685e+02
3.956187576133249877e+02
3.978501881706331460e+02
4.015175057213554624e+02
4.072282987912141152e+02
4.149628974589127210e+02
4.238912884792832756e+02
4.327355242656644236e+02
4.402739688840332519e+02
4.456891704031629615e+02
4.488912518686539670e+02
4.501872245734060130e+02
4.499907338120319196e+02
4.487547345685337632e+02
4.467522699561841932e+02
4.442149061421907845e+02
4.413109929356350563e+02
4.381575311569355904e+02
4.348569795281269990e+02
4.314242179518373064e+02
4.279824482345870251e+02
4.245563433139452627e+02
4.211606113866026249e+02
4.178080339557071170e+02
4.145049191915711049e+02
4.112553543556761042e+02
4.080632600630501088e+02
4.049286952537160005e+02
4.018538849201852940e+02
3.988382928142931974e+02
3.958818665114555415e+02
3.929849741131433802e+02
3.901459019228581724e+02
3.873653822245265133e+02
3.846416357049861858e+02
3.819744765965353395e+02
3.793633383267755335e+02
3.768068368959964687e+02
3.743054584185384215e+02
3.718575175319302275e+02
3.694635815545235573e+02
3.671229010786919389e+02
3.648353960668510467e+02
3.625901083612229172e+02
3.604021287572049346e+02
3.582688121946864044e+02
3.561899735639805158e+02
3.541674341743704986e+02
3.522021992547978471e+02
3.502953527742381539e+02
3.484493430284454121e+02
3.466645357006472636e+02
3.449438859289129482e+02
3.432879212805042357e+02
3.416985675035836607e+02
3.401771883287516403e+02
3.387237527607765060e+02
3.373399577723355947e+02
3.360243600615771697e+02
3.347774122778998844e+02
3.335974428179124516e+02
3.324824021322680778e+02
3.314308928879350447e+02
3.304393308103107074e+02
3.295059160200536326e+02
3.286278002060810763e+02
3.278028765925118933e+02
3.270197476243222354e+02
3.263096368079516196e+02
3.256520725379885448e+02
3.250531964672711638e+02
3.245254614353858642e+02
3.240863602322224324e+02
3.237601878922585001e+02
3.235828901861989380e+02
3.235936585371349565e+02
3.238512464296153439e+02
3.244097373552209547e+02
3.253361259218586383e+02
3.266877626796734830e+02
3.284981199507892029e+02
3.307850277332387918e+02
3.335037473486667636e+02
3.365788075140310411e+02
3.398872204536970116e+02
3.432768462002380261e+02
3.465927517266392215e+02
3.497047982687994931e+02
3.524953177838266924e+02
3.549153938824333068e+02
3.569377444531368724e+02
3.584834129407285559e+02
3.598224085219868584e+02
3.609138489577990754e+02
3.618079809111786744e+02
3.625280555539558804e+02
3.630784920800644500e+02
3.634623001527332349e+02
3.636822077171944443e+02
3.637482068764156224e+02
3.636854297186703775e+02
3.635219905943143885e+02
3.632875929635873717e+02
3.630146514939941653e+02
3.627234336487008477e+02
3.624342567678575051e+02
3.621583982474552386e+02
3.619005910210561865e+02
3.616661499469653904e+02
3.614499590438617815e+02
3.612476638918690810e+02
3.610508625048680074e+02
3.608434420166856285e+02
3.606135592477526757e+02
3.603396817847535090e+02
3.599772822726965842e+02
3.596329552908645724e+02
3.592010400162818655e+02
3.586727226360052896e+02
3.580401854764730274e+02
3.572994221709060980e+02
3.564514432670520137e+02
3.554982627443725391e+02
3.544464668504783162e+02
3.533048437461586104e+02
3.520820313867038749e+02
3.507909996957229737e+02
3.494414807924206343e+02
3.480464913760946501e+02
3.466176017235241602e+02
3.451660242853548084e+02
3.437052048683049748e+02
3.422453612917881287e+02
3.408000635325828966e+02
3.393815131830357359e+02
3.380024185815279338e+02
3.366786697558339938e+02
3.354234358066683512e+02
3.342550815239941358e+02
3.331929293540569006e+02
3.322734034937847127e+02
3.314938688230961361e+02
3.308704339040660329e+02
3.304252034633901189e+02
3.301722888927253621e+02
3.301244536711615751e+02
3.302909717213208296e+02
3.306685465971646636e+02
3.312527506833273492e+02
3.320257194483858143e+02
3.329625857991205748e+02
3.340349937019988715e+02
3.352058911966682331e+02
3.364388453119701126e+02
3.377005922508258777e+02
3.389538940060568848e+02
3.401750049843779493e+02
3.413369246011892528e+02
3.424208945755428886e+02
3.434132423984794400e+02
3.442979583954208920e+02
3.450672024933930970e+02
3.457103563255641347e+02
3.461949819845794991e+02
3.465614553534596780e+02
3.467856042296072019e+02
3.468745507192604691e+02
3.468445239457541334e+02
3.467320287987757865e+02
3.466102730810104049e+02
3.466179920929602076e+02
3.470366921364189920e+02
3.483153183898969587e+02
3.512606893050737540e+02
3.566374670738759960e+02
3.648626290327997026e+02
3.751540094162974128e+02
3.867988030189596884e+02
3.999542773923551522e+02
4.156674512028218942e+02
4.335693891152980086e+02
4.518886100363368428e+02
4.679090648162502930e+02
4.800936193813445811e+02
4.882067393718939456e+02
4.930946799108529603e+02
4.955075709469390404e+02
4.962143114319001711e+02
4.957887670155306523e+02
4.946741094813216364e+02
4.931570149238137333e+02
4.913891000797763695e+02
4.894637222435804915e+02
4.874252860838499828e+02
4.852978257852185493e+02
4.830960463922787085e+02
4.808274696806818724e+02
4.784978619437282532e+02
4.761142266020435727e+02
4.736799746526275499e+02
4.712032310946767666e+02
4.686888572916091675e+02
4.661434381359666190e+02
4.635738342708395407e+02
4.609843474350027464e+02
4.583817873858604344e+02
4.557697389140493556e+02
4.531529264708875644e+02
4.505349031621549898e+02
4.479182986779125599e+02
4.453062361040380210e+02
4.427384715145141740e+02
4.401990916764259509e+02
4.376687427188242623e+02
4.351485675204446011e+02
4.326403056478972076e+02
4.301447037494748429e+02
4.276630626553481420e+02
4.251965735776391853e+02
4.227458100876067419e+02
4.203121106866857417e+02
4.178959642335462377e+02
4.154982012753486060e+02
4.131197824007800818e+02
4.107608217545100615e+02
4.084223691677816532e+02
4.061044323819236865e+02
4.038073938813237191e+02
4.015317723973034276e+02
3.992771577038628266e+02
3.970442399207732365e+02
3.948324545536747223e+02
3.926419481749879310e+02
3.904726742784014277e+02
3.883240521766060738e+02
3.862137303165869184e+02
3.841220037179281235e+02
3.820477673072331299e+02
3.799908635023795114e+02
3.779509695375778051e+02
3.759283645035430368e+02
3.739224689779680944e+02
3.719336063587911099e+02
3.699614195801928531e+02
3.680059383456728028e+02
3.660672380756262783e+02
3.641450997103760869e+02
3.622398600534557431e+02
3.603513522035729011e+02
3.584798797697796999e+02
3.566255945128671669e+02
3.547887216448166896e+02
3.529696923311653904e+02
3.511687078919029545e+02
3.493863395970492434e+02
3.476228995839337017e+02
3.458790770950051865e+02
3.441553471380781275e+02
3.424523163947097828e+02
3.407808675925839452e+02
3.391111220886167530e+02
3.374692245485283024e+02
3.358552510184387074e+02
3.342698060582363269e+02
3.327131452594882717e+02
3.311854248067573394e+02
3.296872844108321488e+02
3.282185241590065061e+02
3.267798672751229674e+02
3.253712450431598882e+02
3.239929098280607036e+02
3.226453439938410384e+02
3.213283045204651103e+02
3.200426327084313698e+02
3.187881345054090616e+02
3.175654048909619291e+02
3.163749055693372725e+02
3.152167741469015141e+02
3.140921519679005769e+02
3.130011573546390764e+02
3.119451752618211913e+02
3.109250023096682298e+02
3.099419352663486507e+02
3.089987681114724296e+02
3.081000376384419042e+02
3.072429176954852323e+02
3.064290630129161173e+02
3.056616381787419527e+02
3.049436248986009446e+02
3.042785159233648642e+02
3.036712259506256828e+02
3.031260054019344921e+02
3.026500607195705470e+02
3.022469015558453407e+02
3.016475415976943850e+02
3.015230197571903545e+02
3.015205956510594660e+02
3.016620642131391605e+02
3.019704077229692984e+02
3.024838049714294357e+02
3.032401728160500625e+02
3.042979306376894328e+02
3.057269346351670265e+02
3.076144397084789261e+02
3.100914080669391524e+02
3.133036714199336643e+02
3.175073686027096755e+02
3.229253676067415313e+02
3.300549081589288676e+02
3.389702345230788865e+02
3.488639953998288661e+02
3.582788037927341520e+02
3.666396261329637696e+02
3.741537440606538212e+02
3.815933460918499236e+02
3.895531341793317210e+02
3.984711787229747415e+02
4.082910587655439372e+02
4.183055571506503156e+02
4.273911591780723143e+02
4.346217879872174308e+02
4.395477511195789475e+02
4.423885783080581291e+02
4.435810631294538666e+02
4.435610876310500998e+02
4.427340621409941264e+02
4.413460176958564603e+02
4.395952524339508614e+02
4.376033140513373496e+02
4.354519714446407761e+02
4.332031342572535095e+02
4.308464772530865048e+02
4.286826785924474734e+02
4.265548213806039826e+02
4.245499913030304810e+02
4.228382068181672366e+02
4.216935331412218488e+02
4.216146290269821861e+02
4.231245356150581642e+02
4.264338406888518307e+02
4.307724480294784826e+02
4.349147839313290547e+02
4.380526112135339076e+02
4.399219686688622346e+02
4.405313217726094308e+02
4.402111777176539817e+02
4.393481585389186534e+02
4.382182317647856280e+02
4.370862915053882602e+02
4.361948175711343652e+02
4.359681286685568580e+02
4.369466629193648259e+02
4.397460653176555070e+02
4.443774526369127784e+02
4.499676836063708834e+02
4.555476037651633874e+02
4.618889319992379683e+02
4.694932279360801317e+02
4.777927105593217902e+02
4.853069773684940174e+02
4.909630835693649260e+02
4.950638887868331608e+02
4.984422488592225022e+02
5.016327295890745859e+02
5.043856190177800158e+02
5.063378124219435676e+02
5.072175017612120200e+02
5.068539187594883515e+02
5.053458743738436851e+02
5.030182846580066212e+02
5.001928267702491553e+02
4.971534785233596949e+02
4.940484453481224136e+02
4.909440956662938902e+02
4.878531387306152851e+02
4.847503461525299144e+02
4.816017511145531103e+02
4.783682890258604061e+02
4.750315571702060424e+02
4.714975317732245230e+02
4.676677980072018954e+02
4.637472804099346604e+02
4.597565548617326954e+02
4.557226552082653370e+02
4.516630257746584789e+02
4.476020963267312140e+02
4.435552158797292464e+02
4.395362257966600055e+02
4.355576135400805242e+02
4.316262758313928884e+02
4.277497094701000151e+02
4.239326459211171709e+02
4.201776285950169836e+02
4.164883215622690500e+02
4.128651403413474554e+02
4.093095777781423976e+02
4.058227502589380151e+02
4.024039540123429219e+02
3.990551478036136359e+02
3.957754771077425175e+02
3.925664519357879954e+02
3.894294385053341330e+02
3.863650787942379452e+02
3.833472636516433454e+02
3.803416239291694296e+02
3.774280326416594562e+02
3.746116562055677832e+02
3.719009566648548457e+02
3.693096677932796297e+02
3.668540054789211240e+02
3.645634351970817306e+02
3.624747899599203151e+02
3.606514823740699853e+02
3.591756089906773468e+02
3.581817488161833012e+02
3.578227889568677256e+02
3.582838710400239393e+02
3.596975919448043442e+02
3.620389238808267010e+02
3.650998732315061943e+02
3.685067391484560062e+02
3.718687754722986369e+02
3.749535862541432039e+02
3.776430952719522907e+02
3.799441757475925101e+02
3.819148547316738700e+02
3.835747710770212393e+02
3.848797099339147394e+02
3.859843789475186782e+02
3.867123649981824656e+02
3.870617721402912252e+02
3.870334188403508620e+02
3.866515754341129423e+02
3.859606795594410187e+02
3.849949387751873360e+02
3.838118913750550973e+02
3.824520118002150184e+02
3.809596345714425638e+02
3.793782273494319384e+02
3.777445635296530781e+02
3.761065018262027593e+02
3.745171260121177852e+02
3.730463229307153483e+02
3.718078211946063334e+02
3.709507242286479709e+02
3.707232020650277491e+02
3.714616757209085449e+02
3.735750438067673258e+02
3.775473663569322866e+02
3.836510546915920941e+02
3.919368546551308441e+02
4.020501251796594602e+02
4.137155280491151643e+02
4.260324119029331769e+02
4.382291989393982590e+02
4.493106657395425145e+02
4.585566782152739052e+02
4.655745589118319572e+02
4.703043308147155130e+02
4.730099478627880103e+02
4.740689008667703206e+02
4.738908570361591046e+02
4.729007221964022278e+02
4.713810732697454569e+02
4.695625986047421634e+02
4.675852273650343136e+02
4.655458178879248408e+02
4.635085511913924279e+02
4.615147371234019147e+02
4.595948053003034488e+02
4.577805955909444151e+02
4.561106116740786547e+02
4.546527494136210521e+02
4.535003039971869612e+02
4.527751382781269172e+02
4.528373759283471145e+02
4.537531129233324805e+02
4.556866259715710044e+02
4.588523924987274540e+02
4.635002947066444676e+02
4.698293018384625839e+02
4.779230631551687338e+02
4.877275616045913580e+02
4.988772965963016759e+02
5.108099487056967405e+02
5.227634337291184465e+02
5.340628391688363763e+02
5.442629794781095143e+02
5.532444824916208290e+02
5.610456127423501584e+02
5.678362518025672898e+02
5.737285004159857635e+02
5.788066148874463579e+02
5.831057523909781821e+02
5.866038548882975192e+02
5.892984639846115442e+02
5.911745402415348281e+02
5.922417917930948761e+02
5.925485019703868375e+02
5.921566459876336239e+02
5.909880948072384399e+02
5.892800286106574958e+02
5.871075431468300394e+02
5.845328447515325934e+02
5.816186723240617766e+02
5.784246441697358705e+02
5.749993210755603741e+02
5.713934121538466115e+02
5.676426750211435319e+02
5.637860229105689314e+02
5.598505898825891336e+02
5.558625594245477259e+02
5.518426547428305184e+02
5.478067347904274129e+02
5.437701713496783213e+02
5.397417120175761056e+02
5.357317188785855251e+02
5.317449780946831197e+02
5.277870201433918282e+02
5.238608710562773467e+02
5.199681727274569312e+02
5.161115348353980607e+02
5.122901108831463262e+02
5.085248179387832579e+02
5.047765800327563284e+02
5.010703562934009483e+02
4.974050143954993359e+02
4.937787609955681205e+02
4.901920658790193102e+02
4.866427085059988258e+02
4.831316611473420153e+02
4.796574869589590548e+02
4.762203926048293852e+02
4.728204439672881563e+02
4.694567430016293201e+02
4.661303743874049701e+02
4.628400856957672431e+02
4.595867942016217285e+02
4.563698761355473152e+02
4.531892174403117224e+02
4.500451990401813305e+02
4.469368613331847655e+02
4.438649357706567002e+02
4.408283599743692776e+02
4.378274860184369004e+02
4.348618839355917203e+02
4.319311202686583897e+02
4.290629383356957192e+02
4.262162102260101051e+02
4.234044657878143312e+02
4.206268010368250430e+02
4.178831608093171894e+02
4.151732832029204587e+02
4.124963940371115427e+02
4.098528412033116979e+02
4.072415270260587477e+02
4.046627345375495679e+02
4.021157908770651943e+02
3.996002766906501051e+02
3.971162296348883274e+02
3.946626478000770817e+02
3.922398091913086660e+02
3.898468251682417645e+02
3.874835030621482588e+02
3.851495820042173932e+02
3.828442448699985334e+02
3.805676537283425205e+02
3.783188239149826018e+02
3.760977797956267068e+02
3.739039639050130859e+02
3.717368596032837900e+02
3.696308618034772167e+02
3.675334616516224742e+02
3.654623543431063126e+02
3.634168478516467076e+02
3.613968342488401504e+02
3.594021851466711155e+02
3.574322975339440518e+02
3.554875314477403094e+02
3.535671416586050100e+02
3.516714362183944900e+02
3.498001489915712341e+02
3.479531231545070113e+02
3.461307691569360827e+02
3.443326088263737574e+02
3.425593617545709435e+02
3.408108154647695756e+02
3.390874772982044760e+02
3.373898787491897338e+02
3.357182096103359754e+02
3.340736250920727457e+02
3.324563611067361535e+02
3.308678455255167137e+02
3.293089206013819989e+02
3.277809101856361735e+02
3.263008684088770224e+02
3.248526674467942712e+02
3.234464268161442533e+02
3.220845271923463429e+02
3.207708475448309855e+02
3.195087565565999626e+02
3.183020286883975132e+02
3.171550622292270987e+02
3.160710582309132519e+02
3.150548123821336048e+02
3.141091179228798183e+02
3.132379804882287999e+02
3.124446052887512906e+02
3.117316033784895808e+02
3.111037594329617377e+02
3.105638263688808252e+02
3.101188575638905718e+02
3.097752531431686975e+02
3.095427117301532007e+02
3.094355925216157743e+02
3.094675760019845825e+02
3.096629298653643332e+02
3.100404911801277308e+02
3.106283254984861060e+02
3.114463459963557170e+02
3.125723468392067730e+02
3.139592176972684001e+02
3.155929024390990776e+02
3.174565302169881420e+02
3.195166106979908704e+02
3.217461272298346557e+02
3.241483230258435242e+02
3.268105357701598450e+02
3.299711238540896261e+02
3.340696940798632113e+02
3.397201266859416364e+02
3.479738912212356468e+02
3.607961464084643808e+02
3.808716997388933123e+02
4.071253164058152834e+02
4.340718090571486414e+02
4.565473017191824283e+02
4.736129922323517576e+02
4.863848488861016222e+02
4.977295491618461938e+02
5.094176505744586052e+02
5.210335534730530753e+02
5.302568964793271107e+02
5.356146089090273108e+02
5.376464677494324178e+02
5.377162032033177184e+02
5.369984572448486233e+02
5.362760147352271360e+02
5.359722536000997479e+02
5.364247692784994115e+02
5.380255214732869717e+02
5.412172454892056521e+02
5.465697918031493145e+02
5.545722207539477040e+02
5.653315567483573432e+02
5.782904839580120324e+02
5.920343892237287946e+02
6.049036532955909706e+02
6.155630978801440278e+02
6.233808303745279318e+02
6.282636115314561494e+02
6.305248139690592097e+02
6.305441818193080508e+02
6.288300729115478589e+02
6.257579528543756169e+02
6.216847821257960049e+02
6.168684030422531350e+02
6.114554487981852162e+02
6.056719175480707236e+02
5.996444146537863844e+02
5.934574310355284297e+02
5.871682108456984679e+02
5.808233454787742858e+02
5.744580893522642100e+02
5.680999133442948050e+02
5.617697201184005280e+02
5.554849541749596256e+02
5.492580960903620735e+02
5.430991604221270563e+02
5.370170001765708321e+02
5.310160066522879561e+02
5.251026833748344416e+02
5.192788638008162252e+02
5.135478176528373524e+02
5.079114558763178593e+02
5.023696464618499817e+02
4.969247022655443971e+02
4.915748332115354629e+02
4.863213643994237145e+02
4.811631166250188016e+02
4.760991966368951580e+02
4.711205627038524995e+02
4.661897895572560060e+02
4.613547531711672036e+02
4.566126979087381415e+02
4.519629713015607422e+02
4.474042960408981457e+02
4.429343132213351169e+02
4.385532433059303230e+02
4.342580616326420113e+02
4.300489777881962823e+02
4.259240970499287755e+02
4.218823118261057630e+02
4.179236283697611043e+02
4.140459222296759663e+02
4.102502887478804610e+02
4.065352032670758717e+02
4.029015075354774922e+02
3.993496808492812988e+02
3.958798833295035138e+02
3.924948629268039326e+02
3.891950729806226263e+02
3.859848329764894288e+02
3.828666038379128054e+02
3.798452631604954490e+02
3.769245381806478576e+02
3.740893198710017487e+02
3.713756405422291209e+02
3.687899110374536349e+02
3.663439119713574428e+02
3.640460657072471236e+02
3.619058184157553342e+02
3.599331617255340916e+02
3.581313798936810144e+02
3.565069662211370769e+02
3.550564323084354896e+02
3.537752006440458672e+02
3.526538320527033648e+02
3.516746427043555627e+02
3.508210017463989630e+02
3.500693189130894893e+02
3.493951960462736110e+02
3.487766845155779265e+02
3.481881218774244644e+02
3.476101476343709464e+02
3.470253115793125289e+02
3.464168404803346561e+02
3.457771258529145371e+02
3.450966002268265242e+02
3.443348863518876897e+02
3.435270383855010436e+02
3.426732387506429518e+02
3.417809856776586912e+02
3.408567180064010245e+02
3.399095419767323847e+02
3.389506065590340427e+02
3.379904979226300270e+02
3.370421392903530204e+02
3.361199598904488539e+02
3.352381837291772513e+02
3.344162102015343976e+02
3.336741602125431427e+02
3.330374963795585472e+02
3.325398886593777092e+02
3.322168203483005300e+02
3.321213118631546877e+02
3.323050304470397691e+02
3.328320782065040362e+02
3.337684571284793833e+02
3.351597933035651522e+02
3.370481998663844934e+02
3.394233550514432523e+02
3.422345422947329894e+02
3.453433547013014504e+02
3.487022628304983982e+02
3.520757903593352012e+02
3.552923219593261024e+02
3.581954894023880911e+02
3.606877650232293604e+02
3.627111983779024058e+02
3.642414118022036860e+02
3.653093455476068812e+02
3.659378542457197909e+02
3.661820067107761929e+02
3.660889742645186402e+02
3.657007001270653745e+02
3.650662528965012825e+02
3.642165211453070697e+02
3.631866614739314514e+02
3.620043770496173465e+02
3.606921378694998452e+02
3.592739781599906337e+02
3.577678367410960050e+02
3.561912327158860876e+02
3.545611584302243386e+02
3.528895912175496505e+02
3.511908755049174715e+02
3.494568994168780591e+02
3.477424196652789306e+02
3.460343222279659017e+02
3.443382531716267749e+02
3.426618963012135168e+02
3.410102586102852911e+02
3.393879916294488339e+02
3.378003484999255761e+02
3.362497778743221488e+02
3.347407892480366058e+02
3.332754998009222049e+02
3.318564357040739310e+02
3.304863330392357739e+02
3.291658306990738652e+02
3.278976553190618120e+02
3.266819078434212429e+02
3.255201186372842699e+02
3.244132488751025107e+02
3.233614118692996158e+02
3.223670322932399017e+02
3.214308059673059006e+02
3.205574789857006408e+02
3.197532130043854295e+02
3.190291186763379869e+02
3.184080917046293280e+02
3.179994892365714918e+02
3.177759883228728199e+02
3.178189457157354241e+02
3.182597783790481571e+02
3.192977190875928386e+02
3.211672724250759074e+02
3.242056541916081756e+02
3.286473733107457633e+02
3.346298525582244565e+02
3.419458406101690002e+02
3.500358331418277658e+02
3.581126993012258026e+02
3.654966878847370708e+02
3.716946938180453230e+02
3.765423957219425120e+02
3.800555482373742393e+02
3.823264865898674998e+02
3.835507251399895381e+02
3.838885148392067777e+02
3.835397074715453982e+02
3.826492643777339708e+02
3.813606364955537629e+02
3.797712249167525442e+02
3.779621213051878499e+02
3.759501478262706087e+02
3.738297401612886688e+02
3.716301395551922724e+02
3.693666513802265285e+02
3.670610849701874940e+02
3.647236581867647374e+02
3.623721747666078841e+02
3.600175249364950218e+02
3.576715226385476285e+02
3.553457240719510537e+02
3.530472811421658434e+02
3.507871215418603583e+02
3.485709154438710016e+02
3.464077788410630774e+02
3.443047764970631874e+02
3.422695990664419696e+02
3.403127701319809830e+02
3.384423316517358558e+02
3.366727003808238692e+02
3.350159843952492906e+02
3.334889071188394496e+02
3.321122850476472195e+02
3.309029660694999961e+02
3.298872901683157011e+02
3.290812829976356397e+02
3.285194454300178108e+02
3.282192046280492264e+02
3.281847425434161210e+02
3.284197742098301092e+02
3.288942410520187991e+02
3.295788503130840468e+02
3.304132108537265822e+02
3.313374027418954597e+02
3.322780563960469067e+02
3.331739991359593205e+02
3.339658511832974455e+02
3.346154349012111879e+02
3.350989075713945340e+02
3.354013793652931099e+02
3.355320719818580528e+02
3.354920479051313009e+02
3.353044167596427201e+02
3.349805625969096354e+02
3.345414884590728661e+02
3.340041197448296089e+02
3.333821815197928231e+02
3.326927271457504958e+02
3.319743691884700638e+02
3.311668109142025287e+02
3.303263035157959280e+02
3.294611493584072264e+02
3.285768020891230208e+02
3.276773873515896867e+02
3.267678405779907393e+02
3.258499275079821587e+02
3.249276159139341758e+02
3.240020550272211040e+02
3.230755599339391892e+02
3.221493567178592343e+02
3.212243901418093515e+02
3.203018503484290136e+02
3.193817130894671550e+02
3.184650536396065945e+02
3.175514974390861767e+02
3.166417888091316968e+02
3.157355824456485607e+02
3.148330633373067258e+02
3.139345246281190498e+02
3.130394960656520880e+02
3.121490038326462013e+02
3.112624712189618208e+02
3.104012971879228644e+02
3.095321337593870226e+02
3.086682133956246048e+02
3.078110379279022482e+02
3.069611207490772244e+02
3.061211534361579538e+02
3.052939334336044794e+02
3.044873076045474818e+02
3.037201266810404263e+02
3.030426120297871080e+02
3.025804282411279473e+02
3.026506982375908592e+02
3.037659081040521869e+02
3.064170511304325828e+02
3.106272531980222880e+02
3.167763635422274433e+02
3.261107776243713374e+02
3.386365157917663851e+02
3.526844069881539667e+02
3.660215743929124415e+02
3.775188722415497296e+02
3.875273304417072495e+02
3.971161307702458885e+02
4.065556169548241883e+02
4.153668508911096069e+02
4.233492462665535641e+02
4.296716078907796259e+02
4.341435505060798050e+02
4.369183825518011304e+02
4.383200682182030619e+02
4.388054277367960481e+02
4.386896774761877964e+02
4.382217379337130865e+02
4.375861872677322708e+02
4.369067113982760020e+02
4.362885854276801751e+02
4.358132039156227506e+02
4.355330297230714791e+02
4.355024839325047310e+02
4.357519267667748295e+02
4.363154999568186554e+02
4.372261926979922464e+02
4.385065783907442096e+02
4.402021615335111733e+02
4.423337499252563703e+02
4.449445664229616000e+02
4.480522416360190050e+02
4.516598291792435020e+02
4.555765320528950610e+02
4.600859574962041165e+02
4.648923139309937937e+02
4.698833025405185140e+02
4.749519099818982113e+02
4.799873262739550910e+02
4.848992977759486962e+02
4.895996060591519949e+02
4.940350747621696428e+02
4.981568416020730297e+02
5.019405750642832231e+02
5.053746503669351000e+02
5.084520300238526715e+02
5.111799911660448856e+02
5.135525478633253442e+02
5.155810154801746421e+02
5.172639194758480699e+02
5.186062173076426234e+02
5.196177115493331939e+02
5.203009813195220659e+02
5.206749971610496459e+02
5.207490930861207517e+02
5.205409134334304326e+02
5.200700663935593866e+02
5.191913795487164407e+02
5.181393009914411323e+02
5.169005853052420889e+02
5.154973809873267783e+02
5.139498437691820527e+02
5.122734494485049481e+02
5.104881115600200587e+02
5.086074879268196014e+02
5.066468175215879910e+02
5.046195986865456575e+02
5.025363951475309250e+02
5.004092510681198291e+02
4.982464098276365689e+02
4.960564038119094903e+02
4.938461623344750819e+02
4.916212818188461142e+02
4.893871768137144045e+02
4.871478584431576451e+02
4.849070030158550253e+02
4.826677450055010468e+02
4.804324225587524779e+02
4.782033833355498587e+02
4.759823491044412549e+02
4.737708817290628076e+02
4.715357869608872079e+02
4.694050111454970988e+02
4.672857841240355015e+02
4.651787084716082177e+02
4.630845458523308480e+02
4.610038517482275324e+02
4.589366841620578157e+02
4.568835059678198149e+02
4.548438971754936233e+02
4.528178870911489753e+02
4.508050519507565355e+02
4.488048231789048828e+02
4.468168850678353579e+02
4.448402897165429408e+02
4.428745926466812648e+02
4.409190389553047567e+02
4.389729544133281820e+02
4.370358773950279101e+02
4.351070303895425582e+02
4.331860713004778631e+02
4.312724664752843182e+02
4.293659393051942175e+02
4.274661278301700236e+02
4.255727992784549087e+02
4.236577396902329156e+02
4.217417033987197215e+02
4.198294704951191534e+02
4.179210622163797666e+02
4.160165441386446901e+02
4.141161913545288371e+02
4.122197094372355650e+02
4.103275170446650577e+02
4.084395061904809836e+02
4.065557290381954090e+02
4.046766827734970775e+02
4.028016448914522130e+02
4.009314179898689758e+02
3.990653100898937851e+02
3.972032426663715796e+02
3.953451522178159507e+02
3.934896997565138577e+02
3.916370717219019184e+02
3.897857946534198845e+02
3.879352417245916058e+02
3.860843915570046079e+02
3.842319990717047062e+02
3.823774483806852231e+02
3.805198167850584809e+02
3.786754930304364848e+02
3.768539306831087288e+02
3.750215013650910691e+02
3.731788055718481587e+02
3.713273767304945068e+02
3.694683087627389000e+02
3.676034891036068188e+02
3.657351606010377054e+02
3.638649727946657890e+02
3.619960130643627281e+02
3.601300448264638021e+02
3.582700772979474664e+02
3.564187836116201993e+02
3.545783828921116765e+02
3.527523167733033915e+02
3.509425030974235256e+02
3.491525199987986525e+02
3.473851284870019072e+02
3.456436122598454403e+02
3.439326636986207859e+02
3.422567347846755297e+02
3.406239024193247928e+02
3.390440709217625113e+02
3.375326319319215713e+02
3.360911774783126589e+02
3.347655603639220772e+02
3.336218343121020098e+02
3.327361860386953367e+02
3.322260803735262016e+02
3.322544115821747255e+02
3.330317654191153451e+02
3.348416247870335951e+02
3.379454723640116640e+02
3.426090755351031021e+02
3.488730962836110621e+02
3.565241004070097688e+02
3.649988472577524590e+02
3.734874683670097966e+02
3.811501754324968374e+02
3.874183436509250669e+02
3.920031411879838856e+02
3.949582352103458334e+02
3.965212249201824761e+02
3.969796876487669124e+02
3.966496543055357620e+02
3.957810675557084892e+02
3.945790139578112417e+02
3.932022562526531146e+02
3.917262042153718085e+02
3.903037055781152844e+02
3.889660817874948862e+02
3.877489207472315798e+02
3.866831547376664275e+02
3.857915377834033279e+02
3.850995950624237025e+02
3.846475995445169929e+02
3.845003982461450391e+02
3.847719178003994216e+02
3.856606173178579411e+02
3.874533911269406872e+02
3.905488523997835273e+02
3.953426090636544359e+02
4.021198548341102992e+02
4.108358634388297332e+02
4.208888867102029394e+02
4.312837541133499712e+02
4.411795599880815075e+02
4.501104316272290475e+02
4.577985604609117445e+02
4.640066058400654470e+02
4.685757902193294626e+02
4.714239706138893098e+02
4.726600950279644735e+02
4.725086322907296221e+02
4.712029749450757095e+02
4.690691043156396631e+02
4.663595231483813564e+02
4.632616097528164119e+02
4.599188239079518326e+02
4.564203444364130178e+02
4.528336178522864657e+02
4.492016794443727008e+02
4.455562166653280656e+02
4.419190042890461427e+02
4.383065242081668202e+02
4.347299707978208971e+02
4.311990195041529432e+02
4.277201276499663436e+02
4.242987557292557312e+02
4.209398278710719410e+02
4.176459267918494334e+02
4.144211998545385427e+02
4.112669657186776817e+02
4.081858486414879508e+02
4.051795519399864247e+02
4.022485710966039960e+02
3.994070498772758242e+02
3.966640510126078425e+02
3.940023326355375843e+02
3.914221055768717861e+02
3.889231633401103068e+02
3.865067361354641093e+02
3.841705933272112929e+02
3.819155474013654725e+02
3.797390138374281605e+02
3.776392218476843254e+02
3.756144562829047686e+02
3.736597033225743303e+02
3.717729575458961335e+02
3.699476583923079147e+02
3.681798326869782727e+02
3.664632829028830656e+02
3.647917361504235600e+02
3.631601950929509712e+02
3.615614847187702594e+02
3.599917138950686990e+02
3.584446325337301005e+02
3.569173370118172102e+02
3.554056365487570588e+02
3.539071758325622454e+02
3.524631056182665816e+02
3.510222140263621213e+02
3.495880567147214038e+02
3.481588964262743957e+02
3.467359029372344708e+02
3.453185427075139842e+02
3.439076862103200938e+02
3.425044162090160853e+02
3.411088770672997725e+02
3.397233631013099284e+02
3.383478337445149577e+02
3.369846624309167282e+02
3.356347817410702987e+02
3.342995947473858109e+02
3.329814140225070673e+02
3.316807064934279197e+02
3.304003287498968575e+02
3.291409517721490374e+02
3.279046025726237303e+02
3.266930153491334181e+02
3.255069005073655148e+02
3.243486220791096457e+02
3.232182912968385153e+02
3.221176568022938227e+02
3.210875908074768859e+02
3.200706137534999698e+02
3.190844598912817673e+02
3.181283609151219025e+02
3.172025105190334671e+02
3.163059385350349544e+02
3.154376997583067350e+02
3.145967392430871996e+02
3.137814056604752295e+02
3.129903510453456192e+02
3.122217642748036610e+02
3.114739930136530006e+02
3.107452459423995492e+02
3.100340088391861855e+02
3.093386177957710856e+02
3.086580706722559171e+02
3.079911830352435800e+02
3.073374103755112401e+02
3.066966675261007254e+02
3.060689419218588228e+02
3.054553700673033632e+02
3.048571407117971717e+02
3.042765172750142710e+02
3.037167945920219267e+02
3.031977925240808531e+02
3.027030152227887356e+02
3.022507698790055315e+02
3.018522080630820597e+02
3.015220493480924802e+02
3.012754112314135568e+02
3.011339342093006053e+02
3.011145674870230096e+02
3.012357878815316212e+02
3.015075876214635286e+02
3.019269225346906751e+02
3.024790398180609259e+02
3.031335550272746673e+02
3.038515996239820538e+02
3.045996084737714682e+02
3.053486570573227254e+02
3.060823990790489688e+02
3.068011299244016072e+02
3.075038329042588430e+02
3.082066291742165731e+02
3.089155926078700531e+02
3.096419498945372197e+02
3.103900404809825773e+02
3.111582888488884464e+02
3.119198755391206532e+02
3.128487870681141771e+02
3.137501824826983352e+02
3.146104251980583513e+02
3.154138676415455507e+02
3.161483389748985360e+02
3.168008571964181783e+02
3.173601040618884213e+02
3.178208793859669754e+02
3.181751983943942150e+02
3.184240054088365355e+02
3.185677586882578680e+02
3.186086776419637658e+02
3.185547820885980173e+02
3.184097734265681083e+02
3.181839993135936879e+02
3.178850293021747575e+02
3.175207375814019883e+02
3.171010765264019255e+02
3.166321682144803162e+02
3.161230905919644556e+02
3.155801980139314082e+02
3.150096744010224938e+02
3.144180975950828270e+02
3.137755121260645410e+02
3.131542944884922690e+02
3.125206285657707781e+02
3.118785853198425571e+02
3.112323471639200534e+02
3.105845889330038290e+02
3.099386401404976255e+02
3.092968655749635332e+02
3.086614652413381918e+02
3.080347118056398585e+02
3.074181953433309218e+02
3.068136915988437181e+02
3.062227954817003024e+02
3.056466344858694129e+02
3.050867979208713905e+02
3.045442144747180464e+02
3.040200329718570060e+02
3.035153925933396977e+02
3.030308293113776585e+02
3.025675261015720139e+02
3.021256708217406981e+02
3.017060523720702463e+02
3.013089258138298874e+02
3.009342930561896310e+02
3.005683514651870496e+02
3.002351580313100499e+02
2.999250593439253407e+02
2.996370841941350136e+02
2.993707307498205523e+02
2.991251481242803152e+02
2.988989880953733405e+02
2.986917207892606143e+02
2.985014986313910867e+02
2.983279278943022632e+02
2.981693734541145204e+02
2.980252449701143860e+02
2.978948216863092284e+02
2.977771735364205483e+02
2.976726467362917106e+02
2.975804006488775144e+02
2.975012674464113616e+02
2.974353789725035426e+02
2.973836003926626290e+02
2.973475600847513647e+02
2.973283766471668059e+02
2.973291508801896725e+02
2.973528164167819341e+02
2.974040069950627867e+02
2.974962033245639077e+02
2.976342910860170718e+02
2.978298234127535693e+02
2.981005243275896532e+02
2.984684206341059962e+02
2.989697980181996968e+02
2.996407122215352956e+02
3.005364385106474288e+02
3.017133809335726369e+02
3.032203091814715208e+02
3.051060326977974455e+02
3.073475870750913828e+02
3.098887966810639796e+02
3.125879245519419669e+02
3.152891845436328708e+02
3.178326567928252757e+02
3.201325456679784338e+02
3.221284935051779712e+02
3.238274448285620792e+02
3.252448777386990173e+02
3.264102295000669187e+02
3.273692863870348333e+02
3.281491230964975330e+02
3.288005221414491075e+02
3.293610688518434699e+02
3.298770440545441716e+02
3.303805674016651892e+02
3.308974900609247243e+02
3.314579931441371627e+02
3.320737057530493530e+02
3.327561218094796800e+02
3.334997618874941736e+02
3.342930807072485209e+02
3.351143703225646959e+02
3.359447063855211013e+02
3.367632904951857427e+02
3.375559263314455620e+02
3.383135264562367297e+02
3.390208195792075117e+02
3.396736196106484726e+02
3.402521442549468134e+02
3.407438882725508051e+02
3.411310334045186323e+02
3.413933825215706861e+02
3.415238451004161107e+02
3.415063601725174749e+02
3.413423851302136995e+02
3.410306662276068437e+02
3.405680451001404094e+02
3.399663368491814595e+02
3.392354290656782041e+02
3.383919556392037862e+02
3.374492593942921417e+02
3.364208334869796317e+02
3.353224814601539947e+02
3.341656233660438033e+02
3.329634172551841971e+02
3.317270068698590535e+02
3.304658077622161727e+02
3.291896059553222926e+02
3.279060449474190477e+02
3.266219169135169977e+02
3.253443584208716857e+02
3.240776013980764674e+02
3.228270399288627459e+02
3.215965938903223105e+02
3.203891522957285929e+02
3.192090313755137458e+02
3.180575921421244630e+02
3.169385940348083750e+02
3.158543969882386477e+02
3.148077265576990271e+02
3.138172644906982214e+02
3.128797637306788033e+02
3.120012978896687628e+02
3.111904422258253362e+02
3.104644201504411285e+02
3.098460838170905731e+02
3.093647164887207737e+02
3.090708214391999604e+02
3.090135738314904188e+02
3.092795887513692037e+02
3.099520071921364774e+02
3.111376458530608602e+02
3.129647253649631011e+02
3.155223160436428884e+02
3.189427138196405735e+02
3.232115269450874280e+02
3.282362922752652707e+02
3.337428813230267792e+02
3.393797832007454645e+02
3.448831775346355926e+02
3.503082619661735180e+02
3.559186378926629004e+02
3.622184855375228949e+02
3.695477526637943697e+02
3.778641554096044501e+02
3.870273995641375109e+02
3.966639021840840087e+02
4.064090414379206777e+02
4.158515338815664109e+02
4.245984972988755430e+02
4.323074494178173381e+02
4.386572740726223287e+02
4.434982149005741121e+02
4.469458981269050355e+02
4.492015108378007540e+02
4.506389471339966803e+02
4.515327887977403520e+02
4.520981290929202601e+02
4.524715556903333891e+02
4.527056855502920030e+02
4.528235190759651800e+02
4.528036748017377136e+02
4.526216681292395947e+02
4.522394438711928615e+02
4.516290584672339037e+02
4.507730225012227265e+02
4.496534348400926433e+02
4.482816263316274217e+02
4.466395477003571841e+02
4.447608701593180172e+02
4.426733849448048659e+02
4.404004108302549980e+02
4.379756021095527103e+02
4.354204068772122582e+02
4.327663188350973087e+02
4.300358380789967327e+02
4.272523309380916317e+02
4.244370226869968974e+02
4.216077400190010849e+02
4.187808277281267806e+02
4.159708068400904040e+02
4.131888417924668033e+02
4.104448317297535027e+02
4.077473464561534797e+02
4.051006524734056597e+02
4.025110029721637375e+02
3.999788524988647396e+02
3.975058524535487550e+02
3.950917994020229571e+02
3.927333721282352030e+02
3.904300918934625315e+02
3.881759747029556706e+02
3.859790260048903292e+02
3.838218897134515259e+02
3.816955357876326502e+02
3.795971672590825392e+02
3.775214860965556909e+02
3.754671176252797409e+02
3.734304876126900012e+02
3.714107559630874107e+02
3.694070668561647608e+02
3.674191570679045640e+02
3.654483602386592906e+02
3.634953772971219905e+02
3.615624458484190313e+02
3.596518631011759339e+02
3.577656933606622260e+02
3.559078501012993456e+02
3.540798702165809004e+02
3.522860328359470259e+02
3.505284396005396843e+02
3.488100018398236557e+02
3.471346475590575551e+02
3.455034271886933084e+02
3.439221843059324328e+02
3.423919455238369665e+02
3.409236643694526947e+02
3.395184376253081382e+02
3.381789658040962081e+02
3.369169860907417728e+02
3.357392952567308839e+02
3.346639922066377153e+02
3.337086543567510830e+02
3.328971578082666838e+02
3.322673570110847550e+02
3.318500386898967349e+02
3.317054341650359675e+02
3.318773467233700671e+02
3.324273735129090142e+02
3.334147816747517368e+02
3.348664782293814710e+02
3.368244517320187015e+02
3.392443893470600642e+02
3.420754465775596032e+02
3.452015750210485407e+02
3.484801292302255433e+02
3.517432853167896383e+02
3.548507364011134655e+02
3.576615984283631633e+02
3.601100029936966394e+02
3.612607026642937171e+02
3.615897017078240196e+02
3.614450514892279216e+02
3.608729548451327673e+02
3.599673489176422549e+02
3.587878317256227092e+02
3.573972539325298499e+02
3.558522884580327172e+02
3.541911409809267184e+02
3.524565216319635397e+02
3.506753226852900411e+02
3.488737362270820768e+02
3.470709014357296383e+02
3.452847685551034260e+02
3.435270486553513933e+02
3.418117983972783236e+02
3.401461911589162810e+02
3.385395502894696733e+02
3.369988499892090204e+02
3.355277420094821537e+02
3.341342167931816789e+02
3.328180344591176549e+02
3.315831165693301159e+02
3.304304988338802787e+02
