nan
4.454437710928980323e+02
4.448137144705614219e+02
4.445335953713767481e+02
4.448786172879192691e+02
4.461285513781398890e+02
4.486300386934879043e+02
4.525303217180061210e+02
4.579329730810036381e+02
4.645520557855148240e+02
4.718683876940137338e+02
4.791480263160069057e+02
4.857208947525879239e+02
4.910642641273660729e+02
4.950753401079226137e+02
4.978207326928626912e+02
4.995397436181287958e+02
5.005318029288386583e+02
5.010223840786796927e+02
5.012412719486694641e+02
5.013273478468990447e+02
5.013908817543771761e+02
5.015056478403549818e+02
5.017331471111485257e+02
5.021114462616508263e+02
5.029018799703129616e+02
5.037653071936356923e+02
5.047078719563644995e+02
5.056963269675352421e+02
5.066574416588628083e+02
5.074883695012562157e+02
5.080825415535548473e+02
5.083330556126066426e+02
5.081640621406506284e+02
5.075476501089942758e+02
5.064621897851288850e+02
5.049635579428697270e+02
5.030865709716911169e+02
5.009050876474966572e+02
4.984825997014289101e+02
4.958754907449510370e+02
4.931422900718625328e+02
4.903193421617784793e+02
4.874424424362838408e+02
4.845325769251280121e+02
4.816042909329560189e+02
4.786663393772641939e+02
4.757215040911811457e+02
4.727709589310881029e+02
4.697970741046008811e+02
4.668234384288878118e+02
4.638506169604935963e+02
4.608781374595296825e+02
4.579066511173824665e+02
4.549359323927544665e+02
4.519669254607246103e+02
4.490003028151620015e+02
4.460376028330358054e+02
4.430802446269863140e+02
4.401305625283050631e+02
4.371906408498131782e+02
4.342634040147877954e+02
4.313517816222905594e+02
4.284588490879598339e+02
4.255887510426202880e+02
4.227445038720975390e+02
4.199302837023169559e+02
4.171503324590779584e+02
4.144079513966046306e+02
4.117091714459092486e+02
4.090560946321523943e+02
4.064557399875089914e+02
4.039107216580603676e+02
4.013982197832307861e+02
3.989519420429459728e+02
3.965734632340249846e+02
3.942706093228702002e+02
3.920435725376170808e+02
3.898993591049630822e+02
3.878405776274245795e+02
3.858696595303820800e+02
3.839929261668881963e+02
3.822077235412078835e+02
3.805193885743983060e+02
3.789242576954575270e+02
3.774214939709213468e+02
3.760086174772742993e+02
3.746774238990360004e+02
3.734245976909842284e+02
3.722378226436380828e+02
3.711093338420214991e+02
3.700269020128565671e+02
3.689788459062498873e+02
3.679537632567839864e+02
3.669395428998143416e+02
3.659260052999772483e+02
3.649031890929332462e+02
3.637925025316552592e+02
3.626628391069883719e+02
3.615113053072633420e+02
3.603339569674062659e+02
3.591306677470635691e+02
3.579014754396445142e+02
3.566474580833311734e+02
3.553719355739386856e+02
3.540770000740873797e+02
3.527673263485105508e+02
3.514464145904966017e+02
3.501186676909516109e+02
3.487883396499165087e+02
3.474594984854717268e+02
3.461360858448828139e+02
3.448219399049587537e+02
3.435202144229337478e+02
3.422339089850476626e+02
3.409658366463503398e+02
3.397175812090631553e+02
3.384916425272010656e+02
3.372884275273246999e+02
3.361094138101367435e+02
3.349547034540839263e+02
3.338408448817696694e+02
3.327506509405419592e+02
3.316824540631581613e+02
3.306358755535397904e+02
3.296092337339518394e+02
3.286014318443744742e+02
3.276115774185701071e+02
3.266381683341867870e+02
3.256811594674616686e+02
3.247399327862510745e+02
3.238153017453637403e+02
3.229093059479533281e+02
3.220246018914107822e+02
3.211676650614009532e+02
3.203461773527611740e+02
3.195726981510244400e+02
3.188665259879676341e+02
3.182488201042992841e+02
3.177580963806360614e+02
3.174289562498822761e+02
3.173122622232939989e+02
3.174570418830692233e+02
3.178928752572388703e+02
3.186471642123840411e+02
3.196611615835798261e+02
3.208690227894607006e+02
3.221538471248131259e+02
3.234150182475685824e+02
3.245686376188373856e+02
3.255989106243537776e+02
3.265178166476967476e+02
3.273685334751682490e+02
3.282088442317888735e+02
3.290718313200095508e+02
3.300012964304078764e+02
3.310065144632870329e+02
3.320955267595782630e+02
3.332597545268669137e+02
3.344714277680282066e+02
3.357060791636642989e+02
3.369181614086911054e+02
3.380769418083661435e+02
3.391394284949810753e+02
3.400875874074127410e+02
3.408979669797084853e+02
3.415750441409818450e+02
3.421294364186146026e+02
3.425848614577824378e+02
3.428889155201388803e+02
3.431693363237907874e+02
3.434753998965059054e+02
3.438491588327901241e+02
3.443298618840620406e+02
3.449512090068674866e+02
3.457393444785676024e+02
3.467104818314217596e+02
3.478770514947291872e+02
3.492403258155002845e+02
3.507937162149171400e+02
3.525299862841027334e+02
3.544302503593540905e+02
3.564850838427111626e+02
3.586958574389248611e+02
3.610878947997365458e+02
3.637218372757006364e+02
3.666690595199421523e+02
3.698769509646452889e+02
3.731411958368208275e+02
3.761537206436473753e+02
3.787507843960082710e+02
3.809325148352968995e+02
3.828316307355646018e+02
3.846681251139548294e+02
3.865315277262941436e+02
3.885103642268500721e+02
3.906952507379547228e+02
3.931250158725393931e+02
3.958062313614796608e+02
3.986773189396681687e+02
4.016120402322233645e+02
4.044674075430291396e+02
4.071200672708387742e+02
4.094758789781743644e+02
4.115016641799338117e+02
4.131855760967942501e+02
4.145315246427864508e+02
4.155625879759201098e+02
4.162928621935672027e+02
4.167484406209952681e+02
4.169583622961999367e+02
4.169461292463186624e+02
4.167539356296011306e+02
4.164162300576044800e+02
4.159739553019147138e+02
4.154705131754203649e+02
4.149392813181859765e+02
4.145791545789786028e+02
4.142325269857659009e+02
4.139074984291551687e+02
4.136079870521473367e+02
4.133189504905578247e+02
4.130277102469341912e+02
4.127143979272346996e+02
4.123699866215564498e+02
4.119882611922085971e+02
4.115803550416064240e+02
4.111637930260906160e+02
4.107695230720750033e+02
4.104337410164415587e+02
4.101963403388684242e+02
4.101031228805802016e+02
4.101880609142005483e+02
4.104929204017672646e+02
4.110339413960542174e+02
4.118355579860343028e+02
4.129035855245538187e+02
4.142456340404835373e+02
4.158792799390648156e+02
4.178115564827464823e+02
4.200408832388880001e+02
4.225309836794357352e+02
4.252797103848413371e+02
4.281643110923353106e+02
4.310254122030098642e+02
4.336803700557910588e+02
4.360102734164429421e+02
4.379271215472429617e+02
4.393971961614348629e+02
4.404264713657928496e+02
4.410364102661477546e+02
4.412851384906525709e+02
4.412158049837925660e+02
4.408835136890307353e+02
4.403167454030783006e+02
4.395442490022343236e+02
4.385807471284205690e+02
4.374393485255439487e+02
4.361334755571946289e+02
4.346720380287333683e+02
4.330727884531339669e+02
4.313444716881600129e+02
4.295045337537536625e+02
4.275646632070107103e+02
4.255866558424980894e+02
4.235092353155048386e+02
4.213787913360518473e+02
4.192168186887326442e+02
4.170427343037227956e+02
4.148797041970654504e+02
4.127507957703757597e+02
4.106821713818864623e+02
4.087019831642736563e+02
4.068470322201815748e+02
4.051618053489457338e+02
4.037178188110081578e+02
4.026211677256973758e+02
4.020596716526592331e+02
4.023240766786000222e+02
4.037757645695388646e+02
4.066784787848926044e+02
4.108837378695980078e+02
4.160602587788506526e+02
4.220525709966605632e+02
4.287154633539319661e+02
4.357013360696779500e+02
4.422758263872963767e+02
4.476334311072959622e+02
4.513235197058236849e+02
4.532968544587181441e+02
4.540395132766079769e+02
4.539739629425058070e+02
4.533589730429501401e+02
4.523793526919359351e+02
4.511301660134991494e+02
4.496987137702624864e+02
4.481508031413529807e+02
4.465385659107123502e+02
4.448963644367601660e+02
4.432442017154586438e+02
4.415928397363182967e+02
4.399431333766544299e+02
4.382951792722931827e+02
4.366433263808379479e+02
4.349889733487880790e+02
4.333300126012744613e+02
4.316759962971379991e+02
4.300379452725264855e+02
4.284327021163507538e+02
4.268870434621036338e+02
4.254286240048641616e+02
4.241111884282970550e+02
4.229770568251988152e+02
4.224386166022339921e+02
4.234536138195570629e+02
4.283418793348388931e+02
4.410688697957075419e+02
4.622174610931913890e+02
4.887963996299725409e+02
5.143037476308260239e+02
5.348899641696024219e+02
5.538631660788544195e+02
5.732841954699854341e+02
5.900878325532071358e+02
6.022422945528757054e+02
6.094098858152736966e+02
6.132280252507337082e+02
6.142733707090279722e+02
6.123366401947868098e+02
6.085403832337583481e+02
6.041057076234937995e+02
6.000135443061824390e+02
5.969990421425868590e+02
5.953014617966902051e+02
5.940737332374284279e+02
5.920552925163507325e+02
5.885763310702689068e+02
5.840240694043177427e+02
5.787937529368358582e+02
5.732963719210181353e+02
5.677605533181662167e+02
5.623029438980901205e+02
5.569855303804399682e+02
5.518368198535928286e+02
5.468650185976815692e+02
5.420730210415488273e+02
5.374546887770734429e+02
5.330013724205853123e+02
5.287064257455928100e+02
5.245566853958515594e+02
5.205463962376538802e+02
5.166633542332815523e+02
5.128994801633933776e+02
5.092445751401106122e+02
5.056881697888493932e+02
5.022214246012036369e+02
4.988338638329925629e+02
4.955180493918775255e+02
4.922644006969325687e+02
4.890675270358347575e+02
4.858816057684790053e+02
4.828181892273432823e+02
4.797793216279076205e+02
4.767623499235725149e+02
4.737681813140804366e+02
4.707976270940595214e+02
4.678559136952104609e+02
4.649509536717121136e+02
4.620945981156521043e+02
4.593051290494032628e+02
4.566067606136938934e+02
4.540318075022039466e+02
4.516248816233426737e+02
4.494359238717273115e+02
4.475360838139891939e+02
4.459957605328015120e+02
4.448990958573460262e+02
4.443284171229464050e+02
4.443405439016329979e+02
4.449818052802641546e+02
4.462372143302709446e+02
4.480514706170285990e+02
4.503225615086478797e+02
4.528877693356669738e+02
4.554810952233136163e+02
4.579510459537411293e+02
4.601343562175063084e+02
4.618923163498548092e+02
4.631441553631727857e+02
4.638445270258850996e+02
4.640169773541659879e+02
4.636959882613072068e+02
4.629588807746627026e+02
4.618786804527176741e+02
4.605323814335466750e+02
4.589927792624754943e+02
4.573156685990107917e+02
4.555537719136616488e+02
4.537441006541250204e+02
4.519187695220126670e+02
4.501001799472163611e+02
4.483070726287293155e+02
4.465501170369720398e+02
4.448393923127161997e+02
4.431772851103769995e+02
4.415652119773421873e+02
4.400015008161439596e+02
4.384799303134377055e+02
4.369805367469186876e+02
4.354330693869949300e+02
4.339069928646478616e+02
4.323945510278575171e+02
4.308885672825763891e+02
4.293839304600884930e+02
4.278766637783821238e+02
4.263639970402712152e+02
4.248463098360122672e+02
4.233234594576797463e+02
4.217981617411584239e+02
4.202724384464303284e+02
4.187492726806264045e+02
4.172318941724625461e+02
4.157226184693611231e+02
4.142251992101279257e+02
4.127413591899635321e+02
4.112750047999510912e+02
4.098288866858232495e+02
4.084070987852813346e+02
4.070155225773921188e+02
4.056582993902408134e+02
4.043441078854027069e+02
4.030765102194527003e+02
4.019323388398931343e+02
4.008015524388466133e+02
3.997314211216454964e+02
3.987182489246774821e+02
3.977448438318644435e+02
3.967936356390335959e+02
3.958381868603521525e+02
3.948538639411527242e+02
3.938148453061464238e+02
3.927051112828348209e+02
3.915092793862280018e+02
3.902253385980831126e+02
3.888535629452794069e+02
3.873997728169296124e+02
3.858765050878274678e+02
3.842915634620942456e+02
3.826616745999172053e+02
3.809964319596344353e+02
3.793089905336429410e+02
3.776106462125144390e+02
3.759094474464669133e+02
3.742160801187516768e+02
3.725358504811646299e+02
3.708763060028365999e+02
3.694123872732959057e+02
3.679584716665199835e+02
3.665386162901903049e+02
3.651535747876291111e+02
3.638054209835345318e+02
3.624945039985727249e+02
3.612205006134283849e+02
3.599834848985706230e+02
3.587816890866514541e+02
3.576143080366803133e+02
3.564792210351905055e+02
3.553746094462152314e+02
3.542980321515813671e+02
3.532471062920600389e+02
3.522192762009539138e+02
3.512116360245263422e+02
3.502217674376705077e+02
3.492462219357835806e+02
3.482829003219558786e+02
3.473283048686443522e+02
3.463802666421996150e+02
3.454361523574179387e+02
3.444932478142388277e+02
3.435501363166183637e+02
3.426836269883093564e+02
3.417833957142574377e+02
3.408747972606630015e+02
3.399573748018523247e+02
3.390307926959699216e+02
3.380942879210961109e+02
3.371486903837220552e+02
3.361933420538959467e+02
3.352296787424601234e+02
3.342579261122071443e+02
3.332795216537227816e+02
3.322959238014038874e+02
3.313086496919999604e+02
3.303204160859407921e+02
3.293331299095032705e+02
3.283509008082118612e+02
3.273766827282170766e+02
3.264161186652601145e+02
3.254741087644671893e+02
3.245578074060818494e+02
3.236758470535461925e+02
3.228370276157252761e+02
3.220558205510633911e+02
3.213437588286995492e+02
3.207681661135536046e+02
3.203007244208242810e+02
3.199747715687908567e+02
3.198233759313893074e+02
3.198760463711488455e+02
3.201772147276558371e+02
3.207552848296948014e+02
3.216551140225778909e+02
3.229024406795233517e+02
3.245346378606553230e+02
3.265810162336353528e+02
3.290779177551650037e+02
3.320752588213470062e+02
3.356004199029558208e+02
3.397073238919913365e+02
3.443458328279147054e+02
3.494564509455186680e+02
3.548077254556840217e+02
3.601361977273967341e+02
3.651144937447377856e+02
3.695249188742091064e+02
3.732201799974267260e+02
3.762151237948816060e+02
3.785703966332985146e+02
3.803453299827771161e+02
3.815552797714549342e+02
3.823657357819129174e+02
3.828316139487236569e+02
3.829702911370216611e+02
3.828217440422445748e+02
3.824147641614245572e+02
3.817935348864219804e+02
3.810001888251898663e+02
3.800725543303773293e+02
3.790527731206371982e+02
3.779700609529049871e+02
3.768600983061160719e+02
3.757492424609139334e+02
3.746658213374763022e+02
3.736391505501105712e+02
3.726931360241412676e+02
3.718625777130626489e+02
3.711713958627884722e+02
3.706535412275886188e+02
3.703351855205976335e+02
3.702350689690359218e+02
3.703709046981720121e+02
3.707278363484823558e+02
3.713194246558468876e+02
3.721016082629678294e+02
3.730483781367244092e+02
3.741231406246035931e+02
3.752983992662128685e+02
3.765520057653825461e+02
3.778662940199932905e+02
3.792341914057810754e+02
3.806314328822156767e+02
3.820479808602815979e+02
3.834527195879911119e+02
3.848292044199282600e+02
3.861516122281613548e+02
3.874049529862259078e+02
3.885814153606795003e+02
3.896716028145842756e+02
3.906849758667387391e+02
3.916183004223216813e+02
3.924868317759720071e+02
3.932935520943821075e+02
3.940478748198807466e+02
3.947559302463212134e+02
3.954188340843965079e+02
3.960401754155403182e+02
3.967583318865838464e+02
3.974492162873328311e+02
3.981243592560544471e+02
3.987745272212748660e+02
3.993860943236684307e+02
3.999508791611469292e+02
4.004602385257972514e+02
4.009124998253486183e+02
4.013063358691638882e+02
4.016425849305649081e+02
4.019241420295155649e+02
4.021520874373153447e+02
4.023296737580251943e+02
4.024592078781626583e+02
4.025423164923045647e+02
4.025823664482992967e+02
4.025814995930379609e+02
4.025415581700481198e+02
4.024663463692840537e+02
4.023530213361615324e+02
4.022037528129121711e+02
4.020143096822511666e+02
4.017818868340177687e+02
4.015044345833613875e+02
4.012384766459269372e+02
4.009546500834950393e+02
4.006179789991189182e+02
4.002334333554907175e+02
3.998085053981766919e+02
3.993477670120753373e+02
3.988571611175156022e+02
3.983374318628136734e+02
3.977877509162672141e+02
3.972021883992196081e+02
3.965708197997632283e+02
3.958815330618035659e+02
3.951184308293848630e+02
3.942689432331711146e+02
3.933166988034153064e+02
3.922544583625822838e+02
3.910727538961319851e+02
3.897707643149118439e+02
3.883516234661872204e+02
3.868194450328219887e+02
3.851875378538795189e+02
3.834671492508743995e+02
3.816772802605368042e+02
3.798417516449907225e+02
3.780143423675841063e+02
3.762096177757095461e+02
3.745525964098101213e+02
3.732362835765825935e+02
3.727121498558021244e+02
3.737891985192354696e+02
3.780480178638823645e+02
3.874105340512388693e+02
4.027210531872273691e+02
4.224386415409877031e+02
4.438623989435835142e+02
4.652532919103261406e+02
4.865422263371146983e+02
5.092172544373688652e+02
5.358645238656611127e+02
5.646040078596486183e+02
5.936553762837125987e+02
6.279843694031688983e+02
6.646311585589063498e+02
6.880800530010989178e+02
6.955073605844881968e+02
6.971907645764313202e+02
7.043632284843374691e+02
7.247324082473625140e+02
7.454521901239004364e+02
7.508345600993395692e+02
7.469756022983571029e+02
7.416706418022181424e+02
7.379465221227137590e+02
7.367287709910226567e+02
7.372039100063886963e+02
7.370475903193290605e+02
7.341835668119438196e+02
7.290114954540880490e+02
7.224026967917493494e+02
7.150411430428333688e+02
7.072886291954181388e+02
6.993450947662627186e+02
6.913030222807856262e+02
6.832025399235458281e+02
6.750649875527864197e+02
6.669376688690254014e+02
6.588716311522942988e+02
6.509467321862388189e+02
6.432060573296207622e+02
6.356416057764151901e+02
6.282627930212346428e+02
6.210743647556084852e+02
6.141321563503172456e+02
6.076514789040577398e+02
6.013335516671462528e+02
5.951605941395416721e+02
5.891257456246720494e+02
5.832253589027150156e+02
5.774640119777237715e+02
5.718535633836967236e+02
5.664045815257189815e+02
5.611354033162069754e+02
5.560548093077618432e+02
5.511737714019989198e+02
5.464952566504661036e+02
5.420144533185065256e+02
5.377262185702245461e+02
5.336102151694420854e+02
5.296484476664660406e+02
5.258127815162026764e+02
5.220752787568372923e+02
5.184067997862318862e+02
5.147784798588069179e+02
5.111649903059258122e+02
5.075453787432874719e+02
5.039045472030186943e+02
5.002129830479880752e+02
4.965630248313502193e+02
4.928686960746473460e+02
4.891374907354016273e+02
4.853770101200973954e+02
4.815973689787876992e+02
4.778097457315842576e+02
4.740237653799634359e+02
4.702503237979203163e+02
4.664984641509702215e+02
4.627763754395513160e+02
4.590910902416347881e+02
4.554487581565122127e+02
4.518536347420388779e+02
4.483105054055594110e+02
4.448215922586160218e+02
4.413897865745291824e+02
4.380167730211803132e+02
4.347031086514520553e+02
4.314506583678684706e+02
4.282586461909513105e+02
4.251284653012663739e+02
4.220596476078081878e+02
4.190523467110356250e+02
4.161011229850029167e+02
4.132461184748787559e+02
4.104514585374171816e+02
4.077171460404159120e+02
4.050452983557381685e+02
4.024376298691682905e+02
3.998957287622293393e+02
3.974235020117042723e+02
3.950230076517194675e+02
3.926994144234826081e+02
3.904574588709783711e+02
3.883026379294403796e+02
3.862439218411180377e+02
3.842883685119646202e+02
3.824485970237557240e+02
3.807373202237671990e+02
3.791690381475667664e+02
3.777655958653744506e+02
3.765440573142889207e+02
3.755330312122430882e+02
3.747560660692722649e+02
3.742379127635866212e+02
3.740073526078919599e+02
3.740707119561750460e+02
3.744766054085566225e+02
3.751809057213429242e+02
3.761509599443637626e+02
3.773293822646293165e+02
3.786485860255638158e+02
3.800334940339497507e+02
3.814148692929850881e+02
3.827414644795929917e+02
3.839692616447111391e+02
3.850903558221330627e+02
3.860863812540601998e+02
3.869746937440286843e+02
3.877546818102791804e+02
3.884433768565584728e+02
3.890494583310029384e+02
3.895788202372904152e+02
3.900422523532881769e+02
3.904366436050874540e+02
3.907695985756939194e+02
3.910349240794339494e+02
3.912360065175034833e+02
3.913677863146399432e+02
3.914305688618206318e+02
3.914230665188276248e+02
3.913906003081921199e+02
3.912199167738157826e+02
3.909829757809995385e+02
3.906871697330001894e+02
3.903339521112446278e+02
3.899296845516599888e+02
3.894778570948218430e+02
3.889823614728990719e+02
3.884482525110067854e+02
3.878779360899613380e+02
3.872765001155307800e+02
3.866464627708903095e+02
3.859918494236379161e+02
3.853161260801221601e+02
3.846223496652502263e+02
3.839143215187579017e+02
3.831948450454893873e+02
3.824673404387599476e+02
3.817348830115009264e+02
3.810002657919661715e+02
3.802666252770631559e+02
3.795363715599418128e+02
3.788119277461566980e+02
3.780952392926121775e+02
3.773699360279353527e+02
3.766466054197579751e+02
3.759319012881398407e+02
3.752252585187309251e+02
3.745251405056615681e+02
3.738297068323391272e+02
3.731368377818238855e+02
3.724433236022418328e+02
3.717470161374803297e+02
3.710440515273044184e+02
3.703320057304940747e+02
3.696075615582058731e+02
3.688677749133206021e+02
3.681108824441643605e+02
3.673336883364790424e+02
3.665358384538866972e+02
3.657151681713054359e+02
3.648715811061864542e+02
3.640050148332902609e+02
3.631150245219536146e+02
3.622033764785410881e+02
3.612698853697962704e+02
3.603168775233978636e+02
3.593454211310570940e+02
3.583397617401811885e+02
3.573157342975507049e+02
3.562813624455212107e+02
3.552397284154997692e+02
3.541923750670606523e+02
3.531416871969222484e+02
3.520895371873160684e+02
3.510373799308800358e+02
3.499871777201463487e+02
3.489399079698354171e+02
3.478972205776584019e+02
3.468599589992973051e+02
3.458292426555761381e+02
3.448058094409630030e+02
3.437903935853690314e+02
3.427836708811125277e+02
3.417860155567276479e+02
3.407980259424262499e+02
3.398197664507600848e+02
3.388516584831143064e+02
3.378937007703892732e+02
3.369458832096878496e+02
3.360083505948642255e+02
3.350806070310842415e+02
3.341729105043403933e+02
3.333004958906689126e+02
3.324364023520224123e+02
3.315799806233157483e+02
3.307302529560002426e+02
3.298868411914376679e+02
3.290486336090643249e+02
3.282151759487206277e+02
3.273856743587819551e+02
3.265593592716580815e+02
3.257359709489143711e+02
3.249146967716122276e+02
3.240955674593790832e+02
3.232781845695513994e+02
3.224626452080019590e+02
3.216493310721974126e+02
3.208384540920305312e+02
3.200312855769841462e+02
3.192286298297218536e+02
3.184324952498269568e+02
3.176449161434716189e+02
3.168687159899738504e+02
3.161079072733330690e+02
3.153667134261411888e+02
3.146419277905376930e+02
3.139462992042509200e+02
3.132929978365294232e+02
3.126929249132877544e+02
3.121601542995949785e+02
3.117130675354666209e+02
3.113716853085811067e+02
3.111653800158943000e+02
3.111231435784170571e+02
3.112864387386889007e+02
3.116972303500253361e+02
3.124017400499053565e+02
3.134533792929041169e+02
3.148855664471382738e+02
3.167396801251346687e+02
3.190130263515876550e+02
3.216885114617896306e+02
3.247144142719281490e+02
3.280084427997365424e+02
3.314801839558774645e+02
3.350403318013928242e+02
3.386247266868493284e+02
3.422279179144092041e+02
3.459893658505862390e+02
3.502431812250740109e+02
3.557599829095292421e+02
3.636792804570135900e+02
3.746798472863154643e+02
3.878403128979817325e+02
4.005025076978296852e+02
4.107694976741059918e+02
4.191033837231015013e+02
4.267938509713629855e+02
4.347858317681146900e+02
4.431504945138534026e+02
4.511931473572004165e+02
4.581188900530295314e+02
4.633988677054319396e+02
4.667294593741250424e+02
4.681718319665660601e+02
4.679958619143632745e+02
4.665164024408833257e+02
4.641364847221417449e+02
4.611367203005336250e+02
4.577521212669807937e+02
4.541489730876847943e+02
4.504286675235224493e+02
4.466712116935358381e+02
4.428966192204754861e+02
4.391715257818678424e+02
4.355154966201988600e+02
4.319400001557525002e+02
4.284575331743207016e+02
4.250743891789209101e+02
4.217962074060844202e+02
4.186287589515440004e+02
4.155732652894287185e+02
4.126343967359514977e+02
4.098120727087200521e+02
4.071073967445865378e+02
4.045207898117636773e+02
4.020493984730023840e+02
3.996928257941488596e+02
3.974463755696611429e+02
3.953061360306572851e+02
3.932671984111731263e+02
3.913219401657741514e+02
3.894643969210758314e+02
3.876854274493333037e+02
3.859763817605731333e+02
3.843286434522444779e+02
3.827315995431359852e+02
3.811593949982625418e+02
3.796455585636707610e+02
3.781582419181009982e+02
3.766898265983602982e+02
3.752323408374767268e+02
3.737795844739075619e+02
3.723257830306858978e+02
3.708662115969978004e+02
3.693975505863662647e+02
3.679173726722702327e+02
3.664242971884425515e+02
3.649180827184842997e+02
3.633992390416072453e+02
3.618691268153523879e+02
3.603300559315441092e+02
3.587843963735726334e+02
3.572353083240706724e+02
3.556862215653276280e+02
3.541403185738059278e+02
3.526018149310100966e+02
3.510737718081225012e+02
3.495600820828121300e+02
3.480641386026209716e+02
3.465887511488727455e+02
3.451292193689694159e+02
3.437383328672716516e+02
3.423730534073087597e+02
3.410350426642114030e+02
3.397262326337666991e+02
3.384484187770697190e+02
3.372020993543246163e+02
3.359888120467967951e+02
3.348082739158559775e+02
3.336609818265064291e+02
3.325466537430565381e+02
3.314643947898577494e+02
3.304139679480539940e+02
3.293936432144431592e+02
3.284026611348483584e+02
3.274393498325146084e+02
3.265020180749240808e+02
3.255893863758550992e+02
3.246992051542127342e+02
3.238301519659891596e+02
3.229802339068277774e+02
3.221477778983596068e+02
3.213314099592211619e+02
3.205293390389510932e+02
3.197261899252753778e+02
3.189613975587075743e+02
3.182066345118815889e+02
3.174617965131879487e+02
3.167277588662151970e+02
3.160072147018254896e+02
3.153070171766952399e+02
3.146417366808029215e+02
3.140445756640246486e+02
3.135856358766728249e+02
3.134081368221978892e+02
3.138093349799390239e+02
3.152832769442367749e+02
3.186111651576305803e+02
3.245615108964975661e+02
3.337528929055945355e+02
3.467928571176053083e+02
3.642404164599084879e+02
3.850050686471226982e+02
4.067487711438750466e+02
4.264755205571086094e+02
4.422923591235849017e+02
4.532279528900352261e+02
4.596054744995291230e+02
4.623324157773081424e+02
4.625749344706625834e+02
4.612874799753091111e+02
4.591963217080461845e+02
4.566820368708998217e+02
4.539670699482409759e+02
4.511722759275073145e+02
4.483567087629394337e+02
4.455552203776703664e+02
4.427844000232903454e+02
4.400526017160944434e+02
4.373639197377611367e+02
4.347198826273221357e+02
4.321193294686457307e+02
4.295617152453318681e+02
4.270437618201101486e+02
4.245635065411235018e+02
4.221172527891488357e+02
4.197018414043218968e+02
4.173142770243202335e+02
4.149510092238722336e+02
4.126100195917614428e+02
4.102881629959159113e+02
4.079841357719240591e+02
4.057229034295611427e+02
4.034528620448494394e+02
4.011981564868083865e+02
3.989584140734119160e+02
3.967346663663957429e+02
3.945271795906032821e+02
3.923372497926450251e+02
3.901660305406476255e+02
3.880145881451944092e+02
3.858845829544280264e+02
3.837770985276636679e+02
3.816937543305392069e+02
3.796359889616432497e+02
3.776050027880208404e+02
3.756024696849897282e+02
3.736294082981063980e+02
3.716872942499351780e+02
3.697772733631970823e+02
3.679002644653648986e+02
3.660575936859931971e+02
3.642498137384974370e+02
3.624780082126077332e+02
3.607428498610739780e+02
3.590447779125154284e+02
3.573977420877611735e+02
3.557769961831103842e+02
3.541974470091520288e+02
3.526590633663307699e+02
3.511621818104818544e+02
3.497072696803907661e+02
3.482942346722017533e+02
3.469239387047323362e+02
3.455963748880056414e+02
3.443124376163389115e+02
3.430727411283376682e+02
3.418779972514777228e+02
3.407295950800850619e+02
3.396282592551667108e+02
3.385759194801773901e+02
3.375736535817848676e+02
3.366235069808969911e+02
3.357271104862614948e+02
3.348861328064202212e+02
3.341027057792948654e+02
3.333777970765951864e+02
3.327135174289778661e+02
3.321104573424278783e+02
3.315696450168296110e+02
3.310849993656647143e+02
3.307504128679267410e+02
3.304752474838204535e+02
3.302564789398219887e+02
3.300928248022061666e+02
3.299821782931754797e+02
3.299214116100775982e+02
3.299096117998383875e+02
3.299427250632076039e+02
3.300187362912920435e+02
3.301343301526987375e+02
3.302853007852276619e+02
3.304690290129383357e+02
3.306802940182374186e+02
3.309154902173418691e+02
3.311702037775735903e+02
3.314390533664987970e+02
3.317185888173864896e+02
3.320033172328434716e+02
3.322891003814904707e+02
3.325719425709983170e+02
3.328466063914844995e+02
3.331105143192801279e+02
3.333591228488144793e+02
3.335662043579761189e+02
3.338016314826754751e+02
3.340091489185938940e+02
3.341886138153657271e+02
3.343377272753190823e+02
3.344563307573598649e+02
3.345442452617186291e+02
3.346005464139565788e+02
3.346268222139826207e+02
3.346224967578535257e+02
3.345892952044467847e+02
3.345279159068927015e+02
3.344392086155871198e+02
3.343250519091803881e+02
3.341858955521371399e+02
3.340236807235275478e+02
3.338390602175333015e+02
3.336332591036144777e+02
3.334072731690598062e+02
3.331615948801995160e+02
3.328971416519027002e+02
3.326140561260783670e+02
3.323128242761298452e+02
3.319934670682457636e+02
3.316349074170062750e+02
3.313089862998957642e+02
3.309646647191124202e+02
3.306015049977551712e+02
3.302191218641644355e+02
3.298172433394285576e+02
3.293956162283712388e+02
3.289544264866134995e+02
3.284937022500427588e+02
3.280141308598912246e+02
3.275164241577438702e+02
3.270017193063868035e+02
3.264717446077250997e+02
3.259281864059397549e+02
3.253737323782375483e+02
3.248112733914409205e+02
3.242444502828184341e+02
3.236783403663889089e+02
3.231182414933321638e+02
3.225719878505299789e+02
3.220489435025825173e+02
3.215605047241286911e+02
3.211242002957606587e+02
3.207572072321028145e+02
3.204777386722724941e+02
3.203586485752489352e+02
3.203957275384285595e+02
3.206283331787965380e+02
3.210813341177610596e+02
3.217846313935004900e+02
3.227400109680750120e+02
3.239545835068886959e+02
3.254260572975131254e+02
3.271887515743854351e+02
3.293052074191148222e+02
3.318830676279975478e+02
3.350917001864561939e+02
3.390890371168776483e+02
3.441045953402570490e+02
3.502779684062230672e+02
3.577118863589939224e+02
3.663368193748245858e+02
3.758728304651502299e+02
3.859070800238649781e+02
3.958690293077519868e+02
4.051548508539902400e+02
4.131865182003018049e+02
4.196692408715175020e+02
4.244666424201618611e+02
4.277415412400879404e+02
4.297943905667179365e+02
4.309106241213406179e+02
4.312509192436834837e+02
4.309446379908804374e+02
4.300666995878516445e+02
4.286937136450758317e+02
4.269120156180596837e+02
4.247961785427378913e+02
4.224359111080048592e+02
4.198898804225585195e+02
4.172187993350772217e+02
4.144621453132889997e+02
4.116521246584669029e+02
4.088135973727527812e+02
4.059629033847302821e+02
4.031156040065996535e+02
4.002807394547878630e+02
3.974678110553901433e+02
3.946826156105641985e+02
3.919310821647007401e+02
3.892181509066915055e+02
3.865473591956435939e+02
3.838766155688506387e+02
3.813230476258082717e+02
3.788229752235880028e+02
3.763799608186018872e+02
3.739995509863944108e+02
3.716896283689621328e+02
3.694607988560545095e+02
3.673327393369712581e+02
3.653370355548952944e+02
3.635284079973358757e+02
3.619872828992532732e+02
3.608226500050426466e+02
3.601100367547733185e+02
3.598646835962253476e+02
3.600317691274509571e+02
3.605742548718327498e+02
3.615343974661861353e+02
3.629253572985610958e+02
3.646974333330083482e+02
3.667882204315680497e+02
3.691689016011830518e+02
3.719353899022796668e+02
3.751912770139044824e+02
3.789782567582685715e+02
3.831780226989585003e+02
3.878954854663665515e+02
3.926657671103135954e+02
3.972698449222831982e+02
4.014537071424482519e+02
4.050348882946892104e+02
4.079067671156076926e+02
4.100432119833369029e+02
4.115098960921781668e+02
4.123882487772443710e+02
4.127611268832622500e+02
4.127202661038526799e+02
4.123217726208175691e+02
4.116372373344692051e+02
4.107129010086822518e+02
4.095953969160960355e+02
4.083253773360880245e+02
4.069304461824261807e+02
4.054412058699244312e+02
4.038754901773920096e+02
4.022518578248744916e+02
4.005832194785006095e+02
3.988798333624255861e+02
3.971512163242036877e+02
3.953326910453675396e+02
3.935152024731853544e+02
3.916894832747146893e+02
3.898614164565514102e+02
3.880364082011294045e+02
3.862193021648846525e+02
3.844155496293918759e+02
3.826296744145203093e+02
3.808665918188992237e+02
3.791311962056069547e+02
3.774274046157210591e+02
3.757593898593685822e+02
3.741310740055149608e+02
3.725452736081075500e+02
3.710059462852552770e+02
3.695149027045509342e+02
3.680749330090493459e+02
3.666879197322710411e+02
3.653547392390528330e+02
3.640773943912568598e+02
3.628555473179633282e+02
3.616903728922314372e+02
3.605815183075674781e+02
3.595288594177042114e+02
3.584511431409779334e+02
3.574243359564804337e+02
3.564549357474870703e+02
3.555444080514416214e+02
3.546981476802760085e+02
3.539228311367732545e+02
3.532335816706992659e+02
3.526492978979315467e+02
3.522007716344288610e+02
3.519299815211370515e+02
3.518810192118579607e+02
3.521132503255481652e+02
3.526531608978506256e+02
3.535108386332694295e+02
3.546412861317596139e+02
3.559553753767373223e+02
3.573490746403064122e+02
3.587297481541123716e+02
3.600228012178952781e+02
3.612071351483419335e+02
3.622674593788102015e+02
3.632094979183855799e+02
3.640553596772347760e+02
3.648171509547778442e+02
3.654018199051770353e+02
3.660289680960769942e+02
3.666292211090655542e+02
3.672282039711874404e+02
3.678537699442941289e+02
3.685946315007362273e+02
3.697032674695761330e+02
3.721849005159317016e+02
3.793916052134380266e+02
3.952383586453963744e+02
4.118215281988206016e+02
4.241374124907756595e+02
4.480301641743816958e+02
5.023580046965434462e+02
5.750410004518054166e+02
6.336452629406254573e+02
6.709008578699042573e+02
6.883078848051404748e+02
6.939418890626780012e+02
6.956988662672665669e+02
6.964642473417097790e+02
6.958783414926367641e+02
6.935899749212976531e+02
6.899997737938705313e+02
6.855667559432210965e+02
6.797959475848703050e+02
6.736269764889182170e+02
6.671643426794436209e+02
6.604607218268786255e+02
6.535800137465400894e+02
6.465917658682199090e+02
6.395784600145331069e+02
6.326733975202135980e+02
6.260243032034142061e+02
6.197675887604733589e+02
6.138439913928302758e+02
6.080207560228942612e+02
6.020856609061028166e+02
5.960517890487114983e+02
5.900077684115557304e+02
5.840541147339507688e+02
5.782868084662371757e+02
5.727749171870973441e+02
5.676202967263697019e+02
5.629178459681180584e+02
5.588076993191364181e+02
5.554496802776714048e+02
5.530038910924095035e+02
5.516007203161359485e+02
5.512863426967510350e+02
5.521209921070826567e+02
5.539079099081267259e+02
5.563643533069342766e+02
5.590732963518649967e+02
5.616791191678057658e+02
5.638292191546025833e+02
5.653517976448947593e+02
5.661231820606362817e+02
5.661461995605243374e+02
5.654621115331062811e+02
5.641758287021805245e+02
5.624133355168279422e+02
5.603139403586691287e+02
5.580098512321463886e+02
5.555958336024067421e+02
5.531499811264292248e+02
5.507016148369946222e+02
5.482638491477143816e+02
5.458204904080134838e+02
5.433433409564152043e+02
5.407950683893940322e+02
5.381381012276502815e+02
5.353098661825911222e+02
5.323260603520047880e+02
5.291495891236530724e+02
5.257778508137216704e+02
5.222143697838652088e+02
5.184712986464078313e+02
5.145698981979174960e+02
5.105302998426183763e+02
5.063800165107813314e+02
5.021420893821442064e+02
4.978419806480404191e+02
4.935018486821282409e+02
4.891423068981531515e+02
4.847812491903233081e+02
4.804348130224667557e+02
4.761162911955873938e+02
4.718372975735479145e+02
4.676081172964506436e+02
4.634359696347719364e+02
4.593291699078025090e+02
4.552919782349740103e+02
4.513303040140936560e+02
4.474478280490154702e+02
4.436475199501492170e+02
4.399156128986284102e+02
4.362893057455795542e+02
4.327535574154736082e+02
4.293091812424447653e+02
4.259593283623927391e+02
4.227424271819407977e+02
4.218254623173266395e+02
4.187209967403826454e+02
4.157182605013699686e+02
4.128229399661194066e+02
4.100386076989080948e+02
4.073705039311612381e+02
4.048264827407857638e+02
4.024119318463517061e+02
4.001389975721023120e+02
3.980161713158123575e+02
3.960577966763214022e+02
3.942793455616056235e+02
3.926963145005667002e+02
3.913317548426127814e+02
3.902030697678367801e+02
3.893364740495097180e+02
3.887522439711901256e+02
3.884706056225199973e+02
3.884742821182680359e+02
3.888296165891293299e+02
3.895127566256149976e+02
3.905045435125890663e+02
3.917860448046479291e+02
3.933158202683215450e+02
3.950487273369249692e+02
3.969296654800387500e+02
3.988973628608878812e+02
4.008909594962902361e+02
4.028512686910895013e+02
4.047260329544492379e+02
4.064754626603730685e+02
4.080751287485031753e+02
4.095073869686209491e+02
4.107785668258563305e+02
4.118896696498306369e+02
4.128621410585767535e+02
4.137099278963315214e+02
4.144536303351779338e+02
4.151123458848960581e+02
4.156997864416225070e+02
4.162329962059778836e+02
4.167172434477690786e+02
4.171220175511015213e+02
4.175357095720756320e+02
4.179068843048650592e+02
4.182260008731916514e+02
4.184799644908587766e+02
4.186554712176753128e+02
4.187384167066837222e+02
4.187153326601123808e+02
4.185756309470579026e+02
4.183112804780456031e+02
4.179163204925365562e+02
4.173922625422775354e+02
4.167382947452296662e+02
4.159627593982374947e+02
4.150717351482994673e+02
4.140750875445153270e+02
4.129849930736469332e+02
4.118105436162409774e+02
4.105656985531052783e+02
4.092595752326837442e+02
4.079036683984335241e+02
4.065074751012962224e+02
4.050788904529347860e+02
4.036265235252438970e+02
4.021417848069855268e+02
4.006759435216161478e+02
3.992019396537428975e+02
3.977235383064249277e+02
3.962440573601658116e+02
3.947657219248209230e+02
3.932905498950788115e+02
3.918200537715709970e+02
3.903552123396524962e+02
3.888970098103791884e+02
3.874459741712324785e+02
3.860025308788492566e+02
3.845671679075051657e+02
3.831399401494005019e+02
3.817213350142393438e+02
3.803113739215935425e+02
3.789103548210393342e+02
3.775185553276924679e+02
3.761360403020312333e+02
3.747633268483840538e+02
3.734004335680548365e+02
3.720478371865789313e+02
3.707057868430146641e+02
3.693745104297791499e+02
3.680466422805214393e+02
3.667654306140758536e+02
3.654951968634930495e+02
3.642360311957431804e+02
3.629882941450820795e+02
3.617522806227693764e+02
3.605280374014772065e+02
3.593160018510111513e+02
3.581160765335810652e+02
3.569286051953738479e+02
3.557535928574594664e+02
3.545910467556933554e+02
3.534411842863456741e+02
3.523037241944081757e+02
3.511789436519966330e+02
3.500665499958536770e+02
3.489665676051355945e+02
3.478789430012957382e+02
3.468033644211488422e+02
3.457399743840782094e+02
3.446883484831055284e+02
3.436485454481738202e+02
3.426203522044945657e+02
3.416035585627490150e+02
3.405962080288670677e+02
3.396344262566837529e+02
3.386833959836339432e+02
3.377429922645629290e+02
3.368134124821795012e+02
3.358948501057604403e+02
3.349873375960153794e+02
3.340913874743990277e+02
3.332070312789879836e+02
3.323348998575902442e+02
3.314753212721321347e+02
3.306287943623049159e+02
3.297961630272117759e+02
3.289777767918295126e+02
3.281748875912343237e+02
3.273880202526275980e+02
3.266184180867928148e+02
3.258672429451693802e+02
3.251353998312976614e+02
3.244247148265948226e+02
3.237359375551517360e+02
3.230710193368557270e+02
3.224311247252637145e+02
3.218176316386836220e+02
3.212408834227444459e+02
3.207147722019400362e+02
3.202172767646770239e+02
3.197484243687793537e+02
3.193090320051671256e+02
3.188992671579669604e+02
3.185187499889381115e+02
3.181677558167176585e+02
3.178453623215046946e+02
3.175517678489538298e+02
3.172869327771546182e+02
3.170518584856641269e+02
3.168489592289217285e+02
3.166833617591949519e+02
3.165610935441561651e+02
3.164938731489275483e+02
3.164880709481342933e+02
3.165465263354424224e+02
3.166565225524889229e+02
3.167866795482282782e+02
3.169137346129607522e+02
3.170284164927501251e+02
3.171548763402134341e+02
3.173049472831370963e+02
3.176932090035866167e+02
3.181454810949518333e+02
3.185491552922987353e+02
3.188913031723286622e+02
3.191998302577890172e+02
3.195266391212458643e+02
3.199293110287916875e+02
3.204792261678122145e+02
3.212319960878792813e+02
3.222407989969680671e+02
3.235442959700288270e+02
3.251443198151162051e+02
3.270265784854424851e+02
3.291220802911476540e+02
3.313494448117199340e+02
3.336009866975205114e+02
3.357989362727525418e+02
3.378634979653971868e+02
3.397751057630117657e+02
3.415122849168827202e+02
3.430790140112437143e+02
3.444828867603619074e+02
3.457221949118903694e+02
3.468070256876164308e+02
3.478090626889070336e+02
3.486528669083122622e+02
3.493622658039849398e+02
3.499553665042975581e+02
3.504472186871379904e+02
3.508622869089543315e+02
3.512199271025372127e+02
3.515435100227097109e+02
3.518506288659892789e+02
3.521549300052484455e+02
3.524674699324283438e+02
3.527885614178696301e+02
3.531194765271654887e+02
3.534513327205383462e+02
3.537738624370938965e+02
3.540766400508476295e+02
3.543436773756602065e+02
3.545664218814919195e+02
3.547336399118235590e+02
3.548380695500022739e+02
3.548794932485192817e+02
3.548539947170427240e+02
3.547685589108732529e+02
3.546242904936270861e+02
3.544484453365798799e+02
3.541811880896460707e+02
3.538594227382874351e+02
3.534837927357821172e+02
3.530448315141046010e+02
3.525325023548205650e+02
3.519351184863876938e+02
3.512373035973370179e+02
3.504296263406687899e+02
3.495048246278215061e+02
3.484578383974090912e+02
3.472952183104013670e+02
3.460208053828827133e+02
3.446480175633012095e+02
3.431905532385565607e+02
3.416614997535414773e+02
3.400788569703067310e+02
3.384548273950812813e+02
3.368049600023292101e+02
3.351417250868848896e+02
3.334756509477271607e+02
3.318181056091144114e+02
3.301767814776370074e+02
3.285599678245986297e+02
3.270334529138029893e+02
3.255226042342546293e+02
3.240597081678814675e+02
3.226479967737476500e+02
3.212914908027215120e+02
3.199939904449844335e+02
3.187572852319463550e+02
3.175856292695399361e+02
3.164800222330619022e+02
3.154437062134759913e+02
3.144786545547273136e+02
3.135859579845804319e+02
3.127690028949694465e+02
3.120274421145106203e+02
3.113646987958089198e+02
3.107808137297915891e+02
3.102774773493150633e+02
3.098564425151068349e+02
3.095173620316708707e+02
3.092632114667906649e+02
3.090931374417744451e+02
3.090100011595488922e+02
3.090145089683057904e+02
3.091085922207170142e+02
3.093269555828268267e+02
3.096234056924420770e+02
3.100174004925849545e+02
3.105132802006694419e+02
3.111185771043291766e+02
3.118413796335035499e+02
3.126909592738023775e+02
3.136785952198571863e+02
3.148146631553222505e+02
3.161118987362003168e+02
3.175804407600198829e+02
3.192305095931771461e+02
3.210701087053524247e+02
3.231020807588778325e+02
3.253299071955610771e+02
3.277458930790002682e+02
3.303440283066108805e+02
3.331074181702734904e+02
3.360138690391759724e+02
3.390384781764929585e+02
3.421428150657687866e+02
3.452907618796120914e+02
3.484330924589070264e+02
3.515217303171619960e+02
3.544985544020067891e+02
3.572970099301328446e+02
3.599152243896557479e+02
3.623264932035066863e+02
3.645071429082051395e+02
3.664490080791760533e+02
3.681516298595120702e+02
3.696164910642477821e+02
3.708600716090165292e+02
3.718916141343894992e+02
3.727316883483126730e+02
3.733982271552699785e+02
3.739082762890669756e+02
3.742836867779170689e+02
3.745390708246534928e+02
3.746938254966839850e+02
3.747626003060381663e+02
3.747593036049375428e+02
3.746978008501441195e+02
3.745883678190627393e+02
3.744421897774988679e+02
3.742676418954997644e+02
3.740727500845649729e+02
3.738644027471904678e+02
3.736433083141740781e+02
3.734360713845156283e+02
3.732297530726356172e+02
3.730278817094809938e+02
3.728334799107613549e+02
3.726488506266609306e+02
3.724754174881924769e+02
3.723146838721770564e+02
3.721669084769797564e+02
3.720329313929286172e+02
3.719127724573430669e+02
3.718069190359040590e+02
3.717160922856176626e+02
3.716409990506746794e+02
3.715836392409312907e+02
3.715455634575617410e+02
3.715300270971339387e+02
3.715398733915829439e+02
3.715788723844292463e+02
3.716510847628499050e+02
3.717597942932724209e+02
3.719091206553118809e+02
3.721012427477965616e+02
3.723383815688250706e+02
3.726104470548701215e+02
3.729510650752836796e+02
3.733336991112456644e+02
3.737547319753167017e+02
3.742098205217420173e+02
3.746939975917048287e+02
3.752017959887133998e+02
3.757281771014613128e+02
3.762690022264661138e+02
3.768210127579602613e+02
3.773832903749458865e+02
3.779567641113754917e+02
3.785451949479406721e+02
3.791555239019523356e+02
3.797989009328663883e+02
3.804899860167739689e+02
3.812524488876550777e+02
3.821141988066888757e+02
3.831198111788375513e+02
3.843269071554419725e+02
3.858141408879277492e+02
3.876999256319975871e+02
3.901143915544749916e+02
3.932509382432817233e+02
3.972600454658895046e+02
4.026045869417187077e+02
4.093833545794755651e+02
4.179442938601209789e+02
4.286947030614757068e+02
4.416654487467914691e+02
4.555215171391585613e+02
4.683848002983911556e+02
4.792950131296320251e+02
4.884069121466357046e+02
4.964791078376176756e+02
5.036948971838564830e+02
5.095424006520577791e+02
5.132703141698162881e+02
5.146284730277122890e+02
5.139638806624151357e+02
5.119350130128024148e+02
5.090395773247723241e+02
5.056580516204207356e+02
5.020086032504407854e+02
4.982249873006113035e+02
4.943876483029782776e+02
4.905465051932445135e+02
4.867329226048643136e+02
4.830143748287071617e+02
4.793499821183364702e+02
4.757633803078397250e+02
4.722606240788754235e+02
4.688455988308675728e+02
4.655215646871778858e+02
4.622860745642197458e+02
4.591389957881540909e+02
4.560742798381755279e+02
4.530873583252640628e+02
4.501708193214637390e+02
4.473168791084645477e+02
4.445174248541187580e+02
4.417639774490831996e+02
4.390494650719890615e+02
4.363660978526220902e+02
4.337094921256550037e+02
4.310734026687766232e+02
4.284561288736347251e+02
4.258548552466898514e+02
4.232686528748828323e+02
4.206985152074464054e+02
4.181436723826746515e+02
4.156067882306908245e+02
4.131119404778861508e+02
4.106288135143041700e+02
4.081692961201671892e+02
4.057339941062479625e+02
4.033247729645898971e+02
4.009422525271829727e+02
3.985872454989167295e+02
3.962607507436811716e+02
3.939628902478956434e+02
3.916943319016994565e+02
3.894555003185956821e+02
3.872464747393484572e+02
3.850681097732651210e+02
3.829204357157302638e+02
3.808044021078541732e+02
3.787206364542927872e+02
3.766701553189166702e+02
3.746543914234754311e+02
3.726747352477524942e+02
3.707336118519905881e+02
3.688330733442761016e+02
3.669768604814460673e+02
3.651682162110612921e+02
3.634121105443996385e+02
3.617395265316234827e+02
3.601404341185908606e+02
3.586151125551513132e+02
3.571709155398098687e+02
3.558195275696767226e+02
3.545713376496119054e+02
3.534394533420973517e+02
3.524389642048034830e+02
3.515828135287968053e+02
3.508902121208738549e+02
3.503743107698193739e+02
3.500529607623190600e+02
3.499402092199624121e+02
3.500455053823224603e+02
3.503807692220390209e+02
3.509444776420355083e+02
3.517367303686343689e+02
3.527473955347754213e+02
3.539572110297733616e+02
3.553456275083347577e+02
3.568788666170981969e+02
3.585204957413455418e+02
3.602322077326305134e+02
3.619653449944702857e+02
3.636360034971577875e+02
3.652586608994249104e+02
3.667629750507170456e+02
3.681226450876479817e+02
3.693086111953266482e+02
3.703079654808952341e+02
3.711121505801211242e+02
3.717180291571073667e+02
3.721354481096872178e+02
3.723737162921253798e+02
3.724501565690860616e+02
3.723857178235896299e+02
3.722000692637282668e+02
3.719172544046596158e+02
3.715582228520114541e+02
3.711441857292148825e+02
3.706951711154062536e+02
3.702286385149686225e+02
3.697605288429058419e+02
3.693045674833948624e+02
3.688712985628743013e+02
3.684689981578616198e+02
3.681031094546786449e+02
3.677755369005029706e+02
3.674592251193169545e+02
3.671805760146771718e+02
3.669407802494546331e+02
3.667352045708094579e+02
3.665623932679577024e+02
3.664190327063255381e+02
3.663105893428731292e+02
3.662437708129522207e+02
3.662354148118923831e+02
3.663240820318093824e+02
3.665789211929907196e+02
3.672264289205986074e+02
3.688467157931156635e+02
3.730395397734835115e+02
3.829757320378167265e+02
4.008280087955855038e+02
4.231282982669249577e+02
4.457693014913473348e+02
4.686043556299376291e+02
4.903221959898536966e+02
5.093228016236483882e+02
5.257773940532174493e+02
5.401813417473744039e+02
5.518674947371250710e+02
5.604922127698764598e+02
5.658122581158031608e+02
5.674790829582661900e+02
5.665275791325472028e+02
5.639436383984934764e+02
5.602990308925755016e+02
5.560308570469342158e+02
5.514402872845438424e+02
5.467166832450183165e+02
5.419859819536677605e+02
5.373055777346310151e+02
5.327161174186387598e+02
5.282397920389541923e+02
5.238872085062706674e+02
5.196703682943975764e+02
5.155882501335414645e+02
5.116431093056358463e+02
5.078306758171273145e+02
5.041423641018691342e+02
5.005712368522435440e+02
4.971021935286578923e+02
4.937223905956793146e+02
4.904167401068676782e+02
4.871680024850904829e+02
4.839387527301974501e+02
4.807758756679576209e+02
4.776176284242477550e+02
4.744593906424537408e+02
4.712951583273808183e+02
4.681264505545757970e+02
4.649542018440996571e+02
4.617817867062436221e+02
4.586166098746165858e+02
4.554635734186234117e+02
4.523321008907726082e+02
4.492288023596344715e+02
4.461625408749615076e+02
4.431411139513882063e+02
4.401725878522804578e+02
4.372650398308629747e+02
4.344267594777165868e+02
4.316656362621291123e+02
4.289900254498448362e+02
4.264090392612616256e+02
4.239300046208976482e+02
4.215643416251754729e+02
4.193178811428699646e+02
4.172015783356676479e+02
4.152028391499760005e+02
4.133455992352215276e+02
4.116474268667495267e+02
4.101159369599087086e+02
4.087803059214184600e+02
4.076950447414136534e+02
4.070141371323450130e+02
4.070893917967429729e+02
4.086746268755798610e+02
4.129133299115961222e+02
4.201569407606481832e+02
4.290086014806073536e+02
4.378039557431002891e+02
4.458208856788688195e+02
4.529440541806732767e+02
4.592841362912611771e+02
4.649631628337354528e+02
4.699717103427221900e+02
4.740702180427215922e+02
4.770840790567388581e+02
4.790659692992775831e+02
4.801274748505981620e+02
4.805080007814309511e+02
4.803862557828371678e+02
4.797028316911162165e+02
4.789480526661846511e+02
4.779399454933902121e+02
4.767188609425986101e+02
4.753099764813832735e+02
4.737260298413684154e+02
4.719896629566258639e+02
4.701114350973886644e+02
4.681090417044615606e+02
4.659983008930402093e+02
4.637898406768486552e+02
4.615009265424942555e+02
4.591396214824455910e+02
4.567186433047910441e+02
4.542478812960424648e+02
4.517341049444830787e+02
4.491883266841415434e+02
4.466154437043861094e+02
4.440243938423815280e+02
4.414220224079634818e+02
4.388136100269651934e+02
4.362074570796355601e+02
4.336072075003103237e+02
4.310199140779699860e+02
4.283842315718893587e+02
4.259191019896467765e+02
4.234746604028406409e+02
4.210526463071006447e+02
4.186581038349464166e+02
4.162931032216857261e+02
4.139605952358980971e+02
4.116639813449792200e+02
4.094042186288432958e+02
4.071851109087235159e+02
4.050072957020738613e+02
4.028732550171922071e+02
4.007846543218767010e+02
3.987420076721432451e+02
3.967477820485049733e+02
3.948014589547307764e+02
3.929048544541236083e+02
3.910578327585050715e+02
3.892603556575180619e+02
3.875130366308043790e+02
3.858143151814193743e+02
3.841645851340107356e+02
3.825622006410164317e+02
3.810062184083452621e+02
3.794515358898006525e+02
3.780472395630344522e+02
3.766820632409320524e+02
3.753549612024017392e+02
3.740671714955502125e+02
3.728223592865914497e+02
3.716285565301233191e+02
3.705069918926453738e+02
3.695004548219345111e+02
3.687115689224417565e+02
3.683670597441630434e+02
3.689482767414590398e+02
3.715502629273473190e+02
3.780258658908887242e+02
3.911759374439437806e+02
4.124209412602386919e+02
4.393232476591268778e+02
4.663496277155161351e+02
4.893146329755382453e+02
5.057317839937200006e+02
5.155286623545312068e+02
5.198845724735164140e+02
5.206547976434083012e+02
5.193059286507431125e+02
5.167991920160557129e+02
5.137292369669848995e+02
5.105262918542107968e+02
5.072691195356744629e+02
5.039691427778936941e+02
5.006395682381487404e+02
4.992244411575455842e+02
4.960854083350630503e+02
4.926829815208981813e+02
4.892394174449403295e+02
4.857588518783140898e+02
4.822388918319245477e+02
4.786861821181523169e+02
4.751030926681912661e+02
4.714946857546174783e+02
4.678675464301729789e+02
4.642266256053964639e+02
4.605795053660951339e+02
4.569323278342618551e+02
4.532921656620152362e+02
4.496657257952074929e+02
4.460600727577920566e+02
4.424815483032157886e+02
4.389368978784974615e+02
4.353947301214263348e+02
4.319500552864603833e+02
4.285534847486455874e+02
4.252098164498703454e+02
4.219261601404036810e+02
4.187077160449075564e+02
4.155602986164939807e+02
4.124910910694454174e+02
4.095050996295735217e+02
4.066118796778401361e+02
4.038182481008729496e+02
4.011356131337662418e+02
3.985772101100710643e+02
3.961578491448832438e+02
3.939036949027687342e+02
3.918409036974657624e+02
3.900189200510876617e+02
3.884978631864421459e+02
3.873699404033685596e+02
3.867819716850746090e+02
3.869129251967901837e+02
3.880682430478170204e+02
3.905744002337818870e+02
3.948312102870554554e+02
4.010842146395818304e+02
4.092224888131256080e+02
4.188302483056197616e+02
4.289168514060020811e+02
4.383774262639347512e+02
4.464529832450834306e+02
4.529511826634932845e+02
4.580646526665257170e+02
4.622200343130243141e+02
4.655603524307807106e+02
4.681016965227374271e+02
4.698413016720351720e+02
4.708722897709135964e+02
4.714544971641951179e+02
4.718296064102051446e+02
4.722285484619118279e+02
4.728120613148769280e+02
4.736849060673653184e+02
4.748273055544239014e+02
4.760594258946288164e+02
4.770768303246152300e+02
4.776348367626923732e+02
4.776342696721360426e+02
4.771053596064650151e+02
4.760630051849537949e+02
4.746757297967862428e+02
4.731589343862021337e+02
4.715458956820204435e+02
4.698578638459790113e+02
4.681097920019899448e+02
4.663087630137771384e+02
4.644636868237777776e+02
4.625810154410297059e+02
4.606671618883247561e+02
4.587293067767015486e+02
4.567732600329747470e+02
4.548060893125214079e+02
4.528334636270722058e+02
4.508615216535407058e+02
4.488954981500932035e+02
4.469400644002773788e+02
4.450000035530290461e+02
4.430784857053470205e+02
4.411795498282056087e+02
4.393054729425037408e+02
4.374588362057178870e+02
4.356417745894213454e+02
4.338553354786382670e+02
4.321337442574578631e+02
4.305102168335146189e+02
4.289153475090239453e+02
4.273490281240812010e+02
4.258111156273278084e+02
4.243019797163970566e+02
4.228207292083785660e+02
4.213676623955224727e+02
4.199417891244252701e+02
4.185426589092448921e+02
4.171695642103050545e+02
4.158211467400908532e+02
4.144967489258872888e+02
4.131944948696270217e+02
4.119132772895269454e+02
4.106512248425279381e+02
4.094065088598245552e+02
4.081774345020425585e+02
4.069617543405138917e+02
4.057578416069642344e+02
4.045636121281570468e+02
4.033774823595313137e+02
4.021979319770363759e+02
4.010237296585550553e+02
3.998376906848127419e+02
3.987202011396123567e+02
3.976035994079537090e+02
3.964886595536482332e+02
3.953768788262131579e+02
3.942699802961124078e+02
3.931704990397017809e+02
3.920810459830508989e+02
3.910046760365532919e+02
3.899448018628281147e+02
3.889045060924741506e+02
3.878874052092868965e+02
3.868963645612988671e+02
3.859341327746029719e+02
3.850032422300509438e+02
3.841049777111726939e+02
3.832408326070788576e+02
3.824106438146449136e+02
3.816136830415489385e+02
3.808487757554804602e+02
3.801128982841447623e+02
3.794033750232973716e+02
3.787158447717562808e+02
3.780455171483229151e+02
3.773566907554879322e+02
3.767679134842631470e+02
3.761754730424015634e+02
3.755734751079251623e+02
3.749563923814660598e+02
3.743199286557044161e+02
3.736591333550647960e+02
3.729709741062300168e+02
3.722524401841171766e+02
3.715010218426710935e+02
3.707160249097833002e+02
3.698960126440883300e+02
3.690415410763006889e+02
3.681529704574232369e+02
3.672309602685464256e+02
3.662776101582959996e+02
3.652938911388442307e+02
3.642825456995859099e+02
3.632455178281361441e+02
3.621850989037080808e+02
3.611041794500811761e+02
3.600047617771130035e+02
3.588899369378220285e+02
3.577620377969226979e+02
3.566055427796325716e+02
3.554928069944630806e+02
3.543705078488814024e+02
3.532412042771952088e+02
3.521071685949605126e+02
3.509702537497771573e+02
3.498324677384089227e+02
3.486953883779688113e+02
3.475603141518735697e+02
3.464286921776093209e+02
3.453012536780330493e+02
3.441791934193479960e+02
3.430632749239061923e+02
3.419541278238534119e+02
3.408530866325359057e+02
3.397605726001365838e+02
3.386787116942691682e+02
3.376086653546635148e+02
3.365531936028412474e+02
3.355157300008146990e+02
3.344998637211136838e+02
3.335126059199972701e+02
3.325596691568449614e+02
3.316520753773647812e+02
3.307964123929547782e+02
3.300257090982318005e+02
3.293412973911285349e+02
3.287593706367447339e+02
3.283060004604054143e+02
3.279998739212354053e+02
3.278657381431469844e+02
3.279227376972771140e+02
3.281793099873590904e+02
3.286430603511361141e+02
3.292977915991359623e+02
3.301243238250294780e+02
3.310902060201127597e+02
3.321586842269402950e+02
3.332967716462222825e+02
3.344777435531020728e+02
3.356790241016236678e+02
3.368908171148843280e+02
3.381004538427727084e+02
3.392988739447590092e+02
3.404757995936984116e+02
3.416121212788972343e+02
3.426938353166996762e+02
3.436983752193991108e+02
3.445473046083326949e+02
3.453971077602411697e+02
3.461119240080201962e+02
3.466913003672023592e+02
3.471328313064994973e+02
3.474442290858891056e+02
3.476335050701950991e+02
3.477101110193265185e+02
3.476870605165514689e+02
3.475736240386788722e+02
3.473815932961054500e+02
3.471204856090009798e+02
3.467987483931541419e+02
3.464248842392506731e+02
3.460050969453774314e+02
3.455454481353263532e+02
3.450508894831201019e+02
3.445253512195268968e+02
3.439724390304493795e+02
3.433949140105050333e+02
3.427950025886696608e+02
3.421746779459111281e+02
3.415352816318716123e+02
3.408781012212750170e+02
3.401504660844614136e+02
3.394455854253879465e+02
3.387245826519415459e+02
3.379880165012988869e+02
3.372365238038768780e+02
3.364707282414898373e+02
3.356913301696440612e+02
3.348991132384782077e+02
3.340949140940390976e+02
3.332797900780265650e+02
3.324547088910848061e+02
3.316209648273391508e+02
3.307797547595077390e+02
3.299323970751088382e+02
3.290804566312104384e+02
3.282251236376249608e+02
3.273681830881016595e+02
3.265108853975600596e+02
3.256548137345085365e+02
3.248015380838557462e+02
3.239521980456506753e+02
3.231085657549608641e+02
3.222715741120275084e+02
3.214427102095208397e+02
3.206021488865411015e+02
3.198225183634015139e+02
3.190538583670556818e+02
3.182965237053467149e+02
3.175518042301502533e+02
3.168200968951426262e+02
3.161019035104869772e+02
3.153979639729904534e+02
3.147080474886647039e+02
3.140328583922365624e+02
3.133720375491977848e+02
3.127256629410734377e+02
3.120937277431505663e+02
3.114755939435951291e+02
3.108714599717287115e+02
3.102804949105293986e+02
3.097025802519233935e+02
3.091372946010210399e+02
3.085840621921649358e+02
3.080428999774233034e+02
3.075132250607995275e+02
3.069952084685119189e+02
3.064888399687396827e+02
3.059944196535970491e+02
3.054947048265563012e+02
3.050241181351546516e+02
3.045671007460898068e+02
3.041256142417693695e+02
3.037026375600140113e+02
3.033019222112865805e+02
3.029279894323831286e+02
3.025872390191431123e+02
3.022867370766596196e+02
3.020364717324462731e+02
3.018485876278469959e+02
3.017381354435804042e+02
3.017272523881070470e+02
3.018410954241032869e+02
3.021197845282275125e+02
3.026167204769589034e+02
3.034079953606611184e+02
3.046231360464130944e+02
3.064251788741894984e+02
3.091102532424136484e+02
3.130416074545583456e+02
3.187196466084047870e+02
3.266526754126157357e+02
3.370217001686589811e+02
3.494783264266086462e+02
3.629433614682750431e+02
3.762921304021752462e+02
3.885438081469684448e+02
3.994260440069537594e+02
4.089849592866422086e+02
4.174042837006225000e+02
4.245371522430738196e+02
4.302604968773600831e+02
4.344698319993081554e+02
4.372919992543440344e+02
4.389184918647765130e+02
4.396042557966511026e+02
4.395810969545987064e+02
4.390257990273181008e+02
4.380934596669397934e+02
4.368821049819754876e+02
4.354770313001133673e+02
4.339329188316705768e+02
4.322968642254679139e+02
4.306034765931941592e+02
4.288813372495656608e+02
4.271569378700325501e+02
4.254489537436408568e+02
4.238404897409296268e+02
4.223502768648602910e+02
4.209396932542564969e+02
4.196216039357744876e+02
4.184110329961162620e+02
4.173271751386944857e+02
4.163935929188635896e+02
4.156416185424035916e+02
4.151128263630974402e+02
4.148584063388028653e+02
4.149304864773238819e+02
4.153835685799298858e+02
4.162377646066287298e+02
4.174956858841202347e+02
4.191213725100715237e+02
4.210384686552472999e+02
4.231328131580081049e+02
4.252603369950041952e+02
4.272766131205838747e+02
4.291098658863649575e+02
4.307310948532930865e+02
4.321593295705984019e+02
4.334429181580284762e+02
4.346206239715010042e+02
4.357658087320185700e+02
4.371158545990256243e+02
4.384938671736003926e+02
4.399311905253677537e+02
4.414587569210635252e+02
4.430841251423785252e+02
4.447994379064528516e+02
4.465776306942480574e+02
4.483743172351270232e+02
4.501463671007328458e+02
4.518875157473095783e+02
4.536775503086410026e+02
4.557624851893075970e+02
4.586050564338976869e+02
4.622398672627041378e+02
4.659730167931207916e+02
4.696121277215172540e+02
4.744111820663795811e+02
4.828544892856596107e+02
4.964701862688468736e+02
5.122630271389909922e+02
5.253110704911574658e+02
5.362790784302570728e+02
5.481045945551878731e+02
5.603832388116795755e+02
5.714788099671401369e+02
5.803035787391534086e+02
5.868583008508010153e+02
5.916956092159776972e+02
5.967282736311434519e+02
6.035582676130112532e+02
6.122303283762546471e+02
6.208262421840502157e+02
6.273831476053184133e+02
6.312036802511638598e+02
6.324224212970061672e+02
6.312730503358660599e+02
6.284021409165912928e+02
6.245112595624817686e+02
6.200725247442104546e+02
6.153895173227360829e+02
6.106072875643695852e+02
6.058037537786218536e+02
6.010257525864319632e+02
5.962998908084923642e+02
5.916465604754836249e+02
5.870840714839096108e+02
5.826231321136048109e+02
5.781900383421999550e+02
5.738634251377454802e+02
5.696644760858899872e+02
5.656028305969160783e+02
5.616865061367047929e+02
5.579298466433763224e+02
5.543362973622949994e+02
5.509167612351184289e+02
5.476702261142792167e+02
5.445907227553144594e+02
5.416668725571701088e+02
5.388720438191086259e+02
5.361796201490753901e+02
5.335590966233676227e+02
5.309821573180970518e+02
5.284294996042729053e+02
5.258848991757157592e+02
5.233337050402834620e+02
5.207673466683684182e+02
5.181692970316164519e+02
5.155246932600109631e+02
5.128184549601102162e+02
5.100317361343044240e+02
5.071590748205659906e+02
5.041549422394135718e+02
5.009824230631784872e+02
4.977447746753629758e+02
4.944496140436659744e+02
4.911149044139762623e+02
4.877508220073727330e+02
4.843717637204350694e+02
4.809893758955259386e+02
4.776121614859207511e+02
4.742504151889895638e+02
4.709096104947217327e+02
4.675962063832950548e+02
4.643150201771751995e+02
4.610691518168252401e+02
4.578625767977189867e+02
4.546971637945517841e+02
4.515751024002117902e+02
4.484985430760644363e+02
4.454679602497129167e+02
4.424854581716979283e+02
4.395510580946119603e+02
4.366658085430837559e+02
4.338303198730250188e+02
4.310442398150062786e+02
4.283180623942102443e+02
4.256200921340843024e+02
4.229753776432499990e+02
4.203828611358802050e+02
4.178420348113164664e+02
4.153524752437907068e+02
4.129126263247745783e+02
4.105224522113304033e+02
4.081799238325614851e+02
4.058846062032678788e+02
4.036348149992917342e+02
4.014290915958732739e+02
3.992664164368027855e+02
3.971444824745465780e+02
3.950625189930677266e+02
3.930181917727867358e+02
3.910101883502251781e+02
3.890369093397656570e+02
3.870963582596115771e+02
3.851876878362824073e+02
3.833087719970854437e+02
3.814588589758499779e+02
3.796365286356315778e+02
3.778406725540853586e+02
3.760754390788493993e+02
3.743506578635070241e+02
3.726480731530536445e+02
3.709667217289194809e+02
3.693064519806025601e+02
3.676671073705865638e+02
3.660482979712356268e+02
3.644506656021684421e+02
3.628737587406298530e+02
3.613184351696942826e+02
3.597847219548228281e+02
3.582731678985797998e+02
3.567846502011312282e+02
3.553194456997889574e+02
3.538790782909042036e+02
3.524641362205629775e+02
3.510763034899802619e+02
3.497172608554014346e+02
3.483889138386671789e+02
3.470943985139736583e+02
3.458365385282030502e+02
3.446199115210504260e+02
3.434497195360578417e+02
3.423323316168693964e+02
3.412755245534574442e+02
3.402935798291546803e+02
3.394004601206075904e+02
3.386146005226058264e+02
3.379610370024755071e+02
3.374727185220767751e+02
3.371918780284881905e+02
3.371772525706947476e+02
3.375002706371142267e+02
3.382552898348261010e+02
3.395396329134036364e+02
3.414559201891736961e+02
3.440776351591937328e+02
3.474408135713766228e+02
3.515815047846642756e+02
3.564782952449886011e+02
3.621188235507723334e+02
3.684318368840895914e+02
3.752876200231664825e+02
3.825686571490633128e+02
3.900635448996041532e+02
3.975686046568546317e+02
4.048521937375172683e+02
4.118218255621093249e+02
4.187716055540309412e+02
4.281366375763370797e+02
4.434134450341613842e+02
4.680918122895612328e+02
4.954162403247456155e+02
5.146211158855962822e+02
5.280393954472021960e+02
5.408639037044843008e+02
5.521142459859203200e+02
5.592127453567610473e+02
5.633203440217801017e+02
5.662010519939150299e+02
5.692781071527142558e+02
5.731976270994086917e+02
5.778140158349641524e+02
5.818749574685095922e+02
5.842655539709212462e+02
5.848327862433767450e+02
5.841504042381961881e+02
5.827141834362635109e+02
5.809039101253238186e+02
5.789020397910899192e+02
5.768187843314149177e+02
5.747085847011157966e+02
5.723371255096958521e+02
5.701073581904599905e+02
5.679290519924517184e+02
5.658209938673963961e+02
5.637920543140786549e+02
5.618540860947023248e+02
5.600043645949874644e+02
5.582305268468243185e+02
5.565024462401289611e+02
5.547732289872517413e+02
5.529871752072436948e+02
5.510961851115351919e+02
5.490675777064363956e+02
5.468877338392238698e+02
5.445690488413621324e+02
5.421243737415595660e+02
5.395839591971672462e+02
5.369715209533295592e+02
5.343094746476211867e+02
5.316196454292835369e+02
5.289157756068947265e+02
5.262103720110684435e+02
5.235111580273535310e+02
5.208196122637167491e+02
5.180345932213215292e+02
5.153562299298415610e+02
5.126764670290860977e+02
5.099879259588037712e+02
5.072870314494501827e+02
5.045702130949796356e+02
5.018377609599814946e+02
4.990927809410031841e+02
4.963377886479891572e+02
4.935806188012471694e+02
4.908252099184583699e+02
4.880794142179306618e+02
4.853490990729266059e+02
4.826390396656862549e+02
4.799558359571232131e+02
4.781292829098589436e+02
4.765551707415331180e+02
4.739589098739982092e+02
4.713994175115456073e+02
4.688798748311731401e+02
4.664000968500886870e+02
4.639623490802914034e+02
4.615664601895792885e+02
4.592123251624219620e+02
4.568420091549260746e+02
4.544786951954894789e+02
4.521566707957737776e+02
4.498748159297430220e+02
4.476325116161359574e+02
4.454300351965255231e+02
4.432657353443785837e+02
4.411406883145166375e+02
4.390534352604584001e+02
4.370043052956466454e+02
4.349931028957855688e+02
4.330189323315706815e+02
4.310825042551772412e+02
4.291821869605943789e+02
4.273182986268245713e+02
4.254896889780100651e+02
4.236954712137730894e+02
4.219352704074958638e+02
4.202072520435478395e+02
4.185112030679732698e+02
4.168454440242944088e+02
4.152093034807599565e+02
4.136020624075172805e+02
4.120225855685340548e+02
4.103964141551483067e+02
4.087764786342746675e+02
4.071841860723648097e+02
4.056195558195477702e+02
4.040831783908640773e+02
4.025759594951574059e+02
4.010979558312404265e+02
3.996501087158823111e+02
3.982322793738247810e+02
3.968444077574995390e+02
3.954861261902346996e+02
3.941557358327414136e+02
3.928519357620167511e+02
3.915718648682147887e+02
3.903129451239312289e+02
3.890716772227297611e+02
3.878445550981170413e+02
3.866279122929137202e+02
3.854182770649228473e+02
3.842126324786818259e+02
3.830079211496318408e+02
3.818022715970558352e+02
3.805929787525337247e+02
3.793790857490905069e+02
3.780894718374310060e+02
3.767940551124573858e+02
3.754968369486531969e+02
3.741978907193543478e+02
3.728984305420795522e+02
3.715990022171584997e+02
3.703006350890354383e+02
3.690048356088437913e+02
3.677126685833989654e+02
3.664265375189876863e+02
3.651485754044661007e+02
3.638816865398293317e+02
3.626300029662619977e+02
3.613970873951570866e+02
3.601890831683812166e+02
3.590115670794612583e+02
3.578722242687509265e+02
3.567805536371881203e+02
3.557463853008725891e+02
3.547848963826889417e+02
3.539118305728285350e+02
3.531504088671458703e+02
3.525312216866018389e+02
3.520926609743170843e+02
3.519193198878156181e+02
3.520335305387819176e+02
3.525913243495819529e+02
3.537520540793605619e+02
3.557076238344799890e+02
3.587012092587623329e+02
3.629338740395262448e+02
3.685355823830286113e+02
3.754307938361188803e+02
3.833480991950445400e+02
3.918463663567553681e+02
4.004707996210123611e+02
4.088496067945638970e+02
4.166710017243798916e+02
4.237620116260663394e+02
4.299907965612767384e+02
4.353389320870729193e+02
4.398179936682271887e+02
4.435250276333621855e+02
4.465273745255079234e+02
4.489290207846073599e+02
4.507843933773456797e+02
4.521363609404925796e+02
4.530128340737831536e+02
4.534284736894632601e+02
4.534855902433915844e+02
4.530620821249415258e+02
4.521982038878876438e+02
4.509190465013417679e+02
4.492761237243358892e+02
4.473189268816569211e+02
4.450953790581808676e+02
4.426620145094099144e+02
4.400583022134406974e+02
4.373307665803828854e+02
4.345123693522684221e+02
4.316356404450125410e+02
4.287286876961264284e+02
4.258150611350374675e+02
4.229199142181103639e+02
4.200659636553291421e+02
4.172813375082837410e+02
4.145988706056677984e+02
4.120661886667431304e+02
4.097578742107550624e+02
4.077921638446694033e+02
4.063917149780044724e+02
4.058984394490616978e+02
4.068008295785122073e+02
4.094088374060936530e+02
4.133687927550195695e+02
4.183874089702723040e+02
4.250814984964618475e+02
4.344932271713016121e+02
4.470053922973647786e+02
4.621262540430886361e+02
4.780201569439618652e+02
4.926896750646448027e+02
5.046155657225668278e+02
5.134828214010934744e+02
5.195172622323726728e+02
5.234350054843052931e+02
5.258097356153646160e+02
5.271837838598772805e+02
5.278961892727751319e+02
5.281865255375755623e+02
5.282084139870748913e+02
5.280542609377042709e+02
5.277890346786253986e+02
5.274473708053263863e+02
5.270537742755593626e+02
5.266205329755756566e+02
5.262491747969619382e+02
5.257615815465406968e+02
5.252249738105962251e+02
5.246414917228941022e+02
5.240136396023134466e+02
5.233414710677724315e+02
5.226315416881072906e+02
5.218832424881162524e+02
5.211042747978871148e+02
5.202957812624722465e+02
5.194614407267908973e+02
5.186042355312694099e+02
5.177213959753744348e+02
5.168152158902856854e+02
5.158772559271371847e+02
5.149067693423592118e+02
5.138926181510214519e+02
5.128299080606611824e+02
5.117090009889267890e+02
5.105213594568696749e+02
5.092629109769183060e+02
5.079245713736913217e+02
5.065096044812171954e+02
5.050131227726996599e+02
5.033964240721198848e+02
5.018341720444729503e+02
5.002064289408321542e+02
4.985195048305643013e+02
4.967760059908466133e+02
4.949853871242880246e+02
4.931506067848032444e+02
4.912786997684360699e+02
4.893733925396376776e+02
4.874373285827788891e+02
4.854740907283136835e+02
4.834835467380599425e+02
4.814677285337459693e+02
4.794262180708262804e+02
4.773587894663433531e+02
4.752658058641005709e+02
4.731460785215095370e+02
4.710002524266735691e+02
4.688281146506348023e+02
4.666298635692131711e+02
4.644067966623322832e+02
4.621593197438693323e+02
4.598893812504628613e+02
4.575985708354481289e+02
4.552290003638966027e+02
4.529180730676569624e+02
4.505871190265640962e+02
4.482396907463352136e+02
4.458792700116893002e+02
4.435088670814421903e+02
4.411321519658327475e+02
4.387520384431090292e+02
4.363715752239106678e+02
4.339939716397620373e+02
4.316214966672228570e+02
4.292570991532067524e+02
4.269029479710215469e+02
4.245610414604403786e+02
4.222337864338305735e+02
4.199223345947856956e+02
4.176287776744896973e+02
4.153541911175301493e+02
4.130997064614008991e+02
4.108666944977373419e+02
4.086554168622591874e+02
4.064671198488794062e+02
4.043019126657433731e+02
4.021603402759686219e+02
4.000052443725916191e+02
3.979542795086861702e+02
3.959223106031813586e+02
3.939089662154350435e+02
3.919147899612506762e+02
3.899396599912789156e+02
3.879835814812727790e+02
3.860471222273787362e+02
3.841301808083027822e+02
3.822342603393369131e+02
3.803605617642045900e+02
3.785124279613091858e+02
3.766957968879467558e+02
3.749200276804385226e+02
3.732051674597340138e+02
3.715799519051985271e+02
3.701051789127558322e+02
3.688689738679678953e+02
3.680217521301100305e+02
3.677889863841297711e+02
3.684152685274775081e+02
3.701771916583934967e+02
3.731048558466519012e+02
3.770581039345332783e+02
3.817146973406680104e+02
3.868358125218849182e+02
3.922961204454107360e+02
3.979121354280314335e+02
4.035114538715183130e+02
4.089839642242190507e+02
4.142217396849461579e+02
4.189285058288231767e+02
4.228444979453358314e+02
4.257460295078824402e+02
4.276809631059751950e+02
4.287594255089126136e+02
4.291714323847217543e+02
4.290552888731320422e+02
4.285174560571088023e+02
4.276293747616643941e+02
4.264528917146053573e+02
4.250299950546333321e+02
4.234069564208357406e+02
4.216214620699761326e+02
4.197053182515765570e+02
4.176939010059871862e+02
4.156094723350304321e+02
4.134783799090103571e+02
4.112494688761849488e+02
4.091358745747370449e+02
4.070260315766176973e+02
4.049250019645626821e+02
4.028397252632259438e+02
4.007736605635184333e+02
3.987293745245669925e+02
3.967101236762142662e+02
3.947159372865021965e+02
3.927490171892894182e+02
3.908090299151180602e+02
3.888961912916168444e+02
3.870107656653623280e+02
3.851514567800569466e+02
3.833185953460657629e+02
3.815106021466204993e+02
3.797270262797907776e+02
3.779669607935045406e+02
3.762292131446718599e+02
3.745134372242851555e+02
3.728182706991287318e+02
3.711435075670478909e+02
3.694882651301890064e+02
3.678522725312726038e+02
3.662066925711832255e+02
3.646370303345415209e+02
3.630816367423421980e+02
3.615405421419878849e+02
3.600146843406424182e+02
3.585043090721404724e+02
3.570101147693781058e+02
3.555329170422646143e+02
3.540729523295773902e+02
3.526314751651090660e+02
3.512086050804053343e+02
3.498053165341775070e+02
3.484222246056398831e+02
3.470595402623527548e+02
3.457184704067417442e+02
3.443987695899008941e+02
3.431015052846665299e+02
3.418267722594673614e+02
3.405747327672731330e+02
3.393461507519489828e+02
3.381404759594350935e+02
3.369584571107517377e+02
3.357996802517820925e+02
3.346640624601861873e+02
3.335472449653355511e+02
3.324976358197333752e+02
3.314689854273362926e+02
3.304603452564861641e+02
3.294715633286754155e+02
3.285020904881463935e+02
3.275510701806763905e+02
3.266182989213334622e+02
3.257025833955491407e+02
3.248037283293560904e+02
3.239207175000072993e+02
3.230530153235192188e+02
3.222000513334968446e+02
3.213610134436632393e+02
3.205357405633002941e+02
3.197234371765445076e+02
3.189240261167718700e+02
3.181371691144644274e+02
3.173627436780354287e+02
3.166009955712918327e+02
3.158518614854511952e+02
3.151161382030292089e+02
3.143941636894111866e+02
3.136871742614914069e+02
3.129894543869100403e+02
3.123433957916376471e+02
3.117173529590527892e+02
3.111138070307093813e+02
3.105371702223981742e+02
3.099903213780941087e+02
3.094781760001662292e+02
3.090047291256500444e+02
3.085737972446381718e+02
3.081907333014476649e+02
3.078572478160196511e+02
3.075777294858093569e+02
3.073526237884331636e+02
3.071824052136929026e+02
3.070667723894151777e+02
3.070025004756415683e+02
3.069916043778092103e+02
3.070543679916814881e+02
3.073060094581377371e+02
3.084113438109596927e+02
3.132042296683662244e+02
3.295144943332640537e+02
3.545442865166261299e+02
3.674108796882632078e+02
3.702432579279233096e+02
3.708470437041129912e+02
3.714767400588216333e+02
3.744676768975415371e+02
3.846391702743558767e+02
3.995689462325466934e+02
4.059682328865348495e+02
4.072086451584891620e+02
4.089640722435844395e+02
4.152842107068032647e+02
4.279908676889196499e+02
4.403393216407758928e+02
4.477553185761226473e+02
4.535531169584269264e+02
4.604808714246833006e+02
4.699034747777224652e+02
4.846964586275574902e+02
5.104416798330954066e+02
5.466895924717252910e+02
5.888932242926878189e+02
6.340971652432574501e+02
6.638282224898649702e+02
6.769858308076196636e+02
6.831460930638393165e+02
6.876317168431205573e+02
6.937242446701751533e+02
7.032767441725110302e+02
7.150738289379261232e+02
7.253978578760702476e+02
7.331161883692529955e+02
7.402970256727969627e+02
7.479015602776414653e+02
7.560277685559819929e+02
7.653112924810435516e+02
7.751863545209023414e+02
7.851497368310122056e+02
7.968890111679675101e+02
8.112435842652573683e+02
8.337894008015853160e+02
8.624935455281605527e+02
8.819881448713585996e+02
8.977853545950039234e+02
9.113309885285837026e+02
9.152588821218139401e+02
9.100856572448650468e+02
8.991828271137326283e+02
8.851931254882491658e+02
8.702031323635418403e+02
8.554558743365189457e+02
8.410547542282502036e+02
8.273755252390927808e+02
8.143727966763515269e+02
8.020869789010519071e+02
7.905154996924416082e+02
7.795440271641421077e+02
7.692110971889640041e+02
7.595318489923221250e+02
7.504665438161631528e+02
7.419156423802991185e+02
7.338132130737078569e+02
7.261059096791036609e+02
7.188619941613623041e+02
7.121467005369484013e+02
7.059742064242198012e+02
7.001561075312735056e+02
6.945367768533499202e+02
6.889653402035604586e+02
6.834395324430037135e+02
6.779948824184738214e+02
6.726747725031023037e+02
6.675173184927742795e+02
6.625503229643898067e+02
6.578553454081428526e+02
6.532655920153217721e+02
6.488611937993971424e+02
6.446138366311015488e+02
6.404991166180183200e+02
6.365075285879009925e+02
6.326601152974548086e+02
6.290449583319751810e+02
6.258009647070879282e+02
6.231650430776417124e+02
6.214222896491495476e+02
6.207278083279472867e+02
6.210315993611365002e+02
6.218489877014287686e+02
6.226746100754966164e+02
6.230110056785689494e+02
6.225500649863543003e+02
6.211110418822873953e+02
6.189396982613411637e+02
6.164492113968220792e+02
6.141973248993831476e+02
6.127422900387194886e+02
6.123939669496058968e+02
6.132402007886186084e+02
6.152305241405448442e+02
6.176097729379866905e+02
6.200574157779321922e+02
6.221967542966170868e+02
6.240930821070571710e+02
6.259042591543716298e+02
6.275538288165942049e+02
6.285030283665224715e+02
6.284199364864701920e+02
6.272225947352112598e+02
6.252827595402867473e+02
6.229632153666909744e+02
6.205749316774721365e+02
6.182192957217523599e+02
6.157937343908741923e+02
6.131590663349900296e+02
6.102186472336768475e+02
6.070132077666838768e+02
6.035907125098838151e+02
6.000251012105702557e+02
5.963521869425748037e+02
5.925953205936259565e+02
5.887660469356486601e+02
5.848676103943795397e+02
5.809223080986339482e+02
5.767327330369517995e+02
5.725411106960011693e+02
5.683437810045419383e+02
5.641374236334497709e+02
5.599152541301717747e+02
5.556715533153459319e+02
5.514058533324761129e+02
5.471165308098208016e+02
5.428095743721902409e+02
5.384899216055517854e+02
5.341655339026284537e+02
5.298462297025409953e+02
5.255392743447074508e+02
5.212550409604717743e+02
5.170003598618859542e+02
5.127822291794389002e+02
5.086074674186401126e+02
5.044787531052521103e+02
5.004009795662720990e+02
4.963746309667375272e+02
4.924014993480886915e+02
4.884817839337097780e+02
4.846145894298683743e+02
4.808582160691224772e+02
4.770955339867897465e+02
4.733915084613358317e+02
4.697437184879436813e+02
4.661534422408516321e+02
4.626202095025122389e+02
4.591439742245750040e+02
4.557264205530330514e+02
4.523660269816448363e+02
4.490653571436600373e+02
4.458226431387207640e+02
4.426392719121631103e+02
4.395149580819197581e+02
4.364485844727559538e+02
4.334415875383672301e+02
4.304910928848454432e+02
4.275982818570038830e+02
4.247608496980865880e+02
4.219779838550943509e+02
4.192490820965410876e+02
4.165716108856270807e+02
4.139455874805094027e+02
4.113687262644205589e+02
4.088404247904626345e+02
4.064274316862274645e+02
4.040339771769930053e+02
4.016949604992868217e+02
3.994102010039255219e+02
3.971809122823334519e+02
3.950084251773421329e+02
3.928938869747924514e+02
3.908398715706852613e+02
3.888478469739838488e+02
3.869207708125271097e+02
3.850610518376189475e+02
3.832712552187361439e+02
3.815547435659644293e+02
3.799132457295548875e+02
3.783506300602533656e+02
3.768682080843739755e+02
3.754691684800779399e+02
3.741550297708708968e+02
3.729270994191771820e+02
3.717872109881116671e+02
3.707347853473597183e+02
3.697711718377138936e+02
3.688943933969511590e+02
3.681038865346340572e+02
3.674288562033594872e+02
3.668871711593892542e+02
3.664180285896476335e+02
3.660158808623039590e+02
3.656765405437840855e+02
3.653931179346545264e+02
3.651581555422731640e+02
3.649637791278675536e+02
3.647996836159678082e+02
3.646554581335769853e+02
3.645204139716679492e+02
3.643817348709398516e+02
3.642297571411056083e+02
3.640526035186726403e+02
3.638407177955600105e+02
3.635868392914886158e+02
3.632821695435747529e+02
3.629236931181683872e+02
3.625069746824610206e+02
3.620302790421965256e+02
3.614958952770567180e+02
3.609037802277251217e+02
3.602604017144221871e+02
3.595704385588225591e+02
3.588146780335105177e+02
3.580704691751833479e+02
3.573008222131745129e+02
3.565216149060788098e+02
3.557486599931488627e+02
3.550006956708736539e+02
3.543000584980217127e+02
3.536726820808445382e+02
3.531492180599519202e+02
3.527712935262868541e+02
3.525860261825838506e+02
3.526606565953300105e+02
3.530816577769450646e+02
3.539638924574076668e+02
3.554593930389729621e+02
3.577334473642304715e+02
3.609432110828186637e+02
3.651773269101186656e+02
3.704038754806394422e+02
3.765729531721745502e+02
3.835556490328972927e+02
3.912032465625459281e+02
3.993017795330698618e+02
4.076077724774181661e+02
4.159693313040507974e+02
4.243580908386222745e+02
4.325557237028862119e+02
4.404354860885378002e+02
4.479465065075513621e+02
4.551075361325702602e+02
4.620332326112918508e+02
4.688198615654886225e+02
4.754588059241874021e+02
4.817429774894006300e+02
4.873233950470780655e+02
4.918620090246826067e+02
4.951846893062731851e+02
4.973131117693716305e+02
4.983595584392751903e+02
4.985268860490958787e+02
4.979952275259670955e+02
4.969303148969088966e+02
4.954742422089107095e+02
4.937213861932584109e+02
4.917575517824238318e+02
4.896386025263212218e+02
4.874094266529309039e+02
4.851052794425144725e+02
4.827508431317979216e+02
4.803711000618301341e+02
4.779759275841652766e+02
4.755766949049507275e+02
4.731824741407075408e+02
4.707995684860595702e+02
4.684332907539192661e+02
4.660875734195997779e+02
4.637646990944006120e+02
4.614670143344233679e+02
4.591951952677772510e+02
4.569498650269630957e+02
4.547310137270155224e+02
4.525377590032182979e+02
4.503696477213418916e+02
4.482250006529662301e+02
4.461025927189283493e+02
4.440007103482554385e+02
4.419174879244524732e+02
4.411074897209962842e+02
4.391970824297690115e+02
4.371568548380341781e+02
4.351297875719205877e+02
4.331145267378987000e+02
4.311461737941700108e+02
4.291952414942118708e+02
4.272507750065334449e+02
4.253125784074004514e+02
4.233809323401782194e+02
4.214563346888128308e+02
4.195394613982048782e+02
4.176314404608161226e+02
4.157331733319648492e+02
4.138461814622295947e+02
4.119716385067924875e+02
4.101110040791732558e+02
4.082658145535098129e+02
4.064372122012130149e+02
4.046269539612212043e+02
4.028359497738684922e+02
4.010656119323492703e+02
3.993170079773950079e+02
3.975909160280963306e+02
3.958885757657626527e+02
3.942101962440752345e+02
3.925567308094541090e+02
3.909283797345335074e+02
3.893253924245110511e+02
3.877367813809627251e+02
3.861664644690249588e+02
3.846219561585260180e+02
3.831026697566782673e+02
3.816083925994365700e+02
3.801386644102651076e+02
3.786925246227142452e+02
3.772696042161518335e+02
3.758685339062583921e+02
3.744886547315341545e+02
3.731287325576200260e+02
3.717876084371657726e+02
3.704643896215358723e+02
3.691576643641128044e+02
3.678667777259407217e+02
3.665905321871616138e+02
3.653282244510879195e+02
3.640792011953465135e+02
3.628429002719469736e+02
3.616191878284547556e+02
3.604076785644390384e+02
3.592085331418330156e+02
3.580217976090656862e+02
3.568477833596163578e+02
3.556696932042962089e+02
3.545074743513999920e+02
3.533599406124984057e+02
3.522276549160451964e+02
3.511114509886048154e+02
3.500120152138413800e+02
3.489297801400257981e+02
3.478655221635986550e+02
3.468192600983481384e+02
3.457914244950679858e+02
3.447820729976149323e+02
3.437910858822671116e+02
3.428186694172896978e+02
3.418642573484474951e+02
3.409279599877262399e+02
3.400092986962816326e+02
3.391080233413521796e+02
3.382240040195508186e+02
3.373568638758124507e+02
3.365067165523606718e+02
3.356731772733415369e+02
3.348564666400619103e+02
3.340565558936623347e+02
3.332736598465440352e+02
3.324933315280820239e+02
3.317294430576776563e+02
3.309853297495639595e+02
3.302624287590699055e+02
3.295635079357904829e+02
3.288921391469548325e+02
3.282527912645388142e+02
3.276532560388832849e+02
3.271022379522421488e+02
3.266152250264765939e+02
3.262120560630640966e+02
3.259244826818312504e+02
3.258005775339103138e+02
3.259114805373145032e+02
3.263783698025889635e+02
3.273685931517035783e+02
3.291720573888774197e+02
3.321351012196057582e+02
3.366849586839879862e+02
3.430980577101894937e+02
3.512381034639972768e+02
3.605408905795980559e+02
3.702725681645622444e+02
3.797732205631207876e+02
3.885584546787065392e+02
3.965718625166385323e+02
4.033659266611185217e+02
4.088909016903660358e+02
4.131844028023623991e+02
4.164073820114130626e+02
4.187657281876288948e+02
4.204562293018434502e+02
4.216894592773726913e+02
4.226487923968367113e+02
4.234889822741284320e+02
4.243537937664973470e+02
4.253549857375921306e+02
4.265779978687328935e+02
4.280901360947030980e+02
4.299053996037890215e+02
4.319997601795473088e+02
4.343064738507695779e+02
4.366954310111843256e+02
4.390198743842640852e+02
4.411053090269883228e+02
4.427914628023232240e+02
4.439477715832486524e+02
4.445088514754841640e+02
4.444731790228219666e+02
4.438357618591192022e+02
4.426477311348958779e+02
4.410009309718865893e+02
4.389858488522507969e+02
4.366780805325837491e+02
4.341581730213212609e+02
4.314826780956984749e+02
4.287144955520232088e+02
4.259278101067307034e+02
4.233333118008984002e+02
4.217571272601592796e+02
4.243767337964325748e+02
4.360568394913004795e+02
4.465577030302515027e+02
4.466656708612508169e+02
4.429921849708008494e+02
4.385310953220130727e+02
4.339439429904978169e+02
4.294422562539457999e+02
4.253309623067234497e+02
4.227518249002129664e+02
4.251288151615520974e+02
4.386392105136106920e+02
4.618249484708737782e+02
4.899228948767373595e+02
5.214188094842685359e+02
5.483925670439770101e+02
5.743651022093836218e+02
5.936678819360575972e+02
6.109882110888946727e+02
6.422424454462259291e+02
6.831392058810308754e+02
7.105689978285973893e+02
7.192588496977912200e+02
7.196246907283439214e+02
7.172354995787887901e+02
7.140293254386079980e+02
7.105122835453036032e+02
7.068756505895095188e+02
7.032105304788644844e+02
6.995716457901136209e+02
6.959999103662145217e+02
6.925260247628038996e+02
6.891709414839614283e+02
6.859524713848657029e+02
6.828823994337892600e+02
6.799679233208158848e+02
6.772364068357638871e+02
6.748137372136122849e+02
6.725550858644423897e+02
6.704610471026120422e+02
6.685343736509338441e+02
6.667807854872643247e+02
6.652006476544614770e+02
6.638048757516183969e+02
6.625985476298258163e+02
6.616034301272400171e+02
6.608621794785042312e+02
6.605556511917122862e+02
6.611335158001752461e+02
6.632302253036764341e+02
6.671707420882746646e+02
6.725050545163893503e+02
6.789615920125601178e+02
6.882676988945171388e+02
7.026832951772551041e+02
7.232519272489602145e+02
7.467129113886867344e+02
7.670388596127689880e+02
7.817332472948683062e+02
7.938620058998112654e+02
8.020429078802388858e+02
8.025837871137025559e+02
7.975871871962175419e+02
7.902878564165624766e+02
7.823536078781972947e+02
7.744297082234862728e+02
7.668790209768898194e+02
7.599993821907778511e+02
7.540167401776737961e+02
7.491009860300771379e+02
7.450472720259743937e+02
7.412308078656997168e+02
7.372640146290902976e+02
7.330390640822080286e+02
7.285480207529584504e+02
7.238319176977844336e+02
7.188528616012947623e+02
7.135955697234060153e+02
7.081230310265182197e+02
7.024892447962355391e+02
6.967468875638497821e+02
6.909329612670852612e+02
6.850838825799546612e+02
6.792216036993922899e+02
6.733180750816911768e+02
6.675948028294611731e+02
6.619253133235088171e+02
6.563194044927485038e+02
6.507798974181740732e+02
6.453128842710752906e+02
6.399120743968542229e+02
6.345775728154557100e+02
6.293021007981004686e+02
6.240798116557971298e+02
6.189086359602401899e+02
6.137810577136051506e+02
6.086996192003799706e+02
6.036607863845474640e+02
5.986672444910361719e+02
5.937213312798716061e+02
5.888241217271253163e+02
5.839809013897463501e+02
5.791922025324352035e+02
5.744621387903401910e+02
5.697914250164769783e+02
5.651812537703086718e+02
5.606322255920035786e+02
5.561427988697774936e+02
5.516332383157371169e+02
5.472896156784099730e+02
5.429866780349088913e+02
5.387224865843372754e+02
5.344953191824794203e+02
5.303042685500968219e+02
5.261474510356150631e+02
5.220248745903322742e+02
5.179355842672836161e+02
5.138800599317296474e+02
5.098587491883313874e+02
5.058721184551378656e+02
5.019217878200044538e+02
4.980080665035889069e+02
4.941331806455577862e+02
4.902975674122318424e+02
4.865029780415065943e+02
4.827505298808583802e+02
4.790408055071424087e+02
4.753756052792427909e+02
4.717545491438767726e+02
4.681792743580870706e+02
4.646495307605371181e+02
4.611657334643621766e+02
4.576566325601628478e+02
4.542433980461133274e+02
4.508754340943061152e+02
4.475518783637352271e+02
4.442738020917846029e+02
4.410409156038759306e+02
4.378529003048155346e+02
4.347104079640407122e+02
4.316120457655753171e+02
4.285585912320199213e+02
4.255487583850483020e+02
4.225822284871841248e+02
4.196587455444533248e+02
4.167766501471875813e+02
4.139363340047264614e+02
4.111358482409742123e+02
4.083750002400631729e+02
4.056528563000102281e+02
4.029679397820901272e+02
4.003205066805442698e+02
3.977086223018744136e+02
3.951325933304490263e+02
3.925914173303786470e+02
3.900844755975801377e+02
3.875598204177398429e+02
3.851024677330391910e+02
3.826810125000466201e+02
3.802946225614696800e+02
3.779438172007016874e+02
3.756290758581694149e+02
3.733499670409494229e+02
3.711080772789354683e+02
3.689028037377931355e+02
3.667356601608290134e+02
3.646069751327372614e+02
3.625172039578619660e+02
3.604679919759637414e+02
3.584589329156848407e+02
3.564920654602386776e+02
3.545672583042143060e+02
3.526855527628807749e+02
3.508479744151710520e+02
3.490541360914455140e+02
3.473057828621210774e+02
3.456019570353265067e+02
3.439437504161201673e+02
3.423308218621078254e+02
3.407626603878553624e+02
3.392170590771667094e+02
3.377493593637833555e+02
3.363244341955147547e+02
3.349403173997187650e+02
3.335965260892165247e+02
3.322917130241820587e+02
3.310240700749330358e+02
3.297929904884268240e+02
3.285959314334411943e+02
3.274325397401064492e+02
3.263006248676035170e+02
3.251995208549596441e+02
3.241283872217517228e+02
3.230862713596595199e+02
3.220740608479055140e+02
3.210914321665161992e+02
3.201407769490732562e+02
3.192239928678071692e+02
3.183446410643319382e+02
3.175083076465825229e+02
3.167206264566536333e+02
3.159911434248820683e+02
3.153300597534885128e+02
3.147498991710152723e+02
3.142589941289618878e+02
3.138861526803585207e+02
3.136420244121649716e+02
3.135443723071250020e+02
3.136099824839610619e+02
3.138566241292074324e+02
3.142873248605185950e+02
3.149057295608614595e+02
3.156965793026081997e+02
3.166390155948422489e+02
3.176995075038744858e+02
3.188395692987434700e+02
3.200173545730058322e+02
3.211923918331580126e+02
3.223279176971796005e+02
3.233892793850895941e+02
3.243520178530192766e+02
3.251894630695377373e+02
3.258901168370276764e+02
3.264391389264936834e+02
3.268347286374802252e+02
3.270761905935873415e+02
3.271684674449581962e+02
3.271227170422949371e+02
3.269515142256433933e+02
3.266305749828314333e+02
3.262202250775754351e+02
3.257377642252663463e+02
3.251975979127018945e+02
3.246148467714161256e+02
3.240044213179164103e+02
3.233797737982935701e+02
3.227553702938469087e+02
3.221444075989444968e+02
3.215613520617289964e+02
3.210201904256730927e+02
3.205371096637495043e+02
3.201281857998743021e+02
3.198132421774288900e+02
3.196138994462460232e+02
3.195557315845104540e+02
3.196729792071030261e+02
3.200082181608556766e+02
3.206304711776288059e+02
3.216567601825028646e+02
3.232470145807273525e+02
3.256333976865298041e+02
3.291973525186679126e+02
3.356889741973326977e+02
3.462473521035685167e+02
3.612262679458788739e+02
3.801352370702542203e+02
4.001020974260869139e+02
4.167940109349854652e+02
4.289812892040666270e+02
4.382170178781315713e+02
4.463303083944684317e+02
4.543331638629056215e+02
4.621293373639727520e+02
4.693556751738601065e+02
4.755941358469828515e+02
4.807630640110554623e+02
4.848980217351297028e+02
4.882765021614844159e+02
4.910906737879176944e+02
4.934110234786985529e+02
4.952411824289060860e+02
4.965275765764062612e+02
4.972870861436835526e+02
4.975042493708444340e+02
4.972426414705297475e+02
4.965374162288289881e+02
4.955721054092638269e+02
4.942867403179037638e+02
4.927226334220878243e+02
4.909432009795707472e+02
4.889826338954546259e+02
4.868820619804242824e+02
4.846701194463757929e+02
4.823691466556070395e+02
4.800029413181471227e+02
4.775859234404718450e+02
4.751355632866401493e+02
4.726644563636422731e+02
4.701844245200882142e+02
4.677066944923320762e+02
4.652403466862929236e+02
4.627945106487765088e+02
4.603767863086636112e+02
4.579943413416773410e+02
4.556530997509968870e+02
4.533587709535698309e+02
4.511153853735638677e+02
4.489270142154312566e+02
4.467961647215580570e+02
4.447246609949462481e+02
4.427968736809202710e+02
4.410066337046752096e+02
4.392828436883485210e+02
4.376220639342863592e+02
4.360205707156657127e+02
4.344734547213424776e+02
4.329745670519993723e+02
4.315184549053140586e+02
4.300981751074127715e+02
4.287078397713360687e+02
4.273416885310637667e+02
4.259936716866103552e+02
4.246600388490620617e+02
4.233360063941362341e+02
4.220190045491494288e+02
4.207066234686101325e+02
4.193966689360161695e+02
4.180890240473620452e+02
4.167823893573051919e+02
4.154774467071227946e+02
4.141742647005298750e+02
4.128733330834309641e+02
4.115758982299196305e+02
4.102822586524274016e+02
4.089605966418582739e+02
4.075941951302351072e+02
4.062330327334565823e+02
4.048780226535551492e+02
4.035297680698925546e+02
4.021892901669186813e+02
4.008568464137529759e+02
3.995332774431385587e+02
3.982187835211681204e+02
3.969138704544741927e+02
3.956188827297960984e+02
3.943339898734565736e+02
3.930597633786346705e+02
3.917962088740483182e+02
3.905440131415152791e+02
3.893033075986953691e+02
3.880746999655074774e+02
3.868587536251217216e+02
3.856559180104716233e+02
3.844672043567946957e+02
3.832930693674502436e+02
3.821347708630108286e+02
3.809931556080464361e+02
3.798694603250041268e+02
3.787515274043313411e+02
3.776327753920161854e+02
3.765366887772657378e+02
3.754650115440590525e+02
3.744208814506002909e+02
3.734075304064378997e+02
3.724297632388788202e+02
3.714948164044315604e+02
3.706128602312603562e+02
3.698041632132843688e+02
3.690990812199732432e+02
3.685626437522567471e+02
3.682988762351266701e+02
3.684935196696969797e+02
3.694469689849706242e+02
3.715098681617584475e+02
3.751249003723552278e+02
3.805115441951430171e+02
3.878654912196610098e+02
3.975287645854839980e+02
4.098613313782527143e+02
4.249845674087882230e+02
4.418137144696618179e+02
4.577473772468561606e+02
4.700628265842390761e+02
4.781358376426994141e+02
4.827541964120351281e+02
4.856074151994122303e+02
4.878157330179497535e+02
4.896392417726204371e+02
4.908824879882567416e+02
4.916517660026693193e+02
4.925594880430020339e+02
4.945853521470852456e+02
4.983377688112272494e+02
5.040154938448700932e+02
5.111096891569388276e+02
5.187596090098711556e+02
5.262500967117011896e+02
5.330093841949081934e+02
5.385273314853556030e+02
5.426377679933881382e+02
5.454743462167975849e+02
5.474248503761562006e+02
5.490498750857984760e+02
5.506386719086956418e+02
5.523212528652777564e+02
5.540399952476832368e+02
5.555636907424067203e+02
5.571773945311655325e+02
5.583443681510892702e+02
5.589601730972875657e+02
5.593383418580560829e+02
5.600392357629990556e+02
5.619151867033465351e+02
5.659285972144233483e+02
5.726872635402580727e+02
5.821466997552182647e+02
5.931993335605438915e+02
6.050907430081581424e+02
6.170709909846788150e+02
6.270032634612737183e+02
6.336600619503439020e+02
6.383453133738855740e+02
6.425172811002423714e+02
6.472238665107291808e+02
6.525356744767011605e+02
6.577763096058544079e+02
6.620183289151261761e+02
6.648484269117385566e+02
6.665163227601763083e+02
6.675122007243448934e+02
6.679574493200882443e+02
6.685782263864631432e+02
6.692194913976237558e+02
6.696888609514610380e+02
6.697264025136356622e+02
6.690330778323937011e+02
6.675416003460494494e+02
6.653173116992842324e+02
6.625024212751558252e+02
6.591868090865827980e+02
6.554671329297309512e+02
6.513893562932635177e+02
6.469952489755532952e+02
6.423057196270708573e+02
6.373340562088948218e+02
6.320983117480429883e+02
6.266292088975261549e+02
6.209663627396130323e+02
6.151587213271316159e+02
6.092565135335923969e+02
6.033010141367020651e+02
5.973332270858119273e+02
5.913796493228969666e+02
5.854648299891102852e+02
5.794387078109994036e+02
5.735088085350580513e+02
5.676563593285237630e+02
5.618853024650031784e+02
5.562023110768236620e+02
5.506092530129267288e+02
5.451078515713254546e+02
5.397006024157402635e+02
5.343856728131818272e+02
5.291654502235037398e+02
5.240376303861266933e+02
5.190022319474661572e+02
5.140589143371920500e+02
5.092049280319543527e+02
5.044415769969155576e+02
4.997653734401312704e+02
4.951766609455286243e+02
4.906739689329036196e+02
4.862554740984687101e+02
4.819224014536263212e+02
4.776729618087260860e+02
4.735112114351241530e+02
4.694437850736762243e+02
4.654819092640818212e+02
4.616026762278723368e+02
4.582965785221056763e+02
4.562143907555434339e+02
4.576947961686218491e+02
4.661414670577703987e+02
4.821196776405041646e+02
4.965968404108930940e+02
5.020974603635843323e+02
5.005082517695798856e+02
4.961513689111830558e+02
4.909500827897053341e+02
4.855777951323937600e+02
4.802130325231018446e+02
4.749171456450573601e+02
4.697158708404556364e+02
4.646204121710171648e+02
4.596390931061484935e+02
4.547797204003888396e+02
4.500442887039550328e+02
4.454387976694314943e+02
4.409632532393846986e+02
4.366181430357104887e+02
4.324030188318207024e+02
4.283109893933577723e+02
4.246490318982433791e+02
4.211822153701248794e+02
4.178089374402961766e+02
4.145162875285574842e+02
4.112931109520503128e+02
4.081285335672156975e+02
4.050144692584606787e+02
4.019456923488394295e+02
3.989180914620924909e+02
3.959321797810897010e+02
3.929876319568358554e+02
3.900879440352106258e+02
3.872366515006808072e+02
3.844371568361167419e+02
3.816953533329718766e+02
3.790151584325937506e+02
3.764022376345224075e+02
3.738627989749580820e+02
3.714016946582725609e+02
3.690266490663677814e+02
3.667434687549431942e+02
3.645581010012033971e+02
3.624788906702020199e+02
3.605070076560248822e+02
3.588879962037910332e+02
3.574675578937422529e+02
3.561362332802155493e+02
3.548845367144959368e+02
3.536970705880752348e+02
3.525608478948319657e+02
3.514602314602947217e+02
3.503874125624822113e+02
3.493351449664728534e+02
3.483062377409177088e+02
3.473040131910702826e+02
3.463362966647373469e+02
3.454132560879008338e+02
3.445398446227800378e+02
3.437243119508414111e+02
3.429663167113006921e+02
3.422657943186615057e+02
3.416173860140227134e+02
3.410114057467501425e+02
3.404385994493592875e+02
3.398845908433289651e+02
3.393410733278224143e+02
3.387939766579083880e+02
3.382400195365044056e+02
3.378374208523458151e+02
3.374348621924303870e+02
3.370091764491299386e+02
3.365620117104383553e+02
3.361031989182630468e+02
3.356347396614772265e+02
3.351657084056413396e+02
3.346999704135599814e+02
3.342420394628189797e+02
3.337975672699042207e+02
3.333673022664365249e+02
3.329568639963965779e+02
3.325661842690439585e+02
3.321986531959383910e+02
3.318557470765281323e+02
3.315376806219250625e+02
3.312468398367064992e+02
3.309815097025036721e+02
3.307429666187065322e+02
3.305293708176210998e+02
3.303394153484086360e+02
3.301711258098395092e+02
3.300214478451521813e+02
3.298875568939839127e+02
3.298282314747111741e+02
3.297564152097872352e+02
3.296841296468219866e+02
3.296086965780734204e+02
3.295259568359809350e+02
3.294337966950658938e+02
3.293293181907679923e+02
3.292100782107684722e+02
3.290752668696027285e+02
3.289222002152178561e+02
3.287514742758087323e+02
3.285612446520010508e+02
3.283519301864942008e+02
3.281235707251705094e+02
3.278754564645438450e+02
3.276092478051162971e+02
3.273238426870194075e+02
3.270210160160529540e+02
3.267006546069516730e+02
3.263631979039228668e+02
3.260101285590098428e+02
3.256409803682746542e+02
3.252579249496397438e+02
3.248610183751742397e+02
3.244719696757618408e+02
3.241304718719154607e+02
3.237943074285074090e+02
3.234703251426940369e+02
3.231637788342214321e+02
3.228809673922065713e+02
3.226274291651475323e+02
3.224076316981845594e+02
3.222266712654617891e+02
3.220885971753953640e+02
3.219989898981277179e+02
3.219625555269265647e+02
3.219858102243452436e+02
3.220729191901088484e+02
3.222290620548661195e+02
3.224573609119569255e+02
3.227589503046890513e+02
3.231387888910703055e+02
3.235950309535033398e+02
3.241357837096307435e+02
3.247609111658227334e+02
3.254754055324888782e+02
3.262825858415152993e+02
3.271786829068302040e+02
3.282039277234222254e+02
3.295576654894496187e+02
3.309933327148683588e+02
3.324959971571005326e+02
3.340539541349496062e+02
3.356546211265198281e+02
3.372845680296039177e+02
3.389375854072127368e+02
3.406030591126541935e+02
3.422811742642379613e+02
3.439635569967357469e+02
3.456471546312778855e+02
3.473202945115663169e+02
3.489653820007267200e+02
3.505595682150153607e+02
3.520720581519573216e+02
3.534749088795122702e+02
3.547380808987509226e+02
3.558478377126809846e+02
3.567877878390142996e+02
3.575661718747475675e+02
3.581902098580060851e+02
3.586791547195045382e+02
3.590598395565271517e+02
3.593714798881190404e+02
3.597806344771444174e+02
3.601696808819447710e+02
3.605709980139143909e+02
3.610116845440562088e+02
3.615218438961101128e+02
3.621205954375799934e+02
3.628313957823613123e+02
3.636631199982997487e+02
3.646188599967821347e+02
3.656938735025730125e+02
3.668653503469992643e+02
3.681122514326337409e+02
3.693992994801330383e+02
3.707052924719494058e+02
3.720029135047797695e+02
3.732918998588047543e+02
3.745706587481699330e+02
3.758613828419642005e+02
3.771939890989262949e+02
3.786092010168006823e+02
3.801299827584219884e+02
3.817388749143024143e+02
3.835065618858017729e+02
3.863708975871804796e+02
3.930810866411576967e+02
4.011964601403657298e+02
4.114782833134673865e+02
4.639079487660866903e+02
6.000816988785037438e+02
6.436035638254938931e+02
6.544534782824608783e+02
6.660523479931773636e+02
7.028875756577757556e+02
7.549259847618556023e+02
7.694269876500601413e+02
7.783937244471715076e+02
7.911631868921814430e+02
8.772322273622237390e+02
1.067283945705397855e+03
1.201947900930673995e+03
1.221653659416945857e+03
1.210575041228914642e+03
1.202804488213869718e+03
1.245999090573436661e+03
1.243014736617390327e+03
1.224546325256288810e+03
1.208057561272260045e+03
1.203218690314971127e+03
1.196788723444880361e+03
1.178130513257860230e+03
1.158816325459570407e+03
1.140176885266216459e+03
1.122294559018267819e+03
1.105162918404090078e+03
1.088789013312292809e+03
1.073154152395391748e+03
1.058246797929826698e+03
1.044051172617593920e+03
1.030536429323364700e+03
1.017680131085361381e+03
1.005433327564856199e+03
9.937567179819044441e+02
9.825903494324498979e+02
9.718757425941614656e+02
9.615567757219148461e+02
9.515697230614633781e+02
9.418711955796242137e+02
9.324130593739688493e+02
9.231596247974491689e+02
9.140837949207635802e+02
9.051526971307537224e+02
8.964860434802405962e+02
8.879681462833652859e+02
8.794992268857577074e+02
8.710554069036071496e+02
8.626066627542339802e+02
8.541431968371358607e+02
8.456517807254886065e+02
8.371357000502936216e+02
8.286084609697503538e+02
8.200862903251673970e+02
8.116023530109295052e+02
8.031875491667817641e+02
7.948903816145619885e+02
7.867703167993875013e+02
7.789194683418973000e+02
7.714751973212780740e+02
7.646217654517313349e+02
7.585975468999473605e+02
7.535741793798986237e+02
7.495864501476016812e+02
7.461726625134942879e+02
7.429383156095743743e+02
7.395788038570650542e+02
7.357716830302090329e+02
7.312367533087274296e+02
7.259798006530327257e+02
7.199720144292841724e+02
7.133107292449523129e+02
7.060999755852054705e+02
6.984577965606806629e+02
6.905055332135138997e+02
6.823373775782678194e+02
6.740483053009630794e+02
6.657074506223760864e+02
6.573739187423478825e+02
6.490947347737179598e+02
6.409050636488426562e+02
6.328321939888055567e+02
6.248988654550043975e+02
6.171184440449039812e+02
6.095044154732057677e+02
6.020640888283070353e+02
5.948017377761682383e+02
5.877231903724335780e+02
5.808265436823877508e+02
5.741148724022883698e+02
5.675855877147101864e+02
5.612365707454231369e+02
5.550463741501363302e+02
5.489617060193965017e+02
5.430685545238644636e+02
5.373908272059837827e+02
5.320032348218264815e+02
5.270522590277890913e+02
5.227106858726368728e+02
5.189079623102712731e+02
5.153481579139286168e+02
5.119625331690958205e+02
5.090044003385613109e+02
5.070454499108578830e+02
5.067766517960525334e+02
5.087449695617867746e+02
5.125774857851887418e+02
5.176172497449442744e+02
5.242868150613384159e+02
5.329319828879698662e+02
5.426679599374689360e+02
5.514729141072522225e+02
5.581834542562662591e+02
5.631811484280279956e+02
5.679640772603264622e+02
5.736286124623964042e+02
5.805431961768399560e+02
5.888867744692497581e+02
5.975936238249469170e+02
6.060347973797967143e+02
6.135505023951218391e+02
6.195451636738287107e+02
6.236945911625512053e+02
6.258494120748806608e+02
6.262432454544782559e+02
6.252466934567215731e+02
6.232183587147668504e+02
6.204545787392344209e+02
6.171107000718766358e+02
6.133400196148064651e+02
6.092273801412699186e+02
6.048677665471788032e+02
6.003294917518202283e+02
5.956575942724157358e+02
5.908935644592608014e+02
5.860568961588598995e+02
5.811668485781557365e+02
5.762375119122466458e+02
5.712856831315360751e+02
5.663288655608599811e+02
5.611087884671525217e+02
5.558544713641605313e+02
5.506901130567584914e+02
5.456334145293201345e+02
5.406968347885475623e+02
5.358926772404805661e+02
5.312170403624763821e+02
5.266681671747685414e+02
5.222306789788935930e+02
5.178911615000795337e+02
5.136347457528369205e+02
5.094522479870047960e+02
5.053385645109044049e+02
5.012991702153819347e+02
4.973435531896496968e+02
4.934855078557133083e+02
4.897415208606346368e+02
4.861230356300133053e+02
4.826428094273325087e+02
4.793063796792732774e+02
4.761134978119259245e+02
4.730645969792650476e+02
4.701475232557782533e+02
4.673572389555297946e+02
4.646029877534889465e+02
4.618946887359427933e+02
4.592657911591218749e+02
4.566950425963071325e+02
4.541683536571545687e+02
4.516683627081361010e+02
4.491794770413228548e+02
4.466916541119186945e+02
4.441955282767262361e+02
4.416846569468081043e+02
4.391607808966245443e+02
4.366208696238491029e+02
4.340724350188092444e+02
4.315180852466468195e+02
4.289646169201870975e+02
4.264204590741994139e+02
4.238899025319750535e+02
4.213835268469817947e+02
4.189049723655738831e+02
4.164622550630609794e+02
4.140602726198697496e+02
4.117034828811289344e+02
4.093982243427557819e+02
4.071468921195550479e+02
4.049407621070432697e+02
4.028006249496314695e+02
4.007282371760919659e+02
3.987272072915397416e+02
3.968017291169665555e+02
3.949573376554237143e+02
3.931978212724332025e+02
3.915297408232755174e+02
3.899561899138901708e+02
3.884831968861076348e+02
3.871128253741100025e+02
3.858475256646829052e+02
3.846889587094873946e+02
3.836341408948985077e+02
3.826834777322051195e+02
3.818303379099064045e+02
3.810702112320496440e+02
3.803963164955842444e+02
3.797975235606376714e+02
3.792665648975932413e+02
3.787886213695930451e+02
3.783517485247179479e+02
3.779414455052681205e+02
3.775413527482861582e+02
3.771098048646604752e+02
3.766201888829869517e+02
3.760982140693731708e+02
3.755352027046728836e+02
3.749233041674033871e+02
3.742599176717923228e+02
3.735463144895846881e+02
3.727875856093561424e+02
3.719976775547959278e+02
3.711971315315679476e+02
3.704248201911037768e+02
3.697371347129813444e+02
3.692386077057492457e+02
3.690776908533641176e+02
3.695086716363043138e+02
3.709281881354235111e+02
3.739117592296656767e+02
3.795427833098326005e+02
3.895286607307943996e+02
4.064691930831619970e+02
4.322802524256999277e+02
4.675541573987510446e+02
5.078985301445742948e+02
5.469530624697227950e+02
5.805924686981917375e+02
6.056644006177388064e+02
6.250077093902335719e+02
6.398373292151335363e+02
6.492409861747847799e+02
6.524939217051968399e+02
6.526019280066461761e+02
6.528613970796395733e+02
6.524658067983016281e+02
6.502284926659219764e+02
6.470788389574760231e+02
6.435299114132072873e+02
6.395075669796132161e+02
6.350353225934879902e+02
6.303812258212728921e+02
6.257088905178078448e+02
6.211123942988481303e+02
6.166398632663405124e+02
6.123152539473534262e+02
6.081597764005636009e+02
6.041854058413704252e+02
6.004043358200945022e+02
5.968280049091077899e+02
5.934586049800042247e+02
5.904294607382374807e+02
5.875154886247071317e+02
5.847771107310998104e+02
5.821799430334569934e+02
5.796750447138113032e+02
5.772083430735318643e+02
5.747249515862511089e+02
5.721772567511480929e+02
5.695286061129960444e+02
5.667600997902409290e+02
5.638635675262125915e+02
5.608429232768180555e+02
5.577111354827934520e+02
5.544774795850382816e+02
5.511550604268651341e+02
5.477521659525222049e+02
5.442723158859145087e+02
5.407199549254044086e+02
5.370943436069233030e+02
5.333965747343878547e+02
5.296288170111999989e+02
5.257956959139689843e+02
5.219029524138782108e+02
5.179616420070924505e+02
5.140600668738778722e+02
5.100705831299003989e+02
5.060703940109905830e+02
5.020711434114238045e+02
4.980862156672372976e+02
4.941243386541975724e+02
4.901961563284890531e+02
4.863096602382717606e+02
4.824709445281833382e+02
4.786870721139130751e+02
4.749613591820224201e+02
4.712983228972550478e+02
4.677007352125988859e+02
4.641702843168440040e+02
4.607096134157584402e+02
4.573186279017565994e+02
4.539985696024833146e+02
4.507492314717383124e+02
4.475699256846955905e+02
4.444607522822105352e+02
4.414198871870640346e+02
4.384468049689105555e+02
4.355400003792223629e+02
4.326979171568573861e+02
4.299785162223518569e+02
4.273096370935434152e+02
4.247042397075805411e+02
4.221615190068640686e+02
4.196822492489665137e+02
4.172677070172209710e+02
4.149201845228889169e+02
4.126445360470600576e+02
4.104473401624458120e+02
4.083457380217030277e+02
4.063791304640885755e+02
4.047043802910852150e+02
4.038812751600997331e+02
4.061368508669887092e+02
4.175940249919718781e+02
4.435277461137748105e+02
4.796647842740430292e+02
5.149673640424759924e+02
5.381753795831857587e+02
5.571727675231770718e+02
5.855122708512250256e+02
6.224365132286343396e+02
6.596009109448738172e+02
6.899476291860730726e+02
7.132288246118755524e+02
7.298323665290054123e+02
7.448507932995690908e+02
7.516656075462750550e+02
7.519642675691986824e+02
7.499443229526835921e+02
7.472177492512312256e+02
7.439677264767040015e+02
7.402666991902475502e+02
7.361382778761295640e+02
7.316084585834289555e+02
7.265980646677675168e+02
7.210389185574798603e+02
7.149526744390889235e+02
7.083589401087690476e+02
7.013074527633262960e+02
6.938571616977816348e+02
6.860588531403705019e+02
6.779805266019674264e+02
6.696961532865525442e+02
6.612817664552409269e+02
6.528114396892531204e+02
6.443394700572556530e+02
6.359211450656645184e+02
6.277158722051566428e+02
6.195720791014033466e+02
6.116007323407840204e+02
6.038276205427823697e+02
5.962875130135234940e+02
5.890173719447595886e+02
5.820609979877741580e+02
5.754803740503299423e+02
5.693390074313642799e+02
5.637374536532277034e+02
5.588190482875010048e+02
5.548111465428597739e+02
5.521649243800341083e+02
5.514173747168387081e+02
5.532725026013006300e+02
5.577713537994459330e+02
5.638387813624738101e+02
5.697908387200149036e+02
5.746098452305708406e+02
5.778974371348598424e+02
5.796351500126347673e+02
5.798544595078324164e+02
5.790102830451886575e+02
5.783652631643775521e+02
5.796927467064564325e+02
5.846917213136093778e+02
5.937819281087736272e+02
6.039271017743218408e+02
6.128853365163529361e+02
6.229977626890048441e+02
6.389636393810105801e+02
6.644269111092249886e+02
6.925674973571711917e+02
7.179526109738312698e+02
7.364714020105215013e+02
7.473344074267383803e+02
7.538426847178902790e+02
7.574949371903520614e+02
7.591986917174947394e+02
7.603111756877848393e+02
7.622168718950224502e+02
7.660922273527652351e+02
7.712728552361527363e+02
7.753584682232320802e+02
7.767106750980582319e+02
7.756579044794964375e+02
7.730337691413737957e+02
7.696352149827467883e+02
7.659849273612034040e+02
7.623056690590661901e+02
7.587722836192408522e+02
7.554913322321666556e+02
7.526009870716682144e+02
7.502643359194544246e+02
7.484062058258589332e+02
7.468282747824944181e+02
7.454247974407107904e+02
7.440193287235061916e+02
7.425569732585952352e+02
7.409131783586350366e+02
7.389251609973696304e+02
7.365427250840925808e+02
7.337235608488069829e+02
7.304765499606845651e+02
7.267961841379359385e+02
7.227110300202093640e+02
7.182825262510377797e+02
7.135659812043807051e+02
7.086343779557340667e+02
7.035565002530004222e+02
6.983946806469256217e+02
6.932127919082280414e+02
6.881673171031668517e+02
6.831576634431767161e+02
6.782743150837859503e+02
6.735130257747919131e+02
6.688708426772636813e+02
6.643172415121056247e+02
6.598224490333943777e+02
6.553473010326983967e+02
6.508527676771586812e+02
6.463074638936291194e+02
6.416753185234039165e+02
6.369386676575754791e+02
6.320717572893559009e+02
6.270731789283807984e+02
6.219373550439119072e+02
6.166796340657551809e+02
6.113153064090000726e+02
6.058730594018431930e+02
6.003826260684718363e+02
5.948781555806203869e+02
5.893951918530107150e+02
5.839661592388606550e+02
5.786253991403721102e+02
5.733988443828036452e+02
5.683965031101723753e+02
5.636076717321059277e+02
5.589990266770170138e+02
5.545741032009633500e+02
5.503333262257522165e+02
5.462717138407649600e+02
5.423734992220224740e+02
5.386246744897116514e+02
5.349996814911858110e+02
5.314747303153039866e+02
5.280234286542079190e+02
5.246177792182725170e+02
5.212353956271751940e+02
5.178551784090992669e+02
5.144599205851046690e+02
5.110410013058506706e+02
5.075899469298541362e+02
5.041070749172197338e+02
5.005938884836587590e+02
4.970548895259614142e+02
4.934988396781617439e+02
4.899332134817902897e+02
4.863691873931408054e+02
4.828170483349807114e+02
4.792617007227134991e+02
4.757899105342705184e+02
4.723626243569206622e+02
4.689929077272058748e+02
4.656968262404571988e+02
4.624902997619528264e+02
4.593925355890947912e+02
4.564269223689187811e+02
4.536168382308353557e+02
4.509973026611568798e+02
4.485991624667586279e+02
4.464646080933644043e+02
4.446341488363086683e+02
4.431412011906066937e+02
4.420200557268752277e+02
4.412730561517918204e+02
4.408911922461598465e+02
4.408415164809113662e+02
4.410705902149975941e+02
4.415314410667593279e+02
4.421759084626497156e+02
4.429488569564066438e+02
4.438157780511781993e+02
4.446999328428847775e+02
4.454961929037440314e+02
4.461296310953372881e+02
4.465164643349860967e+02
4.465811722667205572e+02
4.462692782541751058e+02
4.455494820379238377e+02
4.444329140623065086e+02
4.429380169791859885e+02
4.411095053661901488e+02
4.389968388145705944e+02
4.366459860203657968e+02
4.341100145994294053e+02
4.314277736572094000e+02
4.286395738232553185e+02
4.257772644684122838e+02
4.228664781043081575e+02
4.199313124432243285e+02
4.169889969086174801e+02
4.140555605434885251e+02
4.111446307307370489e+02
4.082662998390097755e+02
4.054318146250094514e+02
4.026492035624692676e+02
3.999272723007838977e+02
3.972914082303817622e+02
3.947252744981079786e+02
3.922472880923464800e+02
3.898644724413227891e+02
3.875883115412868278e+02
3.854291279093205844e+02
3.833982298901723311e+02
3.815108500137429814e+02
3.797776981319364609e+02
3.782165082832853500e+02
3.768386699654871563e+02
3.756580314245313161e+02
3.746862544374001232e+02
3.739278615577558185e+02
3.733885168501232670e+02
3.730627146647270251e+02
3.729408061031801367e+02
3.730078964849288354e+02
3.732374259827448100e+02
3.736012747552424003e+02
3.740641302041884160e+02
3.745829983487239474e+02
3.751200275899242342e+02
3.756268032481165164e+02
3.760495729851057263e+02
3.763454105151960789e+02
3.764998787521901704e+02
3.764908656418774058e+02
3.763012696971472337e+02
3.759215756124731911e+02
3.753529084074725688e+02
3.745973950693504548e+02
3.736669272326716964e+02
3.725740162268875793e+02
3.713327379054620110e+02
3.699614443930122434e+02
3.684739035510026497e+02
3.668880306976310521e+02
3.652174069300943415e+02
3.634761933434620005e+02
3.616776311862682292e+02
3.598323142539031778e+02
3.579520063276666519e+02
3.560454682739563737e+02
3.541220100546355525e+02
3.521896179974003758e+02
3.502554519538583691e+02
3.483267971437198867e+02
3.464111227818489169e+02
3.445057848772405009e+02
3.426258490862619510e+02
3.407764670465713834e+02
3.389634981556826006e+02
3.371919191620587526e+02
3.354669980347051137e+02
3.337944943717768638e+02
3.321790874538688740e+02
3.306273774834132269e+02
3.291443772922275457e+02
3.277367047911603777e+02
3.264109288305423320e+02
3.251731408972359532e+02
3.240317864213128587e+02
3.229927725657260567e+02
3.220651635634108629e+02
3.212556668044803700e+02
3.205719125952829813e+02
3.200216238394523316e+02
3.196092168734396068e+02
3.193415608680130617e+02
3.192200359789073900e+02
3.192469890514034319e+02
3.194074694498371514e+02
3.197786295188609529e+02
3.202830381698671545e+02
3.209077669243398532e+02
3.216406512141513758e+02
3.224669690973485672e+02
3.233684886274415931e+02
3.243299849473458494e+02
3.253332294592325979e+02
3.263613641650708246e+02
3.274017027818404699e+02
3.284387880737621686e+02
3.294657122386672654e+02
3.304747268724324272e+02
3.314620739821249344e+02
3.324292215443589953e+02
3.333761048855409967e+02
3.343099346208236966e+02
3.352360423932341291e+02
3.361643007250613664e+02
3.371044527448561325e+02
3.380690690994958345e+02
3.390713741966197858e+02
3.401255866921870847e+02
3.412057001328373644e+02
3.424136936585165927e+02
3.437104512357572048e+02
3.451078853135550730e+02
3.466197147958122855e+02
3.482578628493519659e+02
3.500218761064161299e+02
3.519132786350672859e+02
3.539153966722305427e+02
3.560037558588854836e+02
3.581442386497184884e+02
3.602860745688237785e+02
3.623740846636143260e+02
3.643506729067282777e+02
3.661533494550795922e+02
3.677353582753595447e+02
3.690553064249647264e+02
3.700821893709534720e+02
3.708093339311135992e+02
3.712274809365277974e+02
3.713515388067726803e+02
3.711950986023926475e+02
3.707785576743544880e+02
3.701303381775912271e+02
3.691885947314314649e+02
3.679877922029703541e+02
3.666394471057206488e+02
3.651690960669750439e+02
3.635992000425601987e+02
3.619481263089948584e+02
3.602346885884839480e+02
3.584727397906315218e+02
3.566763678461476275e+02
3.548569233301989811e+02
3.530248820564343077e+02
3.511911554252054088e+02
3.493717036526141442e+02
3.476138647571523279e+02
3.461306196454331712e+02
3.458107504293795955e+02
3.505760025049268620e+02
3.672801300851704127e+02
3.921546300271334076e+02
4.115629221923643968e+02
4.279700993715553068e+02
4.558966775213306164e+02
4.928484801018661301e+02
5.463165785381891055e+02
6.122563282281087140e+02
6.559331244808678321e+02
6.732541076602237808e+02
6.795876654104541785e+02
6.792456406208901853e+02
6.763317578590019821e+02
6.730287297461125036e+02
6.689630286608480674e+02
6.644033339539835197e+02
6.598567828895148750e+02
6.555197227889408396e+02
6.515241951961100995e+02
6.479807332230091106e+02
6.450067092328707758e+02
6.427202872667345446e+02
6.411907455755209639e+02
6.404605306359217138e+02
6.405148910470085184e+02
6.412895028207848327e+02
6.427040943982290173e+02
6.445807109765190717e+02
6.466863473034999288e+02
6.486651158225844256e+02
6.501525920741963773e+02
6.509209802958366708e+02
6.506237372736978841e+02
6.492338269552866450e+02
6.468987723245377310e+02
6.437766105395938894e+02
6.400446510211816076e+02
6.358267932234620048e+02
6.311815487785927417e+02
6.261638563516130489e+02
6.208118380221359303e+02
6.152022149988609954e+02
6.093941625077610524e+02
6.034699741031107578e+02
5.974824608738132383e+02
5.914829623405494203e+02
5.855068872512252938e+02
5.795790884433574774e+02
5.737214567130778278e+02
5.679453578455933211e+02
5.622658599123161594e+02
5.566925630974824344e+02
5.512415121776631395e+02
5.459368186536388521e+02
5.408153905483279686e+02
5.359766785685466175e+02
5.316214448959996162e+02
5.277608346395804801e+02
5.245836883979106915e+02
5.221381159262410847e+02
5.204215262531804456e+02
5.193024207655417968e+02
5.186344726659151547e+02
5.180769888755822876e+02
5.173619187775904038e+02
5.164405149657746961e+02
5.154545221248974940e+02
5.145823974608993012e+02
5.139658105521319840e+02
5.137494861207727581e+02
5.139147972461888685e+02
5.142681112658713118e+02
5.145076563955137772e+02
5.144293717445917764e+02
5.140059007257216308e+02
5.133031628509459097e+02
5.124622769740263948e+02
5.115877464532299541e+02
5.109073178885974471e+02
5.109765563999266647e+02
5.115792099100459041e+02
5.128525380159144333e+02
5.146984347527787804e+02
5.170128145220722899e+02
5.194979955302741246e+02
5.218033508767573494e+02
5.234614694728368249e+02
5.242355144214268421e+02
5.239854950483058929e+02
5.227819417674512579e+02
5.207768087876709160e+02
5.181550879347144019e+02
5.151419924949487950e+02
5.118686699051830828e+02
5.084506810678269062e+02
5.049241065053383295e+02
5.013192409344048315e+02
4.976463868239526391e+02
4.939142017469456505e+02
4.901343816884991611e+02
4.863051727638007264e+02
4.824404797852428715e+02
4.785350893543801476e+02
4.746562442712912571e+02
4.706338483060956719e+02
4.666268977283866661e+02
4.626465238955108816e+02
4.586979652114187047e+02
4.547945515455400027e+02
4.509380805631751059e+02
4.471384292619533767e+02
4.433980535878151841e+02
4.397215196581778400e+02
4.361131505294460453e+02
4.325736201820058682e+02
4.291081929449471772e+02
4.257164377924066798e+02
4.224029418838541687e+02
4.191685210870764422e+02
4.160163074815719142e+02
4.129498422000362439e+02
4.099716572114303972e+02
4.070890654757909033e+02
4.043091974850530619e+02
4.016573821026640303e+02
3.992032136158417188e+02
3.972274320925619122e+02
3.966330040413882330e+02
3.994571881112224787e+02
4.071463289676667046e+02
4.195445738842125252e+02
4.400402505548918839e+02
4.638129509560687893e+02
4.808156124406099821e+02
4.948020259083884298e+02
5.117987251506221469e+02
5.284743526698546248e+02
5.385199782919404470e+02
5.429081117702849042e+02
5.458373412075264923e+02
5.496251356346350576e+02
5.534761863798941022e+02
5.555871905340694639e+02
5.560458851763643224e+02
5.560107492674951573e+02
5.561291278677707624e+02
5.561727236020784630e+02
5.557957945970301807e+02
5.547810303148824005e+02
5.527743649682306568e+02
5.497217673042021033e+02
5.454895058430339532e+02
5.407351202445354375e+02
5.357607973579116560e+02
5.306949384926725770e+02
5.256188639582308042e+02
5.205667784457031075e+02
5.155590524206427290e+02
5.106069025884967800e+02
5.057141485842780639e+02
5.008857257032029793e+02
4.961216812505988401e+02
4.914236295008142861e+02
4.867923326501865517e+02
4.822269390847222326e+02
4.777296600795681911e+02
4.732986339620229614e+02
4.689359212361281379e+02
4.646408992012901535e+02
4.604139260567782230e+02
4.562563001163814533e+02
4.521669885767256574e+02
4.481478569385251944e+02
4.441983578470726002e+02
4.403191009181978188e+02
4.365104202165470610e+02
4.328788379437345384e+02
4.293170448543945668e+02
4.258242699685576440e+02
4.224026798429572409e+02
4.190530813176366678e+02
4.157760007731663450e+02
4.125741494695224105e+02
4.094474019112939800e+02
4.063990767730160201e+02
4.034305285512180035e+02
4.005443509038555590e+02
3.977448249068516475e+02
3.950341668692535109e+02
3.924193311576114525e+02
3.899046850508447051e+02
3.874981853021295706e+02
3.852097215146810072e+02
3.830477341412859005e+02
3.810288401923114634e+02
3.791647776460399655e+02
3.774758720397126126e+02
3.759825991776393153e+02
3.747036300496867511e+02
3.736860664367285949e+02
3.730852354873741774e+02
3.727641043805105596e+02
3.727339104223856339e+02
3.729965927233849925e+02
3.735494865778912867e+02
3.743599781068058405e+02
3.753946546400107991e+02
3.765978924098195080e+02
3.779088132821868840e+02
3.792587863782070485e+02
3.805792049106386230e+02
3.817959664172385033e+02
3.828515453127894830e+02
3.836897403105418789e+02
3.842772088748561714e+02
3.846064126213692589e+02
3.846778384545078211e+02
3.845294801285388075e+02
3.841959149361936170e+02
3.837318426692075946e+02
3.831905777662346964e+02
3.826140812707498071e+02
3.820391822122389840e+02
3.815242277620677669e+02
3.811444647464607556e+02
3.807867213557296395e+02
3.804180422986569283e+02
3.800099983279643538e+02
3.795515288079042762e+02
3.790399702941638793e+02
3.784968167112826336e+02
3.779393183797986353e+02
3.773954307610773640e+02
3.768859175623678652e+02
3.764319374553246575e+02
3.760532285903466345e+02
3.757611631507913330e+02
3.755718254822497215e+02
3.754882773976905810e+02
3.755165833421343109e+02
3.756569492411709348e+02
3.759043582576157974e+02
3.762593706856840754e+02
3.767158516503188252e+02
3.772732112631331347e+02
3.779353937755903416e+02
3.787007095463263227e+02
3.795654418436620290e+02
3.806622223866241939e+02
3.818233517005493809e+02
3.830323802961417528e+02
3.842601577860425550e+02
3.854743115440180077e+02
3.866371977273315679e+02
3.877078745629487457e+02
3.886589928324105472e+02
3.894657736930753913e+02
3.901147485357203664e+02
3.906109350586868914e+02
3.909537392710188897e+02
3.911661668193120249e+02
3.912618258442311117e+02
3.912599765078121550e+02
3.911816649421909347e+02
3.910332123592472158e+02
3.908284443738428422e+02
3.905635783976355242e+02
3.902371021509427464e+02
3.898392643729347355e+02
3.893582667844823959e+02
3.887841662200783617e+02
3.880412322635944520e+02
3.872848250508382080e+02
3.864153760676229012e+02
3.854358113758566446e+02
3.843472245571235817e+02
3.831595872702434349e+02
3.818821209444415672e+02
3.805248456271422697e+02
3.791008403147670833e+02
3.776186732448000498e+02
3.760909011113515135e+02
3.745254310737042829e+02
3.729319309776153659e+02
3.713184116433542385e+02
3.696917466305562243e+02
3.680601154595068465e+02
3.664286799871052835e+02
3.648053543084960211e+02
3.631952528812753940e+02
3.616053228236065138e+02
3.600423714234082126e+02
3.585125435483799947e+02
3.570256808094214307e+02
3.555887913128851778e+02
3.541942004697665993e+02
3.529753944422762402e+02
3.518615841849397157e+02
3.508830863169087593e+02
3.500668553344868883e+02
3.494645968784521415e+02
3.491279623801793264e+02
3.491330690826675323e+02
3.495860498230713347e+02
3.505660501584634972e+02
3.521795553467476907e+02
3.543923966065174795e+02
3.571234964833548702e+02
3.601429962231569561e+02
3.632652118907577687e+02
3.663875685927008021e+02
3.696147253782872326e+02
3.731122694592328912e+02
3.769486826460825455e+02
3.811007117236040358e+02
3.853015321497546211e+02
3.893066927332125715e+02
3.928469679026450763e+02
3.958772951130286515e+02
3.986311613896930339e+02
4.009169561405257696e+02
4.028585406449309403e+02
4.045146479562734498e+02
4.059084523344116064e+02
4.070305799898754344e+02
4.078935020963891134e+02
4.085070962564180377e+02
4.089304575464827280e+02
4.092194768111469898e+02
4.094568286360326397e+02
4.097176417259363461e+02
4.100700758016458281e+02
4.105778419315532233e+02
4.112877047288404810e+02
4.122357113228679282e+02
4.134763302233283753e+02
4.151137592021614182e+02
4.176201729858343583e+02
4.223057642436316428e+02
4.316664827876948607e+02
4.461299272867252625e+02
4.612053490787958481e+02
4.749739921322178020e+02
4.892702804893869484e+02
5.037837799419480689e+02
5.180642523735928080e+02
5.331098804213871745e+02
5.523537414202049831e+02
5.765122335863111402e+02
5.976672188231666496e+02
6.109307734202209303e+02
6.194100531421282767e+02
6.238461406986673410e+02
6.235652789741866400e+02
6.201885240685508052e+02
6.154868853232603669e+02
6.104446152697977368e+02
6.054602354225505678e+02
6.006899132103952752e+02
5.962292634156257236e+02
5.921352811168808330e+02
5.884661213796489392e+02
5.852758188033936904e+02
5.826037493319419127e+02
5.805011154261700312e+02
5.789949626303266541e+02
5.781217695405446193e+02
5.780697501415629631e+02
5.788084494898532739e+02
5.803775735549605770e+02
5.828258082093531129e+02
5.862478825652495971e+02
5.907240223215968626e+02
5.963561149659234388e+02
6.032526436168628834e+02
6.115007027069772221e+02
6.213011920406794388e+02
6.329760608850422159e+02
6.471180352286252173e+02
6.645242924577507893e+02
6.857441906105917724e+02
7.094883684949245435e+02
7.326265972663112507e+02
7.533708269221309592e+02
7.718937179472305843e+02
7.873916905584965207e+02
7.989979764006246796e+02
8.073105101733007132e+02
8.136877243499399128e+02
8.197055570118955075e+02
8.259395556230713282e+02
8.314697846456152774e+02
8.345653145676271834e+02
8.344651423529609247e+02
8.319362085254028898e+02
8.279903637168071100e+02
8.231191457674187859e+02
8.176376183409279292e+02
8.117254536497474646e+02
8.055146135522315944e+02
7.991235897436822597e+02
7.926328494869597989e+02
7.861169791901086228e+02
7.796421565201727617e+02
7.732610362012834457e+02
7.670792236297018007e+02
7.612627007043234926e+02
7.559951038430159542e+02
7.515487870237341212e+02
7.481955792403998657e+02
7.460772859737745648e+02
7.448949452434626437e+02
7.441891451478204544e+02
7.437015763668057389e+02
7.431472958701305060e+02
7.423820030235820013e+02
7.413825123133163970e+02
7.401247952462762214e+02
7.385696220729400920e+02
7.366848943973584483e+02
7.344393985950999877e+02
7.318237958741445937e+02
7.288179696976849300e+02
7.254349373912115198e+02
7.216763598974565639e+02
7.175707267825259805e+02
7.131474243677255345e+02
7.084419571678398597e+02
7.035017570388924923e+02
6.983648630032263327e+02
6.930793998233906450e+02
6.876829065562146752e+02
6.822131453003099750e+02
6.767019902951875565e+02
6.711767002075214350e+02
6.656598527550102062e+02
6.601696158417696552e+02
6.547203726462502118e+02
6.493221741778380647e+02
6.439032083440343968e+02
6.386377944705512846e+02
6.334294840425759503e+02
6.282785064930214958e+02
6.231849980689001995e+02
6.181485330089258241e+02
6.131681006403753145e+02
6.082428404963421826e+02
6.033713706303961999e+02
5.985536691454852871e+02
5.937878078357557570e+02
5.890739848364451063e+02
5.844108611088884118e+02
5.797976746120608595e+02
5.752355299210629482e+02
5.707228543357972512e+02
5.662625812436291426e+02
5.618551085044608726e+02
5.575037745456663743e+02
5.532139159906454324e+02
5.489907303668301211e+02
5.448460698808100915e+02
5.407916164381171029e+02
5.368490919029204633e+02
5.330354040456477378e+02
5.294255349084918407e+02
5.260256614454300461e+02
5.228673912877777639e+02
5.199783282090453440e+02
5.173567367437833582e+02
5.149872345089322607e+02
5.128408282380553374e+02
5.108725976155354260e+02
5.090499548439946125e+02
5.073309289413537044e+02
5.056696153975256607e+02
5.040305326839597910e+02
5.023624308743616211e+02
5.006251123417034705e+02
4.987918088468975952e+02
4.968327774743093528e+02
4.947534808948072964e+02
4.925563332655050317e+02
4.902566170099121905e+02
4.878825135003876881e+02
4.854478768991447737e+02
4.829800720280165365e+02
4.804881819893743682e+02
4.779013389191943020e+02
4.752772412000372810e+02
4.726250941068009297e+02
4.699423473189937113e+02
4.672271918512087154e+02
4.644755270784062873e+02
4.616930565771473312e+02
4.588862457274634039e+02
4.560634588892705779e+02
4.532422961504931891e+02
4.504330041746688380e+02
4.476543782495034520e+02
4.449208664786231111e+02
4.422435790799082724e+02
4.396369584649005446e+02
4.371052730114506630e+02
4.346557582158479818e+02
4.322896262007254222e+02
4.300045225524205534e+02
4.277979170236318964e+02
4.256618635467169156e+02
4.235892538179581948e+02
4.215703901860904352e+02
4.195959746973182405e+02
4.176367562163937350e+02
4.156890251011094506e+02
4.137609152325549076e+02
4.118469576603004043e+02
4.099433939815234567e+02
4.080454728254245538e+02
4.061522353238450478e+02
4.042608405536564646e+02
4.023706613604536528e+02
4.004812240870157325e+02
3.985914870035451258e+02
3.967015869929958285e+02
3.948112040699492127e+02
3.929199652789316701e+02
3.910280540123079618e+02
3.891352678036167276e+02
3.872413897440949313e+02
3.853473509161611332e+02
3.834527773739634426e+02
3.815592724537659706e+02
3.796678066975370029e+02
3.777801872824274483e+02
3.758997860561470361e+02
3.740295205528845486e+02
3.721812964127003056e+02
3.703437818540440958e+02
3.685405956954090243e+02
3.667851126305569096e+02
3.650947822303614316e+02
3.634975826710351612e+02
3.620268676685320202e+02
3.607357432041626453e+02
3.596928460519099531e+02
3.589941650081150328e+02
3.587682960896798932e+02
3.591701965665162675e+02
3.603794469578436974e+02
3.625575311583543794e+02
3.658287906999648840e+02
3.701707559286519995e+02
3.754867652103953333e+02
3.815865860330962391e+02
3.882086480362333987e+02
3.950907661477967849e+02
4.018521928611472731e+02
4.081790926583061605e+02
4.138662275168685483e+02
4.188205061782972507e+02
4.228541363980697270e+02
4.260561737003506551e+02
4.283938746300743787e+02
4.298905746065784683e+02
4.305871705067573885e+02
4.306047986471629088e+02
4.300776520206900386e+02
4.291269806602920767e+02
4.278674807321942808e+02
4.263834219249501416e+02
4.247442069922079213e+02
4.229994877982661592e+02
4.211841229383652490e+02
4.193236562872720583e+02
4.174354814495378605e+02
4.155312935117324287e+02
4.136204985150204152e+02
4.117081891524713910e+02
4.098002249984856462e+02
4.078999403323716137e+02
4.060110842959317665e+02
4.041375937818023090e+02
4.022820925166051893e+02
4.004492563297320089e+02
3.986254625144256920e+02
3.968671104479024052e+02
3.951425946341228723e+02
3.934542248496645129e+02
3.918054930138870304e+02
3.901980949864390595e+02
3.886335465375422018e+02
3.871137639088233300e+02
3.856376996387156737e+02
3.842060561421727698e+02
3.828169000244049016e+02
3.814682737467705351e+02
3.801579065431253071e+02
3.788812514279092625e+02
3.776348311941853240e+02
3.764130247642050335e+02
3.752102637996034673e+02
3.740208515211435838e+02
3.728382871919546346e+02
3.716563287981541635e+02
3.704690428865491185e+02
3.692704775609195735e+02
3.680555444690207878e+02
3.668196904372584299e+02
3.655352834398335062e+02
3.642359122221807297e+02
3.629051776956224558e+02
3.615430166938210164e+02
3.601492927807220212e+02
3.587246103664796806e+02
3.572709179044268808e+02
3.557893441384596827e+02
3.542828382094047015e+02
3.527536215529692072e+02
3.512046359194770275e+02
3.496391154272250219e+02
3.480599391787004038e+02
3.464706989420504328e+02
3.448743803336855080e+02
3.432744328138657579e+02
3.416739404981373696e+02
3.400761500115835361e+02
3.384839476226011357e+02
3.369004262983955300e+02
3.353281893219593712e+02
3.337700541046810372e+02
3.322285259685330630e+02
3.307058192923992692e+02
3.291879937131383258e+02
3.277039248785455356e+02
3.262451373962581442e+02
3.248131516726913901e+02
3.234098350488039273e+02
3.220370346890155133e+02
3.206957112654002344e+02
3.193879655349092559e+02
3.181143080143518773e+02
3.168764450582698373e+02
3.156751230475469470e+02
3.145110147936462681e+02
3.133853939235683583e+02
3.122980645976184633e+02
3.112502699116737404e+02
3.102416930374840831e+02
3.092727444726784825e+02
3.083435612620406800e+02
3.074534570373314182e+02
3.066028289839651393e+02
3.057904126988358371e+02
3.050161884623309447e+02
3.042790366518982523e+02
3.035779483308003819e+02
3.029078158565516787e+02
3.022799166244120670e+02
3.016846479987100338e+02
3.011199897639200458e+02
3.005847270330648939e+02
3.000770667629453783e+02
2.995950617338095299e+02
2.991372006470102747e+02
2.987011421573002394e+02
2.982853726581690808e+02
2.978876176454298843e+02
2.975061085966020187e+02
2.971389344858203572e+02
2.967841046777614338e+02
2.964400594025068472e+02
2.961048520464477747e+02
2.957771486016733888e+02
2.954552811318953331e+02
2.951379891639232937e+02
2.948240505710994626e+02
2.945123210465434340e+02
2.942019686570265549e+02
2.938920526305677754e+02
2.935820461089564901e+02
2.932615426172870912e+02
2.929408444166929826e+02
2.926184397247365609e+02
2.922943723421407753e+02
2.919688387739627728e+02
2.916422067009277157e+02
2.913150975794118835e+02
2.909883861830070373e+02
2.906633345444582801e+02
2.903415449180814107e+02
2.900254086486868914e+02
2.897176938648609053e+02
2.894226323723416385e+02
2.891450809160883182e+02
2.888919350604707574e+02
2.886721193990674124e+02
2.884963594565232938e+02
2.883803638990385707e+02
2.883409483527030943e+02
2.884030795536447158e+02
2.885942933769420051e+02
2.889491195874560958e+02
2.895113560061384419e+02
2.903219951525238685e+02
2.914498793559043861e+02
2.929306119340143937e+02
2.948128007537127360e+02
2.971210225949785126e+02
2.998567591230362837e+02
3.029945232079778066e+02
3.064594372274106036e+02
3.101603984171030106e+02
3.139631012433424644e+02
3.177453570211778811e+02
3.213648688634935979e+02
3.247223406716956902e+02
3.277163868468510941e+02
3.302990835617448511e+02
3.324293414557486130e+02
3.341078992716984999e+02
3.353476171616203487e+02
3.361769109382839247e+02
3.366408492108956239e+02
3.367749816837272192e+02
3.366314778102093896e+02
3.362451672808347212e+02
3.356583937490601670e+02
3.349034762879668961e+02
3.340335222310278027e+02
3.329650206107010035e+02
3.318165250128374737e+02
3.306097354955976471e+02
3.293605449199858981e+02
3.280842679116244085e+02
3.267943396327701748e+02
3.255024710791796565e+02
3.242198917426686080e+02
3.229570870989064133e+02
3.217235502055748952e+02
3.205290566611268446e+02
3.193827147546014089e+02
3.182930355060231022e+02
3.172697834678024265e+02
3.163201607327212628e+02
3.154540383785759445e+02
3.146787486226018018e+02
3.140023997184666200e+02
3.134339401977483135e+02
3.129786295473056157e+02
3.126460660409555885e+02
3.124395458970178083e+02
3.123648881458111077e+02
3.124265053724345194e+02
3.126082024298693227e+02
3.129188820110384199e+02
3.133478198425646610e+02
3.138855510575001517e+02
3.145173695733866452e+02
3.152266442311971559e+02
3.159972683311506785e+02
3.168125212213088275e+02
3.176572080992009433e+02
3.185200024932940437e+02
3.193902897593587227e+02
3.202618895400130441e+02
3.211311482914856583e+02
3.219940939106010092e+02
3.228514758774334155e+02
3.237007669032980743e+02
3.245419510501223499e+02
3.253738264346860660e+02
3.261933814858180085e+02
3.269996134123244360e+02
3.277876484871817411e+02
3.285557818906663101e+02
3.292998396221507846e+02
3.299595174202237331e+02
3.305840041017149815e+02
3.311861277943553432e+02
3.317666036986945528e+02
3.323221662443739319e+02
3.328524234158445552e+02
3.333551815198201780e+02
3.338283875983689200e+02
3.342713732155484081e+02
3.346813969443368819e+02
3.350588390121960742e+02
3.354015959493736432e+02
3.357100679915544106e+02
3.359837829565169613e+02
3.362223873721641780e+02
3.364269404350168884e+02
3.365964806219141110e+02
3.367323709605664135e+02
3.368340889181508260e+02
3.369020829510724298e+02
3.369367956647921005e+02
3.369375849507271141e+02
3.369053049429801376e+02
3.368392314175727051e+02
3.366753777633317668e+02
3.364602348663747762e+02
3.362106046553844294e+02
3.359272239410485668e+02
3.356098492380763219e+02
3.352592202956356573e+02
3.348760215710439070e+02
3.344608500374923210e+02
3.340150914263031723e+02
3.335395252321669091e+02
3.330357816011540990e+02
3.325053605156872436e+02
3.319498372498766230e+02
3.313713636934898545e+02
3.307716423249635795e+02
3.301533685457924321e+02
3.295190326835658539e+02
3.288720717540336977e+02
3.282165809908105985e+02
3.275578864075116599e+02
3.269037266276071136e+02
3.262638743246711215e+02
3.256547859508223155e+02
3.250963479837306522e+02
3.245598271829467762e+02
3.241498114359312694e+02
3.239239313016042274e+02
3.239691656548174024e+02
3.243716743101259112e+02
3.252553128433299321e+02
3.267086585217332413e+02
3.288131215985601443e+02
3.316023184527669514e+02
3.351069809025363497e+02
3.393939962723033545e+02
3.446362177270802931e+02
3.510025186495056460e+02
3.584809289667673511e+02
3.667851633216764640e+02
3.753677094909677976e+02
3.837935650672130805e+02
3.917496565952089327e+02
3.989696835332334786e+02
4.051995407495054451e+02
4.102824794858789232e+02
4.141525514977745388e+02
4.169238609835196030e+02
4.187961341249086900e+02
4.200156098417977546e+02
4.214004030157938132e+02
4.228351027871910901e+02
4.247737719991429799e+02
4.279093285234100108e+02
4.328417396992222734e+02
4.397989165555367777e+02
4.479915073996046431e+02
4.560945577028185198e+02
4.631671612359722872e+02
4.691675341719811740e+02
4.741493713387862954e+02
4.781749021361479208e+02
4.811764186324242019e+02
4.831625334141616577e+02
4.843203589838229277e+02
4.847714682177460759e+02
4.846143716425994512e+02
4.839204464431683164e+02
4.827361609647893488e+02
4.811290283054435690e+02
4.791745389122294796e+02
4.769287663975057967e+02
4.744715384873522339e+02
4.718106236220301639e+02
4.690729877830610235e+02
4.662866231275029349e+02
4.634974382199033585e+02
4.607570399190487365e+02
4.581006236993427478e+02
4.555689264533771166e+02
4.531928920118279507e+02
4.509964115174281574e+02
4.490034036173399841e+02
4.472226502909708756e+02
4.456600185880172376e+02
4.443099646969911873e+02
4.431536086819530738e+02
4.421659652373846825e+02
4.413078117956524693e+02
4.405359300732762904e+02
4.398063473906543663e+02
4.390730631571358344e+02
4.382998047665518015e+02
4.374561966643872211e+02
4.365175200911644424e+02
4.354728762787688652e+02
4.343117462030564866e+02
4.331145035454240428e+02
4.318349596831976669e+02
4.304525826379394857e+02
4.289822828266571833e+02
4.274428968851217405e+02
4.258556842581065212e+02
4.242491678641970907e+02
4.226574278326202148e+02
4.211317232967047062e+02
4.197421814071010999e+02
4.185951707548901481e+02
4.178234850671934737e+02
4.175397470784924963e+02
4.178075657945228158e+02
4.187035460212464955e+02
4.205319506981555264e+02
4.238734291018073463e+02
4.291614079772370474e+02
4.363181566266522964e+02
4.444902351767664186e+02
4.523959075556203402e+02
4.590369575474969110e+02
4.641759913845729670e+02
4.680671928793655638e+02
4.714333949219602573e+02
4.747066474815212587e+02
4.778051003336669282e+02
4.806735814883064677e+02
4.831406139793909915e+02
4.850471020330255669e+02
4.863921617523787972e+02
4.872564781148771544e+02
4.877600956754920958e+02
4.880067981603285716e+02
4.880070127939846998e+02
4.877451093876895811e+02
4.871489320100968143e+02
4.861935285703771683e+02
4.848546133992485920e+02
4.831804193626309143e+02
4.812207423052715853e+02
4.790369527713547768e+02
4.766937970551319950e+02
4.742334795777201748e+02
4.717019145201572314e+02
4.691266830036664146e+02
4.665310329070425155e+02
4.639328683014892931e+02
4.613421461000184536e+02
4.588224230254523377e+02
4.563241627392287683e+02
4.538520200307256687e+02
4.514093437482258082e+02
4.489979871456551450e+02
4.466192856304768952e+02
4.442743354171389001e+02
4.419633754825674146e+02
4.396871822935392515e+02
4.374459210880315254e+02
4.352399291683283877e+02
4.330699048310521562e+02
4.309358436188079509e+02
4.288388754550451267e+02
4.267790928623385867e+02
4.247574921867336002e+02
4.227747699279577773e+02
4.208313095882426182e+02
4.189284892870123826e+02
4.170662132450087256e+02
4.152458681763559980e+02
4.134676030802800710e+02
4.117318672739518775e+02
4.100299399167505499e+02
4.084251518706283832e+02
4.068607349032706111e+02
4.053355557023350570e+02
4.038489807722984324e+02
4.024000165182093269e+02
4.009861545268470877e+02
3.996060885687516020e+02
3.982563155608283978e+02
3.969339905086873728e+02
3.956358574469371092e+02
3.943573753231209480e+02
3.930954850190030925e+02
3.918453649158032590e+02
3.906031840044504406e+02
3.893653365650607725e+02
3.881271792924120518e+02
3.868861854262652287e+02
3.856384454525905312e+02
3.843812336022228919e+02
3.831125637189734334e+02
3.818295356222774899e+02
3.805314978072954091e+02
3.792166464704516784e+02
3.778322551306065407e+02
3.764495926383306710e+02
3.750442946370257573e+02
3.736207379761828520e+02
3.721890126830150507e+02
3.707933485790461532e+02
3.696370931959204427e+02
3.695967384952501789e+02
3.742376968453004338e+02
3.919071974366116820e+02
4.553257390740799906e+02
5.873183892062857012e+02
6.658632908335326874e+02
6.861205911769475279e+02
7.151969848601625017e+02
8.197989969536462240e+02
9.019978883952392152e+02
9.265751622913082883e+02
9.508084819274655501e+02
9.603707108909130739e+02
9.637723170374881647e+02
9.645237320476751393e+02
9.632212221865974016e+02
9.603779946381912396e+02
9.564079621953194419e+02
9.519759937571191131e+02
9.471926543403666301e+02
9.423128815684220854e+02
9.375492752487512007e+02
9.330570085804077962e+02
9.289645701234388753e+02
9.253811193457651143e+02
9.223714353668264039e+02
9.199917841145378361e+02
9.182240438059667440e+02
9.169974278275361712e+02
9.161427074809372471e+02
9.154172041549279584e+02
9.145083295074166472e+02
9.131267559274726864e+02
9.110054450515044664e+02
9.079947546004335663e+02
9.040430173236402425e+02
8.991806721013980450e+02
8.935281790705914773e+02
8.872278397881287901e+02
8.804505390706254957e+02
8.733705519023584429e+02
8.662379799719631137e+02
8.592968235725954855e+02
8.525382340144259388e+02
8.460718464406805879e+02
8.399998088156163476e+02
8.344093774668725700e+02
8.293934276106175503e+02
8.250755103559313284e+02
8.216219958206258980e+02
8.190920714809716401e+02
8.173610111241230243e+02
8.160177815829549672e+02
8.148453778312309623e+02
8.139314606576041342e+02
8.134974156090946735e+02
8.133485042252117410e+02
8.130011205099124254e+02
8.119615498429617446e+02
8.099793368213272515e+02
8.069420715518842826e+02
8.028313347642787221e+02
7.977138593529277841e+02
7.918316434206558370e+02
7.855656501727618206e+02
7.794939254993086024e+02
7.740902495470542135e+02
7.696440167968478363e+02
7.664293914645361383e+02
7.644218365138544868e+02
7.633929763515344575e+02
7.633233332198174139e+02
7.647326345703147581e+02
7.687131347627087052e+02
7.772325703968053858e+02
7.914045442039096088e+02
8.098457282150337733e+02
8.283913798415742349e+02
8.427397373044029791e+02
8.507332143892846261e+02
8.527624682098327185e+02
8.503075310813061378e+02
8.450038826333519637e+02
8.381356460601474510e+02
8.304699366761221881e+02
8.225451028645549059e+02
8.147127136792661304e+02
8.072249521935024177e+02
8.002819965213130899e+02
7.939438734866647565e+02
7.887158705786036990e+02
7.845191502070181286e+02
7.816144760895169838e+02
7.802598675899131422e+02
7.804943508797168761e+02
7.820420242940350590e+02
7.842043628230774175e+02
7.859195857731947399e+02
7.864569381954831897e+02
7.857813060562056080e+02
7.839523851339442899e+02
7.795139236055612173e+02
7.748420731995729511e+02
7.691573216305714595e+02
7.628576739419359001e+02
7.562956311801768834e+02
7.496134875403502065e+02
7.427080015956317993e+02
7.354088715315073159e+02
7.275289380264152896e+02
7.190310614772156441e+02
7.100492169311472708e+02
7.007374095521266781e+02
6.912533120586526820e+02
6.816592117272663245e+02
6.720683775434482641e+02
6.625452877437534198e+02
6.531401109578335991e+02
6.438873026376018061e+02
6.348101892100842178e+02
6.259285342882768646e+02
6.172493867238923713e+02
6.087826156333852623e+02
6.005297002018202193e+02
5.924910970588772443e+02
5.846685306804232596e+02
5.770561370857893735e+02
5.696551675976938895e+02
5.624590939795164104e+02
5.554655797880462842e+02
5.486712794120732042e+02
5.420697690238130235e+02
5.356603019999569142e+02
5.294353740447739938e+02
5.233937226046789419e+02
5.175303236589536482e+02
5.118410130142277126e+02
5.063422661523779311e+02
5.009809995320807161e+02
4.957861479584961444e+02
4.907519717672875004e+02
4.858762186541169399e+02
4.811558408860513509e+02
4.765859390806995179e+02
4.721656525081102131e+02
4.678890418598296606e+02
4.637549650304069928e+02
4.597588548540071542e+02
4.558971489493405329e+02
4.521675264880212808e+02
4.485642765235466527e+02
4.450857145342516219e+02
4.417262432937946528e+02
4.384825287813189334e+02
4.353506275704501718e+02
4.323247848489249918e+02
4.294023493665437741e+02
4.265767385158756042e+02
4.238445896486808238e+02
4.212005918984343680e+02
4.186392150427517436e+02
4.161636806861277478e+02
4.137519453980174262e+02
4.114098751483288652e+02
4.091317803926249894e+02
4.069130959311263496e+02
4.047503195923562203e+02
4.026377009315943383e+02
4.005728218807528833e+02
3.985505689181944717e+02
3.965681589825742321e+02
3.946226933389642113e+02
3.927118191092487791e+02
3.908350693077753704e+02
3.889923333222395740e+02
3.871866062236444463e+02
3.854220688114800737e+02
3.837084156580929744e+02
3.820572164046093917e+02
3.804884870201923945e+02
3.790318691128863975e+02
3.777274867077900353e+02
3.766493755617642591e+02
3.759001372884192165e+02
3.756663298400108602e+02
3.762849038837493936e+02
3.786250082430824477e+02
3.832652049217430772e+02
3.910215964305479588e+02
4.022972352151650739e+02
4.158357379075725362e+02
4.295433890934514807e+02
4.420364000680830259e+02
4.537402484823132909e+02
4.653606476134487480e+02
4.772967349979662686e+02
4.891250278693879068e+02
5.000028185689392330e+02
5.092458449916238692e+02
5.166668056557685986e+02
5.225633632587727107e+02
5.272529830014697154e+02
5.310789077826960920e+02
5.340960958757312937e+02
5.362597258412448582e+02
5.374872350028196024e+02
5.377732058011721392e+02
5.371797072293568363e+02
5.358788424655145946e+02
5.339185767592961156e+02
5.315678913341004090e+02
5.290240596623565352e+02
5.263576148763077072e+02
5.236203505007368904e+02
5.208464499668564258e+02
5.180628180917892678e+02
5.152909839582235918e+02
5.125471924585534680e+02
5.098475885294674299e+02
5.072074424116533464e+02
5.046399659740534958e+02
5.021633705014559723e+02
4.997903493117375433e+02
4.975403584457781108e+02
4.954285467881422846e+02
4.934720236719543323e+02
4.916895027257808692e+02
4.900976796423295241e+02
4.887227351051107576e+02
4.876005259019106006e+02
4.867980136278741838e+02
4.863990130665640095e+02
4.865427483388428982e+02
4.872444545727515219e+02
4.887591293168371180e+02
4.904972437995683094e+02
4.920307517164151250e+02
4.930199669805209055e+02
4.933725902155154017e+02
4.931354191679239420e+02
4.924851598776944002e+02
4.915700394438075023e+02
4.905246455473887863e+02
4.894285825737956088e+02
4.883209857972212831e+02
4.872062767073401801e+02
4.860592544801733652e+02
4.848428048753622193e+02
4.835258741287237854e+02
4.820774641010200980e+02
4.804872144618744301e+02
4.787528587548851533e+02
4.768743776867618749e+02
4.748692307263467001e+02
4.727443219208851133e+02
4.705171183010296545e+02
4.682025297494558345e+02
4.657423994388485653e+02
4.633219229552754541e+02
4.608400985406305495e+02
4.583099550859835176e+02
4.557440292330338707e+02
4.531495992331542197e+02
4.505376609970289223e+02
4.479150485691239965e+02
4.452881566128036184e+02
4.426644969299077275e+02
4.400473543171801225e+02
4.374425747096381087e+02
4.348535423768447572e+02
4.322829727559756066e+02
4.297346990974322125e+02
4.272095245167961934e+02
4.247101691108705381e+02
4.222375495286128171e+02
4.197923223285558265e+02
4.173758188048146849e+02
4.149876015950404167e+02
4.126284837976064068e+02
4.102981991242223216e+02
4.079964882221109974e+02
4.056800157090269749e+02
4.034551560986454888e+02
4.012514470810207854e+02
3.990686386995215003e+02
3.969067811030337793e+02
3.947660735237374183e+02
3.926462329509376445e+02
3.905476022717560909e+02
3.884699722256397081e+02
3.864135682514958603e+02
3.843784133447774138e+02
3.823644751860551878e+02
3.803719499917328903e+02
3.784006285475382469e+02
3.764508890701877135e+02
3.745224478021182790e+02
3.726157237500630686e+02
3.707305803487063827e+02
3.688671742446460939e+02
3.670258608433683207e+02
3.652064107750862831e+02
3.634096387804640926e+02
3.616352507957974467e+02
3.598839923856511405e+02
3.581158683180959201e+02
3.563905756005089529e+02
3.546873859258778907e+02
3.530063651626064143e+02
3.513489262498526386e+02
3.497153573308377759e+02
3.481063838846365002e+02
3.465229344891261007e+02
3.449650035227626290e+02
3.434337340605039799e+02
3.419290481889850639e+02
3.404515340325801844e+02
3.390015688531224214e+02
3.375790018642501877e+02
3.361844507159635214e+02
3.348175695954353728e+02
3.334786091647574722e+02
3.321675567269708154e+02
3.308840449924766176e+02
3.296283190479184668e+02
3.283997878288030847e+02
3.271984989779782609e+02
3.260241758406219219e+02
3.248763637204200450e+02
3.237348659474010333e+02
3.226380337807103729e+02
3.215671843219545281e+02
3.205218842309042770e+02
3.195018821580129611e+02
3.185071514425731039e+02
3.175370327330102214e+02
3.165917226725011915e+02
3.156705505063382020e+02
3.147735383542612340e+02
3.139004700617555841e+02
3.130509642878084264e+02
3.122253544045487388e+02
3.114231442598685362e+02
3.106449205552823969e+02
3.098907137455003067e+02
3.091609514455643648e+02
3.084566507217762705e+02
3.077781631691219104e+02
3.071272792637572024e+02
3.065049955183523593e+02
3.059131849638440031e+02
3.053542925627065756e+02
3.048297786362625743e+02
3.043329970526310717e+02
3.038787574697997798e+02
3.034664806107512049e+02
3.030986344478880028e+02
3.027771056684110249e+02
3.025049939750054477e+02
3.022823897585562918e+02
3.021120231720596507e+02
3.019927341002431262e+02
3.019254912574743912e+02
3.019088742090508504e+02
3.019411128225162315e+02
3.020212381575605036e+02
3.021442938026218030e+02
3.023090249163287240e+02
3.025078264730217938e+02
3.027369017189820966e+02
3.029877069679068882e+02
3.032523715399798903e+02
3.035220004473032418e+02
3.037858514402935270e+02
3.040352539607407607e+02
3.042590731080971409e+02
3.044505336365699009e+02
3.045968277278574874e+02
3.046795251319409203e+02
3.047097572302978961e+02
3.046874799354984589e+02
3.046131921921509615e+02
3.044884908831485859e+02
3.043184677066708446e+02
3.041059617239508270e+02
3.038583579832779833e+02
3.035801193286263810e+02
3.032787070783690524e+02
3.029599794817953011e+02
3.026305258005821770e+02
3.022968276494609654e+02
3.019643558184783387e+02
3.016395227298752388e+02
3.013266578760408834e+02
3.010314942663516149e+02
3.007574228850677969e+02
3.005088973204450440e+02
3.002886293106767539e+02
3.000994079327548434e+02
2.999434669603642192e+02
2.998218341358125940e+02
2.997412484657723439e+02
2.996881195812945862e+02
2.996713338521533956e+02
2.996894460155430693e+02
2.997419901408685519e+02
2.998271547415946543e+02
2.999430333083126925e+02
3.000880832031682530e+02
3.002590569372086975e+02
3.004544148021185492e+02
3.006704857187751827e+02
3.009049837280986708e+02
3.011548233055453352e+02
3.014168374487347251e+02
3.016886211787960974e+02
3.019666131073838642e+02
3.022484218941360723e+02
3.025310317680684875e+02
3.028120562574343353e+02
3.030890341451566883e+02
3.033597986313636170e+02
3.036222997145986824e+02
3.038749010769934671e+02
3.041160785898021004e+02
3.043554524482708530e+02
3.045941501048207556e+02
3.048182387358422147e+02
3.050274114920741226e+02
3.052208347844991749e+02
3.053983010320557696e+02
3.055598268021058175e+02
3.057050521018839504e+02
3.058346312102586353e+02
3.059484199048229698e+02
3.060470776780283018e+02
3.061309481703676738e+02
3.062004270573750659e+02
3.062563641993917258e+02
3.062990094852984839e+02
3.063292802558376025e+02
3.063475614588890608e+02
3.063545325690378718e+02
3.063508491784284615e+02
3.063369093317743364e+02
3.063134599408225540e+02
3.062808192960659426e+02
3.062395576340470029e+02
3.061900164612758886e+02
3.061329685218009331e+02
3.060714112937089908e+02
3.060027468165555433e+02
3.059273180075342111e+02
3.058451934865488511e+02
3.057565182750127519e+02
3.056613892623013840e+02
3.055597293609603753e+02
3.054516225160786007e+02
3.053368979155528677e+02
3.052155215538738275e+02
3.050873699292081369e+02
3.049522445508264923e+02
3.048101315401871148e+02
3.046607432015151744e+02
3.045040662551190280e+02
3.043398646944298775e+02
3.041680405027797747e+02
3.039885509625510736e+02
3.038012095654030986e+02
3.036061419856974908e+02
3.034032848736368351e+02
3.031928588061837218e+02
3.029752104068955987e+02
3.027534760064888246e+02
3.025193124932870887e+02
3.022811015573572604e+02
3.020414813008270016e+02
3.018046752237557939e+02
3.015771529182483732e+02
3.013696528001394768e+02
3.011997210202998758e+02
3.010952177001783525e+02
3.011054270589212933e+02
3.013101939811384682e+02
3.018526103900193220e+02
3.029630112043606118e+02
3.050009254357185569e+02
3.084514042952012574e+02
3.138469120471463611e+02
3.219618270641566369e+02
3.336060131042836474e+02
3.489460295316652605e+02
3.661969510791701623e+02
3.828329034992638071e+02
3.977292870184026583e+02
4.113272751059848815e+02
4.246136979441321273e+02
4.389566025055230511e+02
4.562303401939945502e+02
4.755823074375868487e+02
4.943937903525472279e+02
5.111840806660231920e+02
5.258405609505808798e+02
5.374395424738974043e+02
5.447936654840644906e+02
5.478374605676788178e+02
5.473710474710155722e+02
5.445343224166759910e+02
5.403243156676187482e+02
5.353179574882170755e+02
5.299010555137979281e+02
5.242798912069206381e+02
5.185745804294272148e+02
5.128647059828859938e+02
5.071941783052169512e+02
5.015924381700363597e+02
4.960801859300623278e+02
4.906669089417164287e+02
4.853625297188450531e+02
4.801707876172779947e+02
4.750942188750533433e+02
4.701613642598417186e+02
4.653374866153788503e+02
4.606374734908217761e+02
4.560592175318494128e+02
4.516027530465997870e+02
4.472681341690974364e+02
4.430537929674025008e+02
4.389620612903843835e+02
4.349917283811417406e+02
4.311460307237722418e+02
4.274269554373773303e+02
4.238380716692215628e+02
4.203874742651536280e+02
4.170844002867983704e+02
4.139569433143428796e+02
4.110760568524851237e+02
4.086666103973720965e+02
4.075273451692380036e+02
4.100336782712888635e+02
4.210374027006143933e+02
4.423213272604346571e+02
4.692247868594914166e+02
5.022190101629650485e+02
5.502935016778012596e+02
6.067874694262303592e+02
6.603758593248132911e+02
7.002242561692409026e+02
7.192989310994918242e+02
7.236515674443356829e+02
7.225044524937126198e+02
7.198865426902575564e+02
7.167263063238934819e+02
7.132409533793723995e+02
7.094866894657246803e+02
7.054811426549421185e+02
7.012501465018799536e+02
6.967948540721752124e+02
6.921232656385283235e+02
6.872191186956538331e+02
6.820948127718628484e+02
6.767931375756638772e+02
6.713384080141956929e+02
6.657800581547701313e+02
6.601551406231568535e+02
6.544957476727533958e+02
6.488378638039249608e+02
6.432010730366805547e+02
6.376072798752254585e+02
6.322071330051138602e+02
6.270167373028465363e+02
6.219020913634980161e+02
6.168713021340445266e+02
6.119338879788489294e+02
6.071016696591619848e+02
6.023777286143640595e+02
5.977727368102808896e+02
5.932859576528704793e+02
5.889208895062803322e+02
5.846760958633707332e+02
5.805467674051093354e+02
5.765294138670076336e+02
5.726136844748590420e+02
5.687915975602828667e+02
5.650511879732403031e+02
5.613807599014438665e+02
5.577685584361349811e+02
5.542036164446554949e+02
5.506750707630413899e+02
5.471762231002616090e+02
5.437007164357918327e+02
5.402455710960614397e+02
5.368110224413308060e+02
5.334336991676626667e+02
5.300993592318375249e+02
5.267830254328272304e+02
5.234920269089793692e+02
5.202330812860686819e+02
5.170115225846215026e+02
5.138334450321892746e+02
5.107020749473394972e+02
5.076203832573412456e+02
5.045898715316947687e+02
5.016095105702651153e+02
4.986778652603550199e+02
4.957917154079604529e+02
4.929469892181859905e+02
4.901397094827910337e+02
4.873645756532436621e+02
4.846175062017187543e+02
4.818939821291100429e+02
4.791908477600065908e+02
4.765055193542219740e+02
4.738364464581168818e+02
4.711834165531760164e+02
4.685467552626923293e+02
4.659282528394051610e+02
4.633310086516756314e+02
4.607679604786563914e+02
4.582293284021797035e+02
4.557187143434811674e+02
4.532402950469405596e+02
4.507978193157394458e+02
4.483943837610477203e+02
4.460336029977332259e+02
4.437171360779940414e+02
4.414474497005330136e+02
4.392253338507941862e+02
4.370510564858856242e+02
4.349248581178067639e+02
4.328449225424528777e+02
4.308104214014152262e+02
4.288184975467163440e+02
4.268666458234314973e+02
4.249517476952242987e+02
4.230699175776571792e+02
4.212178441258421344e+02
4.193911728827587240e+02
4.175864379419876400e+02
4.157995227599224677e+02
4.140270133136345976e+02
4.122641447367464025e+02
4.104692612844125961e+02
4.086794635142256880e+02
4.068924484905180066e+02
4.051068729130132056e+02
4.033211754747256350e+02
4.015348187957529831e+02
3.997472799547290947e+02
3.979584980716130644e+02
3.961690401084305790e+02
3.943792041206314707e+02
3.925901411511118226e+02
3.908027889682704767e+02
3.890183868277777606e+02
3.872384322060074737e+02
3.854640974107230136e+02
3.836970016136910999e+02
3.819384619616601526e+02
3.801898030969911133e+02
3.784524649409259496e+02
3.767273611227469701e+02
3.750158281443212331e+02
3.733185807227517898e+02
3.716365379106086380e+02
3.699720508019877343e+02
3.683113267343486541e+02
3.666678797139496169e+02
3.650417210379317794e+02
3.634331425797477664e+02
3.618420948222054108e+02
3.602684356680990163e+02
3.587121620562727458e+02
3.571728419140163737e+02
3.556504172111003754e+02
3.541444304667655274e+02
3.526545384978834363e+02
3.511804660230109789e+02
3.497216447109796604e+02
3.482778710633072592e+02
3.468486472877833648e+02
3.454336984782045761e+02
3.440327979893153270e+02
3.426456133752352571e+02
3.412722307439659630e+02
3.399125666636610390e+02
3.385669993746302566e+02
3.372360434325891561e+02
3.359204122000522830e+02
3.346196512427541165e+02
3.333066088768349005e+02
3.320161584801459185e+02
3.307517364877774071e+02
3.295186514239288158e+02
3.283244878555818786e+02
3.271795833288701942e+02
3.261016260231170918e+02
3.251162259924217892e+02
3.242734551520245532e+02
3.236774004590383811e+02
3.236051549244489820e+02
3.249599931427943034e+02
3.303710229990525136e+02
3.454094730427051445e+02
3.683732554318856387e+02
3.858558031663142174e+02
3.991907176040030549e+02
4.207099643452587543e+02
4.615796707493522604e+02
5.137943595010018498e+02
5.599151896493054892e+02
5.911545325420659083e+02
6.077740449296583165e+02
6.166258637867737207e+02
6.207788590203028889e+02
6.213035133415577320e+02
6.204379653097392975e+02
6.194463490652647124e+02
6.186951937717838064e+02
6.179070807750429140e+02
6.167358738941221645e+02
6.152011503396779517e+02
6.136170125474470751e+02
6.124270025304199407e+02
6.118316947854625596e+02
6.118178699340858202e+02
6.124169236186859280e+02
6.136793070540443296e+02
6.154162585786975797e+02
6.172647262898780127e+02
6.187141483356602976e+02
6.194445996753419195e+02
6.192798684117000221e+02
6.182571215559853499e+02
6.164629537937480563e+02
6.141017114516567972e+02
6.113341721192914520e+02
6.084907611602457109e+02
6.056226249291756858e+02
6.030016278891314414e+02
6.008390020602819277e+02
5.992485725161784558e+02
5.982238077107822392e+02
5.978380808971218130e+02
5.982757548299588279e+02
5.996946096534574053e+02
6.020274834181211645e+02
6.049257036870965294e+02
6.080199714343036703e+02
6.109169942781029476e+02
6.131462758196438472e+02
6.143964606460972391e+02
6.146182679083285620e+02
6.138306757394176429e+02
6.115719521236064793e+02
6.082364247751703488e+02
6.049221680295946726e+02
6.011472637335792797e+02
5.969928581407897354e+02
5.925440327906952689e+02
5.878571857911450707e+02
5.829630498482905523e+02
5.779695548917961787e+02
5.728315789048801889e+02
5.675815336140448153e+02
5.622507138053545077e+02
5.568603604750722980e+02
5.514380825956603758e+02
5.460007588816944235e+02
5.405660573122147525e+02
5.351497000058615185e+02
5.297597214404662509e+02
5.244078381395580664e+02
5.190994337172560336e+02
5.138401358643991443e+02
5.086367699972162768e+02
5.034906073741673254e+02
4.984083219595100331e+02
4.933919049663755345e+02
4.884450019046628881e+02
4.835725675374317802e+02
4.787754384253269109e+02
4.740595336398125141e+02
4.694259466340911899e+02
4.648785604042417390e+02
4.604504886931082410e+02
4.561129705559129661e+02
4.518737697395279724e+02
4.477341638789826561e+02
4.437000452550853424e+02
4.397773470690336239e+02
4.359720034550151126e+02
4.322969214761880608e+02
4.287629397816958772e+02
4.253912060797311483e+02
4.222080037495796319e+02
4.192463726214652979e+02
4.165599716370892907e+02
4.142061957377044337e+02
4.122694699880148050e+02
4.108397690790502566e+02
4.100056585381409491e+02
4.098532938409621806e+02
4.104088734500757596e+02
4.116931987953855696e+02
4.136584284192455812e+02
4.162762325302122690e+02
4.194302066342058311e+02
4.229849704661484111e+02
4.267158279246322650e+02
4.303576909449130881e+02
4.337228466664885786e+02
4.366701421108278396e+02
4.391245316894671191e+02
4.410681167491664496e+02
4.425122904106369219e+02
4.434581815600366212e+02
4.439310736634046748e+02
4.439383935857260326e+02
4.435171553873307744e+02
4.427028649955026367e+02
4.415423462752207797e+02
4.400929390521034179e+02
4.384045612798436764e+02
4.365321023639267537e+02
4.345186730369827615e+02
4.324050747142207456e+02
4.302231111934706860e+02
4.279980396307622073e+02
4.257500741755478657e+02
4.234943194296012052e+02
4.212426073870971095e+02
4.190039206473316540e+02
4.167799772020962905e+02
4.146002756600075259e+02
4.124510911544597889e+02
4.103356595028240577e+02
4.082582657695519970e+02
4.062218980420149137e+02
4.042302484284616071e+02
4.022872409058829248e+02
4.003955572213141636e+02
3.985601346023413498e+02
3.967829341610934648e+02
3.950678870260356916e+02
3.934171180044412495e+02
3.918315811539678180e+02
3.903129779490778333e+02
3.888593038634115260e+02
3.874698205073318036e+02
3.861408999068953563e+02
3.848678030907207699e+02
3.836459646478953687e+02
3.824685740041401800e+02
3.813295463731088830e+02
3.802231429906271387e+02
3.791442509801167944e+02
3.781136695830928147e+02
3.771472936137675447e+02
3.763289155597452691e+02
3.760287159122372032e+02
3.777717156569464123e+02
3.859541334435410818e+02
4.091542297144017652e+02
4.431752503405978700e+02
4.662250452585688549e+02
4.754880820022015655e+02
4.806768839163149778e+02
4.836751623822909210e+02
4.851634123655372264e+02
4.862927173526749129e+02
4.878744456303461448e+02
4.904543966479558890e+02
4.946215311625155664e+02
5.006678866814594926e+02
5.080682729415311769e+02
5.157393028198523552e+02
5.227780546616058928e+02
5.288172483971565043e+02
5.340218498692325966e+02
5.386745621803607946e+02
5.427562731308430557e+02
5.470382175916085998e+02
5.512009225219819655e+02
5.551593136785398883e+02
5.586224783556081093e+02
5.611767025686299348e+02
5.625872800433255634e+02
5.628619469517215066e+02
5.622038080104550772e+02
5.608711285909703292e+02
5.590470254508352355e+02
5.568901970869970910e+02
5.544899653633023036e+02
5.519208743595862643e+02
5.492282788785196317e+02
5.464444711848083216e+02
5.435966908025375233e+02
5.406999054009560268e+02
5.377708183369519475e+02
5.348186279288842115e+02
5.318526506797054481e+02
5.288792583140265151e+02
5.259037951190136937e+02
5.229299384595409492e+02
5.198538182298223091e+02
5.169244641818135051e+02
5.139939185510866082e+02
5.110660978626858082e+02
5.081423538669412778e+02
5.052277706236898212e+02
5.023234064119324103e+02
4.994344576295167712e+02
4.965638020938985733e+02
4.937142855041674352e+02
4.908904412031076845e+02
4.880918566785863959e+02
4.853216415769707055e+02
4.825765027197101631e+02
4.798551568341537177e+02
4.771539363653983514e+02
4.744677797345351564e+02
4.717955312156254308e+02
4.691315023779414446e+02
4.664768983021650683e+02
4.638292548348097171e+02
4.611895412149224285e+02
4.585595326446309059e+02
4.559388453409853241e+02
4.532396767888023987e+02
4.507281018604101632e+02
4.482239117656866938e+02
4.457266125826024563e+02
4.432372500172073160e+02
4.407569914009873173e+02
4.382857883737976294e+02
4.358258843700566558e+02
4.333768235502321886e+02
4.309408231061773904e+02
4.285179861615163759e+02
4.261097737674744508e+02
4.237173967438652085e+02
4.213412737520164342e+02
4.189837238784523947e+02
4.166446474995277072e+02
4.143263892110185793e+02
4.120295242091642081e+02
4.097554005214804533e+02
4.075059222203186664e+02
4.052812170830105174e+02
4.030838997025745698e+02
4.009139374626869312e+02
3.987733080750570025e+02
3.965864898563776819e+02
3.945275575849721008e+02
3.924959758005435901e+02
3.904919700304432695e+02
3.885182011636983361e+02
3.865751130449696689e+02
3.846640521531269883e+02
3.827864274864850245e+02
3.809420618230025752e+02
3.791328945777128752e+02
3.773582986030792199e+02
3.756193490890893827e+02
3.739162322303890278e+02
3.722484045977855089e+02
3.706170079727939424e+02
3.690204752210570405e+02
3.674598277442846666e+02
3.659338744209115930e+02
3.644421541720287792e+02
3.629846391508608576e+02
3.615595284714838158e+02
3.601672414224492513e+02
3.588058416342589680e+02
3.574747589775513461e+02
3.561545383240448928e+02
3.549625370125228869e+02
3.537930875495490000e+02
3.526438979675033920e+02
3.515141197422743176e+02
3.504022015396238885e+02
3.493063692218181018e+02
3.482258361291193864e+02
3.471584293297298700e+02
3.461031142634068374e+02
3.450582685970057355e+02
3.440222561042719462e+02
3.429940617869139032e+02
3.419718385138830854e+02
3.409546059988197158e+02
3.399409444376515239e+02
3.389297370906325000e+02
3.379200761829715134e+02
3.369109939682463732e+02
3.359018545973462437e+02
3.348921312644211525e+02
3.338815274896957703e+02
3.328699767150237108e+02
3.318577743402765350e+02
3.308277225370654264e+02
3.298285309807378098e+02
3.288277382014852037e+02
3.278272085920971790e+02
3.268295619620372463e+02
3.258372858679576893e+02
3.248536890739378009e+02
3.238825009737454934e+02
3.229276277870556555e+02
3.219945795967301478e+02
3.210884337454517095e+02
3.202164275898223877e+02
3.193865054724337824e+02
3.186077670744583656e+02
3.178931920052847886e+02
3.172561660052577963e+02
3.167172750136285799e+02
3.163009220883266721e+02
3.160398640192073003e+02
3.159820730383559066e+02
3.161854653313718586e+02
3.167406791768309517e+02
3.177591003120310233e+02
3.193972688489632219e+02
3.218398974814943472e+02
3.254498010909877621e+02
3.303267479764322161e+02
3.365513046503978103e+02
3.440701721999320739e+02
3.526061044087921346e+02
3.617071960001198931e+02
3.708878053005673223e+02
3.795795127846998298e+02
3.872916598685043823e+02
3.937408256451537909e+02
3.988539011436507735e+02
4.027329147918843546e+02
4.056144683900578229e+02
4.076736304778490307e+02
4.091157317353321332e+02
4.100424370276014656e+02
4.105272267664648780e+02
4.106111790997275079e+02
4.103133595504606319e+02
4.096656835944108366e+02
4.087099416774817655e+02
4.074913252784474480e+02
4.060659339420694209e+02
4.044541314118507103e+02
4.027355195425455463e+02
4.009418494271902773e+02
3.990977906170384699e+02
3.972257069751785821e+02
3.953399636925340701e+02
3.934535542150081824e+02
3.915758060859473630e+02
3.897129230555495951e+02
3.878708902770183613e+02
3.860525238138057489e+02
3.842606062479482603e+02
3.824967165536760945e+02
3.807611727798557126e+02
3.790548157519752976e+02
3.773769185127143260e+02
3.757272688275781434e+02
3.741052093652735380e+02
3.725095851883875184e+02
3.709399731270550546e+02
3.693951052615273625e+02
3.678744874717446578e+02
3.663774481429932166e+02
3.649033826161394813e+02
3.634362116059776895e+02
3.620097931489156622e+02
3.606061584946412495e+02
3.592261345491386919e+02
3.578715043332963432e+02
3.565447912450171088e+02
3.552489914413246765e+02
3.539893538489138791e+02
3.527718467550515697e+02
3.516061938084735061e+02
3.505052533476020358e+02
3.494877115609317002e+02
3.485781634528419204e+02
3.478094726740029046e+02
3.472141751161055936e+02
3.468218386317113868e+02
3.466420177997337078e+02
3.466700904177066604e+02
3.469209695986417614e+02
3.474695630240441915e+02
3.484345507177129093e+02
3.499758349746631438e+02
3.522253213661376776e+02
3.552750625353811529e+02
3.593493569079616918e+02
3.642710766686901138e+02
3.698188253088857209e+02
3.757702466357839057e+02
3.818360048829255220e+02
3.877530304216293757e+02
3.932667138385120325e+02
3.982134950017209007e+02
4.024857206331975590e+02
4.060543707464231602e+02
4.089436365671360250e+02
4.112522956894144386e+02
4.130879836696876737e+02
4.146111514586629596e+02
4.159623321788548651e+02
4.172892662023471644e+02
4.187236823467323461e+02
4.203750998507745749e+02
4.223394968712553350e+02
4.246827361966999206e+02
4.274353332687203988e+02
4.305839923816466239e+02
4.340176860841721691e+02
4.375712173082914660e+02
4.410751285002608029e+02
4.442270526704410827e+02
4.469307819129734298e+02
4.491266320071527502e+02
4.507647601516542295e+02
4.518343749136997189e+02
4.523441276768247690e+02
4.523442383401988991e+02
4.519097653056664967e+02
4.511166820390421321e+02
4.500489684082909889e+02
4.487723064141824807e+02
4.473473721368489464e+02
4.458258397440574754e+02
4.442447060244207933e+02
4.426400162410043322e+02
4.410351250869208002e+02
4.394536892487460022e+02
4.379108869582486250e+02
4.364252101531197354e+02
4.350106884417047013e+02
4.336819969770231751e+02
4.324551240931565417e+02
4.313393081231430983e+02
4.303967877333046204e+02
4.295362699200510974e+02
4.288471066141462984e+02
4.283633166297320258e+02
4.281283496885727686e+02
4.281761815923283621e+02
4.285148486801927561e+02
4.291046323412867878e+02
4.298777903400958849e+02
4.307835503473259564e+02
4.317754054462030808e+02
4.328262433364828894e+02
4.339216449544597936e+02
4.350306756118241651e+02
4.361367187369461931e+02
4.371969551012361990e+02
4.381599111283139791e+02
4.389730847208110731e+02
4.395726173461255257e+02
4.399042221050301578e+02
4.399330052320050868e+02
4.396253027630562542e+02
4.389794772230947046e+02
4.380027988495133400e+02
4.367022727475012971e+02
4.351378226692484645e+02
4.333092928699217623e+02
4.312609074768473079e+02
4.290333312268703025e+02
4.266623922007545957e+02
4.241892530967174366e+02
4.216445273487629493e+02
4.190606244904632831e+02
4.164657027879040925e+02
4.138837625340974000e+02
4.113384562544096070e+02
4.088501306081516873e+02
4.064364747975403134e+02
4.041155312851931285e+02
4.019011017161581663e+02
3.998068090059064730e+02
3.978443000817796928e+02
3.960206241796307722e+02
3.943436132805884995e+02
3.928135745202912403e+02
3.914313945556786507e+02
3.901908130842673472e+02
3.890831111165622360e+02
3.880808202604703752e+02
3.871836482945186617e+02
3.863817644595752085e+02
3.856539870430303836e+02
3.849856682045780190e+02
3.843562871513225900e+02
3.837488325113297378e+02
3.831481670230184022e+02
3.825385996957953694e+02
3.819120039514489804e+02
3.812629270891498550e+02
3.805973344060226964e+02
3.799332895500136829e+02
3.793130273057986415e+02
3.788044179654981463e+02
3.785306282469035182e+02
3.786641144710379194e+02
3.794494133274092746e+02
3.811877495681179084e+02
3.841880472126538280e+02
3.886456434444780825e+02
3.944310886062313557e+02
4.009975437802916076e+02
4.077224694754034431e+02
4.144969902145094238e+02
4.210844209962386344e+02
4.276702384549658404e+02
4.342126802166764605e+02
4.404598479163976208e+02
4.460295896932974529e+02
4.505833185987063416e+02
4.539492771170408218e+02
4.561554891536521836e+02
4.573021378761339975e+02
4.575420914160106918e+02
4.570318845628040663e+02
4.558983475296914776e+02
4.542968968200272002e+02
4.523325703504935973e+02
4.501165712230392728e+02
4.477268865607568387e+02
4.452241804334219069e+02
4.426579667607320516e+02
4.400603981430896283e+02
4.374592903613249177e+02
4.348746225034861368e+02
4.323220160173676163e+02
4.298147825846436376e+02
4.274085132324842107e+02
4.251202198693429182e+02
4.229063074397676019e+02
4.207719081631207700e+02
4.187250120590789493e+02
4.167711375271607608e+02
4.149133128922916285e+02
4.131574614594132981e+02
4.115021699028113744e+02
4.099504039972715077e+02
4.084988709651255476e+02
4.071447856721748053e+02
4.058841260158866362e+02
4.047090014348906379e+02
4.036139077906112789e+02
4.025885636566184189e+02
4.016259949508119576e+02
4.007157297325560421e+02
3.998501620111260308e+02
3.990203692264316260e+02
3.982191120647883622e+02
3.974404276876770155e+02
3.966776266350992728e+02
3.959279037470454341e+02
3.952170511409452160e+02
3.946008519203530227e+02
3.939962869289399237e+02
3.934006281273934178e+02
3.928105161373737246e+02
3.922226914379156710e+02
3.916339737894818427e+02
3.910409902242651015e+02
3.904410524069683674e+02
3.898300451067759127e+02
3.892063972883557312e+02
3.885653798156469634e+02
3.879057505404271637e+02
3.872239246469093814e+02
3.865172462545655208e+02
3.857843040391542218e+02
3.850213186612469940e+02
3.842282520679383424e+02
3.834026108892871321e+02
3.825441348266927548e+02
3.816527161832719912e+02
3.807280804489228672e+02
3.797717391293900846e+02
3.787845222365386348e+02
3.777735113241542990e+02
3.767544242523995308e+02
3.757071940783444006e+02
3.746330845679140680e+02
3.735336510974224780e+02
3.724094447702133834e+02
3.712624727703095004e+02
3.700933020962405635e+02
3.689033070280741526e+02
3.676940362794081238e+02
3.664656910626908370e+02
3.652204198771435699e+02
3.639582215720247405e+02
3.626807872480800938e+02
3.613889496371100449e+02
3.600832880666994242e+02
3.587655003644481440e+02
3.574356189105990893e+02
3.560953689754018683e+02
3.547451400005149367e+02
3.533860905895950850e+02
3.520192894156623993e+02
3.506453866039927902e+02
3.492658486875881181e+02
3.478839991785487769e+02
3.464972663578404877e+02
3.451089544245069192e+02
3.437204704819647532e+02
3.423330446220995213e+02
3.409478351496975392e+02
3.395662420967660751e+02
3.381893467535175546e+02
3.368186558923499092e+02
3.354554771841561660e+02
3.341015982380736773e+02
3.327596524454345968e+02
3.314361642270466177e+02
3.301552327859326965e+02
3.290352325126646065e+02
3.286149052464935494e+02
3.317212813946724168e+02
3.488750144526867416e+02
4.013242306193630498e+02
4.877356139410337050e+02
5.645997819452105659e+02
6.172099146301379733e+02
6.489883645332926108e+02
6.689332371879265793e+02
6.803129957713445037e+02
6.839019003808043635e+02
6.818924934742634605e+02
6.771783008488013138e+02
6.716044014104612643e+02
6.657321518982786301e+02
6.593728560311429874e+02
6.506828850279667904e+02
6.445272357238862924e+02
6.383462996635535092e+02
6.321523595013118211e+02
6.259538899968733858e+02
6.197608745409636413e+02
6.135802993518863104e+02
6.074211956788219595e+02
6.012894534971588882e+02
5.951936464365242045e+02
5.891396178307148830e+02
5.831340681185581616e+02
5.771842633932180888e+02
5.712946837619100506e+02
5.654736708499607403e+02
5.597253600800950153e+02
5.540570426374434874e+02
5.484109065817045803e+02
5.429165727475404992e+02
5.375190472677891194e+02
5.322239621206143738e+02
5.270421626360511027e+02
5.219855838723538000e+02
5.170741200260238202e+02
5.123615761756813072e+02
5.080120565307574338e+02
5.044886815991114872e+02
5.030787950266184225e+02
5.049022168686468603e+02
5.078120496345531478e+02
5.083569456299063631e+02
5.068449716665931533e+02
5.038749161288130267e+02
5.001487361753275422e+02
4.964029212613230584e+02
4.932053267303443818e+02
4.910048575763557892e+02
4.899609020942033339e+02
4.895116610109459430e+02
4.885761410832171805e+02
4.866115398174850952e+02
4.841773303933803732e+02
4.815051409841995564e+02
4.789247426551331728e+02
4.768061212846035346e+02
4.753572336706345709e+02
4.745626792407933863e+02
4.739367080045897751e+02
4.728661084608978626e+02
4.709851276079555191e+02
4.683449242127401249e+02
4.651482351771742856e+02
4.616506194824705176e+02
4.580060883199748218e+02
4.543250774173839091e+02
4.506777941297542611e+02
4.471136738282122565e+02
4.436686746560849883e+02
4.403795506117047012e+02
4.372602224791193066e+02
4.343263070046132839e+02
4.315663841540838916e+02
4.289564109957282767e+02
4.264580775584718708e+02
4.240253712201013059e+02
4.217761995762056699e+02
4.195101603626073938e+02
4.172202464902147199e+02
4.149092999878167234e+02
4.125971809925902107e+02
4.103017110020614950e+02
4.080528042564255884e+02
4.058788245315503218e+02
4.038086998661796656e+02
4.018799692610401166e+02
4.001267254726533906e+02
3.985941033442719572e+02
3.973331262034211022e+02
3.963940861636858131e+02
3.958502046256041922e+02
3.957469573066430257e+02
3.961467414454436380e+02
3.970610063887248202e+02
3.984711867961322014e+02
4.003059486162257485e+02
4.024372730947654873e+02
4.047165662098980192e+02
4.069747628477759918e+02
4.090675133612772925e+02
4.108484248362200333e+02
4.120769780044345794e+02
4.128042731635070481e+02
4.130275983510368860e+02
4.127390655209413239e+02
4.119874440333575194e+02
4.108188542676767838e+02
4.092908894974210057e+02
4.074672772137760717e+02
4.053979116335743811e+02
4.031403434883749810e+02
4.007353596630054540e+02
3.982240668508894714e+02
3.956373819445502136e+02
3.930014231363593353e+02
3.903374922989628431e+02
3.876615541053596417e+02
3.849875687697718263e+02
3.823253692287741501e+02
3.796840903384798480e+02
3.770697236412646589e+02
3.744881348264424332e+02
3.719434230357616116e+02
3.694389494623027304e+02
3.669720431811536514e+02
3.645749389659845860e+02
3.622245312467456415e+02
3.599216910207750288e+02
3.576688836267221632e+02
3.554696760711572097e+02
3.533343540882954130e+02
3.513006657340237098e+02
3.494956098093485934e+02
3.484155455699569188e+02
3.495663058623412667e+02
3.575356280931450783e+02
3.778059074913876998e+02
4.066084956957583927e+02
4.319787345639816749e+02
4.478000713908345460e+02
4.567996227391549837e+02
4.672798714563793396e+02
4.830325088667602245e+02
5.007972463919893471e+02
5.188706278830851488e+02
5.358843301222622131e+02
5.479579913276493244e+02
5.578698394816331074e+02
5.693681276511911165e+02
5.815841172028893880e+02
5.917907587323509233e+02
6.002143430733829064e+02
6.072191658714933737e+02
6.127260292165426563e+02
6.172507308833061188e+02
6.210934544932055132e+02
6.241139413279686323e+02
6.262635012631662903e+02
6.277237357927401717e+02
6.287687996139380857e+02
6.295647528365404924e+02
6.301974049042230490e+02
6.307128394864894290e+02
6.311282011182187262e+02
6.314528881585417821e+02
6.316906364903004487e+02
6.318395223362781508e+02
6.318988827592481812e+02
6.318654802260788301e+02
6.317335120357120104e+02
6.314990639624592177e+02
6.311523350679244686e+02
6.307029492100016341e+02
6.301668239906631470e+02
6.294903310902714111e+02
6.286668550498808372e+02
6.276902944350616735e+02
6.265576216536642278e+02
6.252752308155592118e+02
6.238455895798165329e+02
6.222814743903086310e+02
6.205924948963468069e+02
6.187897632081275106e+02
6.168866457712667852e+02
6.148921227527461042e+02
6.128180609950450162e+02
6.106735343566977008e+02
6.084668271575565086e+02
6.062072976739366368e+02
6.039013951917526128e+02
6.015564411573099051e+02
5.991783506499581335e+02
5.967718757805292853e+02
5.943419536975952724e+02
5.918915012061791003e+02
5.894237826034308227e+02
5.870086926852353599e+02
5.845974932909152812e+02
5.821795039161024761e+02
5.797560021078717227e+02
5.773286631995106291e+02
5.748983672155005706e+02
5.724666929237138220e+02
5.700346367985574716e+02
5.676033615765270497e+02
5.651742586409001206e+02
5.627479481337352354e+02
5.603256645097972068e+02
5.579079965320886458e+02
5.554954163674968868e+02
5.530886552963112308e+02
5.506873911693216996e+02
5.482919531847480812e+02
5.459017781815273338e+02
5.435162242235832082e+02
5.411346054113053015e+02
5.387554338581168167e+02
5.363774869829014733e+02
5.339988699170115751e+02
5.316176643746848640e+02
5.292875539522632380e+02
5.269402167251508899e+02
5.245857443380064069e+02
5.222230303868357169e+02
5.198505721027646587e+02
5.174676907701820028e+02
5.150740457440335831e+02
5.126692387536372735e+02
5.102541871586065554e+02
5.078291653109053527e+02
5.053955200073951346e+02
5.029543758754106193e+02
5.005070218015567889e+02
4.980550774562459537e+02
4.955996496571182774e+02
4.931421577393543316e+02
4.906836521326144975e+02
4.882249120618516258e+02
4.857665487269066489e+02
4.833087552786982428e+02
4.808514692641848569e+02
4.783945025480319373e+02
4.759372090698043962e+02
4.734790645293765010e+02
4.710381577749163284e+02
4.686268338004937846e+02
4.662143426065271683e+02
4.637999460414714008e+02
4.613834680982047871e+02
4.589651192186266258e+02
4.565454730657605751e+02
4.541259433756899853e+02
4.517079289228275343e+02
4.492935902431446493e+02
4.468852676875151246e+02
4.444853476086373121e+02
4.420968512279561651e+02
4.397220550740709086e+02
4.373640016215086348e+02
4.350248754219647367e+02
4.327069736837002552e+02
4.304123652570452805e+02
4.281421899886806273e+02
4.258981078444508626e+02
4.236802289985113248e+02
4.214893119516547699e+02
4.193249087865127649e+02
4.171864843268080563e+02
4.151056488039000669e+02
4.130929722475492554e+02
4.111008525980860213e+02
4.091271841926467232e+02
4.071707173755031022e+02
4.052296672436068548e+02
4.033024499883372869e+02
4.013879349666646021e+02
3.994845499634604948e+02
3.975917127325657816e+02
3.957083170222675790e+02
3.938339516712937325e+02
3.919682793557469722e+02
3.901109804478462024e+02
3.882622677274500234e+02
3.864220498324998516e+02
3.845907128794285086e+02
3.827685360617635411e+02
3.809558046970622058e+02
3.791530269620752733e+02
3.773604221349143018e+02
3.755785597951668819e+02
3.738076727150058218e+02
3.720481537635735094e+02
3.703271492482954272e+02
3.686438350074026857e+02
3.669745447995471750e+02
3.653191505867435467e+02
3.636778946266861112e+02
3.620506930013218039e+02
3.604374472191842642e+02
3.588382914612549257e+02
3.572528756340467453e+02
3.556814327286394928e+02
3.541237336868353509e+02
3.525798472374174821e+02
3.510500075497261605e+02
3.495341980824625807e+02
3.480331400846296219e+02
3.465471854208914237e+02
3.450773618420118396e+02
3.436249660385479956e+02
3.421914098601990304e+02
3.407792962152757923e+02
3.393910878801908666e+02
3.380309010359446233e+02
3.367035587576565945e+02
3.354151878169606675e+02
3.342050639709787561e+02
3.330561411723699621e+02
3.319820203022696319e+02
3.310025463430422974e+02
3.301475582322212290e+02
3.294588465319357624e+02
3.289947020756543452e+02
3.288512028690996658e+02
3.291912781800181165e+02
3.304785150581240032e+02
3.342841952404439212e+02
3.459785844936766352e+02
3.670867094216648638e+02
3.835106763713966416e+02
3.944522581783937198e+02
4.078827129409541499e+02
4.340704243557055406e+02
4.859107864622275770e+02
5.600005160459502349e+02
6.401848916575770545e+02
6.945764031321364200e+02
7.161357585658894322e+02
7.222938456093166906e+02
7.239930800610169399e+02
7.236190143378130415e+02
7.222198266042433943e+02
7.201292005409788999e+02
7.179006052107171172e+02
7.164622543637285617e+02
7.155784749310113284e+02
7.123722455633510435e+02
7.063781664233774791e+02
6.989659609984840927e+02
6.909782557420410285e+02
6.827106496017776180e+02
6.743107344734901289e+02
6.658648332998560591e+02
6.574375060683714764e+02
6.490772838124829605e+02
6.408179143315384181e+02
6.326872534491166107e+02
6.247033406198373768e+02
6.168778925530850756e+02
6.092216617199723032e+02
6.017367563518470206e+02
5.944281926702645933e+02
5.872959182713213977e+02
5.803388830500426820e+02
5.735682779905215511e+02
5.669540016584516025e+02
5.605141780608237241e+02
5.542441194522568821e+02
5.481419397147728887e+02
5.422070303384734871e+02
5.364344799037907023e+02
5.308262434379311117e+02
5.253769383889151641e+02
5.200863600613089375e+02
5.149516654480328270e+02
5.099681808464195001e+02
5.051347411127884470e+02
5.004436291389769167e+02
4.958921761818060645e+02
4.914727483148764122e+02
4.871793088095028565e+02
4.830057764331683643e+02
4.789441740916469143e+02
4.749900052028442019e+02
4.711359582173457170e+02
4.673795596863212154e+02
4.637163776613950290e+02
4.601461048191105192e+02
4.566669949390577017e+02
4.532962353699879259e+02
4.500260252289603500e+02
4.468579934210428064e+02
4.437995188496990409e+02
4.408530235288945960e+02
4.380232775303945800e+02
4.353143441701664074e+02
4.327258356105031112e+02
4.302606374690586790e+02
4.279147559170821182e+02
4.256854243588713871e+02
4.235676297758516853e+02
4.215529679384731025e+02
4.196346679668969841e+02
4.178033243834034351e+02
4.160493978600308651e+02
4.143658546961461298e+02
4.127434527026562705e+02
4.111766562792589070e+02
4.096609843044358286e+02
4.081925614328523011e+02
4.067733017612845288e+02
4.054046731525930340e+02
4.040680299966582538e+02
4.028367180558979044e+02
4.016850868965373138e+02
4.006364093313015928e+02
3.997255203519391102e+02
3.989924822812246248e+02
3.984940054098501605e+02
3.982996093523356649e+02
3.984888758229372456e+02
3.991716801368607435e+02
4.004472701151560159e+02
4.024354535601067369e+02
4.051804467798990572e+02
4.086311967010590820e+02
4.125974933449885498e+02
4.168002663569428705e+02
4.209647102720601879e+02
4.249541039077600431e+02
4.286752282822533857e+02
4.321441854438631935e+02
4.353798714299530275e+02
4.384159701481406159e+02
4.413095560997090843e+02
4.441323969460040075e+02
4.468685457012881557e+02
4.497862759218563724e+02
4.527568539293015988e+02
4.557651149716771783e+02
4.587832412196078167e+02
4.617472821708864217e+02
4.645828789454948264e+02
4.673339671233945865e+02
4.700824045842029477e+02
4.729007832277827674e+02
4.757177032129790177e+02
4.783831411232358164e+02
4.807172360917966785e+02
4.825909418251668512e+02
4.839442904987489555e+02
4.848058813465087837e+02
4.852006552524360359e+02
4.851922864068037597e+02
4.848231420106087626e+02
4.841272927703903974e+02
4.831484363806507076e+02
4.819094396393117563e+02
4.804483569041101987e+02
4.787936200261618183e+02
4.768481950811007550e+02
4.749340398077732743e+02
4.728821161065620799e+02
4.707203497510705574e+02
4.684700595735130833e+02
4.661495780650376446e+02
4.637774564199651195e+02
4.613661682842602545e+02
4.589293306355536401e+02
4.564773933444618024e+02
4.540186729459916819e+02
4.515614375143139796e+02
4.491118778044502164e+02
4.466756366130708784e+02
4.442589999127124543e+02
4.418657587583015243e+02
4.395020707921957523e+02
4.371721475301739588e+02
4.348806346581907860e+02
4.326333759827318204e+02
4.304346276889635874e+02
4.282936200784981224e+02
4.262208521998281867e+02
4.242383550274557820e+02
4.223265553253699522e+02
4.206974324329665365e+02
4.194564332226428860e+02
4.188907645443190404e+02
4.195238863739408544e+02
4.221412585972236684e+02
4.276856301935838474e+02
4.370826678362766415e+02
4.502545276354030079e+02
4.659931054807009332e+02
4.820389483167836602e+02
4.961278706419711284e+02
5.066778452062091560e+02
5.133348915401006707e+02
5.163629931297793973e+02
5.165784090798312036e+02
5.148285373210416083e+02
5.118285253862473496e+02
5.080869274135715727e+02
5.039009027173634649e+02
4.994515866025384980e+02
4.948543655023405563e+02
4.901913408719422023e+02
4.855241966469682211e+02
4.808722180751641417e+02
4.762950909692813752e+02
4.718293505476957534e+02
4.674766457206657719e+02
4.632398863883202011e+02
4.591206235995974225e+02
4.551181429321482028e+02
4.512350632673131372e+02
4.474690615453054647e+02
4.438218303536215217e+02
4.402921556593686319e+02
4.368790069410794672e+02
4.335830906132143809e+02
4.304012880596965829e+02
4.273347232012109771e+02
4.243809829139458998e+02
4.215400560426966194e+02
4.188131050998163118e+02
4.162011168884253038e+02
4.137143687193384380e+02
4.113711442557434452e+02
4.092191394837313396e+02
4.073761868486055278e+02
4.060703615932691832e+02
4.058106358702362968e+02
4.072792424143946732e+02
4.110009450303124368e+02
4.164540457495332362e+02
4.228167900438340325e+02
4.307674586745487204e+02
4.423206300891576461e+02
4.580632076009111984e+02
4.760061582241683595e+02
4.940923675896878535e+02
5.110578313230521985e+02
5.259141008870193446e+02
5.375845102514803102e+02
5.454226933176156535e+02
5.492363546903885663e+02
5.497766050037628247e+02
5.481188094940680458e+02
5.452201900150076881e+02
5.416738511488562153e+02
5.378177332918095317e+02
5.338328770276281148e+02
5.298102980913956799e+02
5.258006036310347326e+02
5.218285424512904456e+02
5.179295646775204887e+02
5.141464466710029910e+02
5.104255951028279128e+02
5.067679474266824968e+02
5.031746740564987022e+02
4.996455444545983369e+02
4.961791139615710904e+02
4.927753288781264587e+02
4.894314082511452852e+02
4.861468304663467279e+02
4.829191620816121144e+02
4.797465707185572796e+02
4.766278113660613940e+02
4.735600946134861147e+02
4.705428276572776554e+02
4.675735387895238091e+02
4.646512223906088934e+02
4.617746626850869234e+02
4.589421528711511655e+02
4.561534759672085784e+02
4.534068359304935711e+02
4.507020988158156456e+02
4.480381688331365808e+02
4.454142337238661185e+02
4.428460391421067470e+02
4.402846420884495160e+02
4.377611724444979018e+02
4.352743368189673561e+02
4.328236730750017500e+02
4.304085745674136660e+02
4.280277504505949082e+02
4.256812330646073974e+02
4.233675380425593744e+02
4.210865446792694229e+02
4.188374878458868693e+02
4.166195266386534399e+02
4.144328264435098959e+02
4.122760987387057980e+02
4.101495504303234156e+02
4.080523149535087555e+02
4.059838876657204310e+02
4.039440280418319276e+02
4.019314324389416129e+02
3.999458817702957845e+02
3.979858286879293132e+02
3.960505921347220237e+02
3.941386912959865754e+02
3.922488403537607269e+02
3.903825692642771514e+02
3.885025401853479821e+02
3.866406646087905870e+02
3.847952254722885073e+02
3.829654690899396314e+02
3.811499617042570662e+02
3.793479072296192385e+02
3.775587372876271388e+02
3.757813749781321349e+02
3.740158132887856937e+02
3.722611679479380768e+02
3.705174730509468759e+02
3.687845259705229068e+02
3.670620305504061207e+02
3.653502543242869933e+02
3.636489127468020115e+02
3.619582628450790480e+02
3.602783580798943035e+02
3.586092736097451166e+02
3.569513291230302912e+02
3.553045185818277218e+02
3.536692192027647934e+02
3.520456089048955732e+02
3.504340756520165314e+02
3.488389722191541864e+02
3.480791272845139588e+02
3.473136174484618550e+02
3.465408067495094997e+02
3.457648491850924302e+02
3.449910992235628555e+02
3.442274593329418053e+02
3.434836648210594490e+02
3.427742643676703551e+02
3.421199885051165097e+02
3.415522053688496271e+02
3.411505900835270495e+02
3.412411881141018171e+02
3.438401901833252623e+02
3.511581297499841980e+02
3.556871484309550056e+02
3.571174182980234946e+02
3.581143759057645752e+02
3.592050295798551929e+02
3.605005920978469476e+02
3.620391715759620865e+02
3.638184805095966112e+02
3.657841842393353318e+02
3.679242665503043668e+02
3.707422730464825236e+02
3.813762303627617030e+02
4.117189045286311853e+02
4.334858121850196540e+02
4.396534880632160025e+02
4.439037873903743048e+02
4.480355389725381769e+02
4.522476447993523152e+02
4.565771282528825168e+02
4.610707706394391039e+02
4.661867020534539847e+02
4.865212711980552740e+02
5.538860483228525027e+02
6.269495088325448933e+02
6.510484580387930009e+02
6.583439811562931254e+02
6.643541169588744424e+02
6.728877875395949104e+02
6.881554031628947996e+02
7.114804046717752044e+02
7.305390122939106732e+02
7.401314482368661629e+02
7.456460123621659477e+02
7.499860060619294018e+02
7.536944902401501167e+02
7.571196076926958085e+02
7.607005349298125338e+02
7.646014502075755672e+02
7.682819047998984843e+02
7.709323903530038251e+02
7.721801910592237164e+02
7.722537070753231774e+02
7.716299175666690644e+02
7.705007478439245006e+02
7.688097467665974136e+02
7.663897708117016236e+02
7.630591395174504896e+02
7.588377456146774875e+02
7.538359840091146680e+02
7.480622728851362808e+02
7.414340371276758788e+02
7.339670130620897908e+02
7.259210758367277094e+02
7.176052492571236598e+02
7.091738498955015757e+02
7.007109979629885856e+02
6.923457192551910566e+02
6.841493420628894455e+02
6.759446240597486621e+02
6.674770938571892884e+02
6.589751748249279899e+02
6.505117499728279427e+02
6.421626034144757114e+02
6.339871288605523887e+02
6.260433115429701729e+02
6.183670995705124369e+02
6.109764634300588568e+02
6.038835222369009443e+02
5.970778692608557776e+02
5.905529873525795210e+02
5.843034934622152150e+02
5.783173889155367533e+02
5.726033146868243193e+02
5.671527598720233527e+02
5.619701377037573593e+02
5.570557868904357974e+02
5.524069952092125959e+02
5.480353162505374485e+02
5.439417820691062389e+02
5.401426201373617459e+02
5.366447221772900775e+02
5.334596123720849619e+02
5.305291578655156854e+02
5.279741844821126051e+02
5.256788633364537873e+02
5.235836605243280246e+02
5.216110701377505166e+02
5.196778253905791871e+02
5.176971435464384967e+02
5.156054456282955698e+02
5.133631707552367516e+02
5.109372060087578120e+02
5.083363965587236066e+02
5.055563173135816442e+02
5.026174960733823696e+02
4.995371910564824134e+02
4.963306358881397955e+02
4.930243388708312295e+02
4.896331234198083280e+02
4.861805884908090434e+02
4.826869786575634862e+02
4.791744265679575960e+02
4.756737466544022368e+02
4.722315214119284974e+02
4.689246895163300337e+02
4.659116909244498856e+02
4.633768824972798370e+02
4.619718282676251988e+02
4.624686865467833172e+02
4.656858722422354049e+02
4.721719224715133123e+02
4.816418430131934656e+02
4.933770021240518986e+02
5.064715541427671610e+02
5.192472953998394587e+02
5.299675439245899042e+02
5.377977792868064171e+02
5.425243381505077878e+02
5.444970800196822438e+02
5.445373015321848698e+02
5.432731041445334768e+02
5.410830891515010990e+02
5.380931704670208546e+02
5.343876979102028599e+02
5.301672404580929197e+02
5.256557754253564099e+02
5.210337431166037732e+02
5.164447797940931650e+02
5.119618454511447112e+02
5.076307639725665126e+02
5.034131723203059892e+02
4.995298523337358461e+02
4.958219500506629061e+02
4.922806447492692428e+02
4.889004551273808943e+02
4.856748013433406186e+02
4.825889369736927961e+02
4.796361481957212050e+02
4.767982212210540069e+02
4.740613452350455646e+02
4.714095229458744143e+02
4.688233076005333260e+02
4.662883772765790695e+02
4.637872253242447869e+02
4.613065905109060623e+02
4.588356234810307797e+02
4.563664455668392179e+02
4.538947165906041619e+02
4.514217468194032676e+02
4.489506193743338827e+02
4.464906011665153756e+02
4.440557757699799026e+02
4.416616392691477131e+02
4.393345638673510507e+02
4.370340603931746841e+02
4.349044950209364515e+02
4.329652912365249904e+02
4.312879325319073018e+02
4.299903289057223787e+02
4.292255403411042494e+02
4.292291114992348184e+02
4.303364430154606453e+02
4.329462502988265555e+02
4.375383267631021909e+02
4.444048610241102324e+02
4.535096783967791794e+02
4.643881064693808298e+02
4.761359311164618475e+02
4.877433870273790717e+02
4.982587642966274188e+02
5.069331006275652385e+02
5.133650379024919630e+02
5.175577357554834634e+02
5.197458398322512494e+02
5.203808496924601741e+02
5.198626701367658143e+02
5.185365361419576402e+02
5.166697200667249490e+02
5.144933526974344886e+02
5.121539012482427324e+02
5.096979571882052937e+02
5.071967342420292084e+02
5.047026243003052173e+02
5.022647053391439158e+02
4.999255825009495879e+02
4.977371902197934332e+02
4.957540144095673895e+02
4.940503853365353280e+02
4.927276943746332449e+02
4.919129253493754845e+02
4.918188075608265422e+02
4.927032503438281310e+02
4.949862080162198481e+02
4.992121685989293951e+02
5.059924210466512591e+02
5.160189553196426004e+02
5.292714117106653475e+02
5.449820426386992267e+02
5.612180626863322459e+02
5.761669135484715980e+02
5.888907927048405782e+02
5.997900037964717512e+02
6.098174387857046668e+02
6.194638373923035033e+02
6.297345258001231514e+02
6.411327413138541260e+02
6.539167618512213949e+02
6.669880158828464118e+02
6.785286815098086208e+02
6.866719833442559775e+02
6.911581578477020003e+02
6.925014235534454201e+02
6.915976083729211723e+02
6.890169859046561669e+02
6.852268362728601687e+02
6.805666438681607815e+02
6.752862544763678443e+02
6.695903846485654185e+02
6.636176228505864856e+02
6.574777802611131392e+02
6.512437109665903563e+02
6.449689130394730228e+02
6.386901310917671708e+02
6.324301269666904091e+02
6.262110078779937794e+02
6.200403347277219837e+02
6.139945214019279547e+02
6.079914222448165901e+02
6.020764641018605516e+02
5.962553959386747238e+02
5.905299600308818526e+02
5.849088587290035548e+02
5.793905978771517766e+02
5.739820642270357212e+02
5.686824404961272421e+02
5.634936142213322228e+02
5.584169218714979479e+02
5.534496247395436512e+02
5.485938233300836373e+02
5.438452063006095614e+02
5.392038375635563625e+02
5.346665122079745061e+02
5.302300560861311851e+02
5.258928460363534896e+02
5.216496970039785310e+02
5.174990494531053855e+02
5.134358582928729220e+02
5.094573035085390984e+02
5.055597632489769921e+02
5.017389716610202868e+02
4.979901416260606197e+02
4.942796487192518953e+02
4.906394069989340778e+02
4.870657272223929795e+02
4.835559132596916356e+02
4.801074653972819419e+02
4.767172322274528824e+02
4.733836379364393565e+02
4.701036656476405824e+02
4.668760321442169925e+02
4.636984264722709668e+02
4.605691316845831125e+02
4.574869248502628807e+02
4.544496639088388292e+02
4.514568272830305204e+02
4.485064652673477781e+02
4.455978686542401306e+02
4.427299652724246926e+02
4.399014151339117689e+02
4.371120091794853124e+02
4.343601419944800455e+02
4.316457712167351701e+02
4.289677677808771818e+02
4.263255508548881494e+02
4.236966841608082177e+02
4.210948725498392946e+02
4.185287166123996485e+02
4.159968638263727030e+02
4.134989096706642044e+02
4.110341029094416285e+02
4.086013872009274905e+02
4.062006047135336644e+02
4.038304207243778592e+02
4.014906212891426094e+02
3.991802267562262614e+02
3.968984413268381104e+02
3.946448561557233461e+02
3.924182480311480390e+02
3.902183732245530905e+02
3.880441623244904576e+02
3.858950870492149079e+02
3.837705681335522172e+02
3.816697855072433754e+02
3.795925709816439735e+02
3.775382659880214078e+02
3.755070287462440319e+02
3.734988831268657918e+02
3.715146966304768625e+02
3.695481007860895488e+02
3.676063519462051659e+02
3.657155624011313648e+02
3.639123325292474078e+02
3.623024621279376447e+02
3.611359978266097528e+02
3.610817565394856388e+02
3.630918477745362907e+02
3.674821128822056266e+02
3.728793044733463375e+02
3.790054387984919799e+02
3.875200396439907990e+02
3.988894043553936513e+02
4.127859100063357687e+02
4.304413012043186768e+02
4.520511538628276753e+02
4.747467117081917536e+02
4.945706807876676976e+02
5.095306817534302013e+02
5.198669205081772589e+02
5.263928637043478602e+02
5.296305993113761588e+02
5.304113552380572401e+02
5.296886675580792598e+02
5.277232114409288215e+02
5.251579226837851593e+02
5.222511118547390652e+02
5.191017753204188239e+02
5.157837219204847088e+02
5.123842764418801607e+02
5.090795936441637650e+02
5.062224208042454165e+02
5.045196217751534391e+02
5.051594745639906137e+02
5.097110663572514113e+02
5.202949709565357352e+02
5.366133008964682176e+02
5.573631093290014178e+02
5.819477476386724675e+02
6.119486254345750922e+02
6.458872305888412484e+02
6.794928049630793794e+02
7.100848944040239985e+02
7.310992212010662570e+02
7.403686713149172647e+02
7.432575356150997550e+02
7.437310901988196292e+02
7.433819862628557757e+02
7.425871641003585637e+02
7.414095837241496838e+02
7.398627767093668126e+02
7.379695312817024160e+02
7.357818617763213069e+02
7.333817878825212802e+02
7.308654712952487671e+02
7.283364489826259387e+02
7.258741936252182541e+02
7.235573486468528017e+02
7.214474234013333671e+02
7.196229868191583137e+02
7.181950535402617106e+02
7.173259211291771180e+02
7.172570545308739156e+02
7.182775572046947445e+02
7.207598743204981702e+02
7.251835905675648064e+02
7.317810471102443444e+02
7.404542958506101513e+02
7.507706872989226667e+02
7.623836072977635467e+02
7.745329331641570434e+02
7.859128329478919568e+02
7.942020553051780780e+02
7.982188547560599545e+02
7.980649690063763728e+02
7.948503919446159216e+02
7.895948343767378219e+02
7.831876457842905666e+02
7.761402855409703534e+02
7.688367641346760593e+02
7.616069628060704417e+02
7.547285890118178031e+02
7.483991348196794888e+02
7.425812635770013230e+02
7.370324551488153020e+02
7.312839460428713210e+02
7.250138161328756041e+02
7.182139004770242536e+02
7.109343408276217815e+02
7.032619700676032153e+02
6.952926746621882330e+02
6.871129600205191537e+02
6.788062315946399394e+02
6.704384067297170304e+02
6.620655969645600862e+02
6.537321288570893785e+02
6.454757482133557005e+02
6.374361664388947020e+02
6.295163840880480848e+02
6.217280621237865716e+02
6.140840370350151716e+02
6.065918827164385903e+02
5.992554825078505019e+02
5.920816047154706894e+02
5.850684420154326517e+02
5.782202075145494291e+02
5.715349482628892019e+02
5.650119988532746902e+02
5.586523292139215755e+02
5.524521225445176924e+02
5.464147340658299754e+02
5.405389508197907844e+02
5.348306709950679760e+02
5.292991240851373504e+02
5.239608199376153834e+02
5.188491373111860412e+02
5.140105466320861751e+02
5.095350479083498385e+02
5.055360163214347153e+02
5.021900468232071830e+02
4.996749875950591786e+02
4.981510853981537252e+02
4.976851929731626569e+02
4.980608588202409237e+02
4.989720079769613790e+02
5.001405939054795908e+02
5.014132380547732737e+02
5.027088943092996942e+02
5.038955769555773827e+02
5.047862541807054413e+02
5.052448673930565519e+02
5.051700785938552372e+02
5.045159518122420081e+02
5.033129058665399498e+02
5.016017070192748974e+02
4.994948233359681922e+02
4.970872510390305479e+02
4.944804974050828719e+02
4.917477877416636716e+02
4.889331621827687968e+02
4.860610521946890117e+02
4.831447347150707969e+02
4.801915487138245453e+02
4.772212686879373678e+02
4.742279955328639289e+02
4.712570510711711904e+02
4.683626737449174584e+02
4.655647012540932224e+02
4.628968236851445113e+02
4.603787644950324420e+02
4.580333960641352746e+02
4.558807466076225410e+02
4.539273273359087284e+02
4.521864977416778970e+02
4.506506307286777542e+02
4.493140042463533064e+02
4.481611688113224545e+02
4.471682601426708743e+02
4.463179951285735569e+02
4.455898315505506275e+02
4.449756586295220018e+02
4.444874048134694817e+02
4.441545761857818775e+02
4.440571251265039905e+02
4.443196324119949736e+02
4.451788175056792056e+02
4.469700917761352912e+02
4.501725615879296925e+02
4.551643441307791704e+02
4.623790757576092005e+02
4.708782263253135056e+02
4.795639314413123770e+02
4.874368562127363589e+02
4.939139535040474129e+02
4.988294531386747508e+02
5.023181774654124752e+02
5.047804097547750644e+02
5.065434625315685935e+02
5.079746225443867615e+02
5.091767927451277274e+02
5.101253629149631479e+02
5.106566337768458652e+02
5.105551977958170937e+02
5.096631103153916911e+02
5.079840028322863077e+02
5.055948585003368976e+02
5.026834714242195901e+02
4.994152072061750118e+02
4.959270445351197054e+02
4.923308876045065858e+02
4.886899950233168397e+02
4.850558146960225940e+02
4.814575395540608724e+02
4.779544164276211973e+02
4.745238420039063385e+02
4.711685601352386925e+02
4.678918444185810586e+02
4.646945200952838491e+02
4.615765871121816986e+02
4.585392220330871851e+02
4.555811018010102202e+02
4.527024269530276683e+02
4.499016989959528701e+02
4.471769791062845911e+02
4.445265169155038620e+02
4.419469174297078098e+02
4.394357755861460646e+02
4.369900589760164280e+02
4.346072558153838372e+02
4.322856064504210281e+02
4.300243178315871546e+02
4.278217931704092507e+02
4.256778733178442167e+02
4.235902406771999154e+02
4.215564029108191448e+02
4.195722127215452701e+02
4.176356287115086730e+02
4.159014584337344900e+02
4.142017998544424131e+02
4.125345979706955291e+02
4.109031266388269614e+02
4.093157402238671239e+02
4.077814084652293332e+02
4.063174069764667138e+02
4.049366565070703246e+02
4.036589835296323372e+02
4.025010949585628737e+02
4.014805680149940486e+02
4.006205394601210514e+02
3.999400054384165060e+02
3.994731167357354593e+02
3.992577511114133699e+02
3.993660225854341093e+02
3.998972653939808879e+02
4.010139480743895319e+02
4.029226949388447565e+02
4.058059337424120372e+02
4.097687166285487024e+02
4.146695786930258691e+02
4.203114974602098641e+02
4.265649873480396082e+02
4.335099114722563627e+02
4.410521084289521241e+02
4.490957666013295579e+02
4.573735743816827153e+02
4.656224500497168037e+02
4.732300880796681213e+02
4.795212255374618167e+02
4.839668070167158476e+02
4.863814463860222759e+02
4.869055062155693463e+02
4.859419236357788350e+02
4.838496765544144864e+02
4.810083596479319112e+02
4.776736964146492141e+02
4.740349188577932864e+02
4.702265230075526006e+02
4.663309067373710946e+02
4.624093139008465414e+02
4.585010068065793689e+02
4.546320596139458416e+02
4.508225950679467360e+02
4.470860316338062148e+02
4.434318697728567713e+02
4.398895305324246578e+02
4.365102159679112219e+02
4.332775577388908914e+02
4.302031336325430857e+02
4.272993422907733247e+02
4.245800483920154420e+02
4.220470465437752523e+02
4.197086991686036868e+02
4.175558125439111450e+02
4.155784849334585829e+02
4.137587174463999986e+02
4.120681731910687517e+02
4.104781346219041893e+02
4.089543621380556715e+02
4.074651398431121834e+02
4.059803785019625479e+02
4.044791443591682878e+02
4.029405539967539767e+02
4.013589782055295245e+02
3.997287833772448380e+02
3.980509975096623521e+02
3.963338700093158309e+02
3.945788939626315255e+02
3.927976792577442211e+02
3.909822793134607082e+02
3.891148030245054201e+02
3.872402135903340081e+02
3.853592225266605737e+02
3.834752280618400846e+02
3.815868460828622801e+02
3.796964696913590274e+02
3.778030756666695424e+02
3.759090080718325453e+02
3.740150926029751872e+02
3.721234866761804483e+02
3.702371596613715496e+02
3.683577495600140423e+02
3.664892654537539443e+02
3.646331070062981325e+02
3.627928669053378599e+02
3.609705120242034013e+02
3.591678624865247684e+02
3.573869019947689480e+02
3.556279400782078710e+02
3.538923311813460941e+02
3.521795810718999746e+02
3.504898736665115848e+02
3.488222231252658503e+02
3.471889719594416874e+02
3.455602072336762376e+02
3.439505734082417803e+02
3.423587272046229941e+02
3.407820316602383173e+02
3.392194463169823280e+02
3.376685423887449247e+02
3.361283462426044366e+02
3.345976960568235086e+02
3.330753134441750376e+02
3.315616564252870262e+02
3.300555570230976627e+02
3.285583487922771724e+02
3.270699843094174639e+02
3.255915816225665935e+02
3.241247221615081457e+02
3.226700218364954367e+02
3.212302160634887969e+02
3.198061512070977415e+02
3.184005138168657822e+02
3.170149916883419792e+02
3.156516264894807478e+02
3.143130588448196363e+02
3.130008060961926617e+02
3.117189453547919129e+02
3.104644599481015348e+02
3.092479563686920869e+02
3.080909143062098110e+02
3.071142681602406697e+02
3.069114023136446576e+02
3.105428285026415551e+02
3.236058379624046211e+02
3.394665048570417412e+02
3.512495756896610715e+02
3.712129994777512252e+02
4.195090119796245745e+02
4.889371604268189344e+02
5.317969691738516076e+02
5.529961236151565345e+02
5.802992485962706724e+02
6.118769759224016980e+02
6.324984043857430152e+02
6.443730487522627755e+02
6.527265765040400538e+02
6.565074094573441243e+02
6.567632992820284699e+02
6.556134807133889808e+02
6.542664721790221165e+02
6.529735527069950649e+02
6.521194047564470111e+02
6.515191076282254699e+02
6.511472340225137714e+02
6.509664668578843703e+02
6.509394314044252496e+02
6.510134979733204545e+02
6.511446979750663786e+02
6.512829476682758241e+02
6.513769039445099907e+02
6.513832010779009352e+02
6.512543959042039887e+02
6.509499095211929216e+02
6.504365111886764907e+02
6.496824519086385408e+02
6.486710575800577772e+02
6.473906357057787773e+02
6.458389589395920893e+02
6.440260324265249210e+02
6.419600154153469020e+02
6.396596838946630896e+02
6.371407389867691791e+02
6.344200056745747816e+02
6.315177801381682912e+02
6.283969524506588868e+02
6.251843785083171952e+02
6.218532834100657283e+02
6.184236124226000584e+02
6.149158410302397897e+02
6.113454461573580829e+02
6.077311131977314744e+02
6.040862289057994303e+02
6.004242374902756865e+02
5.967570583534882189e+02
5.930933289844145975e+02
5.894418944606002242e+02
5.858089440371319370e+02
5.821997604383627731e+02
5.786192660984063423e+02
5.750701468908607694e+02
5.715556049150487752e+02
5.680775194243900614e+02
5.646371776343351030e+02
5.612363212720240426e+02
5.578749878052819895e+02
5.545544253611316208e+02
5.512745541623625058e+02
5.480356049914048526e+02
5.447739289889889278e+02
5.415675348520253465e+02
5.383969140270754679e+02
5.352612811452722781e+02
5.321609270818036066e+02
5.290955324155269182e+02
5.260645043194380150e+02
5.230682055448774008e+02
5.201055018369461322e+02
5.171768289930870424e+02
5.142813776160051020e+02
5.114189323117819299e+02
5.085895638788794031e+02
5.057924271793169737e+02
5.030281365565655278e+02
5.002959644116627942e+02
4.975962902893694491e+02
4.949292023057523124e+02
4.922944674814149266e+02
4.896928552102654635e+02
4.871238767664766556e+02
4.845882704248301707e+02
4.820859051948280012e+02
4.796167823604106388e+02
4.771291700259599793e+02
4.747139836227149772e+02
4.723288094776049775e+02
4.699726986020124286e+02
4.676453646134195310e+02
4.653461414052406440e+02
4.630739679514707063e+02
4.608286363222008504e+02
4.586087409064694498e+02
4.564142036111090874e+02
4.542440222789987843e+02
4.520978282159879882e+02
4.499755453144170474e+02
4.478765126109201447e+02
4.458013378760051069e+02
4.437495908596561094e+02
4.417219222735261610e+02
4.397186464005140465e+02
4.377400087080053481e+02
4.357869854623551760e+02
4.338596277178461946e+02
4.319590672640717912e+02
4.300856464501669052e+02
4.282400389836557224e+02
4.263897171001706283e+02
4.246462583598390097e+02
4.229295735688199329e+02
4.212394331891818524e+02
4.195762842751307176e+02
4.179401520670824084e+02
4.163307244919091090e+02
4.147483274357986147e+02
4.131922010370644216e+02
4.116625041353249799e+02
4.101587660445773054e+02
4.086808139439386309e+02
4.072288922298955072e+02
4.058028278900940791e+02
4.044036821203208660e+02
4.030321159208049835e+02
4.016903120633045887e+02
4.003805265843217285e+02
3.991058840287237786e+02
3.978713486951104414e+02
3.966815857034421811e+02
3.955452349061560540e+02
3.944712148125568092e+02
3.934739704904483801e+02
3.925941579065843712e+02
3.918465446854867196e+02
3.913317862839691088e+02
3.911991192903919909e+02
3.916884204186221154e+02
3.930455310198753409e+02
3.954756191509251266e+02
3.991968584589805573e+02
4.044738768428607614e+02
4.115851287342973706e+02
4.206044251649529997e+02
4.313169459891124689e+02
4.431317238902890381e+02
4.548085934154690335e+02
4.649335294361372917e+02
4.725430467840914730e+02
4.773237584581316924e+02
4.795680840307297217e+02
4.798700519598903611e+02
4.787637168715056077e+02
4.767590761729575206e+02
4.742219861209433134e+02
4.714363617818705166e+02
4.686512139291389190e+02
4.660805089658339284e+02
4.641109420633292189e+02
4.628071037296730879e+02
4.623290458610656515e+02
4.628102738460081582e+02
4.643782875636970857e+02
4.671193207088177815e+02
4.711480189883291132e+02
4.764029791646924537e+02
4.826470640237914154e+02
4.894321809447005194e+02
4.961765827859809406e+02
5.024146403882085679e+02
5.078550383411040343e+02
5.124056584852896776e+02
5.160380027125218021e+02
5.187999325267526274e+02
5.207685468368142665e+02
5.221141779021911589e+02
5.229866833933812131e+02
5.235706847089840039e+02
5.240055328479916170e+02
5.244019743448480995e+02
5.248313457690967425e+02
5.253803180825382242e+02
5.259989157116096976e+02
5.265751105735655528e+02
5.270179197676575313e+02
5.272261630058652599e+02
5.271121345441898711e+02
5.266253440343868988e+02
5.257271408687487337e+02
5.244347028198229737e+02
5.227673543265516400e+02
5.207652253832767428e+02
5.184773593448809379e+02
5.159420651903849375e+02
5.132071426506263379e+02
5.103060088318908356e+02
5.072714910387744567e+02
5.041318734967858290e+02
5.009081088930080909e+02
4.976216085364726496e+02
4.942873062402351252e+02
4.909199756477667052e+02
4.875315531153145230e+02
4.841318712717242079e+02
4.807302917470229886e+02
4.773484541776097672e+02
4.739886889755481434e+02
4.706435258994742981e+02
4.673197860481144517e+02
4.640231509561178882e+02
4.607609356278644555e+02
4.575385581035550331e+02
4.543637532621380046e+02
4.512430830262123891e+02
4.481839431174112178e+02
4.451954073614300569e+02
4.422844334931531876e+02
4.394629716158359543e+02
4.367387482330037187e+02
4.341245615624915217e+02
4.316315883827764992e+02
4.292701249706851172e+02
4.270552063294310869e+02
4.249919671053810362e+02
4.230930906677915004e+02
4.213582050493941438e+02
4.197877241673969593e+02
4.183743186073421612e+02
4.171012735754792402e+02
4.159875528442786390e+02
4.149404370958222330e+02
4.139555096136592738e+02
4.129992322389969672e+02
4.120468330365980023e+02
4.110687417857645869e+02
4.100493596821008850e+02
4.089709569918370562e+02
4.078255150584139983e+02
4.066106647413878932e+02
4.053232657963606584e+02
4.039720462686908604e+02
4.025587380605990120e+02
4.010953278398487214e+02
3.995887489587402683e+02
3.980488538633536564e+02
3.964856580680477123e+02
3.949062501005084300e+02
3.933202827741493479e+02
3.917331893815080548e+02
3.901524268644578228e+02
3.885820853674173918e+02
3.870272418643739343e+02
3.854904039667518418e+02
3.840007707584313721e+02
3.824705664484823728e+02
3.809634152641235119e+02
3.794801049877120818e+02
3.780182424432978792e+02
3.765779421644404010e+02
3.751560940785422531e+02
3.737510960993320168e+02
3.723606906895755628e+02
3.709813892462605054e+02
3.696119809874705311e+02
3.682485997950668093e+02
3.668897194218619120e+02
3.655328831171581783e+02
3.641758688004886153e+02
3.628177815867917957e+02
3.614567176755447235e+02
3.600923035804078154e+02
3.587239581237340644e+02
3.573513548428320519e+02
3.559749441981920768e+02
3.545949174119401732e+02
3.532119402851533891e+02
3.518267537966248710e+02
3.504614262983722597e+02
3.490455079318750791e+02
3.476315350760975775e+02
3.462200348676087174e+02
3.448116775415296047e+02
3.434072681306265054e+02
3.420072389100556052e+02
3.406128173266651515e+02
3.392247166550455404e+02
3.378442301133609362e+02
3.364731188969284403e+02
3.351130312852457109e+02
3.337670903291331683e+02
3.324383955257940215e+02
3.311318123307155474e+02
3.298533725490501070e+02
3.286116603381109940e+02
3.274176944302936363e+02
3.262879909043878115e+02
3.252428520959435332e+02
3.243108529919408056e+02
3.235295136006608345e+02
3.229394522502855693e+02
3.225953322925671500e+02
3.225335060660214594e+02
3.230697834907728065e+02
3.239058608007825342e+02
3.249973700079844434e+02
3.262898387967759959e+02
3.277120226559163711e+02
3.291898320562265781e+02
3.306804694001888265e+02
3.321466034253096495e+02
3.335854965330864843e+02
3.350121477741154195e+02
3.364348973259382092e+02
3.378769035532389466e+02
3.393313611200335913e+02
3.407900373399232876e+02
3.422305414101618908e+02
3.436205866380105363e+02
3.449355353271081981e+02
3.461486972086649985e+02
3.472387256142839647e+02
3.481988826214001165e+02
3.490191553874296915e+02
3.497042973070084031e+02
3.502595785969854774e+02
3.506199398331455086e+02
3.509225489539080627e+02
3.511068999518900000e+02
3.511877913341672865e+02
3.511770129928406732e+02
3.510839034219274026e+02
3.509210330506173818e+02
3.506955270152773210e+02
3.504172978656534951e+02
3.500941203994045168e+02
3.497327420263444537e+02
3.493414913248382163e+02
3.489261697318643769e+02
3.484944026951883984e+02
3.480526020916132666e+02
3.476073961799788776e+02
3.471653597154206068e+02
3.467327596664314910e+02
3.463151879077299213e+02
3.459182860417992629e+02
3.455462322311686307e+02
3.452027859051607379e+02
3.448912527191903905e+02
3.446125467405178142e+02
3.443333912226348730e+02
3.441153850853766016e+02
3.439440461808781038e+02
3.438223474581009214e+02
3.437550104681886864e+02
3.437481476872953863e+02
3.438064745999498086e+02
3.439393060537958604e+02
3.441520204074503226e+02
3.444538168877114686e+02
3.448505343200291691e+02
3.453467526921167519e+02
3.459459001963518290e+02
3.466448331380934178e+02
3.474405097846317858e+02
3.483208234161392056e+02
3.492753663705465215e+02
3.502850857970314564e+02
3.513322930070464167e+02
3.523967880209282271e+02
3.534558803971324323e+02
3.544927081344118278e+02
3.554842227129919365e+02
3.564167246694535720e+02
3.573086557514777724e+02
3.582006362217968558e+02
3.590014926667283248e+02
3.597127146969944533e+02
3.603442230834049269e+02
3.609231204877451660e+02
3.614893371831648210e+02
3.621162281837196701e+02
3.628999026486915227e+02
3.639817522135357990e+02
3.655557930430618399e+02
3.678214717128824987e+02
3.710371634581851481e+02
3.753334312881318056e+02
3.807612446757445355e+02
3.871619803902065087e+02
3.941151707332032288e+02
4.010167708838207545e+02
4.073010561581854745e+02
4.125958647197474534e+02
4.168623817875184727e+02
4.203004773872747819e+02
4.232810079902465645e+02
4.266452569950820930e+02
4.312913882866768063e+02
4.373467321504019196e+02
4.438437445293944279e+02
4.501233854088749808e+02
4.564795440602266012e+02
4.628606589513386211e+02
4.683706503089233593e+02
4.723470111109469372e+02
4.749555406770789432e+02
4.766743246040155668e+02
4.781745363006895104e+02
4.798445235005495420e+02
4.818240301323817221e+02
4.839490630411630150e+02
4.858815206195343990e+02
4.873030138066818040e+02
4.879714177366046215e+02
4.877788703678478441e+02
4.867590500021713069e+02
4.850052064571591472e+02
4.826663057317089738e+02
4.798958190744197054e+02
4.768104746103552998e+02
4.735299364795524752e+02
4.701503229445722241e+02
4.667345736380723338e+02
4.633279303340116826e+02
4.599627536533135412e+02
4.566701579463477856e+02
4.534696173047359480e+02
4.503750462419131395e+02
4.473990670827908502e+02
4.445441684353748997e+02
4.418128591609979026e+02
4.392016710797601604e+02
4.367020503847205077e+02
4.343037497072377846e+02
4.319909891992153916e+02
4.297468987135614498e+02
4.275523100931075078e+02
4.253888652085821036e+02
4.232379780357420032e+02
4.210858241142670977e+02
4.189215493356275601e+02
4.167379354410247743e+02
4.145354049808858008e+02
4.123135304298953656e+02
4.100803557648388278e+02
4.079235586558420437e+02
4.058033556040477947e+02
4.037071637730028897e+02
4.016474766493777793e+02
3.996459648222299847e+02
3.977277033679288820e+02
3.959303117621635693e+02
3.943129841776110425e+02
3.929487852717381315e+02
3.919676739822882041e+02
3.914959190478268169e+02
3.916894251872420796e+02
3.926224986593589392e+02
3.942070148978056068e+02
3.961851858352112572e+02
3.982252126354380835e+02
4.000753494639587871e+02
4.017528439100951800e+02
4.033863458657619390e+02
4.052249361473226941e+02
4.074967718481452721e+02
4.103880712532786106e+02
4.140321361980290362e+02
4.184137197619229482e+02
4.233446099655641319e+02
4.285890371421224359e+02
4.339022019877744469e+02
4.391240481289616469e+02
4.443833953933965404e+02
4.502140732831130663e+02
4.574439858207022098e+02
4.669784028284968258e+02
4.789213232993218412e+02
4.928743695770645559e+02
5.085403452612853812e+02
5.257137419343948750e+02
5.438057299854308440e+02
5.612443159963740982e+02
5.756491181399724155e+02
5.851747368705716781e+02
5.898375323557254433e+02
5.907607153246805183e+02
5.895025272594660919e+02
5.871272166913222463e+02
5.843987189405373783e+02
5.818483850452346360e+02
5.798686620131907148e+02
5.787488332464398582e+02
5.786815186610820092e+02
5.795948371325159769e+02
5.813304542386176763e+02
5.837847495871992578e+02
5.871242083442178910e+02
5.923829451263927695e+02
6.012111941306150129e+02
6.149028877106215987e+02
6.300462883955701727e+02
6.408857771814973603e+02
6.456457519764049948e+02
6.463973639006948133e+02
6.448308773906383067e+02
6.420406571174620467e+02
6.384973148200151627e+02
6.344565566128065939e+02
6.300773067075231211e+02
6.254437204089824718e+02
6.206291453974604337e+02
6.156831823855778794e+02
6.106541593859917612e+02
6.055733644074200583e+02
6.004648546656463850e+02
5.953341309275214144e+02
5.902129194723669343e+02
5.850536043620800228e+02
5.798242838153964840e+02
5.745107584568801258e+02
5.691161046964676871e+02
5.636552880958604419e+02
5.581486058071883463e+02
5.526290845096207249e+02
5.471233114540688121e+02
5.416607434020642131e+02
5.362685304373995905e+02
5.309618975225695294e+02
5.257619667364281213e+02
5.206767866241019647e+02
5.157159698487236028e+02
5.108883870528488842e+02
5.061935212105141204e+02
5.016410364487639981e+02
4.972279118003981466e+02
4.929588971777150164e+02
4.888371086683792441e+02
4.848608985115932910e+02
4.810401571587846092e+02
4.773704293841314552e+02
4.738908100109553061e+02
4.705767158064290356e+02
4.674169238405023634e+02
4.644171830289688501e+02
4.615686773422320357e+02
4.588762921111587616e+02
4.563295606086819021e+02
4.539239541604587203e+02
4.516532264628095277e+02
4.495051265932792717e+02
4.474788350684079887e+02
4.455701911815615404e+02
4.438033802221631277e+02
4.422460598671327716e+02
4.410732753900117586e+02
4.407551518867184086e+02
4.422030574367221902e+02
4.474468908007328309e+02
4.589966996218356030e+02
4.781732636659292552e+02
5.010396215726781293e+02
5.204458984913707127e+02
5.325298682315661836e+02
5.396093814109854065e+02
5.429863251182626982e+02
5.457939101537153874e+02
5.490197542337398318e+02
5.518426791487081573e+02
5.530196582402919603e+02
5.519400952405712815e+02
5.488584127208762311e+02
5.444204518629265976e+02
5.391539981002932791e+02
5.334891335310144314e+02
5.276547393960511272e+02
5.217867647292596303e+02
5.159642689658737709e+02
5.102273640677453272e+02
5.045972115789020904e+02
4.990912716224892733e+02
4.937104876996884855e+02
4.884614964251067590e+02
4.833458026731630071e+02
4.783616684639618484e+02
4.735155900672215239e+02
4.688016198849297780e+02
4.642271263264547088e+02
4.597904339063242105e+02
4.553758469368781903e+02
4.510567640531284042e+02
4.468635597518858162e+02
4.428020519447642300e+02
4.388642503999183759e+02
4.350516630357918757e+02
4.313625408934355505e+02
4.277914721090045305e+02
4.243423108792954395e+02
4.210055670934092404e+02
4.177820863382721654e+02
4.146667176910622743e+02
4.116534322852951391e+02
4.087420415525392059e+02
4.059212552212059109e+02
4.031913113185965472e+02
4.005413371976393364e+02
3.979673998904298173e+02
3.954624270974725846e+02
3.930187254512275103e+02
3.906316855327971211e+02
3.882929475632984122e+02
3.859969156693076116e+02
3.837381590114337655e+02
