nan
3.960306118295019360e+02
3.925026795977011034e+02
3.945790756704981277e+02
3.920886027298850536e+02
3.902980156449553419e+02
3.987819552203065996e+02
3.891173664030673081e+02
3.806526724137930842e+02
3.793939004712836436e+02
3.824014750957854289e+02
3.739613207923955542e+02
3.729825497244189023e+02
3.717320768431983424e+02
3.674007714274302998e+02
3.554191490933780528e+02
3.499254145698538423e+02
3.529587013739116514e+02
3.496229876587586887e+02
3.433630841121495223e+02
3.430000000000000000e+02
3.432574071411454497e+02
3.459155164150491260e+02
3.469642962696701147e+02
3.555631780810983287e+02
3.519100862401178347e+02
3.380480346199540236e+02
3.349016088073190645e+02
3.323215654336282228e+02
3.408174792729643059e+02
3.385526139047025254e+02
3.408825963509271446e+02
3.424689729227641806e+02
3.481448865265561494e+02
3.374080411356879381e+02
3.437570227415780550e+02
3.403935626044739138e+02
3.441217986115809140e+02
3.393165503003438630e+02
3.366734098595152886e+02
3.283353090740255880e+02
3.312318254411979979e+02
3.434296696595488356e+02
3.328626907041141862e+02
3.311759661069058893e+02
3.328163747912691974e+02
3.329170020538819585e+02
3.276578479405429789e+02
3.277485777743881386e+02
3.237822258085234921e+02
3.180065237679488064e+02
3.220286161680778036e+02
3.267608199080628424e+02
3.212473678677224598e+02
3.224214114344788413e+02
3.270015953630514787e+02
3.204603966919700611e+02
3.211849194172756370e+02
3.239777256861891033e+02
3.256341099061979207e+02
3.240005555555555929e+02
3.215970489467325706e+02
3.136571653854235251e+02
3.021891737372740181e+02
2.994725566089413746e+02
3.009232943151690733e+02
3.006028225429365079e+02
2.957720307231277275e+02
2.882095069287794331e+02
2.852820146620708215e+02
2.848737036480878260e+02
2.806166058215479211e+02
2.822528081290759019e+02
2.877024065288453016e+02
2.882869934872286990e+02
2.819276363621813175e+02
2.728366308681260080e+02
2.710462740364515639e+02
2.710000000000000568e+02
2.712397786226005110e+02
2.739991666666666106e+02
2.768125455127168379e+02
2.779327422880123208e+02
2.771684069830116073e+02
2.778654561435886876e+02
2.772085649732553065e+02
2.799090480294922827e+02
2.819227459834863794e+02
2.808196670259352459e+02
2.780008333333332757e+02
2.752036583841494348e+02
2.753329929160641996e+02
2.788432656706054331e+02
2.780929972619047703e+02
2.782702219760934099e+02
2.846020680444237883e+02
2.867808368962673740e+02
2.859573525015605924e+02
2.837271967508185071e+02
2.790983323665548710e+02
2.767391743540719631e+02
2.725826781123102478e+02
2.768163912067652745e+02
2.785740024834396991e+02
2.760634384376500634e+02
2.748184673907937281e+02
2.722742365778810836e+02
2.747025825927737515e+02
2.739250306984532131e+02
2.722336730803695559e+02
2.758174812708728609e+02
2.778222739584012402e+02
2.750842787751662968e+02
2.740654297567112962e+02
2.870346619196180882e+02
2.850008333333333326e+02
2.821733161801401479e+02
2.838217442066976446e+02
2.841002717329234883e+02
2.856589164317351788e+02
2.830008333333333326e+02
2.801145751437592821e+02
2.800901751863419804e+02
2.809997222222222604e+02
2.817624571838570660e+02
2.802012570051821854e+02
2.811842570500431293e+02
2.861727634063268511e+02
2.926257348539758141e+02
2.903442142874378078e+02
2.908333959785226739e+02
2.888763166523763743e+02
2.862013318799884587e+02
2.952975140528731117e+02
2.897984211063788962e+02
2.904584502360262945e+02
2.820439225470059910e+02
2.852782058958140396e+02
2.925844007359623902e+02
2.921747126787482216e+02
2.929997222222222604e+02
2.941649108115191211e+02
2.969991666666667243e+02
2.999439532077615809e+02
3.018351852932295856e+02
3.020815617781441915e+02
3.034790948056299840e+02
3.002536752237455175e+02
3.007921934053994732e+02
2.992904640598043216e+02
3.007800165313206548e+02
2.978281085773234054e+02
2.931344804334498235e+02
2.910005555555555929e+02
2.890630726843617708e+02
2.881607885328964471e+02
2.895082916545702005e+02
2.861304884928775891e+02
2.849161816503278146e+02
2.831061137611285403e+02
2.829361402819819205e+02
2.820742185892523821e+02
2.820000000000000000e+02
2.818293272265960923e+02
2.800486236758765699e+02
2.789255164458500076e+02
2.767421030791393832e+02
2.715658867973123733e+02
2.756682334706045481e+02
2.766802555544109055e+02
2.724681005456552612e+02
2.815760296179956867e+02
2.713947833854490455e+02
2.793204450929547420e+02
2.809535851893884342e+02
2.811672408956443974e+02
2.831505921244494743e+02
2.879279962067885776e+02
2.919321050852745429e+02
2.948946345247915133e+02
2.955113371269885647e+02
2.910970994001799568e+02
2.884713411833358236e+02
2.903039450228682199e+02
2.825355130350868080e+02
2.828301089660062644e+02
2.923103994890984154e+02
2.898369863090018725e+02
2.855849690366401887e+02
2.907976504669617270e+02
2.939991666666666674e+02
2.966363024780186493e+02
2.939758018146275163e+02
3.008481630143174925e+02
3.059986111111110745e+02
3.105139786216868742e+02
3.078253104017575765e+02
3.023044223772395185e+02
2.998041040237757215e+02
2.946411562536811743e+02
2.955109567141230400e+02
2.895987545374146066e+02
2.915481979664662049e+02
2.998740412932007189e+02
2.906400796755977467e+02
2.866421754767150674e+02
2.771487571120708822e+02
2.692443420661721234e+02
2.652361496538158576e+02
2.647742478570269782e+02
2.623096659434357321e+02
2.653912880346783254e+02
2.729977777777777987e+02
2.802181211078025740e+02
2.793303915907038117e+02
3.045436862922377372e+02
2.921946010596759606e+02
2.903134841886414961e+02
2.952888838846434965e+02
3.030677964279370258e+02
2.981191881514778856e+02
2.943015574025993715e+02
2.940000000000000568e+02
2.941545590137039312e+02
2.955535635447428717e+02
2.900673817646248267e+02
2.856893703369374293e+02
2.897267057705950606e+02
2.896866434425099897e+02
2.861581568874559593e+02
2.851443320234069461e+02
2.856946140827707836e+02
2.824733456476887454e+02
2.859240196756576893e+02
2.888430736687637364e+02
2.900875368001539414e+02
3.020440089205952745e+02
3.003905129651812445e+02
3.040951543439667830e+02
3.202378144780795424e+02
3.097494519245618108e+02
3.155801692299595516e+02
3.168708183205972659e+02
3.270049828564661425e+02
3.231784607174325856e+02
3.077325661760577304e+02
3.109477984575159439e+02
3.139942552998136307e+02
3.069499969118656963e+02
3.140634928757358466e+02
3.218279315383174435e+02
3.155460329032543996e+02
3.168427661656994019e+02
3.171046971842299058e+02
3.196476885497758076e+02
3.296308146771027623e+02
3.345854058916057170e+02
3.332251631952493653e+02
3.336875362264162845e+02
3.291567512889108684e+02
3.263928754117810627e+02
3.292195296251930472e+02
3.223447183713784625e+02
3.191073125905541588e+02
3.164927460651512661e+02
2.994671854729195388e+02
3.052720958439467722e+02
3.039385753174179854e+02
3.010008333333333326e+02
2.980759449062053932e+02
2.962038061699365130e+02
2.975357674033327839e+02
2.948928729105140860e+02
3.048137949034198186e+02
2.995888777978374833e+02
2.886015250824687541e+02
2.871569560565227448e+02
2.882091165906820152e+02
2.917741500232629051e+02
2.817355928680166812e+02
2.810000000000000000e+02
2.808502615735375230e+02
2.795728965478664350e+02
2.876867751999559459e+02
2.923825449878361837e+02
2.873913462985146339e+02
2.869315007701686682e+02
2.860535174063882096e+02
2.860000000000000000e+02
2.863132064108636996e+02
2.919983333333333917e+02
2.977504123807831888e+02
3.000582051868500457e+02
3.026987203751783682e+02
3.018986524705873649e+02
2.993099513607411382e+02
3.002226626720729996e+02
3.042100299356131927e+02
2.981395407340540942e+02
2.927294835483728548e+02
2.836294908927578717e+02
2.812622985161302722e+02
2.839991666666666106e+02
2.869381450387763834e+02
2.891175030785888680e+02
2.928491504624264508e+02
2.944791344514345610e+02
2.870022222222222581e+02
2.797303003679107860e+02
2.839986111111110745e+02
2.889301118812798563e+02
2.929456492602785147e+02
2.956817915692716383e+02
2.950524788462550418e+02
2.949274318066169371e+02
2.941242382540528411e+02
2.951172437070334240e+02
2.976987203751783113e+02
2.972035283921587734e+02
2.996900486392589187e+02
2.991674831151658509e+02
3.009337293464862455e+02
3.015181352085882054e+02
2.963823341433892438e+02
2.968430439434772552e+02
2.961573235541225699e+02
2.979274173216298323e+02
2.989997222222222604e+02
2.998226342710057111e+02
2.982251631952493653e+02
2.988436292243192725e+02
2.967675119555225933e+02
2.921694069225093244e+02
2.894809827130916915e+02
2.809617669954154167e+02
2.839988888888889278e+02
2.880782326632377135e+02
2.921633940154745233e+02
2.824384647158541952e+02
2.775592110321267114e+02
2.812926926009170074e+02
2.891712726984071082e+02
2.884070567843174331e+02
2.933800972785177237e+02
2.919448204430928513e+02
2.895922692149566728e+02
2.948607370437235886e+02
2.987813646164760257e+02
2.986083043031374018e+02
2.942107832573486235e+02
2.933604133918507841e+02
2.977921700514625059e+02
3.128146914363338169e+02
3.111505717597958665e+02
3.100523087770787356e+02
3.096115939999449438e+02
3.051694069225093244e+02
3.033252885820954816e+02
3.056566705175102925e+02
3.042667536986075447e+02
3.058883538257839518e+02
2.964206641033738379e+02
2.940167880406967811e+02
3.028813001579688944e+02
2.974132696412837049e+02
2.976760041558486591e+02
3.057434367320238380e+02
3.104625659300004941e+02
3.202201626720729450e+02
3.336675356213203258e+02
3.429974999999999454e+02
3.525413106810322006e+02
3.713864179190848063e+02
3.956738650308275851e+02
4.327820205731828764e+02
4.787662341088611129e+02
5.043914338808179991e+02
4.783034120488422900e+02
4.850603864570265955e+02
4.774483204442245210e+02
4.526795721344817025e+02
4.390824580365223255e+02
4.545432716164279441e+02
4.777153044689063108e+02
4.799997222222222604e+02
4.808953200852675991e+02
4.805808233248425836e+02
4.865022136504553032e+02
4.861177992625889601e+02
4.853472676190364723e+02
4.675302129411902570e+02
4.746111024657403163e+02
4.784415377642620228e+02
4.732645270584993114e+02
4.712069499899700418e+02
4.719453411541190917e+02
4.715299651637650413e+02
4.658969694824368162e+02
4.582183035906659825e+02
4.532454754004500046e+02
4.518231898265611335e+02
4.469529421258733919e+02
4.306814029909128863e+02
4.260889256890428669e+02
4.334374398879317596e+02
4.323508117246979623e+02
4.227565470836993882e+02
4.218402811141689313e+02
4.202703337229136764e+02
4.313699760671614740e+02
4.330722904156052664e+02
4.350614246825819578e+02
4.374115592426105081e+02
4.314526138816768253e+02
4.302543410457540176e+02
4.337670503683330594e+02
4.357800137966997909e+02
4.497986880394587956e+02
4.613086852186181090e+02
4.631293473547929693e+02
4.503172454463789336e+02
4.404739151068122851e+02
4.400086574971821847e+02
4.540711242371583012e+02
4.963896544932676989e+02
5.014750821740478841e+02
4.982612661076161089e+02
4.985336350221562043e+02
4.940013888888888118e+02
4.890013888888889255e+02
4.848918788766952730e+02
4.917848192633362032e+02
4.962369202119352281e+02
5.027892512816463864e+02
5.059991666666666106e+02
5.086892654759790844e+02
5.075294022372060567e+02
5.130216051082184094e+02
5.070362262483574227e+02
4.845525345814833145e+02
4.778899186639635559e+02
4.714619501301515356e+02
4.716191833032436307e+02
4.788011165017293251e+02
4.687270721773062405e+02
4.756834084473103985e+02
4.784949768069644733e+02
4.745739597158790843e+02
4.647114073604219584e+02
4.649248530089909650e+02
4.651560929979030448e+02
4.666785862664797264e+02
4.548999850681979069e+02
4.554149249966725392e+02
4.491389429041069548e+02
4.439481492602785693e+02
4.386364168614567802e+02
4.397906401705351982e+02
4.374925782018737550e+02
4.294983419051002329e+02
4.277652348081553555e+02
4.233018351803771111e+02
4.222543410457540745e+02
4.249169757929616367e+02
4.163371884525539031e+02
4.118696809151948628e+02
4.061392629562763545e+02
4.019467300430079035e+02
3.978631194219864824e+02
4.021607558594941452e+02
3.943712931112551701e+02
4.010211539537554586e+02
3.957693255663830314e+02
4.003245104142520177e+02
3.986252053249451706e+02
4.066090939999449461e+02
4.115589490009570568e+02
4.239569654261832738e+02
4.228635570958929861e+02
4.191608299969422546e+02
4.184763404238704538e+02
4.229986111111110176e+02
4.288694294317083404e+02
4.442515149201273061e+02
4.484708318085652081e+02
4.309587342280073017e+02
4.332872339607778827e+02
4.260844130959272320e+02
4.287724386369319518e+02
4.146475996711761240e+02
4.191402278680466793e+02
4.034735666165646535e+02
4.072559078997400093e+02
3.843685633949886551e+02
3.820723049005923713e+02
3.816338702326582961e+02
3.770641943739661883e+02
3.871731053211228186e+02
3.878030092382993530e+02
3.685597351113310651e+02
3.650565615667622978e+02
3.639353311724698301e+02
3.619320563257243180e+02
3.589475937047230332e+02
3.551597986598087004e+02
3.530005555555555361e+02
3.517988056827696823e+02
3.591917569042120135e+02
3.558835896262997949e+02
3.501518898124107295e+02
3.464076123398730260e+02
3.505398454368525449e+02
3.594363612954891778e+02
3.440704373201804174e+02
3.287612240372977794e+02
3.232732942294049394e+02
3.230783391393724742e+02
3.237379792616475243e+02
3.210094908305155741e+02
3.296921140827707859e+02
3.348215231598945252e+02
3.364004907385943284e+02
3.311577596645696531e+02
3.281561957333552755e+02
3.271682958113981954e+02
3.292592308656764430e+02
3.344503394946831918e+02
3.330005555555555929e+02
3.330634936886235664e+02
3.534795023474920868e+02
3.497111161153563899e+02
3.417462628576503789e+02
3.439991666666666106e+02
3.471493898124107318e+02
3.513380466143730700e+02
3.443886197564820009e+02
3.416139195704228655e+02
3.478149060145310045e+02
3.394843647914116787e+02
3.360552144014365581e+02
3.337655381374380568e+02
3.291584346652337558e+02
3.269285284327408476e+02
3.240618549612236734e+02
3.221776435067722559e+02
3.229248530089910219e+02
3.230000000000000568e+02
3.236214496000879421e+02
3.306617417105368872e+02
3.331942842603684198e+02
3.377246141917860314e+02
3.390529618508326735e+02
3.407614131213981636e+02
3.401568809832096463e+02
3.419994444444443502e+02
3.436275630156192165e+02
3.400011111111111290e+02
3.359259995382390684e+02
3.313062648104603340e+02
3.319224427153703232e+02
3.318885297750746304e+02
3.296719800657647284e+02
3.234835314580784029e+02
3.229456189318968313e+02
3.221569560565228016e+02
3.228950250379922977e+02
3.222163591462215777e+02
3.239994444444444071e+02
3.258223564932278578e+02
3.251500162042403304e+02
3.259476912229212076e+02
3.253008691999010011e+02
3.177305781456886393e+02
3.208040490729649719e+02
3.223422183713784648e+02
3.275191766758398444e+02
3.252388646563796328e+02
3.249477989315226409e+02
3.237100050042453177e+02
3.188154481744763302e+02
3.113547866766559196e+02
3.088503324098113012e+02
3.050011111111111290e+02
3.010783906179630662e+02
2.984467142330348679e+02
3.031957564049855023e+02
3.115481629362165563e+02
3.281375579857230491e+02
3.631279916891245989e+02
3.892075488960536518e+02
3.997724833565962399e+02
3.961000559686916631e+02
4.067605493983778615e+02
4.157464699100903545e+02
4.344518679804277781e+02
4.763460614218482192e+02
4.916687388011484359e+02
5.128500953581698241e+02
5.070984876773001702e+02
5.126786177838932872e+02
5.136823471248272881e+02
5.106876269224695761e+02
5.022927727735323629e+02
4.965055469837885767e+02
4.847087400199785066e+02
4.831505009235218040e+02
4.837964716078413403e+02
4.823145849498164353e+02
4.931568523998424212e+02
4.773195797369408524e+02
4.752797686021008303e+02
4.531698098709762803e+02
4.345126857932536382e+02
4.398036803254327083e+02
3.969033535208773174e+02
3.985854512140360839e+02
4.252798164715728717e+02
4.295719757000788377e+02
4.490573309014711185e+02
4.533774392888008151e+02
4.507291892567997138e+02
4.580882475256882458e+02
4.529739004414199144e+02
4.351235877563735812e+02
4.352377535452685606e+02
4.389988888888888141e+02
4.425634797285902096e+02
4.392651088877046277e+02
4.143576956504533086e+02
4.373164958441512340e+02
4.555376861176429202e+02
4.641474254246286364e+02
4.623317342060033184e+02
4.500553304562192807e+02
4.501738667067861570e+02
4.408940156415713432e+02
4.272015331277656855e+02
3.951613912487509879e+02
3.825882078130323407e+02
3.891431972095361402e+02
3.848243009376723762e+02
3.774514375016098029e+02
3.745322765618465723e+02
3.643137803555995902e+02
3.585141067470283360e+02
3.747862598639729299e+02
3.637573804170327207e+02
3.605332296194371793e+02
3.662839615864166944e+02
3.657835715827147851e+02
3.773432751484409096e+02
3.815650272219262433e+02
3.783544651668716483e+02
3.658301161904817036e+02
3.620516459869286336e+02
3.602323940761113477e+02
3.608882519972968339e+02
3.600002777777777396e+02
3.588626814881680502e+02
3.562727386738494033e+02
3.577644270263268140e+02
3.566861862250881359e+02
3.507222156725904370e+02
3.524499720156541684e+02
3.471787546178833281e+02
3.438510949068707419e+02
3.393135748846947877e+02
3.398443598222002606e+02
3.390562837889846151e+02
3.386103203681520881e+02
3.339606558843043445e+02
3.407848192633362601e+02
3.446021700171450561e+02
3.442612831201640802e+02
3.477811843087395118e+02
3.493716036510473941e+02
3.564681414948004203e+02
3.700944944588684393e+02
3.733894148235239641e+02
3.653888975342597405e+02
3.610011111111111290e+02
3.568696809151948059e+02
3.514144555354957333e+02
3.516525728172386493e+02
3.617432404367064578e+02
3.587393681505363929e+02
3.515870967019212117e+02
3.619590212147541024e+02
3.589420817940389838e+02
3.540762581021201640e+02
3.497929871139072588e+02
3.426236718223102002e+02
3.413279278655182338e+02
3.311723722288771228e+02
3.372998187001272754e+02
3.592361478114128204e+02
3.533989410939661298e+02
3.513058600452654332e+02
3.705425250212268793e+02
3.739994444444444071e+02
3.755293585051995819e+02
3.697763319480503696e+02
3.612057506143809178e+02
3.559241093820369315e+02
3.510048986909951054e+02
3.606166496095453908e+02
3.527273074207805621e+02
3.410368514050721842e+02
3.455282984970983193e+02
3.455288626709655091e+02
3.389472323159941425e+02
3.543237620932068808e+02
3.619980555555555952e+02
3.686985787026305843e+02
3.717390116701616876e+02
3.711657735557205342e+02
3.817082506311321595e+02
3.735872972255497189e+02
3.717262808584527534e+02
3.673208266605512904e+02
3.679203784478735315e+02
3.675823914521816960e+02
3.604376313825208058e+02
3.583724369843807267e+02
3.611174777528046889e+02
3.519795060028924922e+02
3.526437558692778111e+02
3.482332274094447939e+02
3.458890853306301096e+02
3.429868375804834386e+02
3.531345407340540419e+02
3.649631485949278158e+02
3.608633971997642789e+02
3.649462625189961500e+02
3.682065905379283208e+02
3.621239877002249727e+02
3.572375061571776769e+02
3.560002777777778533e+02
3.551563707756807844e+02
3.574655316445104063e+02
3.642136936208823954e+02
3.591965064825905642e+02
3.560008333333333894e+02
3.536397088766578918e+02
3.611247184821636438e+02
3.596873491446918365e+02
3.522924949957546232e+02
3.480630913492486798e+02
3.453533977877669372e+02
3.481493898124107886e+02
3.522872339607779395e+02
3.447752950685194264e+02
3.450554573346849452e+02
3.466708689546535425e+02
3.437944388989187132e+02
3.389805258925245539e+02
3.491349361335690560e+02
3.505809334853026940e+02
3.442900529357028745e+02
3.410008333333333894e+02
3.382959799186943997e+02
3.392507523121317945e+02
3.318981602236202662e+02
3.223135025778216800e+02
3.166737388011484882e+02
3.208942410430975656e+02
3.125785378416745743e+02
3.228369477808354873e+02
3.301725931899783291e+02
3.187347038475708700e+02
3.180725681933830629e+02
3.189377419840847097e+02
3.195288466816505206e+02
3.271712726984071082e+02
3.258989302483651045e+02
3.227739061796305577e+02
3.276639226585572260e+02
3.284600056857070172e+02
3.358236332932137884e+02
3.529614819282611506e+02
3.540783391393725310e+02
3.551044194064521093e+02
3.587914650176272744e+02
3.713248732043180667e+02
3.750581959837388695e+02
3.785496736095013830e+02
3.766883695597496171e+02
3.690022222222221444e+02
3.610022222222222581e+02
3.536516882753020923e+02
3.547254475251193639e+02
3.526811177838932849e+02
3.457163161913612157e+02
3.455299126059265973e+02
3.387279041560531709e+02
3.398135037300318686e+02
3.396466459442395376e+02
3.475701023376527132e+02
3.402057506143809746e+02
3.359287429711121717e+02
3.409390884187644133e+02
3.305290541169985090e+02
3.262075055455256347e+02
3.251090399139842475e+02
3.261564005009672655e+02
3.288944694824367048e+02
3.294235052397053209e+02
3.235511390954569606e+02
3.248813858103000598e+02
3.247753923603061708e+02
3.214284923410224337e+02
3.094021504890869210e+02
3.121109009113025081e+02
3.190374790182611378e+02
3.385554050624323850e+02
3.408400033363910779e+02
3.391592431042531075e+02
3.396786138902047014e+02
3.509078659881423050e+02
3.501245160318306944e+02
3.496474355455663385e+02
3.441518898124107864e+02
3.393405466143731246e+02
3.249367098935208560e+02
3.307191022154643179e+02
3.340648817646248290e+02
3.373109074408403103e+02
3.329805258925245539e+02
3.428215795760790456e+02
3.420478051756322770e+02
3.561225725845981742e+02
3.491245432557806225e+02
3.430644721517440985e+02
3.558419745472324962e+02
4.007896759049660886e+02
4.253516169774037508e+02
4.192181380653267979e+02
3.991751500066548601e+02
3.942066088006048972e+02
3.934261948066608738e+02
3.985698676172778505e+02
3.927615324859200996e+02
4.447581456319721269e+02
4.394369172225182751e+02
4.354711970503560110e+02
4.372713227128310223e+02
4.209199055424919607e+02
4.193093958051854884e+02
4.228909284660696244e+02
4.394175598712264446e+02
4.360701870336936850e+02
4.321098732473175801e+02
4.300005555555555929e+02
4.281576013319003664e+02
4.295039120819244545e+02
4.346179342900568940e+02
4.062447283794000441e+02
3.809540995440129336e+02
3.777401227812728166e+02
3.735552906668866626e+02
3.848759908869748756e+02
3.790924141923547950e+02
3.604165509345430678e+02
3.469089625752653774e+02
3.482057289231790378e+02
3.421063465813990661e+02
3.368562525021226293e+02
3.303738258732695954e+02
3.291177992625890738e+02
3.296241643578617300e+02
3.272206147973967063e+02
3.461490034581483428e+02
3.679381537764263044e+02
3.889941666666666151e+02
4.084118093361549882e+02
4.096319875986520174e+02
4.345037785741446328e+02
4.441075739340459450e+02
4.384427646785142088e+02
4.480813422483124100e+02
4.460008333333333326e+02
4.436746562524147066e+02
4.489983333333333348e+02
4.544545649332562789e+02
4.546723499122596195e+02
4.638279055489006169e+02
4.590979321217445772e+02
4.661456659422338475e+02
4.606366946392345767e+02
4.614695318385178098e+02
4.721583133163517800e+02
4.937698053946261894e+02
4.728875659792018382e+02
4.752707671572754293e+02
4.612750385621030773e+02
4.680750572846297359e+02
4.766073542127611518e+02
4.791965897383188917e+02
4.836546203870868226e+02
4.828579975698324915e+02
4.651209900963910968e+02
4.686318931885288066e+02
4.678562235321485900e+02
4.650618549612236166e+02
4.628234676043390436e+02
4.573275659698075515e+02
4.449404468763067371e+02
4.472997580887898721e+02
4.448495872587138251e+02
4.715117950646861118e+02
5.054145177138809686e+02
5.194107529741746703e+02
5.208886316035617483e+02
5.133442017158795352e+02
5.582120094996341777e+02
5.620000000000000000e+02
5.611185888639158748e+02
5.479055055411315607e+02
5.440516459869285200e+02
5.417687170349996677e+02
5.385619720378440434e+02
5.575621524866592154e+02
5.468982647713519327e+02
5.444564670967456550e+02
5.344730903917906062e+02
5.296819205863832849e+02
5.367816964093339038e+02
5.397408108791707946e+02
5.116617097669105760e+02
5.064503263904986738e+02
5.073750724528325691e+02
4.965268349775687966e+02
4.707442419029667917e+02
4.702200851807485833e+02
4.616877700760904304e+02
4.613726774002727211e+02
4.673633053607654233e+02
4.671568809832096463e+02
4.683463307039965571e+02
4.615061025393441696e+02
4.472392096362891607e+02
4.363786134199158937e+02
4.302049172810475852e+02
4.281551145692594673e+02
4.275541191002984078e+02
4.201993675160966859e+02
4.152765814681082475e+02
4.138371345734682336e+02
4.105494850867186756e+02
4.125803779297470442e+02
4.079293617660742370e+02
4.023677964340083122e+02
4.015867947804946425e+02
3.961249826429133805e+02
4.021652817889619200e+02
3.956236718223101434e+02
3.955040541008613104e+02
4.024387814726084116e+02
3.904426504931230966e+02
3.941997389041775932e+02
3.867165939691388985e+02
3.855823914521816960e+02
3.785827677692869884e+02
3.780000000000000000e+02
3.778237177727831977e+02
3.748506101875891545e+02
3.698997635816984371e+02
3.634656214855561984e+02
3.623904235650165901e+02
3.673411823537516625e+02
3.641387074007208184e+02
3.620005555555555929e+02
3.595305207193204069e+02
3.519498736301073336e+02
3.442269610878482240e+02
3.501434749873138230e+02
3.454739012032442815e+02
3.464004907385943852e+02
3.418341626554824870e+02
3.502980914221231501e+02
3.518317041886018046e+02
3.502603419767874584e+02
3.516569482952880890e+02
3.487878748188917939e+02
3.418432568957468902e+02
3.337855160271592467e+02
3.382000832061191886e+02
3.344352505558516100e+02
3.362932481564725435e+02
3.425473861183230042e+02
3.428818438431271716e+02
3.250923800183359731e+02
3.297228897953482374e+02
3.472718561446826016e+02
3.564793647914117400e+02
3.701801173117851249e+02
3.706866434425100465e+02
3.672105054795708838e+02
3.666398643859270123e+02
3.621234321446693798e+02
3.595911265040554099e+02
3.648750173570866195e+02
3.586265942138340961e+02
3.606006272886909301e+02
3.486759610233706326e+02
3.464551817927115280e+02
3.503821180426297133e+02
3.467881525966695904e+02
3.398750037400587871e+02
3.423123730775303670e+02
3.504895226463183349e+02
3.526895432537567103e+02
3.496482688788996143e+02
3.418287273015927781e+02
3.433043203660158156e+02
3.496840261612946961e+02
3.421139702249254242e+02
3.355276652281095835e+02
3.358621259326124004e+02
3.349458967096745710e+02
3.335489295311631395e+02
3.378939139268812255e+02
3.418634921404419060e+02
3.556907251938819172e+02
3.660562515392945215e+02
3.769969444444444662e+02
3.883611614395513811e+02
4.044413759997800071e+02
4.040005555555555361e+02
4.022603419767875721e+02
4.037254475251193071e+02
4.017875970411140543e+02
3.957636353436204786e+02
3.872635053423863383e+02
3.832188156912604313e+02
3.819382975396401889e+02
3.799417948131499543e+02
3.770759449062052795e+02
3.748989302483651613e+02
3.707692725905552606e+02
3.642248848942952009e+02
3.608694031374170095e+02
3.559325907440840524e+02
3.502735720071827359e+02
3.497053300321304050e+02
3.565789890408582323e+02
3.570720271228145748e+02
3.573895059433194206e+02
3.493566759024332100e+02
3.460757025465646279e+02
3.438444625576525482e+02
3.392344324889218683e+02
3.374486036452100279e+02
3.425437070961775134e+02
3.420002777777777965e+02
3.420650703499854899e+02
3.584871905095956777e+02
3.592691850413179395e+02
3.453507751484409027e+02
3.249277762711523678e+02
3.305276918385328599e+02
3.314506694372324205e+02
3.363377688365953304e+02
3.303883419787041476e+02
3.283349662303317018e+02
3.316703133990981200e+02
3.317570573706311734e+02
3.406165547454997977e+02
3.434507926910590641e+02
3.398964139268812232e+02
3.349380192632564786e+02
3.398996662535305404e+02
3.302391728238443989e+02
3.248736747752260499e+02
3.392779770230673080e+02
3.261595290666886058e+02
3.138437012792132919e+02
3.144798716019805056e+02
3.098921566544730126e+02
3.153591800122309792e+02
3.111600764375864401e+02
3.081574365387651824e+02
3.085079773536816674e+02
3.149980555555555384e+02
3.218217733283387361e+02
3.260740004617609316e+02
3.303888592679683143e+02
3.245429009924080788e+02
3.242229404498506824e+02
3.281960341827633556e+02
3.335532945146535440e+02
3.219827481147467552e+02
3.239804800770462521e+02
3.157407570394252616e+02
3.032283499767370927e+02
3.049381450387763834e+02
3.072945910298054173e+02
3.123509328644677794e+02
3.001488486512884037e+02
3.045997939553575407e+02
2.957311337012441186e+02
2.974540706816003990e+02
3.052440084718560911e+02
3.038408366697244674e+02
3.016990772167470141e+02
3.288793626085582673e+02
3.702136761663008997e+02
3.680016666666666652e+02
3.625305133483172426e+02
3.644733856565620727e+02
3.613059870326825376e+02
3.628448854307405327e+02
3.631114702249254265e+02
3.646708689546537130e+02
3.624824203469673307e+02
3.656726024802696315e+02
3.640005555555555361e+02
3.620005555555554793e+02
3.595683928186679736e+02
3.523683519895639051e+02
3.502366728238444011e+02
3.522989212973694748e+02
3.576341163382264199e+02
3.574663649778437957e+02
3.617185810550770384e+02
3.618701067893840104e+02
3.604800501643744042e+02
3.646791733394488801e+02
3.638415902290802819e+02
3.615228440181061274e+02
3.677803509754062929e+02
3.721228493651639724e+02
3.753540999250809023e+02
3.425410772583208541e+02
3.460831500130636869e+02
3.369254982709259139e+02
3.264489364552569555e+02
3.230665484312914373e+02
3.214133444243846611e+02
3.246726024802696315e+02
3.232355729736731291e+02
3.244185109591417699e+02
3.323492558946685449e+02
3.326948918605486369e+02
3.284736234254665419e+02
3.309991666666666674e+02
3.337910426694627404e+02
3.324565093777007974e+02
3.255062763230835685e+02
3.259347756169142372e+02
3.255205053911811319e+02
3.194811011019379521e+02
3.206027255727005922e+02
3.185228440181061842e+02
3.241998054283413921e+02
3.213729925399362628e+02
3.228819229596333003e+02
3.223239958441512272e+02
3.148155024575237348e+02
3.203025399938880469e+02
3.190562906680183346e+02
3.183945683655266521e+02
3.221730333734529381e+02
3.162194687168573637e+02
3.132358507514509256e+02
3.129476514078850755e+02
3.122163591462215777e+02
3.139994444444444639e+02
3.158813858103000598e+02
3.160748692132312954e+02
3.170517532215231995e+02
3.191548068444664636e+02
3.222148047319934676e+02
3.137821370414736180e+02
3.145884490654568140e+02
3.112140696255526677e+02
3.112380313230463003e+02
3.135293570503711749e+02
3.082193712468159674e+02
3.051247938096084340e+02
3.040590385201833783e+02
3.039248884271278826e+02
3.031527157385634723e+02
3.048448854307405895e+02
3.050557351124626848e+02
3.061968675160966882e+02
3.099988888888888710e+02
3.137269835483728002e+02
3.127652603596603171e+02
3.092105054795708838e+02
3.092160813684438381e+02
3.116940585272152475e+02
3.101186141896999970e+02
3.100000000000000000e+02
3.100000000000000000e+02
3.101553624000219429e+02
3.119434384332375885e+02
3.131945620381462163e+02
3.168618904292263210e+02
3.187332463013925690e+02
3.160008333333333894e+02
3.132096376072424277e+02
3.142174268023715626e+02
3.176270074600636804e+02
3.160593162979612316e+02
3.148500546320335047e+02
3.117467700653571683e+02
3.047750172907416868e+02
3.057207688821309830e+02
3.033951239210822450e+02
3.049671944945937980e+02
2.948734304229847680e+02
2.981555671676338761e+02
3.038412875569885045e+02
3.062068683157061173e+02
2.992463087337833372e+02
2.954143163306165434e+02
2.982237743063604967e+02
3.047787983228481608e+02
3.228190930663586755e+02
3.180019444444444048e+02
3.112617308656763839e+02
3.088228240913084619e+02
3.181687718294284650e+02
3.448176379149381319e+02
3.389502989315226387e+02
3.298735960983749465e+02
3.300697408723814874e+02
3.194726296712514113e+02
3.284193236363529422e+02
3.213073759215714063e+02
3.187736284018527613e+02
3.244964395433913751e+02
3.224748347718903005e+02
3.130027777777777374e+02
3.032746831182938649e+02
2.976880323313988583e+02
2.898400774738391874e+02
2.961421098011847448e+02
3.042042188374263105e+02
3.020046095013385639e+02
3.139215196756576347e+02
3.256844806708606939e+02
3.312215213332232793e+02
3.287851952680064755e+02
3.373477561691423716e+02
3.378630015403373932e+02
3.361602744413867185e+02
3.363649720274320885e+02
3.302107487183536705e+02
3.275813788803981197e+02
3.333001961119993553e+02
3.562887162480149641e+02
3.555266143434378137e+02
3.581858864313651338e+02
3.482398054429644958e+02
3.512218293387396102e+02
3.585377720920706679e+02
3.587613556157347716e+02
3.430047222222223127e+02
3.268664527553198695e+02
3.203157582193563258e+02
3.207922983509606638e+02
3.302646849097610584e+02
3.301773657289944026e+02
3.322240520841382363e+02
3.372067351083150584e+02
3.452983691999010034e+02
3.472321322465498383e+02
3.663052771508812384e+02
3.648916010989174197e+02
3.723053848280650300e+02
3.693184862085062719e+02
3.696264128217274560e+02
3.796904391857708561e+02
3.755594888099045079e+02
3.780579274090723061e+02
3.820740004617609316e+02
3.873542996862777272e+02
3.988421076529627385e+02
4.086070764349833553e+02
4.107505798054617117e+02
3.968300221821026526e+02
3.918379679068015093e+02
3.897022928067949579e+02
4.344255735139613535e+02
4.235083565263688570e+02
4.164667412915889031e+02
4.308774969214111934e+02
4.437982036994109194e+02
4.430525865548565889e+02
4.420779589777888532e+02
4.421120120224135803e+02
4.434149249966725961e+02
4.378239352024195910e+02
4.425310073972149780e+02
4.544568325541728200e+02
4.406833361124269004e+02
4.375976113655393078e+02
4.539950000000000045e+02
4.708785458942933815e+02
4.720518397979867018e+02
4.824211966274368137e+02
4.667005155616676007e+02
4.597892556231344656e+02
4.927314032744586143e+02
4.628635294424050812e+02
4.755058481648488282e+02
4.828226906871901747e+02
4.778395219182835376e+02
4.852772287718540269e+02
4.856104940566806363e+02
4.938794413658556550e+02
4.988268483718489392e+02
4.794743901048199177e+02
4.683340471114411230e+02
4.815391214864005747e+02
4.738076601840760986e+02
4.626198264018147484e+02
4.587346351902814376e+02
4.510815659965711006e+02
4.442107487183536136e+02
4.413636743002488743e+02
4.433713258732696545e+02
4.502926488689104758e+02
4.469259995382389548e+02
4.420013888888889824e+02
4.371559479025927999e+02
4.336664226585572237e+02
4.250682150979582161e+02
4.170710203670270175e+02
4.103282308530637579e+02
4.092352951958953895e+02
4.112611874050191432e+02
4.166295402220781625e+02
4.066745712401263972e+02
4.055905709484998170e+02
4.125749849486060157e+02
4.042109017749817781e+02
3.984677538667326644e+02
3.979439939887932383e+02
3.968703845671618637e+02
3.940693325631645507e+02
3.918940762983347668e+02
3.876837360137160431e+02
3.797934179483131061e+02
3.689467198473136023e+02
3.692476431747724064e+02
3.735285251718662494e+02
3.710008333333332757e+02
3.678483953725476567e+02
3.619243871598147280e+02
3.562838520310862123e+02
3.695498234004761002e+02
3.652080611010812277e+02
3.620008333333332757e+02
3.602542595632935445e+02
3.719963888888889301e+02
3.839159820466699102e+02
3.828174906718846842e+02
3.774110957181669050e+02
3.645015509312920017e+02
3.676864251153052123e+02
3.669225965777666829e+02
3.650005555555555929e+02
3.628057157396315233e+02
3.584808834977076231e+02
3.595735274155613297e+02
3.543983855384105368e+02
3.521650606821411884e+02
3.382543362170983983e+02
3.496862099204234369e+02
3.589387392575944773e+02
3.657208810389523705e+02
3.582057506143809178e+02
3.533877864231486114e+02
3.531672053373879976e+02
3.556705911768758597e+02
3.545509407139942937e+02
3.592369983798882913e+02
3.525505961978297478e+02
3.515237636989272687e+02
3.599975000000000023e+02
3.681431972095360834e+02
3.648277993278996973e+02
3.725482847206124006e+02
3.755308876729577037e+02
3.697686230666336087e+02
3.609464939887931791e+02
3.517821370414737316e+02
3.527254475251193071e+02
3.510537951841660060e+02
3.499209340034290108e+02
3.488879737196693895e+02
3.616896058524374666e+02
3.604346950002961307e+02
3.641164103737001483e+02
3.697729986147170393e+02
3.730499793202619117e+02
3.765352118477771910e+02
3.748890853306301665e+02
3.708039658172365876e+02
3.635891555756152798e+02
3.508404679068015071e+02
3.350827835838169904e+02
3.203182582193562666e+02
3.131633136844379806e+02
3.310178206204221851e+02
3.371166697452555923e+02
3.432493634232429258e+02
3.408447403354303447e+02
3.356231162667546641e+02
3.365513963547898584e+02
3.316511327197464993e+02
3.346563927397326097e+02
3.340535174063881527e+02
3.332859060308611561e+02
3.258899181641138512e+02
3.338685960983749510e+02
3.521267211105189290e+02
3.592921370453614145e+02
3.689453824242353335e+02
3.663402688365953850e+02
3.519317985266677624e+02
3.482272835852901949e+02
3.640092735306276381e+02
3.673111852186181068e+02
3.614369929892700952e+02
3.620780613615947914e+02
3.637900500759845954e+02
3.616404199414826053e+02
3.551239877002250296e+02
3.501194475230333296e+02
3.473003101862584003e+02
3.476875362264162845e+02
3.431567512889108684e+02
3.401128453557469697e+02
3.391951175937017524e+02
3.412734413637695070e+02
3.459867803897360545e+02
3.351937677263426849e+02
3.364692540607400133e+02
3.461986943172302631e+02
3.468140592855874047e+02
3.444121585301726327e+02
3.478486657431446929e+02
3.501010697516349524e+02
3.535352118477771910e+02
3.518890853306301665e+02
3.486582620906926309e+02
3.528975630164556492e+02
3.443834452545002023e+02
3.416275464483134101e+02
3.464173998480306409e+02
3.581320634151136915e+02
3.600607438501124875e+02
3.618223564932278578e+02
3.610002777777778533e+02
3.596880917819718775e+02
3.550216556447304015e+02
3.708746019980858932e+02
3.717796370414736771e+02
3.803529629284940938e+02
3.706540395980330231e+02
3.851700931899783882e+02
3.821057910258435300e+02
3.790008333333332757e+02
3.773024183342214997e+02
3.931723496063214043e+02
3.973228847330401550e+02
3.931030141960794140e+02
3.903099513607411950e+02
3.905538413225206682e+02
3.835419387587373308e+02
3.705542740473276808e+02
3.647086205520085400e+02
3.702146641618304557e+02
3.681055305175632384e+02
3.664240607952609707e+02
3.582465865115611336e+02
3.531784768401055317e+02
3.508508171290930591e+02
3.471051731097131210e+02
3.444567871554785938e+02
3.361705180336204535e+02
3.311057589569024344e+02
3.403119521461317731e+02
3.412011277930664050e+02
3.285592953093302526e+02
3.214717540607399542e+02
3.229994444444444071e+02
3.247515234918943179e+02
3.227067518435275133e+02
3.160770560173164654e+02
3.102049172810475852e+02
3.080005555555555929e+02
3.058333502181674817e+02
3.014613945745959427e+02
3.025178574308104658e+02
2.984908185018178415e+02
3.019205497495163399e+02
3.050515152587816488e+02
3.084946990291866769e+02
3.062449198448944117e+02
3.068816635880778563e+02
3.061500162042402735e+02
3.069997222222222035e+02
3.086211718223102025e+02
3.164374398879318733e+02
3.160002777777778533e+02
3.154112731567653327e+02
3.195726940822280540e+02
3.166834582359383035e+02
3.104195529922627088e+02
3.107094494486897815e+02
3.087445961909837138e+02
3.168212177727832000e+02
3.226227754689728613e+02
3.245078487581745321e+02
3.345332674033327862e+02
3.395527302114096528e+02
3.373294088231241403e+02
3.380362704171764676e+02
3.274383818781590776e+02
3.244112156198162893e+02
3.361585336372720008e+02
3.352886640468138921e+02
3.362061632818707722e+02
3.264162607750609482e+02
3.214770266184922889e+02
3.115233655485654367e+02
3.103110025778217391e+02
3.133912087451143407e+02
3.228673290116062731e+02
3.307922800882839738e+02
3.357856525966695358e+02
3.371584097709197749e+02
3.399991666666665537e+02
3.427088938931342454e+02
3.419382975396402458e+02
3.403531200099892544e+02
3.438486657431447497e+02
3.459486317908492197e+02
3.466906041948143979e+02
3.439450982208706478e+02
3.403954016988600415e+02
3.415178574308104089e+02
3.370557699569920942e+02
3.327660936929935929e+02
3.266824761419387073e+02
3.318542790877041853e+02
3.355107158657666560e+02
3.331226681354829111e+02
3.480440023185710743e+02
3.747952314605216770e+02
3.816876085332893922e+02
3.839434384332375885e+02
3.843502561691424262e+02
3.775094830562877632e+02
3.885172322313954965e+02
3.926815137914938418e+02
3.929477989315227546e+02
3.920002777777777396e+02
3.905044358726775044e+02
3.818262177727831954e+02
3.706793374891819326e+02
3.666959574117620377e+02
3.589298540822233576e+02
3.610549017791292954e+02
3.653931794766377266e+02
3.742404426293688289e+02
3.736739913691584434e+02
3.670802835838169358e+02
3.613157582193563258e+02
3.609279728771854252e+02
3.601223210335582507e+02
3.610587515392944624e+02
3.637481365767570765e+02
3.745283876729578196e+02
3.780768478666776673e+02
3.821109009113024513e+02
3.888426392023371250e+02
4.056932368554281538e+02
4.074791566574934336e+02
4.154420935795586729e+02
4.176862380335807643e+02
4.140011111111110722e+02
4.110547751594490933e+02
4.227025851768609641e+02
4.303968851948010297e+02
4.312032506143809201e+02
4.337624167792577623e+02
4.235049493454974936e+02
4.200665484312914373e+02
4.180005555555555361e+02
4.164356041003813402e+02
4.215282984970982625e+02
4.233610633949885482e+02
4.442473673914186065e+02
4.229835682684667404e+02
4.123569536802110065e+02
4.086000648169612646e+02
4.113745168972770330e+02
4.032254102221122594e+02
3.869010961793090360e+02
3.845201283980194376e+02
3.880803548980579194e+02
3.688047055402668661e+02
3.619540697366297763e+02
3.663640185904520763e+02
3.781418030534327954e+02
3.915002692060109553e+02
3.974107259092771756e+02
3.961793467244012845e+02
4.181292404444366184e+02
4.263795417229623013e+02
4.265541191002985215e+02
4.197908033977200830e+02
4.227236963096694353e+02
4.239244781577546064e+02
4.398385994990327390e+02
4.538965128989195250e+02
4.492177480351103895e+02
4.463059414727847525e+02
4.489439135175997535e+02
4.653211770809186874e+02
4.731764150244653706e+02
4.510269334225081366e+02
4.487759759551727825e+02
4.452608975323431082e+02
4.435615161735434526e+02
4.246979485052683003e+02
4.166369724170123732e+02
4.158955978630453387e+02
4.149439420695358649e+02
4.239432803961063883e+02
4.188253844394498628e+02
4.103029462914882970e+02
4.055095154248411973e+02
4.091485365357397086e+02
4.041688720040547196e+02
4.009351182353751142e+02
3.971387074007207616e+02
3.954356041003812834e+02
4.009199941939608607e+02
4.065220970322606036e+02
4.194832637542267548e+02
4.157949478292401864e+02
4.211716451165447097e+02
4.151516828709069955e+02
4.099493578895878727e+02
4.040016666666666083e+02
3.984497147563211570e+02
3.992850317860565497e+02
3.918929899878064020e+02
3.951053681461096403e+02
3.993321140720092330e+02
3.871003891046896115e+02
3.906921058524374075e+02
3.802512542858834195e+02
3.721197437070335354e+02
3.666025592496432068e+02
3.674913179084921353e+02
3.609295763044456180e+02
3.637202133265754469e+02
3.630659928757359012e+02
3.625872111311707613e+02
3.571648098709763417e+02
3.540008333333333326e+02
3.508961361491034268e+02
3.464335516257764880e+02
3.467556357106610676e+02
3.441779212845499387e+02
3.432513078676873306e+02
3.358238627533124259e+02
3.580608811554235444e+02
3.716603528216480186e+02
3.785434293183996601e+02
3.790000000000000000e+02
3.791597188858311824e+02
3.815231040205740669e+02
3.791052354702878233e+02
3.798144826123552775e+02
4.016214519045080920e+02
4.185259814398597200e+02
4.133775023088047647e+02
4.117119327058887848e+02
4.219147535707394354e+02
4.206661448807793704e+02
4.142508090834271570e+02
4.222769908243230361e+02
4.099495078207857546e+02
3.960225754785092249e+02
3.931576013319004232e+02
3.942158035906660416e+02
3.976327591215471671e+02
3.957644382872668416e+02
3.906754895857480392e+02
3.919585466806469185e+02
3.768592154223431407e+02
3.703937087451143952e+02
3.711945620381462163e+02
3.742453973607450735e+02
3.679487048158340485e+02
3.607163161913611589e+02
3.609475211537448445e+02
3.609274318066168235e+02
3.601862184921903918e+02
3.613530762779827228e+02
3.524016074170233424e+02
3.360555348758175001e+02
3.209317985266678193e+02
3.167814026855887164e+02
3.250114957528498394e+02
3.212765814681083043e+02
3.200546588458810220e+02
3.208617305330976137e+02
3.303687613390650881e+02
3.296401421637047520e+02
3.247339262013500161e+02
3.300573626504055369e+02
3.360996249967804488e+02
3.321054508874908606e+02
3.300106889334763309e+02
3.394452703118767545e+02
3.566053203681520927e+02
3.675581828402101223e+02
3.606413755433246138e+02
3.625231040205741238e+02
3.600008333333333326e+02
3.576539470737812394e+02
3.631842740477459301e+02
3.715861748031607590e+02
3.739243328715723464e+02
3.744915956862699886e+02
3.682436056987065172e+02
3.845453315204144928e+02
3.801330968625828746e+02
3.765514962695498866e+02
3.793463160716502784e+02
3.712188308284971185e+02
3.552613662107587515e+02
3.593500892280019343e+02
3.568177684496624238e+02
3.518280771056774938e+02
3.587731701380840263e+02
3.636864251153051555e+02
3.626895529777336833e+02
3.584494369785434742e+02
3.604146472188947428e+02
3.547961689771728402e+02
3.464284170288831319e+02
3.458730592956142686e+02
3.546318147428812040e+02
3.577814620865173652e+02
3.586198023813753366e+02
3.688786333583064447e+02
3.919414935353463534e+02
4.026250027973732131e+02
3.890863575403717505e+02
3.860005555555554793e+02
3.840662706535137545e+02
3.837570573706311166e+02
3.932147464946350510e+02
4.062910588567585251e+02
4.116321709663065462e+02
4.086320402220781034e+02
3.910805686816028128e+02
4.009338611815893501e+02
3.990977268593642862e+02
4.191611151222952572e+02
4.263766059554675394e+02
4.253282056432959166e+02
4.156014753234305203e+02
4.381430207945558664e+02
4.399999999999999432e+02
4.423009694561143874e+02
4.677391188009895586e+02
4.737083383375787093e+02
4.742559593645718223e+02
4.641793377827723930e+02
4.557768875036059057e+02
4.468323110849838713e+02
4.686020244322205599e+02
4.765521746558540599e+02
4.762631381696103858e+02
4.781047907842035443e+02
4.702535423441517537e+02
4.811346583557913164e+02
4.837377014838697278e+02
4.812889418245917454e+02
4.814505275712096477e+02
4.741202808563667190e+02
4.699482662106796056e+02
4.872139794549295857e+02
4.927655675110781317e+02
4.946074023659968475e+02
4.896766558623489800e+02
4.818522569832218778e+02
4.963564022344531281e+02
5.042995805672254050e+02
5.353641427338280891e+02
5.562522522476944005e+02
5.548229310309425273e+02
5.358284837270118715e+02
5.296543990476301360e+02
5.426401447581666844e+02
5.494521876407388845e+02
5.395606844579601784e+02
5.358833988902667897e+02
5.187620573706310552e+02
5.107091761075640761e+02
5.148419328323660693e+02
5.180515152587815919e+02
5.225030787485910651e+02
5.321426416539804904e+02
5.292334522113948196e+02
5.140793136576756979e+02
4.995765076589775617e+02
4.946127051110561865e+02
4.861705180336204535e+02
4.805861861144385898e+02
4.827251697473415675e+02
4.818405588919466140e+02
4.780804548854599147e+02
4.749486322648560304e+02
4.702028609838969828e+02
4.570578307150046840e+02
4.572943155355771410e+02
4.483783356421380972e+02
4.433570774640556351e+02
4.441493698690730980e+02
4.361139702249254242e+02
4.295276652281096403e+02
4.306877036702707073e+02
4.406162769677220581e+02
4.442938366345362056e+02
4.392685085992796985e+02
4.221577117428113297e+02
4.171465305428693569e+02
4.018311326612330845e+02
3.985249178259522864e+02
4.017387338923839479e+02
4.003011469776787976e+02
3.915068318786391046e+02
3.902600641990097188e+02
3.926566705175102925e+02
3.913732329558282572e+02
3.975061428237377754e+02
4.181662959366282735e+02
4.099464420695358626e+02
4.101937013486564751e+02
4.017071170853183162e+02
4.169434379797908719e+02
4.218464509281032520e+02
4.227678837016663920e+02
4.231184898291377294e+02
4.542299658857573945e+02
4.506576759426424132e+02
4.402205798279684927e+02
4.334719792806795340e+02
4.321573235541226268e+02
4.334952545847423266e+02
4.290013888888889255e+02
4.240604182059611276e+02
4.194021574052610504e+02
4.086797363242462211e+02
4.083782726221342045e+02
4.018899324220307676e+02
3.925478737628441195e+02
3.775524382830944887e+02
3.694813788797156349e+02
3.699997222222223172e+02
3.705299126059266541e+02
3.632924949957545664e+02
3.590011111111111290e+02
3.550011111111111859e+02
3.510011111111111290e+02
3.472043617254920491e+02
3.470772795068519372e+02
3.478325168848341491e+02
3.455405498698484621e+02
3.380344721720728103e+02
3.424001415841980247e+02
3.385497628644964152e+02
3.399994444444444639e+02
3.421434986900736703e+02
3.461819537725596092e+02
3.525258210189779788e+02
3.523746238439341596e+02
3.563631058839957859e+02
3.659870888443014110e+02
3.651685735891760487e+02
3.658698290116062708e+02
3.645892823987902034e+02
3.582681425874962997e+02
3.563179306529506789e+02
3.577906401705351982e+02
3.561456919423216618e+02
3.562479209525502029e+02
3.591762384952103275e+02
3.503032240692660366e+02
3.446114185098094822e+02
3.505392898812969520e+02
3.620488919770232314e+02
3.600525526784416570e+02
3.709966666666666129e+02
3.825616181218409793e+02
3.869988888888889278e+02
3.907894945204290593e+02
3.916482441053314005e+02
4.002415865115611950e+02
4.120519198157336973e+02
4.108243946788773542e+02
4.163848167994470373e+02
3.960939256890428624e+02
3.859464939887931791e+02
3.763275108043177397e+02
3.721658757960203161e+02
3.832628648097186215e+02
4.022169034595433459e+02
4.433692668772041543e+02
4.576898836302152631e+02
4.557448739687614534e+02
4.622338881265048940e+02
4.577760541702725732e+02
4.516790397908648629e+02
4.734474654185166855e+02
4.799986111111111313e+02
4.856557620906926331e+02
4.987574667268459621e+02
4.966201658566108108e+02
4.880211865896203562e+02
4.892662863770574404e+02
4.799394081521452904e+02
4.814265958396763949e+02
4.896433240975668468e+02
4.915766516152727377e+02
4.770044444444444594e+02
4.624803872446534001e+02
4.638871546442530871e+02
4.640904697479104470e+02
4.528941010989174174e+02
4.516805622283376920e+02
4.465570730871081651e+02
4.463733094004948043e+02
4.358579191687893513e+02
4.248010380170995859e+02
4.379378621922544994e+02
4.369254439826834187e+02
4.337975827189524693e+02
4.266928264170366560e+02
4.166718769051077516e+02
4.169340071242639851e+02
4.169312018551950700e+02
4.162721831182938672e+02
4.190588192164187262e+02
4.121592679985670316e+02
4.072894973801472247e+02
4.058172128941069445e+02
4.021191697452555900e+02
4.007492476878682623e+02
4.070612197903599849e+02
3.997894453780307344e+02
4.091481905190640305e+02
3.919797546351754249e+02
3.862753858082139118e+02
3.852132362922193352e+02
3.867296662770864373e+02
3.758388282067476780e+02
3.781443030534328500e+02
3.832465320636612773e+02
3.918212177727832568e+02
3.971721060317404408e+02
3.933570774640555783e+02
3.932220157868497381e+02
3.742287737831840673e+02
3.579247335936363470e+02
3.553767962294303402e+02
3.702339428243327006e+02
3.740775058060391984e+02
3.780512374810037954e+02
3.804056346897855292e+02
3.540833464593806070e+02
3.558255771056775529e+02
3.715460624983902562e+02
3.816441384626186846e+02
3.694024282668646606e+02
3.711111786890802478e+02
3.760635577164190977e+02
3.814503394946831918e+02
3.802135140699970748e+02
3.819994444444445207e+02
3.846258572661719768e+02
3.969801564037476851e+02
3.980619802381374939e+02
3.994698081614671423e+02
4.076219421356395287e+02
4.117448256209127635e+02
4.104593212298141793e+02
4.037267786842371038e+02
4.077357507192784851e+02
4.090685203670271335e+02
4.108363012401348442e+02
4.100002777777777396e+02
4.092620207383525326e+02
4.129988888888888710e+02
4.162056077263152361e+02
4.082976465853610648e+02
4.044503263904986738e+02
4.059994444444444071e+02
4.081548068444664636e+02
4.118308708552684152e+02
4.121554163532184702e+02
4.020993210106335027e+02
4.047859303744473891e+02
4.049206562256512711e+02
4.037392724353912854e+02
3.982193712468159106e+02
3.946289519045081988e+02
3.867076289088673775e+02
3.880227162193295385e+02
3.795617169673253670e+02
3.804633992633338835e+02
3.858833533063017285e+02
3.749893375804834363e+02
3.755866555756151683e+02
3.724361596559368763e+02
3.760772280282614588e+02
3.808939139268812255e+02
3.834229496841498417e+02
3.788183240052180736e+02
3.713563981246555272e+02
3.689256863423244113e+02
3.660008333333333326e+02
3.630785145333442756e+02
3.608885435331418421e+02
3.571310043217270618e+02
3.549320563257243180e+02
3.520540729619437457e+02
3.495244929094629924e+02
3.421588254276540511e+02
3.372916616624213475e+02
3.357523568252277073e+02
3.315302355705394461e+02
3.343979963059121587e+02
3.309502984575159417e+02
3.260786683957409196e+02
3.220568462235738139e+02
3.190008333333333326e+02
3.155880444645042076e+02
3.073831674767225195e+02
3.053139121130456033e+02
3.068423986680996336e+02
3.064324405146653589e+02
3.104494164600986323e+02
3.071191697452555331e+02
3.052251631952493653e+02
3.062078462194261874e+02
3.106102051110560751e+02
3.109439939887931246e+02
3.100652243830857628e+02
3.096575038508436819e+02
3.051611077747200511e+02
3.030798993299043218e+02
3.022612831201641939e+02
3.057086161153565058e+02
3.061239604762751014e+02
3.075881192476051638e+02
3.035271698989934066e+02
3.042372546405160278e+02
2.926218471659266811e+02
2.876702102384412001e+02
2.930780441841413335e+02
2.875523296028832192e+02
2.879997222222222035e+02
2.887647048041047242e+02
2.870005555555555361e+02
2.857208267837015114e+02
2.922044966152041638e+02
2.884736234254664851e+02
2.911489050931292581e+02
2.956343941160041595e+02
2.932237435554454805e+02
2.825633934454014593e+02
2.803252885820954816e+02
2.828621682070041174e+02
2.842659203652741553e+02
2.892048955898457052e+02
2.861577143165429220e+02
2.848551413910116139e+02
2.819388530951957819e+02
2.783536755655447337e+02
2.800745560173164677e+02
2.828975413594762358e+02
2.834587656742585864e+02
2.788934284660696221e+02
2.876686467324313980e+02
2.929986111111110745e+02
2.978354679068014548e+02
3.003128010019344742e+02
3.058936361491034859e+02
3.100709160117035026e+02
3.146324813437693706e+02
3.133509552899835739e+02
3.023776793994896934e+02
2.956263164360562996e+02
2.999986111111111313e+02
3.047745870662838570e+02
3.057399358009902812e+02
3.030008333333332757e+02
3.001605522191645150e+02
2.997619686769537566e+02
2.968964311963787281e+02
2.922916616624212907e+02
2.910622580159152903e+02
2.907649570303775590e+02
2.872264458297273109e+02
2.862035283921587165e+02
2.893082846940744730e+02
2.957751151057047991e+02
2.993934572544156367e+02
3.088230777376581955e+02
3.282328317132216853e+02
3.355280207193204660e+02
3.369997222222222604e+02
3.382158035906660416e+02
3.430362565630236418e+02
3.625219321300890556e+02
3.759963888888889869e+02
3.890484198881899260e+02
4.025300239110451344e+02
4.100456755872618828e+02
4.020674466053080209e+02
3.946187152907035625e+02
3.948932429650014910e+02
3.940796215521266390e+02
3.946264128217273992e+02
4.052709847328355863e+02
4.069457803961064428e+02
3.937092955755340427e+02
3.903763911976936924e+02
3.913388799477064595e+02
3.815440121035191510e+02
3.772797866734245531e+02
3.789854486915945131e+02
3.926195926594584762e+02
3.895660625662854386e+02
3.787083855876859388e+02
3.751055305175632384e+02
3.749366303743675530e+02
3.851423638762027508e+02
3.841776435067720854e+02
3.849248530089909650e+02
3.844276590076889875e+02
3.748575487556765324e+02
3.741680180336204558e+02
3.796619774842941410e+02
4.183163078143585949e+02
4.253597355677865153e+02
4.199540697366297195e+02
4.228501876046108237e+02
4.067870176420728967e+02
3.876253579369308682e+02
3.782367533682956378e+02
3.860440435497704357e+02
3.735631058562143494e+02
3.691556701248150034e+02
3.678923173549586068e+02
3.807989658172365921e+02
3.911025685619812293e+02
3.898917934193491419e+02
3.861577893898561342e+02
3.834770696344060639e+02
3.735879300352545442e+02
3.815700708269902179e+02
3.848811080325222633e+02
3.853258993031409432e+02
3.786265942138340961e+02
3.823096136889329273e+02
3.889896695760550642e+02
3.809769768573975171e+02
3.847931134216173632e+02
3.872124029588860026e+02
3.927603020102870914e+02
3.963123730775304239e+02
4.049249318066169394e+02
4.133696592066030462e+02
4.258208962629989287e+02
4.205509972294341310e+02
4.102736496732141518e+02
4.223827864231486160e+02
4.391589733130596755e+02
4.416848647075035501e+02
4.268990981046852085e+02
4.224361596559369332e+02
4.264689237251239433e+02
4.353690391168428846e+02
4.334243385730387104e+02
4.240027777777777374e+02
4.135895725582724936e+02
3.978282835677662206e+02
3.916260386582785600e+02
3.976197829334212770e+02
4.098759908869748187e+02
4.050666132719746884e+02
3.998643904292263187e+02
3.932681425874962997e+02
3.917939932990432794e+02
3.994153863255959891e+02
4.138344644614259096e+02
4.145661383330373155e+02
4.081194659292556821e+02
4.030013888888889255e+02
3.980013888888889824e+02
3.936196249437044230e+02
3.956647559918905017e+02
3.930008333333332757e+02
3.898632370437235863e+02
3.848926267526824176e+02
3.780019444444444616e+02
3.708448986680995745e+02
3.615789947602945631e+02
3.589395339276653090e+02
3.561779212845499956e+02
3.556256539338437506e+02
3.511574818867919134e+02
3.490782367555664791e+02
3.489523799682935987e+02
3.625667302387798259e+02
3.582756635859917651e+02
3.558408366697244105e+02
3.521915455041204837e+02
3.602664072635402590e+02
3.580170658184745207e+02
3.661294988882967800e+02
3.630598718535167109e+02
3.615781763636468895e+02
3.773344355032620001e+02
3.818394185083319030e+02
3.739502746896434360e+02
3.794723347718902460e+02
3.795506629362166109e+02
3.852367206021106085e+02
3.792369618625619978e+02
3.752105054795709407e+02
3.757202712281460322e+02
3.851192654780027738e+02
3.962883148618002451e+02
3.952031388824497071e+02
3.743594726484923854e+02
3.750771256444554069e+02
3.784472147563211024e+02
3.895165172869083676e+02
4.063507407062719494e+02
4.033740662891615898e+02
4.073004139005587945e+02
4.340077482867519620e+02
4.287116716709119828e+02
4.195525615089937901e+02
4.305270925509709059e+02
4.221297291486366703e+02
4.245923876601270877e+02
4.213875086453708718e+02
4.217210466599087226e+02
4.183296866009017663e+02
4.189309240774173304e+02
4.186737135913807037e+02
4.127666492485491290e+02
4.041071971842299035e+02
3.980823512866633678e+02
4.022518045227151333e+02
3.690728054850773674e+02
3.495293622703966321e+02
3.374716123270422941e+02
3.342338769333663322e+02
3.342800300560340929e+02
3.399078635854228878e+02
3.575152276134033400e+02
3.712744177533159018e+02
4.036096867695370065e+02
4.115807247855150308e+02
4.100005555555554793e+02
4.075047136504553578e+02
3.987079066866451171e+02
3.998492212987002290e+02
4.000000000000000568e+02
3.986862483835169542e+02
3.839522191340878976e+02
3.826714245102091922e+02
3.777949944544743630e+02
3.698934600860158071e+02
3.620395954014630320e+02
3.754720696344060684e+02
3.815661705964457724e+02
3.838916704645985760e+02
4.118698318645170957e+02
4.233495439755788539e+02
4.163555837596034621e+02
4.292088879553026004e+02
4.245059985453057720e+02
4.265190172869083653e+02
4.354492283835720627e+02
4.384253614733275413e+02
4.460929716378519174e+02
4.352045134638663626e+02
4.421992498727858560e+02
4.413104567462431760e+02
4.434115592426105650e+02
4.375277254545489427e+02
4.393373820653806661e+02
4.825235451811105349e+02
5.191431661289634576e+02
4.951252122208442188e+02
4.817969388989187109e+02
4.679286448244213261e+02
4.691561227231894691e+02
4.723707057835095497e+02
4.647141137309637315e+02
4.542847875190291802e+02
4.612301188780614325e+02
4.580759803243424244e+02
4.555731743256442314e+02
4.632308213778107415e+02
4.757331307918556718e+02
5.133255225157059840e+02
5.165887268432346673e+02
5.134388588613693400e+02
5.321689820788672023e+02
5.328958756408231920e+02
5.297831287531840871e+02
5.251173109531423506e+02
5.349977340457713808e+02
5.285227069841101866e+02
4.941284339346507295e+02
4.781636370472236308e+02
4.747741053035986738e+02
4.551749871215079679e+02
4.624468370637833914e+02
4.647275391039284500e+02
4.625492073089408791e+02
4.691921530079005720e+02
5.267323441983830890e+02
5.365101603102110630e+02
5.344692917019058314e+02
5.255004398201809863e+02
5.328414070020969575e+02
5.388429709333113351e+02
5.419347746759592610e+02
5.287835259303625435e+02
5.254803279421520301e+02
5.278276170594605219e+02
5.108463124513025377e+02
4.916319683772828739e+02
4.836553359626701649e+02
4.833179396027092594e+02
4.752367533682956378e+02
4.842458287157235759e+02
4.858980969150317151e+02
4.877050605175959390e+02
5.158693892576450253e+02
4.972689715029437139e+02
4.805873573305116224e+02
4.835091814981822154e+02
4.803928068079736704e+02
4.819419968802911853e+02
4.995625594853345319e+02
5.120200428426444432e+02
5.107682144552719592e+02
5.174516689723592435e+02
4.970472866526865232e+02
4.916903863110670727e+02
4.841142342446358953e+02
4.799500648259062814e+02
5.020618325631645575e+02
5.247037515253090305e+02
5.113059694561143829e+02
5.197881401705352573e+02
5.256192598812766619e+02
5.169867009537343847e+02
5.335841866267097657e+02
5.304002185281344737e+02
5.214423407059044848e+02
5.580811802740779513e+02
6.315362400135157941e+02
7.129017750377053062e+02
7.389293889891876006e+02
7.360349069606277226e+02
7.496415108157115128e+02
7.818858583713256394e+02
8.077247514262406867e+02
7.609069482423764157e+02
7.349476373495946291e+02
7.118786747752260453e+02
7.092715660097861701e+02
6.956154828888338670e+02
6.781814040131208685e+02
6.788695512338284743e+02
6.776985146332059458e+02
6.605909136924919949e+02
6.514468158017809856e+02
6.376305794883940052e+02
6.340008333333333894e+02
6.298851890468578176e+02
6.103583977877671032e+02
5.945534972294340150e+02
5.748188357908570651e+02
5.693105069162967311e+02
5.677216022154642587e+02
5.618702364707502284e+02
5.538646259326125119e+02
5.441115399139843021e+02
5.351404916891245875e+02
5.199891475283296813e+02
5.530447121284502145e+02
5.653257065376513992e+02
5.662951465853610671e+02
5.718221724566550392e+02
5.854346255765258320e+02
5.730815700888998663e+02
5.612917493688678405e+02
5.683735570895225919e+02
5.561686535737979966e+02
5.588628314458078421e+02
5.897051584073888080e+02
5.777877382493815048e+02
5.752908283290879581e+02
5.774952863495446991e+02
5.869384614798166240e+02
5.979504008946739759e+02
6.285004577516115205e+02
6.167720503683329980e+02
6.013423649213266344e+02
6.070637706535136431e+02
6.134842185920709881e+02
6.016020806380242902e+02
5.988625638664309463e+02
6.068353552516169884e+02
6.286248179998558498e+02
6.330459190186221576e+02
6.101325554145993237e+02
6.155749849486060157e+02
6.070027777777776237e+02
5.977795897778877361e+02
5.968319819663795442e+02
5.934163138855614079e+02
5.830308217808021709e+02
5.851056459238874368e+02
5.896018922393674302e+02
5.898955978630453956e+02
5.889439420695358649e+02
5.997407073020947337e+02
6.196431814148864987e+02
6.062065073881753960e+02
6.041527157385635292e+02
6.053039288827768587e+02
5.991134146693698312e+02
5.940013888888887550e+02
5.888637925992791224e+02
5.829808036703022935e+02
5.931536227231894145e+02
6.048970684544749474e+02
5.981462764678514077e+02
5.923677964340082553e+02
5.915867947804945288e+02
5.855260289370633018e+02
5.856764029909128340e+02
5.948114596884379353e+02
5.716879581139821767e+02
5.715448182072884720e+02
5.660423996712511325e+02
5.486441533211024080e+02
5.400498191522591469e+02
5.227882933736324276e+02
5.177834064962505636e+02
5.105061025827105254e+02
4.967092953440804308e+02
4.928506101191298399e+02
4.871883869015919686e+02
4.678559081838263296e+02
4.571142479706289805e+02
4.491993674919269779e+02
4.443453796926945643e+02
4.434018085256815880e+02
4.340998040133110862e+02
4.361562123778504088e+02
4.411340078226155583e+02
4.361237099243408011e+02
4.319420818128186852e+02
4.278998199087386638e+02
4.343622723877195995e+02
4.479184298969715883e+02
4.604923348696212884e+02
4.648040446117513511e+02
4.659312229712238604e+02
4.661064792127675105e+02
4.676820692538059916e+02
4.657395504348724558e+02
4.592922134631378981e+02
4.556909321335320442e+02
4.481785008443030733e+02
4.433018354345348939e+02
4.417462147485952642e+02
4.356925485142481875e+02
4.263371883369014199e+02
4.221325412688366328e+02
4.197941609999426191e+02
4.142400545257751787e+02
3.971020264148055503e+02
3.910013888888888687e+02
3.857132804039234770e+02
3.778568029581233532e+02
3.818215232595784414e+02
3.832507517512037225e+02
3.756380054778888393e+02
3.614702539613005001e+02
3.527305780503535857e+02
3.559988888888888710e+02
3.600673881616401673e+02
3.648388809675454354e+02
3.665233816187119942e+02
3.631055279078834133e+02
3.614359646723699484e+02
3.647509678503855639e+02
3.654700857089759438e+02
3.726973313302532347e+02
3.769988888888889278e+02
3.803033732820375121e+02
3.762243293463873215e+02
3.750659928562019445e+02
3.745872109105201844e+02
3.694910960455688382e+02
3.745843587573693867e+02
4.078853028364006263e+02
4.406220404126022459e+02
4.546770104940628698e+02
4.347147404222599789e+02
4.230030555555556475e+02
4.128875822621924385e+02
4.193189137231075847e+02
4.389213883632817783e+02
4.277832479470607154e+02
4.250690548133426887e+02
4.236808401202122241e+02
4.182714449412900422e+02
4.256320925402101807e+02
4.277091717101291692e+02
4.256906542541364615e+02
4.188844229931826817e+02
4.109038390072613538e+02
4.126942908023519294e+02
4.100008333333332757e+02
4.072237738348147786e+02
4.076711467962058464e+02
4.035883221537787904e+02
3.948188097586452727e+02
3.982935588472691393e+02
3.948964139219115737e+02
3.913065343266477498e+02
4.141384747348901669e+02
4.264654526719797332e+02
4.295499513618340188e+02
4.260643090921502107e+02
4.063165581170393352e+02
3.899568246102544435e+02
3.893247329811295003e+02
3.934506172192099598e+02
3.912137918220583970e+02
3.920790659956612672e+02
3.938428412235568317e+02
3.936533914641428282e+02
4.000060938250010167e+02
3.945887620934656752e+02
4.105676023221425908e+02
4.126097518400015929e+02
4.215237225583709346e+02
4.044514387071607757e+02
3.925947691681507195e+02
3.890696314803489031e+02
3.859669148762345117e+02
3.675726160880839188e+02
3.649478967546843364e+02
3.635047453895499530e+02
3.679376209062839962e+02
3.719988888888889278e+02
3.761486273143997892e+02
3.815300543289839652e+02
3.793892393229177742e+02
3.812234685072036768e+02
3.864787605115084261e+02
3.848635570951138334e+02
3.813737885057728931e+02
3.843958855335811791e+02
3.912147617034954123e+02
3.855099217869781114e+02
3.861776245453385741e+02
4.030545503625069728e+02
4.069240550940668300e+02
4.086945685216699644e+02
4.056193471600618068e+02
4.088316827302778051e+02
4.101311524164427169e+02
4.124487599444912576e+02
4.081101510234397551e+02
4.057059544084950176e+02
4.106842417742516318e+02
4.106398643873536685e+02
4.064285402892637080e+02
4.083536203416312560e+02
4.147998703563256981e+02
4.087826871980409464e+02
4.149980555555554815e+02
4.213819894246102535e+02
4.181310043208694083e+02
4.171650424835518152e+02
4.326995013636527005e+02
4.752099123114412578e+02
4.898923210196105060e+02
4.996343812547980292e+02
5.038829667962125427e+02
4.927087399954266402e+02
4.899487157343114063e+02
4.769696070472155043e+02
4.793806528282926820e+02
4.763912569084218376e+02
4.788020213765814788e+02
4.789312018527723467e+02
4.771301807517797897e+02
4.639816095747747795e+02
4.825700011842741901e+02
5.106778634803712862e+02
5.006141051981396117e+02
4.941121731083685518e+02
4.634539839240903234e+02
4.706736251892544374e+02
4.913623059034309790e+02
4.945513963319505137e+02
4.893263996779937770e+02
4.875892297253748779e+02
4.812681425639372605e+02
4.786831804527126337e+02
4.736277405725064114e+02
4.784903559929032895e+02
4.766990600788162169e+02
4.574751295106167959e+02
4.590742688527613495e+02
4.627448256223042335e+02
4.625412343216569866e+02
4.669393661131219915e+02
4.552664714803168522e+02
4.473096648318568214e+02
4.546920766821844495e+02
4.422389063096818518e+02
4.315265415108877960e+02
4.301443320158532515e+02
4.306946140558447382e+02
4.281226680062050036e+02
4.398246260723258274e+02
4.303452839159034511e+02
4.565055905581421030e+02
4.583363138782178794e+02
4.604007472249040802e+02
4.308185506137382959e+02
4.340515729602054193e+02
4.382204688469374219e+02
4.138951960241852817e+02
4.031645410217061567e+02
4.063788086736954028e+02
4.023539533073380312e+02
4.026992759231150103e+02
3.998992080199706152e+02
3.951559478950489961e+02
3.918893630962971315e+02
3.875928246999587827e+02
3.907924944429046263e+02
3.912383872681490402e+02
3.794736459386477918e+02
3.724207332247946169e+02
3.732878306824063088e+02
3.772663515123425668e+02
3.713561203261049286e+02
3.713479236321095414e+02
3.862668437340956302e+02
3.893777171081990787e+02
3.850573949058229459e+02
3.811959509065409293e+02
3.799317785449931080e+02
3.779473159253237782e+02
3.750801771049759736e+02
3.724785448177584612e+02
3.620918561252117343e+02
3.639371864243308892e+02
3.666458125964442161e+02
3.782452731616963320e+02
3.812877894602750075e+02
3.710803350568665451e+02
3.608913075436223039e+02
3.496604842712519599e+02
3.478261333139315070e+02
3.563446493818338467e+02
3.550005555555555929e+02
3.530529041517442010e+02
3.517121693096015065e+02
3.474895619345768409e+02
3.497040200819992606e+02
3.488989723167280204e+02
3.572687881923384339e+02
3.541564733065426935e+02
3.522245796116666838e+02
3.536097648237436033e+02
3.504121064951156086e+02
3.522656425943281420e+02
3.592360868730681318e+02
3.683186083020735850e+02
3.660734015236815253e+02
3.638146148369205548e+02
3.594714748301835243e+02
3.618489435221003987e+02
3.628472842561952802e+02
3.606914375391529575e+02
3.552803422365896608e+02
3.553145797243882953e+02
3.723755389170351009e+02
3.821815061863360370e+02
3.779230435882961956e+02
3.720540152599845101e+02
3.672894766287706148e+02
3.659392561493480684e+02
3.639415289275290775e+02
3.613751793973671624e+02
3.622710104454638440e+02
3.515471017275422128e+02
3.460573949004283918e+02
3.421310043216703889e+02
3.400005555555555361e+02
3.377343574123723329e+02
3.313193195418396044e+02
3.281052354702878802e+02
3.270002777777777965e+02
3.255664161108150552e+02
3.182960259342502809e+02
3.150759449062053363e+02
3.127973049411745592e+02
3.081608592694458935e+02
3.155516191002984669e+02
3.171968675160966313e+02
3.211364851784986172e+02
3.269439522652301093e+02
3.323119676686011985e+02
3.406834084473102848e+02
3.442152480351104487e+02
3.495101603102111198e+02
3.482366728238444011e+02
3.497748368047506347e+02
3.492604327742826626e+02
3.528435264888669280e+02
3.551674624780648628e+02
3.593491450580312971e+02
3.554808834977076799e+02
3.571059237016651764e+02
3.604434824684474847e+02
3.578442301279014259e+02
3.520742348600497849e+02
3.470013888888888687e+02
3.418251066616720664e+02
3.353542305339195764e+02
3.437939716078413426e+02
3.493028177716658433e+02
3.468336279959452213e+02
3.410016666666666652e+02
3.363088314179588565e+02
3.476157214121663515e+02
3.539199941939608038e+02
3.597838399928352828e+02
3.780580918478546550e+02
3.861200988113360495e+02
3.944662361463502975e+02
3.961230381984689188e+02
4.091633373445174584e+02
4.093886837778327390e+02
4.136709610233706940e+02
4.280863030812437842e+02
4.316159375129257683e+02
4.415710274155613320e+02
4.443644164718766092e+02
4.393749760671614126e+02
4.240932451229688240e+02
4.206906543648679531e+02
4.141194659292556821e+02
4.093769467532492285e+02
4.079837469280953997e+02
3.907057047062983202e+02
3.910551795569072056e+02
3.936705911768759165e+02
3.926197388587991668e+02
3.985630070107299048e+02
3.982352951958953327e+02
4.002611874050191432e+02
4.066379199414825507e+02
4.089384228165541799e+02
4.105309860758720220e+02
4.179008842517468452e+02
4.022651549965049753e+02
3.918778155115180653e+02
4.121532431652311743e+02
4.211531941309960985e+02
4.188231018690862015e+02
4.250927040914012309e+02
4.176372501947901696e+02
4.161046799147323441e+02
4.185962224766504391e+02
4.381342039669851829e+02
4.328844229596332411e+02
4.248287273015927781e+02
4.255929432156826238e+02
4.209290207488900819e+02
4.256639226585571691e+02
4.263285754897906372e+02
4.306546203870868794e+02
4.306193325232775351e+02
4.248636749775421322e+02
4.271089628229346999e+02
4.176686146552513037e+02
4.374677926360763536e+02
4.385905709484998170e+02
4.462488078676874466e+02
4.464165257721856506e+02
4.517551563553795404e+02
4.451226202241362557e+02
4.545423182072885879e+02
4.576289042922635986e+02
4.439095181308210840e+02
4.439997222222222035e+02
4.444777115374492951e+02
4.359299318066168780e+02
4.255689161108150529e+02
4.095923296462783583e+02
4.035792874747580754e+02
4.147766074248256132e+02
4.049981441887025539e+02
3.848456476001575766e+02
3.920114957528497825e+02
3.889645629161567513e+02
3.956923543655228741e+02
3.834926103147442973e+02
3.862082832573486826e+02
3.921250725845981719e+02
3.766762379067930624e+02
3.692970910298055287e+02
3.668508171290930591e+02
3.633132971069170480e+02
3.649217632444334072e+02
3.662237462670494779e+02
3.708687179004951986e+02
3.726976812998727269e+02
3.584836011019380067e+02
3.534616014492562499e+02
3.742103173061739767e+02
3.835620908397013977e+02
3.864413445234288247e+02
3.811191881514778856e+02
3.768508879653669510e+02
3.713573552418332611e+02
3.711496476468508945e+02
3.626158640148673840e+02
3.626711467324314526e+02
3.593451018351353241e+02
3.605979139713575705e+02
3.706649012973339836e+02
3.673678290336935106e+02
3.687113359531860510e+02
3.671836204392263312e+02
3.676455463197890481e+02
3.634506041682765272e+02
3.639476912229213212e+02
3.635339127999340008e+02
3.581696847002871209e+02
3.552606197545653117e+02
3.558627237625596536e+02
3.551067570349985658e+02
3.560790659965709892e+02
3.574774337596716691e+02
3.511633133163518892e+02
3.571300544438523161e+02
3.522367096362891630e+02
3.500756671284275967e+02
3.490510904313730407e+02
3.486908819725921944e+02
3.448339057737230746e+02
3.386590954240259634e+02
3.411367629562763000e+02
3.455635625662853840e+02
3.432358507514508688e+02
3.426335598551953581e+02
3.367222156725903801e+02
3.389991666666666674e+02
3.414679028130168490e+02
3.352529745343540526e+02
3.206808474353573502e+02
3.171561957333552755e+02
3.162243018226050140e+02
3.191940064825906802e+02
3.240393441156956555e+02
3.180670147944299515e+02
3.287586353436203694e+02
3.385195106847728539e+02
3.555433583545601550e+02
3.565580999210155255e+02
3.637039740657497759e+02
3.668489435209224325e+02
3.685586614117698332e+02
3.787601945570355610e+02
3.756667004363349065e+02
3.665942136594011913e+02
3.647938833433631771e+02
3.612186353835240880e+02
3.606866434425099328e+02
3.572628540716858083e+02
3.579997222222222604e+02
3.589387005943319764e+02
3.588229120487833939e+02
3.550275335613269476e+02
3.406808474353572933e+02
3.375446017334103317e+02
3.415589490009570000e+02
3.544765382686471753e+02
3.605873379543457418e+02
3.608402811141688744e+02
3.580008333333333894e+02
3.545310237170377263e+02
3.433661743002488151e+02
3.364358061114072029e+02
3.359412392575944182e+02
3.353007240692660389e+02
3.375926654379047704e+02
3.330786683957408627e+02
3.293355217858872379e+02
3.307365840526117609e+02
3.292757481347748580e+02
3.307275391039283932e+02
3.277658159152157964e+02
3.221587124430114955e+02
3.189288062105187009e+02
3.151231543668916402e+02
3.132366728238444011e+02
3.147748368047506347e+02
3.142604327742827763e+02
3.183872948889439272e+02
3.273335360672408569e+02
3.412164740696374565e+02
3.449991666666666106e+02
3.481056459238874368e+02
3.528399235624135599e+02
3.563123730775303670e+02
3.646346590330845174e+02
3.689988888888888710e+02
3.728226066616720686e+02
3.734739412121176088e+02
3.684589805490238632e+02
3.703036511049991759e+02
3.658376933536069373e+02
3.728803433347113128e+02
3.660710203670270175e+02
3.596001361935797718e+02
3.623721757739088503e+02
3.589487625189962046e+02
3.545055787485911196e+02
3.567317039791277580e+02
3.690516420379559008e+02
3.683000324084806039e+02
3.702595994409494438e+02
3.759881999554125969e+02
3.728498650364915648e+02
3.959791552354524242e+02
3.938641126514485222e+02
3.858188418936408652e+02
3.461704008882255152e+02
3.583685871782725485e+02
3.647080605598009129e+02
3.666895432537567672e+02
3.641183548181446099e+02
3.629251662049056222e+02
3.617627453594840290e+02
3.741509479025927476e+02
3.882712768713183777e+02
3.902765783669046868e+02
3.822088944344145034e+02
3.762735720071827927e+02
3.743735646627977189e+02
3.669447746580690364e+02
3.747093915087415894e+02
3.806698490179041983e+02
3.949330278482560175e+02
3.943000324084806039e+02
3.961555374423473950e+02
4.004548427110341322e+02
3.993365916227964476e+02
4.026741558623489823e+02
4.019317785479465215e+02
3.998940762983348236e+02
3.960804548854599147e+02
3.928442301279013691e+02
3.870016666666665515e+02
3.810016666666666652e+02
3.751191881514778856e+02
3.712264458297273677e+02
3.701527157385634155e+02
3.716903264170366583e+02
3.700005555555555361e+02
3.680005555555555361e+02
3.659317574107507198e+02
3.629464522652301071e+02
3.591577893898561342e+02
3.567911611870957813e+02
3.512177480351103895e+02
3.480618549612236166e+02
3.460595848726277382e+02
3.451500162042403872e+02
3.453753502306104224e+02
3.347700119555225911e+02
3.216199550121638708e+02
3.185204061757972340e+02
3.224506172724609883e+02
3.200008333333333326e+02
3.170801771076821751e+02
3.150527566240327815e+02
3.143631187446933382e+02
3.181848296033014094e+02
3.259382274340454160e+02
3.467167143722857077e+02
3.542523966013094991e+02
3.646105469101847234e+02
3.707753928834825956e+02
3.728022991505699224e+02
3.741330202667281810e+02
4.031880501649374082e+02
4.522620944893603223e+02
4.836252265218620892e+02
5.096586146552513128e+02
5.673494631006749387e+02
6.289676731057571715e+02
6.304016018497053437e+02
6.218352737665936729e+02
6.290180445336193316e+02
6.553507203826679870e+02
6.285420842736780287e+02
6.304913502770455125e+02
6.177613521885872387e+02
6.295041517064320260e+02
6.086175534238642513e+02
6.268891335030011760e+02
6.252329552396179224e+02
6.495835436071411095e+02
6.284629101298933165e+02
6.427409367320237834e+02
6.566919044505564216e+02
6.771021270894857480e+02
6.827497464721283222e+02
6.739619313377197614e+02
6.993058535554670243e+02
7.005486517533852293e+02
7.063124248860231091e+02
7.148274732628243555e+02
6.889379270276222087e+02
7.001066174092451320e+02
6.881007824149198768e+02
6.972162016771518438e+02
6.946901085332892762e+02
6.881699624780649174e+02
6.839361645058031627e+02
6.785218942800700006e+02
6.670033333333332166e+02
6.570662714664014175e+02
6.678998886730880713e+02
6.628727627650416707e+02
6.656970261102228505e+02
6.511807266716612048e+02
6.403320698701453466e+02
6.537592432418099406e+02
6.328665639757443842e+02
6.396593017453399170e+02
6.289893375804833795e+02
6.299306462996395339e+02
6.311084843584285409e+02
6.329024187154514038e+02
6.249923020559235738e+02
6.473274964558596594e+02
6.404909508009000092e+02
6.373512330677614273e+02
6.267256030154302380e+02
6.330200442487846431e+02
6.105811129782837270e+02
6.234828376974160165e+02
6.160674466053079641e+02
6.077282253028971581e+02
5.968019277624891856e+02
5.982850726975277666e+02
5.930538677351438537e+02
5.887270708227199520e+02
5.928126703966985360e+02
5.947056407324163274e+02
5.927519490620541092e+02
5.982866784052223466e+02
5.926974600061120100e+02
5.924945964079518035e+02
5.712412577750217224e+02
5.766903352487076972e+02
5.680571588458809629e+02
5.597075522543525494e+02
5.586335598551953581e+02
5.521459986900737249e+02
5.470013888888887550e+02
5.431229459132606507e+02
5.557715034714174180e+02
5.660603864570266524e+02
5.605457128445215176e+02
5.598879879775863628e+02
5.578706623449396602e+02
5.531791203531357723e+02
5.391757162738729221e+02
5.431255518154969195e+02
5.384271771356386580e+02
5.233672854113599442e+02
5.144202848429193864e+02
5.384644429196763440e+02
5.423750023088047101e+02
5.483883037124128350e+02
5.438468298751849943e+02
5.364445933198176135e+02
5.216475996711761809e+02
5.284105666466068669e+02
5.406909654766340054e+02
5.313760646627977167e+02
5.147902288817242606e+02
5.107847519648894945e+02
5.075645750380583650e+02
5.389830032195452532e+02
5.431491828709069978e+02
5.472590438853937940e+02
5.543661947997690049e+02
5.447314114790218582e+02
5.446100425903744053e+02
5.396588927397325506e+02
5.307481325783231796e+02
5.328087322736573697e+02
5.233162619664192334e+02
5.186545026293366618e+02
5.215030469837885221e+02
5.192350867016290294e+02
5.322161495815108765e+02
5.158693706666745129e+02
5.127736284018527613e+02
5.187751151057047991e+02
5.212105854911686720e+02
5.120393259727320583e+02
4.916922020000886278e+02
4.969010298265626489e+02
4.933627300616552702e+02
5.093294409003041778e+02
4.953708519895638460e+02
4.852426712140718337e+02
4.934731377296034225e+02
4.958544846820449834e+02
4.788597709778987905e+02
4.707863063791176046e+02
4.765179061757971795e+02
4.889001234338108475e+02
4.874149196408413900e+02
4.761144239519939561e+02
4.757909179483131084e+02
4.741619244274630205e+02
4.853146062693759859e+02
4.882344874140669049e+02
4.931721060317403840e+02
4.896111407320316857e+02
4.957662170349997268e+02
4.993858026517992812e+02
4.931990897383189463e+02
4.891387074007207048e+02
4.865655070107298457e+02
4.771594560565227994e+02
4.691069194064521071e+02
4.630736937894812968e+02
4.583064970283403454e+02
4.578229120487833939e+02
4.549259641201020941e+02
4.513132971069170480e+02
4.523779948443564649e+02
4.472256907114938826e+02
4.448706623449395465e+02
4.416861034094237652e+02
4.464659370472294881e+02
4.427630797880648856e+02
4.358453412390124981e+02
4.260753459711608571e+02
4.172504209525501437e+02
4.121189103737002029e+02
4.090759449062053932e+02
4.070005555555555929e+02
4.049232760487035989e+02
4.028925951327362895e+02
4.133535114399349482e+02
4.031409296229429629e+02
3.937097316631195554e+02
3.963908623635292088e+02
4.033172460802834394e+02
3.988573346432596054e+02
3.925511390954569606e+02
3.937633271761556557e+02
3.919256863423242976e+02
3.891048953319352677e+02
3.877672341777448537e+02
3.843371471783520406e+02
3.856747114179044615e+02
3.836173264018146369e+02
3.877738218752945158e+02
3.724014410939661275e+02
3.602643386757197845e+02
3.535824899915092487e+02
3.533799198408469238e+02
3.452375429696224955e+02
3.401516120346329899e+02
3.369500206797381452e+02
3.330783906179630662e+02
3.305581844579601807e+02
3.367351951637228922e+02
3.404119555354957356e+02
3.481274029103486214e+02
3.427853358381695443e+02
3.445280293376320628e+02
3.399380192632564786e+02
3.458149906718846864e+02
3.498218009376723217e+02
3.510745914354534989e+02
3.528953824458424720e+02
3.532330436000330565e+02
3.561671847002870663e+02
3.612839206749454206e+02
3.574123842678764618e+02
3.575738051933391262e+02
3.519540697366296627e+02
3.561552143165429811e+02
3.635623686174791374e+02
3.663713258732696545e+02
3.742915814898059352e+02
3.860950500144239186e+02
3.880505348758175046e+02
3.896130469101847780e+02
3.869450982208706478e+02
3.839211224825252771e+02
3.926532314981978971e+02
3.977267057705950606e+02
3.978433217212549948e+02
3.958958583713256303e+02
3.917850297426672341e+02
3.851850093281153136e+02
3.814143163306165434e+02
3.845232511592855644e+02
3.932687882320083759e+02
3.900787923111220152e+02
3.871688513669538452e+02
3.867402135787680777e+02
3.829326118812797972e+02
3.781611077747200511e+02
3.769526808477407371e+02
3.856318147428812040e+02
3.910310760813935644e+02
4.197434679363387886e+02
4.455822421822653610e+02
4.499240550937945500e+02
4.532189481307300412e+02
4.767563056681466378e+02
4.872726657602071896e+02
4.848036880394588479e+02
4.794832536803006064e+02
4.796190547454997386e+02
4.747067189210192169e+02
4.766850751139770068e+02
4.739288062105187009e+02
4.701231543668916402e+02
4.688859953116386805e+02
4.795738738374948866e+02
4.749496356673657260e+02
4.679242632444334049e+02
4.612903604799789719e+02
4.753205663598733395e+02
4.931449652390003280e+02
4.882681425874964702e+02
4.849690864890216631e+02
4.715783784199168167e+02
4.670736793044941919e+02
4.641247938096083772e+02
4.628827562929665760e+02
4.600759449062053932e+02
4.577973049411746729e+02
4.517698281461109673e+02
4.428910297750745144e+02
4.323973461433045031e+02
4.266573981648646168e+02
4.173290641863970336e+02
4.130011111111110154e+02
4.087393681505363929e+02
4.000024999999999409e+02
3.914906730231221559e+02
3.891148380216948226e+02
3.749777442164509580e+02
3.712609883298382556e+02
3.733878504444994633e+02
3.791579653874533165e+02
3.725217950646861027e+02
3.728219907579751293e+02
3.832513118661212275e+02
3.820005555555556498e+02
3.798439523501236863e+02
3.742031387616746656e+02
nan
nan
nan
nan
nan
3.609991666666666106e+02
3.641305968625829337e+02
3.678290426494285157e+02
3.571664765376429500e+02
3.474541260243924512e+02
3.328420219182835922e+02
3.332964882106627442e+02
3.480423079075110309e+02
3.381879736205603422e+02
3.571967499935607862e+02
3.583124637735837155e+02
3.625325239110450752e+02
3.619442717665709779e+02
3.608448614245593831e+02
3.722299305814070749e+02
3.980220781858602095e+02
3.929543475144075160e+02
3.956334814095478691e+02
3.930734015267163954e+02
3.903807531741801995e+02
3.788270511061165280e+02
3.660321791342126403e+02
3.752852895163334210e+02
3.740005555555555361e+02
3.718890853306301096e+02
3.687239771886507924e+02
3.739660833834826690e+02
3.672741275627383288e+02
3.638441550545882706e+02
3.589490402967739442e+02
3.530736937894812399e+02
3.481844537725597206e+02
3.460595848726277382e+02
3.455992314836278751e+02
3.513216525646427044e+02
3.465454350667436074e+02
3.470557282334290221e+02
3.487396580232124847e+02
3.467265586362304362e+02
3.416405422099912812e+02
3.481091461742162210e+02
3.652196081162167047e+02
3.544552527565508626e+02
nan
nan
nan
3.627481589542460938e+02
3.499263316042591896e+02
3.364497697885903449e+02
3.301330968625829314e+02
3.258635148215013260e+02
3.202735720071827359e+02
3.190786169171502706e+02
3.188953028157701510e+02
3.170005555555555361e+02
3.151225988113361609e+02
3.149409706829278548e+02
3.139254085645465011e+02
3.118964935569536010e+02
3.090886479112651273e+02
3.181092342446358430e+02
3.292173074029708459e+02
3.295205053911811319e+02
3.246523729313664148e+02
3.449303952002653659e+02
3.447917512816463841e+02
3.406707351144779636e+02
3.558093370633651489e+02
3.691146999750269515e+02
3.690753893506498002e+02
3.688475620392143242e+02
3.653825972785177214e+02
3.556161417926451236e+02
3.540142735306276336e+02
3.413801295627637273e+02
3.449986111111111313e+02
3.503903068079736158e+02
3.595260848931876581e+02
3.614318849591098228e+02
3.674488609045429826e+02
3.653512330677613136e+02
3.536774340301925008e+02
3.496254831027229670e+02
3.567647341777446854e+02
3.617185810550770384e+02
3.618051601840761009e+02
3.592063310228271575e+02
3.591064792572207693e+02
3.606027255727007059e+02
3.577398279909469352e+02
3.506553359626701081e+02
3.509377419840846528e+02
3.510587607424055250e+02
3.522250569408383853e+02
3.561005141960793594e+02
3.613800972785177805e+02
3.602234960054062753e+02
3.619994444444444071e+02
3.639306462996395908e+02
3.647278168817061896e+02
3.608444328323661239e+02
3.552110610351264199e+02
3.530725826783702246e+02
3.518782345219972285e+02
3.492369506016221408e+02
3.500745914354534989e+02
3.518433514465414191e+02
3.510779589777887963e+02
3.511120120224136372e+02
3.529994444444444639e+02
3.549309452146131321e+02
3.553608466788976443e+02
3.470659936886235641e+02
3.587952087583557272e+02
3.531633133163518892e+02
3.589441137294397208e+02
3.517663896512729593e+02
3.542477731601680375e+02
3.493573552418333179e+02
3.501542812359261347e+02
3.531663720040547219e+02
3.587354729415006318e+02
3.621002147613220359e+02
3.784511893189678631e+02
3.885645605652280210e+02
4.154110109591418336e+02
4.502697287718539769e+02
4.749790640573985456e+02
4.704151496639498191e+02
4.690267002279935014e+02
4.580442310971309325e+02
4.641534179555775381e+02
4.729414939887932405e+02
4.822317632786294439e+02
5.057320254155683301e+02
5.003512381797447688e+02
4.712784359513304935e+02
5.034908617453551756e+02
4.831680355385740882e+02
4.738082430957879296e+02
4.764700422072383503e+02
4.725271698989933498e+02
4.735929432156826806e+02
4.689290207488899682e+02
4.746114195704229246e+02
4.909295626798195826e+02
5.034180520257031048e+02
4.717713349534450344e+02
4.524530332435015794e+02
4.698945684544750065e+02
4.714955323625200094e+02
4.660626882945569491e+02
4.621229459132607644e+02
4.733489884200234314e+02
4.677826872117370272e+02
4.718229819552476556e+02
4.543499776022968604e+02
4.563238996932065561e+02
4.633812847092963807e+02
4.628937985205570271e+02
4.608736148511696911e+02
4.676323702984367969e+02
4.683466084817742967e+02
4.617459850798726393e+02
4.651164103737002051e+02
4.697214365945080203e+02
4.601554935163412097e+02
4.537796508798170407e+02
4.651008395096019399e+02
4.481367079736941150e+02
4.320366943942949547e+02
4.290549366236587048e+02
4.276085820809152551e+02
4.223157582193563258e+02
4.219279728771853115e+02
4.206951696383263766e+02
4.157690477886052349e+02
4.230462245407933324e+02
4.416933916841419432e+02
4.385350239110450730e+02
4.298988739570867779e+02
4.352581197545651435e+02
4.430107445571155722e+02
4.273362684930373803e+02
4.309668642667993481e+02
4.245321348281488554e+02
4.094398536047430071e+02
3.995605999210155801e+02
3.980590385201833783e+02
3.973991074170233446e+02
3.903070981437935529e+02
3.880778350624074733e+02
3.870560128902404813e+02
3.875914358816233403e+02
3.943463445246835022e+02
3.824724555054535813e+02
3.920565969941964681e+02
3.926335598551953581e+02
3.869382970410342182e+02
3.916932251938819718e+02
3.926455463197891049e+02
3.877019120359639146e+02
3.790025000000000546e+02
3.712453992001758820e+02
3.764379954434874094e+02
3.746502993864132236e+02
3.793540740396051660e+02
3.651759940516507186e+02
3.701094239519939606e+02
3.868984997841990889e+02
3.861456919423217187e+02
3.856281185711748094e+02
3.804129918635059653e+02
3.803988296392455482e+02
3.741035697516349501e+02
3.687695503683330571e+02
3.612808977845356821e+02
3.579351182353751142e+02
3.540699092559158885e+02
3.513271197419526857e+02
3.540775058060391984e+02
3.581035860731187199e+02
3.633500892280019343e+02
3.607567468217721398e+02
3.544151496639498760e+02
3.542994768529251246e+02
3.576867028930829520e+02
3.551460623554345375e+02
3.436196772343860175e+02
3.418448614245593831e+02
3.515859490654568162e+02
3.567856525966695926e+02
3.572062844787345739e+02
3.493679074793410564e+02
3.470005555555555929e+02
3.450625357936931437e+02
3.442353207474002943e+02
3.462480509379457772e+02
3.400527570980397059e+02
3.340016666666666652e+02
3.278344613292786107e+02
3.194625056857070717e+02
3.167941611211409167e+02
3.124364374337146728e+02
3.146858101091766571e+02
3.140002777777778533e+02
3.129282506549631648e+02
3.110615771834458201e+02
3.098231898265611903e+02
3.068995416698862755e+02
3.134774677847678959e+02
3.120005555555555361e+02
3.096085134771078629e+02
3.016519660530798888e+02
3.022052199117159716e+02
3.055197322313954373e+02
3.013187639862840115e+02
3.002612831201641939e+02
3.032732069550578444e+02
2.989933504768671355e+02
3.078797007374110422e+02
3.152466620490569085e+02
3.140005555555555929e+02
3.120778350624075301e+02
3.109445426653150548e+02
3.093291310453462870e+02
3.118615703770569212e+02
3.127821979498093583e+02
3.100008333333332757e+02
3.071055305175632384e+02
3.060002777777777965e+02
3.050002777777777965e+02
3.041183364119222006e+02
3.047751145825284311e+02
3.031566485534585240e+02
3.036889974221782609e+02
3.013368694005742441e+02
3.038043268507427115e+02
3.033835069315186388e+02
2.962270114580388736e+02
3.082820171419722328e+02
3.134243993578609206e+02
3.084370758269652129e+02
3.084338616669627413e+02
3.149392948131498997e+02
3.206978870418449787e+02
3.232535077124205714e+02
3.296889375281476759e+02
3.329434315542039826e+02
3.344737236607791715e+02
3.299648406939346046e+02
3.366714913691585593e+02
3.386077487475818657e+02
3.356867417806436720e+02
3.273626356140729285e+02
3.231231543668916402e+02
3.209415262384833909e+02
3.182254409730271050e+02
3.182601549965049230e+02
3.232316547111440741e+02
3.308297597441572293e+02
3.361285043217271209e+02
3.427240586362304953e+02
3.458926874094458412e+02
3.468410346735246890e+02
3.458436745723459467e+02
3.438878841390717298e+02
3.625063631735881131e+02
3.618830340707443725e+02
3.586020036940877276e+02
3.614399496993414118e+02
3.550792239512963988e+02
3.490574017791293500e+02
3.445271096725541042e+02
3.461735889290084174e+02
3.382744053405161253e+02
3.340011111111111290e+02
3.299487625189961477e+02
3.250734160117035003e+02
3.213672408784527192e+02
3.227042978590834537e+02
3.202254409730271618e+02
3.200520309993010528e+02
3.209997222222222035e+02
3.218877101998086232e+02
3.210002777777777965e+02
3.200002777777777965e+02
3.190002777777777396e+02
3.180002777777777965e+02
3.169480767093004374e+02
3.171050331636654960e+02
3.413726976186247839e+02
3.587602348081553032e+02
3.707194921500636156e+02
3.681027364183015607e+02
3.666960711172230845e+02
3.732767311178689624e+02
3.840766552952525217e+02
3.827253629763361573e+02
3.774367152114924124e+02
3.784510704688368605e+02
3.742631318494636048e+02
3.738559457543707367e+02
3.716344257882138322e+02
3.644154274417276156e+02
3.627756701380839672e+02
3.594693901048200928e+02
3.646977419112100165e+02
3.770440089205952177e+02
3.747410469121014103e+02
3.684814390532632729e+02
3.676273225997273357e+02
3.616366946392345199e+02
3.617909179483130515e+02
3.590008333333332757e+02
3.561867740477459847e+02
3.561762822272168592e+02
3.587738319480503151e+02
3.588475620392143810e+02
3.554598767853696586e+02
3.465043937899419575e+02
3.449345626798195781e+02
3.437573351484089699e+02
3.516168325232774805e+02
3.539211053050719329e+02
3.550520708143371280e+02
3.558470104794108693e+02
3.430649105167791504e+02
3.305939042818330904e+02
3.283484791714960807e+02
3.411113063452165193e+02
3.404666427556214785e+02
3.439988888888888710e+02
3.481937287048128837e+02
3.545185609467366703e+02
3.557453548005454422e+02
3.678852982702283612e+02
3.693654074793410018e+02
3.754175100084906944e+02
3.750002777777777965e+02
3.744116029746170398e+02
3.801485564790774561e+02
3.875912765490159586e+02
3.883863975342597428e+02
3.940018431354394579e+02
4.152050299356131973e+02
4.270657425892493393e+02
4.389966666666666697e+02
4.501349361335689991e+02
4.518950250379924114e+02
4.497758166899295702e+02
4.351407569761597642e+02
4.498181898265612517e+02
4.651191493095801093e+02
4.915871074633176931e+02
4.953101692444884065e+02
5.007743092885061174e+02
5.020252453648246842e+02
4.916475926270613286e+02
5.001451103866783114e+02
4.983023583450032561e+02
5.189493119637876362e+02
5.234183433418239701e+02
5.201870518255236675e+02
5.195291244594283171e+02
5.266973314862894995e+02
5.308464509281033088e+02
5.303768525783314089e+02
5.126743769051078061e+02
5.062365355527995234e+02
5.289608056057049907e+02
5.429002818280570182e+02
5.842453523441844254e+02
5.965835324573408798e+02
5.839491767604384904e+02
5.937292039791277602e+02
6.132192332087178102e+02
5.929050972254418639e+02
5.802634883298383102e+02
5.726912196444004621e+02
5.626191216788305383e+02
5.634937719220837380e+02
5.843086188127983860e+02
5.973042737169539578e+02
5.958577180925832408e+02
5.719471192325911488e+02
5.639618412213436613e+02
5.791892569042121295e+02
5.836471140357820104e+02
5.682067851659531925e+02
5.648481175947698603e+02
5.599241093820369315e+02
5.545032826788308284e+02
5.572620270584992568e+02
5.635852666867264134e+02
5.641296251325707090e+02
5.504742015029017921e+02
5.417877288817242061e+02
5.436850856838617574e+02
5.103673006450763978e+02
5.198117486016619750e+02
5.039741794123681302e+02
5.272451569392177362e+02
4.951383480896147375e+02
5.141529653874533778e+02
5.246724891956822603e+02
5.296561149619546995e+02
5.296273225997273357e+02
5.218911316035616892e+02
5.021624365387650641e+02
4.872705687022395296e+02
5.092570533321491553e+02
5.084137377328261778e+02
4.836602323809635209e+02
4.764081678954286190e+02
4.768402518416652924e+02
4.667871347099170976e+02
4.821546994793937984e+02
4.748649037103902515e+02
4.645468662365877321e+02
4.629219386384052655e+02
4.616810872530498955e+02
4.709165376022254463e+02
4.673298732043180621e+02
4.531812546178832690e+02
4.419766331053397721e+02
4.422598772187272402e+02
4.478429709333113351e+02
4.506547446199252818e+02
4.334343808723313600e+02
4.335199498356255390e+02
4.299597022038758496e+02
4.409649198223550002e+02
4.423132064108636428e+02
4.468372422392036469e+02
4.383746592066029848e+02
4.338835896263000222e+02
4.310061295815496578e+02
4.602629253333177530e+02
4.617681614794441316e+02
4.604499462573632513e+02
4.800878732703245646e+02
4.761392629562762977e+02
4.733062567455882572e+02
4.908976964932293185e+02
4.973701502279539568e+02
4.952428871933236110e+02
5.308061017829958246e+02
5.640975634634622793e+02
5.544528263904987853e+02
5.468978824458425834e+02
5.373810503999119419e+02
5.222928604799789127e+02
5.272581197545652003e+02
5.363122299239096265e+02
5.370532396286102994e+02
5.379203784478736452e+02
5.379477989315226978e+02
5.380162324851411313e+02
5.493146062693760996e+02
5.522344874140668480e+02
5.574725523232286832e+02
5.570002777777777965e+02
5.577777064353725791e+02
5.762103652900827910e+02
5.684627834634848114e+02
5.654824203469672739e+02
5.689445078207857023e+02
5.723125232241567346e+02
5.782128266738312732e+02
5.720826290644412211e+02
5.767166013698596316e+02
5.648893286449720108e+02
5.649997222222222035e+02
5.653753502306103655e+02
5.551584179555775336e+02
5.475706683137908612e+02
5.621370715886707785e+02
5.411714313515758477e+02
5.318957429650014319e+02
5.230342468443118378e+02
5.242683517079846069e+02
5.132048054283415013e+02
4.928118542068989996e+02
4.835313466816505183e+02
4.836008925829765417e+02
4.901339626666588742e+02
4.814615434520363806e+02
4.667847360189221035e+02
4.640662706535136977e+02
4.632754703569972321e+02
4.661623098709763440e+02
4.727817247270583607e+02
4.871579780817164078e+02
4.882881084912582992e+02
4.921209321446693821e+02
4.968767763089616096e+02
4.855276956037300806e+02
4.793138526624725841e+02
4.784562315999229440e+02
4.720579504556512234e+02
4.663263996932066107e+02
4.652742746971027827e+02
4.676797288950043594e+02
4.662703337229137333e+02
4.776309814095479283e+02
4.834903559796515538e+02
4.830002777777777396e+02
4.819415170353722147e+02
4.798503324098113012e+02
4.760519237647063164e+02
4.720734792511099727e+02
4.577254911043532388e+02
4.390569971228860027e+02
4.348954869935741954e+02
4.423993082508646921e+02
4.407655381374380568e+02
4.356872973361991512e+02
4.252911640468140035e+02
4.184901174675666198e+02
4.184094290515002967e+02
4.114250150513940412e+02
4.203614392173292345e+02
4.364515093777008019e+02
4.463811560989472582e+02
4.460652243830857628e+02
4.462739969193250431e+02
4.492002944597330725e+02
4.395584619759969769e+02
4.362539367545659843e+02
4.531802396098668737e+02
4.506831715084016992e+02
4.549406399700324073e+02
4.449797837806702887e+02
4.443391577254841991e+02
4.333897308675931299e+02
4.263920902316833121e+02
4.250799886285857951e+02
4.123478796129131752e+02
4.034919296129290274e+02
4.024516260243924535e+02
3.956355042996398197e+02
3.825080787485910605e+02
3.750019444444444616e+02
3.680019444444445185e+02
3.613014212973695294e+02
3.581048953319353245e+02
3.576217273778657955e+02
3.636060134771078651e+02
3.637402135787680777e+02
3.591791203531359429e+02
3.454419144169248739e+02
3.548382568957470085e+02
3.645717117532500993e+02
3.837767398642951093e+02
3.996317125387520832e+02
3.962951926009170052e+02
3.953239958441512272e+02
3.883744416470712508e+02
4.034494098629611472e+02
4.024989395433913728e+02
3.920030555555554770e+02
3.809342574107507176e+02
3.701997168316041211e+02
3.793105787797122161e+02
3.920538364530421518e+02
3.897213823392571044e+02
3.960357010074679920e+02
4.174623472574613174e+02
4.298997731406357730e+02
4.182640438853938463e+02
4.097793120001100533e+02
4.096076801437745303e+02
4.047160793250544657e+02
4.087931134216173632e+02
4.105202877869510871e+02
4.036052255727006468e+02
3.921599365387650664e+02
3.832927727735323629e+02
3.775055469837887472e+02
3.649448503687055450e+02
3.511541120346329308e+02
3.395622725228808463e+02
3.380002777777777396e+02
3.370560128902404813e+02
3.368028547061255153e+02
3.342072277677478951e+02
3.341087621362063942e+02
3.359211053050718760e+02
3.367379792616475243e+02
3.327850297426672910e+02
3.260629660723347456e+02
3.197655493983779138e+02
3.103022546307028620e+02
3.042618216631715313e+02
3.040101333779207948e+02
3.147726426218393954e+02
3.226080981459298869e+02
3.253419405936007820e+02
3.318915762983348259e+02
3.387441741467840757e+02
3.626352722195904903e+02
3.652174268023715058e+02
3.696806715084017583e+02
3.837020296213052575e+02
3.936216643578617322e+02
3.992018617254921082e+02
4.091566926027792874e+02
4.309343661965422712e+02
4.369986111111111313e+02
4.422050055455255801e+02
4.496171103010552770e+02
4.513914179190848017e+02
4.570506819254482593e+02
4.627015673448927373e+02
4.541624664854708726e+02
4.606436018753445865e+02
4.629245752312132254e+02
4.628550402376004058e+02
4.444817761335423256e+02
4.404965014546943394e+02
4.312370410564073495e+02
4.371757870198025557e+02
4.338413922252798898e+02
4.265258817983519180e+02
4.152042356860886230e+02
4.239246540288390861e+02
4.332454209525500914e+02
4.448799347831821933e+02
4.394007740836900666e+02
4.269693293071982225e+02
4.306122135768514454e+02
4.307213244376866328e+02
4.263299643786795627e+02
4.259312018551951269e+02
4.246739913691585571e+02
4.190203532562870805e+02
4.227943157146895601e+02
4.077970205731827491e+02
4.010626882945568354e+02
3.960013888888889824e+02
3.910762581021202209e+02
3.870011111111111290e+02
3.833118359111550717e+02
3.827759759551727825e+02
3.791310043217271755e+02
3.768635570958930430e+02
3.731075903683318415e+02
3.706038366838117781e+02
3.642107487183535568e+02
3.612185379134826348e+02
3.605661383330373155e+02
3.547070733533118414e+02
3.580221606637741161e+02
3.512562854901983656e+02
3.476144357990735898e+02
3.407267786842371606e+02
3.451300413070275113e+02
3.511724778178972883e+02
3.472732942294049963e+02
3.466083043031374018e+02
3.422631318494636048e+02
3.420720271228145748e+02
3.428166573385513516e+02
3.407644382872667848e+02
3.356006203725167438e+02
3.370514754437454030e+02
3.399991666666666106e+02
3.429431606554597920e+02
3.445448182072885288e+02
3.403438850380451868e+02
3.400532396286104131e+02
3.411584097709198318e+02
3.435815581188483634e+02
3.394367980491874732e+02
3.410533862705602814e+02
3.581125214848111682e+02
3.773184402885956388e+02
3.892510077124206873e+02
4.043000399938881060e+02
4.128898173549584953e+02
4.333507336621572108e+02
4.327253629763361005e+02
4.274910962795956380e+02
4.296074709698041829e+02
4.278958583713256303e+02
4.237850297426673478e+02
4.172460309560055407e+02
4.144140385528388606e+02
4.172501967565763721e+02
4.118455736687636772e+02
4.034685872000659401e+02
4.002248573781606069e+02
4.012595086434541827e+02
4.059986111111110745e+02
4.104129751963968715e+02
4.050016666666667220e+02
3.987928623927575131e+02
3.895107551314594616e+02
3.859388530951958387e+02
3.821186325959222927e+02
3.799254439826834187e+02
3.770516459869285200e+02
3.747687170349997814e+02
3.702800644512024064e+02
3.701314301959163231e+02
3.716554537204200983e+02
3.690552144014365581e+02
3.671572338343005981e+02
3.670523485921150382e+02
3.676395866081491590e+02
3.641231543668916970e+02
3.619415262384833909e+02
3.592254409730272187e+02
3.591560929979029311e+02
3.620768478666776105e+02
3.657748648440617103e+02
3.660649466053080232e+02
3.669997222222221467e+02
3.678932429650014342e+02
3.670002777777778533e+02
3.658958756408231920e+02
3.635088106870150568e+02
3.674327505558516123e+02
3.774093370203883637e+02
3.780232717748852451e+02
3.677147104836666358e+02
3.693085624718521558e+02
3.750540684457960197e+02
3.814723347718902460e+02
3.810690759225826127e+02
3.813806674767225218e+02
3.882330729736730746e+02
3.981019194064521116e+02
4.107889650176273335e+02
4.319562434369763082e+02
4.401198903577051738e+02
4.641427939820180768e+02
4.907323450034950838e+02
5.105080904885369364e+02
5.018826575536414225e+02
4.749567314925728851e+02
4.739589892176376793e+02
4.864637148250072869e+02
4.913956077606327995e+02
5.010415213695456487e+02
5.268874668363345108e+02
5.283182173804871127e+02
5.192957918884790161e+02
5.286213865800840495e+02
5.347950827189524716e+02
5.373858419787042067e+02
5.438865853306301688e+02
5.476185940539896819e+02
5.337612240372977794e+02
5.289258670466435888e+02
5.392916144123140612e+02
5.427897722982067990e+02
5.419282506549632217e+02
5.411599664854708180e+02
5.546931344119619780e+02
5.368778414418927696e+02
5.381552596645697122e+02
5.447751453334432199e+02
5.588754353314193395e+02
5.572350966119628310e+02
5.697628471963705579e+02
5.663504048464113794e+02
5.367071327723026570e+02
5.332169839728406942e+02
5.209635078880104402e+02
5.291992397606782106e+02
5.159438267216074792e+02
5.285684356709859912e+02
5.273057092549046274e+02
5.291490920912953015e+02
5.223366328969983670e+02
5.217091481024675659e+02
5.417229945547729812e+02
5.354375485448257450e+02
5.335302429415427241e+02
5.268448986680996313e+02
5.176510218831091379e+02
5.153900614988750704e+02
5.058294659945663625e+02
5.073253437475854071e+02
5.026260386582785600e+02
5.081536957333552778e+02
5.152696996320892140e+02
5.122353743897406275e+02
5.243111188127983269e+02
5.280405755739019469e+02
5.154799515349816375e+02
5.073676297015632599e+02
5.078144826123553912e+02
5.288776890468577676e+02
5.353519651668715369e+02
5.317525046176094747e+02
5.365067376470634599e+02
5.496820817168503481e+02
5.487218799932420552e+02
5.421990897383190031e+02
5.376571203870867066e+02
5.300357402939612257e+02
5.385271873859870766e+02
5.423707057835094929e+02
5.346420866081492704e+02
5.224307625063430578e+02
5.162377839349555870e+02
5.144497708349431377e+02
5.167501449056651381e+02
4.997922231558084718e+02
5.010551726778734292e+02
5.043494228358089799e+02
4.990701658964978833e+02
4.938949096316680993e+02
4.872399757674907619e+02
4.821136929469971619e+02
4.628040834605474174e+02
4.525605999210155801e+02
4.510590385201833783e+02
4.513004462914882424e+02
4.543891370457461676e+02
4.471567812359261325e+02
4.409459315542039235e+02
4.342648048362770510e+02
4.313448240573575276e+02
4.330538255125476326e+02
4.356074709698041261e+02
4.339482069634406685e+02
4.304966434736310816e+02
4.210637994056680213e+02
4.122386172682888059e+02
4.070762581021202209e+02
4.029490801118101331e+02
3.983897948889438680e+02
3.978319819663795442e+02
3.947410469121013534e+02
3.887554359725883160e+02
3.915197322313953805e+02
3.867633575658426253e+02
3.796808361124268458e+02
3.852322703986238253e+02
4.045063631735881131e+02
4.035304696163106541e+02
3.930263273304407221e+02
3.724291431895553615e+02
3.753030955494435830e+02
3.722240515609618683e+02
3.721971452938745415e+02
3.748615703770569212e+02
3.757821979498093015e+02
3.730008333333333326e+02
3.700008333333333894e+02
3.672169147017771138e+02
3.671830648836708519e+02
3.701172253008110715e+02
3.743247881920297573e+02
3.710531421104121250e+02
3.679231521333223327e+02
3.651212313352473871e+02
3.792811428971677401e+02
3.841081211233046133e+02
3.785994110805337982e+02
3.966929194327746018e+02
3.929937647455128626e+02
4.030532801526863409e+02
4.030002777777777965e+02
4.021177992625890170e+02
4.027743875036059080e+02
4.008989302483651045e+02
3.965374340699994491e+02
3.875601289024047560e+02
3.869342849020417248e+02
3.857938833433631203e+02
3.819467300430079035e+02
3.766096931920263842e+02
3.677880066595020025e+02
3.715664483742234552e+02
3.710612994056679668e+02
3.710590293170721452e+02
3.718499837957597265e+02
3.708962157791758045e+02
3.681561957333553892e+02
3.668882657553641593e+02
3.640008333333333894e+02
3.607268364140082326e+02
3.545343407305482515e+02
3.561263851488303089e+02
3.496286350439496573e+02
3.526360479219733861e+02
3.516903765870901566e+02
3.463542311211003835e+02
3.458497768542557083e+02
3.440513682091508372e+02
3.438503523531491624e+02
3.524398710975953577e+02
3.529342849020417816e+02
3.515874889089486715e+02
3.451650876487541382e+02
3.404527371355035825e+02
3.305265414767050629e+02
3.296485218831091970e+02
3.366926696383264357e+02
3.393498441788725586e+02
3.319273530089909627e+02
3.235748409923108397e+02
3.246887196444004644e+02
3.229445495443487744e+02
3.203905129651812445e+02
3.229306674368353924e+02
3.246800066727821559e+02
3.214771737572037296e+02
3.225818358966261599e+02
3.174370758269652129e+02
3.168140592855874047e+02
3.142358763029557167e+02
3.143988296392455482e+02
3.083576330196111144e+02
3.080772795068519372e+02
3.087210466599087226e+02
3.051325413070273385e+02
3.036197388587992236e+02
3.095630070107299048e+02
3.090002777777777396e+02
3.081049749620076454e+02
3.092878307134806732e+02
3.136324813437694274e+02
3.128822191436333924e+02
3.100757025465645711e+02
3.083127415513615119e+02
3.117658452888558713e+02
3.130557282334290221e+02
3.147396580232124279e+02
3.130005555555554793e+02
3.111070348127763623e+02
3.109206562256512711e+02
3.100524788462550987e+02
3.098548636132337606e+02
3.079385753174180422e+02
3.051771155605501917e+02
3.056008925829765985e+02
3.132010283921587188e+02
3.244557101187030526e+02
3.297199355487976504e+02
3.298685698040837337e+02
3.281381518451652255e+02
3.279456189318968313e+02
3.269219386384051518e+02
3.250005555555554793e+02
3.240089352749599811e+02
3.342033855040930916e+02
3.342954243631388067e+02
3.379988888888888710e+02
3.418427958909859399e+02
3.428443598222002038e+02
3.425043318786390500e+02
3.496080981459298300e+02
3.522049421339381752e+02
3.571583299969422569e+02
3.638869649368949695e+02
3.593670741460076670e+02
3.601448586089883861e+02
3.627512457141165214e+02
3.619415170353721578e+02
3.601507787012996573e+02
3.602032506143809201e+02
3.633033733272213794e+02
3.584440377642619637e+02
3.457784743115367974e+02
3.552398870738132359e+02
3.577066761075640784e+02
3.711527893898561956e+02
3.861579780817164647e+02
3.872881084912584129e+02
3.900225428426443841e+02
3.792984799186943405e+02
3.721516828709069955e+02
3.669493578895879295e+02
3.613123914667106078e+02
3.590005555555555361e+02
3.574551817927115280e+02
3.615191165022922632e+02
3.603199933272179010e+02
3.622533258532160403e+02
3.473100267119320961e+02
3.542317148430682323e+02
3.781709578579464051e+02
4.181664725409815446e+02
4.298935426262484611e+02
4.164109456732063563e+02
4.105524459483364694e+02
4.322127639810779556e+02
4.433397934648627938e+02
4.451373185118318361e+02
4.481623098709762871e+02
4.524315505458832263e+02
4.404226776258084897e+02
4.345058565263688024e+02
4.348166573385512947e+02
4.345353177994327325e+02
4.533247418850014583e+02
4.330475644304642628e+02
4.270013888888889255e+02
4.224494369785433605e+02
4.243497006135867764e+02
4.193034298112384022e+02
4.304225836955497471e+02
4.488042878292129672e+02
4.546854047002474317e+02
4.547985279049918859e+02
4.649889060324226762e+02
4.886412807024486256e+02
4.930742782395386143e+02
4.968464509281031951e+02
4.972269271537027180e+02
4.887238244376865168e+02
4.775667777092569963e+02
5.002682481347749217e+02
5.270886070608319187e+02
5.239417363391368099e+02
5.284224988200688813e+02
5.255139584679955078e+02
5.388971662535304858e+02
5.375283210189780903e+02
5.286766006968591682e+02
5.270523087770787924e+02
5.268446375999780003e+02
5.247765315107283186e+02
5.195212395091305098e+02
5.198349575373129028e+02
5.070157196102640000e+02
5.106336390836789860e+02
5.210570474340754572e+02
5.161468030534327909e+02
5.133026961119992393e+02
5.278788236720712348e+02
5.283525638672529112e+02
5.416744265620795886e+02
5.324618212298140634e+02
5.172866298088640633e+02
5.214068974517099377e+02
5.205143925190401433e+02
5.369614819282610370e+02
5.359631823763147622e+02
5.133682856172108586e+02
5.112797287718539678e+02
5.027350373124611451e+02
5.042355617127333289e+02
5.085758182819394619e+02
4.983043860936358556e+02
5.096957974667657254e+02
5.285940163864962642e+02
5.271052034013468983e+02
5.370784104536135146e+02
5.249624799816535869e+02
5.273165417640617534e+02
5.337370502131691410e+02
5.340401032231006866e+02
5.131142725411206129e+02
5.198212177727832568e+02
5.248716597402520847e+02
5.174598138823571389e+02
5.163817639451845025e+02
5.096710435717744190e+02
5.118160171256419630e+02
5.006550443642053665e+02
5.070938848386098243e+02
4.855737272318946793e+02
4.797866177706130770e+02
4.878447882571885543e+02
4.833067748061179714e+02
4.825315416314276149e+02
4.888747395793088231e+02
4.836783474353573524e+02
4.916394941337072169e+02
5.284848347880275696e+02
5.583027771508812975e+02
5.650671103409422358e+02
5.720631259055409146e+02
5.968340902290802887e+02
6.203669205116059402e+02
6.334320758269652742e+02
6.521106442864756900e+02
6.848158525309922879e+02
6.869767282251148117e+02
6.959641605228574690e+02
6.702396162983335444e+02
6.455085604566085067e+02
6.304501765995237292e+02
6.371998739670885925e+02
6.699441046306644694e+02
6.562584262299601505e+02
6.536810872530497818e+02
6.624123477425231385e+02
6.558100504385082559e+02
6.839172548997960348e+02
6.556565671355322138e+02
6.429919223200520264e+02
6.479881999554125969e+02
6.418255404313235886e+02
6.166569660530798274e+02
5.998952122100284896e+02
5.961723829405395918e+02
6.129950000000001182e+02
6.301597829043633965e+02
6.337251263782754904e+02
6.447487457141165805e+02
6.519988451568824530e+02
6.446033925829766531e+02
6.435592169673254830e+02
6.523789861674066515e+02
6.538290070827279123e+02
6.367281438553173984e+02
6.280022222222220307e+02
6.203828896989448367e+02
6.188435994990327345e+02
6.158961361491034268e+02
6.115776058714056944e+02
6.133279287598735436e+02
6.064744567587998745e+02
6.071230381984689757e+02
6.203194303424204463e+02
6.226887196444005212e+02
6.217846397124509394e+02
6.310482685074269966e+02
6.155529938386500817e+02
6.061208099785957302e+02
6.146481002805154503e+02
6.103148730775303648e+02
6.094920226463182189e+02
6.028160037300318663e+02
5.942367533682956946e+02
6.018938204040260871e+02
5.874620361045793970e+02
5.802386943318533667e+02
5.869420426653150571e+02
5.935380498698483507e+02
5.955135591857067539e+02
6.144168379138957334e+02
6.091586227231895236e+02
6.047342691784980389e+02
6.122052016490393953e+02
6.109395339276652521e+02
6.081188919674777935e+02
6.072997546307028642e+02
6.098951046680647323e+02
6.092907358219802063e+02
5.907899174902287314e+02
5.850802358142999537e+02
6.063490740396052843e+02
6.083076070502872881e+02
5.974793959794260445e+02
5.907406613242801541e+02
5.821075331636654937e+02
5.971892569042120158e+02
6.034099363079503746e+02
6.142455509379457226e+02
6.165929432156825669e+02
6.106152691324068655e+02
6.002817311178689579e+02
5.941330968625828746e+02
5.900011111111110722e+02
5.851310140214596913e+02
5.675723383430057538e+02
5.664187887369197369e+02
5.736376421637047542e+02
5.764499720156541116e+02
5.712968132520277322e+02
5.698505393513152057e+02
5.680934843186541912e+02
5.826645639996700083e+02
5.733393694005742418e+02
5.676511327197465562e+02
5.722318750258516502e+02
5.922485340883436038e+02
6.002836838086388980e+02
5.997914735038685876e+02
5.950013888888887550e+02
5.906831715084017560e+02
5.962921370453614145e+02
6.061707171428514584e+02
6.068983746928095115e+02
6.044595990075919190e+02
5.949435328632089295e+02
5.693877948348989548e+02
5.612083388788589673e+02
5.571098732473176369e+02
5.560973035067707997e+02
5.662637863770573858e+02
5.634159588536342653e+02
5.422881208523625673e+02
5.377056867479724360e+02
5.300770914354534398e+02
5.232620994409494415e+02
5.199906999554125377e+02
5.071242868908029777e+02
5.103491450580312403e+02
5.060698881187200868e+02
5.021608299969423115e+02
5.012383091008241536e+02
5.026340369651034621e+02
4.981465252756550512e+02
4.949388530951957819e+02
4.909423503687055472e+02
4.859262773160167512e+02
4.799000413594761767e+02
4.725431787701858752e+02
4.717805693522553838e+02
4.827478020276838606e+02
4.780704648114714814e+02
4.728382456845792490e+02
4.653939179190847426e+02
4.625243192544828048e+02
4.687099470642971255e+02
4.713279287598735436e+02
4.642383394905110663e+02
4.598513726846486520e+02
4.535854186722587542e+02
4.396931640888448101e+02
4.223410360672409070e+02
4.104579595704892085e+02
4.062343750258515911e+02
4.177301907458369783e+02
4.247282773881974549e+02
4.178456190167902946e+02
4.081641466496852217e+02
4.111928680153231994e+02
4.043547866766559196e+02
4.021507787012996005e+02
4.023048759215714654e+02
4.068391407305540497e+02
3.990024999999999409e+02
3.909882264693723641e+02
3.954479481748944067e+02
3.937830312831427477e+02
3.881583449454117272e+02
3.839487625189962046e+02
3.789293617660742939e+02
3.733677964340083122e+02
3.729409706829277411e+02
3.717756701380840241e+02
3.677929871139072020e+02
3.600022222222222581e+02
3.520582282334289630e+02
3.455864638922163863e+02
3.467254475251194208e+02
3.452135140699971316e+02
3.467614131213981636e+02
3.463656852571187983e+02
3.517080605598009129e+02
3.540614246825819578e+02
3.566466022122330060e+02
3.538506101875890977e+02
3.491538268496746014e+02
3.463823195007399818e+02
3.374486586774793295e+02
3.348034102616810515e+02
3.302765814681082475e+02
3.287283724372617826e+02
3.235500406422742117e+02
3.243138137749119210e+02
3.304218385730387126e+02
3.300612994056679668e+02
3.298819413658555959e+02
3.283749016217118992e+02
3.309471356673657283e+02
3.326887196444004076e+02
3.309445495443487175e+02
3.280008333333333894e+02
3.251378317929958257e+02
3.238405588919466709e+02
3.202391424341574293e+02
3.194178863255960437e+02
3.255626463952569338e+02
3.265038803171219683e+02
3.202369874140669594e+02
3.170008333333333326e+02
3.143565219084999853e+02
3.179216093820369338e+02
3.212778422289800346e+02
3.284720569941125063e+02
3.289999999999999432e+02
3.287824757275871548e+02
3.253144676686010826e+02
3.247906056315402452e+02
3.215053009708133231e+02
3.237550801551055315e+02
3.230002777777777965e+02
3.223746238439341028e+02
3.255826408944809600e+02
3.223118359111551285e+02
3.218319819663795442e+02
3.190008333333333326e+02
3.162748302526583188e+02
3.169997222222222604e+02
3.183964410939660752e+02
3.237895290594241828e+02
3.258543080576782245e+02
3.260000000000000000e+02
3.257649570303775590e+02
3.218508879653668942e+02
3.170179197385712655e+02
3.296869930837033280e+02
3.394398710975953577e+02
3.399342849020417816e+02
3.392066722121923021e+02
3.409994444444444071e+02
3.430777835838169381e+02
3.456327265218620823e+02
3.417130026198527162e+02
3.347955033847958362e+02
3.382902593062447636e+02
3.326757673635258925e+02
3.344677234381533140e+02
3.440647700443124677e+02
3.432721996320891549e+02
3.314327142056645812e+02
3.356003047336836289e+02
3.126046888583115901e+02
3.143958855384105391e+02
3.217889735038686467e+02
3.256360479219733861e+02
3.251862184921903349e+02
3.262943155355771410e+02
3.176787819336263965e+02
3.157462145098016890e+02
3.101562256803705964e+02
3.058339057737230178e+02
2.995276652281096403e+02
3.000685203670270766e+02
3.021082065806508581e+02
3.049804800770462521e+02
2.971595457763448280e+02
2.909296395438520335e+02
2.840629660723346888e+02
2.780606959837388672e+02
2.733757349550452318e+02
2.727398450034950770e+02
2.683897948889438680e+02
2.678319819663795442e+02
2.651307265439493221e+02
2.640687770076090146e+02
2.640000000000000000e+02
2.638413124513024854e+02
2.624181641033737833e+02
2.679257651399502151e+02
2.728126703966984792e+02
2.747056407324164411e+02
2.723012796248215750e+02
2.729997222222222604e+02
2.737678837016663920e+02
2.721120257804809057e+02
2.721971452938744278e+02
2.749303685218617943e+02
2.769450633763412384e+02
2.779213830828496725e+02
2.780000000000000000e+02
2.777839186315562188e+02
2.749398117054429918e+02
2.711781990623276783e+02
2.700751469910090350e+02
2.697918760027960730e+02
2.662341547111440718e+02
2.651122898001913768e+02
2.659347756169142372e+02
2.670274884474688974e+02
2.805166766758399035e+02
2.871570208820309063e+02
2.952065820516868939e+02
3.060532801526862841e+02
3.059382975396402458e+02
3.038830340707443725e+02
3.002264458297272540e+02
2.988986524705873649e+02
2.956917153059255270e+02
2.892806200067578857e+02
2.871319857514718592e+02
2.880319721720727557e+02
3.018870711971269429e+02
3.134296061014387078e+02
3.090489162867434061e+02
3.205642261520013676e+02
3.275709041603236074e+02
3.275277654634224405e+02
3.206011759280723936e+02
3.197398450034950770e+02
3.159335632890209240e+02
3.226701276900373045e+02
3.397607367213704492e+02
3.407260030806749569e+02
3.373205488827733802e+02
3.385233817983518634e+02
3.348967089741565246e+02
3.295096440203483894e+02
3.296278407933970129e+02
3.249426281464833437e+02
3.193772245310270250e+02
3.180002777777777965e+02
3.170002777777777965e+02
3.161674831151658509e+02
3.176708689546535993e+02
3.152760259125527114e+02
3.158365790179126407e+02
3.143922512524180775e+02
3.168944694824368185e+02
3.178556679765929402e+02
3.169392561498875125e+02
3.151776435067721422e+02
3.157751145825284311e+02
3.140525865548565321e+02
3.128449153777556830e+02
3.098888213109196954e+02
3.052611753101208478e+02
3.044112731567653327e+02
3.085194544536176409e+02
3.050804548854598579e+02
3.022618386757197300e+02
3.042171490245937662e+02
3.095564332543489172e+02
3.219971784902157310e+02
3.203012796248215750e+02
3.207964716078413403e+02
3.191600259361126177e+02
3.288262293049501750e+02
3.216596509795814995e+02
3.233068869735143949e+02
3.413418716272058759e+02
3.482743167115825713e+02
3.365797234021533200e+02
3.327127248420748629e+02
3.263680742117861087e+02
3.252954243631388067e+02
3.319187882049082532e+02
3.692824435919040411e+02
3.640900368001539960e+02
3.695107734136951763e+02
3.992117518474152575e+02
4.188984567671442392e+02
4.245845248036031876e+02
4.374883016207067499e+02
4.353143173494528924e+02
4.377251170087631635e+02
4.491206271321001395e+02
4.610570456967696487e+02
4.456577331340150749e+02
4.474056602602651083e+02
4.574559877214035737e+02
4.616644812462903928e+02
4.586205386676218154e+02
4.388639363344427125e+02
4.398025059402521038e+02
4.246501226866333809e+02
4.258944695258774118e+02
4.262074238373975845e+02
4.181011670968458134e+02
4.238762211102203423e+02
4.149763558270594785e+02
4.157913205403507391e+02
4.127576511703670690e+02
3.977411860663660264e+02
4.076324789489264049e+02
4.018927124852005477e+02
4.054661771650607989e+02
4.014774516748466340e+02
4.021563473451941491e+02
4.047652455594416097e+02
3.939334999420713075e+02
3.946468872002828903e+02
3.913765859460999081e+02
3.922537806263713378e+02
3.971483885007445451e+02
3.929456542850276719e+02
3.881844018252903652e+02
3.981710897308811354e+02
3.991631308028682952e+02
4.017641491015892825e+02
4.017906120592293746e+02
3.984332738385593302e+02
3.998774015706023306e+02
3.998229121484673101e+02
3.970008333333333326e+02
3.944170810411428647e+02
3.983771589054537685e+02
3.960008333333332757e+02
3.928709371696122048e+02
3.882068867294906340e+02
3.858940687931784623e+02
3.821598007049772150e+02
3.800527639251932328e+02
3.780568551388076344e+02
3.659337779335797336e+02
3.659997222222221467e+02
3.655729176650744421e+02
3.500723586479620053e+02
3.516128281125219246e+02
3.499447972875007622e+02
3.467380033320725374e+02
3.400707157991262761e+02
3.343823051449462582e+02
3.347647589129508106e+02
3.331052495244379656e+02
3.335041129763928893e+02
3.391437552322189504e+02
3.337692531527447954e+02
3.381747713222167135e+02
3.341054470651149018e+02
3.310008333333333326e+02
3.279448274539328168e+02
3.242609034121230707e+02
3.238630014271928417e+02
3.220005555555555361e+02
3.201592451495720866e+02
3.197911665138610147e+02
3.162188240148532827e+02
3.152482485710551146e+02
3.175877917136964470e+02
3.140762079171117875e+02
3.111024865352210327e+02
3.099230042137142505e+02
3.080563138313714830e+02
3.070002777777778533e+02
3.060690491348742626e+02
3.058368060052082456e+02
3.033924388436152526e+02
3.047375473748043078e+02
3.022168817425901466e+02
3.018170299143775992e+02
2.991779045651959450e+02
2.989251514060496220e+02
2.979482486890941573e+02
2.960782249869108682e+02
2.950002777777777396e+02
2.941301624565392672e+02
2.950682215090791942e+02
2.969462027573993055e+02
2.984757909983638342e+02
3.045803888459446398e+02
3.036374229466778161e+02
2.982496374639856640e+02
2.959417877062571165e+02
2.932261237496801982e+02
2.930000000000000000e+02
2.932318206890188321e+02
2.957761324684747706e+02
2.950002777777777396e+02
2.938627296737024039e+02
2.910008333333333894e+02
2.883924770745715023e+02
2.899470650289845253e+02
2.911437848063229694e+02
2.939381766381008561e+02
2.961175424456321252e+02
2.996994945143006248e+02
3.000000000000000000e+02
2.999999999999999432e+02
3.000000000000000000e+02
3.002597693571002537e+02
3.035195364923474699e+02
3.011605583945565741e+02
3.009206666713645859e+02
3.000002777777777965e+02
2.992179755346800221e+02
3.007514736468008323e+02
2.989417889442131582e+02
2.960759301390609153e+02
2.942546885612802612e+02
2.967673459766759265e+02
2.970557585495579929e+02
2.979340024814884487e+02
2.977936778422990187e+02
2.951640273256422802e+02
2.948433425023528116e+02
2.932100753473371242e+02
2.947833505673252148e+02
2.941222646549364299e+02
2.951178202219926447e+02
2.976997372478034549e+02
2.971564790005041914e+02
2.989217584443488249e+02
3.003355671517517749e+02
3.064783022771000560e+02
3.062057145230294282e+02
3.078928820603393319e+02
3.083966666474851763e+02
3.128420708300081401e+02
3.151445762823795462e+02
3.188129632708962617e+02
3.203523218782808613e+02
3.264724436332907658e+02
3.270508266000366575e+02
3.273042946807851763e+02
3.210058761399466221e+02
3.294057513162599093e+02
3.305183038409817300e+02
3.248384726833810987e+02
3.169424449967945634e+02
3.188420268202565921e+02
3.194321877498563254e+02
3.256692611833159390e+02
3.411095428362026496e+02
3.431011561686739242e+02
3.347317277492334142e+02
3.371443428898992920e+02
3.314497674627101560e+02
3.321296605363936010e+02
3.349991666666667243e+02
3.373597923863144956e+02
3.302720868204030467e+02
3.358936953644663959e+02
3.410712016825969499e+02
3.465645068716550554e+02
3.460002777777778533e+02
3.450753651967148699e+02
3.451016101938905649e+02
3.469994444444444639e+02
3.487764618777408145e+02
3.471977125113067473e+02
3.475183500970014734e+02
3.424368506146557252e+02
3.436078130258421197e+02
3.412627330901264600e+02
3.419910113002533762e+02
3.325281694325629473e+02
3.429925560065650529e+02
3.408993993997107737e+02
3.472688277838013846e+02
3.426231546500244463e+02
3.451190020549357200e+02
3.641097834785134637e+02
3.596183336977800877e+02
3.608395982759854519e+02
3.594448335498857432e+02
3.528893395718649231e+02
3.606345471636952880e+02
3.636972615778435625e+02
3.497667446840673051e+02
3.606959912478504862e+02
3.689305929167380214e+02
3.607856894536105870e+02
3.805439465693589796e+02
3.801319533112494469e+02
3.813065815114856036e+02
3.987771814392064584e+02
4.121160025584116511e+02
4.051072452646424722e+02
3.983620991151883004e+02
3.958175857094922776e+02
3.908832909036092929e+02
3.840768006524515386e+02
3.782099381023371052e+02
3.761559273484802475e+02
3.756081548188975603e+02
3.694567284962017197e+02
3.696163892609607160e+02
3.775712435400746472e+02
3.792377697429270711e+02
3.824770551307616984e+02
3.774372101594144056e+02
3.768140532370571805e+02
3.747643835634113998e+02
3.830960293061676225e+02
3.819497487952006054e+02
3.793099840023575666e+02
3.800554709870990564e+02
3.818023478127846602e+02
3.812753663643270556e+02
3.836184702896988483e+02
3.795311164500143946e+02
3.701075230448246316e+02
3.632986856556000248e+02
3.712653428314868052e+02
3.698824629483736999e+02
3.663005359414423197e+02
3.655834663236035453e+02
3.584683375959663749e+02
3.558326229388594584e+02
3.509364197386662454e+02
3.456180555574769073e+02
3.477860384365990285e+02
3.477144203398923992e+02
3.539541102615232830e+02
3.444551449758257604e+02
3.513076890493491646e+02
3.627629615941473276e+02
3.566030174995919424e+02
3.569145216863888663e+02
3.729129726584146738e+02
3.780546376537657238e+02
3.841154920238492423e+02
4.038935345426920662e+02
4.115421853004302761e+02
4.255072391287491200e+02
4.244198144015204548e+02
4.295748170815011804e+02
4.403496602597341507e+02
4.292438612642980615e+02
4.355220490086352356e+02
4.484754440156155511e+02
4.519889722457764378e+02
4.438905449222026505e+02
4.331329938560007236e+02
4.253722530906893553e+02
4.345174059267923212e+02
4.366026985766029611e+02
4.338964665817078981e+02
4.289287983067642358e+02
4.236834714641236701e+02
4.276462033126135225e+02
4.281267689228459972e+02
4.409453043507561461e+02
4.526052108782792516e+02
4.488898913591349924e+02
4.420019444444443479e+02
4.361022987906413277e+02
4.438343444098708801e+02
4.489016791241076589e+02
4.417927316881287538e+02
4.306515650500222705e+02
4.268788534348774419e+02
4.220013888888888687e+02
4.172259575116373185e+02
4.152088223937537919e+02
4.164556431750762613e+02
4.126171418167745060e+02
4.198174695395650815e+02
4.504153395012629062e+02
4.617181750640386895e+02
4.511938487146355214e+02
4.542433296043915334e+02
4.960438224323798977e+02
5.278134482791398341e+02
5.408804308603132540e+02
5.363771637150227889e+02
5.357115724227469400e+02
5.456777588712062652e+02
5.333461703470516113e+02
5.573070330999532871e+02
5.972738040815853537e+02
5.922744259835483263e+02
5.901160870860464911e+02
6.092653142048395694e+02
6.008587262851804098e+02
5.888813534348774965e+02
5.750629351924799266e+02
5.629767418096877236e+02
5.623124002572974405e+02
5.681537051245815064e+02
5.748782269998038146e+02
5.666670684924584975e+02
5.914167283901516612e+02
5.996910000810530619e+02
6.157729453623101108e+02
6.086893997451236373e+02
5.978514675192716368e+02
6.291382607459877363e+02
6.252356495169638038e+02
6.363204942018479642e+02
6.412529226906634676e+02
6.496883493309755977e+02
6.536606407540658665e+02
6.383047384804740432e+02
6.511015176492705905e+02
6.555974038304732403e+02
6.683694515629821353e+02
6.749459606998101435e+02
6.792063279018248068e+02
6.746115661589462889e+02
6.784122130140253830e+02
6.863769771790457526e+02
6.660480008576578257e+02
6.621663995454716769e+02
6.718290118277484453e+02
6.774639809190977076e+02
6.477758333294908653e+02
6.016120728366182675e+02
5.829890071169850216e+02
5.876245338430860556e+02
6.021639672971398340e+02
5.852454784196188484e+02
5.834701548424411612e+02
5.896225585071995283e+02
5.920502512047993378e+02
5.958493310064836805e+02
6.089961111111110768e+02
6.235217021288702881e+02
6.421742308767591112e+02
6.267122853350036848e+02
6.199233342231505048e+02
6.134732981461551162e+02
6.142791869814567463e+02
6.077950915621856893e+02
6.115852869859747898e+02
6.099256993479727953e+02
6.070008333333333894e+02
6.040008333333333894e+02
6.017845188779150476e+02
6.112822837919961785e+02
6.114520987637242797e+02
6.037890939921545623e+02
5.933522692839942465e+02
5.964245939771710709e+02
5.920179348164114117e+02
5.984399374889493401e+02
5.975891353461973949e+02
5.906030174995919424e+02
5.896443526775153714e+02
5.833883827807247826e+02
5.816137919692013156e+02
5.893405112278009028e+02
5.885188727513165077e+02
5.818723853695772732e+02
5.879794560120682263e+02
5.837395257212722299e+02
5.755873441963506139e+02
5.850818174282474047e+02
5.834141574584698446e+02
5.858760457751466220e+02
5.767319894892493721e+02
5.791545384579147822e+02
5.835507907999215149e+02
5.804810801315527442e+02
5.716467592643828084e+02
5.820905939111015641e+02
5.795565553260892102e+02
5.818426165392285156e+02
5.824355434927477972e+02
5.878743688247047885e+02
5.921750927881377038e+02
5.971205703137751470e+02
5.810049999999998818e+02
5.655554930194508643e+02
5.760446265626421791e+02
5.587282432049743193e+02
5.498277657596476047e+02
5.523254778469248549e+02
5.593525186861613747e+02
5.499460407367544121e+02
5.536298441536569044e+02
5.431014301972143130e+02
5.470576574147021347e+02
5.512017843513456228e+02
5.356818672241442982e+02
5.307005619495050723e+02
5.343907316611797569e+02
5.440873763413285360e+02
5.419323456787989244e+02
5.382142393411787680e+02
5.376032541321585541e+02
5.328448387614507737e+02
5.257281280434683595e+02
5.257597993581589435e+02
5.102384272947416548e+02
5.113232719796257584e+02
5.062048937080864448e+02
5.039232678882993923e+02
5.009450845684564229e+02
4.970011111111110154e+02
4.928635668178364995e+02
4.867297406831182798e+02
4.767080475472006356e+02
4.738958102885088692e+02
4.702171883500073477e+02
4.697931471177411709e+02
4.795795553804849192e+02
4.699764640319099271e+02
4.700517889317718527e+02
4.719217585488204918e+02
4.728877671444247426e+02
4.727149384302259136e+02
4.819972222222223195e+02
4.914644016470531369e+02
4.917619524792950756e+02
4.890008333333332757e+02
4.860734239154579654e+02
4.841865023184984125e+02
4.844123758913929123e+02
4.766783946870409068e+02
4.752887053550307996e+02
4.614628752180962579e+02
4.426782962796399374e+02
4.497347044911202829e+02
4.545859782312872994e+02
4.546529001382940578e+02
4.637436253481864128e+02
4.591634267525148516e+02
4.402302710204122604e+02
4.350621010603390459e+02
4.317056018153788273e+02
4.241519346373877966e+02
4.183661336335135843e+02
4.193104658047183761e+02
4.240545886500097481e+02
4.302582099342235438e+02
4.391068827132742172e+02
4.370008333333333894e+02
4.343975792011748354e+02
4.355819774379426121e+02
4.304372101594144056e+02
4.296281064741143609e+02
4.245302783644131637e+02
4.271493654860091169e+02
4.311348961850771389e+02
4.207762100058941996e+02
4.179448067906786264e+02
4.151322310877730501e+02
4.142753663643269988e+02
4.164553146995697830e+02
4.101586093314766686e+02
4.053679973235527427e+02
4.067833672055481316e+02
4.063052275239176083e+02
4.117702779966162439e+02
4.503533332000948803e+02
5.577082067799389051e+02
5.797520256700155414e+02
5.837271524501273916e+02
5.966314811786593282e+02
5.924125925938734554e+02
5.914138973673141209e+02
5.817965472912384257e+02
5.798959110261523620e+02
5.769282427512088134e+02
5.741787739430823194e+02
5.864099982400941826e+02
5.771298244784015878e+02
5.785419058234722343e+02
5.716877763233130736e+02
5.508426203620422257e+02
5.454185638376566203e+02
5.837182969387466756e+02
5.951478477563150591e+02
5.751030430981147674e+02
5.646358915653364647e+02
5.492925474296395123e+02
5.373692730287010590e+02
5.313559444882123444e+02
5.307754313772514934e+02
5.280529000428829249e+02
5.255344401818114193e+02
5.183940649945129735e+02
5.168703394773326636e+02
5.134529320970576691e+02
5.039621325908598806e+02
5.093632621670092249e+02
5.078522435098979031e+02
4.876033816956305600e+02
4.840705439630637557e+02
4.702378717391860050e+02
4.723464240983443005e+02
4.587829588346450009e+02
4.749949999999998909e+02
4.924375123512310211e+02
5.012605732866572339e+02
5.124464894935681514e+02
5.166725777086307971e+02
5.153922177731361671e+02
5.177373034990498581e+02
5.166487872722444763e+02
5.226931058094158971e+02
5.245861203193081792e+02
5.199265326813060710e+02
5.144182003430631767e+02
5.161548162356925786e+02
5.198309562721927932e+02
5.206748764711093145e+02
5.170011111111111859e+02
5.142798804915167921e+02
5.312487626259420495e+02
5.303221716699900981e+02
5.163671195772898272e+02
5.065606180666063096e+02
5.048240738785290205e+02
5.019023040271657123e+02
5.077784155292590640e+02
4.936227457824931548e+02
4.853367148114834890e+02
4.823435667833565503e+02
4.721724598261674828e+02
4.757810703242723207e+02
4.756680706824481035e+02
4.618947792143420088e+02
4.617116192370272643e+02
4.587568735364214945e+02
4.522381296588081341e+02
4.491505457484989279e+02
4.480002777777777965e+02
4.463787906127855081e+02
4.385062978500882878e+02
4.378700616995548103e+02
4.357266049374177328e+02
4.295754102065314441e+02
4.169560789717083935e+02
4.142614724346191224e+02
4.170717572487913571e+02
4.206889776173175619e+02
4.201177470439437229e+02
4.203238275351812945e+02
4.132562560239968548e+02
4.098462579988210450e+02
4.053358814781502133e+02
4.059340233450022311e+02
4.058624557067253136e+02
4.041093259489749698e+02
4.033733404518710017e+02
3.963164580233626566e+02
3.940005555555555361e+02
3.921225354540115404e+02
3.922952315179546190e+02
3.974477483566079741e+02
4.067994101248045808e+02
3.964694487070775608e+02
3.905054645167549552e+02
3.932590432675568763e+02
3.995871296283488050e+02
4.006800298771208304e+02
3.961600872360254471e+02
3.928442832058951240e+02
3.878727536521620891e+02
3.925644575531334226e+02
3.928225626409388838e+02
4.028936054180948076e+02
3.907662680719906803e+02
3.896908493309757091e+02
3.860011111111111290e+02
3.821325088655507898e+02
3.794503783824570746e+02
3.702747037613262364e+02
3.646880591148244548e+02
3.562643631676169775e+02
3.515689566333185212e+02
3.425516873208293873e+02
3.411183703849596327e+02
3.447694019027863988e+02
3.783233097388585975e+02
3.845999872121007570e+02
3.747310413390163717e+02
3.759742594755606433e+02
3.912695061736935145e+02
4.093959827189373186e+02
4.022723645548704781e+02
4.060068491928915932e+02
3.945117451859835001e+02
3.892413117529522424e+02
4.003515413847890727e+02
3.897311753113268082e+02
3.958289445118363119e+02
3.814581355437670709e+02
3.533020993399647978e+02
3.892287027123198868e+02
3.935498993953206650e+02
4.028676631473549605e+02
4.255830715722653395e+02
4.337361923879386723e+02
4.369357791463284002e+02
4.499590041964581246e+02
4.490005555555555929e+02
4.458028562342304895e+02
4.298901340623424971e+02
4.261358162828010450e+02
4.067014620117583377e+02
4.426892281066598684e+02
4.617752469035468152e+02
4.401794274875940687e+02
4.339695718547233128e+02
4.184743726045367112e+02
4.105103562970946314e+02
4.093101890493491624e+02
4.128226849896402086e+02
4.134740263545236303e+02
4.082557004684413187e+02
4.085460311228994783e+02
4.246567518651768864e+02
4.215269799066480232e+02
4.234489894935681491e+02
4.194908556592760647e+02
4.222938968972437124e+02
4.192583320934502353e+02
4.358423102814419963e+02
4.398771867682107768e+02
4.406454444006768085e+02
4.368996633798826679e+02
4.436749227796998412e+02
4.620622136969560643e+02
4.702700697720947005e+02
4.666510803911144762e+02
4.705876851839043411e+02
4.696805854326764234e+02
4.632399919651493292e+02
4.587923776078602600e+02
4.527443961932131629e+02
4.664377152667270821e+02
4.739393209224726888e+02
4.804489297913605697e+02
4.911837585009876648e+02
4.874600974403184068e+02
4.771703018501861493e+02
4.697249098716409890e+02
4.713114452002935764e+02
4.650563296411542069e+02
4.597849911018279272e+02
4.622132993860382157e+02
4.522191327944518093e+02
4.439412322729942275e+02
4.353567778215455064e+02
4.309528464271738812e+02
4.158898562845647007e+02
4.149223141043759711e+02
4.132165922331959678e+02
3.993939815680020615e+02
3.904134259272069016e+02
3.869475512758164655e+02
3.826043652432695694e+02
3.741590501274381495e+02
3.677838949202928234e+02
3.598702515603998222e+02
3.632350608810330073e+02
3.564528186802494929e+02
3.537973285141357564e+02
3.483108173356909560e+02
3.461120530853092419e+02
3.458029033683402531e+02
3.429320611866959325e+02
3.392730370946595713e+02
3.399997222222222035e+02
3.406854864210819187e+02
3.364335433666814765e+02
3.369387322729942866e+02
3.370590463035909465e+02
3.388979967132160027e+02
3.504236550838438120e+02
3.526110149663242623e+02
3.500008333333333326e+02
3.471957407840009751e+02
3.467260493818621967e+02
3.433740855137294261e+02
3.456024207988252215e+02
3.441049223071810275e+02
3.440725905821246329e+02
3.446278286963366213e+02
3.400013888888889255e+02
3.354519853469162740e+02
3.363553695447067184e+02
3.433021887724729027e+02
3.433347703670391411e+02
3.477358156022315256e+02
3.495498993953206082e+02
3.584869667703871983e+02
3.770133217657095770e+02
4.056820730508043766e+02
4.127822560944371162e+02
4.157552068697548862e+02
4.151774166885505792e+02
4.169245882368616094e+02
4.174269884171770855e+02
4.071482329259134758e+02
3.888530921169902967e+02
3.989316975164440464e+02
4.087641666628240387e+02
4.034814829620966066e+02
4.049994444444445207e+02
4.072603613235081070e+02
4.131995591521846904e+02
4.090093950420827014e+02
3.911215135841312645e+02
3.923797512129825122e+02
4.310063141239351125e+02
4.383850494473915091e+02
4.471052419841920482e+02
4.414103767716874813e+02
4.285859260393246473e+02
4.343451554172615374e+02
4.294344622407886618e+02
4.073209024678070591e+02
3.898693089555852112e+02
3.831846365143505864e+02
3.798827407261515532e+02
3.758996633798826110e+02
3.825187226510511209e+02
3.980630470302893968e+02
4.031589480276306858e+02
3.945225309795582689e+02
3.929593827190381603e+02
4.031974358039131516e+02
4.008421349861967542e+02
3.960013888888889824e+02
3.908562077246397166e+02
3.854275362936727447e+02
3.988208628938970151e+02
3.944991229176868615e+02
3.731244153944753066e+02
3.706961445608603185e+02
3.764963166716635783e+02
3.749348566783355636e+02
3.721383776266079622e+02
3.714897445481649356e+02
3.784494506731649039e+02
3.797378590546053374e+02
3.770094715592937291e+02
3.856312825268545339e+02
3.897627036745252553e+02
3.897754313772514934e+02
3.874694337192793796e+02
3.920661025858449307e+02
3.874494869778561679e+02
3.882847837919962330e+02
3.800025000000000546e+02
3.705762435398647767e+02
3.559091023878613100e+02
3.602153049183647227e+02
3.540184903719669478e+02
3.586884220617620258e+02
3.604108646538027187e+02
3.677724795487641245e+02
3.727445773093364210e+02
3.736955890053047824e+02
3.824434901190151095e+02
3.967615159523013517e+02
3.833801651549683243e+02
3.841833887160213408e+02
3.743349848731074871e+02
3.778414932105410458e+02
3.799274186981457433e+02
3.807557624253103654e+02
3.782960648512880084e+02
3.797748758216959573e+02
3.788440776491291899e+02
3.758556559629754474e+02
3.813263250887711706e+02
3.772612654897790776e+02
3.765481790140535736e+02
3.824119529228696024e+02
3.796359044996574994e+02
3.826336052581997933e+02
3.803637862439563833e+02
3.817515154271873712e+02
3.803529633540531449e+02
3.834731930211903546e+02
3.806451860108487040e+02
3.722393804538751851e+02
3.763850969196874985e+02
3.725926787838679388e+02
3.757238003023396118e+02
3.758912296065806231e+02
3.742355528861039033e+02
3.747902316881288129e+02
3.721448848259308306e+02
3.707563179808660152e+02
3.667099445319798292e+02
3.726237745176414364e+02
3.748432443157957437e+02
3.737672200909056528e+02
3.700570886500098595e+02
3.674556173848912977e+02
3.705194753071476725e+02
3.685869359660192686e+02
3.756803810835045851e+02
3.793726883791361502e+02
3.730184903719669478e+02
3.771925640272477267e+02
3.711194137106103312e+02
3.660013888888888687e+02
3.614586497320833018e+02
3.653853272251693056e+02
3.732170172917235504e+02
3.689356900116689530e+02
3.636893881330396425e+02
3.668901184954695509e+02
3.689994444444445207e+02
3.709994444444445207e+02
3.724232384740543580e+02
3.669406767174387483e+02
3.600019444444444616e+02
3.532265130671929683e+02
3.495738449161563040e+02
3.555319401818114216e+02
3.565519019110326440e+02
3.505216976462248795e+02
3.507257716040844002e+02
3.480008333333332757e+02
3.455562775483113001e+02
3.484248717549489811e+02
3.424374879371921452e+02
3.410622600320920128e+02
3.407650614676683176e+02
3.376019063884808702e+02
3.408464686078240220e+02
3.417678592204539996e+02
3.400005555555555361e+02
3.380005555555554793e+02
3.359317834089181360e+02
3.331639889234624547e+02
3.325300053389032655e+02
3.271587845672368076e+02
3.240728590796320532e+02
3.223055053016953480e+02
3.248220277558939415e+02
3.245508627545030436e+02
3.192099335048649209e+02
3.168451837643074782e+02
3.131690437278071499e+02
3.120002777777777965e+02
3.109317901232432746e+02
3.090005555555555929e+02
3.065244605141458010e+02
3.000458897384767170e+02
3.106337137560435622e+02
3.176261620296698993e+02
3.188822529560563339e+02
3.180753771874490212e+02
3.180000000000000000e+02
3.183091506690243477e+02
3.215528987698737637e+02
3.184610032516502542e+02
3.207928502267546946e+02
3.207280740164515578e+02
3.161580537759211325e+02
3.129484606998099707e+02
3.092171883500074046e+02
3.081832476254617177e+02
3.096451666228990121e+02
3.061508235262767244e+02
3.039484888460060006e+02
3.014669487070775062e+02
3.038872115888692633e+02
3.048048147715545042e+02
3.030005555555555929e+02
3.010005555555555361e+02
2.996353489441018496e+02
3.049461499575206176e+02
3.092001147077402265e+02
3.046214892098094538e+02
3.074702771911425430e+02
3.032266871179025429e+02
3.011529758366203282e+02
3.018451468877100297e+02
3.008887802480239770e+02
2.979351344561134169e+02
2.943449718442975609e+02
2.947277962386738182e+02
2.910794435546272325e+02
2.881579512339035887e+02
2.882160772388962755e+02
2.910601566158946412e+02
2.945265184601616966e+02
2.916748169793564216e+02
2.956862108538137477e+02
2.950002777777777396e+02
2.941682103944738174e+02
2.958045369937767646e+02
2.948633024687088096e+02
2.920541153908502565e+02
2.902386030762604037e+02
2.910519055980349208e+02
2.929268538623198310e+02
2.929460238988795595e+02
2.792966063722689114e+02
2.836228362849772680e+02
2.848473019411574114e+02
2.833097062245798838e+02
2.847764493849368819e+02
2.831319533099953674e+02
2.833438607331864887e+02
2.878354555209821228e+02
2.893727848963154088e+02
2.842111572007602831e+02
2.818565040629580380e+02
2.786110106033906959e+02
2.834078702974242674e+02
2.794022614504486342e+02
2.684719337192794342e+02
2.654669487070775062e+02
2.685589420556536311e+02
2.797619750346601109e+02
2.750016666666667220e+02
2.696410513568694682e+02
2.746015874654918889e+02
2.760519055980349208e+02
2.784349879371922043e+02
2.854399374889492833e+02
2.850002777777777965e+02
2.841504765971202460e+02
2.849489154618672160e+02
2.849227123327438562e+02
2.838887802480240339e+02
2.815264243510924302e+02
2.857235225245618722e+02
2.867821814353834498e+02
2.842358306638816998e+02
2.844189810681871222e+02
2.922138550166740742e+02
3.026310047490766806e+02
3.084709815398384762e+02
3.201729706054779285e+02
3.232077112826427197e+02
3.286099038552131901e+02
3.305594976112091103e+02
3.419065125475603395e+02
3.650342283920729756e+02
3.773699188470628769e+02
3.938047623964756099e+02
3.989906508071084090e+02
4.191228019033934515e+02
4.299972222222221490e+02
4.398210183229734866e+02
4.489506402070072113e+02
4.828360119132099726e+02
5.641834424079002019e+02
5.951005197619697356e+02
6.087051152521615904e+02
6.422704185562894281e+02
6.557791258798280296e+02
6.644677724388744764e+02
6.776818753099710193e+02
6.854215718073876360e+02
6.871588090353311600e+02
7.016290829175403587e+02
6.693310979906228795e+02
6.612515454736338825e+02
6.746647009090568190e+02
6.640036111111112405e+02
6.507437345102208610e+02
6.357169135855838249e+02
6.420510598352946090e+02
6.498866115700438968e+02
6.457926553856381133e+02
6.377284058212462696e+02
6.385575625110507190e+02
6.492306495169639220e+02
6.777897983341495092e+02
6.921159832002003895e+02
6.739383027925133547e+02
6.753336592559278415e+02
6.834719089822407341e+02
6.837618235827505941e+02
6.683310334024804433e+02
6.585697044258780579e+02
6.646358115283921961e+02
6.506613143870939666e+02
6.548153634856495273e+02
6.575858425415304964e+02
6.557976600930985569e+02
6.729010435439035973e+02
6.724564765084095370e+02
6.647223345277286626e+02
6.542775313689007817e+02
6.711858950529758658e+02
6.562840471581835118e+02
6.607921028467940232e+02
6.732215985557007798e+02
6.563682306884008995e+02
6.418799243802604906e+02
6.281776258685127914e+02
6.448162837862014385e+02
6.402215844707408223e+02
6.539135282139702667e+02
6.568321981498137347e+02
6.563287721638770336e+02
6.585546738095054025e+02
6.434398037958997065e+02
6.354124839832901444e+02
6.431546179005703152e+02
6.543484349499777863e+02
6.581211465651225581e+02
6.629395648075202416e+02
6.661754706054778126e+02
6.598978110253452769e+02
6.513132435824961703e+02
6.468410519723693142e+02
6.547628083679934434e+02
6.476873765453447049e+02
6.479464401647053364e+02
6.479999999999998863e+02
6.486262005097526071e+02
6.589803985169220368e+02
6.566369459606413557e+02
6.371783368531449696e+02
6.621892808345576213e+02
6.703031738954630327e+02
6.785187216401426440e+02
6.499568956695736688e+02
6.345812174977218092e+02
6.412728663643268874e+02
6.523440443061504084e+02
6.537833244351611484e+02
6.624734958869885304e+02
6.624958197759086715e+02
6.562459042413562429e+02
6.538274815836061862e+02
6.645957941051067337e+02
6.810161872593389489e+02
6.657920533771305145e+02
6.676630236554966586e+02
6.668451545084486725e+02
6.752162654265483752e+02
6.618976025516328718e+02
6.496863234627513748e+02
6.830223967715663775e+02
6.538805314299398788e+02
6.335473835379965521e+02
6.488200295605636256e+02
6.472729913553397409e+02
6.259719951134105713e+02
6.199241012216326681e+02
6.137786716071591400e+02
6.041998744094373706e+02
5.987212481103770187e+02
6.143423776394837432e+02
6.199800115676237056e+02
6.152065150154824096e+02
6.276907316739951739e+02
6.161390926674229149e+02
6.314595183288586213e+02
6.230076961411317598e+02
5.827097919335742517e+02
5.993420962390038085e+02
5.807900744334705223e+02
5.723668521546736656e+02
5.799832098671500944e+02
5.526073506143960685e+02
5.486831588612824362e+02
5.427407497876031357e+02
5.319304649734308441e+02
5.204991913678475157e+02
5.155312340464477074e+02
5.039282339236621056e+02
4.916640989957252827e+02
4.909999999999999432e+02
4.911114975297538194e+02
4.929994444444442934e+02
4.941054065381594000e+02
4.843837519325233529e+02
4.806277706592401273e+02
4.834751625536551956e+02
4.778576151740691103e+02
4.702461820191340962e+02
4.663553889326565809e+02
4.678497320292786981e+02
4.676875997427026732e+02
4.623124102491628378e+02
4.601125106333529402e+02
4.598700616995548103e+02
4.576581172828832109e+02
4.513216367895458916e+02
4.495241827363680045e+02
4.432106779476953875e+02
4.400008333333333894e+02
4.371247978419619358e+02
4.355304007131144317e+02
4.273028976386848967e+02
4.223062294510185666e+02
4.227678592204539427e+02
4.210005555555555361e+02
4.193947488188748025e+02
4.221048509826038071e+02
4.144919667703871937e+02
4.139216675564838397e+02
4.120051977408335233e+02
3.935817615259457511e+02
3.811863031810172515e+02
3.724748704287273995e+02
3.717488398536058867e+02
3.789561658090088372e+02
3.704014016767881117e+02
3.753823026276699011e+02
3.717412345102208633e+02
3.642761728403601751e+02
3.603208034562126159e+02
3.616026985766029611e+02
3.591052000849587102e+02
3.578550966135284739e+02
3.551247978419618221e+02
3.537066046123631509e+02
3.481518654860090578e+02
3.441027246318209905e+02
3.422324185573237969e+02
3.424979833383302434e+02
3.357906087488608478e+02
3.387925724489768982e+02
3.399997222222222604e+02
3.415480493268350983e+02
3.484740514425440097e+02
3.469285298092567587e+02
3.436348936379656038e+02
3.357110556430909583e+02
3.382985914969978580e+02
3.448418554269068181e+02
3.481443440370245526e+02
3.422258546000392130e+02
3.390008333333333326e+02
3.360008333333333894e+02
3.329475512758164655e+02
3.296359044996574426e+02
3.330510722647015314e+02
3.378534299468618087e+02
3.413090779382380902e+02
3.488803085116119291e+02
3.543224386462923690e+02
3.517976062919135529e+02
3.452338074462126087e+02
3.411683574057416877e+02
3.400002777777776828e+02
3.387251891912285942e+02
3.349803224296633175e+02
3.450380778009857750e+02
3.352651965009503670e+02
3.291543563852246734e+02
3.364485904569483523e+02
3.363504906604999860e+02
3.269761862541321307e+02
3.276349774775976016e+02
3.248658503838656202e+02
3.409871265220456849e+02
3.429347530719996939e+02
3.436163888908102990e+02
3.518376538274492873e+02
3.577602858126284673e+02
3.608426165392284588e+02
3.609274094178754808e+02
3.601862245407206728e+02
3.619994444444444639e+02
3.647504385411566545e+02
3.764031207495061722e+02
3.965354581152369633e+02
4.209297956995550294e+02
4.136597665499766663e+02
4.136877214663729774e+02
4.223989850584156898e+02
4.223919399953583707e+02
4.259465162553656228e+02
4.276306774869901801e+02
4.139802836320917550e+02
4.131180926071818931e+02
4.148497320292787549e+02
4.154165336763965115e+02
4.221432329259134235e+02
4.208404964168137212e+02
4.309571602631056066e+02
4.278641358020422558e+02
4.224279231268018862e+02
4.236820477501713071e+02
4.221049223071810275e+02
4.227984964033708479e+02
4.332448734617015589e+02
4.462337943408454635e+02
4.339053595827212462e+02
4.299500265729782882e+02
4.260783987783671591e+02
4.232795771577177106e+02
4.250651433216642090e+02
4.275177616402055492e+02
4.241642667012401944e+02
4.227652804472293724e+02
4.190534837446345477e+02
4.161448848259309443e+02
4.145123581839541771e+02
4.065929630359092357e+02
4.067751535994737537e+02
4.046881552982582662e+02
3.974683375959664318e+02
3.948886004777581888e+02
3.911960185617787715e+02
3.897948148141744582e+02
3.858412649385603572e+02
3.792399919651493292e+02
3.751576612385493377e+02
3.739276871956532204e+02
3.723724490814411752e+02
3.759401542558060214e+02
3.789991666666666674e+02
3.821007801873765288e+02
3.859165837695258574e+02
3.783927413541381952e+02
3.758034589238957324e+02
3.713452496220754711e+02
3.707824592131613031e+02
3.670011111111111290e+02
3.629487384775877103e+02
3.582894918740839216e+02
3.567563179808659584e+02
3.521194814960707618e+02
3.491505457484989279e+02
3.480523444873273888e+02
3.478446282087519990e+02
3.460005555555555361e+02
3.438056481048878368e+02
3.394123148160957157e+02
3.399464401647053364e+02
3.398413016528633648e+02
3.380005555555554793e+02
3.356376026449324286e+02
3.293118557160158275e+02
3.269418209224726297e+02
3.244514297913605674e+02
3.269991666666666674e+02
3.295354406631300890e+02
3.270008333333333326e+02
3.240665322105531914e+02
3.221380998488301657e+02
3.220543851967096884e+02
3.227647248916738363e+02
3.211053008226023735e+02
3.209999999999999432e+02
3.213659396953677287e+02
3.266440555117879398e+02
3.275239934530796972e+02
3.337897887173573395e+02
3.368437948754186095e+02
3.381676548389183381e+02
3.416740431377760387e+02
3.414112037049847004e+02
3.464248675712464092e+02
3.587583413681840057e+02
3.683188383366568814e+02
3.667267391545794339e+02
3.728740910469270489e+02
3.786446920750232721e+02
3.926437661814736657e+02
3.922545893573302465e+02
3.944581529958739452e+02
3.908896135813573096e+02
3.847388711577871163e+02
3.754841828042389693e+02
3.718376777432043241e+02
3.668633235453440307e+02
3.708938658440644645e+02
3.737830894277704488e+02
3.741829698476839212e+02
3.761725184163939275e+02
3.665270490086352311e+02
3.624176447875075837e+02
3.671641773232493051e+02
3.825317105106796021e+02
3.619560189511212798e+02
3.648616358020422012e+02
3.675729102065314464e+02
3.630807380624571010e+02
3.590532944869237895e+02
3.556378804227102819e+02
3.481881689851650776e+02
3.434125313204694407e+02
3.451496432637868566e+02
3.506247052202469376e+02
3.838306849911585914e+02
4.057154228422821802e+02
4.235066297316130886e+02
4.585821415343608578e+02
4.642374961349532327e+02
4.560210995434873666e+02
4.578420487660965819e+02
4.590083604481826001e+02
4.719351211618831599e+02
4.848782962817071507e+02
4.943501078776225199e+02
4.832848541404200660e+02
4.444304016296795794e+02
4.412239101555948082e+02
4.450638580391114374e+02
4.493822222203010028e+02
4.459478290535942051e+02
4.405252938474790767e+02
4.315685568299372221e+02
4.481962258188513601e+02
4.565639019975778297e+02
4.589982109846320668e+02
4.738171171195347142e+02
4.649014420348456156e+02
4.506897207677575921e+02
4.227888160416096639e+02
4.077126152521615268e+02
4.164098551020460945e+02
4.305271552443940095e+02
4.217863799907169096e+02
4.203668862124415000e+02
4.248459213925530662e+02
4.165516873208293873e+02
4.141736295275051134e+02
4.010521535728260574e+02
3.988961443586786118e+02
3.958454615420852747e+02
3.903296584221045009e+02
3.742645988231124079e+02
3.617569753109902422e+02
3.593202479006569661e+02
3.618086512853645331e+02
3.521596056829936856e+02
3.453088527004654225e+02
3.531294706618224382e+02
3.494137647802818947e+02
3.369050818049435065e+02
3.336957149934258950e+02
3.259249345549661143e+02
3.188979580058141892e+02
3.420587544327753449e+02
3.659983855252958733e+02
3.655990704971399623e+02
3.730761102212939022e+02
3.818403820994299167e+02
3.879263075870345574e+02
3.933035608572508295e+02
4.033515000437677713e+02
4.177978562342304940e+02
4.196248005145947104e+02
4.301421218148024082e+02
4.319997222222222035e+02
4.332595988231124124e+02
4.381355864201800614e+02
4.439856964627343814e+02
4.349077134989722708e+02
4.442660994052885712e+02
4.434360990483032765e+02
4.471228533975174741e+02
4.527046601679187461e+02
4.533989269448526329e+02
4.471035579651542662e+02
4.420786765561450125e+02
4.393948302330332467e+02
4.570888992272896303e+02
4.501769564625744806e+02
4.329634226371042587e+02
4.462905635639104389e+02
4.535790744873685867e+02
4.514877371055038111e+02
4.316770005526186651e+02
4.204754259842828787e+02
4.168511209181676804e+02
4.122617224366367168e+02
4.117669423131279132e+02
4.087209456388397939e+02
4.008722839217770684e+02
3.916191666685879795e+02
3.901068418928116444e+02
3.905236271808124684e+02
3.866797727744542499e+02
3.929089190459084762e+02
3.876837492419014666e+02
3.907639503565571317e+02
3.903992047226302589e+02
3.832562560239969116e+02
3.803099840023576235e+02
3.808324759275915881e+02
3.788034589238958461e+02
3.741389331821634414e+02
3.708920629399139557e+02
3.660013888888889255e+02
3.608966436218422018e+02
3.544340989222370126e+02
3.534881973716014159e+02
3.591714073052828553e+02
3.533013692747756522e+02
3.496884330760359489e+02
3.423231602256084898e+02
3.480461596164998923e+02
3.400674691502225073e+02
3.324816358039635702e+02
3.309469957202608725e+02
3.293179522498287497e+02
3.309472610686317466e+02
3.317093598937237289e+02
3.290628155876476626e+02
3.267656170232238537e+02
3.209265672569954404e+02
3.145100120479938255e+02
3.164581529958740020e+02
3.134471012301262363e+02
3.168017922572291809e+02
3.178621779289476308e+02
3.171090481711971734e+02
3.178430573351899966e+02
3.172621409453947194e+02
3.218631978444740867e+02
3.351658570787169538e+02
3.235943519247980475e+02
3.187765424883626224e+02
3.119498777348949261e+02
3.050898247609586633e+02
3.101102884111307958e+02
3.172181479751069446e+02
3.138641358020422558e+02
3.087476154719033161e+02
3.152836352156631960e+02
3.148959110261523620e+02
3.123637862439564401e+02
3.139994444444444071e+02
3.162343829767762031e+02
3.211722398269499763e+02
3.169505821285339380e+02
3.106152283303861736e+02
3.006720407340781662e+02
3.008683244677823723e+02
3.000002777777777965e+02
2.995441297448746241e+02
3.070575106778064765e+02
3.050532059668567513e+02
3.034327100333481440e+02
3.068769089904329803e+02
3.086451666228990121e+02
3.053005359414423197e+02
3.045313996140539530e+02
2.973231602256084898e+02
3.031021371553986228e+02
2.963920371235575431e+02
2.938635802464866629e+02
2.905339316862801411e+02
2.960776825069016240e+02
3.023718550458028744e+02
2.995983816956305077e+02
3.142514907260064092e+02
3.193525301471989337e+02
3.146024619440362926e+02
3.163042850065740481e+02
3.242296407795460595e+02
3.343837080307986298e+02
3.349343011227800275e+02
3.342065942176897124e+02
3.358906740510250302e+02
3.358433351129677362e+02
3.341576734561257922e+02
3.355039024463136457e+02
3.434856973716014181e+02
3.582279536088738041e+02
3.620740228742494651e+02
3.656344219220418950e+02
3.625347179595892158e+02
3.550100957001765209e+02
3.626726542488871132e+02
3.672043518524923797e+02
3.738914914405217473e+02
3.795540553260891556e+02
3.916750505522321646e+02
4.121457547029506259e+02
3.894953518813204028e+02
3.840598457441940923e+02
3.812261315623469500e+02
3.814572608431944332e+02
3.889154726584146715e+02
3.848341425942580827e+02
3.768708244677823700e+02
3.675529549508761988e+02
3.643479331950393885e+02
3.519438782110823922e+02
3.491576734561257922e+02
3.495675677444296525e+02
3.453673285842565974e+02
3.461768611329949863e+02
3.496246078509748259e+02
3.491044111968768675e+02
3.499997222222222035e+02
3.509437446833234731e+02
3.510649691502225664e+02
3.518627469131533871e+02
3.512134060078454922e+02
3.534437224516886431e+02
3.505751282450510757e+02
3.575061896304279117e+02
3.708101643481683141e+02
3.818794751782785966e+02
3.903967047226302611e+02
3.920505289825771911e+02
3.938448691099322332e+02
3.945574876487688130e+02
4.032088356955835025e+02
4.028945934618405431e+02
4.124530924773475817e+02
4.138430573351899397e+02
4.134192588459649755e+02
4.202141327944519276e+02
4.292043528822587746e+02
4.275912963692425706e+02
4.330997810645617960e+02
4.293137891461862523e+02
4.300774081178462893e+02
4.323912872167352930e+02
4.402828393475517714e+02
4.394114814827623832e+02
4.443309403268115148e+02
4.694527708902591598e+02
4.688964665817078981e+02
4.640739794710135016e+02
4.608688626715110104e+02
4.689399988267294930e+02
4.635793098253177504e+02
4.749963888888888164e+02
4.865279232110231078e+02
4.826149030803123878e+02
4.866044178477917512e+02
4.863441385109643420e+02
4.899445036921792394e+02
4.911191880222796726e+02
4.734198944384647234e+02
4.772060501240470103e+02
4.723914893966093587e+02
4.592441390420758012e+02
4.631749150499223333e+02
4.594699892748348589e+02
4.646302926969934788e+02
4.855300438440129369e+02
4.702396916320063838e+02
4.690684876545345787e+02
4.691472093019517047e+02
4.552422141873715873e+02
4.438904507221496374e+02
4.480712016932357642e+02
4.535644575531334226e+02
4.527066046123631509e+02
4.470016666666666652e+02
4.411032801873765266e+02
4.370011111111110722e+02
4.332241061706185974e+02
4.323430112278010142e+02
4.236217270975134284e+02
4.222178185646165502e+02
4.242941746750216225e+02
4.196301382689474053e+02
4.241340243777481760e+02
4.194285963112624245e+02
4.198225833114495913e+02
4.189736862541321329e+02
4.271225429006603349e+02
4.056383482525491218e+02
4.002809988056045540e+02
4.004149998702190487e+02
3.936870987675669085e+02
3.944666238692753950e+02
3.872402697429271825e+02
3.820013888888889255e+02
3.766384359782658180e+02
3.672507067950349438e+02
3.612366051989984044e+02
3.588503567362130866e+02
3.553059516732407133e+02
3.568448691099322332e+02
3.558850247024622035e+02
3.382538342227335306e+02
3.364129106576015715e+02
3.408898407176917544e+02
3.440774991101827140e+02
3.475275351871785006e+02
3.430734146351876461e+02
3.392450709080230240e+02
3.390590463035909465e+02
3.398500098070565514e+02
3.390523444873273320e+02
3.389223141043760279e+02
3.381122328555752006e+02
3.389347530719995802e+02
3.388630246909311836e+02
3.369472734980386122e+02
3.345562775483113001e+02
3.374248717549488674e+02
3.315826691014414678e+02
3.321236867308508636e+02
3.350579012997496307e+02
3.380976959728342877e+02
3.313578695447067730e+02
3.310823051193629567e+02
3.418256648264741671e+02
3.350679210994420032e+02
3.283458051776310072e+02
3.261093259489749698e+02
3.256866702259355293e+02
3.220534837446345477e+02
3.191448848259308306e+02
3.181832476254616608e+02
3.198813518372626845e+02
3.201497124151655953e+02
3.225721782494896956e+02
3.345302735151446996e+02
3.418301229388594038e+02
3.459339197386662477e+02
3.483142901213220171e+02
3.422150726745121574e+02
3.390008333333333326e+02
3.376185179835277381e+02
3.627581823261036789e+02
3.756167669875871979e+02
3.969339207959935720e+02
4.307367399320857544e+02
4.384738527449072762e+02
4.199433202446202245e+02
4.314383456845644673e+02
4.368672133566712432e+02
4.400679388133038401e+02
4.430743405448241674e+02
4.320219328768207561e+02
4.314189810681871222e+02
4.377733400906988095e+02
4.306733894415074815e+02
4.318813518372626845e+02
4.317754313772515502e+02
4.291049667524324605e+02
4.275341624040336228e+02
4.211138995222417520e+02
4.155466048373309604e+02
4.037293827151955270e+02
3.888569573647149582e+02
3.871271590907488189e+02
3.776814394411210287e+02
3.786364915338213564e+02
3.751330817729334512e+02
3.596508031861345103e+02
3.524008713892969240e+02
3.396643767735030792e+02
3.379229901105216527e+02
3.354430679067866095e+02
3.245289243510924848e+02
3.202074275510229313e+02
3.193809741547455587e+02
3.272699741953009038e+02
3.576858819027489744e+02
3.510025000000000546e+02
3.440761582737504796e+02
3.644540645011464335e+02
3.478073006786748920e+02
3.167276458595799795e+02
3.146217649427700280e+02
3.199904598553790152e+02
3.109775928088940304e+02
3.129030864163374872e+02
3.026960000810531142e+02
3.026823255279491036e+02
3.009401340979623569e+02
3.141973369299624892e+02
3.196806936863459327e+02
3.345244450310796651e+02
3.560407486818817233e+02
3.560513623159104100e+02
3.550775654450337697e+02
3.548327537053693277e+02
3.529206176144117535e+02
3.638222102040920731e+02
3.846339811933689248e+02
3.854888719823618999e+02
3.999478251073101660e+02
3.987931165426198277e+02
4.051439184885863938e+02
3.995883425415303236e+02
3.878270293945219578e+02
3.860939564560962936e+02
4.043054645649788768e+02
4.253702624830489185e+02
4.219762039200051618e+02
4.313672530906893030e+02
4.569672262588020430e+02
4.501611983471366329e+02
4.435759615783843515e+02
4.481603382028828833e+02
4.667465154271873189e+02
4.814097204623164998e+02
4.726789502425965566e+02
4.705086231591049568e+02
4.777659147760093674e+02
4.845038277627870684e+02
5.121660593906556187e+02
5.046220048752912817e+02
5.016742443752974623e+02
4.953338737619964149e+02
5.024214010312427945e+02
5.014327100333481440e+02
5.043279972149871355e+02
4.991238242126718774e+02
5.114937908183229638e+02
5.424076447875075928e+02
5.795806357325252520e+02
5.912214101555947536e+02
6.029568824853278102e+02
6.006583950606610642e+02
5.933751966248405552e+02
5.940633562905534291e+02
6.151666374021102683e+02
6.082368176738962120e+02
6.139360733012413220e+02
6.192347831032553813e+02
6.147292308668822898e+02
6.270140919017128454e+02
6.061609642234009243e+02
5.867897938093937000e+02
5.947485219462837449e+02
5.888962601285071514e+02
5.924003289391780527e+02
5.855913571110315843e+02
5.636351571766015240e+02
5.510753700560113657e+02
5.395151343381725155e+02
5.216547871172779196e+02
5.130022222222221444e+02
5.049501555126727226e+02
4.960801855856892075e+02
4.885060200723104913e+02
4.888048147715544474e+02
4.865211419738143377e+02
4.780024999999999977e+02
4.682883574378853382e+02
4.516833838855653767e+02
4.454206642318919194e+02
4.335614513999395854e+02
4.287662058847963635e+02
4.214528186802494929e+02
4.195592656932684008e+02
4.263744589876221198e+02
4.186224133075963323e+02
4.492167387219953980e+02
4.584473867196433048e+02
4.589456107116424164e+02
4.583920304321208619e+02
4.621560115163727005e+02
4.692141657235898151e+02
4.778384093309373952e+02
4.708291482502729082e+02
4.742500490352829274e+02
4.710947897894296830e+02
4.842864658518269039e+02
4.805054645167549552e+02
4.828692283662214777e+02
4.817396296225848573e+02
4.549926841098356363e+02
4.750411432505138123e+02
4.861702485132213951e+02
4.659500664565088641e+02
4.568002606172419746e+02
4.734073758913929169e+02
4.829224024182727248e+02
4.905406513014671646e+02
4.892274596616753684e+02
4.797832070372508610e+02
4.805540607693624224e+02
4.636932666004458383e+02
4.551445891309034550e+02
4.661533677284039641e+02
4.791581489747371165e+02
4.776403719421649612e+02
4.711849142921283260e+02
4.674734815398384740e+02
4.698011895675638243e+02
4.601488009434236801e+02
4.686864786397260900e+02
4.743825804054476407e+02
4.711058644426723845e+02
4.837773456845628743e+02
5.162062985329897629e+02
4.889135468323057125e+02
4.780024999999999409e+02
4.695106694063420605e+02
4.676823593912143338e+02
4.753514054190934530e+02
4.758779950987369602e+02
4.976032922353703611e+02
5.297491052410808834e+02
5.351551463246119056e+02
4.970193845334341063e+02
5.086516948223689383e+02
5.204864112148317190e+02
5.380361333565413133e+02
5.353679973235526859e+02
5.369274186981456296e+02
5.373898227299428072e+02
5.304196112861819756e+02
5.424987091816769862e+02
5.394699892748349157e+02
5.442418632188733909e+02
5.601939810237607844e+02
5.354121918915681135e+02
5.392444672527235525e+02
5.347765324644358316e+02
5.114676798701359530e+02
5.138338234793336596e+02
5.279853460105003933e+02
4.869887593181964576e+02
4.825891266808372961e+02
4.759785145479479525e+02
4.804558719543055076e+02
4.924503577659892812e+02
4.883361592559278961e+02
4.888540854038585621e+02
4.999648066893292366e+02
4.987830147687168392e+02
4.930799991101828255e+02
4.884727425905994096e+02
4.911345799333037121e+02
4.836972895225955540e+02
4.725388150044749409e+02
4.825742873877279635e+02
4.783140669239640488e+02
4.769902987467251023e+02
4.651155587487801313e+02
4.539381132261814855e+02
4.426884136086352441e+02
4.403732534045437319e+02
4.442843653423620367e+02
4.411576612385492808e+02
4.401454690367326634e+02
4.408137754592794408e+02
4.390005555555555361e+02
4.371507543748979856e+02
4.367459661982252896e+02
4.323105395579132164e+02
4.303312925992550504e+02
4.183321054972104207e+02
4.103460829554086899e+02
4.071096037267527663e+02
4.053736182296487982e+02
3.985736790057016492e+02
4.165536517406913504e+02
4.177189332884351529e+02
4.000683890201920008e+02
3.961772336338308946e+02
3.847325341083266039e+02
3.849220528950472158e+02
3.849440261811654409e+02
3.838703931190298704e+02
3.801789814789198090e+02
3.675482006124746022e+02
3.791232702018599525e+02
3.830513500424793847e+02
3.857648489927703395e+02
3.744994691456253690e+02
3.697649391189669927e+02
3.764720819100792824e+02
3.782029492636419832e+02
3.822257344385501483e+02
3.781128864186425744e+02
3.748694355788934445e+02
3.703452826738264321e+02
3.699456148032903684e+02
3.689219428682653756e+02
3.665815159121219722e+02
3.577230387380121783e+02
3.566340393192452893e+02
3.517692686133485722e+02
3.574740621024758411e+02
3.578958681432549724e+02
3.559228696599315072e+02
3.531127809710022802e+02
3.518703394773326067e+02
3.490693209878679113e+02
3.474268120156908140e+02
3.520461432505138077e+02
3.473147669215430255e+02
3.467822282536261014e+02
3.442487623505904821e+02
3.452346607545539428e+02
3.493228243420257400e+02
3.460519178714660598e+02
3.430008333333332757e+02
3.399450845684564229e+02
3.363954249976130768e+02
3.375180723071148918e+02
3.332189808705928726e+02
3.323919523253399575e+02
3.356322292008845238e+02
3.329288072373099112e+02
3.293670717918658966e+02
3.310584907480354673e+02
3.334003170060041157e+02
3.294699892748349725e+02
3.325327735151447541e+02
3.312244657111503443e+02
3.322198146417736098e+02
3.232767283959157112e+02
3.171615128392173801e+02
3.140801825069016218e+02
3.119483721797428757e+02
3.094363767186828227e+02
3.118752021580381211e+02
3.130584563045412096e+02
3.148492456251020712e+02
3.147459744952481060e+02
3.103104677701094261e+02
3.088887864851982386e+02
3.060665523144169242e+02
3.040005555555555361e+02
3.020549535509815655e+02
3.014702724388745310e+02
3.056319514231067274e+02
3.040725813018543136e+02
3.034272319053250158e+02
3.085259629046061036e+02
3.072999803858867836e+02
3.084787773489488814e+02
3.017013952828384618e+02
3.018877671444247994e+02
3.008703394773326067e+02
2.980693209878678545e+02
2.957341452679710301e+02
2.895573886594224859e+02
2.891043667516254345e+02
2.909268538623198310e+02
2.921856689851650231e+02
2.957639525596130738e+02
2.960000000000000000e+02
2.959999999999999432e+02
2.959227123327438562e+02
2.947772951926187375e+02
2.902641843977684175e+02
2.891378126741576011e+02
2.899453370255125719e+02
2.899216675564838965e+02
2.890526504113012152e+02
2.892881029851950530e+02
2.919620597520136585e+02
2.807712130577929770e+02
2.807485620758281470e+02
2.893724217076274954e+02
2.877674978686835061e+02
2.842328947446601433e+02
2.985659564728813962e+02
2.953438271615612507e+02
2.948934358849662090e+02
2.933973014233970389e+02
2.959991666666666674e+02
2.986362137560435031e+02
2.970005555555555929e+02
2.947656170232238537e+02
2.897526607633788558e+02
2.931513091699536631e+02
2.993797542175068429e+02
2.990002777777776828e+02
2.984601699183169785e+02
3.033106118669602438e+02
3.003818074880788913e+02
3.029991666666666674e+02
3.057373034990498013e+02
3.037124525703604832e+02
2.985505762097182583e+02
3.012353518810303399e+02
3.082226241783039882e+02
3.174765551267266233e+02
3.181553717912480579e+02
3.198874893666470030e+02
3.209745372533384398e+02
3.344479320970577305e+02
3.414119529228696024e+02
3.384772061525209210e+02
3.397385275653808208e+02
3.366378804227101682e+02
3.298699737826221963e+02
3.345284562686699701e+02
3.333009531942404351e+02
3.349994444444444071e+02
3.368448691099322332e+02
3.369442512351230903e+02
3.356717833916782752e+02
3.307581602796770426e+02
3.349986111111111882e+02
3.394502840064982365e+02
3.377386923879387268e+02
3.316501761611333450e+02
3.330604343936723808e+02
3.357629814523030518e+02
3.354494150232746961e+02
3.391655437583181651e+02
3.301683439899160817e+02
3.319353156498136741e+02
3.194334879715630677e+02
3.245186419738143400e+02
3.247335897124155508e+02
3.200013888888888687e+02
3.154188558953906636e+02
3.180717572487913003e+02
3.218749243802603246e+02
3.238819751782785943e+02
3.240000000000000568e+02
3.239491932396450125e+02
3.230775654450337697e+02
3.228885024702461806e+02
3.211976521872152261e+02
3.219309500755849172e+02
3.219456148032902547e+02
3.210002777777777396e+02
3.199479051442544915e+02
3.170642208536716566e+02
3.036750561081742035e+02
2.990601574147020756e+02
2.962254019560817255e+02
2.961041334190991279e+02
2.981548162356925218e+02
3.019988888888888710e+02
3.058689505884437381e+02
3.084103703716513110e+02
3.154649572026087299e+02
3.146353489441019065e+02
3.196330497026442572e+02
3.194358212705254800e+02
3.239366288567968581e+02
3.276464810903913758e+02
3.266764502425965020e+02
3.328456352744906894e+02
3.372307518906570749e+02
3.434963166716635214e+02
3.421976521872151693e+02
3.427934057823102307e+02
3.410005555555555929e+02
3.392355528861039033e+02
3.398426043216521748e+02
3.382166327944518116e+02
3.391826920699061247e+02
3.437664908355707780e+02
3.581238725882073481e+02
3.524187558986187128e+02
3.518446282087519421e+02
3.496646903221633806e+02
3.427818520248929417e+02
3.458619135798200546e+02
3.478395982718936921e+02
3.472383252984827209e+02
3.489994444444444639e+02
3.513623973550675146e+02
3.571922862494699871e+02
3.523540744651642171e+02
3.530513917353970328e+02
3.653356232264968639e+02
3.660722702151491603e+02
3.561145530853092396e+02
3.479222842810784755e+02
3.513796617913752698e+02
3.481642667012401375e+02
3.463736182296487414e+02
3.387357168693274616e+02
3.425664566333185235e+02
3.420612677270058271e+02
3.423542778215455087e+02
3.474743398802536944e+02
3.470523444873273320e+02
3.473107435824960589e+02
3.504950910388006378e+02
3.463262346400016440e+02
3.457945370363966617e+02
3.431073974483671236e+02
3.416828810835046397e+02
3.371579390163269636e+02
3.349279649734309601e+02
3.320008333333333326e+02
3.296469142972455870e+02
3.362467836810656650e+02
3.350005555555554793e+02
3.329232678882994492e+02
3.299450845684564797e+02
3.260011111111110154e+02
3.222074275510230450e+02
3.210002777777777965e+02
3.200002777777777396e+02
3.190526504113012152e+02
3.194321544777925510e+02
3.246323936379656061e+02
3.250000000000000000e+02
3.248502875848343479e+02
3.234691559415016400e+02
3.298426837643074805e+02
3.345507907999215149e+02
3.320008333333333326e+02
3.288638580242644025e+02
3.242145171189565076e+02
3.233970236456192424e+02
3.267379720098252847e+02
3.263632306884009040e+02
3.300608711432032578e+02
3.351748150103600210e+02
3.431479765971203051e+02
3.529464154618672751e+02
3.615337739964633670e+02
3.644974277827747073e+02
3.588702689122268339e+02
3.520338044217817242e+02
3.577261295720071530e+02
3.588244577917025708e+02
3.476320827133917533e+02
3.463604065092716837e+02
3.499378989396609541e+02
3.528220277558939415e+02
3.528502875848343479e+02
3.515212226510511755e+02
3.582209188215375093e+02
3.572244657111502875e+02
3.598440433973378276e+02
3.724891049335751632e+02
3.672683547320289676e+02
3.653973014233970957e+02
3.681035334182921019e+02
3.729986111111110176e+02
3.788663626715110126e+02
3.971121914883881345e+02
4.176186696183105482e+02
4.338431352744907485e+02
4.456052108782793084e+02
4.420571376537657216e+02
4.389208953921894931e+02
4.449024756235433529e+02
4.156202116642872966e+02
4.232547533658245129e+02
4.044774648128216086e+02
3.921560230518913386e+02
3.952799556004538317e+02
4.168124072615151476e+02
4.210257581903122741e+02
4.136273005145947081e+02
4.141347051716899159e+02
3.961253841113072554e+02
3.941302160782228157e+02
3.944518209859465401e+02
3.882683547320290245e+02
3.867940472912385417e+02
3.933193938922124744e+02
3.888562077246396598e+02
3.823738379703301007e+02
3.809415431446948332e+02
3.785499590975282445e+02
3.713070627843518423e+02
3.696188568936041747e+02
3.744408456845644650e+02
3.709354122338910997e+02
3.665515660619873302e+02
3.682921591094408313e+02
3.595511048823906322e+02
3.557913427992398852e+02
3.492180216833407940e+02
3.451230910095670197e+02
3.429415092519647033e+02
3.402254019560817824e+02
3.400520667095495924e+02
3.408443504309742025e+02
3.399443002388790660e+02
3.378056481048878368e+02
3.331383641979578556e+02
3.300541153908502565e+02
3.279212063819872469e+02
3.252617502123969757e+02
3.267816726980705653e+02
3.252564907260064615e+02
3.140608345066038396e+02
3.171725176047277728e+02
3.122048937080864448e+02
3.100005555555554793e+02
3.080005555555555361e+02
3.057377600466759304e+02
3.005518438397651266e+02
3.019450592477347755e+02
3.029997222222222035e+02
3.038426043216521180e+02
3.019285298092568155e+02
2.991838031810171969e+02
2.989409536964091103e+02
2.978505653626122012e+02
2.951049667524324605e+02
2.939225918821537675e+02
2.920565330944542097e+02
2.910652469280003061e+02
2.910684876545344650e+02
2.916267478196039065e+02
2.866364600552130355e+02
2.883647280751335416e+02
2.961990035966291543e+02
2.950625378098698093e+02
2.942939509431924421e+02
2.979237894792177030e+02
3.010499734270215981e+02
3.049216012216327272e+02
3.078319203720359951e+02
3.085255910177590977e+02
3.151725120181300213e+02
3.123818074880789482e+02
3.142941746750215657e+02
3.094730203683771492e+02
3.117110636814716145e+02
3.114272074223734990e+02
3.171754722441061176e+02
3.255483627545031027e+02
3.286867664093692838e+02
3.263115769158295052e+02
3.268317896055261258e+02
3.252604321564457450e+02
3.272733950625823240e+02
3.325187948156811899e+02
3.303975792011747217e+02
3.318950776928190294e+02
3.318548188357506774e+02
3.297526265382985002e+02
3.241191359328325348e+02
3.205268069788097023e+02
3.241169153944752566e+02
3.465245898776898343e+02
3.536080919791950805e+02
3.528688800233379084e+02
3.502071497732451348e+02
3.497824592131612462e+02
3.463144408851756566e+02
3.463142358011403985e+02
3.514941531092420064e+02
3.509392878285498227e+02
3.488824629483738704e+02
3.451508235262767244e+02
3.431567556842042563e+02
3.436889786397261446e+02
3.415046311834216226e+02
3.461537343804399711e+02
3.404128703716513087e+02
3.392134060078453786e+02
3.423959125345081134e+02
3.501543279052158937e+02
3.604162197874475169e+02
3.643710601925522496e+02
3.725863575684195439e+02
3.758255379508277656e+02
3.882504226906634699e+02
4.032126439787807044e+02
3.888412314731533570e+02
3.845409411927939800e+02
3.752090942176897101e+02
3.680563296411542069e+02
3.626283262147956634e+02
3.648897792143420133e+02
3.816262330425457776e+02
3.822071306600365688e+02
3.712435834865202651e+02
3.791206208915200477e+02
4.000043436296695631e+02
4.042997158282725536e+02
3.994975910388006923e+02
3.869134569920046260e+02
3.861369753090690438e+02
3.877863162143768250e+02
3.863973014233969820e+02
3.881642326536630776e+02
3.786894626497221452e+02
3.986297237384193295e+02
4.014708327466980791e+02
3.950019444444444048e+02
3.885100120479937686e+02
3.904581529958739452e+02
3.871126086408648348e+02
3.853290499416549437e+02
3.875865337868427787e+02
3.848376777432043241e+02
3.775133502398603014e+02
3.550543971149122058e+02
3.492894918740839785e+02
3.478173079300939889e+02
3.458315465224294485e+02
3.690462386028467563e+02
3.718955888031231325e+02
3.709225918821537675e+02
3.688326229388594584e+02
3.656256176444529160e+02
3.827616666628241546e+02
3.855731879843092429e+02
3.805571108816446895e+02
3.801647882092187274e+02
3.685448370410284156e+02
3.851266928840445871e+02
3.919395987002504285e+02
3.965480146530838397e+02
3.958986642570678214e+02
3.943147236766868673e+02
4.072191061706186019e+02
4.240095168417014975e+02
4.270363566137443172e+02
4.168942851621361569e+02
4.084685603915302750e+02
4.457881271697956436e+02
4.493512127277555805e+02
4.428189745967605973e+02
4.321761295275050543e+02
4.099797973652432574e+02
4.011270581285290859e+02
4.413930044039586846e+02
4.258536476725457760e+02
4.339972222222222058e+02
4.431068827132742172e+02
4.409475512758164655e+02
4.365250160697013939e+02
4.277855284149686668e+02
4.318534299468619224e+02
4.346272731407809715e+02
4.321770372325821086e+02
4.319249005903287753e+02
4.307462439760030293e+02
4.254653926702031868e+02
4.251114975297537057e+02
4.270651433216642090e+02
4.307556602796769880e+02
4.432891035538851270e+02
4.439814004565126311e+02
4.335794323020906518e+02
4.320723035240765171e+02
4.318170301523161356e+02
4.291189259405151688e+02
4.283745588156918416e+02
4.317385553411410797e+02
4.320101944208902296e+02
4.414852731164017996e+02
4.276143517653312642e+02
4.084440740785571506e+02
4.065204614823478551e+02
3.983198966942731545e+02
3.945147067874578966e+02
4.148156158695946942e+02
4.110016666666667220e+02
4.047667281343350396e+02
3.956786724648187032e+02
3.937970507363580168e+02
3.888468135543766380e+02
3.824479345634595120e+02
3.819485401867037808e+02
3.695859260393247041e+02
3.756714665975197249e+02
3.773727848963154656e+02
3.714779403314329329e+02
3.567967276537308976e+02
3.514283185334845143e+02
3.530584907480354104e+02
3.559991666666666674e+02
3.592074335048648663e+02
3.663864850336757968e+02
3.774368912776795923e+02
3.801293827448895968e+02
3.837249382707510108e+02
3.840532820575168671e+02
3.849997222222222604e+02
3.856344385915331259e+02
3.802920289951652535e+02
3.780005555555555929e+02
3.758830862893896665e+02
3.723015087497960280e+02
3.716951594378703021e+02
3.662335296684348691e+02
3.633353259225946204e+02
3.651450812628079348e+02
3.576533092970730081e+02
3.690171775703367985e+02
3.675677599814335963e+02
3.815765744873685321e+02
3.894935975536864703e+02
3.936832799882523091e+02
4.344522961066363109e+02
4.541713039388112065e+02
4.631539779064265190e+02
4.761721495219173335e+02
5.113658180386044592e+02
5.232570988231125284e+02
5.359687962930942149e+02
5.353076110300579558e+02
5.231147773188448582e+02
5.229393007646290243e+02
5.417371739709909662e+02
5.793230963978194268e+02
5.817050933747729005e+02
5.901945586123352996e+02
5.797149057560802703e+02
5.810817495638074206e+02
5.949958333333332803e+02
6.112441120005112225e+02
6.408958089568767491e+02
6.338188335062009173e+02
6.369988888888889278e+02
6.420987141928800384e+02
6.637602574202938968e+02
6.600626566158945252e+02
6.550013888888889824e+02
6.503756699268029706e+02
6.491148659376574415e+02
6.347914978215749215e+02
6.388863782555358739e+02
6.423491973866631497e+02
6.378235185210804730e+02
6.421991024705796463e+02
6.340025000000000546e+02
6.247937664967491855e+02
6.152701873067190945e+02
6.412638919212829478e+02
6.316509255348357783e+02
6.148310935063833540e+02
6.092374419000616399e+02
6.421348182080760125e+02
6.562159061806123646e+02
6.566572665499766117e+02
6.634845127739793043e+02
6.519492259144013815e+02
6.395705377592113337e+02
6.444173144015204571e+02
6.556192614832518757e+02
6.417498254930357007e+02
6.630442497592777045e+02
6.583013692747756522e+02
6.550529000428829249e+02
6.531559273468036508e+02
6.527201123055064045e+02
6.496256176444528592e+02
6.671041049354963661e+02
6.716945679895073908e+02
6.227924988526680181e+02
6.005795726894955351e+02
5.917284058212462696e+02
5.927435092739935953e+02
6.037629615941474412e+02
5.986544092349889752e+02
6.094211015401078839e+02
5.968643659106974155e+02
6.114300012601074741e+02
5.912921660832167845e+02
6.093799917611156616e+02
6.008863043145023539e+02
6.344041960306345800e+02
6.432601965009504283e+02
6.524844037721704808e+02
6.446736672192853348e+02
6.435235646324495065e+02
6.234769215168996652e+02
6.291644326472069224e+02
6.237011175050607790e+02
6.246076016721535780e+02
6.185070984337698974e+02
5.941993827228807277e+02
5.974375044418453626e+02
6.245315645082717992e+02
6.258519657321201066e+02
6.062401510072296560e+02
6.027286080787171159e+02
6.352888847824419827e+02
6.171094501374607262e+02
6.185924348060493685e+02
6.163922891217205233e+02
6.273793969296813202e+02
6.154495419655041815e+02
6.207229669690063929e+02
6.232377739127309724e+02
6.134730502166523820e+02
6.074252899201317177e+02
5.920764701907432936e+02
5.784069354989096610e+02
5.847025462598232934e+02
5.868014673453416208e+02
5.753160113684085673e+02
5.694002905656769826e+02
5.781013038220652334e+02
5.735466048373308467e+02
5.614554320970576100e+02
5.430711967058937262e+02
5.418413016528635353e+02
5.401049223071810275e+02
5.411614493139940123e+02
5.549418572322127829e+02
5.537081158499532876e+02
5.345597688177101645e+02
5.428445241633795604e+02
5.506113394414973072e+02
5.523267037203598875e+02
5.291098640710365544e+02
5.322049275510230473e+02
5.389644590402937183e+02
5.286897257814910063e+02
5.157324635729385136e+02
5.306985365666222378e+02
5.310851507615807350e+02
5.167679814523030473e+02
4.995024019294340292e+02
4.993641891890691227e+02
5.069200918821537698e+02
5.126545946219868028e+02
4.983690743768959237e+02
5.003140123435442206e+02
4.954812051843188669e+02
4.969676274102789080e+02
4.881593279052159460e+02
4.814374879371922020e+02
4.792564907260065183e+02
4.672972842765257155e+02
4.590022222222222013e+02
4.511546425032869934e+02
4.455376628853522902e+02
4.360065333233395108e+02
4.410782712744770606e+02
4.350707165910817480e+02
4.291648222567956736e+02
4.258441684463011256e+02
4.213679973235526290e+02
4.229274186981457433e+02
4.240607121714501773e+02
4.264718148731718088e+02
4.337515359947377078e+02
4.169948230369972748e+02
4.147672200909057096e+02
4.111130661889084195e+02
4.093903704568908779e+02
4.127934259252856464e+02
4.143726966248405574e+02
4.213629843892314284e+02
4.218956332483745655e+02
4.202183273019294916e+02
4.199460238988795595e+02
4.055330561421908442e+02
3.980019444444444616e+02
3.907987174030246251e+02
3.817033842351893895e+02
3.904394567956755964e+02
3.918683244677823723e+02
3.901750120181300758e+02
3.788193890617565103e+02
3.800777768879605674e+02
3.826325582320030776e+02
3.791451626037085703e+02
3.768175857078717286e+02
3.722375741032525411e+02
3.707757091550292898e+02
3.671052445302102001e+02
3.653889850336757377e+02
3.678312340499705329e+02
3.680000000000000000e+02
3.669726851819830244e+02
3.542829360470723827e+02
3.612040082643169967e+02
3.609480944019650224e+02
3.583472403164339539e+02
3.485608958443841061e+02
3.464704326202189577e+02
3.513224386462924258e+02
3.492548671351079861e+02
3.511540197789565809e+02
3.547201450645043792e+02
3.545258687955368373e+02
3.623047263416643773e+02
3.853612218764872068e+02
3.829227786675950256e+02
3.781585067894591248e+02
3.767208130185431969e+02
3.835098581839541225e+02
3.840590463035908897e+02
3.844757287691425063e+02
3.792620002144144564e+02
3.781556495690258544e+02
3.788877671444247994e+02
3.783900926791131383e+02
3.819712962930941558e+02
3.733224701228792242e+02
3.695565553260892102e+02
3.718947999150412329e+02
3.731449033864714124e+02
3.753793441235239357e+02
3.688257405451956288e+02
3.601292689228460517e+02
3.636937705489814334e+02
3.626911271087533919e+02
3.581686351835195410e+02
3.564604476960947750e+02
3.606547503779246426e+02
3.615982371638066297e+02
3.715269497833477885e+02
3.761082763412135819e+02
3.652914363185284401e+02
3.575511317652737944e+02
3.574092591863130792e+02
3.493767810379140428e+02
3.452614446588588635e+02
3.459997222222221467e+02
3.472796099167155717e+02
3.526085184319978794e+02
3.532739506181378601e+02
3.567857606588212889e+02
3.566032541321585541e+02
3.523666725195779463e+02
3.538542632801951981e+02
3.535041419654858146e+02
3.458260183229734253e+02
3.362797455199662409e+02
3.406426860108487062e+02
3.402321407795460004e+02
3.412189617361679552e+02
3.309888164916316668e+02
3.327240780801174083e+02
3.318915073843584196e+02
3.290791657768494360e+02
3.269481829220322311e+02
3.237127303481382796e+02
3.173068941905842735e+02
3.148234166447828670e+02
3.097019640585576212e+02
3.014711003859460448e+02
3.016991730606162605e+02
3.097176123055065204e+02
3.140638580391114374e+02
3.190670987656456532e+02
3.247319230457487720e+02
3.250475321394026764e+02
3.154727059378700460e+02
3.132909178840540108e+02
3.153093557160157729e+02
3.218218516563067624e+02
3.267498829856010616e+02
3.391832029454320150e+02
3.382324185573237401e+02
3.389997222222222035e+02
3.396712278361227391e+02
3.360698832577484154e+02
3.330008333333333894e+02
3.301574982203655964e+02
3.291050230448245770e+02
3.295675677444296525e+02
3.247574290919770874e+02
3.165339167323182892e+02
3.161497124151656521e+02
3.178432443157957437e+02
3.173110213602739123e+02
3.203350319000588797e+02
3.283478084977743379e+02
3.284112037049847004e+02
3.326789187660097582e+02
3.320002777777777396e+02
3.307393608987141533e+02
3.260179348164114117e+02
3.321300262173779174e+02
3.271191359328325348e+02
3.243529004851930040e+02
3.362340097057870025e+02
3.356138394414973050e+02
3.304476567856817724e+02
3.329192287255228848e+02
3.466888847694467017e+02
3.449464481366236441e+02
3.415494382157240238e+02
3.437896761325732200e+02
3.423520460610888563e+02
3.326368380824100655e+02
3.181853705162627080e+02
3.206994640585576235e+02
3.210000000000000568e+02
3.207669423131279700e+02
3.178888782555358716e+02
3.133912037902242673e+02
3.142736728403600637e+02
3.191051752261449224e+02
3.249665162991677789e+02
3.201582167941048169e+02
3.175815579903303387e+02
3.214407708222826159e+02
3.181773150103599619e+02
3.167749795487640654e+02
3.131027246318209905e+02
3.113869938918359139e+02
3.140549154315435203e+02
3.179331900116688985e+02
3.209303945200293811e+02
3.227819036576057101e+02
3.203738960074265947e+02
3.116836220135817825e+02
3.138551151740691694e+02
3.149997222222222035e+02
3.157635370078586448e+02
3.125516960878364330e+02
3.042107668381982535e+02
2.991567606801369834e+02
2.961687659500294103e+02
2.960649691502225096e+02
2.969312345676877953e+02
2.974262564601352778e+02
3.039662385213899825e+02
3.002101223921397377e+02
2.992906401062762711e+02
3.016892553950953015e+02
2.998243516563068169e+02
2.953768859372449356e+02
2.951524202810647921e+02
2.976900159976422628e+02
2.971675240724084119e+02
2.991308421988841815e+02
3.028613445956142414e+02
3.049450592477347755e+02
3.058430573351899966e+02
3.057334946471052035e+02
3.182124661277852056e+02
3.346664449970630812e+02
3.592801571958636373e+02
3.590005555555555929e+02
3.574691559415015831e+02
3.631435107036912200e+02
3.596652458777189167e+02
3.502626543786679463e+02
3.433167901213220148e+02
3.285372650196134714e+02
3.226364600552129787e+02
3.234776106863172913e+02
3.164377657149699417e+02
3.143104668271269020e+02
3.163530857027545267e+02
3.090022222222222581e+02
3.014594830654166913e+02
3.018451468877100297e+02
3.010560265426546493e+02
3.009343011227800275e+02
2.997251891912284805e+02
2.954364704625663762e+02
2.980774991101827709e+02
3.016846530877486430e+02
2.999285298092567587e+02
2.970008333333333326e+02
2.940598796369242791e+02
2.922251241783039859e+02
2.930517889317717959e+02
2.950771303400684928e+02
2.979991666666666106e+02
3.006743209155537784e+02
2.989320679010210711e+02
2.963205256784347625e+02
2.986024207988251646e+02
2.968961888039300447e+02
2.930011111111111290e+02
2.894349868913110413e+02
2.921753705659154434e+02
2.969469415979363589e+02
2.905102898257716788e+02
2.918448691099322332e+02
2.917212561756155083e+02
2.869356900116690099e+02
2.823083374527754472e+02
2.933437665283726687e+02
2.950780546657383638e+02
2.969470718109211589e+02
2.978556707296246486e+02
2.968782978793218490e+02
2.944141574584697878e+02
2.976994640585576235e+02
2.978437998713513366e+02
2.950785192289574184e+02
2.930005555555554793e+02
2.911304938560006690e+02
2.910000000000000000e+02
2.908934358849662090e+02
2.892386030762604605e+02
2.898953554705967690e+02
2.887825060314038979e+02
2.850630933654254022e+02
2.821183025994992022e+02
2.807749795487641222e+02
2.771535313921759212e+02
2.772368804538751874e+02
2.902153506250569421e+02
2.920654210994420623e+02
2.943433051776308957e+02
3.003998183917490223e+02
2.982544302073691256e+02
3.088395487660965273e+02
3.173492682833111189e+02
3.183659396953677856e+02
3.240573796369242245e+02
3.309980555555555384e+02
3.389873230369972248e+02
3.608076560571925597e+02
3.501796949835393207e+02
3.540237960799948951e+02
3.474407407452238203e+02
3.562383587686088049e+02
3.382754201104259550e+02
3.316882886340125083e+02
3.226726389444218626e+02
3.325008086321524274e+02
3.364115425580596366e+02
3.325036548600909327e+02
3.441832029454319581e+02
3.434642815590920577e+02
3.461069086508586565e+02
3.350033333333332166e+02
3.230033333333333303e+02
3.117647260872690254e+02
3.117461253481865242e+02
2.996323604911695497e+02
2.971446070481530910e+02
2.976098994922795100e+02
3.067019907042677005e+02
3.113997614504485796e+02
3.091570334619819960e+02
3.087669423131279132e+02
3.061687659500294103e+02
3.061299383004450760e+02
3.070406172809619534e+02
2.962164615634009692e+02
2.893511581728832311e+02
2.965278496176854901e+02
2.964918659251276836e+02
2.903738379703301007e+02
2.890002777777777396e+02
2.885259736454762560e+02
2.934394589694289834e+02
2.890013888888888687e+02
2.841686351835195410e+02
2.820662544327753949e+02
2.808627334845031669e+02
2.780552185300430210e+02
2.761572204425877999e+02
2.761047452670468374e+02
2.779274186981456296e+02
2.788777423237663129e+02
2.780593240813686862e+02
2.796468365668218894e+02
2.998376887602402689e+02
3.177517478922376881e+02
3.217752565110718592e+02
3.211951852284454390e+02
3.228624691353755907e+02
3.229467179424831329e+02
3.221589761249143749e+02
3.231040889738476949e+02
3.275961594734083633e+02
3.508690910469269966e+02
3.734062647802818447e+02
3.864706930211903568e+02
3.934555941765277680e+02
4.059863539846750200e+02
3.987870160316159627e+02
4.176656722805670938e+02
4.312446696900632901e+02
4.103873630436345366e+02
3.945713710925447799e+02
3.970466193371344161e+02
4.179132249166295878e+02
4.280955968638809850e+02
4.506899719377323095e+02
4.415755914703501617e+02
4.471647104249848894e+02
4.393030491616059976e+02
4.233965649945130281e+02
4.143021607822290093e+02
4.232026851858256578e+02
4.363693632915073408e+02
4.544868101466469739e+02
4.571040889738476949e+02
4.603621195772897750e+02
4.690514761011204428e+02
4.904674663329895452e+02
4.770326840611227794e+02
4.843531473224845172e+02
4.977542132051289627e+02
4.888990691169252614e+02
5.075999734033472350e+02
5.218954789871364710e+02
5.226529001382941715e+02
5.331536093314766731e+02
5.448965635848978764e+02
5.387945054315085827e+02
5.386815485960044043e+02
5.072496945976314464e+02
4.929770195874654632e+02
4.905837441013813418e+02
4.826239871649922293e+02
4.819518959390555892e+02
4.966707098044427653e+02
5.059423148084104014e+02
4.891651239503285069e+02
4.751468721307883243e+02
4.821705262909990779e+02
4.615310688912837804e+02
4.574966913678475180e+02
4.625859574419404794e+02
4.763199386462924849e+02
4.814741305226850727e+02
4.614025843516053556e+02
4.656635629662941938e+02
4.673282166083217248e+02
4.721730675736856711e+02
4.671648222567957305e+02
4.662724741953010152e+02
4.885787166726465784e+02
4.878478658369975278e+02
4.723706619175899846e+02
4.607668703411918614e+02
4.469772973652432029e+02
4.444170892319520476e+02
4.498429615420853338e+02
4.537190011943953323e+02
4.522856171253295656e+02
4.425100617330916180e+02
4.516366069124250089e+02
4.719623496325011160e+02
4.811103826111837520e+02
4.734214975652253088e+02
4.601118410911298611e+02
4.737043493097656892e+02
4.569584179847848304e+02
4.597445773093363641e+02
4.596908493309756523e+02
4.562241061706185974e+02
4.577738696849370967e+02
4.827861835600880909e+02
5.046547698748168500e+02
4.915302377360034143e+02
5.140975230448246975e+02
5.406957587888445005e+02
5.518142523745383414e+02
5.589390092519646487e+02
5.656720392015786274e+02
5.797875664951351382e+02
5.920845469831808714e+02
6.158251229388595220e+02
6.361097835324344487e+02
6.310704320989789267e+02
6.249483846091497981e+02
6.187160870065590643e+02
6.196341608137554431e+02
6.147836171425150269e+02
6.077460092739935362e+02
6.108226849896401518e+02
6.116993245835374182e+02
6.086959927712036915e+02
6.020892670159144018e+02
6.169915222322159707e+02
6.173430112278009574e+02
6.092406764172492331e+02
6.149100738435840867e+02
6.058833119777203819e+02
6.152110771638160713e+02
6.123526016166445061e+02
6.018571926225247353e+02
6.040622779090808763e+02
6.211978954624568132e+02
6.183763105965165323e+02
6.035482457138126620e+02
5.954579160113660237e+02
6.109303086275551777e+02
6.267216049374177373e+02
6.370785125960580899e+02
6.158001584023495525e+02
6.016822727744543045e+02
5.944108029541819178e+02
5.270422292661230586e+02
5.249404320335837610e+02
5.264737485767459475e+02
5.224586497320832450e+02
5.245304232110231624e+02
5.115616543154355895e+02
5.057385933800093198e+02
4.989281201058445845e+02
5.147438626978994307e+02
5.119227786675949687e+02
5.083107047269735403e+02
5.271384959370419665e+02
5.477740899043297986e+02
5.511175370516264138e+02
5.546246078509748259e+02
5.531672104249847735e+02
5.374708375959664863e+02
5.267867411001373057e+02
5.288042592159988544e+02
5.287260493818622535e+02
5.247879828810434901e+02
5.177957139579052637e+02
5.185819774379425553e+02
5.131468478309159309e+02
5.096209336542539177e+02
5.143522523694211941e+02
5.097760906598752513e+02
5.025102898257715651e+02
5.031492801046273939e+02
4.946680074107385963e+02
4.821065307377032809e+02
4.963763284580419395e+02
5.030399106962290148e+02
4.788877564221647276e+02
4.726345026764475392e+02
4.630114160037382476e+02
4.642062973267032930e+02
4.550618240813687407e+02
4.463767810379140997e+02
4.418969776920120012e+02
4.363900961447868099e+02
4.348323451610817756e+02
4.310011111111110722e+02
4.278229629655247095e+02
4.344116751450919196e+02
4.318421349861968110e+02
4.270013888888889255e+02
4.222191606352627673e+02
4.204964135900697784e+02
4.257046601679186892e+02
4.270748216318934283e+02
4.296599323290586767e+02
4.451551483421745843e+02
4.727094450744982055e+02
4.802096690289167782e+02
4.777206925548214826e+02
4.970277631819285489e+02
5.331875204657958420e+02
5.504194565867984466e+02
5.560706368574099088e+02
5.613884338410538248e+02
5.581192037182930790e+02
5.565994052162180878e+02
5.612173326900899610e+02
5.541677884343604319e+02
5.588304007166372003e+02
5.615443826151085887e+02
5.582750617292490460e+02
5.578401538274491713e+02
5.542866907712186730e+02
5.433164335882096339e+02
5.368564855024173994e+02
5.272667191014224954e+02
4.938910194962439846e+02
4.736580203460999883e+02
4.722884275772530032e+02
4.609310631181841700e+02
4.589445290129007731e+02
4.562121690289167759e+02
4.439666989418110461e+02
4.428912296065805663e+02
4.399822337898459637e+02
4.261089119337135003e+02
4.131476626037087385e+02
4.012101862155922163e+02
3.796599631672123110e+02
3.813251830206434647e+02
3.768972554697897976e+02
3.701573162356925195e+02
3.652812765833823505e+02
3.647401233991096774e+02
3.609326234565766640e+02
3.561612350614395837e+02
3.555081898533530307e+02
3.706299941470887234e+02
3.806342693115990414e+02
3.855647353309112191e+02
3.845879018863848842e+02
3.915471813197505071e+02
3.936437971219598353e+02
3.889241012216326681e+02
3.837264006100662073e+02
3.906550443277543536e+02
4.062387841647673667e+02
4.127807925464945242e+02
4.150777768879605674e+02
4.178944213996199437e+02
4.188556707296247055e+02
4.178173079300939321e+02
4.138830185039293497e+02
4.083759477045807671e+02
4.069482110682283178e+02
4.049228696599315640e+02
4.021687659500293535e+02
4.017401233991096206e+02
3.980011111111111859e+02
3.940011111111110722e+02
3.902391586318159398e+02
3.892090112810287792e+02
3.915636231739189839e+02
3.889388510790190594e+02
3.854709881757745507e+02
3.899751812146147358e+02
4.045726884878394571e+02
3.957759322281164032e+02
3.938330314831471242e+02
3.901325088655508466e+02
3.880693277021928225e+02
3.869458925810681080e+02
3.843738960074265378e+02
3.763120936158624659e+02
3.903559620648271675e+02
4.085916756122015272e+02
4.072960648512879516e+02
4.089994444444443502e+02
4.107911776062462081e+02
4.090782414511795650e+02
4.080002777777777396e+02
4.075850001297807808e+02
4.143129012324330915e+02
4.124144529228696570e+02
4.016699437560452566e+02
4.061713596243324105e+02
3.826044928067416890e+02
3.758774243802603792e+02
3.695305561421908465e+02
3.706990468057596217e+02
3.687465217537808257e+02
3.637022731240783742e+02
3.766055919791950828e+02
3.845378856372383893e+02
3.866186715419578945e+02
3.962691482057707049e+02
4.096641817935592371e+02
4.091053008226023735e+02
4.088559485074025019e+02
4.077934248955190242e+02
4.181150370516263024e+02
4.309215326813060756e+02
4.417991323470267844e+02
4.330129721986679669e+02
4.345592198334314276e+02
4.455418826151086478e+02
4.515465123473869085e+02
4.638898247738550253e+02
4.736480084937834363e+02
4.699409674312956327e+02
4.809966666666666697e+02
4.910752167829240307e+02
4.750625011732706184e+02
4.726998801390928975e+02
4.679505821285339948e+02
4.630064063409957953e+02
4.684405679067867254e+02
4.662636288422128246e+02
4.669309500755848035e+02
4.665649184263225493e+02
4.604905386490285650e+02
4.702588076120614460e+02
4.844109891369827778e+02
4.796967169205269670e+02
4.698887501094192203e+02
4.716514771523982290e+02
4.602534899180784009e+02
4.675211902053655990e+02
4.602823876944934796e+02
4.555463270595531071e+02
4.460303703735726799e+02
4.493185812339903578e+02
4.577276354451295788e+02
4.525841996601648702e+02
4.395846135458858726e+02
4.336214892098093969e+02
4.367639503565572454e+02
4.370000000000000000e+02
4.376096811242592253e+02
4.486102283303861782e+02
4.554405679067865549e+02
4.526723389472338113e+02
4.445895893423983125e+02
4.319828224296633152e+02
4.355472159935016521e+02
4.452113549415937541e+02
4.427213685740987330e+02
4.480593232825612517e+02
4.547028240376010331e+02
4.572988692747757682e+02
4.627379997855855436e+02
4.637666645353501167e+02
4.618326229388594584e+02
4.583657410435627639e+02
4.715573148103317749e+02
4.686407735790917286e+02
4.740458654727360681e+02
4.701579390163271341e+02
4.681457367198047450e+02
4.679380177456857268e+02
4.668240738785290205e+02
4.630762105207822970e+02
4.600516400936882633e+02
4.574595418847628707e+02
4.495042388838919010e+02
4.484744089822407318e+02
4.416211715419579491e+02
4.416734110419641297e+02
4.370013888888888118e+02
4.323156246900293240e+02
4.332878252074172565e+02
4.376936613649713763e+02
4.375866758748636585e+02
4.310019444444444048e+02
4.246788116685887076e+02
4.299206474377093059e+02
4.341589480276306858e+02
4.251327160782229271e+02
4.165912962950154679e+02
4.037498376941256311e+02
4.024445557850220325e+02
3.957410275653808753e+02
3.845840579903302228e+02
3.804969691456253713e+02
3.836464810903913758e+02
3.820756549652268177e+02
3.809494710174227521e+02
3.789232678882994492e+02
3.759450845684564797e+02
3.721325088655508466e+02
3.702756441421047384e+02
3.716187480674766448e+02
3.672363862194372928e+02
3.650005555555556498e+02
3.630725813018544272e+02
3.621222576762336871e+02
3.626454444006768085e+02
3.583756699268029138e+02
3.579999999999999432e+02
3.576892564175038842e+02
3.538891560333136681e+02
3.478717283662215323e+02
3.407555864221013735e+02
3.427860384365990285e+02
3.416828810835046397e+02
3.369492055130761514e+02
3.316549819057883042e+02
3.330074505976382397e+02
3.221783037727697661e+02
3.278478567362131457e+02
3.325921570282716289e+02
3.300781210005893058e+02
3.282792993799399710e+02
3.314590588072058495e+02
3.401719564625745420e+02
3.390549407522652245e+02
3.381569426648100034e+02
3.392615853898392970e+02
3.456465650500221614e+02
3.582881147549506409e+02
3.481254908793385425e+02
3.535971829939958297e+02
3.674647114970571806e+02
3.902266687979832227e+02
4.168324408612582488e+02
4.552994132053244130e+02
4.711054938243853485e+02
4.719747262588020362e+02
4.403904752070487234e+02
4.319494832908539479e+02
4.261633937584383602e+02
4.338115532370571259e+02
4.398808640671675221e+02
4.442992865275737699e+02
4.503719614464196752e+02
4.290114063409957907e+02
4.173932969096936745e+02
4.151034751821476334e+02
4.412673108087713558e+02
4.715770959966592386e+02
4.781366764546559125e+02
4.740537615224124011e+02
4.704332655889036232e+02
4.716944946983047089e+02
4.688827407261516100e+02
4.629534019827293605e+02
4.442242771345344181e+02
4.141168802694056694e+02
4.164945354832449880e+02
4.143256790844460511e+02
4.158624691353755907e+02
4.161065641150337910e+02
4.187135870065590666e+02
4.275358099216882692e+02
4.133113527004653633e+02
4.131856689851651367e+02
4.157654615941473821e+02
4.014316110059753555e+02
4.013897633201851818e+02
3.926210791158264328e+02
3.910597820882164228e+02
4.056156013561599707e+02
4.034825161375722473e+02
4.057816258798279136e+02
4.043736182296487414e+02
3.966309716022806811e+02
3.989991666666666106e+02
4.017552068697548293e+02
4.005869536526414549e+02
3.937507842980504051e+02
3.947911776062462650e+02
3.928451837643074214e+02
3.892809988056045540e+02
3.901296605226672796e+02
3.930676543212011893e+02
3.957201195084832648e+02
3.782751423326482154e+02
3.730532944869238463e+02
3.700734239154579654e+02
3.676286620296699539e+02
3.600022222222223149e+02
3.523777192705782682e+02
3.494072874161728350e+02
3.538440357765989006e+02
3.580583931993275542e+02
3.776142124672711589e+02
3.797934057823102307e+02
3.783812519325234121e+02
3.813536297972725038e+02
3.681566423819589318e+02
3.724221273629432289e+02
3.709395656063276192e+02
3.675875092081969910e+02
3.587513398536058844e+02
3.579479332904503508e+02
3.570002777777778533e+02
3.561682103944738742e+02
3.574147220924413659e+02
3.513443827171167868e+02
3.488939914405217451e+02
3.450804602846794751e+02
3.420008333333333894e+02
3.392186050797072312e+02
3.389380177456857837e+02
3.380002777777778533e+02
3.370002777777777396e+02
3.359494710174228658e+02
3.336141172192751014e+02
3.277824271527208566e+02
3.335381634150162427e+02
3.344814050264611183e+02
3.409436703588459068e+02
3.463716737852043934e+02
3.447386923879386700e+02
3.387942276537308999e+02
3.423648285842566565e+02
3.513477128827223055e+02
3.507757091550292898e+02
3.471573112397597924e+02
3.463887072558978844e+02
3.497190011943954460e+02
3.488703394773326636e+02
3.460008333333333894e+02
3.430541153908501997e+02
3.415559997705335604e+02
3.456855108562347709e+02
3.450002777777777965e+02
3.431945084716922452e+02
3.307674391189670473e+02
3.287749795487641222e+02
3.251535313921759212e+02
3.241548531122899135e+02
3.248882246924684409e+02
3.239345789005578808e+02
3.218630112622809634e+02
3.181098815045305628e+02
3.161572204425877999e+02
3.158428820994299144e+02
3.130008333333333326e+02
3.100008333333333894e+02
3.072370185476970050e+02
3.078500098070565514e+02
3.070523444873273320e+02
3.068446282087519421e+02
3.050565330944542097e+02
3.040652469280003061e+02
3.049588271634825674e+02
3.173034443633913497e+02
3.184442780072441792e+02
3.133147669215430255e+02
3.128548188357507343e+02
3.110005555555555929e+02
3.090592901886384993e+02
3.076998801390929543e+02
3.033062294510185097e+02
3.038451468877100297e+02
3.029445290129008868e+02
3.011319533099953105e+02
3.011375442932746296e+02
3.028906740510250870e+02
3.028433351129677362e+02
3.008958102885088124e+02
2.970731368574098497e+02
2.941838031810171969e+02
2.940000000000000000e+02
2.937754313772515502e+02
2.910529000428828681e+02
2.891559273468035940e+02
2.888320673833039223e+02
2.863906482346686744e+02
2.886567283939943422e+02
2.871604017281063079e+02
2.880790713957905496e+02
2.898950776928190294e+02
2.900000000000000000e+02
2.900000000000000000e+02
2.898237961007512240e+02
2.873012309720181747e+02
2.882029492636419832e+02
2.930758987783672183e+02
2.989983333333332780e+02
3.048012367016735880e+02
3.071051287603816604e+02
2.982203185646164911e+02
2.923933288842472393e+02
2.913145135789181381e+02
2.955664566333185235e+02
2.956101772700573633e+02
3.032889443569090986e+02
3.010756895409161302e+02
2.991046889746546640e+02
2.990000000000000000e+02
2.988320673833039223e+02
2.962607099342235415e+02
2.966572839495499352e+02
2.930543931686279961e+02
2.901595316804699110e+02
2.888959110261523051e+02
2.859282427512086997e+02
2.823110223826824949e+02
2.828822529560563339e+02
2.821504765971201891e+02
2.828981087015123421e+02
2.819229901105216527e+02
2.800563043204324458e+02
2.789345789005578240e+02
2.771380998488301657e+02
2.771631555901290653e+02
2.798425017796344036e+02
2.809997222222222604e+02
2.822878252074172565e+02
2.870596010603390482e+02
2.927031018153787727e+02
2.939997222222222035e+02
2.944269884171770286e+02
2.860126944208901705e+02
2.878312340499705329e+02
2.879999999999999432e+02
2.875890740727932098e+02
2.821615128392173801e+02
2.793975792011747785e+02
2.811038111960699553e+02
2.846359359782657634e+02
2.842482067950349460e+02
2.866467588681691154e+02
2.839257339236621078e+02
2.802043381525308519e+02
2.802318630017682608e+02
2.826646740774052660e+02
2.807235209827521203e+02
2.877914613378658828e+02
2.926722999308530007e+02
2.925486048823906344e+02
2.979983333333334485e+02
3.032060501240469534e+02
2.987574290919770874e+02
2.914786575897728085e+02
3.056212745176414387e+02
3.173093447017418498e+02
3.322861880740491074e+02
3.292812765833824074e+02
3.288700616995548103e+02
3.273429938282279181e+02
3.302655769542511734e+02
3.379184286042095664e+02
3.447893220523046693e+02
3.477813949202927688e+02
3.477520709827427936e+02
3.442360496434429251e+02
3.445256958676985164e+02
3.509980555555555952e+02
3.573024665502507560e+02
3.558890580258017167e+02
3.521325088655508466e+02
3.501380998488301088e+02
3.499456148032903116e+02
3.494702724388745878e+02
3.535796300429240659e+02
3.518651422889184346e+02
3.595095804061763829e+02
3.607044907042676982e+02
3.569262549035282746e+02
3.527303228225827070e+02
3.612305576868720891e+02
3.725488463554770533e+02
3.764141665368857730e+02
3.723438271615612507e+02
3.714138973673140640e+02
3.613998014233970366e+02
3.552625835457303083e+02
3.537825060314038410e+02
3.494432708222826136e+02
3.385307115712673180e+02
3.493204942018479073e+02
3.542021159303086506e+02
3.609157504361925248e+02
3.566149030803124447e+02
3.602759234616922299e+02
3.559644767195889017e+02
3.625083110073906596e+02
3.619219453342616362e+02
3.607861450584063618e+02
3.723481571722000467e+02
3.788895773149555453e+02
4.098646108485050377e+02
4.110751339853605373e+02
4.110000000000000000e+02
4.107669423131279132e+02
4.074410579443463121e+02
3.953934260124464117e+02
3.880019444444444616e+02
3.815347650196134737e+02
3.843959125345081134e+02
3.911628437647742089e+02
3.840022222222222013e+02
3.763741157481078972e+02
3.746466365194678474e+02
3.818710088549317447e+02
3.769508599063117344e+02
3.701565197789565786e+02
3.652243839483965075e+02
3.637374822688981340e+02
3.597578825018991324e+02
3.646720221530752042e+02
3.648433351129677931e+02
3.628434376549853937e+02
3.578573373962914843e+02
3.510629343936723217e+02
3.451197592738485582e+02
3.411508235262767244e+02
3.392088223937537919e+02
3.403779572794522323e+02
3.352255768222614734e+02
3.331304938560006121e+02
3.326575617273277317e+02
3.286407735790917855e+02
3.346013096877141493e+02
3.371559945718826725e+02
3.416356582004880238e+02
3.416900887284286341e+02
3.373537966873864207e+02
3.375491257641949119e+02
3.332046159303086483e+02
3.319229901105217095e+02
3.302235506150630044e+02
3.318023478127846602e+02
3.318943156840627466e+02
3.420721183226019662e+02
3.380013888888889255e+02
3.337346057582162757e+02
3.413492682833111189e+02
3.412071306600366256e+02
3.294169352362475252e+02
3.236005163273291600e+02
3.261449120545347569e+02
3.471288718383565879e+02
3.488880449222025959e+02
3.471954630062231786e+02
3.477942592586188653e+02
3.463735299581738900e+02
3.509986111111110745e+02
3.561029778627365658e+02
3.625625120628078548e+02
3.637517932049651108e+02
3.610595679664162390e+02
3.588503567362130866e+02
3.553059516732407133e+02
3.570767321117005508e+02
3.593859302530208311e+02
3.523964154855415813e+02
3.500005555555555361e+02
3.478373999654264708e+02
3.430797213324050858e+02
3.391058563781579664e+02
3.372886585407505891e+02
3.389384544952164902e+02
3.399997222222223172e+02
3.407751535994737537e+02
3.388964221364564082e+02
3.349234252154871569e+02
3.300013888888888118e+02
3.251313271893339447e+02
3.221378086424022626e+02
3.210002777777777965e+02
3.197622302570729858e+02
3.166273116208638498e+02
3.234170531207807926e+02
3.238140532370572373e+02
3.210595679664162390e+02
3.191507543748980424e+02
3.192540338017747104e+02
3.239213234438550444e+02
3.276086475347506166e+02
3.249351344561133601e+02
3.210698832577484154e+02
3.181096037267527095e+02
3.171569426648100034e+02
3.179473495886988985e+02
3.192964634333777667e+02
3.354460904569484114e+02
3.448794073928181660e+02
3.531208986692977305e+02
3.727963545692490470e+02
3.726895341952817375e+02
3.702964679837353970e+02
4.021708637937682056e+02
4.114498765415020785e+02
4.128525129202704989e+02
4.279162063819872515e+02
4.425261829510188818e+02
4.482724275120871198e+02
4.457448981628824072e+02
4.526453699792802468e+02
4.550745438541156318e+02
4.574402923027623729e+02
4.496930715531977967e+02
4.387280672767329293e+02
4.368316592739656130e+02
4.084531039682723303e+02
3.971451446864590480e+02
4.056838924481576782e+02
4.115793522651463832e+02
4.098565040629580949e+02
4.066720005526186128e+02
4.150056298776466406e+02
4.526411993746204416e+02
4.765770774347146244e+02
4.907528590033489309e+02
4.918959184001569156e+02
5.084646610417906913e+02
5.564512345600027174e+02
5.748357093830048825e+02
5.842669777311792814e+02
5.547400117058226670e+02
5.332796497343092597e+02
5.082851088810184592e+02
5.456322251553986007e+02
6.205181174349422690e+02
6.252037825969753158e+02
6.276950334497491895e+02
6.381084419741981719e+02
6.494196158356113528e+02
6.406220048752912817e+02
6.375110887851684538e+02
6.304496830702651096e+02
6.581577911600149946e+02
6.574243495851654870e+02
6.475758481331820349e+02
6.317723241689041060e+02
6.267016862807796542e+02
6.188980888031230734e+02
6.100126944208901705e+02
6.113834137387809733e+02
6.045869445742251855e+02
6.056161111130323889e+02
6.145176837045701177e+02
6.156823255279490468e+02
6.128442832058950671e+02
6.072194384130405069e+02
6.035049752988190903e+02
5.933554633540531995e+02
5.871001959728342854e+02
5.714111763050617583e+02
5.638574040141460273e+02
5.761038530953028385e+02
5.759345789005577672e+02
5.726251126228094108e+02
5.530394298485952049e+02
5.501758199860752256e+02
5.611537845672369258e+02
5.756357046018395067e+02
5.852653428314868052e+02
5.819929812334646613e+02
5.501059738123187799e+02
5.406270227368170254e+02
5.429112863501525226e+02
5.349543959390555301e+02
5.409330864053330288e+02
5.479571604968159590e+02
5.656091109490049575e+02
5.607636191459617976e+02
5.524199670065019063e+02
5.518713647632731636e+02
5.615010864099302808e+02
5.624735774441006697e+02
5.282403857269733862e+02
5.272370652613425364e+02
5.174717990111990957e+02
5.223848191419097020e+02
5.189354122338911566e+02
5.144140217687127006e+02
5.153260334024803342e+02
5.216063933379749642e+02
5.236852086433043496e+02
5.194249051407209663e+02
5.072714539425978160e+02
4.844199907918031158e+02
4.667052973918909515e+02
4.473075010720723412e+02
4.499212029932648989e+02
4.522714586609836829e+02
4.429378086275551709e+02
4.343316358097274019e+02
4.535017135006378339e+02
4.521438165752327905e+02
4.710545881242599080e+02
4.750552113212688141e+02
4.693578256639425490e+02
4.946997825166199618e+02
5.018715644104872808e+02
4.946973816600925034e+02
4.829360805702910966e+02
4.921641907390749680e+02
5.039594459172943743e+02
4.904489373016056106e+02
4.930532740855985026e+02
4.964319622407885504e+02
4.839992467036110497e+02
4.867107859036938748e+02
4.870000000000000000e+02
4.864685832676819359e+02
4.784516372454968973e+02
4.736991655945943762e+02
4.464639765084095302e+02
4.146966440893595518e+02
4.240218516355504335e+02
4.223156790102109426e+02
4.114295897934685513e+02
4.077946028467940209e+02
4.125286829510189364e+02
4.094926992584609025e+02
4.008085470838634023e+02
4.035277783644131091e+02
4.145460702086393781e+02
4.204902657297838005e+02
4.174648371146475938e+02
4.191666907390750225e+02
4.236044178477916944e+02
4.234816828042389716e+02
4.283457109728171304e+02
4.237066586583118237e+02
4.262610298342837041e+02
4.332054945684914173e+02
4.306348936379656038e+02
4.225339167323182323e+02
4.217005751696686957e+02
4.178449109824624088e+02
4.110796303400684906e+02
4.052815543611600333e+02
4.025059873226587683e+02
3.819928086481662604e+02
3.842526623058744235e+02
3.772720867770926816e+02
3.820587547909265140e+02
3.733822766159233879e+02
3.809275115924918964e+02
4.015839799171207574e+02
4.020002777777777396e+02
4.005938236949382940e+02
3.928526643398169540e+02
3.939436956795675542e+02
3.947369267133425410e+02
3.916569726001468439e+02
3.842197630090609550e+02
3.792177866759499238e+02
3.664752425905994642e+02
3.613615176203827559e+02
3.612439597969118381e+02
3.645855647637525294e+02
3.619259771257504781e+02
3.580531778206606646e+02
3.549231474377093036e+02
3.518967517334902482e+02
3.635813890186697108e+02
3.831723148122531484e+02
3.927843717699323633e+02
3.971257702018599502e+02
3.918972999150412306e+02
3.848007186255930492e+02
3.866272731407809715e+02
3.842357718656650150e+02
3.849997222222222035e+02
3.857456884204475500e+02
3.821556864456232461e+02
3.792758216121559940e+02
3.655297576844257605e+02
3.581394887377190344e+02
3.542522484132116460e+02
3.711516648870322683e+02
3.902612275751172319e+02
3.964941531092420064e+02
3.964272074223734990e+02
4.015850092081969365e+02
4.004762843246980424e+02
3.936790894463665609e+02
3.957457201380142351e+02
3.754061051391340698e+02
3.759742594755606433e+02
3.914749691372968528e+02
4.128214058457392071e+02
4.144442780072442361e+02
4.089494832908539479e+02
4.022923067729429363e+02
3.990628155876476626e+02
3.971180248217215194e+02
3.966996023613151010e+02
3.928994975904012108e+02
3.874653926702031299e+02
3.869442512351229766e+02
3.860659766549975984e+02
3.854498228269015385e+02
3.779478370255125697e+02
3.695508271046128925e+02
3.667910650214620887e+02
3.613617953981604956e+02
3.599392878285498796e+02
3.577643703411919205e+02
3.522262352894151149e+02
3.491049667524324605e+02
3.480779636734018823e+02
3.482798876944934818e+02
3.533884260124464731e+02
3.624902160446861785e+02
3.534293120156907548e+02
3.497627858126284650e+02
3.440016666666666652e+02
3.379290760845420323e+02
3.310639266987587348e+02
3.253540744651642740e+02
3.247747017709863826e+02
3.221532536143981247e+02
3.220000000000000000e+02
3.220557487648767960e+02
3.230654210994420623e+02
3.248619001511697206e+02
3.251087703934193200e+02
3.265294497833476726e+02
3.231582290116813851e+02
3.213520460610889131e+02
3.124297074223734398e+02
3.091779722441061722e+02
3.091497124151655953e+02
3.106870441871470803e+02
3.072341687979832727e+02
3.062801654722712783e+02
3.098039814382211716e+02
3.109312345676877385e+02
3.108401538274492850e+02
3.080008333333333326e+02
3.051573834607714844e+02
3.049274094178753671e+02
3.042482067950348892e+02
3.068816974005007978e+02
3.079997222222222604e+02
3.090505289825771342e+02
3.109221567771883201e+02
3.119439734573452938e+02
3.119343011227800275e+02
3.110690499244150828e+02
3.110543851967096884e+02
3.119997222222223172e+02
3.131044674892690409e+02
3.157110636814716145e+02
3.152442375746895777e+02
3.178810740594848880e+02
3.188500098070565514e+02
3.178961443586786686e+02
3.153115769158294484e+02
3.159997222222222035e+02
3.168697839217770138e+02
3.159317901232433314e+02
3.141604017281062511e+02
3.149997222222222604e+02
3.158431720084861922e+02
3.142909216317980849e+02
3.156895331457759539e+02
3.132357766033159123e+02
3.137744240958735986e+02
3.122037864145724484e+02
3.136902938754850538e+02
3.121678033662493021e+02
3.133939155339410831e+02
3.195166498901224941e+02
3.200000000000000568e+02
3.199216675926613789e+02
3.191573957434667932e+02
3.208553929580024828e+02
3.209390100517007909e+02
3.200002777777778533e+02
3.193745586236136091e+02
3.231030223545038211e+02
3.283768487608673468e+02
3.270565331035354575e+02
3.262601484303365282e+02
3.286567284997994989e+02
3.272136687215597135e+02
3.289200952941897071e+02
3.297388418722545111e+02
3.261462941527255452e+02
3.242484351704741812e+02
3.261756519489152879e+02
3.310737271266556832e+02
3.366426792014513580e+02
3.360002777777777396e+02
3.350002777777777396e+02
3.340659842441538103e+02
3.340000000000000568e+02
3.338368320084531433e+02
3.308441685442607536e+02
3.262632600909909684e+02
3.267202574787334015e+02
3.363631630635875922e+02
3.517593702083447056e+02
3.644458035756799745e+02
3.812139988198790093e+02
3.847661099568950362e+02
3.850559775462576226e+02
3.861946252431761195e+02
3.895879632638371390e+02
3.893325131781932669e+02
4.096446925444465137e+02
4.162156922129733516e+02
4.093090804584992384e+02
4.159440118787019856e+02
4.092958598212551351e+02
4.054750212924251969e+02
3.963075346479478185e+02
3.924649078906152795e+02
3.939437188351448071e+02
3.948026027976013665e+02
3.931381534290685522e+02
3.928912213213335463e+02
3.910005555555555361e+02
3.890529297967204343e+02
3.877841675889316662e+02
3.839401209856217747e+02
3.786470776458298815e+02
3.691258977619275470e+02
3.716344085440308618e+02
3.696223179106787597e+02
3.736627450866919276e+02
3.728703424172681480e+02
3.700008333333332757e+02
3.673205031963096872e+02
3.715067815338508694e+02
3.903796767225096573e+02
3.835112113949086847e+02
3.810005555555555361e+02
3.791174294870423296e+02
3.783938781465353145e+02
3.708017653174591146e+02
3.597830824990645624e+02
3.577184241524504387e+02
3.685201863815382808e+02
3.850503689634851412e+02
3.768310220113605737e+02
3.486915333566686854e+02
3.377702517360739876e+02
3.412764232657721095e+02
3.368181424687360845e+02
3.292909994264080069e+02
3.265449525934885173e+02
3.295469344302534296e+02
3.250013888888888687e+02
3.206632431070593725e+02
3.261032589855786341e+02
3.204964988861333381e+02
3.203052614651209637e+02
3.259163192226209276e+02
3.308982542148149832e+02
3.339267115773592423e+02
3.359365642850956419e+02
3.367199267876508770e+02
3.330812949606086590e+02
3.302367536709575688e+02
3.319994444444445207e+02
3.338355779720648684e+02
3.333805834841281239e+02
3.381468495559444136e+02
3.447990549866743208e+02
3.484138534968996623e+02
3.555568626662694669e+02
3.553561151139544450e+02
3.588715093029254035e+02
3.604589488045011194e+02
3.537451281207898433e+02
3.539064501366141826e+02
3.537155984958712338e+02
3.606085438996869925e+02
3.616966018175043587e+02
3.591674190760987813e+02
3.682574447721019624e+02
3.651010761171665422e+02
3.717563897249165166e+02
3.740133154079093174e+02
3.667421347493992130e+02
3.919207030745638463e+02
4.011675353482237369e+02
4.109540742958245119e+02
4.196038329720065576e+02
4.234867664246323784e+02
4.184713310836393134e+02
4.053285334295242137e+02
3.946475549164684935e+02
3.795476263146126712e+02
3.886602105684175967e+02
3.931170519926538418e+02
3.856356908478044829e+02
3.731474899185604386e+02
3.635231653412798778e+02
3.593446489848771535e+02
3.622959894428054781e+02
3.576958419070280684e+02
3.478936119020478372e+02
3.360033333333333303e+02
3.246045182373948705e+02
3.264000323096629472e+02
3.231987196779236342e+02
3.231315269990676029e+02
3.249215795057006062e+02
3.264379519778810845e+02
3.360256447229415926e+02
3.367194587181040788e+02
3.300779833279225386e+02
3.247408689930499008e+02
3.287399877918558104e+02
3.288257068816605511e+02
3.269620400099946096e+02
3.242542955126976381e+02
3.240524929134707008e+02
3.259848412424672688e+02
3.406828227961122479e+02
3.429997222222221467e+02
3.444451362418427038e+02
3.495356499156207519e+02
3.458156924288024925e+02
3.507800763525001457e+02
3.544111456700337044e+02
3.635757515971859561e+02
3.512449294056478379e+02
3.430022222222222581e+02
3.350614988925260036e+02
3.281760970974186762e+02
3.263183125110965079e+02
3.466752086024307573e+02
3.597431377990656074e+02
3.607467906343856043e+02
3.553534813729719986e+02
3.536100508438888710e+02
3.480858522474812276e+02
3.450944409356146707e+02
3.518232929418243202e+02
3.532882319223315335e+02
3.377343522844213339e+02
3.308891630829852488e+02
3.390196361643370437e+02
3.384921028462122194e+02
3.239599355031415371e+02
3.273515644546279759e+02
3.373268435797763232e+02
3.263340666871042686e+02
3.172100713828295966e+02
3.153873957118084945e+02
3.255966037355750018e+02
3.267178216244707301e+02
3.339858760583562685e+02
3.307568721319953511e+02
3.399898828426037767e+02
3.410279776974243191e+02
3.422633188812539515e+02
3.455909877344653864e+02
3.434909772613867744e+02
3.474779925650045129e+02
3.468448836565814304e+02
3.413712516359182132e+02
3.388794941981900024e+02
3.339261506777199315e+02
3.280016666666666652e+02
3.223190191200518484e+02
3.239994444444445207e+02
3.259178411748841313e+02
3.243153004944203417e+02
3.160025000000000546e+02
3.073954332393312256e+02
3.047303751763657260e+02
3.001824122210728092e+02
3.027221692751832620e+02
3.031928173282917669e+02
3.080076910324182222e+02
3.243319983070503554e+02
3.347291316665221643e+02
3.367159888111900727e+02
3.360002777777777396e+02
3.347512730677382251e+02
3.312175580206592826e+02
3.310186847682541611e+02
3.480450671268940823e+02
3.487157408703995998e+02
3.360903418224800134e+02
3.334031407218277536e+02
3.377370779670607703e+02
3.382131767467589611e+02
3.313719834389172547e+02
3.365809516690404166e+02
3.305446301228321317e+02
3.369452246076599522e+02
3.528256310212332210e+02
3.570410103629728269e+02
3.603365019476308362e+02
3.579245737491468162e+02
3.504472537076561025e+02
3.467449756224678481e+02
3.404279560701129412e+02
3.396371541645315801e+02
3.360570373074651798e+02
3.362255590620163730e+02
3.465207406741232035e+02
3.487013001961876171e+02
3.469172851894844030e+02
3.440640963603013347e+02
3.426173222477726767e+02
3.378354844352537043e+02
3.275135683771181334e+02
3.220735952766296464e+02
3.177953975925629493e+02
3.104707170758927077e+02
3.073439287236381574e+02
3.352383444908737147e+02
3.477691156195625126e+02
3.543163525884630189e+02
3.550697891382892522e+02
3.830322075391462704e+02
3.765775418028209174e+02
3.741476193222963502e+02
3.764917966855198870e+02
3.833824630345075661e+02
3.844134004313443711e+02
3.929020482866043835e+02
4.008639811486540907e+02
3.996344094975636949e+02
4.043195442926751184e+02
4.143075505232047249e+02
4.271676361929866630e+02
4.240413769071012098e+02
4.226200804776739233e+02
4.181469408524903884e+02
4.165262908379263536e+02
4.212515229885057124e+02
4.287135847511781890e+02
4.279037539910600572e+02
4.260005555555555361e+02
4.235746715357598760e+02
4.170019444444444616e+02
4.101527334770115090e+02
4.065700335249042041e+02
4.079689819474398860e+02
4.057245318486590122e+02
4.011225043933221741e+02
3.978039475574712469e+02
3.933504085789600140e+02
