nan
3.102090388485514154e+02
3.122999604758122700e+02
3.161070242538797856e+02
3.223489392386421741e+02
3.316277732745656976e+02
3.442906313835622427e+02
3.594228493518755840e+02
3.753007965440840508e+02
3.896803732620563778e+02
4.010512402376924683e+02
4.089295405984661329e+02
4.139502562765651419e+02
4.168706318966539470e+02
4.186958978955615294e+02
4.202046761574651441e+02
4.221612912595565490e+02
4.252603472038215955e+02
4.303776633455864271e+02
4.381299630926192776e+02
4.491041547902700017e+02
4.630957156102807630e+02
4.789981824030164148e+02
4.949197338867419376e+02
5.089912121412120314e+02
5.211609030592618410e+02
5.292031293435591124e+02
5.338885736267044422e+02
5.360474402527714801e+02
5.364555881245632918e+02
5.355625853245372809e+02
5.337849713771798861e+02
5.313433351733128802e+02
5.284102480534317010e+02
5.251112924637363903e+02
5.215168998689617865e+02
5.177054923345971247e+02
5.137160686449452669e+02
5.095929538063380164e+02
5.053670727891262686e+02
5.010640319308649282e+02
4.967095979317528531e+02
4.923221372361396106e+02
4.879209651992418912e+02
4.835217882423284550e+02
4.791394036206285136e+02
4.747862454234578422e+02
4.704765302979924400e+02
4.662194740020905215e+02
4.619589519460500355e+02
4.577796236096177154e+02
4.536898529455667699e+02
4.497035316101458307e+02
4.458258083425647555e+02
4.420736443411703362e+02
4.384549030187403673e+02
4.349841644017229214e+02
4.316789233703825062e+02
4.285489904325462476e+02
4.256219424636530562e+02
4.229066245882913222e+02
4.204295721217719120e+02
4.182083001842259478e+02
4.162565638027191994e+02
4.146007885584920132e+02
4.132353293825274250e+02
4.121739725545180590e+02
4.113961460458316992e+02
4.108788333919825959e+02
4.105845543962419697e+02
4.104520406355790669e+02
4.104205008512121253e+02
4.104141766328033327e+02
4.103896657558023549e+02
4.102450949522685164e+02
4.099304209183335388e+02
4.094000832618976915e+02
4.086444647174678266e+02
4.076495856493154974e+02
4.064281742356737936e+02
4.049955659154796876e+02
4.033682321864219489e+02
4.015767572196757556e+02
3.996388576427379462e+02
3.975834260387329664e+02
3.954308781403973967e+02
3.932012811926046538e+02
3.909146497712631003e+02
3.885850903261670624e+02
3.862281726610463011e+02
3.838554168417105075e+02
3.814768587386628269e+02
3.791014274513285045e+02
3.767359550742816623e+02
3.743860415646672095e+02
3.720567639308020489e+02
3.697510699364892162e+02
3.674728349008708506e+02
3.652263707896170217e+02
3.630111665951447435e+02
3.608284802167121939e+02
3.586766170225836277e+02
3.565560396475532343e+02
3.544658386423072898e+02
3.524050587252252171e+02
3.503743523031206450e+02
3.483719559907607390e+02
3.463988653647298861e+02
3.444542511196917758e+02
3.425383283063073918e+02
3.406520084165448452e+02
3.387946599731405968e+02
3.369682199211472380e+02
3.351722857972787892e+02
3.334082441288531982e+02
3.316771905158753952e+02
3.299792608143374650e+02
3.283168339473003243e+02
3.266893869920137945e+02
3.250990912020508290e+02
3.235461944220729720e+02
3.220258577381241025e+02
3.205475189723418907e+02
3.191106806808165288e+02
3.177172634651085446e+02
3.163667182994934137e+02
3.150596268276496517e+02
3.137965687604869913e+02
3.125762672119258809e+02
3.113998499038164596e+02
3.102654634272000180e+02
3.091732650576510082e+02
3.081222904785951755e+02
3.071109699541862597e+02
3.061393098674585076e+02
3.052048608196533905e+02
3.043074041305438300e+02
3.034451405671026123e+02
3.026166042178017506e+02
3.018213384341459005e+02
3.010569916709561653e+02
3.003234829824282883e+02
2.996189478154934704e+02
2.989426327674662502e+02
2.982940317663961309e+02
2.976932620472140911e+02
2.971189737087076992e+02
2.965693195456403828e+02
2.960441988300979688e+02
2.955428032006901731e+02
2.950644041204419068e+02
2.946094304897580969e+02
2.941768836370123381e+02
2.937676352235782247e+02
2.933813858462862640e+02
2.930186842201786135e+02
2.926805968929425603e+02
2.923672943169495966e+02
2.920808758540293297e+02
2.918220655926604650e+02
2.915932671782125567e+02
2.913969048121266496e+02
2.912351462781954297e+02
2.911124442280406583e+02
2.910314316241532993e+02
2.909977744614562880e+02
2.910160980556825052e+02
2.910918292191922205e+02
2.912327811260572048e+02
2.914500611666681493e+02
2.917445685456137880e+02
2.921213312606265617e+02
2.925885595793436664e+02
2.931541072086242252e+02
2.938229564262535973e+02
2.946072143443955724e+02
2.955161580627657258e+02
2.965833709312254882e+02
2.978912994060063397e+02
2.996598758728848111e+02
3.025552346002361901e+02
3.081127655988699416e+02
3.197950843853407719e+02
3.422468786980198274e+02
3.757626556172569394e+02
4.111259645551675135e+02
4.384254427615131249e+02
4.538302105541432638e+02
4.601276271095590573e+02
4.611678719422199606e+02
4.602085218324303355e+02
4.589949480133348629e+02
4.582614973785815664e+02
4.576990349639418127e+02
4.573101903907440260e+02
4.567135705677210353e+02
4.556924370516359204e+02
4.542363485625261319e+02
4.523052130572839928e+02
4.499068933354618025e+02
4.471080317543817273e+02
4.439991363490292997e+02
4.407137920732842531e+02
4.373282124668846222e+02
4.339175655906298630e+02
4.305142541903318829e+02
4.271410274761606729e+02
4.238083472407452064e+02
4.205163709228969537e+02
4.172707041776770893e+02
4.140662289759450232e+02
4.109075438963445208e+02
4.077935947989336114e+02
4.047263398970391677e+02
4.017109159180042752e+02
3.987470960669074316e+02
3.958429996331328766e+02
3.928853488480760916e+02
3.900041174190585025e+02
3.872034239613111026e+02
3.844857928706761072e+02
3.818589764136310691e+02
3.793260897143088641e+02
3.768976975946901007e+02
3.745839833311947586e+02
3.724015862054027366e+02
3.703810104019481173e+02
3.685615167533298404e+02
3.670212351213583020e+02
3.658681062559950306e+02
3.652534281349833805e+02
3.653510351001134495e+02
3.662139705864357779e+02
3.678409097015207294e+02
3.701703000203266356e+02
3.733148567017393020e+02
3.772357458811477500e+02
3.818201837773103762e+02
3.867202185815469306e+02
3.915829241112204500e+02
3.962887721224179245e+02
4.001564680619210321e+02
4.031646335034859021e+02
4.053211321876497664e+02
4.067427987857029166e+02
4.075939023972529753e+02
4.081748110488750854e+02
4.087596918026566755e+02
4.096383345341350264e+02
4.109719599266182968e+02
4.127120206263626869e+02
4.146338452580487797e+02
4.163687239707028311e+02
4.175958108128670574e+02
4.181022764287585574e+02
4.178787074040703828e+02
4.169539723621520579e+02
4.154789016672921207e+02
4.135605474607518772e+02
4.113253658331690872e+02
4.088706524456118814e+02
4.062696854000840290e+02
4.035871385525854862e+02
4.008677246879003064e+02
3.981262518755617066e+02
3.953707210592075967e+02
3.927023601443402185e+02
3.901581319303068653e+02
3.877951964267690528e+02
3.856745453057587838e+02
3.838903555165762782e+02
3.825556627758340369e+02
3.817960871960806912e+02
3.817735009198256080e+02
3.825751203910657523e+02
3.842631371199637442e+02
3.867413937025688710e+02
3.897823434977089505e+02
3.930783342679940233e+02
3.963251225735374419e+02
3.992920995778773658e+02
4.019431621646555186e+02
4.042575635378481707e+02
4.062884801860093376e+02
4.080494836360750810e+02
4.095101388671729978e+02
4.106536876776591498e+02
4.114446468936195629e+02
4.117199939160394138e+02
4.115763939229501034e+02
4.111410789763231151e+02
4.104785658779196638e+02
4.096321300098260281e+02
4.086386900767723205e+02
4.075310969520936055e+02
4.063132573299575938e+02
4.049884471986551944e+02
4.035393249320852078e+02
4.019403953599930901e+02
4.001779473211194045e+02
3.982346062168909384e+02
3.961100972877264894e+02
3.938171393945025329e+02
3.913688835643338848e+02
3.888001962604786286e+02
3.861381819549201850e+02
3.834151634956806447e+02
3.806597762268127099e+02
3.778923026565884129e+02
3.751331184646580823e+02
3.723937212199313080e+02
3.696849032594893174e+02
3.670432270851479757e+02
3.643939868728273268e+02
3.617982005203903100e+02
3.592568287725241021e+02
3.567723698850465439e+02
3.543461037010172845e+02
3.519787826307489809e+02
3.496723847883380358e+02
3.474267908991702711e+02
3.452438277424108151e+02
3.431238121490729895e+02
3.410674235369074268e+02
3.390760229026833485e+02
3.371492438860624361e+02
3.352887883174591934e+02
3.334943790159662740e+02
3.317667994377387117e+02
3.301066732771476495e+02
3.285134788450404812e+02
3.269883283643928849e+02
3.255302482094164702e+02
3.241397212380227302e+02
3.228163678982452893e+02
3.215594488300550324e+02
3.204114510576127941e+02
3.193131384123070120e+02
3.182889960920319936e+02
3.173382822222117738e+02
3.164618075100473789e+02
3.156595275764155417e+02
3.149314013413582529e+02
3.142784143590692452e+02
3.136994863601175325e+02
3.131962230823014011e+02
3.127672291240237996e+02
3.124134202879531585e+02
3.121348650497456561e+02
3.119313299121342880e+02
3.118070833296625892e+02
3.117654184392325760e+02
3.118207640977664141e+02
3.119961687280852516e+02
3.123352689660219426e+02
3.129230153454454921e+02
3.138844817150484232e+02
3.154537088557312359e+02
3.179433605388421142e+02
3.218250021722074621e+02
3.276393887895289936e+02
3.358714783038205383e+02
3.466424103789486253e+02
3.593186849213478240e+02
3.725531097891583840e+02
3.848162078880141621e+02
3.949422437180513725e+02
4.024711281466737205e+02
4.075663781745103051e+02
4.105742861264155295e+02
4.119574203402659123e+02
4.121277421847339042e+02
4.114080136994149939e+02
4.100719058394029730e+02
4.083165144664648665e+02
4.062839952689928396e+02
4.040812986360881496e+02
4.017751077836418858e+02
3.994134543808544322e+02
3.970270883079539885e+02
3.946351805416232423e+02
3.922512502034173849e+02
3.898833303869915312e+02
3.875363580676964261e+02
3.852086288280160034e+02
3.829244780899372245e+02
3.806665604036011246e+02
3.784359168099550743e+02
3.762339800653407451e+02
3.740627110266000273e+02
3.719235193462211555e+02
3.698196206215484949e+02
3.677535124766791910e+02
3.657299329336211144e+02
3.637539286994096983e+02
3.618325014458782221e+02
3.599752582823891771e+02
3.581931208081609839e+02
3.565036030015516531e+02
3.549258698371695573e+02
3.534894277036652852e+02
3.522325346539446969e+02
3.512037307177010916e+02
3.504801322583296610e+02
3.501465735323349122e+02
3.503337507541650098e+02
3.511952160924176951e+02
3.528893931629716008e+02
3.555928021503845002e+02
3.593923391691019447e+02
3.642445412808848459e+02
3.699448146872806547e+02
3.761651899380626105e+02
3.825562972697235296e+02
3.887459402119133074e+02
3.943322511581956746e+02
3.989934070385709219e+02
4.025318427998151378e+02
4.048921262071331739e+02
4.062098740711876417e+02
4.066423447019609512e+02
4.063941778695501625e+02
4.056232304019363255e+02
4.044661704568606524e+02
4.030227126478095556e+02
4.013678402874269864e+02
3.995573460500550595e+02
3.976294746378140985e+02
3.956157283159573126e+02
3.935352435449145219e+02
3.914054498940233771e+02
3.892368786052650762e+02
3.871528961775910034e+02
3.849841059717786607e+02
3.828081310717571455e+02
3.806296904043198879e+02
3.784532115466518576e+02
3.762821645474190291e+02
3.741200550711238861e+02
3.719704005966924001e+02
3.698354709002174445e+02
3.677188251329897639e+02
3.656222112269971376e+02
3.635483215827238155e+02
3.614993218291798485e+02
3.594762632786099061e+02
3.574816226719821657e+02
3.555155353088450738e+02
3.535798157270029378e+02
3.516748635400039689e+02
3.498010045335394693e+02
3.479593610191145672e+02
3.461491717186905248e+02
3.443715427429893907e+02
3.426257582599855596e+02
3.409121104206400332e+02
3.393430209715594970e+02
3.378196678551240097e+02
3.363283269852957460e+02
3.348675378027095348e+02
3.334376872521278301e+02
3.320379705133276502e+02
3.306680558969177923e+02
3.293281867287819864e+02
3.280173899990393807e+02
3.267362486416047886e+02
3.254838957902389325e+02
3.242604320162333806e+02
3.230656997053696387e+02
3.218990172247299029e+02
3.207606918869580568e+02
3.196497386806221925e+02
3.185662563275971593e+02
3.175095363342396126e+02
3.164790883420738510e+02
3.154746465521513983e+02
3.144953021303646779e+02
3.135408328663779116e+02
3.126103804085972229e+02
3.117034819945185404e+02
3.108554710923471021e+02
3.100339956525436946e+02
3.092316235307726515e+02
3.084476553483239627e+02
3.076816556189010612e+02
3.069330765185243877e+02
3.062015149874896451e+02
3.054866248623646356e+02
3.047880347183644858e+02
3.041055256469564370e+02
3.034388392541976032e+02
3.027879032040039533e+02
3.021525471178089788e+02
3.015327825955795333e+02
3.009286343485954376e+02
3.003401685750141610e+02
2.997676092710468083e+02
2.992110711020233680e+02
2.986708987865454219e+02
2.981474103956632575e+02
2.976409918068964089e+02
2.971521656985189566e+02
2.966814516597755755e+02
2.962294650240773990e+02
2.958291805090197499e+02
2.954531595405656503e+02
2.950945459210111039e+02
2.947543051160364485e+02
2.944335174502832047e+02
2.941335995431052197e+02
2.938557789741918214e+02
2.936020565983016013e+02
2.933742866344712183e+02
2.931750998472995775e+02
2.930078859505409810e+02
2.928762577911744529e+02
2.927862931518719734e+02
2.927441333928799168e+02
2.927598310244441677e+02
2.928458076503382017e+02
2.930178310666159405e+02
2.933006041614014521e+02
2.937197946017242884e+02
2.943177031082686881e+02
2.951387800816874574e+02
2.962400677857413029e+02
2.976916545932914460e+02
2.995457003916235408e+02
3.018687022159065236e+02
3.046275100455962956e+02
3.078296718554191216e+02
3.113844529018688263e+02
3.151644739853888382e+02
3.190111169657055257e+02
3.227859993098061295e+02
3.263744885192252241e+02
3.297005110200897775e+02
3.327340202545238981e+02
3.354421964180069722e+02
3.378422410525238888e+02
3.399225396894951245e+02
3.417115385370844933e+02
3.432120461164493577e+02
3.444456710281193068e+02
3.454242125319418051e+02
3.461582780764325094e+02
3.466625630394583482e+02
3.469453973143227472e+02
3.470264258059240206e+02
3.469154620296851022e+02
3.466353198293314790e+02
3.461990585619494141e+02
3.456263851781685048e+02
3.448749777882021021e+02
3.440287606820768360e+02
3.431077191749556619e+02
3.421222645454097915e+02
3.410882480967541142e+02
3.400155464063619206e+02
3.389137697015421509e+02
3.377925197959467596e+02
3.366571414969963598e+02
3.355154651920094580e+02
3.343713489084940420e+02
3.332297751417440850e+02
3.320941284686699646e+02
3.309671829093063593e+02
3.298519853501990156e+02
3.287501052293300745e+02
3.276639069281260959e+02
3.265943024527292096e+02
3.255429905549532350e+02
3.245107176956309445e+02
3.234983959938854809e+02
3.225068725728416439e+02
3.215363277621257794e+02
3.205870754320743572e+02
3.197104304182362284e+02
3.188569667137958845e+02
3.180265171304843648e+02
3.172192099049295848e+02
3.164353398684688727e+02
3.156746402640303586e+02
3.149377447885749461e+02
3.142244332006809486e+02
3.135353050218906219e+02
3.128705711566444734e+02
3.122305686865026928e+02
3.116160534589908480e+02
3.110272534479376532e+02
3.104652420798026924e+02
3.099304160357687010e+02
3.094238348860078531e+02
3.089462838136269056e+02
3.084985816679674713e+02
3.080818390573005559e+02
3.076965093730203193e+02
3.073436968626761541e+02
3.070236505758163048e+02
3.067367554385471067e+02
3.064632732515557905e+02
3.063150192994793883e+02
3.061977089963621097e+02
3.061092521466663925e+02
3.060477406076706757e+02
3.060111175081660804e+02
3.059960130372816707e+02
3.060006928362458893e+02
3.060215202147995228e+02
3.060561299218375666e+02
3.061021517816665778e+02
3.061561661011224373e+02
3.062172076739810791e+02
3.062820675277848181e+02
3.063496277145872000e+02
3.064182727553517225e+02
3.064861795405857947e+02
3.065538171418352249e+02
3.066212802889927502e+02
3.066950390961807216e+02
3.067942553082340851e+02
3.069808419125736805e+02
3.074240095496126628e+02
3.086478434772068340e+02
3.118160340791608860e+02
3.194070624312037125e+02
3.342204079978041023e+02
3.565349744748332910e+02
3.828544909294380432e+02
4.096090124736008988e+02
4.352213457068486946e+02
4.582206056551926281e+02
4.770318700085842352e+02
4.939862115620485952e+02
5.128415622893966201e+02
5.323123027713385227e+02
5.491951977790823776e+02
5.608486566747423012e+02
5.670280556050322502e+02
5.695710629791399242e+02
5.700949644956411930e+02
5.694409148532135987e+02
5.681736094177208543e+02
5.665327360689981333e+02
5.645879983041724017e+02
5.623507184756934976e+02
5.598434550329195645e+02
5.570727082479688761e+02
5.540323234315872014e+02
5.508667665242983276e+02
5.475314215111012572e+02
5.440837469635082471e+02
5.406052850328533168e+02
5.372106735411974796e+02
5.340735646830845553e+02
5.314658991278254234e+02
5.297306450649457474e+02
5.293914389845818960e+02
5.309608090805058964e+02
5.348679685023262209e+02
5.411205596614900060e+02
5.489797154557404610e+02
5.571806750324935820e+02
5.644863436185662522e+02
5.701408381637182856e+02
5.741049605726054779e+02
5.766435866730727184e+02
5.779468603676223211e+02
5.780941452873385060e+02
5.770528418407169511e+02
5.748850713138499486e+02
5.718152708805704378e+02
5.681070819353964225e+02
5.640194950742519495e+02
5.597320555828591750e+02
5.553473314673733512e+02
5.509367818540916915e+02
5.465395961072077853e+02
5.421788247358622357e+02
5.378685841265922818e+02
5.336146409805002122e+02
5.294211264658819118e+02
5.252886818725467037e+02
5.212185020574422651e+02
5.172103038006247289e+02
5.132655388592697818e+02
5.093857048826087635e+02
5.055729557210160579e+02
5.018317541417851544e+02
4.981644022405041028e+02
4.945769307375928747e+02
4.910722899862118425e+02
4.876547826273981627e+02
4.843291106386131446e+02
4.810978682279661029e+02
4.779642812266524743e+02
4.749402550785218295e+02
4.720663806377162359e+02
4.693075236353037667e+02
4.666567601683324824e+02
4.641056714387306101e+02
4.616452650780346403e+02
4.592570963273708458e+02
4.569297593243784945e+02
4.546431938532147115e+02
4.523794730179773751e+02
4.501242540629908717e+02
4.478572964152103282e+02
4.455680648609383070e+02
4.432437465119194826e+02
4.408737797701172667e+02
4.384552050122665605e+02
4.359803858640601675e+02
4.334497641640426195e+02
4.308621693734700671e+02
4.282174815204133438e+02
4.255194765709970852e+02
4.227696505528742250e+02
4.199721208870099645e+02
4.171317078022298688e+02
4.142270589167880530e+02
4.113580869111714833e+02
4.084640355946362433e+02
4.055500207007165727e+02
4.026234300653896412e+02
3.996892470288966024e+02
3.967542346183473683e+02
3.938245420100855085e+02
3.909048714906236341e+02
3.880018910290594363e+02
3.851194090221200099e+02
3.822627078292109672e+02
3.794361682959720952e+02
3.766427640227985307e+02
3.738872392775589901e+02
3.711714369562975548e+02
3.684990327892450637e+02
3.658723226263853689e+02
3.632930839245610741e+02
3.607643570069253656e+02
3.582867978268474189e+02
3.558631567434275667e+02
3.534945115538937443e+02
3.511823213872148131e+02
3.489226006433125917e+02
3.467632848027216141e+02
3.446635545672154421e+02
3.426237894182522723e+02
3.406460253064940957e+02
3.387318316249160262e+02
3.368820154025824536e+02
3.350993658127771369e+02
3.333841045353756272e+02
3.317391188660766943e+02
3.301653626155144821e+02
3.286644278422589878e+02
3.272387141270801862e+02
3.258883429925077166e+02
3.246164236021764395e+02
3.234227782731524599e+02
3.223092623329898174e+02
3.212767414699708866e+02
3.203247174370098946e+02
3.194548602547444034e+02
3.186650985247111976e+02
3.179559813058190798e+02
3.173256136858844343e+02
3.167717634777585545e+02
3.162916437652021386e+02
3.158988425181012758e+02
3.155732197239915990e+02
3.153100261019988011e+02
3.151055531735007094e+02
3.149559102653203695e+02
3.148558845019800287e+02
3.148021232940545246e+02
3.147893781863629670e+02
3.148142426949441415e+02
3.148725467974621779e+02
3.149607480307050764e+02
3.150760521695539751e+02
3.152151280284805921e+02
3.153765291384287366e+02
3.155574214562228121e+02
3.157572393752330413e+02
3.159741297439447862e+02
3.162075571343843876e+02
3.164569937124456942e+02
3.167214279109430208e+02
3.170015257600634868e+02
3.172958227979340222e+02
3.176051526084698367e+02
3.179288437262216576e+02
3.182909543957152891e+02
3.186650368782803184e+02
3.190492057612169106e+02
3.194423183428428956e+02
3.198415232065031546e+02
3.202456406171074264e+02
3.206510837017780204e+02
3.210562959058954107e+02
3.214576861529960752e+02
3.218525781536395129e+02
3.222377442345036798e+02
3.226092353086794446e+02
3.229643399443313569e+02
3.232985301685245076e+02
3.236092576467872846e+02
3.238924657100079685e+02
3.241456004441952246e+02
3.243658129176718035e+02
3.245506898126755004e+02
3.246988152797449061e+02
3.248084423343049139e+02
3.248792864770174447e+02
3.249106643112157826e+02
3.248868580907665660e+02
3.248394012404884279e+02
3.247520582049693871e+02
3.246261733394661633e+02
3.244626505092631987e+02
3.242631234448735995e+02
3.240287493874913025e+02
3.237606991932945562e+02
3.234604735715507786e+02
3.231289793464781042e+02
3.227675281389591646e+02
3.223773544335907673e+02
3.219592942415674770e+02
3.215150113222364325e+02
3.210452608562730461e+02
3.205515787066754569e+02
3.200354008497829454e+02
3.194977165154410841e+02
3.189407171192509622e+02
3.183652733472172827e+02
3.177736019532699743e+02
3.171672893021432742e+02
3.165478977594346475e+02
3.159177862265245267e+02
3.152805568896343402e+02
3.146514860999706116e+02
3.140169893649623418e+02
3.133790070155197895e+02
3.127397016943032781e+02
3.121004252658660789e+02
3.114632924610640998e+02
3.108295774840906915e+02
3.102008293925813405e+02
3.095785339127999123e+02
3.089635856780910785e+02
3.083573078205084812e+02
3.077604098188643320e+02
3.071736971240912908e+02
3.065979133396307361e+02
3.060333578938430605e+02
3.054805869809609931e+02
3.049397236748345108e+02
3.044109536776740583e+02
3.038943684198434880e+02
3.033899126426450721e+02
3.028975615761400491e+02
3.024172838276371635e+02
3.019488954044444426e+02
3.014831221928594687e+02
3.010372400535989641e+02
3.006021723197065398e+02
3.001781908754632582e+02
2.997653986185238750e+02
2.993643520563112475e+02
2.989753991154710207e+02
2.985991893967157580e+02
2.982365621529254440e+02
2.978882263520724791e+02
2.975554768003288473e+02
2.972391000167517063e+02
2.969406431598229688e+02
2.966611097112852917e+02
2.964020032771397268e+02
2.961646957980112802e+02
2.959503305825667212e+02
2.957605974856503508e+02
2.955962601938741727e+02
2.954589911590713314e+02
2.953494133965513697e+02
2.952688997847653241e+02
2.952183272190999332e+02
2.951987254591404621e+02
2.952047387713373610e+02
2.952423293338511598e+02
2.953153271110491005e+02
2.954254438488133019e+02
2.955770917210445532e+02
2.957736206285997014e+02
2.960214418875641513e+02
2.963269059245758967e+02
2.966970055307758116e+02
2.971416463244932515e+02
2.976661274773564969e+02
2.982799376941789546e+02
2.989847742588888195e+02
2.997815393577300256e+02
3.006657843551276414e+02
3.016249927710773591e+02
3.026436192657594120e+02
3.036990279358923317e+02
3.047653882316855061e+02
3.058164168085277765e+02
3.068265378645732540e+02
3.077699606309323030e+02
3.086309293286455500e+02
3.093904722632458402e+02
3.100196122809260828e+02
3.105545920783386009e+02
3.109720094687750702e+02
3.112778038627185992e+02
3.114735940363690361e+02
3.115689265875568594e+02
3.115718816416899131e+02
3.114907666919281155e+02
3.113373537765411356e+02
3.111198558735835604e+02
3.108488831576955818e+02
3.105335756561673861e+02
3.101818534762851982e+02
3.098023813379599574e+02
3.094017478424703995e+02
3.089863680857475288e+02
3.085622361666129905e+02
3.081338454862439562e+02
3.077057299426043642e+02
3.072820375346160517e+02
3.068656833692350574e+02
3.064607021440891685e+02
3.060694891354582978e+02
3.056950987013990471e+02
3.053237516405096130e+02
3.050036563829042962e+02
3.047100681371919677e+02
3.044443618838681118e+02
3.042098796140904255e+02
3.040094946133943381e+02
3.038446749878785340e+02
3.037194202358282951e+02
3.036339162762164392e+02
3.035908729814763092e+02
3.035907765644334404e+02
3.036334453298119342e+02
3.037196358494564379e+02
3.038471363310595734e+02
3.040149053597116904e+02
3.042205613023225510e+02
3.044610565539611571e+02
3.047330598698830499e+02
3.050323001068072131e+02
3.053531907287870126e+02
3.056905862184970033e+02
3.060379154023812589e+02
3.063875606530704658e+02
3.067333165567967512e+02
3.070617168692713790e+02
3.073714949464755364e+02
3.076556840976785452e+02
3.079085137865306478e+02
3.081260375924092614e+02
3.083026466018558835e+02
3.084367106785538795e+02
3.085253065730538538e+02
3.085678442675573478e+02
3.085643406551631642e+02
3.085155124235522521e+02
3.084233684166787839e+02
3.082901755460562754e+02
3.081191371096918488e+02
3.079130403634814570e+02
3.076760535632336087e+02
3.074110499665555949e+02
3.071223689138261079e+02
3.068130895774346527e+02
3.064866485369697671e+02
3.061464172755299842e+02
3.057945987987745298e+02
3.054344913896169373e+02
3.050677042320615442e+02
3.046936251061546272e+02
3.043329589786515044e+02
3.039698539121794170e+02
3.036055746557266843e+02
3.032403954981657535e+02
3.028752052146066376e+02
3.025103874190361921e+02
3.021465336356398552e+02
3.017842567714499182e+02
3.014242284467100603e+02
3.010672523433051424e+02
3.007143836738763412e+02
3.003668434817829507e+02
3.000261306088470974e+02
2.996943401387023869e+02
2.993735181717914884e+02
2.990667856635997168e+02
2.987773267729214126e+02
2.985093544244573991e+02
2.982683330558578518e+02
2.980600326329164318e+02
2.978932725313532615e+02
2.977775643015599485e+02
2.977267251784322184e+02
2.977482617710890622e+02
2.978714496654090453e+02
2.981293888102704273e+02
2.985598470351174001e+02
2.992153276692524173e+02
3.001613582963399267e+02
3.014747230470640602e+02
3.032510984440139055e+02
3.055836542892449188e+02
3.085603442111547565e+02
3.122441841766030279e+02
3.166169371129713568e+02
3.216076009659453234e+02
3.270171884180081747e+02
3.326038010915447103e+02
3.380653697760629939e+02
3.431335900016580922e+02
3.475806166004071542e+02
3.512798603312691625e+02
3.541639313777886855e+02
3.562628041324367132e+02
3.576382531158567417e+02
3.583863208624266008e+02
3.586175731684598986e+02
3.584544694514534058e+02
3.579331813992775437e+02
3.571541416608046688e+02
3.561848952853511037e+02
3.550714843975160306e+02
3.538524013893822371e+02
3.525581126503424798e+02
3.512094500201473579e+02
3.498258281787784085e+02
3.484188834446231908e+02
3.470000981823557140e+02
3.455767114453233262e+02
3.441551598622605184e+02
3.427405442005463101e+02
3.413364396599055226e+02
3.399466948196285330e+02
3.385737725588701323e+02
3.372204812496779027e+02
3.358889623208766011e+02
3.345815092617645519e+02
3.333001328990590082e+02
3.320471008798112393e+02
3.308243180791333771e+02
3.296339709181903004e+02
3.284940371861945323e+02
3.274167790278543180e+02
3.263807432806754605e+02
3.253862259486314770e+02
3.244343098510339019e+02
3.235252837193731921e+02
3.226591362022982707e+02
3.218365699557851372e+02
3.210565681351538956e+02
3.203194521931828262e+02
3.196242625195807250e+02
3.189697969547789853e+02
3.183557231347280663e+02
3.177795771489126082e+02
3.172407215089105534e+02
3.167367805384904500e+02
3.162653869691479258e+02
3.158251626385513191e+02
3.154125206218722610e+02
3.150260228254775825e+02
3.146623535514973469e+02
3.143187744529017777e+02
3.139932690420506560e+02
3.136821748690084632e+02
3.133902828731128807e+02
3.131261875644159431e+02
3.128682618502547257e+02
3.126147061218807153e+02
3.123629405866165598e+02
3.121118718036461246e+02
3.118596674915588096e+02
3.116051056509319892e+02
3.113474879701186637e+02
3.110858204088454499e+02
3.108199309894040425e+02
3.105494685034840927e+02
3.102743274751215949e+02
3.099948126807079802e+02
3.097111379166238407e+02
3.094237077483359144e+02
3.091331904841745200e+02
3.088399860273245281e+02
3.085448791049122974e+02
3.082484987585514773e+02
3.079513994750576558e+02
3.076545413698748348e+02
3.073582376987267821e+02
3.070634018389264952e+02
3.067720837295531737e+02
3.064886727660395991e+02
3.062079681907512736e+02
3.059300383315522822e+02
3.056556079897682707e+02
3.053848319339246018e+02
3.051180516526913493e+02
3.048557126226123160e+02
3.045977847551628770e+02
3.043447905493257508e+02
3.040966599952702154e+02
3.038536959983601378e+02
3.036160383028376941e+02
3.033836473480457130e+02
3.031568172898598164e+02
3.029353605870094270e+02
3.027194752040484218e+02
3.025090853584021033e+02
3.023041284106389526e+02
3.021046938478941115e+02
3.019105202562824957e+02
3.017216869383102562e+02
3.015379624373513252e+02
3.013592519704949382e+02
3.011836906407139054e+02
3.010177818739975351e+02
3.008570180535490408e+02
3.007012579608118017e+02
3.005506218213442935e+02
3.004050835593711213e+02
3.002646669216956070e+02
3.001294878158499841e+02
2.999994792914412187e+02
2.998748123056886357e+02
2.997554064811416765e+02
2.996413962903257016e+02
2.995327182052351418e+02
2.994294384925427153e+02
2.993315680445091971e+02
2.992389936507150878e+02
2.991517834015343738e+02
2.990696555131046352e+02
2.989926743819636954e+02
2.989204861947802669e+02
2.988529525521104233e+02
2.987898092876520764e+02
2.987306006791916957e+02
2.986751074506570944e+02
2.986190383390928673e+02
2.985762041770730661e+02
2.985360618200547833e+02
2.984979865449233785e+02
2.984612503939728185e+02
2.984249912434642624e+02
2.983884722068395376e+02
2.983507812223411975e+02
2.983112824605897231e+02
2.982691694164809633e+02
2.982239488990861105e+02
2.981749703067055179e+02
2.981220080358892233e+02
2.980648725149447955e+02
2.980034745637093465e+02
2.979382911087768662e+02
2.978694278152123616e+02
2.977979955438024717e+02
2.977245349658401210e+02
2.976504643633496698e+02
2.975772392467238205e+02
2.975062297231133357e+02
2.974399330813707820e+02
2.973797339701826559e+02
2.973347643049885960e+02
2.973201084879813720e+02
2.973237078823147499e+02
2.973492494655542373e+02
2.973994514211734099e+02
2.974787913964880204e+02
2.975890986188617262e+02
2.977341132412589673e+02
2.979155455613617391e+02
2.981350181068320921e+02
2.983939723970408409e+02
2.986914414469696908e+02
2.990277353804477229e+02
2.993998240420274897e+02
2.998059196254720860e+02
3.002417958432617979e+02
3.007039233998083319e+02
3.011872350806787040e+02
3.016868351218690805e+02
3.021982866330346837e+02
3.027156946593229350e+02
3.032358564738397604e+02
3.037522238328718345e+02
3.042623981220351084e+02
3.047860445095502655e+02
3.053365234701675490e+02
3.058733833423015653e+02
3.063888146960737799e+02
3.068773716894137351e+02
3.073309160635301964e+02
3.077455169269690032e+02
3.081156217967955513e+02
3.084391845625436872e+02
3.087149333647566323e+02
3.089450665309009878e+02
3.091359684284361720e+02
3.092988541241424514e+02
3.094551295196575325e+02
3.096423593904412996e+02
3.099243981987501684e+02
3.104095827375484760e+02
3.112927782076596941e+02
3.128626542991158885e+02
3.156302397119260945e+02
3.201839162546037869e+02
3.271818919376981967e+02
3.368719859754184540e+02
3.486769565853084032e+02
3.612678477243716202e+02
3.731372249913747510e+02
3.834498030340673722e+02
3.919697907993709691e+02
3.989933728121088734e+02
4.049226765191995128e+02
4.102541210210740701e+02
4.151555269765068488e+02
4.197090359799738621e+02
4.238540595670911557e+02
4.275527574034288705e+02
4.307106398848108029e+02
4.332306771659913238e+02
4.350480485103882984e+02
4.361490329816005556e+02
4.366119938026333784e+02
4.365058434327419832e+02
4.359713218275358031e+02
4.350971487211082831e+02
4.339814779798572317e+02
4.326907834605008247e+02
4.312704780358309335e+02
4.297627574027871447e+02
4.281890787394695508e+02
4.264877517043682928e+02
4.247915167853360572e+02
4.230792098780817696e+02
4.213613577225941640e+02
4.196428115478253176e+02
4.179315667045219129e+02
4.162293036099986807e+02
4.145408685886414446e+02
4.128672131253259181e+02
4.112094826104437288e+02
4.095694222490205902e+02
4.079451075260474227e+02
4.063382685140520039e+02
4.047457456472810122e+02
4.031671791725850653e+02
4.015998302952211247e+02
4.000399325464370008e+02
3.984852130374509329e+02
3.969302561339558792e+02
3.953712357006097022e+02
3.938030780574773075e+02
3.922203670838927678e+02
3.906188499319463290e+02
3.889937808644389179e+02
3.872729880676441780e+02
3.855400161308609199e+02
3.837686492190096601e+02
3.819587748970536722e+02
3.801110135672287811e+02
3.782254739779799024e+02
3.763054085885508471e+02
3.743521490534349709e+02
3.723693538877702167e+02
3.703609762016701552e+02
3.683297089000376445e+02
3.662810125248136046e+02
3.642180580711577136e+02
3.621457531097024116e+02
3.600691304181481200e+02
3.579919750303918704e+02
3.559208448260215505e+02
3.538608591094216536e+02
3.518206118617929974e+02
3.498113610597894763e+02
3.478501723828886725e+02
3.459669747080819207e+02
3.442057895633435578e+02
3.426449876812150706e+02
3.413709772671822407e+02
3.405590885202973936e+02
3.402511012949395877e+02
3.404158199127541593e+02
3.409434084770995810e+02
3.417979912848255708e+02
3.431620091527451564e+02
3.456914782214068396e+02
3.505796450159753022e+02
3.604049068257197632e+02
3.792993584332856472e+02
4.125438287781927897e+02
4.623321752147356278e+02
5.174426173681411001e+02
5.595284657852283772e+02
5.848345000824616591e+02
5.981296287956167816e+02
6.043188627413687755e+02
6.063602119391562155e+02
6.059636208403835553e+02
6.042099830926479171e+02
6.018011651804907842e+02
5.991111439322727392e+02
5.962919975957651104e+02
5.930951912285306662e+02
5.899914615481585543e+02
5.871494104295447869e+02
5.845714608126837675e+02
5.822409333966791110e+02
5.801206984321111122e+02
5.781613545238409415e+02
5.763106561580801781e+02
5.745141179876640081e+02
5.727154283600035569e+02
5.708742716056262907e+02
5.689413457436083945e+02
5.668897167489676576e+02
5.646881638340275913e+02
5.623198060990736167e+02
5.597785383318686172e+02
5.570605835340151089e+02
5.541820224367522769e+02
5.511541444821081086e+02
5.480012430932829375e+02
5.447444477533845202e+02
5.414044803857896113e+02
5.380037376928986532e+02
5.345558765490306996e+02
5.310420123118955189e+02
5.276100231870611879e+02
5.241859290679793730e+02
5.207774567320815322e+02
5.173916909005496336e+02
5.140354664038530927e+02
5.107125380897073796e+02
5.074292918517177782e+02
5.041880446159026974e+02
5.009951819492820846e+02
4.978527969295138291e+02
4.947655307879667248e+02
4.917361297481613178e+02
4.887656326807052096e+02
4.858573495295632938e+02
4.830081339539005967e+02
4.802198584631892118e+02
4.774880254903600303e+02
4.748116405787108079e+02
4.721885846991038989e+02
4.696158053059028248e+02
4.670956020041945180e+02
4.646262400877117784e+02
4.622134795928984659e+02
4.598302546595981539e+02
4.575387532229926251e+02
4.553216417664313553e+02
4.531871154540387465e+02
4.511479667830553240e+02
4.492129299811458054e+02
4.473899665282355613e+02
4.456861878500316152e+02
4.441013558266263885e+02
4.426360251571134654e+02
4.412815796246630384e+02
4.400279591797171292e+02
4.388594308782653570e+02
4.377567199492333998e+02
4.366980619038644136e+02
4.356595564875823925e+02
4.346166974495039312e+02
4.335443245738458131e+02
4.324206110842971498e+02
4.312221070578774516e+02
4.299326035349747031e+02
4.285344215196917048e+02
4.270174081367317740e+02
4.253738779719450349e+02
4.235684877332572000e+02
4.216777536496247194e+02
4.196679123486256344e+02
4.175459535916752998e+02
4.153172657908604606e+02
4.130162071781761028e+02
4.123975417133796668e+02
4.099718276091406324e+02
4.074739263754547665e+02
4.049137315012844169e+02
4.023027998052203884e+02
3.996507224635990383e+02
3.969675635060934269e+02
3.942621638391504462e+02
3.915427947999528442e+02
3.888170428594758619e+02
3.860914828112056512e+02
3.833725830909129968e+02
3.806654618284088087e+02
3.779756173118312290e+02
3.753070578159867523e+02
3.726642234153091522e+02
3.700507981465382272e+02
3.674700793163755748e+02
3.649141974590659743e+02
3.624305245986580530e+02
3.599869053083273798e+02
3.575861259464520572e+02
3.552320676899602176e+02
3.529285184958105788e+02
3.506790009891171280e+02
3.484888900137503356e+02
3.463622831240897995e+02
3.443061575043547009e+02
3.423271273926574167e+02
3.404337636663758531e+02
3.386374130395807924e+02
3.369496411671494229e+02
3.353883898774653858e+02
3.339723494051599459e+02
3.327278371417458516e+02
3.316869956785285467e+02
3.308875796706943220e+02
3.303807787249171497e+02
3.302204236485204092e+02
3.304762848738672005e+02
3.312172723319816896e+02
3.325120289943355942e+02
3.343901781603363474e+02
3.369068634657027701e+02
3.400179285853650413e+02
3.436367832468454253e+02
3.476365777421198118e+02
3.518628461317437086e+02
3.561390795783994463e+02
3.603216077472836218e+02
3.642719035662057649e+02
3.678932389545248611e+02
3.711131801301424957e+02
3.738944054890238249e+02
3.762174712361274942e+02
3.780963101961825146e+02
3.795450029162049645e+02
3.806011774972391208e+02
3.812998662865394977e+02
3.816787192301464415e+02
3.817810745813408744e+02
3.816367831302855507e+02
3.812852427951423238e+02
3.807519920431868741e+02
3.800656315104979512e+02
3.792502628159805909e+02
3.782975385248152520e+02
3.773069972194350612e+02
3.762416974616984930e+02
3.751165341957510577e+02
3.739422582432728746e+02
3.727280262364265582e+02
3.714831574551586755e+02
3.702134799161548244e+02
3.689260632280523851e+02
3.676256259922365075e+02
3.663165843112975608e+02
3.650028966414571983e+02
3.636874130157735863e+02
3.623730779891682232e+02
3.610621056127191082e+02
3.597563934261258396e+02
3.584576864635649258e+02
3.571673109714271277e+02
3.558864271942871369e+02
3.546161700280415516e+02
3.533572250611591130e+02
3.521104923778236753e+02
3.508765380689962399e+02
3.496558545448573909e+02
3.484253140886778510e+02
3.472454599725072626e+02
3.460780659961585002e+02
3.449232934955090286e+02
3.437815774852966229e+02
3.426532644328804622e+02
3.415384502621140541e+02
3.404376647137469263e+02
3.393508548952364663e+02
3.382784989909533806e+02
3.372206991939547152e+02
3.361776190744159862e+02
3.351496750478101490e+02
3.341367504079543096e+02
3.331394082280265252e+02
3.321575747249456754e+02
3.311915885945375635e+02
3.302417285107575822e+02
3.293079743519850240e+02
3.283909126062888504e+02
3.274904125751353945e+02
3.266070066310782067e+02
3.257408634734260886e+02
3.248921742324594106e+02
3.240357136397129807e+02
3.232228598367010477e+02
3.224270243936153406e+02
3.216483346429512835e+02
3.208874081853316511e+02
3.201447953819441068e+02
3.194207568420135885e+02
3.187162405507682479e+02
3.180313759224954424e+02
3.173671314406807937e+02
3.167239251690123183e+02
3.161023278411027491e+02
3.155032283684652157e+02
3.149267554573899588e+02
3.143739702618886440e+02
3.138449209933853012e+02
3.133402287617033721e+02
3.128601797283112091e+02
3.124045908551438515e+02
3.119738209452140723e+02
3.115670481780708201e+02
3.111841015872607272e+02
3.108239032012027678e+02
3.104852615369163686e+02
3.101475772373190694e+02
3.098354286510793827e+02
3.095384379394036500e+02
3.092540197138686722e+02
3.089798003499158767e+02
3.087129649094963497e+02
3.084507339369013152e+02
3.081902239294458923e+02
3.079286879164474726e+02
3.076634797380937130e+02
3.073921478109905365e+02
3.071127254362942836e+02
3.068232687359347892e+02
3.065227594128962210e+02
3.062101052350174655e+02
3.058851465753047592e+02
3.055479781909679673e+02
3.051991410519127044e+02
3.048398890096109426e+02
3.044714857242614130e+02
3.040959954546179347e+02
3.037154243707416299e+02
3.033323567595930967e+02
3.029493604606819872e+02
3.025584946110612350e+02
3.021780036881710316e+02
3.018071034001608837e+02
3.014492621933652572e+02
3.011079527852051001e+02
3.007877391671621581e+02
3.004921868509329670e+02
3.002271469702630498e+02
2.999973448378557350e+02
2.998093396969494506e+02
2.996707934379788298e+02
2.995883778308626688e+02
2.995734038895058688e+02
2.996331888120461144e+02
2.997805574731729621e+02
3.000251276548224837e+02
3.003774374065470738e+02
3.008493737328980728e+02
3.014457238550099305e+02
3.021767036573157839e+02
3.030397977490124504e+02
3.040370327351258766e+02
3.051575382344120158e+02
3.063897871993877402e+02
3.076934434078396521e+02
3.090304442391978910e+02
3.103922729882069689e+02
3.117414382835023048e+02
3.130486399771053243e+02
3.142750711078361405e+02
3.153980424243918037e+02
3.163872531148532516e+02
3.172301075457125989e+02
3.179118115739048562e+02
3.184285227919219778e+02
3.187816921132067591e+02
3.189739341655246676e+02
3.190191443761747223e+02
3.189244434267051247e+02
3.187089133644487902e+02
3.183831574479745541e+02
3.179647009056038200e+02
3.174669065802784189e+02
3.169018919290110148e+02
3.162833923536150564e+02
3.156186597129868119e+02
3.149188729234812172e+02
3.141888799137304886e+02
3.134330963983424567e+02
3.126654720916050110e+02
3.118974838512093015e+02
3.111325319559028912e+02
3.103723446221679865e+02
3.096195871292113111e+02
3.088751837773215243e+02
3.081417261932700740e+02
3.074198708505489890e+02
3.067123853048262276e+02
3.060203549280880679e+02
3.053459016388829923e+02
3.046912002687961945e+02
3.040571866178751179e+02
3.034467926894323568e+02
3.028602043331828781e+02
3.022998168187668284e+02
3.017662376167746743e+02
3.012602211812489941e+02
3.007830135080160403e+02
3.003340263115495645e+02
2.999143653014763231e+02
2.995231845805397484e+02
2.991605228725470624e+02
2.988449190103044657e+02
2.985471821201295484e+02
2.982750279625845451e+02
2.980270963957584058e+02
2.978029252985169819e+02
2.976014430518841891e+02
2.974215074396657883e+02
2.972621864029743506e+02
2.971220899721825504e+02
2.970001738118916705e+02
2.968950780254392043e+02
2.968053636748949771e+02
2.967298329134804362e+02
2.966669332523246680e+02
2.966153056618666710e+02
2.965737013364623067e+02
2.965406543369039696e+02
2.965152496937109845e+02
2.964962022202463459e+02
2.964827134854688211e+02
2.964741000317540625e+02
2.964697168163063452e+02
2.964694828842017387e+02
2.964731859675779901e+02
2.964955692789903310e+02
2.965175851048925324e+02
2.965435660042220434e+02
2.965743914272742927e+02
2.966111006581568859e+02
2.966549298316069780e+02
2.967074775674456077e+02
2.967706544612075277e+02
2.968465691166010743e+02
2.969380772378269739e+02
2.970478808056814728e+02
2.971796778622963302e+02
2.973372149806025391e+02
2.975244598757689687e+02
2.977466901666767285e+02
2.980077689784143331e+02
2.983135621762947949e+02
2.986682906551219503e+02
2.990765481323967379e+02
2.995434897331381308e+02
3.000712543260136727e+02
3.006641057793948448e+02
3.013226690509602577e+02
3.020477288304149397e+02
3.028397714152259255e+02
3.036834427915864580e+02
3.045874460116374394e+02
3.055461813171301060e+02
3.065539628914078776e+02
3.076042039767220899e+02
3.086885679320188274e+02
3.097980285627345438e+02
3.109237135978195283e+02
3.120545388366270458e+02
3.131811205193715750e+02
3.142923597036536307e+02
3.153773670457937897e+02
3.164271191303573687e+02
3.174304626375708835e+02
3.183803020037894385e+02
3.192681049215477742e+02
3.200878542386221852e+02
3.208355223268825966e+02
3.215064498298486910e+02
3.221002830634856196e+02
3.226154527053724337e+02
3.230532570281063727e+02
3.234155813029811952e+02
3.236978192963036349e+02
3.238965687635135282e+02
3.240354308586873344e+02
3.241194122564818940e+02
3.241524582038540530e+02
3.241393376400949933e+02
3.240845450721846532e+02
3.239923086667888583e+02
3.238673287300224501e+02
3.237133445133393366e+02
3.235347489526275808e+02
3.233350033295841399e+02
3.231179606810562177e+02
3.228868321896045472e+02
3.226447125995437091e+02
3.223945521951728779e+02
3.221388389855096648e+02
3.218801563102296086e+02
3.216204380965393170e+02
3.213618929615693105e+02
3.211060641937119158e+02
3.208547250803235329e+02
3.206091713526330977e+02
3.203706486950890167e+02
3.201318850449191586e+02
3.199181832875898976e+02
3.197139959774870590e+02
3.195197623788354235e+02
3.193364198464938113e+02
3.191643524366863289e+02
3.190040125411865120e+02
3.188559104007414362e+02
3.187200605548561043e+02
3.185970001409290830e+02
3.184865583174880044e+02
3.183890664894771021e+02
3.183044501171493152e+02
3.182327456631136897e+02
3.181740937203693420e+02
3.181283365060757546e+02
3.180957492094193526e+02
3.180761884560742487e+02
3.180699449135830719e+02
3.180771298261009292e+02
3.180980385727078215e+02
3.181331348203134439e+02
3.181828686730605114e+02
3.182480301739865922e+02
3.183180082446705228e+02
3.184249774487691411e+02
3.185508274325518414e+02
3.186972033691779984e+02
3.188664086827041615e+02
3.190608931074031602e+02
3.192836907568307652e+02
3.195386625668544411e+02
3.198297334129744627e+02
3.201628263121137934e+02
3.205434938460897456e+02
3.209800667632481463e+02
3.214811821090527246e+02
3.220574123016405110e+02
3.227224298950689558e+02
3.234887954199367641e+02
3.243757745556658278e+02
3.253984193845645336e+02
3.265771230219584709e+02
3.279302536595569109e+02
3.294712529807684973e+02
3.312170999113217817e+02
3.331693789994052395e+02
3.353293320178639760e+02
3.376471076618090592e+02
3.402631094931817870e+02
3.430199455188020465e+02
3.458772410518382117e+02
3.487908083334768321e+02
3.517242603685474478e+02
3.546270420556170961e+02
3.574619781673076204e+02
3.601915688657877013e+02
3.627722710884325465e+02
3.651819729228286064e+02
3.673859021432688792e+02
3.693615880173734922e+02
3.710950958582695876e+02
3.725640794544141841e+02
3.737674283284501371e+02
3.746967802960730296e+02
3.753523415258971454e+02
3.757448987317906131e+02
3.758801953124214492e+02
3.757779731937413317e+02
3.754549376833552969e+02
3.749303705529571857e+02
3.742281647553497237e+02
3.733553979574237474e+02
3.723275822683960428e+02
3.711842805063737956e+02
3.699420282097866561e+02
3.686166320686522226e+02
3.672199522142485080e+02
3.657648529889217457e+02
3.642604895253975315e+02
3.627157038974203260e+02
3.611381501275368464e+02
3.595334754162070681e+02
3.579076855345915078e+02
3.562649798550296509e+02
3.546093643936864623e+02
3.529447133087372777e+02
3.512735345768398929e+02
3.495992461866871395e+02
3.479241802791459577e+02
3.462506554009116257e+02
3.445814385752983640e+02
3.429180242159104637e+02
3.412631106876627314e+02
3.396182897416973105e+02
3.379854337569747145e+02
3.363961025161798943e+02
3.348398598748556196e+02
3.333044038419329809e+02
3.317900873776275716e+02
3.302980340696140615e+02
3.288291128741926741e+02
3.273836200403001158e+02
3.259628295429819218e+02
3.245667284999330491e+02
3.231963978174638896e+02
3.218521987815755665e+02
3.205345291619905197e+02
3.192443576072076894e+02
3.179816199101925349e+02
3.167475284342611985e+02
3.155422220910887177e+02
3.143665862749064672e+02
3.132215011040053696e+02
3.121073740106869536e+02
3.110258129726222478e+02
3.099772404442476841e+02
3.089634807716491309e+02
3.079857321364784184e+02
3.070455477044358190e+02
3.061792277963751303e+02
3.053753473771429299e+02
3.046146007577052615e+02
3.038991084476981541e+02
3.032326457563187319e+02
3.026188608959023441e+02
3.020613421195003525e+02
3.015655147936342928e+02
3.011350011138904961e+02
3.007762358374133669e+02
3.004936810930331035e+02
3.002930118131631616e+02
3.001799968120940321e+02
3.001582458059495480e+02
3.002335971990574421e+02
3.004072440449577925e+02
3.006819924782026874e+02
3.010569800293853291e+02
3.015286239798954853e+02
3.020933840683430276e+02
3.027412162450124811e+02
3.034634053057959591e+02
3.042459505832827062e+02
3.050737605718369423e+02
3.059324285954969014e+02
3.068444140075368978e+02
3.077483968963290977e+02
3.086276447763694364e+02
3.094656351506562828e+02
3.102492094754588265e+02
3.109665700231295205e+02
3.116076373576528340e+02
3.121668797934058261e+02
3.126376878708897493e+02
3.130187694236413449e+02
3.133090926433015397e+02
3.135088194602068938e+02
3.136219712918835967e+02
3.136502063045867317e+02
3.135997018458986645e+02
3.134750543771964999e+02
3.132818798628732111e+02
3.130273679758126377e+02
3.127165347616514737e+02
3.123570103496962815e+02
3.119544141260588503e+02
3.115150500558714839e+02
3.110454013463192950e+02
3.105536237187539541e+02
3.100530591576908819e+02
3.095379369642743086e+02
3.090132699578221036e+02
3.084839689281072879e+02
3.079541408957363728e+02
3.074284251927047080e+02
3.069110623135666742e+02
3.064062569913498351e+02
3.059191056114412390e+02
3.054548270363127358e+02
3.050205187698836653e+02
3.046261378470039176e+02
3.042863292249655842e+02
3.040240745309712338e+02
3.038801409225577572e+02
3.039128642147092023e+02
3.042291539314899183e+02
3.049771229747316852e+02
3.063789314452732810e+02
3.087321025615124768e+02
3.123359809172887367e+02
3.175836795666729699e+02
3.246783916185392513e+02
3.340555748825669866e+02
3.451049653791131959e+02
3.572161739613708278e+02
3.692112552738483373e+02
3.802104411864698932e+02
3.893727395288568118e+02
3.965479458282765677e+02
4.017675131048854382e+02
4.055735488567614198e+02
4.084140047077937083e+02
4.106617713255474769e+02
4.124937078225178197e+02
4.139205718130611444e+02
4.149189656049125006e+02
4.154369229553983587e+02
4.154962929766461457e+02
4.151110037972129021e+02
4.143562863303636732e+02
4.132779272569311502e+02
4.119302712862422027e+02
4.103571903389947693e+02
4.085877098943598185e+02
4.066596581669520560e+02
4.045939401252318817e+02
4.024537895247000279e+02
4.001472819884268688e+02
3.977795918778495547e+02
3.953673210976403993e+02
3.929212248731318482e+02
3.904545082030145409e+02
3.879756820404292625e+02
3.854938393562960641e+02
3.830164253881231389e+02
3.805494179593629838e+02
3.780990046176074770e+02
3.756695142094977200e+02
3.732657110645386638e+02
3.708909200251151788e+02
3.685487008968966620e+02
3.662417458167882955e+02
3.639725519677903094e+02
3.617434817548885917e+02
3.595560146228340273e+02
3.574122981572544973e+02
3.553132487955480769e+02
3.532604875474195296e+02
3.512552526876227716e+02
3.492983930170133249e+02
3.474131860115901418e+02
3.455798053321013299e+02
3.438013690338523247e+02
3.420792601741298427e+02
3.404160884735912305e+02
3.388162371742038204e+02
3.372838797118668026e+02
3.358271993499403152e+02
3.344542437129467203e+02
3.331777673229830725e+02
3.320126196892887833e+02
3.309775935299704201e+02
3.300964112511001645e+02
3.293949231383300003e+02
3.289056768547289380e+02
3.286588929420023533e+02
3.286893329034563180e+02
3.290235921064719946e+02
3.296807186651848838e+02
3.306723173365631396e+02
3.319860233078622400e+02
3.336060992256259397e+02
3.354915473908234276e+02
3.375872785980740218e+02
3.398076382874886008e+02
3.421840679496797293e+02
3.445393268563295237e+02
3.467903357884944171e+02
3.488614417170453521e+02
3.506983112097427124e+02
3.522608612561585346e+02
3.535231320947900713e+02
3.544860479926425683e+02
3.551507192403929594e+02
3.555384511940058587e+02
3.556733522189098835e+02
3.555786528980725052e+02
3.552875620073140794e+02
3.548224537900766222e+02
3.542121849719687248e+02
3.534791034230476043e+02
3.526431910012555591e+02
3.517245527053460137e+02
3.507371343871392355e+02
3.496962220852869905e+02
3.486126666065846962e+02
3.474968564455225533e+02
3.463572786584823007e+02
3.451693560966703558e+02
3.439999481313565184e+02
3.428212341954748013e+02
3.416376268250626822e+02
3.404525895790886239e+02
3.392692690931724542e+02
3.380897660448287638e+02
3.369164181689376960e+02
3.357504047103412290e+02
3.345932808267281189e+02
3.334458717885547117e+02
3.323088563568006180e+02
3.311832113470758259e+02
3.300690010324621539e+02
3.289673541201629519e+02
3.278783283445058032e+02
3.268029757279516616e+02
3.257422309028409586e+02
3.246971215229260110e+02
3.236701285178033345e+02
3.226635167880491508e+02
3.216822361226060139e+02
3.207332099996260126e+02
3.198273105949667183e+02
3.189707430934696504e+02
3.182372527034018503e+02
3.176432336461177783e+02
3.172700300916774268e+02
3.172401340127140088e+02
3.177582179617921838e+02
3.183130895716555528e+02
3.197151484790267659e+02
3.225740832311365693e+02
3.272708475492881348e+02
3.343676219547908204e+02
3.442689107256736634e+02
3.570009489528596873e+02
3.718098845190583575e+02
3.873617958910301127e+02
4.019337693117257686e+02
4.140485835606402816e+02
4.228653865072817553e+02
4.284798596696373920e+02
4.315289445787297495e+02
4.328305059357754772e+02
4.329551009773610417e+02
4.323252748231859641e+02
4.311673373823656448e+02
4.296005425301872833e+02
4.276877603996805419e+02
4.255960485899266246e+02
4.233665887543538702e+02
4.210208523904204299e+02
4.185788562978141272e+02
4.160507301390177304e+02
4.134486531627127874e+02
4.107819862067672716e+02
4.080614827195674366e+02
4.052975896834695391e+02
4.025003431427324472e+02
3.996809046892849437e+02
3.968478667706754663e+02
3.940115185416814825e+02
3.911788802899893653e+02
3.883580761032242208e+02
3.855554677160951655e+02
3.827764753951445869e+02
3.800274894001108805e+02
3.773120764062200010e+02
3.746358974611170538e+02
3.720025450130298736e+02
3.694162062699657554e+02
3.668579110962055552e+02
3.643778207948122940e+02
3.619593362538481074e+02
3.596069214064709740e+02
3.573285562432755569e+02
3.551342789823721091e+02
3.530343990191899479e+02
3.510494408173700549e+02
3.491983635976775986e+02
3.475153296773011107e+02
3.460439621352271047e+02
3.448362720593382846e+02
3.439795848264268443e+02
3.435470122580553607e+02
3.436473220802539004e+02
3.443530031463873797e+02
3.456874888261484102e+02
3.476160814577632436e+02
3.499759699885065061e+02
3.525807921463278376e+02
3.552632486367784850e+02
3.579511027427776071e+02
3.606756086928438663e+02
3.635178732877417929e+02
3.664341189890380974e+02
3.693786715490086863e+02
3.724513530240186583e+02
3.756437215023701697e+02
3.790085948947107113e+02
3.824878587481825321e+02
3.859849967186240178e+02
3.893228603793372713e+02
3.923508599560832408e+02
3.949709552921610793e+02
3.971441324519743716e+02
3.988817888901606921e+02
4.002007204837818222e+02
4.011541216818985731e+02
4.017653677933976724e+02
4.020908479146248737e+02
4.021528392317999874e+02
4.019935723445618123e+02
4.016367583842602471e+02
4.011076194958473593e+02
4.004321176758373895e+02
3.996260057401885319e+02
3.987153075281863721e+02
3.977126995839511210e+02
3.966824404184574178e+02
3.955838073194144044e+02
3.944558410382779243e+02
3.933063683515043749e+02
3.921392134037060941e+02
3.909617421048265555e+02
3.897764068044560304e+02
3.885885763099627752e+02
3.874009374779415680e+02
3.862162221279879759e+02
3.850372757323102064e+02
3.838649330890317515e+02
3.827016137721229825e+02
3.815474793399963573e+02
3.804037451867167761e+02
3.792706887304019006e+02
3.781481222260669028e+02
3.770365798769725529e+02
3.759352336113488491e+02
3.748442184509973458e+02
3.737628941295883465e+02
3.726905862573283343e+02
3.716271666677748158e+02
3.705716101981778934e+02
3.694995355279696128e+02
3.684469282935287424e+02
3.673994735071113382e+02
3.663572494643354958e+02
3.653197829851331448e+02
3.642874189241630347e+02
3.632602269893211542e+02
3.622382815598516004e+02
3.612222872591750615e+02
3.602122511352048377e+02
3.592090259706895949e+02
3.582130621481260846e+02
3.572247982270195621e+02
3.562450771951307047e+02
3.552741126095702953e+02
3.543127766643451082e+02
3.533615735641187143e+02
3.524208730093769191e+02
3.514913816641418407e+02
3.505731752558011181e+02
3.496668913292718344e+02
3.487727742604618015e+02
3.478910100306392792e+02
3.470219825114007222e+02
3.461273345720321117e+02
3.452883339481981011e+02
3.444596785066556777e+02
3.436411001236547236e+02
3.428327078656984099e+02
3.420340755480979169e+02
3.412450439835877773e+02
3.404655922577887850e+02
3.396951561809727878e+02
3.389338722907643273e+02
3.381811766738529741e+02
3.374367260650280969e+02
3.367005594144400220e+02
3.359718278307832975e+02
3.352508047712248072e+02
3.345367285985570334e+02
3.338291669502910963e+02
3.331282111098871042e+02
3.324327792930321266e+02
3.317433097121567016e+02
3.310587959658370210e+02
3.303789792392467461e+02
3.297038300790873677e+02
3.290323324206390794e+02
3.283511340259681788e+02
3.276868379667098452e+02
3.270237661516233061e+02
3.263618346996983064e+02
3.257002253072008671e+02
3.250393555072791969e+02
3.243783898066370739e+02
3.237172332859794892e+02
3.230557721640427076e+02
3.223933527708107931e+02
3.217302784327918062e+02
3.210659282898115521e+02
3.204001886835775395e+02
3.197329978779063140e+02
3.190638395876807749e+02
3.183929282990754928e+02
3.177199278579766428e+02
3.170446790945661064e+02
3.163673523132791843e+02
3.156876220509479367e+02
3.150057958695605294e+02
3.143220011130065927e+02
3.136362827663936628e+02
3.129493941406404360e+02
3.122573785392260106e+02
3.115529961376270762e+02
3.108492767891643211e+02
3.101472648792407654e+02
3.094491929383463003e+02
3.087563629499385911e+02
3.080713377641025659e+02
3.073966172576787699e+02
3.067345510707154403e+02
3.060890782331014748e+02
3.054628158872577615e+02
3.048603891926658207e+02
3.042857971769311121e+02
3.037434798388484865e+02
3.032393167059569805e+02
3.027776307431881264e+02
3.023653882818203442e+02
3.020076221194427717e+02
3.017107276989660818e+02
3.014809804886013467e+02
3.013227597365939232e+02
3.012424073828677820e+02
3.012419824952123690e+02
3.013251433133393675e+02
3.014844821256085083e+02
3.017254225308752211e+02
3.020478734218509089e+02
3.024470186385660213e+02
3.029178951796742467e+02
3.034538137555584285e+02
3.040469142222183905e+02
3.046891321388073948e+02
3.053712084067234969e+02
3.060826152688908337e+02
3.068138489391409394e+02
3.075524579845266544e+02
3.082884129105384545e+02
3.090100844893700582e+02
3.097065788333356977e+02
3.103696111101073711e+02
3.109884535346649272e+02
3.115580105797631063e+02
3.120708356467440012e+02
3.125231125983616494e+02
3.129125848718172733e+02
3.132362961274202462e+02
3.134959353915558040e+02
3.136911217051272160e+02
3.138131526462209990e+02
3.139015492762708277e+02
3.139344153270774314e+02
3.139158734875275059e+02
3.138485490788800689e+02
3.137366138449037862e+02
3.135840199608822445e+02
3.133944800849094463e+02
3.131722144527745968e+02
3.129208956910314896e+02
3.126441477790665431e+02
3.123456120473464921e+02
3.120283177145972786e+02
3.116953705257192837e+02
3.113495933255305204e+02
3.109932079954108985e+02
3.106287597679723262e+02
3.102579717480005002e+02
3.098827043464048074e+02
3.095045446345804976e+02
3.091245840877213595e+02
3.087442207145903126e+02
3.083641481292066260e+02
3.079852766515061262e+02
3.075867528284371701e+02
3.072029055794453711e+02
3.068204902190100256e+02
3.064394486012002403e+02
3.060600603237614337e+02
3.056823232432037116e+02
3.053062658583812095e+02
3.049320128787475710e+02
3.045594603272734275e+02
3.041888054239528856e+02
3.038199705931097583e+02
3.034531302416083349e+02
3.030883166479075612e+02
3.027256535976978853e+02
3.023653546903676101e+02
3.020074892052078894e+02
3.016524095103357581e+02
3.013002144709482764e+02
3.009512616988329796e+02
3.006058344139099745e+02
3.002641683864553102e+02
2.999268137718145226e+02
2.995939181759204075e+02
2.992661413850798908e+02
2.989318083140749422e+02
2.986065251372383500e+02
2.982875381809892019e+02
2.979753109347671511e+02
2.976708819023475598e+02
2.973748695135861340e+02
2.970881958090425883e+02
2.968118851501977247e+02
2.965467161046850038e+02
2.962940525962737865e+02
2.960548158278281221e+02
2.958302889903653181e+02
2.956219144543341599e+02
2.954307520013600197e+02
2.952587080292164501e+02
2.951069676899543879e+02
2.949774458374191113e+02
2.948720243536999988e+02
2.947923982135515644e+02
2.947413666650667210e+02
2.947208112809335603e+02
2.947341325807671524e+02
2.947844590774307676e+02
2.948754775278376314e+02
2.950173232298050721e+02
2.952217420771021352e+02
2.954842120249960544e+02
2.958124369964759239e+02
2.962169066078724882e+02
2.967101854419549909e+02
2.973055830390605934e+02
2.980212305710638816e+02
2.988743192067166774e+02
2.998870310006504951e+02
3.010809733936977750e+02
3.024784745271198858e+02
3.041010658728050657e+02
3.059639756820192247e+02
3.080777678396565307e+02
3.104398587411338326e+02
3.130323271015366231e+02
3.158201261386786314e+02
3.187459584321663897e+02
3.217381571150468176e+02
3.247111045777633080e+02
3.275776957659352320e+02
3.302573101115316945e+02
3.326865281089972086e+02
3.348552366914831282e+02
3.367688631035061917e+02
3.383750713169603728e+02
3.396884634375277869e+02
3.407329040494757919e+02
3.415383536448663904e+02
3.421379410745396967e+02
3.425612869596087648e+02
3.428397162016167954e+02
3.429977410019999411e+02
3.430591745801940533e+02
3.430435554835181620e+02
3.429664442188058047e+02
3.428429085258284204e+02
3.426831332722434240e+02
3.424980244658293032e+02
3.422963807097551125e+02
3.420855161127865927e+02
3.418751531129331624e+02
3.416720054392639554e+02
3.414870014822595863e+02
3.413308325156325509e+02
3.412153722555288482e+02
3.411576982463751051e+02
3.411791920090595340e+02
3.413724589613687499e+02
3.417041608831830786e+02
3.421881571947172915e+02
3.428306162498018921e+02
3.436223548326753416e+02
3.445449161954201145e+02
3.455787565644190522e+02
3.466959053585014203e+02
3.478824786451027649e+02
3.491237259049389081e+02
3.504030598760123780e+02
3.517118915188273149e+02
3.530220214800536951e+02
3.543088666752913127e+02
3.555428040827575842e+02
3.566953795834493235e+02
3.577514195290815451e+02
3.587056024225824444e+02
3.595584276061929927e+02
3.603285819284493527e+02
3.610302699643634128e+02
3.616837229080437055e+02
3.623078443469221384e+02
3.628779788349294222e+02
3.635237403585454103e+02
3.641572747796684553e+02
3.647768751590311354e+02
3.653815917848987169e+02
3.659609141043691238e+02
3.665059298916064563e+02
3.670046870998822328e+02
3.674497981032881739e+02
3.678331452108437247e+02
3.681587452491971817e+02
3.684295011873701924e+02
3.686568171307785065e+02
3.688575865218302852e+02
3.690442307671773392e+02
3.692427337548149922e+02
3.694726345631158893e+02
3.697618601519944264e+02
3.701501285378559487e+02
3.706759405062191490e+02
3.713943326424528095e+02
3.723541131863672717e+02
3.735699509803135925e+02
3.750325553532992444e+02
3.766588890516387664e+02
3.786009037917580713e+02
3.804996736740804408e+02
3.822747979652512527e+02
3.839156925990583886e+02
3.854718278845627992e+02
3.870063355373630998e+02
3.886100471121058035e+02
3.903214464628343876e+02
3.921647309438734510e+02
3.941082019604705806e+02
3.960944544238022331e+02
3.980719487574036748e+02
3.999830527366476645e+02
4.017864809924882366e+02
4.034665813244449168e+02
4.049940560204132112e+02
4.063665682657833713e+02
4.075676117340810265e+02
4.085791806086045312e+02
4.093972259274623866e+02
4.100029864223438949e+02
4.103961088879242425e+02
4.105786436383656905e+02
4.104369826501211378e+02
4.101180221572268465e+02
4.096012488990562588e+02
4.089053886713205088e+02
4.080460209845496706e+02
4.070324055838406139e+02
4.058826134383144222e+02
4.046061507074762176e+02
4.032171375982689483e+02
4.017300945959669889e+02
4.001549700035778869e+02
3.985076784226766335e+02
3.967979133703908587e+02
3.950378208855311186e+02
3.932382445057122027e+02
3.914070624436382104e+02
3.895545022153185641e+02
3.876866555201935967e+02
3.858108302119759969e+02
3.839327267888061215e+02
3.820566212557403674e+02
3.801874304429538256e+02
3.783277398867637089e+02
3.764808286693283321e+02
3.746082947166589747e+02
3.727463226342871394e+02
3.709060131783206771e+02
3.690873705129303062e+02
3.672913309029972879e+02
3.655177698721185493e+02
3.637667009469925574e+02
3.620383959330692960e+02
3.603321672621547691e+02
3.586484323690432916e+02
3.569865434691552650e+02
3.553464720751705954e+02
3.537282349694910408e+02
3.521312632809949150e+02
3.505560951240115060e+02
3.490021389229580677e+02
3.474698848363330512e+02
3.459593140892680481e+02
3.444704337223396351e+02
3.430038222339483696e+02
3.415592605345120205e+02
3.401375115965043960e+02
3.387385691513079564e+02
3.373628504637590027e+02
3.360043673726631255e+02
3.346491518213226186e+02
3.333215207831009934e+02
3.320211946428565852e+02
3.307485341034348494e+02
3.295033913448597218e+02
3.282856636500446825e+02
3.270954820910230296e+02
3.259323344759062024e+02
3.247963949842796296e+02
3.236871024741008114e+02
3.226043014700483695e+02
3.215476776460022847e+02
3.205166047211641853e+02
3.195109530863885539e+02
3.185299424486823909e+02
3.175732619946725777e+02
3.166403146621664746e+02
3.157303456882162891e+02
3.148429626913071502e+02
3.139772444401819484e+02
3.131326156646844083e+02
3.123083779101630171e+02
3.115035707364867790e+02
3.107129997587697403e+02
3.099308353476310458e+02
3.091669610867451752e+02
3.084207692977575448e+02
3.076916288565107038e+02
3.069794025460302578e+02
3.062833059416097967e+02
3.056034609246887612e+02
3.049395829250887004e+02
3.042917467853400240e+02
3.036605453440755014e+02
3.030460703091843584e+02
3.024497342309986720e+02
3.018722199731736850e+02
3.013154152338108815e+02
3.007811360527294369e+02
3.002714736781539386e+02
2.997896009556233139e+02
2.993379430535827623e+02
2.989207038138667372e+02
2.985409236034407741e+02
2.982031751675513078e+02
2.979115265194412245e+02
2.976701213461918769e+02
2.974900826550410784e+02
2.973777549567505503e+02
2.973270833936448980e+02
2.973404375680002545e+02
2.974219267069854027e+02
2.975750867685790126e+02
2.978037289772269105e+02
2.981155120506662115e+02
2.985187584609163878e+02
2.990326609962098132e+02
2.996832572052694559e+02
3.005184756500657386e+02
3.016117123791149766e+02
3.030698972302268999e+02
3.050645077151039573e+02
3.077999078742447523e+02
3.115631387214384063e+02
3.166415255973765284e+02
3.232559617560562515e+02
3.314978674330556601e+02
3.410958480866042350e+02
3.514385512774926497e+02
3.616601641948462316e+02
3.708023132132343562e+02
3.781261622512436134e+02
3.833827161687424905e+02
3.866566978280787339e+02
3.882598448752654576e+02
3.885602374758279325e+02
3.878917434799108150e+02
3.865554506087642039e+02
3.847566974041712911e+02
3.826573341769194485e+02
3.803673809076105385e+02
3.779635148660722166e+02
3.755039264299059028e+02
3.730299554510832536e+02
3.705789665963903872e+02
3.681892804637598715e+02
3.659079489544839703e+02
3.638088287048648795e+02
3.619881095273224787e+02
3.605983181895246616e+02
3.597825860800510895e+02
3.596632708688575235e+02
3.603498597502635334e+02
3.619695335196094561e+02
3.648662289699161647e+02
3.693316536617214751e+02
3.754325016185302388e+02
3.823434233286880612e+02
3.889189409740732231e+02
3.942511317228118628e+02
3.981713229672016041e+02
4.009242585529641474e+02
4.030428928475804469e+02
4.050823503778321424e+02
4.074956113522507053e+02
4.106258910028872720e+02
4.144840139888715385e+02
4.188390202133800244e+02
4.231715397716126859e+02
4.269751762111984021e+02
4.294977202351224719e+02
4.309230293306351314e+02
4.327113444172588288e+02
4.337410844283825213e+02
4.341351129363176824e+02
4.340557322030479099e+02
4.336192743343337952e+02
4.329139009006235597e+02
4.320226493131779080e+02
4.308258166682418278e+02
4.294876000901318776e+02
4.281333074024285565e+02
4.267912968709717347e+02
4.254663506201267182e+02
4.241476205458021695e+02
4.228065706560538501e+02
4.214089733129045499e+02
4.199248044587852746e+02
4.183457009075976885e+02
4.166748176182951511e+02
4.149302377246860374e+02
4.131324153635718517e+02
4.112989602073931792e+02
4.094465994673824980e+02
4.075853138033140795e+02
4.057237840897124670e+02
4.038671303243546618e+02
4.020189334208148466e+02
4.001819631435831184e+02
3.983574867536453894e+02
3.965469478442591935e+02
3.947509710668784351e+02
3.929699712207073503e+02
3.912184652910930822e+02
3.894802722846137613e+02
3.877612794817766257e+02
3.860610754397810638e+02
3.843799867821110183e+02
3.827179272710418445e+02
3.810746896537164048e+02
3.794504477378112597e+02
3.778447565034405216e+02
3.762577376589077289e+02
3.746890109561250597e+02
3.731383493419886577e+02
3.716056386503842077e+02
3.700903082739810657e+02
3.685923391635917596e+02
3.671111309929723348e+02
3.656463932621629169e+02
3.641977679868360269e+02
3.627646524378228037e+02
3.613468513741936476e+02
3.599436680156521220e+02
3.585548330393538663e+02
3.571798445676167830e+02
3.558182346069552864e+02
3.544228666926952656e+02
3.530542251992817455e+02
3.516995346012992627e+02
3.503584290144781335e+02
3.490310314703082213e+02
3.477172489148152295e+02
3.464171331166531331e+02
3.451309276022779500e+02
3.438586502784248182e+02
3.426007234970071522e+02
3.413573545348902485e+02
3.401288680378927438e+02
3.389157626300936386e+02
3.377182335371516615e+02
3.365370222229246338e+02
3.353724152960227229e+02
3.342250505656362520e+02
3.330955081275566272e+02
3.319842912390975016e+02
3.308922631524789040e+02
3.298199737685238233e+02
3.287682784080488432e+02
3.277380558982641219e+02
3.267301083705686437e+02
3.257571578282174301e+02
3.247726136227685743e+02
3.238143384496458452e+02
3.228836154661021283e+02
3.219820163237062616e+02
3.211116330232126188e+02
3.202745690343112983e+02
3.194745320984104637e+02
3.187153573618222708e+02
3.180039453543831769e+02
3.173486768296387481e+02
3.167623638583481238e+02
3.162643527954018623e+02
3.158788685919259933e+02
3.156475061855326203e+02
3.156174607151745590e+02
3.158641959895384730e+02
3.164790023197166988e+02
3.175728800178738993e+02
3.192951226216319469e+02
3.217646054774234017e+02
3.251285816299551925e+02
3.294326525862394988e+02
3.346693584770338816e+02
3.406591872291157301e+02
3.471172996611190911e+02
3.538011046506989601e+02
3.604197137718041404e+02
3.667117154471180811e+02
3.724806362290635775e+02
3.776025791516108825e+02
3.819838516480849648e+02
3.856267007437187999e+02
3.885197254698464917e+02
3.907387755039655985e+02
3.923311775385882925e+02
3.933839055171715131e+02
3.939722488680593528e+02
3.941636854933190079e+02
3.940320065600403154e+02
3.936268683517901650e+02
3.930034006554969324e+02
3.921965878304596913e+02
3.912393879157452830e+02
3.901535873836932069e+02
3.889550112876564754e+02
3.876538610086106473e+02
3.862565183421930897e+02
3.847368729050107277e+02
3.831465108622414277e+02
3.814692658144781490e+02
3.797067560736674068e+02
3.778668115886264900e+02
3.759532121849730402e+02
3.739761538735132831e+02
3.719440830440313448e+02
3.698658698509428291e+02
3.677534976225883270e+02
3.656146106494140895e+02
3.634611285477502634e+02
3.613017592940391296e+02
3.591458281293536174e+02
3.570038884477545480e+02
3.548841790626978536e+02
3.527984657869249645e+02
3.507588011349658359e+02
3.487799955450239509e+02
3.468854169584886904e+02
3.451044378676327824e+02
3.434874428854292319e+02
3.421154085731747614e+02
3.411118087716183709e+02
3.406913856122386051e+02
3.411751547322644456e+02
3.430882517381089656e+02
3.470838851109774623e+02
3.538158143998745686e+02
3.637036274824843076e+02
3.764295456816666388e+02
3.912009515628460576e+02
4.068536380517195994e+02
4.223887383170401790e+02
4.366466125749643652e+02
4.486576427565402128e+02
4.577792687561479283e+02
4.640065793939499486e+02
4.676823946398445742e+02
4.694536571860112417e+02
4.699140408738264796e+02
4.695526686719089753e+02
4.686846107412493438e+02
4.675076995530611157e+02
4.661385665473974313e+02
4.646422749795014511e+02
4.630602852548295232e+02
4.614141926154325120e+02
4.597084591946930914e+02
4.580206847901447418e+02
4.563033210093859111e+02
4.545623088880106479e+02
4.528003902835915824e+02
4.510234175872038236e+02
4.492339975698143917e+02
4.474367040219605087e+02
4.456349557499246998e+02
4.438315592481719705e+02
4.420302332611836391e+02
4.402325084258449692e+02
4.384415020757544426e+02
4.366583048641585378e+02
4.348846863914029655e+02
4.331216564343849313e+02
4.313695108913710783e+02
4.296291488603649782e+02
4.278999136469199129e+02
4.261820275015310244e+02
4.244745323189783903e+02
4.227765368265194752e+02
4.210872099295875728e+02
4.194046566066972446e+02
4.176898583654215145e+02
4.160372217378275650e+02
4.143784946768794271e+02
4.127123483095462575e+02
4.110369239972231412e+02
4.093512699316017347e+02
4.076537568837503045e+02
4.059433012005616206e+02
4.042190964191913736e+02
4.024799942858579129e+02
4.007257915401108903e+02
3.989559191192894332e+02
3.971703070097231034e+02
3.953693067910597847e+02
3.935530545086433563e+02
3.917224650154882397e+02
3.898783328378194142e+02
3.880217030857983787e+02
3.861541175096277811e+02
3.842768339479130191e+02
3.823916535106700394e+02
3.805003859664054744e+02
3.786047539098666448e+02
3.767070432364058661e+02
3.747766084847536945e+02
3.728528074814133220e+02
3.709337027959558100e+02
3.690214141413331390e+02
3.671187628523704234e+02
3.652276621764693800e+02
3.633505711001636200e+02
3.614897178670333346e+02
3.596468309919590638e+02
3.578244435474840088e+02
3.560238916199487562e+02
3.542473035378242798e+02
3.524962881468651403e+02
3.507720530925078037e+02
3.490765795623677263e+02
3.474104301623517586e+02
3.457752354781342206e+02
3.441716665439216740e+02
3.426002911191653197e+02
3.410621617847653511e+02
3.395569372416121610e+02
3.380854075220049140e+02
3.366471604646613400e+02
3.352419353929923886e+02
3.338528886863320508e+02
3.325305372993281026e+02
3.312384902542717668e+02
3.299753394066148076e+02
3.287402269985610701e+02
3.275322941580638485e+02
3.263499116406829330e+02
3.251926534705588665e+02
3.240589498837434235e+02
3.229482275165441933e+02
3.218598351601628451e+02
3.207929005082020240e+02
3.197478446035767092e+02
3.187241589473452450e+02
3.177228856609680747e+02
3.167448109010750272e+02
3.157911963023915405e+02
3.148646670675550467e+02
3.139669820822546740e+02
3.131022713883093616e+02
3.122738028996179764e+02
3.114864026101601553e+02
3.107459795581040112e+02
3.100574876936764213e+02
3.094162805290031315e+02
3.088450446617119951e+02
3.083469347237468696e+02
3.079292309235701737e+02
3.075999732697268314e+02
3.073685015258384396e+02
3.072403053597357143e+02
3.072250632418661667e+02
3.073257404269944004e+02
3.075488808931012841e+02
3.078958068080033286e+02
3.083676628330359790e+02
3.089632963625934963e+02
3.096771787632858945e+02
3.105049001089012108e+02
3.114331100232077461e+02
3.124523531864274446e+02
3.135420768890192562e+02
3.146838242580930682e+02
3.158524775473563864e+02
3.170211153858349462e+02
3.181639745247620112e+02
3.192519960588174399e+02
3.202613762593760498e+02
3.211442523419777331e+02
3.220023693417570030e+02
3.227258948476157912e+02
3.233079559728901131e+02
3.237434736002682598e+02
3.240349195042950328e+02
3.241881490426600294e+02
3.242094018868681928e+02
3.241119419697003536e+02
3.239043891141008658e+02
3.236009203686955971e+02
3.232130240257665150e+02
3.227518886156264557e+02
3.222299073065123594e+02
3.216553933826695584e+02
3.210390017301263015e+02
3.203881273746233660e+02
3.197100732013166748e+02
3.190114956798344679e+02
3.182972432245159098e+02
3.175726009238403549e+02
3.168413646319031614e+02
3.161070696985294148e+02
3.153728488390931375e+02
3.146203221951412843e+02
3.139034531824459577e+02
3.131911092724238301e+02
3.124849913129938841e+02
3.117868370202526762e+02
3.110979060897009276e+02
3.104192784271551204e+02
3.097520711926073318e+02
3.090968608318892734e+02
3.084545690903442505e+02
3.078255866040730098e+02
3.072103344655183719e+02
3.066093450397064544e+02
3.060225564461917998e+02
3.054505165481097606e+02
3.048930314126218946e+02
3.043503755747242394e+02
3.038225655848291353e+02
3.033094549672266567e+02
3.028113290523161254e+02
3.023278596072304936e+02
3.018594008056211351e+02
3.014058279989120024e+02
3.009673079684393997e+02
3.005422731623828554e+02
3.001510211563422672e+02
2.997752924646075030e+02
2.994154905673345866e+02
2.990727762479901912e+02
2.987480446821498390e+02
2.984422214885240692e+02
2.981567226422745875e+02
2.978922244228347154e+02
2.976502949730414116e+02
2.974315532583784147e+02
2.972370267866040194e+02
2.970674132444372049e+02
2.969226916580265652e+02
2.968033584849788440e+02
2.967083875301514695e+02
2.966372604271429623e+02
2.965883772962122293e+02
2.965597758615344333e+02
2.965493855247989359e+02
2.965542013196270545e+02
2.965714989303639300e+02
2.965980617036003082e+02
2.966307422068265396e+02
2.966577596480565262e+02
2.966930100730574509e+02
2.967244457682286338e+02
2.967503378054090035e+02
2.967693968770513493e+02
2.967811034484631136e+02
2.967856642538882284e+02
2.967837834281349956e+02
2.967771894675466910e+02
2.967681416140163151e+02
2.967593233832907345e+02
2.967542033099288687e+02
2.967564664934728285e+02
2.967701718979082557e+02
2.968000884363594309e+02
2.968503336250594202e+02
2.969262551241611732e+02
2.970327837242141982e+02
2.971769607121402714e+02
2.973707474079990902e+02
2.976419873763719011e+02
2.980705089095388871e+02
2.988661143772560536e+02
3.006123107658002596e+02
3.041457065315297541e+02
3.098484915007212521e+02
3.164400969420647698e+02
3.237527269691260017e+02
3.326865687674049923e+02
3.416888787029311061e+02
3.484579452369900423e+02
3.533826012975996491e+02
3.584541073174685266e+02
3.669611242632425956e+02
3.843867092600139586e+02
4.154056748543447952e+02
4.543430432570169160e+02
4.899077075154861518e+02
5.162413911716489565e+02
5.348397868241969491e+02
5.498762046109601442e+02
5.639525488937455293e+02
5.771600618157409599e+02
5.902300337796125405e+02
6.053522306647299729e+02
6.239882912945835187e+02
6.429416335729923730e+02
6.573595846863041743e+02
6.666018562275384056e+02
6.727726275287443514e+02
6.768294869607950659e+02
6.791725227189693896e+02
6.800692849400546720e+02
6.797427686380646037e+02
6.784495315950980512e+02
6.764091257856482571e+02
6.738158765141270123e+02
6.708254998138927476e+02
6.675561902801324550e+02
6.640910766401059391e+02
6.604945894845430985e+02
6.568105561990120123e+02
6.530702854744758952e+02
6.493000714483234788e+02
6.455139040352675011e+02
6.417261204640930146e+02
6.379433939656829580e+02
6.341704007713807414e+02
6.304102447800806885e+02
6.266620258826621921e+02
6.229247509579030293e+02
6.191957508616767427e+02
6.155216797927967036e+02
6.116912591216773762e+02
6.078605240006950226e+02
6.040280577516632547e+02
6.001944649053020839e+02
5.963603230449839430e+02
5.925316833175386364e+02
5.887132514246404753e+02
5.849138555643256723e+02
5.811431603269828656e+02
5.774093640038175863e+02
5.737243947439576459e+02
5.700935263957819643e+02
5.665231761948286930e+02
5.630155719226173687e+02
5.595675079257921425e+02
5.561753962924741472e+02
5.528293692059992281e+02
5.495196883302140805e+02
5.462357023628790103e+02
5.429675848577892339e+02
5.397063369987363330e+02
5.364488400342411296e+02
5.331900842318817695e+02
5.299582520467877202e+02
5.265450198142261797e+02
5.231532657566546050e+02
5.197921837310035471e+02
5.164693124944280953e+02
5.131967102357981503e+02
5.099830262433063126e+02
5.068380808511313376e+02
5.037690459873920759e+02
5.007813581159198293e+02
4.978779473265122419e+02
4.950582358896597270e+02
4.923196890389118607e+02
4.896556062628161499e+02
4.870599091995410959e+02
4.845242537637053033e+02
4.820405350652858374e+02
4.796038504176937067e+02
4.772061183934623614e+02
4.748458565802900466e+02
4.725184444161457691e+02
4.702223701973800303e+02
4.679570231062654670e+02
4.657192488860591766e+02
4.635339936007509891e+02
4.612848985190762505e+02
4.590636884191728200e+02
4.568656384224588578e+02
4.546856486108022750e+02
4.525186271307737229e+02
4.503585540159854759e+02
4.482000705368058107e+02
4.460377952867687554e+02
4.438672238244893151e+02
4.416840606089505741e+02
4.394856288209447257e+02
4.372696931557566131e+02
4.350352858115830372e+02
4.327824130780641667e+02
4.305114397554552852e+02
4.282238217722701847e+02
4.259212684108990743e+02
4.236059389744709165e+02
4.212799569361730505e+02
4.189455942013746608e+02
4.166046129093527384e+02
4.142591104488131464e+02
4.119103696137777888e+02
4.095485331714820063e+02
4.071436568642606062e+02
4.047516503779319237e+02
4.023741270686633129e+02
4.000120586543712875e+02
3.976670403809282561e+02
3.953399045374874845e+02
3.930319886144490056e+02
3.907443148280575542e+02
3.884778764362293941e+02
3.862340765847538364e+02
3.840136822598906292e+02
3.818183650588537716e+02
3.796487263558419158e+02
3.775064061068258070e+02
3.753921944659166456e+02
3.733071882050309114e+02
3.712524965679672846e+02
3.692285678165420109e+02
3.672365040658112321e+02
3.652762549057120509e+02
3.633483927455160938e+02
3.614527593012365969e+02
3.595891740014575362e+02
3.577971538163694731e+02
3.560080295864815980e+02
3.542533506861395836e+02
3.525315917641885903e+02
3.508416798984235356e+02
3.491822534932124427e+02
3.475517250910959888e+02
3.459491559805945826e+02
3.443728465372749952e+02
3.428219838738317549e+02
3.412954563671428332e+02
3.397922232794090860e+02
3.383120708146014977e+02
3.368540065784935678e+02
3.354184160388139730e+02
3.340048643440152887e+02
3.326135311372070760e+02
3.312451237110422539e+02
3.298996355311448951e+02
3.285784777489952262e+02
3.272818173521263816e+02
3.260110304972706672e+02
3.247671636266175597e+02
3.235511336233125235e+02
3.223898249664013065e+02
3.212609568924420387e+02
3.201693839809471456e+02
3.191161817331175143e+02
3.181031049360764769e+02
3.171318420996130953e+02
3.162031181096315322e+02
3.153190370071506550e+02
3.144795207206593659e+02
3.136860796226585535e+02
3.129387731369552057e+02
3.122376707620975935e+02
3.115832671843872959e+02
3.109740762019404769e+02
3.104104290295516648e+02
3.098902689607427874e+02
3.094125886554021463e+02
3.089756428129111896e+02
3.085766299862908113e+02
3.082139508022175391e+02
3.078839329855101710e+02
3.075841884647454094e+02
3.073112061974181870e+02
3.070615810021732841e+02
3.068353808711477768e+02
3.066622382817050152e+02
3.064964214110248122e+02
3.063347267207718687e+02
3.061743971873394798e+02
3.060126596042114215e+02
3.058473979075767488e+02
3.056761441650517668e+02
3.054974163699026235e+02
3.053092699875946892e+02
3.051105132306496444e+02
3.049000623298014148e+02
3.046768165436611753e+02
3.044407216620024883e+02
3.041909854579226931e+02
3.039283734036118290e+02
3.036528482070526138e+02
3.033657499705846021e+02
3.030683190848185973e+02
3.027623918270151080e+02
3.024507365820654172e+02
3.021360165819846202e+02
3.018227383026350594e+02
3.015150142689459472e+02
3.012150111741734690e+02
3.009730362260920060e+02
3.007568247752191155e+02
3.005774262047777938e+02
3.004487880754803655e+02
3.003900779891720276e+02
3.004210325063945106e+02
3.005729849769336965e+02
3.008765722219284839e+02
3.013779005532877022e+02
3.021265260255361795e+02
3.031767312112588684e+02
3.045963192381943259e+02
3.064279366574317010e+02
3.087244664537367385e+02
3.114777171879095476e+02
3.146624592621479906e+02
3.182100458571534318e+02
3.220440830846548010e+02
3.260843050374512586e+02
3.302732512358823556e+02
3.345517881222343135e+02
3.388495876191161074e+02
3.430937854720738187e+02
3.471392481380431150e+02
3.509278563765086574e+02
3.545261376067428500e+02
3.579447698829791307e+02
3.612021883103815867e+02
3.643169514553807176e+02
3.673074262227735289e+02
3.701786919055264775e+02
3.729327026007678114e+02
3.755597657193137024e+02
3.780414547891727466e+02
3.803590716059709962e+02
3.824859983204711966e+02
3.844045557560280031e+02
3.860883273317789985e+02
3.875229336001899583e+02
3.886899286298449852e+02
3.895752429168054505e+02
3.901768985271116321e+02
3.902579720249601678e+02
3.905198779812204748e+02
3.905133388318654966e+02
3.902656694090671294e+02
3.898023543835031433e+02
3.891549346165858196e+02
3.883790893066275771e+02
3.874820955656089154e+02
3.864881483658637649e+02
3.854137597656630305e+02
3.842758989439827246e+02
3.830877683418952984e+02
3.818597833288812922e+02
3.806014402990738290e+02
3.793191891845269765e+02
3.780194342781156251e+02
3.767067037277970485e+02
3.753849346840089538e+02
3.740572604654560678e+02
3.727263310826267002e+02
3.713943014956735169e+02
3.700630679568677124e+02
3.687342551575727612e+02
3.674092048058977298e+02
3.660894280236425402e+02
3.647758617608483291e+02
3.634698496740846281e+02
3.621723560554529513e+02
3.608844188593565718e+02
3.596340882685355496e+02
3.584006148984676656e+02
3.571802212289164800e+02
3.559735147689033852e+02
3.547814907585222386e+02
3.536049590666731888e+02
3.524444816849563722e+02
3.513011365143765374e+02
3.501751252752329719e+02
3.490674141865874844e+02
3.479782921466888297e+02
3.469081848626032070e+02
3.458576952558623248e+02
3.448266350183287159e+02
3.438155948741245993e+02
3.428242576182760786e+02
3.418526272674154711e+02
3.409006635225684931e+02
3.399676313825274860e+02
3.390535883945341311e+02
3.381575029651473869e+02
3.372789865803144949e+02
3.364172613457313901e+02
3.355712674529438004e+02
3.347083251185303538e+02
3.338339020853713350e+02
3.329711463370367142e+02
3.321190525035886481e+02
3.312769947011544787e+02
3.304443276119118877e+02
3.296204349141796683e+02
3.288050923245178865e+02
3.279976930901906940e+02
3.271983387786119692e+02
3.264066217379078125e+02
3.256227903321984058e+02
3.248468659152253508e+02
3.240789217494374839e+02
3.233195109760405899e+02
3.225684724213495542e+02
3.218264046895323531e+02
3.210933184484759408e+02
3.203694461275993035e+02
3.196552306609237348e+02
3.189503373372281203e+02
3.182552186785672461e+02
3.175695694334846166e+02
3.168934121318870325e+02
3.162248155956356754e+02
3.155703739734607893e+02
3.149304474005198813e+02
3.143051812415507698e+02
3.136953514216966141e+02
3.131015757572737357e+02
3.125244612817798497e+02
3.119653152945465422e+02
3.114246109815369437e+02
3.109041639774180226e+02
3.104048595109785538e+02
3.099286030767457873e+02
3.094772244907204595e+02
3.090523912725582818e+02
3.086572020347501848e+02
3.082932318836465129e+02
3.079641410617946349e+02
3.076723999600643538e+02
3.074212976731290610e+02
3.072152731942275068e+02
3.070571940733433394e+02
3.069532934995704068e+02
3.069078134938280868e+02
3.069281793635063877e+02
3.070147964043256366e+02
3.071886122989818091e+02
3.074655016037834230e+02
3.078629800285023066e+02
3.084108053588701068e+02
3.091446142068449490e+02
3.101114016767249382e+02
3.113788260355078137e+02
3.130186960388074340e+02
3.151353599549416913e+02
3.178320363454357675e+02
3.212274498489437065e+02
3.254281294030876666e+02
3.304851896248635512e+02
3.363853348722176406e+02
3.429777307420943657e+02
3.499900957934510188e+02
3.570710168186258215e+02
3.638424372920284782e+02
3.699943738414889367e+02
3.753446990652493014e+02
3.797982580813637128e+02
3.833845142079380253e+02
3.861786141260695331e+02
3.882724616636593282e+02
3.898000215115046672e+02
3.908773023057538012e+02
3.916031978030554228e+02
3.920542482676733016e+02
3.922874375981954245e+02
3.923505480031054162e+02
3.922721161589996655e+02
3.920729305108200720e+02
3.917668471174288243e+02
3.913554739397783351e+02
3.908442181991889015e+02
3.902264567219312426e+02
3.895001226606350997e+02
3.886587796396730710e+02
3.876964861468676986e+02
3.866115808121787154e+02
3.853988248352879964e+02
3.840617563884445644e+02
3.825999106932239329e+02
3.810210732424373532e+02
3.793306490431579050e+02
3.775384221490975847e+02
3.756548443423023969e+02
3.736958572835752079e+02
3.716700002590980034e+02
3.695842230447441352e+02
3.674516079488428204e+02
3.652821331106441107e+02
3.630868717624069859e+02
3.608754335077652513e+02
3.586565528138889363e+02
3.564388512049436031e+02
3.542294087685370982e+02
3.520356474796940347e+02
3.498636153011858596e+02
3.477200382608583595e+02
3.456104570589320133e+02
3.435417443186761943e+02
3.415202643536386518e+02
3.395539756819229069e+02
3.376527948458282822e+02
3.358285022700235345e+02
3.341002631280859418e+02
3.324934841492712394e+02
3.310541459857333280e+02
3.298610954859903472e+02
3.290671662361679068e+02
3.290138067371167381e+02
3.306756318785020881e+02
3.356927151025934677e+02
3.466364201276647350e+02
3.669952201489252843e+02
3.992171561065777610e+02
4.409791065180316423e+02
4.832134545983321345e+02
5.176631757417775361e+02
5.424739786190790483e+02
5.621167930323731525e+02
5.793117074105671236e+02
5.942369965500005264e+02
6.057224013336659709e+02
6.138069786255902045e+02
6.196503587547524603e+02
6.242353121611940878e+02
6.278716270257851875e+02
6.306049169892361306e+02
6.323819572856072000e+02
6.331957731905411038e+02
6.330544071821884700e+02
6.320317306506503883e+02
6.302452895730309592e+02
6.277955100683632281e+02
6.248603827199705165e+02
6.215358715575547421e+02
6.179316033145727260e+02
6.141430159675996947e+02
6.102368607531326461e+02
6.062753218283007755e+02
6.022989288841146163e+02
5.983388283751899053e+02
5.944185966157509711e+02
5.905500646317030942e+02
5.867422515698673351e+02
5.829980571718441524e+02
5.793157964384197385e+02
5.756932050036368764e+02
5.721240251415975990e+02
5.686014402244376242e+02
5.651188988467229137e+02
5.616674417751614783e+02
5.582404800055876422e+02
5.548305515564031793e+02
5.514304117343878033e+02
5.480356101968717439e+02
5.446397412061656951e+02
5.412097879438396149e+02
5.378028596804688277e+02
5.343805451187777180e+02
5.309428417731843410e+02
5.274883039136018397e+02
5.240183940165564991e+02
5.205337658918250554e+02
5.170358855849631254e+02
5.135272893741246207e+02
5.100096237547122087e+02
5.064859810978375663e+02
5.029586125114004744e+02
4.994304117313467941e+02
4.959040544078985704e+02
4.923822763286464124e+02
4.888677190464849218e+02
4.853629361945136225e+02
4.818704781889831565e+02
4.783924967516528000e+02
4.749315439281505746e+02
4.714893139749279385e+02
4.680681253747401342e+02
4.646696139932341794e+02
4.612954513449169553e+02
4.579234922365084230e+02
4.546032351216790630e+02
4.513114951643657946e+02
4.480489749382851414e+02
4.448172218591253113e+02
4.416171769698645448e+02
4.384495079894395531e+02
4.353155781822615040e+02
4.322154200815597278e+02
4.291503631209720311e+02
4.261205208282199237e+02
4.231264517917585977e+02
4.201689055876322527e+02
4.172475708158510770e+02
4.143635775145869502e+02
4.115164323567097426e+02
4.087067698809556759e+02
4.059347230367492330e+02
4.032000014793556488e+02
4.005033731126541170e+02
3.978440973127221127e+02
3.952228025395197619e+02
3.926391902931787854e+02
3.900931068612758281e+02
3.875667356796697050e+02
3.851184089505064776e+02
3.827055598644891461e+02
3.803275078253298034e+02
3.779844626659984215e+02
3.756763449612369641e+02
3.734026489865737517e+02
3.711638385117695975e+02
3.689590999080001552e+02
3.667888766068073778e+02
3.646527061603933930e+02
3.625504180731944075e+02
3.604822366330553223e+02
3.584474192988473078e+02
3.564465507992029529e+02
3.544789388442993641e+02
3.525448019499093562e+02
3.506440957742650539e+02
3.487763933551133846e+02
3.469422370971789178e+02
3.451409669617738132e+02
3.433730843545289417e+02
3.416383852205605649e+02
3.399368394726488418e+02
3.382482101306156324e+02
3.366764937582919970e+02
3.351332260970705761e+02
3.336180895655873542e+02
3.321315596568708770e+02
3.306737840062375540e+02
3.292447041776543415e+02
3.278449241472355880e+02
3.264740684087132081e+02
3.251327928920207455e+02
3.238208823780997250e+02
3.225384965290312493e+02
3.212858906330065452e+02
3.200626210996083501e+02
3.188692131260029896e+02
3.177051009285831356e+02
3.165704460577057375e+02
3.154650868272837556e+02
3.143885017721181612e+02
3.133409287794056581e+02
3.123215674802941066e+02
3.113304698581200114e+02
3.103672558070673517e+02
3.094313463826369457e+02
3.085070555223632596e+02
3.076484950745855258e+02
3.068132586235857389e+02
3.060011217711426070e+02
3.052120425727441670e+02
3.044465112505968705e+02
3.037040818866390168e+02
3.029855335022663780e+02
3.022906058658405755e+02
3.016197029397328038e+02
3.009732869443572554e+02
3.003512081925603070e+02
2.997544577987676462e+02
2.991827061057336437e+02
2.986368916488737000e+02
2.981171855759898222e+02
2.976240289978829878e+02
2.971583475813115456e+02
2.967202326781168154e+02
2.963110884454283109e+02
2.959312058291289418e+02
2.955820422094637934e+02
2.952647276106002892e+02
2.949805002870998578e+02
2.947256069630115576e+02
2.945140198419119884e+02
2.943394651381904623e+02
2.942032865540355147e+02
2.941075238231941853e+02
2.940537083692933038e+02
2.940425075062743758e+02
2.940752380623284807e+02
2.941507052719788931e+02
2.942685955100940873e+02
2.944261513503256538e+02
2.946203719297536736e+02
2.948472358471916550e+02
2.951009163748521473e+02
2.953764916733197765e+02
2.956663877122318809e+02
2.959649107073526011e+02
2.962646290262115372e+02
2.965595572754651812e+02
2.968435547934474243e+02
2.971112324403067646e+02
2.973584308857892324e+02
2.975810346207726411e+02
2.977770573525200462e+02
2.979675777607214400e+02
2.981239112228425938e+02
2.982500448894273291e+02
2.983478269061637320e+02
2.984196722306145375e+02
2.984687288491247159e+02
2.985006135958014966e+02
2.985204611278472839e+02
2.985380130398615393e+02
2.985631529093544145e+02
2.986115939526017655e+02
2.987025011911895831e+02
2.988566944479199492e+02
2.990983635180765532e+02
2.994264322204800237e+02
2.998194965530141758e+02
3.002133017055446089e+02
3.005521491364139024e+02
3.008214995083971530e+02
3.010616443374793789e+02
3.013325591753343815e+02
3.016835350163487988e+02
3.021439620380483575e+02
3.027072820362714083e+02
3.036350017748989671e+02
3.046783555475003027e+02
3.057329518932486394e+02
3.067775454301647642e+02
3.078186777681070225e+02
3.088759406859454657e+02
3.099777610063011934e+02
3.111592846700414157e+02
3.124556567368048832e+02
3.139071654767967061e+02
3.155670056330446869e+02
3.174991220624666539e+02
3.197926220104322965e+02
3.225591667375381917e+02
3.259048827690810981e+02
3.298884142289838337e+02
3.344667701663058210e+02
3.395432580776340501e+02
3.450129663935892381e+02
3.508980715069560006e+02
3.571528284541220728e+02
3.637499128283443497e+02
3.705327386390616766e+02
3.773326344027201458e+02
3.841151040403852335e+02
3.906915935669693454e+02
3.966435717199678948e+02
4.018975867018732515e+02
4.063877684031082254e+02
4.101402495392021024e+02
4.131925562499984608e+02
4.155935616706033215e+02
4.174160879741020835e+02
4.187195566839922662e+02
4.195693448320811285e+02
4.200257471384543351e+02
4.201331146350688073e+02
4.199386984361156010e+02
4.194781492453177520e+02
4.187864309820985227e+02
4.179004397663252348e+02
4.168466411498313846e+02
4.156598295763725446e+02
4.143629870240428090e+02
4.129805741913478982e+02
4.115327605635088730e+02
4.100346654690883952e+02
4.085020749375338482e+02
4.069405335324548219e+02
4.053159550429833757e+02
4.036815313778990912e+02
4.020431747102524582e+02
4.004065127663427575e+02
3.987750073149438208e+02
3.971522013790808501e+02
3.955406540778420208e+02
3.939421395913502693e+02
3.923585652424086447e+02
3.907909376923072955e+02
3.892403866706427493e+02
3.877078000837340710e+02
3.861935510055352552e+02
3.846984538139995493e+02
3.832225883973497957e+02
3.817663881561206267e+02
3.803300448204611257e+02
3.789134848790858996e+02
3.775169873530194309e+02
3.761401666317764807e+02
3.747830526553913160e+02
3.734453080943511054e+02
3.721264752700063241e+02
3.708158571711937270e+02
3.695006174815947020e+02
3.682010401364560721e+02
3.669162224210969043e+02
3.656452876667218561e+02
3.643875872462043048e+02
3.631419540159241137e+02
3.619078078728430228e+02
3.606841600313740059e+02
3.594702080872316401e+02
3.582654953987072304e+02
3.570690325047929150e+02
3.558807534643241297e+02
3.546999028494838626e+02
3.535263849084971639e+02
3.523600221177484286e+02
3.512004533636325618e+02
3.500480517856505003e+02
3.489025363480988062e+02
3.477642903037639712e+02
3.466333574096196912e+02
3.455099094551728740e+02
3.443943890206679157e+02
3.432868384496975978e+02
3.421971329640788895e+02
3.411144431900335121e+02
3.400405668906563506e+02
3.389759277662082582e+02
3.379209937755314854e+02
3.368763861651572142e+02
3.358425652536175221e+02
3.348202495064484765e+02
3.338099871904036604e+02
3.328125701826768363e+02
3.318286995252689167e+02
3.308592991800715026e+02
3.299051817305860368e+02
3.289672421338800632e+02
3.280465480947268020e+02
3.271438687529298477e+02
3.262606607646026191e+02
3.253976326127310585e+02
3.245564845864253130e+02
3.237388396297670852e+02
3.229474352211328778e+02
3.221874564772605822e+02
3.214666577222475325e+02
3.208023023534246363e+02
3.202503445191256333e+02
3.198590623976218126e+02
3.197090035041475744e+02
3.199491592536912776e+02
3.208450102322161683e+02
3.227174720743443004e+02
3.259959589988665698e+02
3.310813025049625367e+02
3.381549693060434834e+02
3.472110434447159832e+02
3.577767337710654942e+02
3.689782974759870626e+02
3.798489461850649036e+02
3.897817431981328014e+02
3.987695878794647797e+02
4.074173177503287206e+02
4.159725366870328571e+02
4.243669936693073055e+02
4.322779006089617155e+02
4.394137254612568313e+02
4.455955958799780774e+02
4.508294650865408357e+02
4.551720365536809823e+02
4.588047999198832940e+02
4.618307404688440556e+02
4.645618045447903341e+02
4.671263069275273097e+02
4.698096258519803428e+02
4.727838873423104928e+02
4.761408032734223070e+02
4.796799406938585548e+02
4.830454193403376166e+02
4.858593426385908742e+02
4.878072725597950807e+02
4.887294843889982872e+02
4.886604661051523522e+02
4.876884334910494090e+02
4.860200620246362178e+02
4.838561207138213831e+02
4.813766618299223978e+02
4.787523655443943653e+02
4.760933145921560481e+02
4.735043517083224174e+02
4.710581438799197258e+02
4.688191941451414095e+02
4.668476077858891244e+02
4.651852107257571447e+02
4.638755228609193182e+02
4.629600793603908073e+02
4.627604857306024542e+02
4.628953472152229551e+02
4.633348913222782812e+02
4.640742373055355188e+02
4.651271520232110106e+02
4.665122174910693502e+02
4.682783243381406351e+02
4.704013688297921476e+02
4.728314553934372384e+02
4.754268619239931013e+02
4.780039313105297651e+02
4.803990093328481521e+02
4.824988814284672003e+02
4.842440321436881163e+02
4.856737624704286418e+02
4.868170501204201059e+02
4.877404573531943583e+02
4.884804418678153866e+02
4.890573063227720354e+02
4.894835820627105250e+02
4.897462974894035028e+02
4.898405688680296066e+02
4.897573342364752875e+02
4.893601412817187111e+02
4.890260813746033932e+02
4.884975093971925162e+02
4.877942735265772853e+02
4.869322031641629565e+02
4.859304552897646658e+02
4.848086205669159767e+02
4.835810164913432345e+02
4.822629288948288604e+02
4.808622386646878226e+02
4.793850311501893771e+02
4.778327384161181612e+02
4.762033315498824777e+02
4.744936833695443283e+02
4.727001114345231372e+02
4.708168063332361157e+02
4.688438506606945566e+02
4.667781470449402264e+02
4.646234368481688648e+02
4.623832858432066359e+02
4.600622130553495595e+02
4.576688969686147175e+02
4.552086012607180692e+02
4.526912369451871996e+02
4.500056644636133569e+02
4.473341347728140249e+02
4.446296371953457083e+02
4.418990086300246389e+02
4.391500927492609208e+02
4.363888245543857920e+02
4.336209332354874277e+02
4.308514999139651422e+02
4.280844582819468087e+02
4.253239632632310645e+02
4.225729183880251867e+02
4.198344403924938888e+02
4.171107399386403927e+02
4.144037181270824135e+02
4.117154528547064842e+02
4.090469002612346117e+02
4.063998414686450360e+02
4.037748923565438872e+02
4.011731340047729759e+02
3.985953934465653674e+02
3.960420742268803451e+02
3.935141919020110777e+02
3.910119345132372928e+02
3.885360767330456611e+02
3.860173142011753953e+02
3.835284859187348161e+02
3.810667550689813083e+02
3.786323788243664126e+02
3.762266052557621947e+02
3.738501048946179708e+02
3.715040511870209343e+02
3.691902811058632210e+02
3.669109484089664761e+02
3.646701066776523135e+02
3.624741710641320083e+02
3.603331902160468303e+02
3.582646161500773587e+02
3.562979469173947678e+02
3.544727154954576918e+02
3.528613195676043688e+02
3.515249180557912609e+02
3.505242273081644839e+02
3.498211137409003300e+02
3.492377144573806618e+02
3.484971820506671634e+02
3.473856470968189569e+02
3.458414314087119692e+02
3.439614538284725427e+02
3.420775756480782093e+02
3.401814341072169441e+02
3.382678606196919873e+02
3.363771016648813088e+02
3.345381212825175226e+02
3.327723764462585905e+02
3.310936305673888569e+02
3.295185093799812535e+02
3.280612228160262021e+02
3.267343065204746040e+02
3.255562296248485268e+02
3.245323011850023818e+02
3.236742064933758911e+02
3.229773924145045498e+02
3.224316978980966724e+02
3.220173080692926533e+02
3.216998244485282612e+02
3.214466908415337798e+02
3.212167647129211332e+02
3.209837264539235662e+02
3.207199925414102495e+02
3.204219314626993764e+02
3.200821694666981330e+02
3.197117093002547676e+02
3.194478964925624496e+02
3.191964277544308288e+02
3.189298429653513836e+02
3.186501702016200284e+02
3.183686248778101344e+02
3.180860462594591240e+02
3.178086696959011874e+02
3.175412821329591679e+02
3.172851973253185633e+02
3.170480649843187280e+02
3.168291241205886877e+02
3.166347525706900683e+02
3.164649054988968828e+02
3.163209766899885835e+02
3.162041760054106589e+02
3.161108096461526316e+02
3.160410255918595226e+02
3.159887015176424825e+02
3.159517780302891197e+02
3.159238273582517991e+02
3.159006217106951908e+02
3.158769553814302640e+02
3.158474764285331275e+02
3.158095624266424011e+02
3.158066094786547637e+02
3.157675157543242221e+02
3.157034573455100031e+02
3.156162522976501350e+02
3.155065542024340175e+02
3.153750512432594064e+02
3.152254227991565472e+02
3.150575215661989432e+02
3.148757558522453905e+02
3.146810663107146979e+02
3.144760341374152972e+02
3.142628921619310631e+02
3.140425874585437214e+02
3.138177634911804716e+02
3.135889828386860927e+02
3.133582465207697396e+02
3.131262817321742205e+02
3.128944899119132401e+02
3.126638356403454964e+02
3.124354880748267078e+02
3.122106379213206537e+02
3.119901231583312438e+02
3.117756269210343021e+02
3.115675326679969430e+02
3.113597682214219162e+02
3.111673780363690298e+02
3.109866377520058336e+02
3.108183397209457439e+02
3.106621704828681914e+02
3.105193460560022913e+02
3.103888002708701492e+02
3.102707537117796619e+02
3.101643673687016758e+02
3.100679628034430948e+02
3.099809440155124207e+02
3.099005612972375729e+02
3.098252902983461468e+02
3.097527364898672886e+02
3.096801580254283408e+02
3.096059593591031671e+02
3.095276291258044807e+02
3.094438409413334057e+02
3.093538640490643843e+02
3.092570706261504370e+02
3.091548564378771289e+02
3.090489916437939542e+02
3.089424043484273739e+02
3.088403516265141775e+02
3.087425368119506288e+02
3.087099670139029399e+02
3.087110171643076910e+02
3.087553839243749962e+02
3.088532547711162124e+02
3.090120324461956898e+02
3.092391659170901335e+02
3.095392397150825445e+02
3.099160429768292033e+02
3.103736954800633612e+02
3.109206685186881600e+02
3.115653364202576654e+02
3.123309109101827516e+02
3.132390459348137028e+02
3.143245834891018262e+02
3.156276714069913965e+02
3.171777036201915507e+02
3.190169104459762366e+02
3.211469829003306131e+02
3.235713005343237114e+02
3.262444195369977251e+02
3.291026124172848881e+02
3.320522422439993875e+02
3.349943094213660970e+02
3.379017341265698633e+02
3.407030601264983147e+02
3.432722639987859452e+02
3.455765486859688735e+02
3.476309178101128623e+02
3.494298063117967104e+02
3.510000771399170389e+02
3.523435559780274389e+02
3.534727389458462312e+02
3.543885908862194469e+02
3.550905787716226882e+02
3.555823877040538719e+02
3.558610859730857214e+02
3.559397007682864569e+02
3.558192370137543321e+02
3.555214169613794866e+02
3.550564185546154476e+02
3.544470416170216254e+02
3.537136129015701158e+02
3.528753252267432572e+02
3.519574327632055883e+02
3.509760810034845235e+02
3.499544370368809041e+02
3.489071373397781031e+02
3.478451725545438649e+02
3.467807165410980019e+02
3.457294252616720200e+02
3.447005872335875551e+02
3.436984170736766373e+02
3.427271850635141277e+02
3.417863065396490470e+02
3.408748045563678488e+02
3.399886927434470749e+02
3.391229486057790723e+02
3.382713779837372385e+02
3.374271062843717459e+02
3.365828511549153745e+02
3.357319411716703712e+02
3.348681938503652304e+02
3.339860262742449777e+02
3.330822206475242524e+02
3.321529809748758453e+02
3.311982314559671750e+02
3.302172874969658096e+02
3.292119332624368440e+02
3.281852191415034099e+02
3.271398494812659123e+02
3.260812581224357132e+02
3.250252507931489276e+02
3.239691761275311137e+02
3.229192814213828910e+02
3.218811278338898205e+02
3.208619248379590658e+02
3.198672540118731149e+02
3.189035101933221199e+02
3.179769042847804030e+02
3.170923929528198641e+02
3.162562343146518060e+02
3.154727894608254815e+02
3.147469254200028672e+02
3.140832977371338188e+02
3.134850246280020087e+02
3.129563346693588528e+02
3.124997100250534459e+02
3.121171119956688926e+02
3.118110768821628085e+02
3.115808570224634195e+02
3.114271644114425044e+02
3.113477849037857368e+02
3.113387178661386656e+02
3.113970097555230154e+02
3.115134550769803354e+02
3.116961257979006064e+02
3.119384530297558626e+02
3.122302083796747638e+02
3.125700222231338898e+02
3.129593929211989689e+02
3.134124155386504640e+02
3.139489539933858282e+02
3.146123648219402185e+02
3.154573546780006836e+02
3.165628023748710120e+02
3.180201860531926741e+02
3.199104749222952364e+02
3.222950421582954732e+02
3.251598781005708929e+02
3.284392558351169100e+02
3.320127822829453521e+02
3.357910678908081650e+02
3.397045048868650383e+02
3.438058449271788390e+02
3.482178661706312255e+02
3.531229995344289136e+02
3.587171736576807461e+02
3.651467903811263227e+02
3.724445420963379547e+02
3.806052545915378005e+02
3.895094875276728317e+02
3.994045572847966810e+02
4.107075942102144950e+02
4.243364980664512700e+02
4.400794129186057262e+02
4.562515028676224347e+02
4.702825001233649687e+02
4.803722223937322724e+02
4.861674540761270578e+02
4.888862468348547168e+02
4.896705121245851160e+02
4.893196007898156381e+02
4.883529645301730966e+02
4.870352308761180211e+02
4.855689023868323488e+02
4.840250182593936188e+02
4.823656074652673738e+02
4.804402954831572856e+02
4.781223076163292944e+02
4.753973703298609053e+02
4.723528970534307518e+02
4.690632462802506097e+02
4.656021610908530874e+02
4.620376544390521190e+02
4.583612775097562348e+02
4.546463036309532413e+02
4.509138664739606384e+02
4.471859497033578918e+02
4.434755168224995714e+02
4.397924725526956991e+02
4.361453990053677785e+02
4.325381411816870809e+02
4.289760951581473023e+02
4.254613742865928430e+02
4.219966229214941791e+02
4.185844088433545380e+02
4.152262043015264794e+02
4.119258893126071825e+02
4.086862953111673846e+02
4.055141543161212780e+02
4.024175573307965124e+02
3.994113622811717619e+02
3.965167481220901777e+02
3.937668402992901520e+02
3.912138411010657819e+02
3.889224395437576618e+02
3.869956568667647048e+02
3.855078369345367832e+02
3.847862067759383535e+02
3.846996413622835576e+02
3.851862815731233241e+02
3.861487146598396407e+02
3.874158710623639763e+02
3.888039611539449538e+02
3.901665251566748225e+02
3.913775869774797229e+02
3.923756550906662142e+02
3.932050047860767563e+02
3.939483557551426429e+02
3.947961797890753246e+02
3.958963870162032208e+02
3.973867575040234215e+02
3.993056275602179426e+02
4.015961236041579809e+02
4.041856819187648284e+02
4.069285637770196331e+02
4.096664665814165573e+02
4.122082095720621737e+02
4.143277484634743359e+02
4.158368559944534013e+02
4.166527864489319199e+02
4.166644865141244054e+02
4.160658057595965715e+02
4.149378731858862466e+02
4.134024570914064043e+02
4.115850537339454149e+02
4.095710837470240904e+02
4.074447295473625559e+02
4.052584234194117130e+02
4.030514736621325937e+02
4.008531146462033803e+02
3.986771648660040910e+02
3.965349888220427488e+02
3.944298092008630761e+02
3.923608399218696832e+02
3.903272341363743294e+02
3.883240363726844180e+02
3.863472167877904440e+02
3.843942307034728856e+02
3.824604007397064152e+02
3.805464442045692977e+02
3.786506529546285265e+02
3.767742459683521474e+02
3.749199407307218621e+02
3.730879272691668689e+02
3.712780858128619457e+02
3.695334146430938063e+02
3.678097419203632512e+02
3.661080094037413346e+02
3.644279481399728979e+02
3.627709312324535631e+02
3.611350217498940083e+02
3.595202632042644382e+02
3.579252942115283531e+02
3.563489081524101607e+02
3.547911574758652478e+02
3.532514226810083073e+02
3.517304118467853300e+02
3.502294995926103525e+02
3.487505209861068920e+02
3.472967952008216912e+02
3.458726534020171925e+02
3.444826193852283041e+02
3.431333952796691733e+02
3.418318033721359939e+02
3.405854602476231321e+02
3.394043212893719215e+02
3.382961342164251164e+02
3.372719079902851149e+02
3.363213146947937844e+02
3.355023541477488038e+02
3.348041896898697019e+02
3.342283373107241005e+02
3.337774362648189594e+02
3.334456629185650627e+02
3.332244747043208690e+02
3.331036289321932031e+02
3.330654102934487355e+02
3.330958867659886096e+02
3.331761414275022162e+02
3.332888635272419720e+02
3.334203415219189992e+02
3.335555262448944518e+02
3.336862211893653694e+02
3.338058191620179400e+02
3.339112953658942615e+02
3.340065685643338043e+02
3.340947943995956848e+02
3.341868900924412173e+02
3.342908444285504856e+02
3.344168234934629140e+02
3.345735416045651505e+02
3.347637961367695425e+02
3.349595633506338572e+02
3.353322012862963675e+02
3.357275446531747320e+02
3.361291515231081348e+02
3.365214619061662802e+02
3.368871877247871112e+02
3.372165453082689623e+02
3.374957245053512906e+02
3.377197158077052563e+02
3.378822332768303340e+02
3.379771119920754359e+02
3.380039285064131604e+02
3.379554072424519404e+02
3.378328014321141382e+02
3.376331899080575454e+02
3.373574722003085640e+02
3.370083080028040285e+02
3.365889338660043109e+02
3.361059257046908897e+02
3.355662358667518674e+02
3.349787068576026172e+02
3.343523704986144480e+02
3.336975183706506414e+02
3.330241673029088929e+02
3.322989507126556532e+02
3.316550568744816587e+02
3.310305244317842153e+02
3.304554029328883757e+02
3.299761247373884316e+02
3.296888531610582049e+02
3.297705126029682106e+02
3.305565345005950348e+02
3.326609919383248553e+02
3.368767024757314630e+02
3.442147103395707290e+02
3.554967112952957109e+02
3.721873001870181952e+02
3.949222214064352556e+02
4.219547648879170652e+02
4.475654683570193697e+02
4.673312657767447718e+02
4.801271455930938146e+02
4.876042200185911497e+02
4.914200296666220424e+02
4.930241198802987128e+02
4.931548504046179460e+02
4.923136158834150251e+02
4.907353508098269685e+02
4.886995815247486803e+02
4.862171640592414974e+02
4.835254128504038817e+02
4.806908471269143774e+02
4.777557364422540900e+02
4.747551207201807415e+02
4.717071482223894350e+02
4.686284471465964998e+02
4.655295120775880378e+02
4.624178984884009651e+02
4.593012990197792078e+02
4.561841456249595126e+02
4.530720156002847716e+02
4.499683132367629241e+02
4.468770247338316608e+02
4.438011831859683980e+02
4.407437596186480278e+02
4.377074487893318633e+02
4.346942106441110241e+02
4.317067181043158257e+02
4.287461812481552101e+02
4.258151503876179049e+02
4.229146614792586547e+02
4.200467013407155719e+02
4.172937378078535176e+02
4.145486556930157462e+02
4.118424583391864076e+02
4.091747065831576720e+02
4.065471940119737155e+02
4.039601464124490917e+02
4.014145018279759825e+02
3.989117860107235742e+02
3.964518816516546167e+02
3.940368830877396817e+02
3.916666418050658649e+02
3.893425218089542454e+02
3.870652267505558370e+02
3.848347532346942330e+02
3.826526124858667117e+02
3.805180763345241530e+02
3.784322527087921912e+02
3.763948761455637850e+02
3.744058290585593340e+02
3.724656844066308281e+02
3.705733712649071094e+02
3.687294614532744390e+02
3.669329882864116144e+02
3.651836545492735695e+02
3.635211720596558962e+02
3.618963727851522094e+02
3.603165721019491343e+02
3.587803972896339815e+02
3.572871562206727845e+02
3.558359615397955622e+02
3.544255601216619880e+02
3.530555049182061680e+02
3.517245569239084944e+02
3.504322859499355900e+02
3.491781773338453263e+02
3.479617798637120814e+02
3.467833694751728331e+02
3.456428790987258139e+02
3.445412815780229607e+02
3.434793765728350650e+02
3.424587939831786798e+02
3.414821759125977678e+02
3.405549057930586514e+02
3.396925528291708360e+02
3.389444431028009603e+02
3.384999324852964833e+02
3.389864152157573471e+02
3.427807011391855667e+02
3.556290053657992871e+02
3.840947693155650882e+02
4.173887277942573064e+02
4.442276364923240521e+02
4.777912111097656407e+02
5.283621551077670802e+02
5.745156856519114399e+02
6.021794746234163540e+02
6.244152443511754882e+02
6.455683760693307249e+02
6.599864693845497641e+02
6.663431283890568011e+02
6.672654815322197237e+02
6.649376333961666887e+02
6.612825956516487622e+02
6.570513472550268261e+02
6.524649754588374435e+02
6.475919304261376510e+02
6.424730997745944023e+02
6.371321088599053155e+02
6.315972551784617508e+02
6.258914603591017567e+02
6.200369780887526758e+02
6.140612164891275597e+02
6.080981063374750875e+02
6.019994627991235348e+02
5.958716586001193036e+02
5.897348046065239942e+02
5.836118151764713957e+02
5.775187956773417000e+02
5.714714667822674983e+02
5.654837449634445647e+02
5.595639711549818003e+02
5.537226454037794383e+02
5.479644672389654261e+02
5.422944097061156299e+02
5.367166344494141867e+02
5.312310908949000350e+02
5.258413792417477453e+02
5.205455709095581369e+02
5.153448061435267391e+02
5.102386556336147123e+02
5.052250041746704028e+02
5.003050765458381193e+02
4.954754449112732573e+02
4.907367058877405839e+02
4.860867876142656883e+02
4.815237593646783694e+02
4.771839813075311554e+02
4.728477197435483390e+02
4.685955711252055380e+02
4.644227084353340160e+02
4.603260411532652938e+02
4.563018419672875439e+02
4.523453019195129059e+02
4.484533471212533868e+02
4.446210800221151658e+02
4.408457204516287788e+02
4.371233637689995248e+02
4.334513903883093349e+02
4.298276243264567142e+02
4.262496716032305812e+02
4.227170405031505993e+02
4.192279527436559192e+02
4.157826926360406787e+02
4.123807338156176456e+02
4.090222549579037263e+02
4.057080415252061130e+02
4.024379648285909639e+02
3.992133162296350974e+02
3.960342700927786268e+02
3.929017087915055413e+02
3.898808781781753510e+02
3.868492427858341784e+02
3.839545012218474653e+02
3.814519660586241230e+02
3.797791788234868591e+02
3.787046802034984125e+02
3.775657582865903237e+02
3.768741304929365583e+02
3.782466283611401536e+02
3.833170795285711847e+02
3.892436191929722327e+02
3.918622203673413082e+02
3.926683542159375406e+02
3.943492001837374232e+02
3.997418730169563901e+02
4.088445076412378967e+02
4.161015661535433878e+02
4.188244361168489149e+02
4.188611879819878823e+02
4.181223572944135753e+02
4.176141422599219482e+02
4.185698719481542298e+02
4.227106287744973656e+02
4.309117239201525535e+02
4.392832298289929440e+02
4.441119341005293677e+02
4.455205598442611858e+02
4.463505234430712676e+02
4.493313192884224918e+02
4.569789117002803778e+02
4.672826270350880691e+02
4.742214798204916519e+02
4.775589482644840587e+02
4.811405783371152438e+02
4.891069559831610718e+02
5.014460456757625479e+02
5.132425168709366972e+02
5.195026427326298517e+02
5.202811449936504005e+02
5.181120394396360780e+02
5.148007067126928860e+02
5.110921339328077124e+02
5.073008123813834231e+02
5.035405413336713991e+02
4.998894200973546162e+02
4.964295266512572766e+02
4.933021699436911263e+02
4.906583730571283013e+02
4.883323504011456748e+02
4.862636590281382496e+02
4.839526975965181919e+02
4.809467009021940385e+02
4.773537014893232708e+02
4.734289583069067930e+02
4.693834360866568431e+02
4.653312395938351642e+02
4.613201656318933601e+02
4.573757549616408937e+02
4.535064487026577353e+02
4.497163635854430481e+02
4.460086449320087354e+02
4.423827745953519752e+02
4.388417328033958142e+02
4.353850946047684829e+02
4.320148979310846471e+02
4.287331369681045317e+02
4.255403386976706201e+02
4.224409256895291378e+02
4.194349513179047904e+02
4.165268200160079459e+02
4.137184709274421266e+02
4.110120442224087469e+02
4.084488422059228014e+02
4.059972684186671472e+02
4.036536618810786763e+02
4.014171065522062918e+02
3.992894200376532012e+02
3.972714092776587336e+02
3.953618354173184457e+02
3.935629218664776658e+02
3.918721256244037932e+02
3.902916156345253285e+02
3.888202463485314411e+02
3.874590800364155712e+02
3.862096629219504393e+02
3.850728406482894570e+02
3.840539870005813441e+02
3.831552152765807477e+02
3.823859429825614029e+02
3.817521373963193128e+02
3.812649429469186089e+02
3.809374458060305528e+02
3.807778321908045882e+02
3.808023186329792793e+02
3.810097222707577771e+02
3.814019031575068084e+02
3.819475549879218761e+02
3.825947358799118660e+02
3.833353914628939378e+02
3.841238646566517900e+02
3.849100401153166331e+02
3.856511615534266184e+02
3.863064185454797439e+02
3.868412499135292251e+02
3.872370237285824714e+02
3.874662871533235489e+02
3.875241033762790153e+02
3.873966150605756411e+02
3.870777744447325972e+02
3.865691610369929663e+02
3.858670305855425795e+02
3.849810723598023969e+02
3.839176977628856662e+02
3.826882838914667673e+02
3.813087095446474564e+02
3.797923855376905067e+02
3.781573499299871060e+02
3.764201875380940123e+02
3.745962204420929424e+02
3.727023972346498795e+02
3.707806016457068381e+02
3.687774648684878116e+02
3.667522079937994022e+02
3.647139762812129220e+02
3.626724414935692380e+02
3.606345216188518066e+02
3.586069256169536743e+02
3.565958504988920481e+02
3.546054731231321853e+02
3.526411894775769156e+02
3.507062786095783622e+02
3.488046588794704235e+02
3.469400746354538114e+02
3.451149160109890772e+02
3.433334405259662390e+02
3.415975504869390988e+02
3.399109733889254699e+02
3.382764742586750231e+02
3.366964255907429902e+02
3.351747076443016340e+02
3.337126987476971749e+02
3.323140981877587024e+02
3.309805065172284344e+02
3.297139483933747783e+02
3.285383081956031788e+02
3.274217263199021204e+02
3.263730495106213425e+02
3.253906003247807917e+02
3.244736333318898005e+02
3.236202738812702933e+02
3.228272990598733259e+02
3.220922543250075023e+02
3.214106491967227726e+02
3.207786359251375075e+02
3.201918727163710514e+02
3.196453465390238762e+02
3.191349574872307358e+02
3.186559490902387211e+02
3.182042311360672215e+02
3.177764159364888314e+02
3.173684965521047161e+02
3.169783195316128399e+02
3.166027904032662832e+02
3.162400298437058836e+02
3.158883223394044535e+02
3.155454811807413193e+02
3.152106875336128269e+02
3.148815375685080085e+02
3.145440471691597963e+02
3.142093378411375397e+02
3.138719987109111003e+02
3.135303880572615753e+02
3.131822025486397933e+02
3.128257756422502212e+02
3.124591664456858098e+02
3.120804881419421122e+02
3.116885538447627937e+02
3.112821257079874044e+02
3.108604685112381389e+02
3.104236120633183305e+02
3.099715674904865637e+02
3.095055541382625961e+02
3.090270178610071525e+02
3.085378033584566992e+02
3.080409537090489493e+02
3.075390929000626556e+02
3.070361704189330680e+02
3.065360513044579989e+02
3.060427393637426690e+02
3.055613485297241709e+02
3.050958783596793751e+02
3.046517288209383878e+02
3.042305604921040754e+02
3.038574225261724564e+02
3.035240733737076084e+02
3.032341562182808730e+02
3.029928076293721801e+02
3.028032285285341345e+02
3.026685663994156243e+02
3.025917036656259143e+02
3.025732943023802477e+02
3.026150387710042651e+02
3.027157331361134425e+02
3.028742083466121358e+02
3.030881624149841400e+02
3.033531901927714785e+02
3.036654659410361887e+02
3.040187263794827572e+02
3.044066681120626754e+02
3.048225096928746893e+02
3.052581311321507087e+02
3.057063214200642847e+02
3.061593782675641364e+02
3.066096015699340001e+02
3.070508684240897992e+02
3.074761391223893838e+02
3.078624343283376561e+02
3.082320908666319497e+02
3.085683051563618733e+02
3.088691909110497136e+02
3.091321158702943990e+02
3.093564956472319523e+02
3.095420921052848939e+02
3.096885641530732869e+02
3.097974776797910863e+02
3.098691680214632242e+02
3.099054617684051323e+02
3.099079578866807196e+02
3.098779883393308410e+02
3.098180485146796741e+02
3.097292429211375975e+02
3.096141122048773013e+02
3.094744618004901895e+02
3.093121031812573847e+02
3.091296277324192374e+02
3.089284110136598542e+02
3.087112244666259357e+02
3.084798091626485075e+02
3.082363796418296147e+02
3.079833842006200939e+02
3.077029167487067980e+02
3.074208870705035679e+02
3.071332014476784593e+02
3.068422017821421264e+02
3.065499714175595614e+02
3.062581147765727678e+02
3.059684538528384223e+02
3.056822725535166114e+02
3.054007477660649670e+02
3.051247433628079762e+02
3.048549316475284741e+02
3.045914851027548025e+02
3.043347506809544143e+02
3.040842826749180858e+02
3.038398052237449178e+02
3.036007784736954136e+02
3.033660048361350050e+02
3.031350547931391475e+02
3.029063375981702393e+02
3.026790889854151487e+02
3.024521026753990327e+02
3.022239767500086032e+02
3.019942855995930131e+02
3.017615709684914691e+02
3.015306616477265038e+02
3.012897574693059255e+02
3.010486649978099649e+02
3.008079443163654219e+02
3.005674051810303808e+02
3.003280238994954061e+02
3.000901368874784225e+02
2.998546737144720851e+02
2.996226009857121539e+02
2.993950919728546296e+02
2.991735052614928918e+02
2.989595943704633783e+02
2.987552758546436280e+02
2.985630860416138148e+02
2.983867932172943824e+02
2.982306920728125306e+02
2.981028220273516354e+02
2.980137095989878731e+02
2.979825501765355966e+02
2.980414607146522599e+02
2.982465462634711457e+02
2.987048326747936358e+02
2.996007512650774629e+02
3.012988283476343554e+02
3.045242311792216015e+02
3.101638986873704198e+02
3.190531796579488741e+02
3.306221999022504292e+02
3.429715366491277564e+02
3.547469138606143133e+02
3.660370203207979785e+02
3.770682407886993133e+02
3.875196785015616001e+02
3.963427894922458563e+02
4.029977757542094992e+02
4.074576162968189692e+02
4.102828903102364961e+02
4.118836642497994376e+02
4.125722243288342952e+02
4.125308854562445617e+02
4.119169161173969087e+02
4.108347570039707080e+02
4.094038951912781954e+02
4.077021009521552628e+02
4.058054082235067881e+02
4.037710966377569548e+02
4.016386766665749519e+02
3.994456734420651856e+02
3.971666561919752780e+02
3.950668315077147668e+02
3.929449700089925841e+02
3.908107190663612869e+02
3.886734175555676529e+02
3.865380307267056423e+02
3.844100649552245841e+02
3.822934543616949554e+02
3.801909331766087234e+02
3.781061111279060469e+02
3.760408972577248505e+02
3.739980620028414933e+02
3.719800540336365202e+02
3.699890399280471343e+02
3.680282939314495252e+02
3.661006696499623558e+02
3.642097220033843428e+02
3.623602295209597628e+02
3.605568742584189295e+02
3.588065464121187347e+02
3.571174597998121385e+02
3.554977690015094254e+02
3.539609497243493479e+02
3.525162163623191987e+02
3.511290286548994004e+02
3.499720545608357156e+02
3.489324624535315706e+02
3.480163933294505796e+02
3.472111400438583928e+02
3.465078088357104207e+02
3.458849889457873701e+02
3.453319635313936828e+02
3.448384236492203172e+02
3.444103409932794762e+02
3.440628351029758392e+02
3.438174367440064998e+02
3.437121300988484336e+02
3.437740104742665039e+02
3.440432623546378181e+02
3.445412293474382182e+02
3.452779102049675544e+02
3.462536592181320430e+02
3.474377697834561900e+02
3.488104365730240488e+02
3.503285620492727048e+02
3.519733378468354204e+02
3.537188924735906994e+02
3.555514740051784770e+02
3.576407424622919393e+02
3.597900623639956734e+02
3.619590392307044340e+02
3.641295106365029142e+02
3.663068039109361393e+02
3.684747663966560367e+02
3.706354631377142255e+02
3.727812824284229123e+02
3.748995069211546820e+02
3.769898266250508527e+02
3.790205969107530564e+02
3.809854450120839147e+02
3.828396096246986531e+02
3.845617695394670932e+02
3.861046762269211285e+02
3.874391598149578044e+02
3.885316249387653897e+02
3.893529138615423335e+02
3.898924357165003585e+02
3.901304499160532373e+02
3.900783972420081795e+02
3.897325583253924037e+02
3.891173376086267695e+02
3.882455268916077671e+02
3.871526340385696017e+02
3.858469357374283959e+02
3.843626385298020978e+02
3.827310473201359855e+02
3.809740800195111206e+02
3.791193565127737770e+02
3.771870829564877567e+02
3.751975708870526205e+02
3.731688042893648571e+02
3.711155124652296990e+02
3.690526103823893891e+02
3.669922617684967463e+02
3.649471854810011564e+02
3.629284535363092346e+02
3.609487733790523407e+02
3.590198807248257253e+02
3.571563993218623523e+02
3.553748785980146749e+02
3.536937986023061171e+02
3.521413577149158982e+02
3.507449308107376282e+02
3.495490573354171033e+02
3.486010725107201438e+02
3.479571731363490130e+02
3.476798375051210428e+02
3.477905297056105383e+02
3.483441943331602033e+02
3.493018525534229752e+02
3.505861297383795545e+02
3.520759424833579487e+02
3.536458580855488094e+02
3.551838171744064994e+02
3.566405853308047540e+02
3.579735332831346568e+02
3.591704037006577437e+02
3.602145209358519651e+02
3.610794192538749030e+02
3.617494103568350283e+02
3.621941882510873256e+02
3.623980838870049297e+02
3.623504598401429462e+02
3.620485250161865451e+02
3.615072522812603779e+02
3.607446973547849893e+02
3.597887798521442733e+02
3.586702303247494683e+02
3.574183994618573479e+02
3.560632997755649285e+02
3.546794607377858028e+02
3.532234370569290149e+02
3.517373503501083292e+02
3.502334203523843144e+02
3.487215569974991354e+02
3.472093664054081614e+02
3.457020197271387474e+02
3.442039139484583643e+02
3.427176374374686247e+02
3.412451268128667152e+02
3.397886220650675568e+02
3.383491980063217284e+02
3.369302680133546346e+02
3.355356896301319694e+02
3.341730741482717804e+02
3.328557445927251024e+02
3.316058600889061836e+02
3.304570470625840812e+02
3.294655875737861948e+02
3.286907699321398013e+02
3.281999881503979850e+02
3.280217249667097690e+02
3.281254475558317267e+02
3.284459391830175718e+02
3.289112453579438693e+02
3.294707945586364986e+02
3.301316815191605087e+02
3.308402101895622991e+02
3.314993192300711371e+02
3.320225387290323624e+02
3.323470485092683475e+02
3.324943051174126367e+02
3.325161361588592399e+02
3.324849863014804896e+02
3.324787338499721727e+02
3.325570491334538019e+02
3.327793092672009720e+02
3.331805791130531702e+02
3.337996157194001512e+02
3.346415973427619974e+02
3.357095670866034425e+02
3.369787400230209755e+02
3.384036732688420557e+02
3.399330265988521660e+02
3.415005990801116695e+02
3.430506831438586914e+02
3.445457711259175539e+02
3.459694074761800380e+02
3.472396826392700291e+02
3.484463610731631320e+02
3.496434005843903492e+02
3.508730913709828201e+02
3.521716104444852817e+02
3.535572865587869273e+02
3.550398300009605350e+02
3.566037576136820917e+02
3.582231384935670917e+02
3.598526950356769021e+02
3.614411920176922308e+02
3.629343909195795277e+02
3.642779429873927484e+02
3.654383812948727837e+02
3.663794372452292123e+02
3.670988002159966754e+02
3.675884254336374397e+02
3.678601396578745835e+02
3.679270884359608544e+02
3.678008111306277783e+02
3.675011275765725145e+02
3.670426655190452720e+02
3.664455478960105665e+02
3.657325890154568242e+02
3.649352624518907646e+02
3.641086329264759343e+02
3.632431971656696419e+02
3.623631002607983191e+02
3.614942268643614511e+02
3.606522627430923649e+02
3.598505950601668246e+02
3.590944100442521858e+02
3.583805834519473592e+02
3.577029360437805394e+02
3.570502538918499340e+02
3.564079532845588005e+02
3.557682924718492359e+02
3.551190051842299908e+02
3.544574938942180324e+02
3.537832810189801762e+02
3.530948914898842190e+02
3.524032398753478219e+02
3.517090772946566517e+02
3.510240879363994395e+02
3.503531035266537401e+02
3.497016043531452851e+02
3.490770802883012038e+02
3.484785327320228134e+02
3.478839042820358145e+02
3.473830485603306784e+02
3.468956797364295994e+02
3.464172270683605461e+02
3.459422865462531718e+02
3.454653572106246315e+02
3.449792602751712138e+02
3.444787505003554315e+02
3.439564109803488350e+02
3.434090961092670682e+02
3.428298642697211562e+02
3.422176368103941968e+02
3.415678213161886561e+02
3.408794038684466159e+02
3.401515911509851549e+02
3.393823034082221852e+02
3.385742603637257844e+02
3.377253980293684776e+02
3.368398017655982244e+02
3.359175841799954583e+02
3.349620080321610089e+02
3.339764517432082016e+02
3.329628043286538741e+02
3.319266287798020016e+02
3.308370820471561728e+02
3.297276528618083944e+02
3.286072019129275645e+02
3.274805425919180948e+02
3.263527173579994951e+02
3.252273624322501178e+02
3.241095143880424416e+02
3.230025775733392948e+02
3.219106966420195590e+02
3.208373268588058522e+02
3.197857505042620687e+02
3.187588738576657192e+02
3.177596823270046116e+02
3.167904364937142532e+02
3.158536213702184341e+02
3.149514348449367276e+02
3.140852339302803102e+02
3.132575575039824116e+02
3.124688372436668828e+02
3.117211687662533564e+02
3.110151612244956709e+02
3.103512465166342054e+02
3.097309176496245300e+02
3.091526715601611954e+02
3.086223159598807797e+02
3.081921587087917374e+02
3.078123626939869837e+02
3.074849100065399057e+02
3.072102668870629714e+02
3.069922926838070794e+02
3.068319114011725333e+02
3.067342422114799660e+02
3.067038861763178943e+02
3.067469072185060099e+02
3.068726494996979568e+02
3.070881806176138866e+02
3.074040005415075143e+02
3.078252894687977914e+02
3.083559210407875639e+02
3.089981175039250729e+02
3.097517642609254835e+02
3.106301876458654760e+02
3.116438768049008559e+02
3.128185108396016858e+02
3.141664681192431772e+02
3.156887463825241866e+02
3.173694718253732390e+02
3.191593053385136614e+02
3.211872675420431733e+02
3.232068664432615037e+02
3.251082289301785977e+02
3.268250010530272789e+02
3.283266797773413259e+02
3.295861637345212785e+02
3.306168527281995466e+02
3.314483015522615688e+02
3.321623997485767745e+02
3.329618334438838474e+02
3.342571611183578284e+02
3.370607316504664368e+02
3.433177398373517235e+02
3.558641349149949065e+02
3.767735706899732691e+02
4.033477092048255486e+02
4.289168445686001974e+02
4.489494699871594321e+02
4.647233813152500375e+02
4.800111101287430984e+02
4.963310693760494701e+02
5.120573489678579335e+02
5.243899798946674764e+02
5.320711403598528477e+02
5.360050822750414454e+02
5.378670786364326659e+02
5.389108831697444657e+02
5.397942282016913396e+02
5.408876327137483031e+02
5.423636560287593511e+02
5.443342519438373301e+02
5.468686235655760584e+02
5.499823161805314840e+02
5.536939857516790653e+02
5.579658497297047006e+02
5.627197252530659171e+02
5.678672463057897630e+02
5.732335734520809183e+02
5.786507928907881251e+02
5.839543713919842958e+02
5.889708447268019427e+02
5.936303907000874460e+02
5.978797786195051458e+02
6.017102949243102330e+02
6.051683259014240548e+02
6.082430632943201090e+02
6.109557981819389170e+02
6.132863403674039091e+02
6.151803713190853387e+02
6.166515109886827304e+02
6.176246901764050108e+02
6.180196512045988584e+02
6.177995738602171514e+02
6.169540677495871250e+02
6.155759727871925406e+02
6.137677261923631704e+02
6.116359828308139868e+02
6.092816912173442461e+02
6.067687690715448525e+02
6.041561846469887769e+02
6.014796044516978100e+02
5.987667098867880213e+02
5.960384456065105496e+02
5.933083678374945293e+02
5.905889835006913700e+02
5.878885329834211007e+02
5.852139160447239874e+02
5.825705679636461127e+02
5.799618054674143650e+02
5.773903493260584128e+02
5.748568919925259024e+02
5.723610304095326455e+02
5.698821799836246100e+02
5.674392082784366949e+02
5.650196966364461559e+02
5.626192362317032121e+02
5.602321597452936430e+02
5.578538145085908582e+02
5.554792606199953298e+02
5.531037624853762509e+02
5.507243756702320070e+02
5.483369935530636212e+02
5.459400641222100603e+02
5.435310761061313087e+02
5.411087819688031004e+02
5.386725490541263071e+02
5.362209578935581931e+02
5.337545863917524684e+02
5.312721488866829986e+02
5.287743579656798829e+02
5.262608813419170701e+02
5.237319555702118805e+02
5.211886391518139590e+02
5.186310311800227737e+02
5.160612186877591512e+02
5.134802627334320277e+02
5.108424305332118820e+02
5.082602800305309074e+02
5.056790902511973513e+02
5.031032411316226103e+02
5.005371026940292154e+02
4.979858151224239009e+02
4.954542174069673024e+02
4.929481865380538466e+02
4.904725306355528573e+02
4.880335856226748206e+02
4.856360293952923826e+02
4.832849789996010941e+02
4.809854913562841148e+02
4.787407090709787099e+02
4.765557430226099882e+02
4.744326253386826124e+02
4.723761109621765968e+02
4.703892165569714052e+02
4.684776622744239489e+02
4.666486163220273511e+02
4.649112408504056475e+02
4.632815114110061927e+02
4.617735091436308608e+02
4.604137158280477706e+02
4.591636490209228896e+02
4.582124854074676250e+02
4.574660336846119435e+02
4.569139156824631414e+02
4.565361145249779042e+02
4.562821386405744306e+02
4.560905289733904624e+02
4.558975616709197993e+02
4.556345063997427474e+02
4.552431168319112658e+02
4.546858857939988638e+02
4.539255669720058677e+02
4.529569898852346910e+02
4.517779600520843246e+02
4.503944693902327572e+02
4.488330563396825141e+02
4.471079147759219836e+02
4.452506872055781741e+02
4.432834845222751028e+02
4.412268937062915484e+02
4.391038390342313278e+02
4.369256197457453368e+02
4.347073183725086096e+02
4.324562689374359934e+02
4.301030805606711169e+02
4.277359657717789787e+02
4.253385936356433490e+02
4.229138545561756928e+02
4.204638796919203969e+02
4.179878403701943057e+02
4.154892100393375927e+02
4.129685475713475853e+02
4.104281506595020801e+02
4.078730410013916980e+02
4.053044455957957553e+02
4.027299454497348847e+02
4.001533467450449848e+02
3.975806715948514807e+02
3.950195391180401998e+02
3.924736774302078288e+02
3.899517784555998787e+02
3.874580095411516254e+02
3.849983461194001393e+02
3.825788065237770184e+02
3.802021740775696230e+02
3.778744821895912196e+02
3.755976058697820577e+02
3.733749393116291344e+02
3.711867645756352658e+02
3.690560790297994345e+02
3.669870406280287511e+02
3.649780344376504218e+02
3.630285911152527660e+02
3.611377559519207807e+02
3.593026450290570324e+02
3.575222993321492595e+02
3.557932849779879234e+02
3.541130741304077674e+02
3.524792554721779538e+02
3.508878371424915485e+02
3.493366967399251735e+02
3.478219281447170488e+02
3.463405708955648947e+02
3.448899342554688587e+02
3.434664613695917410e+02
3.420680841903515557e+02
3.406917186675655671e+02
3.393352436244799719e+02
3.379966715358740430e+02
3.366742845984949213e+02
3.353668299875894832e+02
3.340734292645453252e+02
3.327883618746883485e+02
3.315062113285493979e+02
3.302381777598610597e+02
3.289845821997919302e+02
3.277470362458500972e+02
3.265264091454274080e+02
3.253240633476789299e+02
3.241418260159412625e+02
3.229803890454163025e+02
3.218419284207850524e+02
3.207270773795697210e+02
3.196372103131214431e+02
3.185736182390886029e+02
3.175365435498357556e+02
3.165275603478577864e+02
3.155466226285565767e+02
3.145947565162443311e+02
3.136726610434684517e+02
3.127806399127189820e+02
3.119202676093328250e+02
3.110919619206437119e+02
3.102979468810626713e+02
3.095400135840197322e+02
3.088209412100720783e+02
3.081443298309719125e+02
3.075143503053671452e+02
3.069388462716726735e+02
3.064250677768200717e+02
3.059836104380927964e+02
3.056275506687132406e+02
3.053719165629287886e+02
3.052371259752946457e+02
3.052444496255272952e+02
3.054213409488043567e+02
3.057967504600421194e+02
3.064004603193246794e+02
3.072641198588891029e+02
3.084099360714733962e+02
3.098583560720182959e+02
3.116136334390369029e+02
3.136652366757629125e+02
3.159926710062890720e+02
3.185479561372094963e+02
3.212840556758956154e+02
3.241268598014693794e+02
3.270065001998875118e+02
3.298382220263287081e+02
3.325450489702505479e+02
3.350003769667017082e+02
3.371504274493702269e+02
3.390076074461237567e+02
3.405510885966226056e+02
3.417758578915190242e+02
3.426831143706775720e+02
3.432953277456164187e+02
3.436283725755757246e+02
3.437158806542760203e+02
3.435816335082656678e+02
3.432584120907381475e+02
3.427735715662145140e+02
3.421527926778191500e+02
3.414218234904500378e+02
3.405993324645768894e+02
3.397058930044677822e+02
3.387555732820111416e+02
3.377623692250519412e+02
3.367371544779097121e+02
3.356886794408139281e+02
3.346250869838653443e+02
3.335518724236674188e+02
3.324746260894992815e+02
3.313970856229116180e+02
3.303195986169265552e+02
3.292589844305479687e+02
3.282050564288437613e+02
3.271597869832290257e+02
3.261247491647021661e+02
3.251012630644420938e+02
3.240903229271808073e+02
3.230929347429058680e+02
3.221096539389833993e+02
3.211413993382454919e+02
3.201884561238955484e+02
3.192513637882734088e+02
3.183305354571408543e+02
3.174260059386367061e+02
3.165382738064491264e+02
3.156671101902289251e+02
3.148127724212543512e+02
3.139751447228581469e+02
3.131538769443301931e+02
3.123490697974599470e+02
3.115599802450818174e+02
3.107866580384419422e+02
3.100283886871478671e+02
3.092847808377007368e+02
3.085507666215314657e+02
3.078324722554683603e+02
3.071270357299663942e+02
3.064339150475975657e+02
3.057531151033683727e+02
3.050845601836089713e+02
3.044281172242267530e+02
3.037841829048880413e+02
3.031527067853659219e+02
3.025343209535547544e+02
3.019293364017959220e+02
3.013383687831392876e+02
3.007622146438695268e+02
3.002013558572423904e+02
2.996568494725906362e+02
2.991292507444019293e+02
2.986195500915328580e+02
2.981285295026102062e+02
2.976567439720954553e+02
2.972051840995804923e+02
2.967740377289123330e+02
2.963641654988396681e+02
2.959756677698821932e+02
2.956088143197827662e+02
2.952634473517555307e+02
2.949451047613113133e+02
2.946471826549461639e+02
2.943689162933183638e+02
2.941100608326632937e+02
2.938699009672345710e+02
2.936475695907330419e+02
2.934424578041906102e+02
2.932533012746507097e+02
2.930793640697114597e+02
2.929193441639901039e+02
2.927721912766347145e+02
2.926367666691870113e+02
2.925117756259605244e+02
2.923961808505067097e+02
2.922886852683586767e+02
2.921882738981004763e+02
2.920937956092258219e+02
2.920042529190391747e+02
2.919186687178918191e+02
2.918361639910443159e+02
2.917559246792012573e+02
2.916772323979969315e+02
2.915994684919369888e+02
2.915196020149173251e+02
2.914407458431561508e+02
2.913612503814133561e+02
2.912810222478441347e+02
2.911998917412537367e+02
2.911178844241152888e+02
2.910350548750207054e+02
2.909515444165223812e+02
2.908676558261061587e+02
2.907836712908188019e+02
2.907001470382430739e+02
2.906175687472627942e+02
2.905367544892947080e+02
2.904584455056216257e+02
2.903836650393519676e+02
2.903135368422788360e+02
2.902492251632522198e+02
2.901923000959322394e+02
2.901440183599816010e+02
2.901062557815905052e+02
2.900804979759865319e+02
2.900685830748398075e+02
2.900723577227573173e+02
2.900932783040850040e+02
2.901316895198487487e+02
2.901939293950195520e+02
2.902778905339350786e+02
2.903842046640682497e+02
2.905133804193571905e+02
2.906657786141505539e+02
2.908406160294327947e+02
2.910376232516379105e+02
2.912549786111200660e+02
2.914912548461899746e+02
2.917439331130444202e+02
2.920103262870815684e+02
2.922873956509261006e+02
2.925715128252172690e+02
2.928592685252979209e+02
2.931465762798488868e+02
2.934299209620183433e+02
2.937051797010595351e+02
2.939691115039329929e+02
2.942180575286070052e+02
2.944491962065130792e+02
2.946597387429915784e+02
2.948472858592357966e+02
2.950102583000996788e+02
2.951585775325089003e+02
2.952779791669646556e+02
2.953731411342848219e+02
2.954445660319894387e+02
2.954924343577734476e+02
2.955173217234103618e+02
2.955204189884013317e+02
2.955022480008983052e+02
2.954645633692955471e+02
2.954082017697400602e+02
2.953348296443104459e+02
2.952458698772635444e+02
2.951426335477927978e+02
2.950269850518041039e+02
2.949001538748240137e+02
2.947639758121877662e+02
2.946199744841165966e+02
2.944697296786999914e+02
2.943150733302243225e+02
2.941575484861724021e+02
2.939989673799218508e+02
2.938411228757273079e+02
2.936857066180062930e+02
2.935346643068766639e+02
2.933952064026638027e+02
2.932618884734956737e+02
2.931391322082818647e+02
2.930281225953200988e+02
2.929304694708141596e+02
2.928473665758983771e+02
2.927797077902824867e+02
2.927288169815649894e+02
2.926949300224534909e+02
2.926789610476747043e+02
2.926810085936780865e+02
2.927010474057630063e+02
2.927392878465094554e+02
2.927948869175353934e+02
2.928677536061535989e+02
2.929568959972226594e+02
2.930616009381133722e+02
2.931810324249187261e+02
2.933140024367982051e+02
2.934598143263888801e+02
2.936171503585342180e+02
2.937852949326127714e+02
2.939630571119477054e+02
2.941496055854693736e+02
2.943391299819434721e+02
2.945350118601895133e+02
2.947369169757691338e+02
2.949438086322063555e+02
2.951550771649610851e+02
2.953694656653506172e+02
2.955863754371098935e+02
2.958045386048260639e+02
2.960230514062172915e+02
2.962408512027953407e+02
2.964566754171265757e+02
2.966698791246355427e+02
2.968789601268063620e+02
2.970835054624448617e+02
2.972822660099441805e+02
2.974748410714435067e+02
2.976606665608006210e+02
2.978391677762368772e+02
2.980105030400983424e+02
2.981742633614304054e+02
2.983309112879935583e+02
2.984805096280352359e+02
2.986234555560952799e+02
2.987602158448224259e+02
2.988758260969972298e+02
2.989826978309230867e+02
2.990847407272950704e+02
2.991821501258285139e+02
2.992745347441566537e+02
2.993616704185333788e+02
2.994429427339233030e+02
2.995175838678794094e+02
2.995849853433576300e+02
2.996439018690089142e+02
2.996939191580075317e+02
2.997339420231605231e+02
2.997634603357400351e+02
2.997822142428622101e+02
2.997894334417636060e+02
2.997858949054113964e+02
2.997710368205172244e+02
2.997460081376335665e+02
2.997111940097047409e+02
2.996674019248896457e+02
2.996161002248236969e+02
2.995578530286127830e+02
2.994946609446326420e+02
2.994272440705661325e+02
2.993421460420008771e+02
2.992799347380902759e+02
2.992191332714535292e+02
2.991620787468545473e+02
2.991095514780961366e+02
2.990640819813230564e+02
2.990266712275163172e+02
2.989990344458437335e+02
2.989829714354433463e+02
2.989791249224771832e+02
2.989897564391991409e+02
2.990152898490967459e+02
2.990581030276874230e+02
2.991201812531564315e+02
2.992053290926095883e+02
2.993191830467345085e+02
2.994706801583147922e+02
2.996727571020068126e+02
2.999455093946628494e+02
3.003156505494865200e+02
3.008180686880483563e+02
3.015008526431961968e+02
3.024114727993375027e+02
3.036135019869590792e+02
3.051835743061883477e+02
3.072508480301087275e+02
3.097619769072044278e+02
3.126980689128736799e+02
3.160472168359390821e+02
3.197975696095534204e+02
3.239642788459726717e+02
3.286621441193273654e+02
3.340275335333479347e+02
3.403066060335202110e+02
3.476423708369413248e+02
3.560583245507403376e+02
3.652340198472576276e+02
3.746027216803448709e+02
3.834363966266288344e+02
3.911997334603038894e+02
3.975254096281732359e+02
4.024390802246946350e+02
4.061122241368203163e+02
4.088257867473888041e+02
4.108527162124029815e+02
4.123551307148272258e+02
4.134525580879386553e+02
4.141738777640251215e+02
4.143716396487447469e+02
4.142383782230314182e+02
4.137244594818018300e+02
4.128654425645722199e+02
4.117167901770117737e+02
4.103252256722874449e+02
4.087569223728089582e+02
4.070584781969851633e+02
4.052752472724299651e+02
4.034478741011280363e+02
4.016069150326274553e+02
3.997848314651311057e+02
3.980119086370442005e+02
3.963126788120832202e+02
3.947198266872984505e+02
3.932559605809322534e+02
3.919462900598858823e+02
3.908145364969492448e+02
3.898676876871824675e+02
3.891167250761475884e+02
3.885488845945117191e+02
3.881453490684076542e+02
3.878734022282121146e+02
3.876861431409158740e+02
3.875015358516509423e+02
3.872533591737871461e+02
3.869253950227654286e+02
3.864684711089414577e+02
3.858581462966700428e+02
3.850706978855681086e+02
3.841187628084410903e+02
3.830130106073015099e+02
3.817790927740874167e+02
3.804493655097415399e+02
3.790443111952109234e+02
3.775951124895694875e+02
3.761155918859084295e+02
3.746242558027852283e+02
3.731294589668860340e+02
3.716382537222665405e+02
3.701552682100866036e+02
3.686816266816859411e+02
3.672201543940405486e+02
3.657702206527710587e+02
3.643352229967185281e+02
3.629145240327626425e+02
3.615122109937232722e+02
3.601285372119035060e+02
3.587937801484009128e+02
3.574588653628815678e+02
3.561586379388248815e+02
3.548946495397701142e+02
3.536632032119835571e+02
3.524645469335521852e+02
3.512923920909850608e+02
3.501450519499268808e+02
3.490178082191177964e+02
3.479061018915837735e+02
3.468089803438568310e+02
3.457207664827869849e+02
3.446423618268993323e+02
3.435707216121322176e+02
3.425058453458886447e+02
3.414495734620507505e+02
3.404025698777457478e+02
3.393712477660244531e+02
3.383631014277230520e+02
3.373909211570405660e+02
3.364751164286187759e+02
3.356442309393481196e+02
3.349348611766703243e+02
3.343974382862635935e+02
3.340725694327161932e+02
3.341867868554571146e+02
3.346159348366990116e+02
3.353309383971815691e+02
3.363135314817944845e+02
3.375644097112865438e+02
3.391152362298126945e+02
3.410399934193960689e+02
3.433610655468849018e+02
3.460895525344521957e+02
3.491339628336726264e+02
3.523679959190076261e+02
3.556147171610141982e+02
3.587104425010634827e+02
3.614900537628531652e+02
3.638805411291021414e+02
3.658162988813140259e+02
3.673241829531832536e+02
3.684358408897897448e+02
3.692053278424622249e+02
3.696942912931150431e+02
3.699437741734296310e+02
3.700004377779661127e+02
3.698896693903785149e+02
3.696300541930639270e+02
3.693026276453352921e+02
3.688449580401999697e+02
3.682672116894704573e+02
3.675806226449564633e+02
3.667937933031270745e+02
3.659197188233903830e+02
3.649677593912549582e+02
3.639493408098979899e+02
3.628747926593646298e+02
3.617521689038907198e+02
3.605906996905419533e+02
3.593959801103382574e+02
3.581744361976913638e+02
3.569307947117603703e+02
3.556683907657728128e+02
3.543913290872179118e+02
3.531015248082044309e+02
3.518020547495443680e+02
3.504950891089229685e+02
3.491823738034909184e+02
3.478667105811157398e+02
3.465491526999190341e+02
3.452325714228448419e+02
3.439073895965426573e+02
3.426098431684396814e+02
3.413153692446778109e+02
3.400252062434478830e+02
3.387419669491889636e+02
3.374668309011031511e+02
3.362016287368227836e+02
3.349479904431682940e+02
3.337068428200113885e+02
3.324800064595664253e+02
3.312681033100128047e+02
3.300725674729409320e+02
3.288944378989365305e+02
3.277346383752412748e+02
3.265949843557600047e+02
3.254772678923121703e+02
3.243854157777785758e+02
3.233274402167197081e+02
3.223213495877292871e+02
3.214108655683081111e+02
3.207203648018054878e+02
3.205381260207560103e+02
3.216781667890901417e+02
3.255972539945075823e+02
3.341040259847721359e+02
3.463892076154870097e+02
3.600525497383214883e+02
3.762302022082516828e+02
3.997104971794976791e+02
4.366337596549852833e+02
4.872158857341458997e+02
5.352885465647997307e+02
5.715458087116516026e+02
5.998593090946549182e+02
6.173434869708901260e+02
6.253196288960764377e+02
6.301208277556968369e+02
6.343289236571580432e+02
6.370709464017070331e+02
6.385726198604403407e+02
6.396535553786794708e+02
6.407159787048097996e+02
6.418993952142301396e+02
6.432579005334438307e+02
6.447940522650624189e+02
6.464943692895412823e+02
6.483181442768023999e+02
6.502146220657365348e+02
6.521211306752149994e+02
6.539316303241064361e+02
6.556450505313270014e+02
6.572396871655928408e+02
6.587076385930690776e+02
6.600735089641534614e+02
6.613771306800449565e+02
6.626840589554716416e+02
6.640562865874400131e+02
6.655685455102217247e+02
6.672566162644515089e+02
6.691394606431820193e+02
6.711685152048878535e+02
6.732454247272080465e+02
6.752166098775372802e+02
6.768979109276947383e+02
6.781223679324542672e+02
6.787401926247695201e+02
6.786886700320362706e+02
6.779227690100696009e+02
6.764993114360245272e+02
6.744712290926613605e+02
6.719629080668953520e+02
6.690782581239348019e+02
6.659341093893647212e+02
6.626430128160498043e+02
6.593228677579885471e+02
6.560584569074173942e+02
6.529189535029231592e+02
6.499691060510266425e+02
6.472513379910733420e+02
6.448131947231672711e+02
6.426729696934536378e+02
6.408564686354502555e+02
6.393595117738502722e+02
6.381774665570463867e+02
6.372834795933021041e+02
6.366398081000307911e+02
6.361996611927258982e+02
6.358992241278082247e+02
6.356819502341728594e+02
6.354739274890358729e+02
6.352226304266976058e+02
6.348718204411259194e+02
6.343960474919526860e+02
6.337775053020925498e+02
6.330325941515264958e+02
6.321821211558982441e+02
6.312312825119282707e+02
6.302624864868860186e+02
6.293180968733155396e+02
6.284383769909754847e+02
6.276540119515379956e+02
6.269934818234506793e+02
6.264725965527699145e+02
6.261082766192905638e+02
6.259069443296816644e+02
6.258791566558955992e+02
6.260242861854670764e+02
6.263405210004128776e+02
6.269593604665450357e+02
6.275632991345021310e+02
6.281622171673797084e+02
6.286439246133679717e+02
6.288684692526194340e+02
6.287024325345339548e+02
6.280162159254404060e+02
6.267029267873592744e+02
6.247101793739819868e+02
6.220031931447934994e+02
6.186058297584244201e+02
6.145702563782665493e+02
6.099841895909162304e+02
6.049117197178187553e+02
5.994488374511477105e+02
5.936845004377888699e+02
5.876956102800154440e+02
5.815457908396890616e+02
5.752950106234251280e+02
5.689874477854287989e+02
5.626619279042650987e+02
5.563496884511982898e+02
5.500738304678596933e+02
5.438543671997283582e+02
5.377062861724474487e+02
5.316400423927937027e+02
5.256659780050199515e+02
5.197890735134668603e+02
5.140150588993153633e+02
5.083473015412553764e+02
5.027869959674487177e+02
4.973370945107969305e+02
4.919962879705643672e+02
4.867660757642308909e+02
4.816452871757975913e+02
4.766328614275284963e+02
4.717358187907258866e+02
4.669016333934962404e+02
4.621755522241235781e+02
4.575544516276936520e+02
4.530370886784124878e+02
4.486217398114013690e+02
4.443052874009009088e+02
4.400873106870773768e+02
4.359640011156154173e+02
4.319345950035903456e+02
4.279964124980519387e+02
4.241470887375677421e+02
4.203855923977480984e+02
4.167083980078867853e+02
4.131149869236605241e+02
4.096023326202920884e+02
4.061689075773564355e+02
4.028132380806662241e+02
3.995325242839834345e+02
3.963263337262782215e+02
3.931917557920033346e+02
3.901280693231901751e+02
3.871335728768613649e+02
3.842064361247337274e+02
3.813486853222093487e+02
3.785435174500219659e+02
3.758036150217871523e+02
3.731269152070514679e+02
3.705124513992179232e+02
3.679595019140230079e+02
3.654662141446663099e+02
3.630328430766423367e+02
3.606575108583880933e+02
3.583402584566741211e+02
3.560802635419915418e+02
3.538765852118738167e+02
3.517295758713842133e+02
3.496377130982747303e+02
3.476015988899435456e+02
3.456202139337962649e+02
3.436933623726783367e+02
3.418211071150012685e+02
3.400023537335260926e+02
3.382377415156603888e+02
3.365261025459205939e+02
3.348676914902188173e+02
3.332621789556740737e+02
3.317089753095096398e+02
3.301982312262986170e+02
3.287155137426930196e+02
3.272864685979018873e+02
3.259108581384908803e+02
3.245894295668488780e+02
3.233231924140486626e+02
3.221130661476009323e+02
3.209616949305505500e+02
3.198711402523297807e+02
3.188465027097105349e+02
3.178925402145176804e+02
3.170181416137327801e+02
3.162338381504250719e+02
3.155541179546858643e+02
3.150014341791334687e+02
3.145995208899178692e+02
3.143908317243347597e+02
3.144165083471144158e+02
3.147382394980198228e+02
3.154255209228622334e+02
3.165421873279669853e+02
3.181684363418115140e+02
3.203252779702966109e+02
3.230216451157523352e+02
3.261491669552896724e+02
3.296460967231132599e+02
3.333744926303992884e+02
3.372110259312750031e+02
3.410206762239137106e+02
3.447398474154311998e+02
3.483081006264393977e+02
3.517260167438726057e+02
3.550239912307370673e+02
3.582450783510281553e+02
3.614847062150764145e+02
3.647890166675776413e+02
3.682438930710308114e+02
3.718304560046351526e+02
3.755082122831734637e+02
3.791322609133006836e+02
3.825287314344261063e+02
3.854978883925105038e+02
3.879264222663495616e+02
3.897447929690382011e+02
3.909956721184472599e+02
3.917557912056459486e+02
3.921142403209835834e+02
3.921775693693927565e+02
3.919119959356906975e+02
3.915122439804256942e+02
3.909976866381952618e+02
3.903966639715063707e+02
3.897278638982100460e+02
3.889988512842812725e+02
3.882151784149190803e+02
3.873759573197153259e+02
3.864813927584771704e+02
3.855279548671582575e+02
3.845155650848155346e+02
3.834426317116823384e+02
3.823094478803431571e+02
3.811189423345191472e+02
3.798720937939319811e+02
3.785753868341541875e+02
3.772322867448189641e+02
3.758499582294538754e+02
3.744353761906855311e+02
3.729950828818249988e+02
3.715385462662665077e+02
3.700733338188394441e+02
3.686094484536349682e+02
3.671572575937260581e+02
3.656741717609539819e+02
3.642266800842559746e+02
3.628502613000134147e+02
3.615690113605708689e+02
3.604109577353966642e+02
3.593968916689831872e+02
3.585488389142863070e+02
3.578736347999456484e+02
3.573695310102053782e+02
3.570296906833673916e+02
3.568319854411039387e+02
3.567564990896000836e+02
3.567761251896552039e+02
3.568591284501237055e+02
3.569811487507595871e+02
3.571126420815606366e+02
3.572294275471573428e+02
3.573169077786722596e+02
3.573565005005752937e+02
3.573447346270707499e+02
3.572762475066504635e+02
3.571488475994622149e+02
3.569694641305138703e+02
3.567370428948575523e+02
3.564031845295737071e+02
3.561481256953761090e+02
3.558368231791137077e+02
3.554742535362285594e+02
3.550594558038451396e+02
3.545950454084515400e+02
3.540806129005661660e+02
3.535148802979662719e+02
3.528996119772200473e+02
3.522335149881218967e+02
3.515180593226731958e+02
3.507548050119267486e+02
3.499440009215147711e+02
3.490896020505705337e+02
3.481929841017533249e+02
3.472575481750916424e+02
3.462870779632554559e+02
3.452837294846057716e+02
3.442525023142138139e+02
3.431960743713842135e+02
3.421185465739485494e+02
3.410240170416780074e+02
3.399152449354536998e+02
3.387967624457637044e+02
3.376230706106206867e+02
3.365018512229933094e+02
3.353749765436948564e+02
3.342452719086051616e+02
3.331165596955687533e+02
3.319913245516818279e+02
3.308722628579475895e+02
3.297619993043133491e+02
3.286621273075861041e+02
3.275750083585470520e+02
3.265018352985845240e+02
3.254440320869335324e+02
3.244028521437604695e+02
3.233787781551213811e+02
3.223729892206491172e+02
3.213855030122464882e+02
3.204170336735513729e+02
3.194676390365762586e+02
3.185373077041107308e+02
3.176263861230453358e+02
3.167343196557824285e+02
3.158615868406933487e+02
3.150075721409687048e+02
3.141724582216534714e+02
3.133287946322003563e+02
3.125239691220979807e+02
3.117363735583222706e+02
3.109656390763001355e+02
3.102126808051550029e+02
3.094773986556384102e+02
3.087601789231497946e+02
3.080615475302104755e+02
3.073813073277799504e+02
3.067203361638668184e+02
3.060783325635522942e+02
3.054558453266694187e+02
3.048530026605676539e+02
3.042697390706551346e+02
3.037065790592467920e+02
3.031631929135166956e+02
3.026400457826421757e+02
3.021370484332701380e+02
3.016542132755952821e+02
3.011918578546527101e+02
3.007497612148393955e+02
3.003282620693589706e+02
2.999274098127553430e+02
2.995471556821502759e+02
2.991846224115585642e+02
2.988534367277552519e+02
2.985440576368930579e+02
2.982573501956749169e+02
2.979939762151142872e+02
2.977554586835477153e+02
2.975419773658083500e+02
2.973550668833185000e+02
2.971949383253050883e+02
2.970620909601017843e+02
2.969571193135328144e+02
2.968791520219567133e+02
2.968286249449221827e+02
2.968036431742384593e+02
2.968035760726259014e+02
2.968261250138893956e+02
2.968692637044788967e+02
2.969304305458776412e+02
2.970063938786213384e+02
2.970944204280382905e+02
2.971904436601690236e+02
2.972918406404153302e+02
2.973941687507369238e+02
2.974951216432231718e+02
2.975984754948265163e+02
2.976944907526818724e+02
2.977774746496505713e+02
2.978445547352714016e+02
2.978948054733767208e+02
2.979255109719978236e+02
2.979368211735159662e+02
2.979272539712076764e+02
2.978970926738309686e+02
2.978463676351895515e+02
2.977756022152889273e+02
2.976859451973407431e+02
2.975785645807079618e+02
2.974554492873768936e+02
2.973183137106316281e+02
2.971698832955384546e+02
2.970120919826524073e+02
2.968482070106527431e+02
2.966804420125822048e+02
2.965118581301481981e+02
2.963451369930179453e+02
2.961825419325795679e+02
2.960270873504679230e+02
2.958803278006612345e+02
2.957539734761352292e+02
2.956381593068279017e+02
2.955370904086125847e+02
2.954519570349296487e+02
2.953834005839775614e+02
2.953322525511694039e+02
2.952983703967528868e+02
2.952820062731806274e+02
2.952825629118701727e+02
2.952998114301728378e+02
2.953327988262288955e+02
2.953808901186344542e+02
2.954430502027087186e+02
2.955181598506303544e+02
2.956054907408378654e+02
2.957035187242652228e+02
2.958116855473626856e+02
2.959284913258809979e+02
2.960532166702214454e+02
2.961849339712150027e+02
2.963224696874556798e+02
2.964653274185110376e+02
2.966122141966187655e+02
2.967626621599462737e+02
2.969199674365423220e+02
2.970687722783133609e+02
2.972189832628733939e+02
2.973696254919777857e+02
2.975199934014555652e+02
2.976691353323612361e+02
2.978163052522453995e+02
2.979605754833958144e+02
2.981010920620715297e+02
2.982368584050283857e+02
2.983670267077695826e+02
2.984907223443988755e+02
2.986069249164601729e+02
2.987150026912587464e+02
2.988138440151159898e+02
2.989029483940630030e+02
2.989813172433800332e+02
2.990483895460632766e+02
2.991036743941637042e+02
2.991464257826864923e+02
2.991765618959137782e+02
2.991934490076810675e+02
2.991971378231096423e+02
2.991874179556230615e+02
2.991645175047294742e+02
2.991275494990615584e+02
2.990772236582160986e+02
2.990141540463123988e+02
2.989385640402321087e+02
2.988510209405804403e+02
2.987521241137297352e+02
2.986422964094800818e+02
2.985223401762915501e+02
2.983926999520191998e+02
2.982540981106378695e+02
2.981070842455669663e+02
2.979522130429546678e+02
2.977901646724118905e+02
2.976213895465859878e+02
2.974465018250895696e+02
2.972659139169042533e+02
2.970801281404480392e+02
2.968896340061357932e+02
2.966948061671747041e+02
2.964961394446410736e+02
2.962940040976463933e+02
2.960888523416259659e+02
2.958811040138500061e+02
2.956770770870663796e+02
2.954677482902953898e+02
2.952580728026322845e+02
2.950487064637426897e+02
2.948404266102167526e+02
2.946340407153681440e+02
2.944305542702107346e+02
2.942310903414939389e+02
2.940368691485967361e+02
2.938494788354242360e+02
2.936705254519759478e+02
2.935020997224118560e+02
2.933465391288543174e+02
2.932066063967003515e+02
2.930860206238745036e+02
2.929891757396983962e+02
2.929233817019738808e+02
2.928993448969131350e+02
2.929389441468212567e+02
2.930826279789241084e+02
2.934151612917454486e+02
2.941154373655926406e+02
2.954937265584690635e+02
2.981358461781948108e+02
3.025574502596434172e+02
3.088833076664252530e+02
3.161361192087423433e+02
3.230107906757191358e+02
3.290489606888992853e+02
3.348046028131111598e+02
3.407807799225897725e+02
3.471564388311919629e+02
3.537050345245488074e+02
3.600943211467682090e+02
3.661909360105007067e+02
3.719351594610669167e+02
3.775052317052389412e+02
3.830143462112147859e+02
3.884258590879530288e+02
3.935202346433280809e+02
3.979382796678709155e+02
4.013588201050293947e+02
4.036634683651332125e+02
4.048535582284116572e+02
4.050899643768270835e+02
4.045687177193121329e+02
4.034598545808128733e+02
4.019389705242882656e+02
4.001034392369460306e+02
3.980853384294507578e+02
3.959237087918222073e+02
3.936621676407239647e+02
3.913359519810391021e+02
3.889648794111141683e+02
3.865683293082136629e+02
3.841578912188439290e+02
3.817428265184307179e+02
3.793318516649177923e+02
3.769293300854699282e+02
3.745414713243466167e+02
3.721717396272262022e+02
3.698235512680689681e+02
3.675009953551127069e+02
3.652056544360522139e+02
3.629414251491108985e+02
3.607100596623661204e+02
3.585140583468810291e+02
3.563564553590360333e+02
3.542383562339478544e+02
3.521633821726985616e+02
3.501326596679625140e+02
3.481489724709946358e+02
3.462310003696762806e+02
3.443507482029849029e+02
3.425268217980342342e+02
3.407600584665686370e+02
3.390535762724243227e+02
3.374091114728951197e+02
3.358281699952557915e+02
3.343135711977158735e+02
3.328655705287295063e+02
3.314868266764863165e+02
3.301776458288833282e+02
3.289392148156179587e+02
3.277724492689001750e+02
3.266768987160079973e+02
3.256538223020219789e+02
3.247024120590061784e+02
3.238241905113824828e+02
3.230212216698851648e+02
3.222992306125747177e+02
3.216746681043945841e+02
3.211797636047496667e+02
3.208925566372985827e+02
3.209750879146410512e+02
3.217566011365107670e+02
3.239162895090539109e+02
3.285704420459395010e+02
3.374386739798899839e+02
3.518609168181122300e+02
3.719410561024558319e+02
3.961044587053004307e+02
4.218860809354081312e+02
4.462443723947907301e+02
4.664359317844090356e+02
4.806986314811713896e+02
4.891460610835312650e+02
4.930623146336571949e+02
4.940999600481536049e+02
4.936056954395122034e+02
4.923676783548633011e+02
4.907929279155987388e+02
4.890732716842781542e+02
4.872943918244484394e+02
4.854926503538475799e+02
4.836820406539403621e+02
4.818636175758945228e+02
4.800351284041638564e+02
4.781900811479645768e+02
4.763230463223442257e+02
4.744611053600376067e+02
4.726096739014383274e+02
4.707100886514132867e+02
4.687608723148283048e+02
4.667618019335441204e+02
4.647130269994875107e+02
4.626182042895223958e+02
4.604788892891622822e+02
4.583005455351767523e+02
4.560869790441993814e+02
4.538430713884583838e+02
4.515745413040827430e+02
4.492852776638517867e+02
4.469811824418156903e+02
4.446661014199792703e+02
4.423445650836464438e+02
4.400206711057869029e+02
4.376974529007396200e+02
4.353785390095123944e+02
4.330663273367036368e+02
4.307633611335206183e+02
4.284718889119616279e+02
4.261934634908145654e+02
4.239298803417051431e+02
4.216889732890095956e+02
4.194948575346451207e+02
4.173162291073132906e+02
4.151537896571812212e+02
4.130087201712611318e+02
4.108816584177559434e+02
4.087731881676884313e+02
4.066842162280353250e+02
4.046147877764372538e+02
4.025658011332423598e+02
4.005373032795872632e+02
3.985297172655582472e+02
3.965434836473418727e+02
3.945784803288370313e+02
3.926353965574011795e+02
3.907139755089986579e+02
3.888146053798975004e+02
3.869373989015962252e+02
3.850822198929003548e+02
3.832495518379151918e+02
3.814389279064313314e+02
3.796508023047690585e+02
3.778848777206534919e+02
3.761411876591246255e+02
3.744205301951005822e+02
3.727658876962361205e+02
3.711318170896947777e+02
3.695178076594223171e+02
3.679240226661322026e+02
3.663501820625677396e+02
3.647959322549707508e+02
3.632613307866059245e+02
3.617456269224758216e+02
3.602488851157456224e+02
3.587703980020799577e+02
3.573098857045966952e+02
3.558669339361612742e+02
3.544408891742127707e+02
3.530316116248350795e+02
3.516383258308923132e+02
3.502609090593022074e+02
3.488987739881891912e+02
3.475516287136820210e+02
3.462192472865376089e+02
3.449012113387583440e+02
3.435976096114097800e+02
3.423080826301195998e+02
3.410327422944184832e+02
3.397720571179554554e+02
3.385175982709682785e+02
3.372776757349354284e+02
3.360522979146784337e+02
3.348421315601822812e+02
3.336473726528395218e+02
3.324684151325338917e+02
3.313058999408051477e+02
3.301598852976108560e+02
3.290311308728321933e+02
3.279197367614436303e+02
3.268260653034532197e+02
3.257505689039392678e+02
3.246931361354253909e+02
3.236543564758657112e+02
3.226339652049672964e+02
3.216321902083440136e+02
3.206490018426356983e+02
3.196841209826826571e+02
3.187376974240922323e+02
3.178092283267215521e+02
3.168986721227435623e+02
3.160057787486696839e+02
3.151301638339729152e+02
3.142789588561884671e+02
3.134565404271819489e+02
3.126511437428837894e+02
3.118626404462288519e+02
3.110912094950094229e+02
3.103372532346491539e+02
3.096010487060265177e+02
3.088835694029685328e+02
3.081855264026786472e+02
3.075084137429352609e+02
3.068537389338840740e+02
3.062233653513271747e+02
3.056198734690262313e+02
3.050456468682733657e+02
3.045044835389433047e+02
3.039997657450709880e+02
3.035363695477079204e+02
3.031195103981071952e+02
3.027552775155110680e+02
3.024524425966997114e+02
3.022203527080141612e+02
3.020751945753842165e+02
3.020386057397817581e+02
3.021475142924119268e+02
3.024717721229208109e+02
3.031223525349876127e+02
3.042968349683054612e+02
3.063383396925881357e+02
3.097805300602930174e+02
3.154274616048869007e+02
3.239625100308863921e+02
3.356186166436261828e+02
3.494093921312427256e+02
3.636969693258268990e+02
3.770794488319282323e+02
3.892509765547698066e+02
4.005410381611288244e+02
4.115312300352779289e+02
4.227756667880013310e+02
4.342408354026532038e+02
4.454307359578776868e+02
4.556759459272477670e+02
4.644622938998869586e+02
4.714573539120764849e+02
4.766801351026174984e+02
4.801469548553477580e+02
4.821190785020091312e+02
4.828462585989261129e+02
4.826277517566129518e+02
4.812891323489124602e+02
4.791857854550638649e+02
4.764723173581630817e+02
4.733629685436470709e+02
4.700153742001391493e+02
4.665787245033309887e+02
4.631598160030581539e+02
4.598379776737932048e+02
4.566989835568811600e+02
4.538036728256509491e+02
4.512421378336664475e+02
4.490857475115213333e+02
4.474119277609624419e+02
4.462812200035922956e+02
4.456811846005427356e+02
4.455574315573787203e+02
4.454392658502582663e+02
4.466352814705412584e+02
4.465427432778503771e+02
4.461350867866422618e+02
4.453724654440069344e+02
4.443016598215319846e+02
4.429389656636200812e+02
4.413951097435590327e+02
4.396812137747477891e+02
4.378643165570147175e+02
4.359665636193421960e+02
4.339970922611738615e+02
4.319782433043810101e+02
4.299215490981337098e+02
4.278443363715195460e+02
4.257582978402148228e+02
4.236713468747577167e+02
4.215899996090721515e+02
4.195140530387462263e+02
4.174443767296488659e+02
4.153769041372106017e+02
4.133088388205992487e+02
4.112372845262256078e+02
4.091574452668539834e+02
4.070701279572353997e+02
4.049715826535596648e+02
4.028640219021371536e+02
4.007474253704864395e+02
3.986224360711458417e+02
3.964926830539601497e+02
3.943575709678242447e+02
3.922051656872712329e+02
3.901243468334911313e+02
3.880386903589823646e+02
3.859515037866753460e+02
3.838634877803271479e+02
3.817780369257583288e+02
3.796955022786746099e+02
3.776173936024573550e+02
3.755448933824831670e+02
3.734779216688039014e+02
3.714180870678099495e+02
3.693650474008180709e+02
3.673194928073954202e+02
3.652819729002171698e+02
3.632523295512032746e+02
3.612314383445228145e+02
3.592194036711663330e+02
3.572166431245238982e+02
3.552237719154056208e+02
3.532412884136153366e+02
3.512698754032231818e+02
3.493108962618467785e+02
3.473650377139458669e+02
3.454341932982162007e+02
3.435122187324863603e+02
3.416151017722058327e+02
3.397413463686889941e+02
3.378928091893906753e+02
3.360733886498134666e+02
3.342862332816697517e+02
3.325347090906197423e+02
3.308241130591756018e+02
3.291576772025309765e+02
3.275420057400424412e+02
3.259823366539719132e+02
3.244851270726167627e+02
3.230589134442138288e+02
3.217105593233495142e+02
3.204509945023716568e+02
3.192898213147423689e+02
3.182377991428251107e+02
3.173084974407106529e+02
3.165109446661752486e+02
3.158586623203357249e+02
3.153587277547326835e+02
3.150180492208378951e+02
3.148395164013091403e+02
3.148190169247151289e+02
3.149492650198393449e+02
3.152116075817992282e+02
3.155962432133638345e+02
3.160825654192598222e+02
3.166570538814960400e+02
3.172975895117421032e+02
3.179866416613109550e+02
3.187037773591528662e+02
3.194264131639411630e+02
3.201360340485940696e+02
3.208094393804783522e+02
3.214293816792922485e+02
3.219779886173369050e+02
3.224416364079071400e+02
3.228083312779477865e+02
3.230711545825926123e+02
3.232237997297855259e+02
3.232661005732968533e+02
3.231990879900507707e+02
3.230259741914412075e+02
3.227544192925248012e+02
3.223899078839669983e+02
3.219429220019590048e+02
3.214216681565413865e+02
3.208261670826475438e+02
3.201757164589595845e+02
3.194785974958980432e+02
3.187448413761266011e+02
3.179821807834738934e+02
3.171987843453878213e+02
3.164019744756394630e+02
3.155983928334579787e+02
3.147942499800855103e+02
3.139953563585013399e+02
3.132067197649200239e+02
3.124332093753241111e+02
3.116794092208536426e+02
3.109489278729450916e+02
3.102461945200544164e+02
3.095739926000249511e+02
3.089360422187683639e+02
3.083353557991382559e+02
3.077743608283350909e+02
3.072568394083507997e+02
3.067848872856733351e+02
3.063636601932349208e+02
3.059989065444859193e+02
3.057037676095870893e+02
3.055160590460744174e+02
3.058589796880049789e+02
3.066670697661399458e+02
3.080123306795364897e+02
3.102225163467466587e+02
3.137252315659081887e+02
3.188713033459122244e+02
3.253365756654547454e+02
3.325738858865203724e+02
3.404145710605491786e+02
3.487624205979022918e+02
3.571553922241437249e+02
3.651889792821294805e+02
3.723742585321210754e+02
3.783164831381100157e+02
3.829313301738782229e+02
3.863479572254453274e+02
3.889423436727011563e+02
3.910393411739677845e+02
3.928829635739901391e+02
3.946135684104704637e+02
3.962611513691015261e+02
3.978116910549104546e+02
3.992295828746122197e+02
4.002915829303828446e+02
4.013759599734857488e+02
4.022734893510656775e+02
4.030063044994587926e+02
4.035895658121622773e+02
4.040304932390195063e+02
4.043434496134922256e+02
4.045284554830067805e+02
4.045900590513218731e+02
4.045276331899401043e+02
4.043339704856195453e+02
4.040107091822347911e+02
4.035537205289624012e+02
4.029672471991523821e+02
4.022623205434876468e+02
4.014475663089001500e+02
4.005442953498568386e+02
3.995664371915600555e+02
3.985326598892289667e+02
3.974584762631328090e+02
3.963554744185058780e+02
3.952367972294765082e+02
3.941088595453188645e+02
3.929801742343226465e+02
3.917894800134801585e+02
3.906897075271417066e+02
3.895895580006177283e+02
3.884894295130182513e+02
3.873915595280433308e+02
3.862948655893577552e+02
3.852005109105753036e+02
3.841072377727954859e+02
3.830147173490385057e+02
3.819223430780011199e+02
3.808283609386531907e+02
3.797327623992761119e+02
3.786330857462058361e+02
3.775292337498261759e+02
3.764191449328407089e+02
3.753020960723998201e+02
3.741769306108994328e+02
3.730422781021212586e+02
3.718977798321548676e+02
3.707418716714398101e+02
3.695747190863151559e+02
3.683950102255203660e+02
3.672032416138916915e+02
3.659987234291540403e+02
3.647221236232146566e+02
3.634954262508173315e+02
3.622564305205212918e+02
3.610071961200247870e+02
3.597483628128645705e+02
3.584825443139076810e+02
3.572105125732065858e+02
3.559347174540431524e+02
3.546566249597737510e+02
3.533778300784201747e+02
3.521008479271628175e+02
3.508264888414997245e+02
3.495577958263187384e+02
3.482954203745664472e+02
3.470419136295966496e+02
3.457985078982075606e+02
3.445666178398107036e+02
3.433482358490637694e+02
3.421436612373425419e+02
3.409550079644129141e+02
3.397822649928936585e+02
3.386266682487055277e+02
3.374886448885924892e+02
3.363681976718407896e+02
3.352410070750571549e+02
3.341889656232970651e+02
3.331541343455979813e+02
3.321358439743955842e+02
3.311345070844099041e+02
3.301499509147891445e+02
3.291818454538645824e+02
3.282306167719233940e+02
3.272954997362475069e+02
3.263770415665141513e+02
3.254746346220610462e+02
3.245883943941228722e+02
3.237182696946808846e+02
3.228637423782491283e+02
3.220253716530118027e+02
3.212022475681306446e+02
3.203948999516226195e+02
3.196027075141043383e+02
3.188255839296293175e+02
3.180636760097786464e+02
3.173162072454397844e+02
3.165836532108836536e+02
3.158652267603254700e+02
3.151610651604898408e+02
3.144676637235039607e+02
3.138359788640229908e+02
3.132124118365143204e+02
3.125961951471688849e+02
3.119877289850429065e+02
3.113865769632981255e+02
3.107926191646623693e+02
3.102060471615890833e+02
3.096263500219668003e+02
3.090540039186262788e+02
3.084886611540046601e+02
3.079306674729403426e+02
3.073803116575738272e+02
3.068378463404575314e+02
3.063042703723203317e+02
3.057802094530261456e+02
3.052674568316193700e+02
3.047676732421919041e+02
3.042836059211088013e+02
3.038189615925638236e+02
3.033780725714609616e+02
3.029680768664590005e+02
3.025965388376542933e+02
3.022756048607735124e+02
3.020077015797213562e+02
3.018388417206703025e+02
3.017806146180999463e+02
3.018626170954493091e+02
3.021296822841098901e+02
3.026254848169452885e+02
3.034042704527415708e+02
3.045203056680711029e+02
3.060108609702165268e+02
3.079091154964688144e+02
3.102032867774057081e+02
3.128579118823013800e+02
3.158086561254555136e+02
3.189598976373123378e+02
3.222149515081960658e+02
3.254734937527798593e+02
3.286256405320492604e+02
3.315902180141405893e+02
3.342850964270666623e+02
3.366490348278833835e+02
3.386544442022259886e+02
3.402792051646554228e+02
3.415346187833989120e+02
3.424429992150156181e+02
3.429540093960725358e+02
3.432024525198402216e+02
3.432084748668266343e+02
3.430145741880241985e+02
3.426575907361906843e+02
3.421682781989940736e+02
3.415772617164751637e+02
3.409072750537960701e+02
3.401793344905960339e+02
3.394110801972254308e+02
3.386160929017455601e+02
3.378068566867092386e+02
3.369929676188968983e+02
3.361819077086954053e+02
3.353805859170863641e+02
3.345932623014621754e+02
3.338241094978037609e+02
3.330759692141699588e+02
3.323504045780444471e+02
3.316493264559481986e+02
3.309727220085340491e+02
3.303213520544862831e+02
3.296947161538379873e+02
3.290919972733375971e+02
3.284822205687267456e+02
3.279060872203731947e+02
3.273484325535073367e+02
3.268071215997762806e+02
3.262800864993181449e+02
3.257658146402772559e+02
3.252618832662637374e+02
3.247671476878910539e+02
3.242797569882152970e+02
3.237985533654010624e+02
3.233229157240980385e+02
3.228521322502463136e+02
3.223866928365347917e+02
3.219269395674445491e+02
3.214742601784457747e+02
3.210302650704202279e+02
3.205971786309035565e+02
3.201779267243796880e+02
3.197754130868504490e+02
3.193937346678869176e+02
3.190363997717751658e+02
3.187082659693347750e+02
3.184140667598711616e+02
3.181586622776149511e+02
3.179289383616392115e+02
3.177607652080752700e+02
3.176498019056583075e+02
3.176037273560916674e+02
3.176295816519121900e+02
3.177373987803441651e+02
3.179329288960918802e+02
3.182248008706503697e+02
3.186175667048135551e+02
3.191131427933885902e+02
3.197121483369477346e+02
3.204068906724116346e+02
3.211906434422705274e+02
3.220474493081054561e+02
3.229648111039535365e+02
3.239225122093764071e+02
3.249070395016356656e+02
3.259005143505662545e+02
3.268900619945841868e+02
3.278647906931093985e+02
3.288123867140954530e+02
3.297296425657222585e+02
3.306071839311845793e+02
3.314502001253719641e+02
3.322817750644176726e+02
3.330878308338607212e+02
3.338896964255469015e+02
3.347182006746767229e+02
3.356261825737701656e+02
3.366683989279331399e+02
3.379332219946219880e+02
3.395040894264637927e+02
3.414593062654068945e+02
3.438525065239621199e+02
3.466468578574725825e+02
3.497482012337882793e+02
3.529999584674107496e+02
3.562330573133538678e+02
3.593117809003356911e+02
3.621517566171319800e+02
3.646733645242475177e+02
3.668706033677148639e+02
3.687125758804052111e+02
3.701956657860389441e+02
3.713273193012162210e+02
3.720994665827799963e+02
3.725324615883041588e+02
3.726365592953143278e+02
3.723653438018524184e+02
3.719115860470242296e+02
3.711840873257814906e+02
3.702162729906177674e+02
3.690411971025844764e+02
3.676852504063439824e+02
3.661832669163656533e+02
3.645600579215752646e+02
3.628418425514727232e+02
3.610529229008627681e+02
3.592105285885566559e+02
3.573343164224969541e+02
3.554378158782610626e+02
3.535333867082578081e+02
3.516326469081528785e+02
3.497426638162287986e+02
3.478720160929622693e+02
3.460261839171278098e+02
3.442098236829900202e+02
3.424281479379296229e+02
3.406832319767650006e+02
3.389791293547748978e+02
3.373175658271945849e+02
3.357004350330984153e+02
3.340968237020358629e+02
3.326201507505277277e+02
3.311890602837375468e+02
3.298032688420909153e+02
3.284638264093866837e+02
3.271714294347563623e+02
3.259261022077103576e+02
3.247292068992576333e+02
3.235804301379199046e+02
3.224811120659369408e+02
3.214313602304197843e+02
3.204318578794659516e+02
3.194832504096542038e+02
3.185855994731876422e+02
3.177398542374936028e+02
3.169457274453885134e+02
3.162038103952713755e+02
3.155136770271902265e+02
3.148749245371448637e+02
3.142872551638178038e+02
3.137490319741542066e+02
3.132597749100654028e+02
3.128170965251553071e+02
3.124191889715438606e+02
3.120455525352626864e+02
3.117521004145481243e+02
3.114931407087393040e+02
3.112651348034017929e+02
3.110656205568300265e+02
3.108916636721803570e+02
3.107395690582576435e+02
3.106067337210004098e+02
3.104891900939084053e+02
3.103836241284902826e+02
3.102870389697912969e+02
3.101954933172870597e+02
3.101064815416600027e+02
3.100166140149727312e+02
3.099229058597105677e+02
3.098236342803102161e+02
3.097157168764925359e+02
3.095986133482952027e+02
3.094704294956819695e+02
3.093306967063629145e+02
3.091796335095615404e+02
3.090167972463368073e+02
3.088439404686099010e+02
3.086612128481519335e+02
3.084585931314140339e+02
3.082964177232799443e+02
3.081263482975749071e+02
3.079508746623112074e+02
3.077723030222927036e+02
3.075937258213583618e+02
3.074178616685065322e+02
3.072484950340806904e+02
3.070888779500943429e+02
3.069439648766978621e+02
3.068183904899039476e+02
3.067188114481962202e+02
3.066531716855083118e+02
3.066312670042414652e+02
3.066672404872488187e+02
3.067772915045281934e+02
3.069854270755177481e+02
3.073195290975948524e+02
3.078167580023933851e+02
3.085226326125195442e+02
3.094873795763621729e+02
3.107733987127410842e+02
3.124388598950451978e+02
3.145421335109083429e+02
3.171811921564257091e+02
3.204266657682569530e+02
3.241940217065280194e+02
3.284007746020159857e+02
3.329157672217091886e+02
3.375630591263487759e+02
3.421214174195698661e+02
3.463846937027688000e+02
3.501825662807538606e+02
3.533917462161970775e+02
3.559646680915019488e+02
3.579096390263203489e+02
3.592642049863227953e+02
3.601133139669711341e+02
3.605294987205994630e+02
3.606006553333609759e+02
3.604028149058246413e+02
3.599986709022192031e+02
3.594483938889945307e+02
3.587932846648693044e+02
3.580710971410106822e+02
3.573094141476094592e+02
3.565283460034218592e+02
3.557451337670600537e+02
3.549545957884543554e+02
3.541573020318220415e+02
3.533849806505373294e+02
3.526404290770979060e+02
3.519263062923209304e+02
3.512416723973521471e+02
3.505858759293070648e+02
3.499564629274635763e+02
3.493502351206744834e+02
3.487640677268085483e+02
3.481932096199406601e+02
3.476339089868206997e+02
3.470814120129025468e+02
3.465318274605693318e+02
3.459810572586372928e+02
3.454257911343844398e+02
3.448628688059490059e+02
3.442900837731287425e+02
3.437056663874478204e+02
3.431083675515519076e+02
3.424979884345210621e+02
3.418740095225774098e+02
3.412372447929196255e+02
3.405880431700829831e+02
3.398974471138527065e+02
3.392297334117830587e+02
3.385559173338053256e+02
3.378764293420209128e+02
3.371907105977781498e+02
3.364990669835981407e+02
3.358007909216648272e+02
3.350958914355082925e+02
3.343840127848235966e+02
3.336646455343894218e+02
3.329379328174601937e+02
3.322031257858538424e+02
3.314606157097089181e+02
3.307100762531993041e+02
3.299516447676980420e+02
3.291856772424572455e+02
3.284119940517401801e+02
3.276313503585059834e+02
3.268438352941732887e+02
3.260500396161755816e+02
3.252503848341207799e+02
3.244453507573670095e+02
3.236354656581625022e+02
3.228213215717145204e+02
3.219900038206818635e+02
3.211894896505359043e+02
3.203847150584618362e+02
3.195764353240047626e+02
3.187657122748007055e+02
3.179531665383166228e+02
3.171399044431452694e+02
3.163266657166546452e+02
3.155143554082913511e+02
3.147040627387185623e+02
3.138964901448620708e+02
3.130929383150183298e+02
3.122942115133986363e+02
3.115015792872445672e+02
3.107162631635372918e+02
3.099395051628005717e+02
3.091730173388619960e+02
3.084183232739607661e+02
3.076774736572367033e+02
3.069528978628617324e+02
3.062472436377360054e+02
3.055645257492661813e+02
3.049091876235618201e+02
3.042878847206745263e+02
3.037154717501075538e+02
3.032246338738276563e+02
3.028136487732573983e+02
3.025195119307545042e+02
3.024190308356169794e+02
3.026477072870984557e+02
3.034583023134294990e+02
3.078023703790831860e+02
3.136255920623774500e+02
3.232769757459820426e+02
3.374145380779079346e+02
3.560872869859060756e+02
3.784283257923270298e+02
4.022246590152025760e+02
4.243620964531443747e+02
4.424406644663580437e+02
4.550183285426150519e+02
4.620991406906663883e+02
4.648037424174548278e+02
4.647101580820908566e+02
4.630376472861973980e+02
4.605300066819278868e+02
4.575782290627216184e+02
4.543951558264791402e+02
4.510757063694723001e+02
4.477783675367688829e+02
4.444458522230680728e+02
4.410989626711839833e+02
4.377513103984308032e+02
4.344121161357382448e+02
4.310878873382321785e+02
4.277840684190202296e+02
4.245040862273732500e+02
4.212516976767391839e+02
4.180292329467624199e+02
4.148389786749941095e+02
4.116832352891215123e+02
4.085630532884124477e+02
4.054807350363864771e+02
4.024369227882102109e+02
3.994332407923598112e+02
3.964707511408936966e+02
3.935500144622557741e+02
3.906726399212304841e+02
3.878385539019128032e+02
3.850493067505974523e+02
3.823051689338274741e+02
3.796068987274649658e+02
3.769391923507910178e+02
3.743761654630322369e+02
3.718594215708999400e+02
3.693899596128356961e+02
3.669704807818706058e+02
3.646041557114163538e+02
3.622944168764819324e+02
3.600477287261089714e+02
3.578713798707276510e+02
3.557755485651844651e+02
3.537760538423045205e+02
3.518885760406397480e+02
3.501361476916289917e+02
3.485415500365604657e+02
3.471201620683863780e+02
3.458869197629118162e+02
3.448207841498277730e+02
3.438930544455176914e+02
3.430473078686794111e+02
3.422341519820814710e+02
3.414128168252549358e+02
3.405677307970692596e+02
3.396944723118141383e+02
3.387863914167151620e+02
3.379642352903649680e+02
3.371329679892965032e+02
3.362339858296214743e+02
3.352521185449714380e+02
3.342023565980450712e+02
3.330985607411847127e+02
3.319680399123930101e+02
3.308372312638769017e+02
3.297271434204794787e+02
3.286601095021433707e+02
3.276504023189419286e+02
3.267094695002973026e+02
3.258462720304727895e+02
3.250624798358226144e+02
3.243587937016939691e+02
3.237299047156906795e+02
3.231663517323818269e+02
3.226573530376441568e+02
3.221873972544446474e+02
3.217440640662550777e+02
3.213131629855856204e+02
3.208869500830149946e+02
3.204569010270048466e+02
3.200221184997863020e+02
3.196643517286358360e+02
3.192984709603146030e+02
3.189263885093927229e+02
3.185520064289454467e+02
3.181843253887966512e+02
3.178293157343333633e+02
3.174955259491862307e+02
3.171919514560367475e+02
3.169251166773400996e+02
3.167052235281065578e+02
3.165372454406705742e+02
3.164290453274754213e+02
3.163842338073032465e+02
3.164046873878627366e+02
3.164912603914557963e+02
3.166389214817227185e+02
3.168434353454507573e+02
3.170937824268153804e+02
3.173801704488527662e+02
3.176872344580751815e+02
3.180011436434334655e+02
3.183053625181148618e+02
3.185840996904257736e+02
3.188233021707335979e+02
3.190177831123680221e+02
3.191392059475322185e+02
3.191866776606025269e+02
3.191572459794195993e+02
3.190460634559275377e+02
3.188531862808512756e+02
3.185805610211028807e+02
3.182302710096705027e+02
3.178090538037920396e+02
3.173211802597987230e+02
3.167748056137409094e+02
3.161763188017234825e+02
3.155333457359635077e+02
3.148533666872284584e+02
3.141428335191531005e+02
3.134089018241384110e+02
3.126569971959229406e+02
3.118931354505888294e+02
3.111218887373248663e+02
3.103478922337743029e+02
3.095749106383512412e+02
3.088063476593879955e+02
3.080454339705291886e+02
3.072947419989948799e+02
3.065519017674975544e+02
3.058308253423656424e+02
3.051297053051519583e+02
3.044552961030212259e+02
3.038209343350881682e+02
3.032511683824384363e+02
3.027993087876525351e+02
3.025673301603010259e+02
3.027589076191472373e+02
3.037653591557819368e+02
3.061710771961372188e+02
3.108202898372828145e+02
3.182670522737688543e+02
3.286082081864279871e+02
3.415266393902127220e+02
3.567216826312421176e+02
3.740300509300206500e+02
3.927381102999084987e+02
4.107944180646734935e+02
4.264689659539297963e+02
4.392924596699657513e+02
4.494447183290449175e+02
4.572722313900964082e+02
4.630313411887094048e+02
4.668923711472652371e+02
4.695125745463772091e+02
4.712803971831028207e+02
4.725111392014721901e+02
4.734294769097530775e+02
4.741567809751689992e+02
4.747728300087441085e+02
4.753130523984978595e+02
4.757961801766936674e+02
4.762269853345811157e+02
4.766051768011276408e+02
4.769260027428894659e+02
4.771824220100908178e+02
4.773679825076219458e+02
4.774735982679227391e+02
4.774934551798799021e+02
4.774198348640464928e+02
4.772474660368316677e+02
4.769727946866017305e+02
4.765919316449389385e+02
4.761051586665079185e+02
4.755120127061352377e+02
4.748149568535445724e+02
4.740179772548018491e+02
4.731239826811656144e+02
4.721511565976668976e+02
4.710944112694131150e+02
4.699617019010717058e+02
4.687615072176250806e+02
4.675012306444706383e+02
4.661897083741568508e+02
4.648339831257107448e+02
4.634413506465027126e+02
4.620186180470774389e+02
4.605711803983668915e+02
4.591047088279877926e+02
4.576233909136970510e+02
4.561311264896291959e+02
4.546313177733467796e+02
4.531262112761478420e+02
4.516181535265753269e+02
4.501086019347832803e+02
4.485986593113493655e+02
4.470893227092269626e+02
4.455808555205273365e+02
4.440736929045874604e+02
4.425678444616227694e+02
4.410631288245044743e+02
4.395685399003316434e+02
4.380656127000469269e+02
4.365675846702024501e+02
4.350741833647343242e+02
4.335849448444976701e+02
4.320995334109118176e+02
4.306173092743986217e+02
4.291376916412472724e+02
4.276600976073192442e+02
4.261836999620400661e+02
4.247079578086672882e+02
4.232319792944362007e+02
4.217551836457904528e+02
4.202768407738533369e+02
4.187963029675577218e+02
4.173131346938531578e+02
4.158268288132879320e+02
4.143371244786236502e+02
4.128437577209450637e+02
4.113466944710335156e+02
4.098459560523249365e+02
4.083418352976189567e+02
4.068345097291017396e+02
4.053246603489781137e+02
4.038489487155832762e+02
4.023577876128074422e+02
4.008698615002676320e+02
3.993861018836614107e+02
3.979081607696546712e+02
3.964369385630054694e+02
3.949738585130654087e+02
3.935201956796975082e+02
3.920767628204337143e+02
3.906449842691591243e+02
3.892253042016327527e+02
3.878186652067073510e+02
3.864256132582056580e+02
3.850462420996071273e+02
3.836810427433223936e+02
3.823296011939061145e+02
3.809919246056304019e+02
3.796675728288961977e+02
3.783558068722061876e+02
3.770562236023771447e+02
3.757677133822004976e+02
3.744896332611101570e+02
3.732209589261188398e+02
3.719605537510897761e+02
3.707045403697659935e+02
3.694700205796440855e+02
3.682406278439300422e+02
3.670149603672441003e+02
3.657919188068205472e+02
3.645706074651442918e+02
3.633498514259279091e+02
3.621290938787928440e+02
3.609074115917960626e+02
3.596843558479566809e+02
3.584593970758177193e+02
3.572322397978256845e+02
3.560027230488558416e+02
3.547708725764514384e+02
3.535367397481990679e+02
3.523007112004798387e+02
3.510632276283511146e+02
3.498248353955522703e+02
3.485863307536695856e+02
3.473484202644402785e+02
3.461120801553745991e+02
3.448783230993248026e+02
3.436480414297380435e+02
3.424224532902317151e+02
3.412117232187982836e+02
3.400032768979808679e+02
3.388009717775857439e+02
3.376057346280480260e+02
3.364185418722234431e+02
3.352401073586963207e+02
3.340712316358476528e+02
3.329125741322761201e+02
3.317646985797927073e+02
3.306282297397495995e+02
3.295035757020729648e+02
3.283911595971394490e+02
3.272914210136132738e+02
3.262045519089322170e+02
3.251309647283109712e+02
3.240708315083351181e+02
3.230244197284250163e+02
3.219920205502772887e+02
3.209737147802359800e+02
3.199698998939695684e+02
3.189806615956663904e+02
3.180064195383775427e+02
3.170474831702530878e+02
3.161042603859888231e+02
3.151806068471490789e+02
3.142769128336166773e+02
3.133902671758658016e+02
3.125222764008549916e+02
3.116765078300169307e+02
3.108606994481862671e+02
3.100981511172567480e+02
3.094620572347808434e+02
3.091847476910322712e+02
3.100614388420525529e+02
3.140662590066115740e+02
3.251064644676929447e+02
3.428871743090152222e+02
3.601601283413980923e+02
3.743567705108300174e+02
3.918911135445226250e+02
4.187900846002046364e+02
4.541529052927073167e+02
4.908491170248597655e+02
5.244445435272542682e+02
5.516349547156668223e+02
5.680876270474273042e+02
5.754940678295255339e+02
5.793838087142739823e+02
5.833714084380368377e+02
5.865849603387748630e+02
5.875928519240389960e+02
5.872473634926100203e+02
5.866266692396905000e+02
5.860913611582702742e+02
5.857359665957715151e+02
5.855545983592024868e+02
5.855135860916349202e+02
5.855645072024450428e+02
5.856412569281935703e+02
5.856799981659045216e+02
5.855936987541585950e+02
5.853115371654911314e+02
5.847498237045417682e+02
5.838478989915199691e+02
5.825453627968335013e+02
5.808081340713470127e+02
5.786198044256291269e+02
5.759782226225089516e+02
5.729127140718496776e+02
5.694507244471167269e+02
5.656471118548466848e+02
5.615510163019638412e+02
5.572076805557463786e+02
5.526837410638179335e+02
5.480155504290344197e+02
5.432493358235300320e+02
5.384203724239164330e+02
5.335612047623402532e+02
5.286968182672663943e+02
5.238482913848147291e+02
5.190319796299096424e+02
5.142611233884210833e+02
5.095457546988365038e+02
5.048930458599175495e+02
5.003089794102747874e+02
4.957959758421576453e+02
4.913572286994581759e+02
4.869925640510273297e+02
4.827023047972568293e+02
4.784856534165893436e+02
4.743401255229595108e+02
4.702649610385950609e+02
4.662564951166995115e+02
4.623132811815358991e+02
4.584323071753937597e+02
4.546106980654416816e+02
4.508477334175087208e+02
4.471667798005065038e+02
4.435353570761880633e+02
4.399505644928716492e+02
4.364108891963163046e+02
4.329151500068862219e+02
4.294612271297415305e+02
4.260492958557605334e+02
4.226774686884871244e+02
4.193460229399419177e+02
4.160543510320514429e+02
4.128021411872726958e+02
4.095902082863132136e+02
4.064178619194678959e+02
4.032865822650637710e+02
4.001961925303265275e+02
3.971479245578701125e+02
3.941428016741635929e+02
3.911814705624993849e+02
3.882660758288003535e+02
3.853971247030868312e+02
3.825772582433071420e+02
3.798077943422066483e+02
3.770911415999502196e+02
3.744167943909748715e+02
3.718005503150005211e+02
3.692471698468028194e+02
3.667591146202368009e+02
3.643417196812797556e+02
3.619993223362141634e+02
3.597376822311337037e+02
3.575645479397578015e+02
3.554869642122912410e+02
3.535176898463126918e+02
3.516687327625184594e+02
3.499617936859775682e+02
3.484219865499421189e+02
3.470886280374959370e+02
3.460169740486346655e+02
3.452751520948827419e+02
3.449656388525794455e+02
3.451763691343676328e+02
3.460095022370095990e+02
3.475120152750657212e+02
3.496662490221471558e+02
3.524168248557969036e+02
3.556269864968909928e+02
3.591415546030011114e+02
3.627748704792636545e+02
3.666303475250791166e+02
3.704120824857632215e+02
3.740354114814950321e+02
3.773808988828233169e+02
3.803744607622739977e+02
3.829168685163920145e+02
3.849368754209064036e+02
3.864281163742947456e+02
3.873732260745580902e+02
3.878075436647538368e+02
3.877735275440591636e+02
3.873051071187446723e+02
3.864692334087935706e+02
3.853113353921369253e+02
3.838861742340304772e+02
3.822487428520972230e+02
3.804376754206037390e+02
3.784990243297024222e+02
3.764639314857348040e+02
3.743604890135587198e+02
3.722146883469243335e+02
3.700437558307127688e+02
3.678670088080486948e+02
3.656317483473387711e+02
3.634373271991987622e+02
3.612856372009850361e+02
3.591850874451013169e+02
3.571465807695246895e+02
3.551795183709745629e+02
3.532919336919194393e+02
3.514951718594443264e+02
3.497971184408253293e+02
3.482095581270694424e+02
3.467443894124608619e+02
3.454128158566851425e+02
3.442310358420389775e+02
3.432120101284641578e+02
3.423712381029681637e+02
3.417238083086007805e+02
3.412753860370503389e+02
3.410307082032736048e+02
3.409805077136915656e+02
3.411158123252041605e+02
3.414215569294983652e+02
3.419054899785345469e+02
3.425841072102772387e+02
3.435244839322462553e+02
3.448161287803617370e+02
3.466162673188603094e+02
3.490853742647651075e+02
3.523398487701485919e+02
3.564839450680142932e+02
3.614407358200290332e+02
3.670053756755119707e+02
3.728391091283493211e+02
3.785580734964117369e+02
3.838302865480870310e+02
3.884606173277181256e+02
3.922938839467523735e+02
3.952883710862773228e+02
3.974536499780107874e+02
3.988231076845982557e+02
3.995116931259397006e+02
3.996118292888417614e+02
3.992318676024664796e+02
3.984723027398027284e+02
3.974016159131494419e+02
3.960924171894639585e+02
3.945898120065172634e+02
3.929333584601230314e+02
3.911561330157844054e+02
3.892122476258603001e+02
3.872452840830023888e+02
3.852145065465682592e+02
3.831328619684107366e+02
3.810131426177279650e+02
3.788627767803511119e+02
3.766906346504546832e+02
3.745034292597292733e+02
3.723060939520046873e+02
3.701057869225775221e+02
3.679058781750237586e+02
3.657124269479984946e+02
3.635298279329493312e+02
3.613619915263963094e+02
3.592147753074959837e+02
3.570909821889567866e+02
3.549964558098153589e+02
3.529350163176526394e+02
3.509112093736250131e+02
3.489310318785880440e+02
3.469983365231549328e+02
3.451207258870107353e+02
3.433037822387938718e+02
3.415557433525430042e+02
3.398893615705680418e+02
3.383487887815794579e+02
3.369101412273953429e+02
3.355864812933368171e+02
3.343975364291746928e+02
3.333646530677718260e+02
3.325107503536438571e+02
3.318669983598754243e+02
3.314581185165154693e+02
3.313179772705821620e+02
3.314702156782926181e+02
3.319348976561223594e+02
3.327209808311511097e+02
3.338138527415492263e+02
3.351857842566899421e+02
3.367788499370233239e+02
3.385178071145996910e+02
3.403142655429147112e+02
3.420727375241131654e+02
3.437026237758433922e+02
3.451303733471413011e+02
3.462933770591313305e+02
3.471562011535594365e+02
3.477015470109235480e+02
3.479174226600355837e+02
3.478212835664238582e+02
3.474498562952504699e+02
3.468397331360825433e+02
3.460255583973195144e+02
3.450434690409969107e+02
3.439311151073296173e+02
3.427208946131770517e+02
3.414462144096928000e+02
3.401367641766668157e+02
3.388214227267932301e+02
3.375278129642672411e+02
3.362851699839723096e+02
3.351208877831717245e+02
3.340692893480025987e+02
3.331639648197145220e+02
3.324475545863342631e+02
3.319703424514880794e+02
3.317856737072108899e+02
3.319699212850326262e+02
3.325901726548781312e+02
3.337408206212484174e+02
3.354958037073056971e+02
3.379201003251162092e+02
3.410851352315578424e+02
3.449053277279662097e+02
3.492940074034748932e+02
3.540513754875944983e+02
3.589399253818388047e+02
3.636971723666482603e+02
3.681114891452642155e+02
3.719949980221516626e+02
3.752681709567413577e+02
3.778718049660793667e+02
3.798215154865760610e+02
3.811542030732190369e+02
3.819249756124920054e+02
3.822094320152736486e+02
3.820717598094356049e+02
3.815861877032301095e+02
3.808096111396930041e+02
3.798002985187939089e+02
3.786032718390694640e+02
3.772581432157294330e+02
3.757979434302898198e+02
3.742481947984408066e+02
3.726315168601233268e+02
3.709645220596596573e+02
3.692635828191585006e+02
3.675222368193154239e+02
3.657676162389769843e+02
3.640064953150696851e+02
3.622443045774946881e+02
3.604858222699518819e+02
3.587344885278885727e+02
3.569938867705268990e+02
3.552661122032544085e+02
3.535537948845782807e+02
3.518584353550573383e+02
3.501816541362347834e+02
3.485249496879536082e+02
3.468889148387333421e+02
3.452749736224079697e+02
3.436833432463672580e+02
3.421148617425843668e+02
3.405700069873913094e+02
3.390488052898674596e+02
3.375520228016160331e+02
3.360793067047259797e+02
3.346311767322501396e+02
3.332075802821250932e+02
3.318084733485524680e+02
3.304313645996271589e+02
3.290583272907699666e+02
3.277129490699390999e+02
3.263948652070951653e+02
3.251040875194714772e+02
3.238408296869500873e+02
3.226047519625337827e+02
3.213964595217362898e+02
3.202156614289068557e+02
3.190629290332990422e+02
3.179385236370192729e+02
3.168429052710986298e+02
3.157769089318846341e+02
3.147410258676425769e+02
3.137366516715840135e+02
3.127646955260884170e+02
3.118270548244585711e+02
3.109253545651110926e+02
3.100619906737297811e+02
3.092396895564015722e+02
3.084613052455794104e+02
3.077311188356938487e+02
3.070528243452862398e+02
3.064331143572740643e+02
3.058750645852921934e+02
3.054121733443308244e+02
3.051111392744180080e+02
3.052418327346764499e+02
3.068531392530143194e+02
3.121009750475337228e+02
3.208215116402119520e+02
3.271377303860151073e+02
3.309434370054840429e+02
3.355900346163648464e+02
3.441448285688644546e+02
3.670011479014033853e+02
3.778338754952206955e+02
3.832214297544654187e+02
3.889969589101975771e+02
4.002457798994673794e+02
4.177800104903502643e+02
4.316256855684667357e+02
4.386930977048851901e+02
4.445405708043350046e+02
4.553770667537783083e+02
4.744021487357031788e+02
4.908235309274365932e+02
4.980497129899234778e+02
5.002107642412797759e+02
5.009961980093162879e+02
5.014708402109009171e+02
5.020368708270266893e+02
5.029012459735840253e+02
5.044536717517894431e+02
5.072509404586656387e+02
5.120831113510455452e+02
5.184772253997591633e+02
5.243178029403278515e+02
5.278458450052079343e+02
5.293581340127295789e+02
5.296937283157419643e+02
5.294413811336618210e+02
5.286586149578091636e+02
5.271529433498174058e+02
5.248229785852707892e+02
5.216801146093757779e+02
5.179322022754191721e+02
5.137699582310722235e+02
5.093557822917368298e+02
5.048105977721677391e+02
5.002023469911241023e+02
4.955845741573770056e+02
4.908850417938863302e+02
4.859935971553975946e+02
4.811825952409373599e+02
4.764640253593207149e+02
4.718492392855247317e+02
4.673489713013526625e+02
4.629725972887432590e+02
4.587328532185284189e+02
4.546447691619559919e+02
4.507300167614465636e+02
4.470174326982356092e+02
4.435429198212071356e+02
4.403266939172057164e+02
4.373635024327629708e+02
4.346084892948398988e+02
4.320043224774645410e+02
4.295542429166197849e+02
4.273172002894074240e+02
4.254259261834117183e+02
4.240383545352865440e+02
4.232399966125024093e+02
4.230041239208979960e+02
4.230719837583297362e+02
4.231008345918636451e+02
4.227670321386966066e+02
4.221177322624652675e+02
4.210611349429083816e+02
4.197188337656526755e+02
4.181942143037842357e+02
4.166050844755332605e+02
4.150084211942658499e+02
4.134466402091533155e+02
4.119159812157198530e+02
4.103949941326110320e+02
4.088539871345747088e+02
4.072619672040286787e+02
4.056038563219281627e+02
4.038809970616109695e+02
4.020988932379708558e+02
4.002819931180164872e+02
3.984456605549237338e+02
3.966090242739892915e+02
3.947830072085787947e+02
3.929736639101709557e+02
3.911833001710300550e+02
3.894088507290788925e+02
3.876462691977105237e+02
3.858907511099963585e+02
3.840803562698498581e+02
3.823069891957507025e+02
3.805221053973362473e+02
3.787269328717205212e+02
3.769246688060568999e+02
3.751174717824997629e+02
3.733104774621627939e+02
3.715069158077445763e+02
3.697108714106153684e+02
3.679261300708087106e+02
3.661553751621577248e+02
3.644018331643280817e+02
3.626678449385530030e+02
3.609557662962510562e+02
3.592687592007822559e+02
3.576094509529265224e+02
3.559828783825123537e+02
3.543951058256108695e+02
3.528557145883746102e+02
3.513803025574196681e+02
3.499886414676283835e+02
3.487163905183967358e+02
3.476052169432828691e+02
3.467205068252802107e+02
3.460767907940561372e+02
3.458159504925787928e+02
3.460534169689751138e+02
3.468544556400031524e+02
3.482774709672301583e+02
3.503137551619677197e+02
3.529186126838795872e+02
3.560207097044427087e+02
3.595421471027031544e+02
3.633789500878698391e+02
3.674300279748342177e+02
3.715161474356290228e+02
3.754514924612747109e+02
3.790141343388095834e+02
3.820038739592647516e+02
3.842824497810124171e+02
3.857856612891744135e+02
3.865239424471861867e+02
3.865850821169362348e+02
3.860716453412285887e+02
3.851120097272806220e+02
3.838179096375747008e+02
3.822868163352948159e+02
3.806017398335486064e+02
3.787995755272486349e+02
3.769983033604254956e+02
3.751776734909886954e+02
3.733613519969370600e+02
3.715663838962018417e+02
3.698032850132095177e+02
3.680772522530057245e+02
3.663924448276977728e+02
3.647477233606673508e+02
3.631420614078688800e+02
3.615728215281327493e+02
3.600349827195927901e+02
3.585257598620801787e+02
3.570391594699412963e+02
3.555713256796060477e+02
3.541179136158588108e+02
3.526742540629857103e+02
3.512380324634075919e+02
3.498058011986762494e+02
3.483762573663001945e+02
3.469485290859318525e+02
3.455226961383531830e+02
3.441004187479188658e+02
3.426842554603369990e+02
3.412623340083835046e+02
3.398783294412012879e+02
3.385167022435006743e+02
3.371866825541606545e+02
3.359015994152976532e+02
3.346766442475969257e+02
3.335320403905379862e+02
3.324947322634841953e+02
3.315951265568108965e+02
3.308787903985367507e+02
3.303939516772965703e+02
3.302054777271831085e+02
3.303895159820155527e+02
3.310212321507509614e+02
3.321947717975132264e+02
3.339716387473164900e+02
3.364077658871412382e+02
3.395105401644659651e+02
3.432299128576050293e+02
3.474687306862506375e+02
3.520584507351817933e+02
3.567828820120296882e+02
3.614119682061234471e+02
3.657121721655615261e+02
3.694870211221066256e+02
3.725918187289787511e+02
3.749940779522758589e+02
3.767228639122690197e+02
3.778349120397860474e+02
3.784163821361243549e+02
3.785647951797309361e+02
3.783653234117461466e+02
3.779022510717043133e+02
3.772414668797329114e+02
3.764410376221943011e+02
3.755482261490606675e+02
3.746033738665254873e+02
3.736405872314342105e+02
3.726932359095987408e+02
3.717928274703510283e+02
3.709746575510517914e+02
3.702831257452387490e+02
3.697675406961972158e+02
3.695039157016585136e+02
3.695829222155577440e+02
3.701299841882956230e+02
3.713200729096364512e+02
3.733261029702235874e+02
3.764317018180925061e+02
3.807206717526389639e+02
3.862300905870218912e+02
3.927384395577177543e+02
3.998214136232023179e+02
4.069193820621026703e+02
4.135455904322814717e+02
4.193553790426357182e+02
4.242162582623321896e+02
4.281471808412196651e+02
4.312272842081281397e+02
4.335998910744906425e+02
4.353579305261667400e+02
4.366191312449062139e+02
4.374473266220056757e+02
4.379119532627084368e+02
4.380616139556626649e+02
4.379310108672074762e+02
4.375569510369195996e+02
4.369559687812717925e+02
4.361510021394736327e+02
4.351505116770107975e+02
4.339693748893113252e+02
4.326174447033628780e+02
4.311625100996831179e+02
4.294243920436673534e+02
4.275583348928419127e+02
4.255869244739341184e+02
4.235239278994538950e+02
4.213896651656008885e+02
4.192004035714658130e+02
4.169707420046005382e+02
4.147169413117195518e+02
4.124490578175760334e+02
4.101799903484453012e+02
4.079179801029252417e+02
4.056707041695685234e+02
4.034446208425466693e+02
4.012435739126568706e+02
3.990716458410068412e+02
3.969303576945775376e+02
3.948211811321604046e+02
3.927438914547919921e+02
3.906979866835029611e+02
3.886823857413054952e+02
3.866950946137446863e+02
3.847350533870290406e+02
3.827993963643367010e+02
3.809146951941379484e+02
3.790015657643281770e+02
3.771114523617901568e+02
3.752431956151740451e+02
3.733944210808410844e+02
3.715653271365944192e+02
3.697540360195960716e+02
3.679607638944851828e+02
3.661850908756141507e+02
3.644264560330357767e+02
3.626858089513622758e+02
3.609622476332710903e+02
3.592569242631070097e+02
3.575694737680602202e+02
3.559003120534189861e+02
3.542499591334908473e+02
3.526179980289682021e+02
3.510053707325330379e+02
3.494115131487826602e+02
3.478369413793477634e+02
3.462815023947154032e+02
3.447450132035388606e+02
3.432277876981524969e+02
3.417291979747349160e+02
3.402687856060789500e+02
3.387999562939590419e+02
3.373504308674709478e+02
3.359199924507622654e+02
3.345082962618765805e+02
3.331155804065251687e+02
3.317413117602530974e+02
3.303859802052020882e+02
3.290492811455214905e+02
3.277316260924625340e+02
3.264333690930434955e+02
3.251547055746974024e+02
3.238967465828720265e+02
3.226597284777091090e+02
3.214452036958400640e+02
3.202540609203490476e+02
3.190878690029866220e+02
3.179487161120346741e+02
3.168380395173013540e+02
3.157590267690515589e+02
3.147135122442625175e+02
3.137050551769938238e+02
3.127368026705890998e+02
3.118118209611655516e+02
3.109504728144935370e+02
3.101432464876043014e+02
3.093928739375891155e+02
3.087015554173188434e+02
3.080722413850976409e+02
3.075081526689112366e+02
3.070095678068230427e+02
3.065794451301255208e+02
3.062163690565514003e+02
3.059207132319939433e+02
3.056914537465561352e+02
3.055271393883765541e+02
3.054316044870200813e+02
3.054136372989560755e+02
3.055085508768507907e+02
3.057987043948436963e+02
3.064820607011340599e+02
3.080273754093479965e+02
3.113089277684360923e+02
3.180882239655063586e+02
3.304370834962364256e+02
3.499640357777543045e+02
3.752300020909415252e+02
4.025264285593523255e+02
4.281926904398884517e+02
4.502884185225252054e+02
4.662478940011113764e+02
4.753519201475556315e+02
4.790680027197969366e+02
4.796157952959662794e+02
4.781667429276994881e+02
4.753216815911208641e+02
4.715599393511778885e+02
4.673283656240197388e+02
4.628946947235158973e+02
4.584059809868347770e+02
4.539328399909216500e+02
4.495064824558978671e+02
4.451444425028578848e+02
4.408534701979555734e+02
4.366389734739458959e+02
4.325050585367528697e+02
4.284559693249854035e+02
4.245027531103329466e+02
4.206615216071710392e+02
4.169764750656743217e+02
4.135261401593005530e+02
4.104804062547515855e+02
4.081949011861492522e+02
4.071749555918841565e+02
4.081042226823846590e+02
4.110887311080164181e+02
4.155279236104792631e+02
4.206586156381042088e+02
4.267368507998444898e+02
4.345581696632632429e+02
4.443237087545705322e+02
4.553247754265932485e+02
4.663460223978188424e+02
4.761939792089641514e+02
4.839288946554743234e+02
4.890138290962690348e+02
4.913742300254914426e+02
4.916237944324246882e+02
4.904791003423654274e+02
4.885573345534529039e+02
4.862436008599188995e+02
4.837030884820330812e+02
4.809850859639708460e+02
4.780961802455710767e+02
4.750421833978942914e+02
4.718597248100156776e+02
4.683799628505652777e+02
4.648637535316861999e+02
4.613454862738351494e+02
4.578453498496396605e+02
4.543791063171596534e+02
4.509557126795405111e+02
4.475775363620165876e+02
4.442478961718742312e+02
4.409660242909417889e+02
4.377313660767146644e+02
4.345439310657920942e+02
4.314011548968324519e+02
4.283032945933006772e+02
4.252481732436586981e+02
4.222348548642512469e+02
4.192626367766530961e+02
4.163295143432744680e+02
4.134353321928168157e+02
4.105781683496105643e+02
4.077575521722936855e+02
4.049723921981653803e+02
4.022222820343467902e+02
3.995070690428163402e+02
3.968271930122479603e+02
3.941338896309736128e+02
3.914628847652480204e+02
3.888348610369820904e+02
3.862547771684299391e+02
3.837311789277703724e+02
3.812742266131802467e+02
3.788960090227701585e+02
3.766149661613000603e+02
3.744485051895145489e+02
3.724227685060225781e+02
3.705651072401990405e+02
3.689053335994723852e+02
3.674816816951502574e+02
3.663224062262423217e+02
3.654642647015542138e+02
3.649276472569526959e+02
3.647230785114293781e+02
3.648477488904073311e+02
3.652683009801955336e+02
3.659444156798534777e+02
3.668106345808382116e+02
3.678113946220999537e+02
3.688966977847229032e+02
3.700677785386979508e+02
3.714152118110558831e+02
3.730227656831520449e+02
3.751698797311284466e+02
3.781523063577608923e+02
3.823241531136225149e+02
3.878763182491994144e+02
3.947903245429896515e+02
4.027843998802541705e+02
4.112556520129239175e+02
4.194578527277975013e+02
4.267511690611158315e+02
4.326633115556365397e+02
4.370518289166629415e+02
4.399920137907587900e+02
4.416147586263456333e+02
4.421506428573806602e+02
4.418232134312117978e+02
4.408449730543163128e+02
4.394409082117864500e+02
4.377858585038996466e+02
4.360254895209384927e+02
4.342825076063789425e+02
4.326252785365747968e+02
4.311095990335043666e+02
4.297343277137982227e+02
4.285382947117409458e+02
4.274664134900189651e+02
4.264776673671415779e+02
4.255338137895683985e+02
4.246055158446342830e+02
4.236828007755624981e+02
4.227778975551217400e+02
4.219466979081686304e+02
4.212680208065754073e+02
4.208419892933945334e+02
4.207806558750646104e+02
4.211206076208725335e+02
4.218420262071891216e+02
4.228085566286675885e+02
4.238291940057611669e+02
4.247058114244871945e+02
4.253494780975964886e+02
4.257388512303407424e+02
4.259810848895231175e+02
4.262059312145558465e+02
4.265784988620405898e+02
4.272550298961198791e+02
4.283500936981546374e+02
4.298051513958184273e+02
4.317833055111159410e+02
4.340639036630479950e+02
4.364744572851332691e+02
4.388228858228914646e+02
4.409814227511352556e+02
4.428474802804202568e+02
4.443388951225777532e+02
4.454193083100520312e+02
4.460478272817064749e+02
4.462169233826639356e+02
4.459578875090447809e+02
4.453037595674573481e+02
4.443189338985834524e+02
4.430603553488061834e+02
4.415775479068168465e+02
4.399197291209599712e+02
4.381141812404562756e+02
4.361888279517560818e+02
4.341579123528426294e+02
4.320342268157838248e+02
4.298270210992099578e+02
4.275436460019497531e+02
4.251937917376777705e+02
4.227490258202224709e+02
4.202397625584712841e+02
4.177011693892907829e+02
4.151483693247602105e+02
4.126000354944445689e+02
4.100738553110330713e+02
4.075927528175388375e+02
4.051776302914848316e+02
4.028498958260921654e+02
4.006323467507308465e+02
3.985385237853146236e+02
3.965840415220206978e+02
3.947711059373648368e+02
3.930964509479133540e+02
3.915497395853790294e+02
3.901095488499287853e+02
3.887513611764776442e+02
3.874494664162615436e+02
3.861731720305810427e+02
3.849011402128366512e+02
3.836115205811632904e+02
3.822866160877885022e+02
3.809208759727504230e+02
3.795034841917694735e+02
3.779845710987540883e+02
3.764845971192014531e+02
3.749363914973452552e+02
3.733514020922907548e+02
3.717353423809503283e+02
3.701010225985149873e+02
3.684556225540222840e+02
3.668084467551224748e+02
3.651675555202262444e+02
3.635392633332504033e+02
3.619306917224729432e+02
3.603467332428968461e+02
3.587930631929559695e+02
3.572737035977971800e+02
3.557935631081489305e+02
3.543558444207471325e+02
3.529647002122353570e+02
3.516228814705945638e+02
3.503326901345195097e+02
3.490966852509132536e+02
3.479148397349344464e+02
3.467884909947586607e+02
3.457159220944260483e+02
3.446953543298472482e+02
3.437016834733200312e+02
3.427713329916258544e+02
3.418818367308061852e+02
3.410259470190836169e+02
3.401971307903850175e+02
3.393881077191977056e+02
3.385902258126782840e+02
3.377966244931150186e+02
3.369988444864698636e+02
3.361904013834043781e+02
3.353646793458792104e+02
3.345162844313624078e+02
3.336411345824496379e+02
3.327359583800492260e+02
3.317992538667569988e+02
3.308301134629523403e+02
3.298296844455962287e+02
3.287992424726827494e+02
3.277419753530202229e+02
3.266612773199990443e+02
3.255611122271386080e+02
3.244464980298246246e+02
3.233216555026419883e+02
3.221922245754491314e+02
3.210534214678388594e+02
3.199121255955998890e+02
3.187813916145627786e+02
3.176655596542236708e+02
3.165699309645779636e+02
3.154987864770737929e+02
3.144564860736155651e+02
3.134478762134314138e+02
3.124765228797893428e+02
3.115475228178738121e+02
3.106649014508683990e+02
3.098333679358736390e+02
3.090585172125785789e+02
3.083446854001023780e+02
3.076989860665953529e+02
3.071266579800806653e+02
3.066348980773131530e+02
3.062312024525020320e+02
3.059212782286020911e+02
3.057141732438807367e+02
3.056137617733243133e+02
3.056270681186240381e+02
3.057561300327901677e+02
3.060009725513726266e+02
3.063712687527835783e+02
3.068417697021342860e+02
3.074061942784039161e+02
3.080450596525056994e+02
3.087393441268020524e+02
3.094634810748718223e+02
3.101931630866631622e+02
3.109012540037130066e+02
3.115636953930929280e+02
3.121576865930209692e+02
3.126631758290226344e+02
3.130665481895987341e+02
3.133544084967641083e+02
3.135232976833763701e+02
3.135677133751352130e+02
3.134917245536240102e+02
3.132983111277290504e+02
3.129949864653123655e+02
3.125916715122446021e+02
3.120968042020387543e+02
3.115233959736636393e+02
3.108805961454366411e+02
3.101808969224354655e+02
3.094342573331608719e+02
3.086427730613530684e+02
3.078005937952661952e+02
3.069430174720574769e+02
3.060787671161699564e+02
3.052144829804674373e+02
3.043571845204942292e+02
3.035121133820182990e+02
3.026848287131232951e+02
3.018793180124970377e+02
3.010996281069091083e+02
3.003490439177792268e+02
2.996299657018899438e+02
2.989452259466123110e+02
2.982958116542870926e+02
2.976837961210487151e+02
2.971095714141914641e+02
2.965739846958803128e+02
2.960777646558627794e+02
2.956215845981587336e+02
2.952097165401669372e+02
2.948527446875398823e+02
2.945874594613600834e+02
2.945120138442570124e+02
2.949410355135811415e+02
2.966091638119472123e+02
3.017051642162362555e+02
3.116188653478508286e+02
3.258514353901707636e+02
3.418473152159967299e+02
3.577044572548891210e+02
3.729075039488959078e+02
3.878785824629935064e+02
4.027908238557777736e+02
4.170191999029962062e+02
4.303717694576100712e+02
4.426380652823679611e+02
4.539920899697512482e+02
4.653732071294252250e+02
4.774027068355228494e+02
4.895330658765319072e+02
4.999466155709394570e+02
5.070812648387717445e+02
5.111093714214405850e+02
5.130140151702446474e+02
5.137513294998183255e+02
5.139079548581764811e+02
5.137459707640928173e+02
5.133994307322101349e+02
5.129109604188182630e+02
5.123838057967079749e+02
5.117430430869953852e+02
5.109930152344937255e+02
5.101369365671567380e+02
5.091766423131759325e+02
5.081174439567586205e+02
5.069619986956939783e+02
5.057161680736984408e+02
5.043847595485185593e+02
5.029721826527318171e+02
5.014850945298899774e+02
4.999269525275748265e+02
4.983044407401850435e+02
4.966218302507262479e+02
4.948843615213419298e+02
4.930977583207661610e+02
4.912659138840782589e+02
4.893950681038930384e+02
4.874891520477995073e+02
4.855532172413500120e+02
4.835916135779898468e+02
4.816080200895008829e+02
4.796067699569622391e+02
4.775577351737978233e+02
4.755327885523162763e+02
4.734945417978610180e+02
4.714456682035049084e+02
4.693885538236870616e+02
4.673251606552714748e+02
4.652573791433957240e+02
4.631869096811502686e+02
4.611150642857703588e+02
4.590432847625974091e+02
4.569726543993832593e+02
4.549042488856709383e+02
4.528392002951923700e+02
4.507782257579393672e+02
4.487224049789966216e+02
4.466724061784867672e+02
4.446290321199329583e+02
4.425931308621858875e+02
4.405651885611183047e+02
4.385461037204084960e+02
4.365362395809122518e+02
4.345363186197570258e+02
4.325468053094639913e+02
4.305681135073079986e+02
4.285701584935949882e+02
4.266394861686511604e+02
4.247180718851121810e+02
4.228060522723526446e+02
4.209038174281690203e+02
4.190116787122001938e+02
4.171296866017940488e+02
4.152583266320103803e+02
4.133975068252638607e+02
4.115476052714431603e+02
4.097087341210766454e+02
4.078809607446845575e+02
4.060646971179746743e+02
4.042597820482172324e+02
4.024666945844394945e+02
4.006853949119094978e+02
3.989161430101019619e+02
3.971592206689765021e+02
3.954146068439302439e+02
3.936827643853122822e+02
3.919636351597640100e+02
3.902576059610721018e+02
3.885648288828699037e+02
3.868854674077972504e+02
3.852017495157451208e+02
3.836142775712615389e+02
3.820384120141204107e+02
3.804742015033902476e+02
3.789220260724050604e+02
3.773821251139617061e+02
3.758545764936493470e+02
3.743398489546707992e+02
3.728378461552049998e+02
3.713490317757517687e+02
3.698734266624377369e+02
3.684111812625084781e+02
3.669626093880469284e+02
3.655275685658832003e+02
3.641064664943428966e+02
3.626991765673305963e+02
3.613059214024341372e+02
3.599267938731721870e+02
3.585617046394337990e+02
3.572109122005971358e+02
3.558742135552155332e+02
3.545518469579561724e+02
3.532437101514341293e+02
3.519498066685663389e+02
3.506911110921249133e+02
3.494302647406695428e+02
3.481831425403697722e+02
3.469495868537414367e+02
3.457297448201476868e+02
3.445235828929430681e+02
3.433309571121964154e+02
3.421520059121916688e+02
3.409864473852177298e+02
3.398344739903145069e+02
3.386958599096543594e+02
3.375705348332208473e+02
3.364585991878795426e+02
3.353598090290188907e+02
3.342745333403473182e+02
3.332027438425241144e+02
3.321449929774428824e+02
3.311021126877498659e+02
3.300753476260528601e+02
3.290674115991292865e+02
3.280819598496488538e+02
3.271262470692275315e+02
3.262103098841487281e+02
3.253529486146333056e+02
3.245446208645824981e+02
3.238552125160082937e+02
3.233539468314258443e+02
3.231201268205142014e+02
3.232709377058233144e+02
3.239188788926028337e+02
3.251951766067947460e+02
3.271940736978405653e+02
3.299717727850634219e+02
3.335364973709313858e+02
3.378491753952480963e+02
3.427667659375501898e+02
3.481731101188918274e+02
3.538379515063467693e+02
3.595740913923700077e+02
3.651101704001402481e+02
3.701675940999725753e+02
3.744820169586724319e+02
3.778894533230661636e+02
3.802859448831064242e+02
3.817164230732685724e+02
3.822634086845571346e+02
3.820645687198166911e+02
3.812776682472375569e+02
3.800129190555013565e+02
3.784662375588077339e+02
3.766827210568808937e+02
3.747484214594762761e+02
3.727284259769430719e+02
3.706721865847132449e+02
3.686210073041119131e+02
3.666067693775164571e+02
3.646553615320741528e+02
3.627901718880474391e+02
3.610293032263178361e+02
3.593888076670700116e+02
3.578837968766150084e+02
3.565226152944858313e+02
3.553165975717505489e+02
3.542673876733238103e+02
3.533773170207938392e+02
3.526424410287061733e+02
3.520522816457701651e+02
3.515962589800561773e+02
3.512527806750817376e+02
3.510025850898493900e+02
3.508187634539302167e+02
3.506759852132672108e+02
3.505359025462767590e+02
3.504159625983989486e+02
3.502622805744396715e+02
3.500598684210568763e+02
3.497985894400237044e+02
3.494724386734002906e+02
3.490827246715351748e+02
3.486305266548219493e+02
3.481244983956804617e+02
3.475714686485570724e+02
3.469812084418864515e+02
3.463634875755466851e+02
3.457262787290881079e+02
3.450786368122205090e+02
3.444263843432248109e+02
3.437750893160305736e+02
3.431284370602348872e+02
3.424880421302324294e+02
3.418549445096394379e+02
3.412281305987633573e+02
3.406060114101568388e+02
3.399861482458607611e+02
3.393652818473140655e+02
3.387400726723103048e+02
3.381068989814403380e+02
3.374768427954222147e+02
3.368289902532092128e+02
3.361612333905735568e+02
3.354709501919074341e+02
3.347574728404881057e+02
3.340198674641426351e+02
3.332581652831379415e+02
3.324737554635431138e+02
3.316671851586807520e+02
3.308415302918078282e+02
3.299984716657672834e+02
3.291415246273845696e+02
3.282738764090265136e+02
3.273988145162135197e+02
3.265207157413979075e+02
3.256428630084197380e+02
3.247700473225946212e+02
3.239056665241916448e+02
3.230544096285682372e+02
3.222197748973802618e+02
3.214058554476043810e+02
3.206163777188147037e+02
3.198541565643322997e+02
3.191323034853526224e+02
3.184378041261822432e+02
3.177810153803563935e+02
3.171626030225870636e+02
3.165841599044177883e+02
3.160461637286155110e+02
3.155471588862613430e+02
3.150873476479820283e+02
3.146628477848573198e+02
3.142724782535526060e+02
3.139115617187819112e+02
3.135769789443575064e+02
3.132644557062381523e+02
3.129693054709042030e+02
3.126883489503609326e+02
3.124162197989159608e+02
3.121508460594884582e+02
3.118873468623592089e+02
3.116242369500422456e+02
3.113584517924340958e+02
3.110882426673382497e+02
3.108127837800044517e+02
3.105299085408208271e+02
3.102403126841279573e+02
3.099452228454674128e+02
3.096145771724858946e+02
3.092728574231969105e+02
3.089206340422775270e+02
3.085586301690127584e+02
3.081867341935056857e+02
3.078065578017876192e+02
3.074178621508784772e+02
3.070226281030042514e+02
3.066214271254378332e+02
3.062162484073253381e+02
3.058093860986016352e+02
3.054032964799657179e+02
3.050028699964137218e+02
3.046127869763034255e+02
3.042414274432757679e+02
3.038989869267946347e+02
3.035986528632890895e+02
3.033599216597494888e+02
3.032029625356831843e+02
3.031545222299341731e+02
3.032420696231009742e+02
3.034885973382504858e+02
3.039164572543904796e+02
3.045235026908176224e+02
3.055369750266420965e+02
3.067086218287979023e+02
3.080057077460429014e+02
3.094017217206023247e+02
3.108761875218509658e+02
3.124034425665779509e+02
3.139803798381827278e+02
3.155924374901666170e+02
3.172358416234006881e+02
3.189052230750935450e+02
3.205804801202314707e+02
3.222470199296289479e+02
3.238714861848597479e+02
3.254178565311677289e+02
3.268519483209573195e+02
3.281344156902952705e+02
3.292373112466717657e+02
3.301417387789625764e+02
3.308303942740166121e+02
3.313071999476718474e+02
3.315733793719877553e+02
3.316419876189100364e+02
3.315320646733179615e+02
3.312249934528788913e+02
3.308456433974352535e+02
3.303428676879896102e+02
3.297383024323107179e+02
3.290518749512945078e+02
3.282984497332339515e+02
3.274952656697399220e+02
3.266539463026860517e+02
3.257863127793131071e+02
3.249025422659960327e+02
3.240099011408681235e+02
3.231163671291521950e+02
3.222272704125725795e+02
3.213476523485418852e+02
3.204822089509110015e+02
3.196337805397941452e+02
3.188061318517712834e+02
3.180014223735662426e+02
3.172218309468315169e+02
3.164696920642034570e+02
3.157458604964808160e+02
3.150523224185761819e+02
3.143897041634411380e+02
3.137588805607096560e+02
3.131442742688373642e+02
3.126186650412907397e+02
3.121230931231933710e+02
3.116572716512781653e+02
3.112214238343794364e+02
3.108163102835250129e+02
3.104417546551127316e+02
3.100993527740986906e+02
3.097901115274077597e+02
3.095156010308389227e+02
3.092793010825459987e+02
3.090828776011818491e+02
3.089315508735931530e+02
3.088285496509574841e+02
3.087788652028730212e+02
3.087882288937445878e+02
3.088599996621741752e+02
3.090009236522992069e+02
3.092129296441923998e+02
3.095014426282656927e+02
3.098670072936757833e+02
3.103128821603644383e+02
3.108381366564686346e+02
3.114421733947560256e+02
3.121228199527600395e+02
3.130497647456315917e+02
3.140548243446771153e+02
3.151139637428074707e+02
3.162139944541257819e+02
3.173317070127504280e+02
3.184518185596792819e+02
3.195555076131548731e+02
3.206249530914020056e+02
3.216452288458172575e+02
3.225983447571433658e+02
3.234742710484122199e+02
3.242573064967486971e+02
3.249434770625028364e+02
3.255225013462062407e+02
3.259960791093579360e+02
3.263633229239116531e+02
3.266282013832746998e+02
3.267992717918144763e+02
3.268824586020320453e+02
3.268922350544066830e+02
3.268377865445325483e+02
3.267348610348547595e+02
3.265960371377712477e+02
3.263970023426064699e+02
3.261750524579930470e+02
3.259532149232798588e+02
3.257430714061780463e+02
3.255523125025679292e+02
3.253883648496305909e+02
3.252556948423389258e+02
3.251572310776132895e+02
3.250942945425547350e+02
3.250648837187478648e+02
3.250681045901257562e+02
3.250973544578431529e+02
3.251486525330308268e+02
3.252133428758298237e+02
3.252841150516772473e+02
3.253555496406230532e+02
3.254190398057104971e+02
3.254758243000908351e+02
3.255227557246399783e+02
3.255660582109655365e+02
3.256136050632547949e+02
3.256787112982904659e+02
3.257813056176851774e+02
3.259498476607909652e+02
3.261655155704184494e+02
3.264961298450448339e+02
3.269874152166270278e+02
3.276496808462364356e+02
3.284763561436211035e+02
3.294164420036790375e+02
3.304109816965208211e+02
3.314079766595665433e+02
3.323882085706965199e+02
3.333857668850418463e+02
3.344738294197781556e+02
3.357519770379222450e+02
3.373332950109792137e+02
3.392924144901824661e+02
3.416950839061182137e+02
3.445302947831868323e+02
3.478010879580345431e+02
3.515443573505335166e+02
3.559441580229449187e+02
3.614213894365502142e+02
3.684767315244730526e+02
3.771644493949689831e+02
3.863522552680365152e+02
3.948351688302860794e+02
4.029425455844701105e+02
4.125820184802583981e+02
4.263995766427884178e+02
4.450175159896182322e+02
4.659645086295657848e+02
4.862200366116093733e+02
5.054724619754562127e+02
5.238185098998400235e+02
5.401477607913469683e+02
5.526859557961035989e+02
5.603445332835091222e+02
5.633876492670585776e+02
5.630024354981487704e+02
5.608120033856024520e+02
5.578641876914044815e+02
5.547301608218944011e+02
5.517325347660681700e+02
5.489498773060271333e+02
5.461802310848570414e+02
5.432003251234287973e+02
5.400777376147186715e+02
5.371402289998400192e+02
5.346420896392889972e+02
5.327746564179392408e+02
5.316261141136951665e+02
5.312387406199102315e+02
5.316741960224441073e+02
5.329906355147867316e+02
5.352865513988409703e+02
5.387123569403119063e+02
5.431792871380609995e+02
5.484170832657752044e+02
5.539954693386125655e+02
5.593560544874854941e+02
5.640474771178714946e+02
5.676136746473732728e+02
5.696785491654636644e+02
5.701444988072148590e+02
5.691320224495110551e+02
5.669059592449227694e+02
5.638501429594836054e+02
5.602402387947468014e+02
5.563285901974668377e+02
5.522765820714021174e+02
5.481934677758172256e+02
5.441584370921792697e+02
5.402233979909485697e+02
5.364252136318827979e+02
5.328300852817122859e+02
5.294451237481700900e+02
5.262921388407111181e+02
5.233954012767591166e+02
5.207715174274629817e+02
5.184492581549276338e+02
5.164330477280173000e+02
5.147438022284087538e+02
5.133894111956207098e+02
5.123758840290076932e+02
5.117299071362139102e+02
5.114578963541713392e+02
5.116066153124440348e+02
5.122039927441522877e+02
5.132981094698149036e+02
5.149251311960151725e+02
5.170707076941278046e+02
5.196988435589743176e+02
5.226675119295254035e+02
5.257897812323427615e+02
5.288292433957963112e+02
5.315289409995851884e+02
5.336433664421629146e+02
5.350144383812672686e+02
5.355657820609817463e+02
5.352630999047444220e+02
5.341561053175277038e+02
5.323552668499695528e+02
5.300323145191341609e+02
5.273148078290932972e+02
5.243494169397662290e+02
5.212424958990133064e+02
5.180802159383421213e+02
5.149290074148941585e+02
5.118364360961174953e+02
5.088307029756299471e+02
5.059365262970196113e+02
5.031607368863272427e+02
5.005094050208705880e+02
4.979838149403481111e+02
4.955760010507848392e+02
4.932831701643403335e+02
4.910884496268016051e+02
4.889780377405654122e+02
4.869294367846782166e+02
4.849172470052524773e+02
4.829108934655940288e+02
4.808800221535618675e+02
4.787603877194943038e+02
4.765307192742205871e+02
4.741774211364722760e+02
4.716805441887503321e+02
4.690377919446158899e+02
4.662399255583455329e+02
4.632972556670570157e+02
4.602169315400988125e+02
4.570104627671050253e+02
4.536967735855630508e+02
4.502870621797973172e+02
4.468025617197726547e+02
4.432566217987123878e+02
4.396653942932539394e+02
4.360428587175331359e+02
4.324007755818599321e+02
4.287508251702536768e+02
4.251022790684526740e+02
4.214635117864865492e+02
4.178411450037506256e+02
4.142418353799426427e+02
4.106688695760009864e+02
4.071281979312335579e+02
4.036208305263227203e+02
4.001875482158287127e+02
3.968155103553119716e+02
3.934945878926472460e+02
3.902288079021469684e+02
3.870166205368092278e+02
3.838607670812097581e+02
3.807613333027953217e+02
3.777177976265323309e+02
3.747332269368714037e+02
3.718043094241975268e+02
3.689350533760583062e+02
3.661225295620458269e+02
3.633685018366879831e+02
3.606730689188686938e+02
3.580352173564858731e+02
3.554575524869868559e+02
3.529380934148664437e+02
3.504784982480395001e+02
3.480793467879665286e+02
3.457401864702828789e+02
3.434644494382616244e+02
3.412505815667071829e+02
3.391027736172203504e+02
3.370216563024674201e+02
3.349073406013116596e+02
3.328191870278103579e+02
3.307867105897929036e+02
3.288137310924470853e+02
3.268979741193643349e+02
3.250416250955173041e+02
3.232456045386547316e+02
3.215091263684906835e+02
3.198364415632223654e+02
3.182250375407774072e+02
3.166782386604529620e+02
3.151962970963514863e+02
3.137792052151492044e+02
3.124308413953737613e+02
3.111482415247631366e+02
3.099362593975749292e+02
3.087924146769714753e+02
3.077185978805340483e+02
3.067156557440519009e+02
3.057815468266078369e+02
3.049197599419372864e+02
3.041264151414548564e+02
3.034025850310057422e+02
3.027472592158671887e+02
