nan
4.718955295218509036e+02
4.739878660644330353e+02
4.759659741256546681e+02
4.777139904338152405e+02
4.791441529091246707e+02
4.801773353470697998e+02
4.808033340132476496e+02
4.810033059360343941e+02
4.808126386021640997e+02
4.802690799517889104e+02
4.794152393480655405e+02
4.783152585638614482e+02
4.770102770242310157e+02
4.755603168808812029e+02
4.740085270663550432e+02
4.723987260596667852e+02
4.707702929287131610e+02
4.691594583657333146e+02
4.675968840210028930e+02
4.661131424604106996e+02
4.647329472878358274e+02
4.634758985249939656e+02
4.623644729371861217e+02
4.614028917767197981e+02
4.607717801424511208e+02
4.602525202695740063e+02
4.598328261895950391e+02
4.594945276155933698e+02
4.592088793664713080e+02
4.589520326220064703e+02
4.586928844878469818e+02
4.584064405501530359e+02
4.580703936087324450e+02
4.576702943748358052e+02
4.571942451968284331e+02
4.566439515979541284e+02
4.560216515016921903e+02
4.553389074537051329e+02
4.546102488361636347e+02
4.538512152737244492e+02
4.530803674266621783e+02
4.523141753874174356e+02
4.515665934741573437e+02
4.508490981512995290e+02
4.501685916697367134e+02
4.495262858927507637e+02
4.489211791803885490e+02
4.483443149350071621e+02
4.481729400883878043e+02
4.479598578821219803e+02
4.476880795934919774e+02
4.473411177590997454e+02
4.469065393783874356e+02
4.463705325422910164e+02
4.457283835113027521e+02
4.449756453870049882e+02
4.441119714030140813e+02
4.431444399270451981e+02
4.420769048282894005e+02
4.409234463479791657e+02
4.396953621493067317e+02
4.384067917859368890e+02
4.370746191152069287e+02
4.357122478951284279e+02
4.343369055488032586e+02
4.329633679893390195e+02
4.316043540983831690e+02
4.302726509085736097e+02
4.289779909212228972e+02
4.277272425720962019e+02
4.265275433569437951e+02
4.253792899557835199e+02
4.244242498024788688e+02
4.235173170349807492e+02
4.226480403468001441e+02
4.218081290961059722e+02
4.209856085927771119e+02
4.201707276789869070e+02
4.193556160300479974e+02
4.185308341256946392e+02
4.176917437884982860e+02
4.168315565248834673e+02
4.159451933975362294e+02
4.150298244812399275e+02
4.140801529212260448e+02
4.130939739501939698e+02
4.120673746940183833e+02
4.109962764780808584e+02
4.098785970255575535e+02
4.087101527364081903e+02
4.074884578420823686e+02
4.062119197376629813e+02
4.048766622398813979e+02
4.034840091935186592e+02
4.020318733859873532e+02
4.005216538675227866e+02
3.990477588318183280e+02
3.975121918591002554e+02
3.959228854199567991e+02
3.942835296339986826e+02
3.926012879291835702e+02
3.908825584952613212e+02
3.891321657013786535e+02
3.873576656874423634e+02
3.855632475405269588e+02
3.837552555462635837e+02
3.819386814272170909e+02
3.801178903684166812e+02
3.782978786807495339e+02
3.764827989701963133e+02
3.746769373773786924e+02
3.728852158886303982e+02
3.711118667290043049e+02
3.693619088092506217e+02
3.676416268861242997e+02
3.659557878407891849e+02
3.643135044866886005e+02
3.627205747398596714e+02
3.611874519287806606e+02
3.597242417187947581e+02
3.584727369363230309e+02
3.573106235275026279e+02
3.562467267773481012e+02
3.553001949364324901e+02
3.544849934175513226e+02
3.538184570599950121e+02
3.533245019494302142e+02
3.530156557409939069e+02
3.529214646475446671e+02
3.530548556188564362e+02
3.534420448502227146e+02
3.541042376575215940e+02
3.550595299156868805e+02
3.563439292875262367e+02
3.579742725432848829e+02
3.600076401230072634e+02
3.624730872837309903e+02
3.654358672929153613e+02
3.689496637214342059e+02
3.730544710558297652e+02
3.778105462320617676e+02
3.832001893327299058e+02
3.892286827815612469e+02
3.958300279740306564e+02
4.032762380661698671e+02
4.111618030323927542e+02
4.194401147411134616e+02
4.281919334023161241e+02
4.376595907230470175e+02
4.482724041038938481e+02
4.606216255923559970e+02
4.749457054540661147e+02
4.907529118899142304e+02
5.063975974813856169e+02
5.201923533296691176e+02
5.314079553817138049e+02
5.403347444923065268e+02
5.475226341944684236e+02
5.536513073668318157e+02
5.590201635828972258e+02
5.637422979386277575e+02
5.675762508469179011e+02
5.702890303478829992e+02
5.718620410943608476e+02
5.724991950047696037e+02
5.725665893617334632e+02
5.724597070198723259e+02
5.725655311253149193e+02
5.726846457708753633e+02
5.733032212336785278e+02
5.741471193918348490e+02
5.747277892418069314e+02
5.745521129197755954e+02
5.734665239496533786e+02
5.715103636645576444e+02
5.689104186663565770e+02
5.659005339172821323e+02
5.626572972541354147e+02
5.593346724035775424e+02
5.560159936166119223e+02
5.527642787137770028e+02
5.496150309975386108e+02
5.465850580280027771e+02
5.436837392924001051e+02
5.409141124008840507e+02
5.382716535062319281e+02
5.357555373560385306e+02
5.333583743349072392e+02
5.310772714144645761e+02
5.289079399765682865e+02
5.268477801205814330e+02
5.248969459307448915e+02
5.230364419605738249e+02
5.213032324003747817e+02
5.196986998513707476e+02
5.182340850099053569e+02
5.169102089846204535e+02
5.157327228143876710e+02
5.147016352577542193e+02
5.138092354903765226e+02
5.130485149345352056e+02
5.124013114571304186e+02
5.118496999983629507e+02
5.113711896395077474e+02
5.109412020753974275e+02
5.105339565554389765e+02
5.101285990932912568e+02
5.096977191863306871e+02
5.092266634121114066e+02
5.086939059559953762e+02
5.080857893488554851e+02
5.073939465623541878e+02
5.066047679619432529e+02
5.057212850851495318e+02
5.047366249439537569e+02
5.036563619176251905e+02
5.026645706960101734e+02
5.015685171419794415e+02
5.003823807774541592e+02
4.991126506837982788e+02
4.977710908017718907e+02
4.963659857357106375e+02
4.949024225677803770e+02
4.933872384382831910e+02
4.918228497687259733e+02
4.902109856791928451e+02
4.885556400877920851e+02
4.868565798561522229e+02
4.851196303116937543e+02
4.833497727685422092e+02
4.815524915036838820e+02
4.797396373821400175e+02
4.779187400192128052e+02
4.761051012872001138e+02
4.743125669610357704e+02
4.725560245044218846e+02
4.708552290071147581e+02
4.692272383747281879e+02
4.676941950432036492e+02
4.662415933932185794e+02
4.650525765929510271e+02
4.640414940473274896e+02
4.632202663996155820e+02
4.625989265471171734e+02
4.621860838386417072e+02
4.619779315995357933e+02
4.619826573371119025e+02
4.621950473644485555e+02
4.626175646758151743e+02
4.632568159234940595e+02
4.641032887096869786e+02
4.651645724119429133e+02
4.664327868134164987e+02
4.679031624634992568e+02
4.695805718712024941e+02
4.714309611936498072e+02
4.734040033640457068e+02
4.754096837795821671e+02
4.773521491183548733e+02
4.791453704850040367e+02
4.807597910338820952e+02
4.821607460275450308e+02
4.833754163849222891e+02
4.842979834299489426e+02
4.850948341251454963e+02
4.857777165708773168e+02
4.863664979845632956e+02
4.869034152486966605e+02
4.874297584794063596e+02
4.880139700606172255e+02
4.887442517021219146e+02
4.897001770680268464e+02
4.909528190222932267e+02
4.924851525662783160e+02
4.942094860485438517e+02
4.959583158146959931e+02
4.975772407954713117e+02
4.989357780180552027e+02
5.000127553381011012e+02
5.008058220012682682e+02
5.013484747189452833e+02
5.016692764809357641e+02
5.017876439734615133e+02
5.017283278472075381e+02
5.014969009406705709e+02
5.011168492275980384e+02
5.005942894027350576e+02
4.998805536573219683e+02
4.990596175980213047e+02
4.981197901182120518e+02
4.970800150674837710e+02
4.959469264753211064e+02
4.947320126832319147e+02
4.934411721815953911e+02
4.920795191494067922e+02
4.906510792252768169e+02
4.891646618935437232e+02
4.876249926798466845e+02
4.860514143268601401e+02
4.844573345354856997e+02
4.828671602546306190e+02
4.813088357794289891e+02
4.798041406426887079e+02
4.783859197911855290e+02
4.770740626661688566e+02
4.758933565158828287e+02
4.748625709819673375e+02
4.739932441606779321e+02
4.732989283642236842e+02
4.727849583173397718e+02
4.724577646973307878e+02
4.722441256908830383e+02
4.721604011055598562e+02
4.722447110078699666e+02
4.724878780419997497e+02
4.728761372901742561e+02
4.734036580946819299e+02
4.740606140848651080e+02
4.748393750943646410e+02
4.757246602197857896e+02
4.766561101503923510e+02
4.775500313571782840e+02
4.782783517252941010e+02
4.787295120547705096e+02
4.788246085944118704e+02
4.785498721213012914e+02
4.779233684162386453e+02
4.769963550717064322e+02
4.758170199944755723e+02
4.744314850491624043e+02
4.728727290426093077e+02
4.711781458326042298e+02
4.693670902982205462e+02
4.674612011792082171e+02
4.654713378748643891e+02
4.634595725134034865e+02
4.613401054857290546e+02
4.591470525879316256e+02
4.568905911587185074e+02
4.545907584907926662e+02
4.522656742024107075e+02
4.499460237002900840e+02
4.476632152700135521e+02
4.454552760117684329e+02
4.433710463162524889e+02
4.414588600025776373e+02
4.397844113393936709e+02
4.384064233930455998e+02
4.373821932674135837e+02
4.367579636369073341e+02
4.365320758935022809e+02
4.366779937096394519e+02
4.371122500090582434e+02
4.377201831721863527e+02
4.383852033580117222e+02
4.389986665938613442e+02
4.394830130670444532e+02
4.398047669477837758e+02
4.399480859301890519e+02
4.398883227091415051e+02
4.397931412877281900e+02
4.395572383723944085e+02
4.392123946746867773e+02
4.387819324720174450e+02
4.382883644415406366e+02
4.377475887871200939e+02
4.371699169351359160e+02
4.365581774802643054e+02
4.359065767101776032e+02
4.352070193003149257e+02
4.344457038505004220e+02
4.336098553550146448e+02
4.326935278998259946e+02
4.316873953097026515e+02
4.306005715180422726e+02
4.294368064106102452e+02
4.282098496932978264e+02
4.269343638914883741e+02
4.256226195439874687e+02
4.242926335352817659e+02
4.229556232052702285e+02
4.216251481239531813e+02
4.203099597481082128e+02
4.189296398045168530e+02
4.175546761466870294e+02
4.162027743654192591e+02
4.148722495155659544e+02
4.135619221190071926e+02
4.122667122569090452e+02
4.109830824769115907e+02
4.097082474469484055e+02
4.084376794904117673e+02
4.071723122160721573e+02
4.059090149024047491e+02
4.046494330459307207e+02
4.033944558994997465e+02
4.021433799683673556e+02
4.008983294713150372e+02
3.996579425330378399e+02
3.984219688349687090e+02
3.971900082816214876e+02
3.959592043049187282e+02
3.947281638629791019e+02
3.934939882540297162e+02
3.922532820523447867e+02
3.910039317066746776e+02
3.897428023922417992e+02
3.883968384394285636e+02
3.869842460598451908e+02
3.855585276844949476e+02
3.841200899551494103e+02
3.826698514740011206e+02
3.812079935302325566e+02
3.797382711314492667e+02
3.782621531135707187e+02
3.767837428559708428e+02
3.753072633836226260e+02
3.738357693618679036e+02
3.723749832062090377e+02
3.709281334923256850e+02
3.694999816104478327e+02
3.680949220341759087e+02
3.667159204027645387e+02
3.653673029565281922e+02
3.640512158115424199e+02
3.627705083147343430e+02
3.615273772648334329e+02
3.603227694137261210e+02
3.591583211512097478e+02
3.580340713753653858e+02
3.569503204212443279e+02
3.559068653940419154e+02
3.549102266024381720e+02
3.539549112857632167e+02
3.530389353419719782e+02
3.521613928672311431e+02
3.513210392698964597e+02
3.505161720253792055e+02
3.497462497514261486e+02
3.490093780718863741e+02
3.483048865231338596e+02
3.476314784714888901e+02
3.469875937033586979e+02
3.463724631799886993e+02
3.457840593971571934e+02
3.452212446124904091e+02
3.446822384947240607e+02
3.441647789439215899e+02
3.436671932721707776e+02
3.431862765607476149e+02
3.427192637050239341e+02
3.422624375961706846e+02
3.418105917765347499e+02
3.413587416167961237e+02
3.408992817477825383e+02
3.404669395915314567e+02
3.400840613769321408e+02
3.397136606197827291e+02
3.393620868121993226e+02
3.390349832206467795e+02
3.387440917373691036e+02
3.385026789306517685e+02
3.383208715280841261e+02
3.382109443087963427e+02
3.381559788661340917e+02
3.381261316363413698e+02
3.380638147784467265e+02
3.379167417887297802e+02
3.376558028472279034e+02
3.372913148547315245e+02
3.368554188553681570e+02
3.363910910743997533e+02
3.359411434952779132e+02
3.355425519479945820e+02
3.352245985738584295e+02
3.350124029778750128e+02
3.349066948173640412e+02
3.349032666781400280e+02
3.349750164815817470e+02
3.353301552244773802e+02
3.358138410230846489e+02
3.364252259882969156e+02
3.372722816901507485e+02
3.384961716095518796e+02
3.402911013604850723e+02
3.427582837888568292e+02
3.459483656437998320e+02
3.496945211791223187e+02
3.537330213607964424e+02
3.578372433828539556e+02
3.619237540642622548e+02
3.660309194742619070e+02
3.702189730600749158e+02
3.745398624063151374e+02
3.790117559625413151e+02
3.837728551616797859e+02
3.888897264549511306e+02
3.943879389148037831e+02
4.001839429736489819e+02
4.061895830795922961e+02
4.124989109085850032e+02
4.192660211104525843e+02
4.267449526060869402e+02
4.350178826260228107e+02
4.435604983207452392e+02
4.520633569323360348e+02
4.600284275333870596e+02
4.670165880856382046e+02
4.729055223149641733e+02
4.777433945365436330e+02
4.817107597836645709e+02
4.850343046056872254e+02
4.878839574557110836e+02
4.904116044212526617e+02
4.927161861787780026e+02
4.948498909811533508e+02
4.968507109731426681e+02
4.987252005041835901e+02
5.004839325414154700e+02
5.021257444532646446e+02
5.036632576378527801e+02
5.051052944062145116e+02
5.064691719588536216e+02
5.077749381113632126e+02
5.090413378749112212e+02
5.102953261019407591e+02
5.115622877538179409e+02
5.128604711285105395e+02
5.144386107893395774e+02
5.161311394716898349e+02
5.179861236897302206e+02
5.200313385296527713e+02
5.222308539417135762e+02
5.244994222821222820e+02
5.267077485573172453e+02
5.287533436370295021e+02
5.305908347816033483e+02
5.322323763199597124e+02
5.337068870845184847e+02
5.350636871494363049e+02
5.363374585021881558e+02
5.375601990216199511e+02
5.387551196417325627e+02
5.399375864355668000e+02
5.411157673638890628e+02
5.422913275068880239e+02
5.434588760270030434e+02
5.446084694859498541e+02
5.457283278336328749e+02
5.468047153889104948e+02
5.478318176108219859e+02
5.486936288854901704e+02
5.494855106072956232e+02
5.502190107319823937e+02
5.509065313710358396e+02
5.515597569599302687e+02
5.521920178791829130e+02
5.528186032930872216e+02
5.534501617258204078e+02
5.540981150337590861e+02
5.547675965246448868e+02
5.554596490571433378e+02
5.561689912836939129e+02
5.568855291410601467e+02
5.575940413593248195e+02
5.582772567921825839e+02
5.589165607131534443e+02
5.594950685838583695e+02
5.599966473726794902e+02
5.604109142457740518e+02
5.607293859232371460e+02
5.609512969004688330e+02
5.610783334118031007e+02
5.611179403834518098e+02
5.610818440626017036e+02
5.608363064558267297e+02
5.605543629094644302e+02
5.602524545808010998e+02
5.599608147494775494e+02
5.597072399051644425e+02
5.595289582205693932e+02
5.594598150376320973e+02
5.595470810278908402e+02
5.598469773794658977e+02
5.604235740768731375e+02
5.613735225772165904e+02
5.627571833650566759e+02
5.646299688166690203e+02
5.669247476107294688e+02
5.694854076428439384e+02
5.720828098065499034e+02
5.745443055491401765e+02
5.767581492317326592e+02
5.787168949167649998e+02
5.804213765472832165e+02
5.818863114340545053e+02
5.831390613386556652e+02
5.841862866352881838e+02
5.850620223045981447e+02
5.856232577113971729e+02
5.859471903004675823e+02
5.860784579348774059e+02
5.860241665721351865e+02
5.857906246470412270e+02
5.854194453193933896e+02
5.849437052454732111e+02
5.844121194476409755e+02
5.838661144488345371e+02
5.833397878354954855e+02
5.828686060629512440e+02
5.824703706181144298e+02
5.821633857077900984e+02
5.819487416401524342e+02
5.818181842397319770e+02
5.817504404064210348e+02
5.817093193104514057e+02
5.816528574471969932e+02
5.815361473188896753e+02
5.813181587625268776e+02
5.809701316597897858e+02
5.804749658130840544e+02
5.798247163099844101e+02
5.790279888564182329e+02
5.780821464242013690e+02
5.769643843111228989e+02
5.757495434249681239e+02
5.744600103403774938e+02
5.731220642336198807e+02
5.717569923232667861e+02
5.703889386668884072e+02
5.690372300444286111e+02
5.677168362886177420e+02
5.664413480604946471e+02
5.652188586643732151e+02
5.640541693883205880e+02
5.629526201390499409e+02
5.619130580396143841e+02
5.609378649522657270e+02
5.600236643288250207e+02
5.591669712943468085e+02
5.583634176869821886e+02
5.576047151900891095e+02
5.568824919900501982e+02
5.561852851176935246e+02
5.554999526042362277e+02
5.548147550899328735e+02
5.541166046023558920e+02
5.533855812862424273e+02
5.525411946167754422e+02
5.516532773840484651e+02
5.507240481967187407e+02
5.497528736239354430e+02
5.487449744218603200e+02
5.477072664433184173e+02
5.466451875670308027e+02
5.455682863980468937e+02
5.444822266756515319e+02
5.433954401121451383e+02
5.423139420924222804e+02
5.412457971968448192e+02
5.401964527012132748e+02
5.391726071160115907e+02
5.381760212414087619e+02
5.372079711611662560e+02
5.362659185796952670e+02
5.353446903358383224e+02
5.344400242255539979e+02
5.335451966753897750e+02
5.326596391924628051e+02
5.317786885893514182e+02
5.309055547893566427e+02
5.300750937700394161e+02
5.292362998306397230e+02
5.284127999808117693e+02
5.276021377767383456e+02
5.268031604703629682e+02
5.260127732695551686e+02
5.252263549830080365e+02
5.244409153038744762e+02
5.236511098704810365e+02
5.228531709542183989e+02
5.220431906555966179e+02
5.212172812955146810e+02
5.203750741025620528e+02
5.195155719469180440e+02
5.186420225847043639e+02
5.177578382178247693e+02
5.168688845322473071e+02
5.159846358529712234e+02
5.151152053581359951e+02
5.142746030997650450e+02
5.134812948125819503e+02
5.127510399289200222e+02
5.121124655178283547e+02
5.115791261992465024e+02
5.111316231578568932e+02
5.107452828030552041e+02
5.104495884741529039e+02
5.102050129924591033e+02
5.099469548290559260e+02
5.096121580466704017e+02
5.091542978261919643e+02
5.085491452682131239e+02
5.077969140018113876e+02
5.069214629028978720e+02
5.059449881906717224e+02
5.049032902006856602e+02
5.038215915705927159e+02
5.027266744514525385e+02
5.016403741202860260e+02
5.005795138707241563e+02
4.995625324985247175e+02
4.985996309909275510e+02
4.977043655063467895e+02
4.968846334935544178e+02
4.961473720155132128e+02
4.955006545812217382e+02
4.949439671239146605e+02
4.944817624983011228e+02
4.941404622544667973e+02
4.939703076950873424e+02
4.938870587251584539e+02
4.938770139012491995e+02
4.939289760432542380e+02
4.940286172637910340e+02
4.941617990063105026e+02
4.943139235082414302e+02
4.944685894776366695e+02
4.946080622515177083e+02
4.947170817036807193e+02
4.947785986872640933e+02
4.947822901844837133e+02
4.947195222351659822e+02
4.945865549183610597e+02
4.943875221239202915e+02
4.941265005621174851e+02
4.938163092856424328e+02
4.934682842257652169e+02
4.930957583481634288e+02
4.927119810592581644e+02
4.923262857971072322e+02
4.919479117441647986e+02
4.915803409770079497e+02
4.913195921716070984e+02
4.912268009110435401e+02
4.911256228003286424e+02
4.910077294879728811e+02
4.908625827495208682e+02
4.906816298424099614e+02
4.904548307230155615e+02
4.901737889406676913e+02
4.898325536878241451e+02
4.894233960140587101e+02
4.889437251433475353e+02
4.883893608038304137e+02
4.877586319845864864e+02
4.870530643018437900e+02
4.862714449681629389e+02
4.854190862881027329e+02
4.844979556964065637e+02
4.835134579637285697e+02
4.824719855939097215e+02
4.813777037268437198e+02
4.802387704022781918e+02
4.790595216910398335e+02
4.778465160726322551e+02
4.766050045395487018e+02
4.751511006387214593e+02
4.736839315108345545e+02
4.721909826633656166e+02
4.706755898799598299e+02
4.691394926988486986e+02
4.675831452800894681e+02
4.660080821133529980e+02
4.644131330961204185e+02
4.627986349344566293e+02
4.611637500285120268e+02
4.595070543309188338e+02
4.578286560891054364e+02
4.561264735922250679e+02
4.544009680984561328e+02
4.526513302386957776e+02
4.508775811708636638e+02
4.490804868043852593e+02
4.472602585135581990e+02
4.454185361283005591e+02
4.435566770734756119e+02
4.416765569119879160e+02
4.397802910348697196e+02
4.378700580474277331e+02
4.359480324753713489e+02
4.338131610824392510e+02
4.316647594370483603e+02
4.295084154194332200e+02
4.273463294684934795e+02
4.251805529496727445e+02
4.230134025514449263e+02
4.208464815121379843e+02
4.186818919782961643e+02
4.165210265813800561e+02
4.143654194986383459e+02
4.122165000734454452e+02
4.100752470735892530e+02
4.079430415590442180e+02
4.058205256059879957e+02
4.037087577744761688e+02
4.016084326107816764e+02
3.995201632025400613e+02
3.974448379221802838e+02
3.953827665411541261e+02
3.933348438007934647e+02
3.913014740185425921e+02
3.892833787771781431e+02
3.872813773255184628e+02
3.852960848000142278e+02
3.832103193813999269e+02
3.811286010742146004e+02
3.790885731668180370e+02
3.770919014269192076e+02
3.751412657612813177e+02
3.732394108702179096e+02
3.713891134322514063e+02
3.695937110571855442e+02
3.678552026218338824e+02
3.661769595363635972e+02
3.645608416280987853e+02
3.630097514156769307e+02
3.615280896312034997e+02
3.601188487136102481e+02
3.587911826832396969e+02
3.575509390508836418e+02
3.564105496121616738e+02
3.553824897280864548e+02
3.544798275635491223e+02
3.537229812054356444e+02
3.531247895158217034e+02
3.527083998459691543e+02
3.524882005529410094e+02
3.524806527103808662e+02
3.526103300004127163e+02
3.530431105142665729e+02
3.536956889623306211e+02
3.545575412781258819e+02
3.556194273126689041e+02
3.568675709256396544e+02
3.582789830705922327e+02
3.598346377423313811e+02
3.615096237922716114e+02
3.632769398716060323e+02
3.651103691367011947e+02
3.669763306728155499e+02
3.688411481169820263e+02
3.706714706255708052e+02
3.724317372246874243e+02
3.740947064998882752e+02
3.756389353936040152e+02
3.770476024413258642e+02
3.783208257439785598e+02
3.794583994137347531e+02
3.804745351213369986e+02
3.813853149685132280e+02
3.822128444158827847e+02
3.829844073831396258e+02
3.835941699100500273e+02
3.841249425075174031e+02
3.846816834181670970e+02
3.852964592214354980e+02
3.860044013386440156e+02
3.868322633253718550e+02
3.877920991244202469e+02
3.888921728490321925e+02
3.901106964339014667e+02
3.914284495099914238e+02
3.928099977900167232e+02
3.942280297767070465e+02
3.956586139448696713e+02
3.970885976001103472e+02
3.985070353063314315e+02
3.999132593268812457e+02
4.012914145740055005e+02
4.026294771581140139e+02
4.038847277013929897e+02
4.049940992242090942e+02
4.058900223105982263e+02
4.064945553337445290e+02
4.067563905922785352e+02
4.066657913721118121e+02
4.062490250747480331e+02
4.055496963408301667e+02
4.046452406281881053e+02
4.035917150891656888e+02
4.024463452168768640e+02
4.012553636642047081e+02
4.000698486311741249e+02
3.989340706198334487e+02
3.978911850326574609e+02
3.969870124752374068e+02
3.962663271702962788e+02
3.957745194017580843e+02
3.955624555887646920e+02
3.956748478407943139e+02
3.961645718743272369e+02
3.970756343396813008e+02
3.984627538732374319e+02
4.003729320117313932e+02
4.028681746017314254e+02
4.060096421724315974e+02
4.098377669459944741e+02
4.143941270175139948e+02
4.196378931279139124e+02
4.255035794246213072e+02
4.319214483460717702e+02
4.386234854750064187e+02
4.456335540011035619e+02
4.528047239894069094e+02
4.598828709723424026e+02
4.665572477629624473e+02
4.724697822993337013e+02
4.773511100739604558e+02
4.811493119573040644e+02
4.838686138554321019e+02
4.856438409989256115e+02
4.866579300618594743e+02
4.870704517447113062e+02
4.870600695828852622e+02
4.867315416143244988e+02
4.861690615558065360e+02
4.854171795521969557e+02
4.844990905320310048e+02
4.834330293664473288e+02
4.822306186350592156e+02
4.809017225726781817e+02
4.794675232828145113e+02
4.779423500338119766e+02
4.763548744843579357e+02
4.746861600555296832e+02
4.728744422909395553e+02
4.711244792655690503e+02
4.694564884792870316e+02
4.679003788800618509e+02
4.664765294829765594e+02
4.652139203027258532e+02
4.641384453605481895e+02
4.632763458138928740e+02
4.626484375750868026e+02
4.622463579394275257e+02
4.620505640808282237e+02
4.620279001957884475e+02
4.621468456907098812e+02
4.623991360484554889e+02
4.627854116478258675e+02
4.633072906825852328e+02
4.639714407359911092e+02
4.647514510778350427e+02
4.656077890389753406e+02
4.664842206392507364e+02
4.673245903035401625e+02
4.680869529497941812e+02
4.687569795815910538e+02
4.692556730314882998e+02
4.696740340382348222e+02
4.700063767004249939e+02
4.702580434946522701e+02
4.704369343869790328e+02
4.705528234356536359e+02
4.706359688767640250e+02
4.707213801531323725e+02
4.708726260815545857e+02
4.711430454124580933e+02
4.715992026024756569e+02
4.722366963410344169e+02
4.730096045657475656e+02
4.737689635781862876e+02
4.743377985000514059e+02
4.745739827615875583e+02
4.744155003427914608e+02
4.738603475922162147e+02
4.729807859140141773e+02
4.718320636432030142e+02
4.704792510712374565e+02
4.689606584235104378e+02
4.673084193491853284e+02
4.655462581229912189e+02
4.636511528150467711e+02
4.617281827718367708e+02
4.598352846322440541e+02
4.580206056130544425e+02
4.563499647266738179e+02
4.548918921583280621e+02
4.537305806593617490e+02
4.529794725904764050e+02
4.527405230705985559e+02
4.531329088886188856e+02
4.541624244099805310e+02
4.557132518065381532e+02
4.575521769653592514e+02
4.594121848131969159e+02
4.611569451250621228e+02
4.627622612224161003e+02
4.642419734187724885e+02
4.656445494122099262e+02
4.669517011925454426e+02
4.681244181595213831e+02
4.691140289244225983e+02
4.698537735222580523e+02
4.702694067045776478e+02
4.703139419740301150e+02
4.698941748971080870e+02
4.689399122166484517e+02
4.675397774783712634e+02
4.657336377873625111e+02
4.635715061616631374e+02
4.611080605792033111e+02
4.584136699749173545e+02
4.555387300480163049e+02
4.525422374604724496e+02
4.494629980509606639e+02
4.463387046914469920e+02
4.431973002573832332e+02
4.400605693292590104e+02
4.369475128132498867e+02
4.338717296605468050e+02
4.308467960197647244e+02
4.278821749617271735e+02
4.249847994961355653e+02
4.221549523989598356e+02
4.193802032015049690e+02
4.166354335254046077e+02
4.138852793889333270e+02
4.111056521687769987e+02
4.082969574419975061e+02
4.056319186614261980e+02
4.029509506871931990e+02
4.003329984114371314e+02
3.977750257363862829e+02
3.952755932656660889e+02
3.928329981850474724e+02
3.904448240591138415e+02
3.881104275331905455e+02
3.858273074578032720e+02
3.835949357928990366e+02
3.814117568713718356e+02
3.792765676591388910e+02
3.771888730667312188e+02
3.751470542406352138e+02
3.731510648154616661e+02
3.711995820911482724e+02
3.692920460508878477e+02
3.674278861533928762e+02
3.656058350891355531e+02
3.638256794775556386e+02
3.620859549875549988e+02
3.603859135557497666e+02
3.587244849432571527e+02
3.570998624468929847e+02
3.555758659747145316e+02
3.540520570213559495e+02
3.525692179812805875e+02
3.511264311462157934e+02
3.497228479143703908e+02
3.483580541474281631e+02
3.470306210896500261e+02
3.457401307487606914e+02
3.444850319775298999e+02
3.432642791266778772e+02
3.420765188922255220e+02
3.409199228254192917e+02
3.397932852964081007e+02
3.386943405789061785e+02
3.376218733180929235e+02
3.365737384159836552e+02
3.355485518233871858e+02
3.345449867078487500e+02
3.335613997873911103e+02
3.325974462894560020e+02
3.316516091836381861e+02
3.307240213027933464e+02
3.298140077916892210e+02
3.289213871831395295e+02
3.280584963711154387e+02
3.271876492343382665e+02
3.263394754206776724e+02
3.255135563679214101e+02
3.247101169765441000e+02
3.239292589358905730e+02
3.231703868061313187e+02
3.224336529325476590e+02
3.217182690860719276e+02
3.210238729792759500e+02
3.203498855042950595e+02
3.196952644994141792e+02
3.190594236678149969e+02
3.184411133463168539e+02
3.178393255142707972e+02
3.172529245165547991e+02
3.166803809483442933e+02
3.161205581378080183e+02
3.155717393539506475e+02
3.150324880468768356e+02
3.145012374885944268e+02
3.139762859781401403e+02
3.134562754579549164e+02
3.129395743606476117e+02
3.124977132368046000e+02
3.120699377424031127e+02
3.116507153995626709e+02
3.112397754406438821e+02
3.108369850109178287e+02
3.104423226669661062e+02
3.100557442524385010e+02
3.096774446087920865e+02
3.093074387333269328e+02
3.089460900599182196e+02
3.085935114056534871e+02
3.082500086791693548e+02
3.079158898482484688e+02
3.075912446453721145e+02
3.072765048136486712e+02
3.069716272397002399e+02
3.066768997545421485e+02
3.063923631696902703e+02
3.061179078553578847e+02
3.058536499922973348e+02
3.055992197858807913e+02
3.053545499662876637e+02
3.051192672007331907e+02
3.048929166573038856e+02
3.047375902558080156e+02
3.046109244434409788e+02
3.044900007336298700e+02
3.043740482318074783e+02
3.042623461589579961e+02
3.041543155482731322e+02
3.040491923745959753e+02
3.039464623141673201e+02
3.038455287550894468e+02
3.037458561479531340e+02
3.036470620291113960e+02
3.035487454449249753e+02
3.034506132829309877e+02
3.033524993398802394e+02
3.032541878173108216e+02
3.031556843481552050e+02
3.030570056472126907e+02
3.029581775285910794e+02
3.028594893654957900e+02
3.027610132325629024e+02
3.026631237723418053e+02
3.025661214132221062e+02
3.024702593459389846e+02
3.023760511050570017e+02
3.022868000608315242e+02
3.022011618110911400e+02
3.021166824806245472e+02
3.020336955771096541e+02
3.019526426027728689e+02
3.018736777615274036e+02
3.017971608800295940e+02
3.017232355164172191e+02
3.016520547811601318e+02
3.015837868757606657e+02
3.015184903771790914e+02
3.014563334868272477e+02
3.013975665264711665e+02
3.013426094662104902e+02
3.012924892739721372e+02
3.012490988281079467e+02
3.012168953291400726e+02
3.012057932206819828e+02
3.012382950274185873e+02
3.013739888862509702e+02
3.017426617717324575e+02
3.027096218490706860e+02
3.049955187720917706e+02
3.098773457344713620e+02
3.180705256168358233e+02
3.274173330228577470e+02
3.343828160809825931e+02
3.384953582231374867e+02
3.410066600176992893e+02
3.431930452035619510e+02
3.456557493477121170e+02
3.487020555367404882e+02
3.523570875507376741e+02
3.564501918692253071e+02
3.606770861396828423e+02
3.647881169242098167e+02
3.688007606588417389e+02
3.731864081140325311e+02
3.789049364624129907e+02
3.868182527095362957e+02
3.966597987487144223e+02
4.065222354933680435e+02
4.151921808848824753e+02
4.226212143604067251e+02
4.288863804366013142e+02
4.333801969612995890e+02
4.361090792190950651e+02
4.375398848298598864e+02
4.381113193544816227e+02
4.378941893418604536e+02
4.374801168153767321e+02
4.370088946834913486e+02
4.366390130728556187e+02
4.365815102914172030e+02
4.371073353112743689e+02
4.384237058693974518e+02
4.406431501885316493e+02
4.440895550383323211e+02
4.489543673824773009e+02
4.551126187186448533e+02
4.619217888624125976e+02
4.687035901615682860e+02
4.749931186060025539e+02
4.804505192523552068e+02
4.848320420428681814e+02
4.882077228164876601e+02
4.908182323748993099e+02
4.928878665093855602e+02
4.946149432955996303e+02
4.960911399570267690e+02
4.973732963038203252e+02
4.984955277208027837e+02
4.990760792196739999e+02
4.994522104902106889e+02
4.997433697403801602e+02
5.000106999539595449e+02
5.003139457962047913e+02
5.007369356461094867e+02
5.013233786786465203e+02
5.020815732547248444e+02
5.029362378680326060e+02
5.037355402536375095e+02
5.043159390954259607e+02
5.045849546093293156e+02
5.045215912517515449e+02
5.041905755251437427e+02
5.036694673749250910e+02
5.030283945692116845e+02
5.023271628347777096e+02
5.016032231410321742e+02
5.008929215165003939e+02
5.002360565478088574e+02
4.996745773672445239e+02
4.992751313915453011e+02
4.991110184027728565e+02
4.992674847654533892e+02
4.997501653762080878e+02
5.007308356730817991e+02
5.022668951237329225e+02
5.043344894466895312e+02
5.068256052344116824e+02
5.095559522708745703e+02
5.122959962513491519e+02
5.148462518527659313e+02
5.170697110399366920e+02
5.188957932932202084e+02
5.202903414482649396e+02
5.212800155214100641e+02
5.218915765889610157e+02
5.222103279401819691e+02
5.223153100517762368e+02
5.223012782995365342e+02
5.222606432975870803e+02
5.222610663616661668e+02
5.223639112857309783e+02
5.226040791130768639e+02
5.229999446400297529e+02
5.235579725321396154e+02
5.242773239125622240e+02
5.251571665585702249e+02
5.260418826633142544e+02
5.270454002649711356e+02
5.283304156919238039e+02
5.300079117248554894e+02
5.321328650864638803e+02
5.347210668502236786e+02
5.375289643637106565e+02
5.401979713733909421e+02
5.423867794336752013e+02
5.439679224622452693e+02
5.449832391834505643e+02
5.455934875231984051e+02
5.459283568685763157e+02
5.460966000986339850e+02
5.461738241982561703e+02
5.462106099747531971e+02
5.462530893898897375e+02
5.463376877829948626e+02
5.464999936825583973e+02
5.467787046604715897e+02
5.471978846083185317e+02
5.477876869419916375e+02
5.485582980154200641e+02
5.495111685106961659e+02
5.504814785705971190e+02
5.514972281488081762e+02
5.526296814119164083e+02
5.538321233752652688e+02
5.550539763074957591e+02
5.562344182026226918e+02
5.573212188380894077e+02
5.582544668729874502e+02
5.590031106538798440e+02
5.595378550659678467e+02
5.598483295806219076e+02
5.599410731833048658e+02
5.598173245527020754e+02
5.594997124046068393e+02
5.589958366770008524e+02
5.583258085589017128e+02
5.575004034446218384e+02
5.565366161538829601e+02
5.554499972279259055e+02
5.542574516180723094e+02
5.529805865700366212e+02
5.516364599915194731e+02
5.502521309991698217e+02
5.488458794038184578e+02
5.473537124609302964e+02
5.457964460518857095e+02
5.443014078805526879e+02
5.428818130742555468e+02
5.415334072966098802e+02
5.402524339921810679e+02
5.390219770667727062e+02
5.378386367094310572e+02
5.366970662522314797e+02
5.356093875254786099e+02
5.345888540546369541e+02
5.336513675490172091e+02
5.328116695678442056e+02
5.320798134529109120e+02
5.314595117805156406e+02
5.309466259714175749e+02
5.305247535120848852e+02
5.301671692111068523e+02
5.298380505068240609e+02
5.294952869271777445e+02
5.290946684466214265e+02
5.285980467739863116e+02
5.279714490664323421e+02
5.271953752441189636e+02
5.264205666109190815e+02
5.254610853511760524e+02
5.243459056968493996e+02
5.230973153280714314e+02
5.217319099112679623e+02
5.202627295197876265e+02
5.186952897002601048e+02
5.170231244177871304e+02
5.152401064146488352e+02
5.133461793497937151e+02
5.113494585692561714e+02
5.092715749000128653e+02
5.071398738298929061e+02
5.049805974431648110e+02
5.028234076472962215e+02
5.006915244407057344e+02
4.986103381313225213e+02
4.966067778755682411e+02
4.947065720728456881e+02
4.929466616965848971e+02
4.913615621318215290e+02
4.899966142738098256e+02
4.888957105321377981e+02
4.880948009950115534e+02
4.878388641448237308e+02
4.879666108125446726e+02
4.884200563043524994e+02
4.891594950301567337e+02
4.901584529456679888e+02
4.913677351679051526e+02
4.927566197427228190e+02
4.942874875010074334e+02
4.959169837308514275e+02
4.975997118359302362e+02
4.992833975840629250e+02
5.009183906939951498e+02
5.024604221464292095e+02
5.038804876689452499e+02
5.051516981303286684e+02
5.062720212757175773e+02
5.072321404718272220e+02
5.080383529425520805e+02
5.086985462767747208e+02
5.092252423630862381e+02
5.096408241435586319e+02
5.099690555186049323e+02
5.102391435864548157e+02
5.104829004612618633e+02
5.106715784686177244e+02
5.108722745575884119e+02
5.111284030392389468e+02
5.114600451307370008e+02
5.118530802601731011e+02
5.122705578712982515e+02
5.125003952415106596e+02
5.128400277454514935e+02
5.130510743460661160e+02
5.131082631029685217e+02
5.130110261690820153e+02
5.128039718781199099e+02
5.125430424823667863e+02
5.122852340852342650e+02
5.120926956099971221e+02
5.120062902018595423e+02
5.120603918794651008e+02
5.122765413166786175e+02
5.126541123171873551e+02
5.131888030868536816e+02
5.138642531470558197e+02
5.146549435027428672e+02
5.155473775608957112e+02
5.165059709999515007e+02
5.173846471151894093e+02
5.181773370515559236e+02
5.188559362234801711e+02
5.193382118712478359e+02
5.195462456991823501e+02
5.194257455647320967e+02
5.189801672120797775e+02
5.182320501100145975e+02
5.172303035668247730e+02
5.160280948687478713e+02
5.146682445083220045e+02
5.131930524579572648e+02
5.116334132853582446e+02
5.100162754484785523e+02
5.083673689124003658e+02
5.067087639303983337e+02
5.050626479609118746e+02
5.034496634553141803e+02
5.018865893554109903e+02
5.003905242363420598e+02
4.989726920855445087e+02
4.976446998600225697e+02
4.964135255791309191e+02
4.952845774753312753e+02
4.943305630881606021e+02
4.935725901670303983e+02
4.929069698034261933e+02
4.923257957010530390e+02
4.918214978211515245e+02
4.913819333055378706e+02
4.909930370323373268e+02
4.906396585193335227e+02
4.903044434442660986e+02
4.899707631376015229e+02
4.896223961260656665e+02
4.892440589481451525e+02
4.888231898098625834e+02
4.883499602978101279e+02
4.878159998198900666e+02
4.872176470399588197e+02
4.865512357754657842e+02
4.858173633541765639e+02
4.850179557924076903e+02
4.841553885605052869e+02
4.832354905449194575e+02
4.822620152395889477e+02
4.812418319295610445e+02
4.801805039686476562e+02
4.790763167261682725e+02
4.780024020883188314e+02
4.769004101729008198e+02
4.757765672976377118e+02
4.746352315139500888e+02
4.734812221318931620e+02
4.723185169437237505e+02
4.711503163515409369e+02
4.699798925837511092e+02
4.688091865847574127e+02
4.676399549932748414e+02
4.664728054816270628e+02
4.653077522375302237e+02
4.641440634608251230e+02
4.629802056076105146e+02
4.618139857391064993e+02
4.606426400132621097e+02
4.594627653551631852e+02
4.582708841362975818e+02
4.570631544654959839e+02
4.558358619194428343e+02
4.545855951210513695e+02
4.533088649233197884e+02
4.520032873916330800e+02
4.506029793720236398e+02
4.490990388119785734e+02
4.475604731779824874e+02
4.459878524596138618e+02
4.443828088504117204e+02
4.427467466015210675e+02
4.410825593305957568e+02
4.393924372621723364e+02
4.376797292843120317e+02
4.359475213090119610e+02
4.341988309227122613e+02
4.324372429480988558e+02
4.306654506022727560e+02
4.288868005654139210e+02
4.271038587002926761e+02
4.253194342410022273e+02
4.235359744246106857e+02
4.217558513150860904e+02
4.199811733757277921e+02
4.182140766213319694e+02
4.164566051275750169e+02
4.147103698501115900e+02
4.129775924934976956e+02
4.112592225169039466e+02
4.095637383496738835e+02
4.080644182818024888e+02
4.066569684786995822e+02
4.053032758282693635e+02
4.039777917895468704e+02
4.026684105685298505e+02
4.013677513722213348e+02
4.000742441615138318e+02
3.987850395184423746e+02
3.974983623039350391e+02
3.962118165751067522e+02
3.949224091569893176e+02
3.936275101229287543e+02
3.923241096458112906e+02
3.910100112823587892e+02
3.896831190630691708e+02
3.883428906515432004e+02
3.869887789210310416e+02
3.856225739057757096e+02
3.842465048291484777e+02
3.828644957874010402e+02
3.814826008996723772e+02
3.801067783582733455e+02
3.787473650049916500e+02
3.774219619840557129e+02
3.760931526268067842e+02
3.748397119962200463e+02
3.736748885832239466e+02
3.726157838631737036e+02
3.716726770315975727e+02
3.708586907252459923e+02
3.701827209100129608e+02
3.696480141650336009e+02
3.692575418197596377e+02
3.690062267995501202e+02
3.688873503442607102e+02
3.688957106230489558e+02
3.690241046063185308e+02
3.692751993372295374e+02
3.696587475718658311e+02
3.701853106148932397e+02
3.708804550798160449e+02
3.717566633320512892e+02
3.728317412216920843e+02
3.741081929090083804e+02
3.755946310098223648e+02
3.772876242675143317e+02
3.792088090178555717e+02
3.813809052952129832e+02
3.838094176114859124e+02
3.865212075063502652e+02
3.894439367006472708e+02
3.924458003235037040e+02
3.953348783570144747e+02
3.979428742922922879e+02
4.001726439942498246e+02
4.020455052520799768e+02
4.036137177364224158e+02
4.050067052977968842e+02
4.063140061905903622e+02
4.076363963644467958e+02
4.090263416831810446e+02
4.104991773820639764e+02
4.120143653719307508e+02
4.134741295841153601e+02
4.147657688461382577e+02
4.157994864028647726e+02
4.165389687325169348e+02
4.169879273210285646e+02
4.171869600897527448e+02
4.171726217671119912e+02
4.169856283281656602e+02
4.165074361377148762e+02
4.159338085021484517e+02
4.152526629280126826e+02
4.144795711276295265e+02
4.136184990086800326e+02
4.126737961292921568e+02
4.116391015273565586e+02
4.105097646424453615e+02
4.092841619587990181e+02
4.079653903760492994e+02
4.065607861892514734e+02
4.050862054659283444e+02
4.035541335482125760e+02
4.019834511588845203e+02
4.003928723987042986e+02
3.987953592934795779e+02
3.972094999873317533e+02
3.956432925078159997e+02
3.941049990190051062e+02
3.925968274539455933e+02
3.911124620967514716e+02
3.896464766999089875e+02
3.881870722941645226e+02
3.867295371116902061e+02
3.852602534380731640e+02
3.836902237841094916e+02
3.821260598485260402e+02
3.805793921238905568e+02
3.790607797188198447e+02
3.775783137999928272e+02
3.761385437647144840e+02
3.747404812962288929e+02
3.733795645617161654e+02
3.720481431555718927e+02
3.707345090162861538e+02
3.694322201773348411e+02
3.681345140636819337e+02
3.668392669843453859e+02
3.655497013127408081e+02
3.642656831027414341e+02
3.629946451127821661e+02
3.617380275964180214e+02
3.604997378777950416e+02
3.592814528929317248e+02
3.580826457113613515e+02
3.569042705600522822e+02
3.557435429286924773e+02
3.545999848694286243e+02
3.534573699960238287e+02
3.522671232443589702e+02
3.511092974897198928e+02
3.499821004063350642e+02
3.488846402844895920e+02
3.478157103996472870e+02
3.467736988501464452e+02
3.457577932573464636e+02
3.447668533792327707e+02
3.437997530357093865e+02
3.428566707384972574e+02
3.419369591121841268e+02
3.410410840258051621e+02
3.401697152631585368e+02
3.393231609438066698e+02
3.385032037986965747e+02
3.377108891938079864e+02
3.369477984311969294e+02
3.362157826207568405e+02
3.355161021635331622e+02
3.348510377015061295e+02
3.342223119976650310e+02
3.336316301370119959e+02
3.330808379378948416e+02
3.326233284384147169e+02
3.321941192579572544e+02
3.318052336265151325e+02
3.314564340484655531e+02
3.311475019852143760e+02
3.308776117725208792e+02
3.306454028246195662e+02
3.304496509341157662e+02
3.302882406290888753e+02
3.301590882274658156e+02
3.300600433900659709e+02
3.299881843002434607e+02
3.299413082463422597e+02
3.299163627867276318e+02
3.299105629199527243e+02
3.299215302522932234e+02
3.299459999912089643e+02
3.299821035449044757e+02
3.300266959004345040e+02
3.300776498027136086e+02
3.301329066907752576e+02
3.301898103008658154e+02
3.302472831251196226e+02
3.303028540371344661e+02
3.303411214080304603e+02
3.303653859592985214e+02
3.303860334142296438e+02
3.304028613292791761e+02
3.304142924449479892e+02
3.304203880636227382e+02
3.304203231121746285e+02
3.304136841505276720e+02
3.304006736021361803e+02
3.303806742192767274e+02
3.303542672922071120e+02
3.303212430667525723e+02
3.302818478205556971e+02
3.302364891376279274e+02
3.301851967329735089e+02
3.301285813555952586e+02
3.300668253461286668e+02
3.300003730663273132e+02
3.299296047489199282e+02
3.298548218570213066e+02
3.297764213065751164e+02
3.296947305170155573e+02
3.296100141581094363e+02
3.295226985217432798e+02
3.294336484074151485e+02
3.293329276680364615e+02
3.292302384623372973e+02
3.291256478810288399e+02
3.290195567401202652e+02
3.289120348610323958e+02
3.288033625254905132e+02
3.286938096501519908e+02
3.285834697957010349e+02
3.284727307670165146e+02
3.283616638000066814e+02
3.282505394964164793e+02
3.281396072428522075e+02
3.280289580168877137e+02
3.279188858401988682e+02
3.278095035991070745e+02
3.277009720503440349e+02
3.275936278258224661e+02
3.274875131920395006e+02
3.273829998239082215e+02
3.272802840274061396e+02
3.271795730957151704e+02
3.270813477434785455e+02
3.269857280566306486e+02
3.268898942021537550e+02
3.267814337592611764e+02
3.266759502143057716e+02
3.265739457068988258e+02
3.264756577653859608e+02
3.263816682101345918e+02
3.262922430655569315e+02
3.262078133069318255e+02
3.261287636528954863e+02
3.260553696918254900e+02
3.259880352356203730e+02
3.259269633149762626e+02
3.258724388351428729e+02
3.258246379405584889e+02
3.257837152862375092e+02
3.257497795244759118e+02
3.257228843561730400e+02
3.257030145071350944e+02
3.256901423240723830e+02
3.256841634521271658e+02
3.256849108805017181e+02
3.256922562350450221e+02
3.257058910631354820e+02
3.257256746076797072e+02
3.257374083308087052e+02
3.257451499452704979e+02
3.257570016077496575e+02
3.257726199518814951e+02
3.257917753417921745e+02
3.258140999482577058e+02
3.258394514784980629e+02
3.258675768798139529e+02
3.258983785423855011e+02
3.259318100935853977e+02
3.259678103215341594e+02
3.260065330876419125e+02
3.260480341362082868e+02
3.260925962902000492e+02
3.261404370751834563e+02
3.261918863886169220e+02
3.262474404119924429e+02
3.263073911342322617e+02
3.263724277812196419e+02
3.264429430059467450e+02
3.265196193570036485e+02
3.266032369287972301e+02
3.266942844232036691e+02
3.267938795688981486e+02
3.268782776941608290e+02
3.269685761825820123e+02
3.270691614563982057e+02
3.271807125166196784e+02
3.273045794108311952e+02
3.274412865375547881e+02
3.275921871655926907e+02
3.277581688755238929e+02
3.279400552453521414e+02
3.281391812884565411e+02
3.283559250194178958e+02
3.285915267227018148e+02
3.288464875126686593e+02
3.291213366927350989e+02
3.294169240356608270e+02
3.297331330247149026e+02
3.300705875865801886e+02
3.304291472984523352e+02
3.308086166392138239e+02
3.312090304654207671e+02
3.316294255029972646e+02
3.320693047554125314e+02
3.325275806561820104e+02
3.330025742590503341e+02
3.334524347140626901e+02
3.339043248644510982e+02
3.343619264523313745e+02
3.348227327433982055e+02
3.352832250617506133e+02
3.357415218237439376e+02
3.361937359691273741e+02
3.366374271027920031e+02
3.370700026687356399e+02
3.374877523404276758e+02
3.378897185518057995e+02
3.382723398088787121e+02
3.386345315739793023e+02
3.389746866406164827e+02
3.392903671011447386e+02
3.395819542972703289e+02
3.398468267776992207e+02
3.400852828080214181e+02
3.402963322982822660e+02
3.404786107827233081e+02
3.406326983608901742e+02
3.407567988806333119e+02
3.408513044962783738e+02
3.409155598224919572e+02
3.408908679284269283e+02
3.408137935319826965e+02
3.407021812834110506e+02
3.405571720557916819e+02
3.403795371362635933e+02
3.401696271896888675e+02
3.399293215869751066e+02
3.396592825953310353e+02
3.393611425815631151e+02
3.390366898390386154e+02
3.386868020480563359e+02
3.383139452510690717e+02
3.379192088596699932e+02
3.375045805136487616e+02
3.370720277377149614e+02
3.366225509434104310e+02
3.361585766909497011e+02
3.356809790458173097e+02
3.351917346720164801e+02
3.346922896170358968e+02
3.341837143016039704e+02
3.336679081420849684e+02
3.331455552286010402e+02
3.326183470507100992e+02
3.320896005535661288e+02
3.315583470669345161e+02
3.310308287774783480e+02
3.305073560446389820e+02
3.299887707206882510e+02
3.294754723021792415e+02
3.289680051643779279e+02
3.284670901888215440e+02
3.279732491939279839e+02
3.274877031653267068e+02
3.270117340300731144e+02
3.265476568946263569e+02
3.260992632767859618e+02
3.256723178556280232e+02
3.252792523917090648e+02
3.249414816822380772e+02
3.247149173732642566e+02
3.247411694842667202e+02
3.254226261041804378e+02
3.280153192766776442e+02
3.350503881564616790e+02
3.487047864392040424e+02
3.626891417266579651e+02
3.707977701457109561e+02
3.751226484602526625e+02
3.787134230665590167e+02
3.831040296723496112e+02
3.886073798502026762e+02
3.949157021743114910e+02
4.018633853413289216e+02
4.104852351507195749e+02
4.218475995869399071e+02
4.335437697892692768e+02
4.415414795567853616e+02
4.464023744177097797e+02
4.506962728672872913e+02
4.572709362169549649e+02
4.686953550286825134e+02
4.837799649130266744e+02
4.968671286188672411e+02
5.059415661325658675e+02
5.134464482149104469e+02
5.219068984832073284e+02
5.326538739796544633e+02
5.446214839937215402e+02
5.549142366472406138e+02
5.620518423668348760e+02
5.667669511100564250e+02
5.702663193768274823e+02
5.734202047560357869e+02
5.763073497231878264e+02
5.788996885008583604e+02
5.811056127918679977e+02
5.828488359781331383e+02
5.841461609085566806e+02
5.850598205922683519e+02
5.857059628038531400e+02
5.862019593948220972e+02
5.866472622893746802e+02
5.871430792052971128e+02
5.877699504452028805e+02
5.886017973992204588e+02
5.897152011141876073e+02
5.911323396060458890e+02
5.928575334611398375e+02
5.948185277677405338e+02
5.969290363972792193e+02
5.990971260503829399e+02
6.013256735472192531e+02
6.036528578778267047e+02
6.061860557620726695e+02
6.089681171858212565e+02
6.115347355887525964e+02
6.139936912827309925e+02
6.161429105160751760e+02
6.176231375638608370e+02
6.182477389537478984e+02
6.180452970417393317e+02
6.172478037338845525e+02
6.160901617393393508e+02
6.147744717993836048e+02
6.134551708759302073e+02
6.122205389229895900e+02
6.111249566068295280e+02
6.101742818217074955e+02
6.093418857997650093e+02
6.085748573797631025e+02
6.078161986963652907e+02
6.070090588649235315e+02
6.061140707175150055e+02
6.051049646997067839e+02
6.039647640442058218e+02
6.026929462491340246e+02
6.012786066490738222e+02
5.997280309225657220e+02
5.980305287520116053e+02
5.960628854370987710e+02
5.940623497043333145e+02
5.919078506013720471e+02
5.896162593038588966e+02
5.871867509425057960e+02
5.846456685677828773e+02
5.820057250282137602e+02
5.792958846406476141e+02
5.765498976898675210e+02
5.738040451509261857e+02
5.711167735176831002e+02
5.685496434451030154e+02
5.661764038286796676e+02
5.640500995225820589e+02
5.621500236583364085e+02
5.603815696115931360e+02
5.586188367128930850e+02
5.567981633399044767e+02
5.548990716389650970e+02
5.529608982058257425e+02
5.510055307616381697e+02
5.490595553442336723e+02
5.471313954699793385e+02
5.452280491286643382e+02
5.431783733470858806e+02
5.410748467079097281e+02
5.390061319891775611e+02
5.369730253567879572e+02
5.349907817579339735e+02
5.330655120355636427e+02
5.312126270161555794e+02
5.294468732405667879e+02
5.277783926681075855e+02
5.262254459922510250e+02
5.247950178004900863e+02
5.234990627650316810e+02
5.223440539581920348e+02
5.213293876376126263e+02
5.204574656609553358e+02
5.197191575364491882e+02
5.191070750738916786e+02
5.186108820803775643e+02
5.182165572452092874e+02
5.179148278601981019e+02
5.176958924412056149e+02
5.175540445292232334e+02
5.174940806190020339e+02
5.175231765646992699e+02
5.173519070720853961e+02
5.171791301479922822e+02
5.171755401316918324e+02
5.173823087992410592e+02
5.177918332555076404e+02
5.183535796158390667e+02
5.189451873380801317e+02
5.194284637364906985e+02
5.196975576717281911e+02
5.197399127084155452e+02
5.195796423500172523e+02
5.192972434390030685e+02
5.189549441916275327e+02
5.186105833678084309e+02
5.183110901191927269e+02
5.180916892548816577e+02
5.179930659097349235e+02
5.180550200017426050e+02
5.183085911687795715e+02
5.187857177815915293e+02
5.194845939005147102e+02
5.203923618587085684e+02
5.214691112873751990e+02
5.226621605388924081e+02
5.240787549088931883e+02
5.255555483453549641e+02
5.270241974597693115e+02
5.284929827996647873e+02
5.299851621722011714e+02
5.315515589587457725e+02
5.332390198569860331e+02
5.350791688131400861e+02
5.370620307020104747e+02
5.391428134671034513e+02
5.412490204001744587e+02
5.433292246446878835e+02
5.453533473772637308e+02
5.473097103688110110e+02
5.492041868152350617e+02
5.510187457952757768e+02
5.527334037419781225e+02
5.542973602259108930e+02
5.556595536913730484e+02
5.567562156766115322e+02
5.575580333758787219e+02
5.580405410805813062e+02
5.582300982522262984e+02
5.581720565434361561e+02
5.580546057759320320e+02
5.578217729540227765e+02
5.575630747653502794e+02
5.573396839259552280e+02
5.571914381679100643e+02
5.571493892658068035e+02
5.571143789672879620e+02
5.572572888152442374e+02
5.575170461392569905e+02
5.578929233238211509e+02
5.583683901918885795e+02
5.589399798095279266e+02
5.595960175299958337e+02
5.603275385680360614e+02
5.611265098538715392e+02
5.619638707048105744e+02
5.628114999756764973e+02
5.636296909125645698e+02
5.643730099418472719e+02
5.649942558097367282e+02
5.654565593149317237e+02
5.657237406718332977e+02
5.657934314467369177e+02
5.656684401751787163e+02
5.653369438792462915e+02
5.649211980683829779e+02
5.643819199865035898e+02
5.637506616539618562e+02
5.630416343507159809e+02
5.622620377913062839e+02
5.614097058134786948e+02
5.604732441789564064e+02
5.594446168671822761e+02
5.583171241376055605e+02
5.570867910026103118e+02
5.557625275158425211e+02
5.543518563093232387e+02
5.528699781309944683e+02
5.513314769035274594e+02
5.497516577607042336e+02
5.481433857237716438e+02
5.465213122228958582e+02
5.448946199190434072e+02
5.432733467229854796e+02
5.416644004271302038e+02
5.400696294031625939e+02
5.384934428809434621e+02
5.369308198345845540e+02
5.353794016606623245e+02
5.339184791494413957e+02
5.324586232570125048e+02
5.309911269324371688e+02
5.295069815597320257e+02
5.280003787849279888e+02
5.264675665826622435e+02
5.249094655770417148e+02
5.233266170682866232e+02
5.217262822366507180e+02
5.201107554605986252e+02
5.184867012574146656e+02
5.168575562818373328e+02
5.152265261620840420e+02
5.135971319294785644e+02
5.119719170717511361e+02
5.103551878114498095e+02
5.087505937438790511e+02
5.071621887958837647e+02
5.055892869317140708e+02
5.040312269814825754e+02
5.024804200435309554e+02
5.009263286703215954e+02
4.993569870725613100e+02
4.977822492277169317e+02
4.961819792542212326e+02
4.945345985277290879e+02
4.928377153655105190e+02
4.910916272631978359e+02
4.892986329323310883e+02
4.874639226295333287e+02
4.855906962102914122e+02
4.836848498341833533e+02
4.817475556804624262e+02
4.797823087222756726e+02
4.777882883421121960e+02
4.757647493176494891e+02
4.737096238472773280e+02
4.716191645998107447e+02
4.694919199806984693e+02
4.673239749284076083e+02
4.651152497996163220e+02
4.628644585649848295e+02
4.605736779532954301e+02
4.582457048162787601e+02
4.558848631202833417e+02
4.534974100232687988e+02
4.510893001120373924e+02
4.487812825764351032e+02
4.464472249831881641e+02
4.441401804944645733e+02
4.418666242696139648e+02
4.396337426773977199e+02
4.374492700619758807e+02
4.353179197870678081e+02
4.332475267847432292e+02
4.312413141119549778e+02
4.293050980250845896e+02
4.274420216300740094e+02
4.256536868819958386e+02
4.239429928704324766e+02
4.223080628948252979e+02
4.207503578420424333e+02
4.192659584306587135e+02
4.178528632608958446e+02
4.165073735772513146e+02
4.152241778872672171e+02
4.140011147777094038e+02
4.128311548291948156e+02
4.117123501923896356e+02
4.106385558624573946e+02
4.096063006651860405e+02
4.087510436700090963e+02
4.079241761445881025e+02
4.071312779516441083e+02
4.063664313142592164e+02
4.056261042200762290e+02
4.049051990967226402e+02
4.041994699305658969e+02
4.035052016765773715e+02
4.028187711034433960e+02
4.021388523813228630e+02
4.014630098550400135e+02
4.007923044008964553e+02
4.001267473759405675e+02
3.994685631828941723e+02
3.988207454834863483e+02
3.981851200422402144e+02
3.975663104695208290e+02
3.969650626152327391e+02
3.963837480808890632e+02
3.958225009433946866e+02
3.952793890725454844e+02
3.947531191147180039e+02
3.942380567222639343e+02
3.937306252583675246e+02
3.931956585457575670e+02
3.927270646961590046e+02
3.922393894104038168e+02
3.917307874657294064e+02
3.912011071810268845e+02
3.906515188848727576e+02
3.900866409562589752e+02
3.895109456887864781e+02
3.889318661254457652e+02
3.883568988664296171e+02
3.877935963465596387e+02
3.872500479886730318e+02
3.867325472500805859e+02
3.862471723707511728e+02
3.857972746633025167e+02
3.853861719044627421e+02
3.850132972780787100e+02
3.846786855516207879e+02
3.843783789930917578e+02
3.841078824759810004e+02
3.838621520855605240e+02
3.836310555104642503e+02
3.834085903169641938e+02
3.831816263972181105e+02
3.829132271329057744e+02
3.826014077694310345e+02
3.822426250336651492e+02
3.818317343925117484e+02
3.813625330856749542e+02
3.808343149690787754e+02
3.802455110431504863e+02
3.795968753661471169e+02
3.788892954575770773e+02
3.781222143158028075e+02
3.772959017151604257e+02
3.764084836525932474e+02
3.754585481074003610e+02
3.744441323527520922e+02
3.733634743231942252e+02
3.722153743512058099e+02
3.709998564904900604e+02
3.697162555678328886e+02
3.683662453623296074e+02
3.669496475124577728e+02
3.654677158969793140e+02
3.639216633542636146e+02
3.623111091451851848e+02
3.606391434190840073e+02
3.591271652437699800e+02
3.575852738493761649e+02
3.560084988866435651e+02
3.544004435279492213e+02
3.527664932619482556e+02
3.511094621114714300e+02
3.494350866932776967e+02
3.477468159791104654e+02
3.460491259822177312e+02
3.443463928185072973e+02
3.426421207204346047e+02
3.409411740659584211e+02
3.392470612477995928e+02
3.375643415668070020e+02
3.358972137802326756e+02
3.342503185860167605e+02
3.326289998712047122e+02
3.310385375674679267e+02
3.294854136073532231e+02
3.279772413074173301e+02
3.265225708102888120e+02
3.251329123623829673e+02
3.238219812213329760e+02
3.226065260149104574e+02
3.216028477573316877e+02
3.207333613184200658e+02
3.200506829426350919e+02
3.195775384777219301e+02
3.193372784601412491e+02
3.193338527821798607e+02
3.195327881270218313e+02
3.198783575169569531e+02
3.202735787411774027e+02
3.206251607128301089e+02
3.208567469088648068e+02
3.209319016115143768e+02
3.208377817670073000e+02
3.206040879060327597e+02
3.202562882325560167e+02
3.198339121140614907e+02
3.193672270448923314e+02
3.188823051234477362e+02
3.184017966615634236e+02
3.179405418550182389e+02
3.175136997945789403e+02
3.171290310040909048e+02
3.167951475045987877e+02
3.165140103342329780e+02
3.163350928607526953e+02
3.161752686574120048e+02
3.160514794881938769e+02
3.159607786150751281e+02
3.159072251037612205e+02
3.159058989890244789e+02
3.159770627311717703e+02
3.161634469766922848e+02
3.164891443735109533e+02
3.169842765492883814e+02
3.176454374466470654e+02
3.184340577127919687e+02
3.192844075305500837e+02
3.201145459262667714e+02
3.208515667481838705e+02
3.214684821447630725e+02
3.219653861154948231e+02
3.223774922911637759e+02
3.227520460013319621e+02
3.231202363592727238e+02
3.235037337271149909e+02
3.238814673954759087e+02
3.242141201814554847e+02
3.244484474544616432e+02
3.245561438391557658e+02
3.244407399524375251e+02
3.241728680235801221e+02
3.237768544121684613e+02
3.232996088492587319e+02
3.227798170291746942e+02
3.222565903414131867e+02
3.217670855186332801e+02
3.213400060665302362e+02
3.210087633415807318e+02
3.208033225668320938e+02
3.207547495594047859e+02
3.209028343175237410e+02
3.212730617859941731e+02
3.219024099050895416e+02
3.227955134211003951e+02
3.239462547878081864e+02
3.253141335727376600e+02
3.268304291278605547e+02
3.284142876150556845e+02
3.299828856209010723e+02
3.314696778917662527e+02
3.328267092400873253e+02
3.340335736138497396e+02
3.350534552154666699e+02
3.358943417120671597e+02
3.365830840604850778e+02
3.371479534837963570e+02
3.376113710021626275e+02
3.380017219350527853e+02
3.383534325769516613e+02
3.386912088179474836e+02
3.390486568923493564e+02
3.394487013127986756e+02
3.399124210643917081e+02
3.404558757399526598e+02
3.410885245233059209e+02
3.418149269659656397e+02
3.426360767170505710e+02
3.435456765345176109e+02
3.445365078804022119e+02
3.455987346769560418e+02
3.467188260039541206e+02
3.478881461551580969e+02
3.490934228217196846e+02
3.503274619339370020e+02
3.515827091136025047e+02
3.528530802149305146e+02
3.540939447983019477e+02
3.553697746027360154e+02
3.566473500876492153e+02
3.579221190322532493e+02
3.591889877553098813e+02
3.604440912410072428e+02
3.616788144347058847e+02
3.628869774778280544e+02
3.640606960599264426e+02
3.651909864330676214e+02
3.662726590810646030e+02
3.672976642033647181e+02
3.682622854978295663e+02
3.691637270742455712e+02
3.699992136016370523e+02
3.707711555865370769e+02
3.714800260230673530e+02
3.721301774735452454e+02
3.727267433637346130e+02
3.732742218132864309e+02
3.737801325959660517e+02
3.742501883070281110e+02
3.746908624284068310e+02
3.751091509089052352e+02
3.755200744387144596e+02
3.759333467274736904e+02
3.763362194137233701e+02
3.767315646570658600e+02
3.771221112332980852e+02
3.775071530659943733e+02
3.778873265266548174e+02
3.782601005403938075e+02
3.786232260179540390e+02
3.789736789083400481e+02
3.793069624768111794e+02
3.796201357562986232e+02
3.799081794335134532e+02
3.801684514882530266e+02
3.803969867684431279e+02
3.805917599916889458e+02
3.807510315628855437e+02
3.808734975421180025e+02
3.809600382098007003e+02
3.810102566956726946e+02
3.810266927066584799e+02
3.810104409485334145e+02
3.809642601347143795e+02
3.808909278214918004e+02
3.807729157344375608e+02
3.806384570935285296e+02
3.804848649808126311e+02
3.803167097105792891e+02
3.801375805094181715e+02
3.799518933671487275e+02
3.797631465874744663e+02
3.795756045598195669e+02
3.793924802156496980e+02
3.792174379782203459e+02
3.790534707208491909e+02
3.789029648212552956e+02
3.787688011377841804e+02
3.786518937511513627e+02
3.785545836128421797e+02
3.784766064924050397e+02
3.784188406745838051e+02
3.783807005221322015e+02
3.783613723594576754e+02
3.783602027337850586e+02
3.783752380614463391e+02
3.784055307625101818e+02
3.784489062844543241e+02
3.785042778790143529e+02
3.785520434669850260e+02
3.786178502901366301e+02
3.786849980582924786e+02
3.787533461086603666e+02
3.788223983140268274e+02
3.788921591435633331e+02
3.789629153036362368e+02
3.790342376389497190e+02
3.791069923805689541e+02
3.791803988018679092e+02
3.792550052984418016e+02
3.793300125872962667e+02
3.794048915820019943e+02
3.794790431417656578e+02
3.795506666069300650e+02
3.796192978875888571e+02
3.796824664552340778e+02
3.797389080344359513e+02
3.797864484048558893e+02
3.798227558659442593e+02
3.798462166649579217e+02
3.798540403391955351e+02
3.798446782630510370e+02
3.798159274621202144e+02
3.797458063584784327e+02
3.796551978794395836e+02
3.795390596925029172e+02
3.793965091794829050e+02
3.792269514949634299e+02
3.790298991551126164e+02
3.788058198304808570e+02
3.785550496901054203e+02
3.782785433363261518e+02
3.779777148767155381e+02
3.776538386875392916e+02
3.773090634095839278e+02
3.769451337994125879e+02
3.765643824776867064e+02
3.761690796202177012e+02
3.757614589595821144e+02
3.753441009246886892e+02
3.749192079444411547e+02
3.744892806658860422e+02
3.740565287339920246e+02
3.736231337076349064e+02
3.731912015252770516e+02
3.727625802754329243e+02
3.723390697340258839e+02
3.719050226253760343e+02
3.714784427633513246e+02
3.710584484188634633e+02
3.706459400500176002e+02
3.702418750233219953e+02
3.698471876659931468e+02
3.694627423154280450e+02
3.690898860340168426e+02
3.687299446529308398e+02
3.683852535697884036e+02
3.680586645038242182e+02
3.677547395444274798e+02
3.674795410567014642e+02
3.672416366400432821e+02
3.670529431457868554e+02
3.669284609917023658e+02
3.668893041778594579e+02
3.669590694928825769e+02
3.671678006990291010e+02
3.675461832163973099e+02
3.681239810163758648e+02
3.689288876283953300e+02
3.699771061007483013e+02
3.712733516853907076e+02
3.727772768794596345e+02
3.745079554539435094e+02
3.764447749902479359e+02
3.785593904142788233e+02
3.808250714713293519e+02
3.832148336873701737e+02
3.856753076292990272e+02
3.881572557080164643e+02
3.905747332702071049e+02
3.928379738563358501e+02
3.948537475809116017e+02
3.965418282547061040e+02
3.978347690947800288e+02
3.987128409980332435e+02
3.991573820147298193e+02
3.991939553633422406e+02
3.988503261312479822e+02
3.981621252806736493e+02
3.971800601745674726e+02
3.959404132775142671e+02
3.944916823351371704e+02
3.928711640507946754e+02
3.911151180194565313e+02
3.892568883521158227e+02
3.873100713090519776e+02
3.852950373780147970e+02
3.832540214925504642e+02
3.812007874685353954e+02
3.791465128338741124e+02
3.770993068747559391e+02
3.750660977600604724e+02
3.730522180538270050e+02
3.710615020081826856e+02
3.690977545591847502e+02
3.671632689783050978e+02
3.652604689926193373e+02
3.633915095805113538e+02
3.615578171658302722e+02
3.597621990137781722e+02
3.580062393108522087e+02
3.562936142163154614e+02
3.546280761466234139e+02
3.530150133282630236e+02
3.514632388066321482e+02
3.499826158521627235e+02
3.485912340421501767e+02
3.473106497103816537e+02
3.461763981658023113e+02
3.452367023103700490e+02
3.447865041339374557e+02
3.447578460950551857e+02
3.452526092673662674e+02
3.464368221232117548e+02
3.485060526002654910e+02
3.516893203547069220e+02
3.562501800455971193e+02
3.623769641948669005e+02
3.702629229513048017e+02
3.799474767912242328e+02
3.913461414248532151e+02
4.042396505344396473e+02
4.184103653273598411e+02
4.344065624164437054e+02
4.539956381120127844e+02
4.802273240944763870e+02
5.125437283529003025e+02
5.438953648018706417e+02
5.703906430297092811e+02
5.977925718962316068e+02
6.282623324025776128e+02
6.498680651470619978e+02
6.604681736511745385e+02
6.653649887512812029e+02
6.674677217999364984e+02
6.678631956007935742e+02
6.672606645468297302e+02
6.661465501061949226e+02
6.648774459373873924e+02
6.636779107712189898e+02
6.627021222014082014e+02
6.619342984252745055e+02
6.612548174609345324e+02
6.606458675931176003e+02
6.600939163012459403e+02
6.595808554263263659e+02
6.590915035118998730e+02
6.586169425583445900e+02
6.581482746201155578e+02
6.576917994998906352e+02
6.572475454314636636e+02
6.568270621713327273e+02
6.564464213101640553e+02
6.561277195698567084e+02
6.559202437866131277e+02
6.558698231636319633e+02
6.560194628781165420e+02
6.560407807772805882e+02
6.561413813327548041e+02
6.562035398276777869e+02
6.562282790133444905e+02
6.562206228831416865e+02
6.561917507287251965e+02
6.562285368150076010e+02
6.564162611259781670e+02
6.566608826455153576e+02
6.568384425344820556e+02
6.568577917824179622e+02
6.566793071402398709e+02
6.563481988765743154e+02
6.559739690143393318e+02
6.557205843219335293e+02
6.557350685304808167e+02
6.560005946081823822e+02
6.564621192179090485e+02
6.570452289887900861e+02
6.577319052290481523e+02
6.585176292088320906e+02
6.593774593032393341e+02
6.602838979307390446e+02
6.611998012674536085e+02
6.617142318515689112e+02
6.617234310232919370e+02
6.616754919234957697e+02
6.616028698272685915e+02
6.615623015006672176e+02
6.616868589115663326e+02
6.620427555126666448e+02
6.627209767476756497e+02
6.637608756107518957e+02
6.651387684783494478e+02
6.665485539105577573e+02
6.674535789761692968e+02
6.674513369353505823e+02
6.666265575856984924e+02
6.652122278948625080e+02
6.640836711829642809e+02
6.629210031330882202e+02
6.614106657568162291e+02
6.604015150059117332e+02
6.600465419506548415e+02
6.604425836121961311e+02
6.613884233931364633e+02
6.622748623650364834e+02
6.625026012335634960e+02
6.614937638705766858e+02
6.597193420356802562e+02
6.576115173445540449e+02
6.553825942675797478e+02
6.532094423879881333e+02
6.511780026054574364e+02
6.493638034122195677e+02
6.478142401779122110e+02
6.465560275289562924e+02
6.456151452196882019e+02
6.449746609254871146e+02
6.446162364936022868e+02
6.444819010334825862e+02
6.445304807347381484e+02
6.446265544018142464e+02
6.445117572023244747e+02
6.437829548582111556e+02
6.423183998778838486e+02
6.402755292758785117e+02
6.378788615905518782e+02
6.353254835822771156e+02
6.327613316490935631e+02
6.303072761842336149e+02
6.280441188446222895e+02
6.259849825904245790e+02
6.237119520763419587e+02
6.212728971926082977e+02
6.185593657202449549e+02
6.155299831163828230e+02
6.122609202529042705e+02
6.088259209171486646e+02
6.053183525060489956e+02
6.018054996956356035e+02
5.983374037394165725e+02
5.949524718692139231e+02
5.916699540392801282e+02
5.885083114538928157e+02
5.854712924325638141e+02
5.825625189447911225e+02
5.797798649639985342e+02
5.771145257147109078e+02
5.745597268281036349e+02
5.720993429532881009e+02
5.697175835210255173e+02
5.673952916927884189e+02
5.651105366268288890e+02
5.628462064792402089e+02
5.605892788600414178e+02
5.582987620843233572e+02
5.559456365831475750e+02
5.536483853773355577e+02
5.514119262483320654e+02
5.492493325045923029e+02
5.471710748649242078e+02
5.451903014999745665e+02
5.433205953146765523e+02
5.415695064602284674e+02
5.399469955208959391e+02
5.384557079684803966e+02
5.370951564073012605e+02
5.358643778804506610e+02
5.347530133858931549e+02
5.337564221488386238e+02
5.328606285558464606e+02
5.320551502537375654e+02
5.313316053622870641e+02
5.306768129790301600e+02
5.300902342591672323e+02
5.295612759360933524e+02
5.290898872829076254e+02
5.286716932440493792e+02
5.282992208032093231e+02
5.280143829496504395e+02
5.277821608874446611e+02
5.275891483086617200e+02
5.274202393834096938e+02
5.272617119327802584e+02
5.270965078400118955e+02
5.269111729537385145e+02
5.266896767053888198e+02
5.264283326474567275e+02
5.261251477429046872e+02
5.257827911980323279e+02
5.254172453765396540e+02
5.250329852054263711e+02
5.246493574480065263e+02
5.242739511135540624e+02
5.239141936970236202e+02
5.235778440164469885e+02
5.232608412790332295e+02
5.229663686790840984e+02
5.226874105043237932e+02
5.224215283472816509e+02
5.221624360605115953e+02
5.219112000849623882e+02
5.216668346071879796e+02
5.214838030229988135e+02
5.213551364855359225e+02
5.212695183750694241e+02
5.212354194012053767e+02
5.212541732269486374e+02
5.213399588895297256e+02
5.214955450452888499e+02
5.217355564808549389e+02
5.220614705533863571e+02
5.224791711085965744e+02
5.229869951911335875e+02
5.235812603510750023e+02
5.242578329004809348e+02
5.250073519830598343e+02
5.258245835658834721e+02
5.266946647863261433e+02
5.276106244491502366e+02
5.285578424869075889e+02
5.295303977050473350e+02
5.305238884063198839e+02
5.315388460465129583e+02
5.325854754529016191e+02
5.336716546349824739e+02
5.348146401340432021e+02
5.359613620030029324e+02
5.371245829366661155e+02
5.383565283369416647e+02
5.396514687703705704e+02
5.409903503686909971e+02
5.423407784679305905e+02
5.436634068044872947e+02
5.449103794570503396e+02
5.460488127831844167e+02
5.470438196978498127e+02
5.478863451953311596e+02
5.485718328469647531e+02
5.491153835422530847e+02
5.495390204120569706e+02
5.498723083528773259e+02
5.501485673684113635e+02
5.503968989098619886e+02
5.506483557538917921e+02
5.509205810722195338e+02
5.512288610964441204e+02
5.515748292179334840e+02
5.519535834536138736e+02
5.523512283691079574e+02
5.527495795508865513e+02
5.530675828531293519e+02
5.534241900209306095e+02
5.537039330142953304e+02
5.538911137078429192e+02
5.539758331852589208e+02
5.539489265596208725e+02
5.538121649452870088e+02
5.535635067798408500e+02
5.532078232601064656e+02
5.527463226994942715e+02
5.521823509741427642e+02
5.515177472425907581e+02
5.507533744800255135e+02
5.498917796772243491e+02
5.489335363798589924e+02
5.478825600526000699e+02
5.467418915694694306e+02
5.455168947592187578e+02
5.442129302241332880e+02
5.428347731836735193e+02
5.413884147700787253e+02
5.398769067142906124e+02
5.383046419401022149e+02
5.366733681410490817e+02
5.349427522291272226e+02
5.332309092886421240e+02
5.314629466478717177e+02
5.296414805287764693e+02
5.277686083811715889e+02
5.258473318096399680e+02
5.238810250930035863e+02
5.218740159249870203e+02
5.198306423577422493e+02
5.177567244620970541e+02
5.156575169085297148e+02
5.135387714828857497e+02
5.114063243831201362e+02
5.092649841512790090e+02
5.071199613629106580e+02
5.049752648691581953e+02
5.028346409906503141e+02
5.007015780304754458e+02
4.985782867511272798e+02
4.964671221828259604e+02
4.943696138797165531e+02
4.922867797607443663e+02
4.902196493850868251e+02
4.881681678355100757e+02
4.861195509725374109e+02
4.840844833077694602e+02
4.820515818112928628e+02
4.800199004026991929e+02
4.779886001746652937e+02
4.759562993338514616e+02
4.739225034545718245e+02
4.718862340104068949e+02
4.698469005978339510e+02
4.678045579331982253e+02
4.657583192720701959e+02
4.637089283765602659e+02
4.616560080701677862e+02
4.595997981523624389e+02
4.575408879492601955e+02
4.554788768260876282e+02
4.534149674108831505e+02
4.513489577323032336e+02
4.492818327304839841e+02
4.472146282589815200e+02
4.451478862171584296e+02
4.430835643948583993e+02
4.410225971104336509e+02
4.389669331672464523e+02
4.368615318770900444e+02
4.346351749094899901e+02
4.324156087310026919e+02
4.302042800726579799e+02
4.280029763780327698e+02
4.258133249557665749e+02
4.236358360261266398e+02
4.214717812523051634e+02
4.193207909839417198e+02
4.171827903131173230e+02
4.150572617121530925e+02
4.129427017298608007e+02
4.108381235378013230e+02
4.087414396131226795e+02
4.066508451196635860e+02
4.045644545526341176e+02
4.024800829636246249e+02
4.003959769407236422e+02
3.983105145015641710e+02
3.962222146567911523e+02
3.941303227333700079e+02
3.920340289762380053e+02
3.899331448008931034e+02
3.878278270208574554e+02
3.857202115311008015e+02
3.835736330939123491e+02
3.814270483431581624e+02
3.792818206318017928e+02
3.771392538841080295e+02
3.750008084731047120e+02
3.728678007253421924e+02
3.707417281746518825e+02
3.686236013841034378e+02
3.665147037672722945e+02
3.644157762336529345e+02
3.623275235547330908e+02
3.602505953551109315e+02
3.581850207351641302e+02
3.561318854199168413e+02
3.540909431350674481e+02
3.520638136825634206e+02
3.500512300658790537e+02
3.480549345436405702e+02
3.460777717226480945e+02
3.441213934404441943e+02
3.421903654977573410e+02
3.402871435892371892e+02
3.384164427426686075e+02
3.367743023305487782e+02
3.352349126181804877e+02
3.337462941768253017e+02
3.323097799971491781e+02
3.309293228856847691e+02
3.296066183848769242e+02
3.283435196251771799e+02
3.271430252755075685e+02
3.260048206374921733e+02
3.249320172104844460e+02
3.239240734066601703e+02
3.229821892281133273e+02
3.221072861012487465e+02
3.212978767262945325e+02
3.205556078005640757e+02
3.198778936102154375e+02
3.192648017529544404e+02
3.187145320314044739e+02
3.182245070388045178e+02
3.177934410727615386e+02
3.174171347885000500e+02
3.170933335698541100e+02
3.168180617687577865e+02
3.165875030496205795e+02
3.165213064184100631e+02
3.165208104210589681e+02
3.165450179832555477e+02
3.165898246488136465e+02
3.166510857136563004e+02
3.167255919114894596e+02
3.168102912955601482e+02
3.169023754920427223e+02
3.170001226620508419e+02
3.171010826415476345e+02
3.172043779276247619e+02
3.173086315893709184e+02
3.174128551843559762e+02
3.175169068302044479e+02
3.176197907052157916e+02
3.177219731651607617e+02
3.178230724297804386e+02
3.179235176851014444e+02
3.180241744840429874e+02
3.181258505691286018e+02
3.182308521629596498e+02
3.183413686509841227e+02
3.184618169179099709e+02
3.185974197562438235e+02
3.187326052942228216e+02
3.188584195157495174e+02
3.190239797634516208e+02
3.192455875852837153e+02
3.195343994113558779e+02
3.199048754995494050e+02
3.203734133596067295e+02
3.209616449357628198e+02
3.217161038533755573e+02
3.227189726342062954e+02
3.240892292655604479e+02
3.259805701943602685e+02
3.285394276744000308e+02
3.318767250661384764e+02
3.361032976652632556e+02
3.413293608593528461e+02
3.476062390131668849e+02
3.549167719982710310e+02
3.629676163123822903e+02
3.713271914667350870e+02
3.793632305033190733e+02
3.864785937853069981e+02
3.921807904111782364e+02
3.963176130073803165e+02
3.988989725673450835e+02
4.002296902732742865e+02
4.006810084019444389e+02
4.006186180193467408e+02
4.003372918661449376e+02
4.000614409463802303e+02
3.998920550186856531e+02
3.998201163864866885e+02
3.997066956846621792e+02
3.993856008687469057e+02
3.987376666419622211e+02
3.977462115952005206e+02
3.964483679459147538e+02
3.949548170045430879e+02
3.933531134038844357e+02
3.917363604633491150e+02
3.901796223399664427e+02
3.887412423489975026e+02
3.874796010661863193e+02
3.864425439092728993e+02
3.856782487404592530e+02
3.852388663886949871e+02
3.851694404357120334e+02
3.855244535233172769e+02
3.863603112413159693e+02
3.876742735907252495e+02
3.895690792940102369e+02
3.921004332249863182e+02
3.953094468010812648e+02
3.992319286447109334e+02
4.038003267713392006e+02
4.089009817915215308e+02
4.143362942081889742e+02
4.199508379121547250e+02
4.256523754303020155e+02
4.314700193441256033e+02
4.374910251417110203e+02
4.437514600657405595e+02
4.502391043860602622e+02
4.567899819653869145e+02
4.632201357351294178e+02
4.694059673730796476e+02
4.753180010668145883e+02
4.810213425109778314e+02
4.866052348200540791e+02
4.920913510960925805e+02
4.974191370215565939e+02
5.024056554537863803e+02
5.068005041015084089e+02
5.105067850885216103e+02
5.135108946702318917e+02
5.159118411993224527e+02
5.178106564412021271e+02
5.193056682166737801e+02
5.204836990217042967e+02
5.213893832720581258e+02
5.220726413078680253e+02
5.225646661337004844e+02
5.229132913990321185e+02
5.231796407641509177e+02
5.234340497261424616e+02
5.237466855600475810e+02
5.241170717056345438e+02
5.244599839114357565e+02
5.246046785675678166e+02
5.243994527545519304e+02
5.238096686129927093e+02
5.228992937736427393e+02
5.217579605063856434e+02
5.204917552417932711e+02
5.191608006466483403e+02
5.178168085563199838e+02
5.163743029205352286e+02
5.150635806282905378e+02
5.138123674799975333e+02
5.126235620661709618e+02
5.115000450290829122e+02
5.104444547217436821e+02
5.094586869846071409e+02
5.085493340521142045e+02
5.077217743472580196e+02
5.069869070192958702e+02
5.063539828463890444e+02
5.058331398815461171e+02
5.054374196353366528e+02
5.051710259808435808e+02
5.050435853424879156e+02
5.050557962389910358e+02
5.052059269954030469e+02
5.054976658776089380e+02
5.059232945525596392e+02
5.064852212735813168e+02
5.071839676360302747e+02
5.080152136571460346e+02
5.089884312135346818e+02
5.100878969076327962e+02
5.113827678226315925e+02
5.128455328425276321e+02
5.143155203429466837e+02
5.157504064283847356e+02
5.171072073300963439e+02
5.183565567789958095e+02
5.194812996630679436e+02
5.204703178827605825e+02
5.213149534081252341e+02
5.220046131806849417e+02
5.225195702637578279e+02
5.228474065443396057e+02
5.229671280476540005e+02
5.228734539404398447e+02
5.225630675250614559e+02
5.220384841172905226e+02
5.213180264229437171e+02
5.204122760306795499e+02
5.193486706314030243e+02
5.181472706263677992e+02
5.168325156424446050e+02
5.154278487162325746e+02
5.139490791974914146e+02
5.124138981951864480e+02
5.107874301083843989e+02
5.090536490030756340e+02
5.073068283240448864e+02
5.055519839621337042e+02
5.037938798691856164e+02
5.020341551156620312e+02
5.002761983417371425e+02
4.985204413473393288e+02
4.967682756151598369e+02
4.950199201633735129e+02
4.932751142823673263e+02
4.915342565634767880e+02
4.897963179479999098e+02
4.880613340555352124e+02
4.863283084870209336e+02
4.845967049605008015e+02
4.828657626660005349e+02
4.811344942831370304e+02
4.794023474914136500e+02
4.776681797683749551e+02
4.759315967623839470e+02
4.741915176511311643e+02
4.724477689062571812e+02
4.706999895227352226e+02
4.689735346686009620e+02
4.672315657534591651e+02
4.654876132960092150e+02
4.637432021913268727e+02
4.619994761919885491e+02
4.602583083638841117e+02
4.585215816926104822e+02
4.567914139591505887e+02
4.550700513119430752e+02
4.533596497481340180e+02
4.516624964995847336e+02
4.499802432529536986e+02
4.483149635041570491e+02
4.466675486448103811e+02
4.450392369513089079e+02
4.434304981827614824e+02
4.418413732338017894e+02
4.402720759888816247e+02
4.387217270645989515e+02
4.371900627529319081e+02
4.356762964975501404e+02
4.341797168351978371e+02
4.327000874681081655e+02
4.312368947427834200e+02
4.298337220693985614e+02
4.284734215624687295e+02
4.271274864531866911e+02
4.257965916034779070e+02
4.244817780955564217e+02
4.231840179754132123e+02
4.219045908508877005e+02
4.206446749370938392e+02
4.194051103671999385e+02
4.181869198046069300e+02
4.169904093563910124e+02
4.158158509387429262e+02
4.146630890864070693e+02
4.135312975689521977e+02
4.124198422874704306e+02
4.113271615463798412e+02
4.102516482666566731e+02
4.091916153017060651e+02
4.081447194659934326e+02
4.071090960995073829e+02
4.060823390065363583e+02
4.050622003438181196e+02
4.040467698802255541e+02
4.030336769400523735e+02
4.020246518667834721e+02
4.010097138126797063e+02
3.999874756114971888e+02
3.989569907086382727e+02
3.979173523998082374e+02
3.968683462492373906e+02
3.958097757211517660e+02
3.947416796320354706e+02
3.936646133152785865e+02
3.925789926975044182e+02
3.914856256895100159e+02
3.903853836319556194e+02
3.892790513281711924e+02
3.881678177386973516e+02
3.870525580495341273e+02
3.859342568309165813e+02
3.848140879282156561e+02
3.836926476554837109e+02
3.825710668807464572e+02
3.814497985867195098e+02
3.803295607514368726e+02
3.792109592794489004e+02
3.780940349011765989e+02
3.769792212923700276e+02
3.758840792326961378e+02
3.747869445502936401e+02
3.736924332297546698e+02
3.725999353015396309e+02
3.715090011943761397e+02
3.704188174876163657e+02
3.693285747865783151e+02
3.682374403984338187e+02
3.671445416006673668e+02
3.660490139710366861e+02
3.649501206418904076e+02
3.638471280813578801e+02
3.627395468454105867e+02
3.616269231103179322e+02
3.605088889255287086e+02
3.593854812191821111e+02
3.582567685403318478e+02
3.571231441521483134e+02
3.559853366387040978e+02
3.548443370888180652e+02
3.537018578870115562e+02
3.525602823383938471e+02
3.514227247930430167e+02
3.502944324332501651e+02
3.491861079748630914e+02
3.480792566381515485e+02
3.470150666748197636e+02
3.460150812348449563e+02
3.451170687636583239e+02
3.443705179316277167e+02
3.438654699335663736e+02
3.437281746489665011e+02
3.441580711810238427e+02
3.454825376659866265e+02
3.481633033692211256e+02
3.531380360013253608e+02
3.614829459868532240e+02
3.732382776296832958e+02
3.852970242309736477e+02
3.953757483259037144e+02
4.038818508283036408e+02
4.117646103098221033e+02
4.192760278473490985e+02
4.265782097030781870e+02
4.337708555507759911e+02
4.411437751496152941e+02
4.491082986292651640e+02
4.581387751700523268e+02
4.678922184110224975e+02
4.781918681511627938e+02
4.877443332753050527e+02
4.958966277786477121e+02
5.023096911162954257e+02
5.071506691141585748e+02
5.107728887583174924e+02
5.135581926980639764e+02
5.158313050683588017e+02
5.177888158086710746e+02
5.195558420730737907e+02
5.211919900953457727e+02
5.227105222841763634e+02
5.240995735562164555e+02
5.253508404478993725e+02
5.264790711958657994e+02
5.275648098579978296e+02
5.287665454347552441e+02
5.303831744322446866e+02
5.329144642073241585e+02
5.369629254544025798e+02
5.431637946343212207e+02
5.515301883228040651e+02
5.615383886929122355e+02
5.717384158373715763e+02
5.814736822354143442e+02
5.900462586392874300e+02
5.974483874997249586e+02
6.038040373247888510e+02
6.092178719294309985e+02
6.134300083044176972e+02
6.161262048148307713e+02
6.171646223889933935e+02
6.166277815480061690e+02
6.148508020223923722e+02
6.121682417556738756e+02
6.088837557757722152e+02
6.052162890167354590e+02
6.013125892440672260e+02
5.972735831785025766e+02
5.931656080440659480e+02
5.890362279731407398e+02
5.849189025065257965e+02
5.830738658312936877e+02
5.792512697472708396e+02
5.752995078152915767e+02
5.714358614890087438e+02
5.676756778919466342e+02
5.637059270297846751e+02
5.595949767407147419e+02
5.556488776024666549e+02
5.518687023951388255e+02
5.482610363695442857e+02
5.448311508207833640e+02
5.415799625764988150e+02
5.385165327835686639e+02
5.356388426074470317e+02
5.329519216833290329e+02
5.304529355677512967e+02
5.281346681707174184e+02
5.259892952891780169e+02
5.239967110927947260e+02
5.221403175748322383e+02
5.203953171712797712e+02
5.187445203316135576e+02
5.171681105422381961e+02
5.156587138287089829e+02
5.142119099867005616e+02
5.128292373071872134e+02
5.115205002349745769e+02
5.102942519392867666e+02
5.091650558417100001e+02
5.079792943286350351e+02
5.067884000755274201e+02
5.057441415243245615e+02
5.048552334837240778e+02
5.041237377325285252e+02
5.035504712068458275e+02
5.031199860792776803e+02
5.028210645163429149e+02
5.026292455171648044e+02
5.025279997448254790e+02
5.024977518382952439e+02
5.025238510321281638e+02
5.025944392646323990e+02
5.026945255037289826e+02
5.028127120200632589e+02
5.029331079050039648e+02
5.030444410782580462e+02
5.031338668096923925e+02
5.031944197860857457e+02
5.032208558135202452e+02
5.032144688985146672e+02
5.031805503946271756e+02
5.031287646510502327e+02
5.030730286820779611e+02
5.029367098180950961e+02
5.027924268849890836e+02
5.027069067249228738e+02
5.026799464635468553e+02
5.027047038144627322e+02
5.027792667980951364e+02
5.028923119162749913e+02
5.030466466145506956e+02
5.032353420209664705e+02
5.034538817714311563e+02
5.036924900954069813e+02
5.039288302759726434e+02
5.041355427482631058e+02
5.042746074649954267e+02
5.043099504269297881e+02
5.042081506904443700e+02
5.039524487858058706e+02
5.035300983491687816e+02
5.029572886438336923e+02
5.022474715206366227e+02
5.014362398424693197e+02
5.005579129373028309e+02
4.996488514073153624e+02
4.987500145319752392e+02
4.979567342321207093e+02
4.972451839773988240e+02
4.966398754309939250e+02
4.961568960324774480e+02
4.958046305774327038e+02
4.955819452306282074e+02
4.954803219621251742e+02
4.954844643569260825e+02
4.955755821978569884e+02
4.957288254121114051e+02
4.959230586448844065e+02
4.961301569831343841e+02
4.963286746584690263e+02
4.964940177640510797e+02
4.966105030151913411e+02
4.966672073746098590e+02
4.966608020849152467e+02
4.965991969424300123e+02
4.964905509992977954e+02
4.963524874056664089e+02
4.961982384298086686e+02
4.960466801143335829e+02
4.959108182337387234e+02
4.958100722315726898e+02
4.958565230363735168e+02
4.959694923893082432e+02
4.961744672396657165e+02
4.964910243041723561e+02
4.969456567530064035e+02
4.975440512473133481e+02
4.982950530913929015e+02
4.991846724219999487e+02
5.001914517605075048e+02
5.012808413359053361e+02
5.024133634117224574e+02
5.035461081833522599e+02
5.046440101654365549e+02
5.056783818706612124e+02
5.066275621810699477e+02
5.074852667726873392e+02
5.082431731201584739e+02
5.089090015878606437e+02
5.094877901394415858e+02
5.099909682213553310e+02
5.104312017598160196e+02
5.108208004532594373e+02
5.111741115586511341e+02
5.115021018129551180e+02
5.118646826398720577e+02
5.123091791460678905e+02
5.127737004659602462e+02
5.132714966916183812e+02
5.138126257587862256e+02
5.144123885037244008e+02
5.150739791784718591e+02
5.158051517008196925e+02
5.166056152973652615e+02
5.174729671896055834e+02
5.184037939110991147e+02
5.193921980043301119e+02
5.204267683791234731e+02
5.214997185260665447e+02
5.225920922838837441e+02
5.236845267317169146e+02
5.247568778438256913e+02
5.257859416087579802e+02
5.267612307862780199e+02
5.276767626259647841e+02
5.285338534272584639e+02
5.293441019533439658e+02
5.301153194514978395e+02
5.308607586390921824e+02
5.316082403358680040e+02
5.323009843113519537e+02
5.329808049607040630e+02
5.336439227172522806e+02
5.342848516063310171e+02
5.348939450552020389e+02
5.354598837808578082e+02
5.359671161230593270e+02
5.364030332934170247e+02
5.367492054987803840e+02
5.369939244548445458e+02
5.371225765961900152e+02
5.371245391485168739e+02
5.369948689297917781e+02
5.367256828484528342e+02
5.363211733772521939e+02
5.357804262340948753e+02
5.351121109032138747e+02
5.343243325046320251e+02
5.334268779240175036e+02
5.324340308819525944e+02
5.313567525994840253e+02
5.302106130887995050e+02
5.290080449386953205e+02
5.277136670326026433e+02
5.264211854228259426e+02
5.251126377955672524e+02
5.237988783404591686e+02
5.224898911362354283e+02
5.211941900517742852e+02
5.199191477260843612e+02
5.186720308338159384e+02
5.174574652227258866e+02
5.162819328653042703e+02
5.151484653144977983e+02
5.140617965425922193e+02
5.130254814062099058e+02
5.120416153519107638e+02
5.111149234418623450e+02
5.102455954366849369e+02
5.094378985511947917e+02
5.086925516916371066e+02
5.080110006336543620e+02
5.073958658151923373e+02
5.068459057795230365e+02
5.063641228254115276e+02
5.059491896845886458e+02
5.056022920804521732e+02
5.052098346242401590e+02
5.048458101606705100e+02
5.045404660108807775e+02
5.042922301710520401e+02
5.041017621202489636e+02
5.039697500517615367e+02
5.038946480946364659e+02
5.038781679512002256e+02
5.039188720612149268e+02
5.040165070523057125e+02
5.041721434294479423e+02
5.043820288551802946e+02
5.046482736787131103e+02
5.049659237673088796e+02
5.053313132169039363e+02
5.057398003955809713e+02
5.061775045000345585e+02
5.066341385197299587e+02
5.070867431489862156e+02
5.075120637498469591e+02
5.078841251574901321e+02
5.081738670138237808e+02
5.083554644158039082e+02
5.084085104470090641e+02
5.082090283509726305e+02
5.077401180067483892e+02
5.070971253406035544e+02
5.062821708341436420e+02
5.053036252698660746e+02
5.041668925259029947e+02
5.028864285576509019e+02
5.014707966771344445e+02
4.999335907579483091e+02
4.982862207339764495e+02
4.965392385184998147e+02
4.947055947048436906e+02
4.927940596682387877e+02
4.908164113516824045e+02
4.887810211360455241e+02
4.866970099470787545e+02
4.845730801446856049e+02
4.824157385201349371e+02
4.802330196508341373e+02
4.780298463093988062e+02
4.758117730734273891e+02
4.735830438076260975e+02
4.713463223610888804e+02
4.691047689677604922e+02
4.667943605220464178e+02
4.644275631670751636e+02
4.620659515584681571e+02
4.597094613984153852e+02
4.573585222560722059e+02
4.550136149303440334e+02
4.526747481649530300e+02
4.503437383453683083e+02
4.480208044850419924e+02
4.457075066204938025e+02
4.434051214978944699e+02
4.411140005413975018e+02
4.388361491042575153e+02
4.365712110066717742e+02
4.343203945249432536e+02
4.320835945907794553e+02
4.298605488802737682e+02
4.276516449034677976e+02
4.254556957727403983e+02
4.232729387974683846e+02
4.211022691960552038e+02
4.189433491341742979e+02
4.167954997290221968e+02
4.146578620020927133e+02
4.125998847632684488e+02
4.105389241252008787e+02
4.084876098632647654e+02
4.064441988197431783e+02
4.044079866456772265e+02
4.023777978862613054e+02
4.003529690127731442e+02
3.983329623570343188e+02
3.963172527354852264e+02
3.943065757166519347e+02
3.923017908991394620e+02
3.903069670136610512e+02
3.883291761711560071e+02
3.863817033775516734e+02
3.844916501316721451e+02
3.826970953415322469e+02
3.810719500379261717e+02
3.797112991982473886e+02
3.787413915326678762e+02
3.782940533658727418e+02
3.783827491621528907e+02
3.788898101570293306e+02
3.794723863099387131e+02
3.797785972809303985e+02
3.796669533118782738e+02
3.790636084589718280e+02
3.780953728394833320e+02
3.769666187266110455e+02
3.758503201244320735e+02
3.749246778422550506e+02
3.743556506882463850e+02
3.743383865044064578e+02
3.750176180837075322e+02
3.765440991271738653e+02
3.788280819752440038e+02
3.815836864576394873e+02
3.842879820174343308e+02
3.865453542176365431e+02
3.881991994584112717e+02
3.894509310974611367e+02
3.905660240895997504e+02
3.918110691185939913e+02
3.933696352229680429e+02
3.952744914691926965e+02
3.974467172836710915e+02
3.997045429407178290e+02
4.018686639331453989e+02
4.037952088799686976e+02
4.053973204629629095e+02
4.066998588942811921e+02
4.078721223979298998e+02
4.089551422768948896e+02
4.099200778322633596e+02
4.107088967145523384e+02
4.112594529028245347e+02
4.115462130934813558e+02
4.115896771274093453e+02
4.114437953733294648e+02
4.111526573166458434e+02
4.107641720232851981e+02
4.102993929788382275e+02
4.097680314446304237e+02
4.091727021454072997e+02
4.085110778776048051e+02
4.077786814406140365e+02
4.069787364567871464e+02
4.061096003260853990e+02
4.051788099295658299e+02
4.041940411565638556e+02
4.031634777416646216e+02
4.021040469345994097e+02
4.010275603542047520e+02
3.998799787373970958e+02
3.987135949155394314e+02
3.976013908702733488e+02
3.965752932848249088e+02
3.956603335580193175e+02
3.948928390564466895e+02
3.942804359357369890e+02
3.938228423143730765e+02
3.934871029187601152e+02
3.932219002090113236e+02
3.929684294108772065e+02
3.926989110562338965e+02
3.924197484773350766e+02
3.921958238869200954e+02
3.921588785559144412e+02
3.924705460541777597e+02
3.933958595422365647e+02
3.951994932090086081e+02
3.981637464137885445e+02
4.025008555236112215e+02
4.081215019722612283e+02
4.146842473306030570e+02
4.215310729872084039e+02
4.279931769491961973e+02
4.336206074917366777e+02
4.382681947712626993e+02
4.423792100778904341e+02
4.462627842571220071e+02
4.500806718348529216e+02
4.538325770498961447e+02
4.573834373164205545e+02
4.604716195874597702e+02
4.628834455327362889e+02
4.644871334659997046e+02
4.653020220307034833e+02
4.654386986280898100e+02
4.650217041965766498e+02
4.641933758053410202e+02
4.630483020665494109e+02
4.616726226998713969e+02
4.601204818975238595e+02
4.584375333245142770e+02
4.566553876060295920e+02
4.548009747372287848e+02
4.528957634006185344e+02
4.509591262957277991e+02
4.490077387158920601e+02
4.470543203522415183e+02
4.451728119957892886e+02
4.432180467715891723e+02
4.413391211566653851e+02
4.395309062340547257e+02
4.377884390133153261e+02
4.361078368531162255e+02
4.344830440776790397e+02
4.329131440430541602e+02
4.313938354870031731e+02
4.299248522125660656e+02
4.285048813071426821e+02
4.271325452419932844e+02
4.258088797645170871e+02
4.245318818037887922e+02
4.233026565057530206e+02
4.221199315379709560e+02
4.209834796689964946e+02
4.198932569732231741e+02
4.188476990606995400e+02
4.178470441471544632e+02
4.168896519984659221e+02
4.159749091689269562e+02
4.151018899678879279e+02
4.142690975484105707e+02
4.134534443447574290e+02
4.126804325585535480e+02
4.119526514157054180e+02
4.112702675753432686e+02
4.106332867467058918e+02
4.100417483921372082e+02
4.094957666912374634e+02
4.089944640956799731e+02
4.085375535422762709e+02
4.081235304311784944e+02
4.077508003337779883e+02
4.074177308845282255e+02
4.071211845270808567e+02
4.068593663729054697e+02
4.066288472450346489e+02
4.064274830172121256e+02
4.062524649524958704e+02
4.061008167187372351e+02
4.059697767593434605e+02
4.058555588345565752e+02
4.057546130755859508e+02
4.056622515877042474e+02
4.055737427586580566e+02
4.054829672768796058e+02
4.054036715836605254e+02
4.053083951987014757e+02
4.051848077086617650e+02
4.050266300276904872e+02
4.048259445876699942e+02
4.045801022942807208e+02
4.042843387428050619e+02
4.039393916297698297e+02
4.035473502183348273e+02
4.031107657519496570e+02
4.026375028670079246e+02
4.021324081531184333e+02
4.016048213769838640e+02
4.010623846711335432e+02
4.005127012568583496e+02
3.999639176724413119e+02
3.994218697490580325e+02
3.988930112482063350e+02
3.983821906586650812e+02
3.978943052957729378e+02
3.974337104488089949e+02
3.970084551909663446e+02
3.966263881907928521e+02
3.963020548434326997e+02
3.960366228927055658e+02
3.960054977422605020e+02
3.961044870245441416e+02
3.963438770663451578e+02
3.967427812848129065e+02
3.972971881012977065e+02
3.979896929975201374e+02
3.987843712967703027e+02
3.996261716914498834e+02
4.004596221170118042e+02
4.012356767209994359e+02
4.019229793875669543e+02
4.025043451388947915e+02
4.029851752136713117e+02
4.033679859955928464e+02
4.036737383561018078e+02
4.039138663231230453e+02
4.041057248917458651e+02
4.042646331128649990e+02
4.044014290771746118e+02
4.045296534605613488e+02
4.046549454816262710e+02
4.047846356114567925e+02
4.049198907629574364e+02
4.050372703250462223e+02
4.052522141529329360e+02
4.054702362868631553e+02
4.056934637898033316e+02
4.059236979751478884e+02
4.061730394105996993e+02
4.064501934583644243e+02
4.067765021899505200e+02
4.071698192979415580e+02
4.076503651294183896e+02
4.082367695092442546e+02
4.089298689258273498e+02
4.097271226718394246e+02
4.106001285828348841e+02
4.115181259083685177e+02
4.124452163354450249e+02
4.133612371267511207e+02
4.142540101804676738e+02
4.151403126795919434e+02
4.160422080951611292e+02
4.169909243749618213e+02
4.180174838103112052e+02
4.191444066081130018e+02
4.203818596393347775e+02
4.216248043793924580e+02
4.229001810547932223e+02
4.242247318684734410e+02
4.255667950625827984e+02
4.268991366676987695e+02
4.281999441945033595e+02
4.294577487307659567e+02
4.306691851559448878e+02
4.318367337202374756e+02
4.329678087674791982e+02
4.340666888988524192e+02
4.351403171247002319e+02
4.361864162213580585e+02
4.372042858104273932e+02
4.381842929921054974e+02
4.391167539034923948e+02
4.399904692434124627e+02
4.407929922340697999e+02
4.415185693161650988e+02
4.421647452639171547e+02
4.427368731832802382e+02
4.432465177702529786e+02
4.437120187155122153e+02
4.441539617754481242e+02
4.445163383758092550e+02
4.449212968867615814e+02
4.453766595478944623e+02
4.459025453028859829e+02
4.465147885819920930e+02
4.472307290246242246e+02
4.480594138641928907e+02
4.490082705452205687e+02
4.500770275636137967e+02
4.512563821545234077e+02
4.525321230401460753e+02
4.538782685184451111e+02
4.552635814759391906e+02
4.566538203884474001e+02
4.580119778995020283e+02
4.593054308425699332e+02
4.605058112564122439e+02
4.615913159614971732e+02
4.625476817040388937e+02
4.633652135874488067e+02
4.640419649857941522e+02
4.645780499401801649e+02
4.649792488885721014e+02
4.652523793481974508e+02
4.652803369165810068e+02
4.651558938521654909e+02
4.649336752278955487e+02
4.646250825582612265e+02
4.642386276173579631e+02
4.637820728858648067e+02
4.632603468991064233e+02
4.626767092251322993e+02
4.620325713331199609e+02
4.613277455257311885e+02
4.605607954732470830e+02
4.597298351524413533e+02
4.588324271317317198e+02
4.578670801344246115e+02
4.568319683516568830e+02
4.557270511890922080e+02
4.545528787711849077e+02
4.533112603772405009e+02
4.520061895179913449e+02
4.506409860452914700e+02
4.492222276993899754e+02
4.477550894386949949e+02
4.462467855990394696e+02
4.447043494524557445e+02
4.431563554142480825e+02
4.415389945644398608e+02
4.399085985953634577e+02
4.382710786798335789e+02
4.366306888881922532e+02
4.349914020276742690e+02
4.333561286772646781e+02
4.317271575936925387e+02
4.301058128065528194e+02
4.284927657582847473e+02
4.268882327123250775e+02
4.252912472427905186e+02
4.237013150209478454e+02
4.221165064039405479e+02
4.205355421954242274e+02
4.189564389319327233e+02
4.173771679543341975e+02
4.157960926915403661e+02
4.142111203316088677e+02
4.126208317913137762e+02
4.110236217900463203e+02
4.094184780909502024e+02
4.078043766553146838e+02
4.061808770258490995e+02
4.046169130245547194e+02
4.029759246512261939e+02
4.013289932515320402e+02
3.996762491190169726e+02
3.980185307982337122e+02
3.963565641094023704e+02
3.946915189157620603e+02
3.930246531726472199e+02
3.913573024988389193e+02
3.896910996803245553e+02
3.880276301627835664e+02
3.863687038093650017e+02
3.847162179490401854e+02
3.830725305278107271e+02
3.814402026492593905e+02
3.798225981771204260e+02
3.782240475260589392e+02
3.766495690473140030e+02
3.751072499915067624e+02
3.736051363515047115e+02
3.721553169055668491e+02
3.707709025306749027e+02
3.694649052499628965e+02
3.682526766441563382e+02
3.671963328729253249e+02
3.663313937387091528e+02
3.656284758660816010e+02
3.650910838386913042e+02
3.647578030505512743e+02
3.647467404411661960e+02
3.653830312311362150e+02
3.671751733662774200e+02
3.705989727376086762e+02
3.752337101363800116e+02
3.798140232410819976e+02
3.837206541596590910e+02
3.877764932471401949e+02
3.930561189263265760e+02
3.999266074516442586e+02
4.074535424660011245e+02
4.147172947299228554e+02
4.221549623785720087e+02
4.303644019763795541e+02
4.394320354008714276e+02
4.486722421363908779e+02
4.574947674583053754e+02
4.657621430494631909e+02
4.734101359885442548e+02
4.799301837819801335e+02
4.850615091816034123e+02
4.887818284145541270e+02
4.912632604629979483e+02
4.928185006988476289e+02
4.937920005413117792e+02
4.944736479969886886e+02
4.950212342639385952e+02
4.955360299137481661e+02
4.960365717746777250e+02
4.965057083359150170e+02
4.969173909021297959e+02
4.972462228630723189e+02
4.974864301626590759e+02
4.976497956125583642e+02
4.977477079765351391e+02
4.978049533528100028e+02
4.978349865126876921e+02
4.978526253224423499e+02
4.978668351400208962e+02
4.978837850065013413e+02
4.979071530636808802e+02
4.979384426199710560e+02
4.979776615592246571e+02
4.977079377241071825e+02
4.973067291223852635e+02
4.969103754408698705e+02
4.965190489588371179e+02
4.961313561173407152e+02
4.957476889295523392e+02
4.953667715262355955e+02
4.949886995609520568e+02
4.946133722878934691e+02
4.942384507204488955e+02
4.938648401809474535e+02
4.934871732384153802e+02
4.931027392900339805e+02
4.927054799601992272e+02
4.922870337376406837e+02
4.918418992571463946e+02
4.913600950501698321e+02
4.908386941377318067e+02
4.902739067612151871e+02
4.896679721581210174e+02
4.890256055055859292e+02
4.883540171188888053e+02
4.876629907880475798e+02
4.869598712257101170e+02
4.861109092919173236e+02
4.851897816788808768e+02
4.842781996544031813e+02
4.833785718104006719e+02
4.824929085230003807e+02
4.816219950828001402e+02
4.807676094091802383e+02
4.799327450965560047e+02
4.791185766183484134e+02
4.783307765570552874e+02
4.775704921580257292e+02
4.768415464138604989e+02
4.761470992460882030e+02
4.754857943333192907e+02
4.748621677837321613e+02
4.742728774410192614e+02
4.737221549296202170e+02
4.732096210364272793e+02
4.727379991013731910e+02
4.723133459712029776e+02
4.719368248286691596e+02
4.716183665742047992e+02
4.713582778158961446e+02
4.711643396765251737e+02
4.710474237315203254e+02
4.709016093987180511e+02
4.708082616351847491e+02
4.707563483363431942e+02
4.707355491859816539e+02
4.707282311972517732e+02
4.707183799801074429e+02
4.706852793177832837e+02
4.706137121435947392e+02
4.704843688317531587e+02
4.702877389894662770e+02
4.700117892553804495e+02
4.696519210810017171e+02
4.692068907583939676e+02
4.686749107312538740e+02
4.680622998574869484e+02
4.673703324070260692e+02
4.666070622838452095e+02
4.657795368051277478e+02
4.648940500426375593e+02
4.639620668727174575e+02
4.629899647285328683e+02
4.619889264315390278e+02
4.609678829661937698e+02
4.598983769645851680e+02
4.587602595064619777e+02
4.576393245044915830e+02
4.565468550329841264e+02
4.554944821469892986e+02
4.544916401500123584e+02
4.535519595645407094e+02
4.526881142014976263e+02
4.519137678302705581e+02
4.512492922918863769e+02
4.507075937449674825e+02
4.503090388564758086e+02
4.500664258712263859e+02
4.499872958501346716e+02
4.500799924794534945e+02
4.503364785306233102e+02
4.507479588842239764e+02
4.513014400815893623e+02
4.519728702810791106e+02
4.527465097227701563e+02
4.535935544046030827e+02
4.544853618114020719e+02
4.553980001844660706e+02
4.562954860917839142e+02
4.571934144999621594e+02
4.580583629861471877e+02
4.588673582035551703e+02
4.596231375133643269e+02
4.603321707231019104e+02
4.610113027337014273e+02
4.616868451596129148e+02
4.623855983363750966e+02
4.631427750997273165e+02
4.639942758180130795e+02
4.649730057350853940e+02
4.661142400550768343e+02
4.674473363405654709e+02
4.690029598466347807e+02
4.708118857847653089e+02
4.729057589216199062e+02
4.753337431602267884e+02
4.781435089597244996e+02
4.814205989535772119e+02
4.853068046248354221e+02
4.899953358895558608e+02
4.958298026090080270e+02
5.029070435110312474e+02
5.110982696083553378e+02
5.201929099417519637e+02
5.296038113904605780e+02
5.390543507838677897e+02
5.484368578362494873e+02
5.574897223056367466e+02
5.659416178458271816e+02
5.736822613025833562e+02
5.806530107388520037e+02
5.869824163243604289e+02
5.927808860540159230e+02
5.983137479563444003e+02
6.037720163747999322e+02
6.093099587941147774e+02
6.149054123922200006e+02
6.203770094577942018e+02
6.254057975172956958e+02
6.296058614921776098e+02
6.327217033910924329e+02
6.346987302678735432e+02
6.356059757192163033e+02
6.356168571724402909e+02
6.348917129526884082e+02
6.335928096453911849e+02
6.318370033589576451e+02
6.298172265122278759e+02
6.276169612097382924e+02
6.252165810104032744e+02
6.226719980583307006e+02
6.200150546804621854e+02
6.172866757642781295e+02
6.145061485670973980e+02
6.116930045358839152e+02
6.088586434870223911e+02
6.060206333757698758e+02
6.032346684752304782e+02
6.006809109231103321e+02
5.990113163773679616e+02
5.998055344147992400e+02
6.059149520657052790e+02
6.155324723236574300e+02
6.218175287309547912e+02
6.236017150063074723e+02
6.241775756014217222e+02
6.258372128358358850e+02
6.290487270427155408e+02
6.329134105466119991e+02
6.358851154554571394e+02
6.372080421825679650e+02
6.366423670272307618e+02
6.347970619970608368e+02
6.322600729231545529e+02
6.294009372251244940e+02
6.264525842855337032e+02
6.235690411590055646e+02
6.208834534671307210e+02
6.185826250834460325e+02
6.169020375830057219e+02
6.163140181929504706e+02
6.169203933864180271e+02
6.179821650622380957e+02
6.182863873372142507e+02
6.173010039582813988e+02
6.151812775685910992e+02
6.124338518515245369e+02
6.094310120427012407e+02
6.064131730061056942e+02
6.035318111899124460e+02
6.008936193292881853e+02
5.985637251662191147e+02
5.965961503527767036e+02
5.949789638622376060e+02
5.935729909230190060e+02
5.921865405442005112e+02
5.909185087545674833e+02
5.898500964936234823e+02
5.889806023902659717e+02
5.883218215759571876e+02
5.878719568832200366e+02
5.876243664560462321e+02
5.875786244028973897e+02
5.877125957860715744e+02
5.880156373399969425e+02
5.884708527484770002e+02
5.890490539006876816e+02
5.897333266326784269e+02
5.904669144096279751e+02
5.911628255637908751e+02
5.917018544929694599e+02
5.919336876767617923e+02
5.917362566636611518e+02
5.910532723623603033e+02
5.898751923903249690e+02
5.882577298921352167e+02
5.862689648197663246e+02
5.839812376227235973e+02
5.814704692006238247e+02
5.787860620228588004e+02
5.760401238526461611e+02
5.732063814499970249e+02
5.703214532358418865e+02
5.674073148514733020e+02
5.644814219425577448e+02
5.615553985003231219e+02
5.586400893632400084e+02
5.557455238483609037e+02
5.528905517105401941e+02
5.500925053963736673e+02
5.473716288492014428e+02
5.447487040820167294e+02
5.422301345134096664e+02
5.398229084330497471e+02
5.375187891678831420e+02
5.353047289242913394e+02
5.331651812563765134e+02
5.310797129875883229e+02
5.290289589960393641e+02
5.270003822259535582e+02
5.249808846554849424e+02
5.229672849384974143e+02
5.209605443931745867e+02
5.190085766078001370e+02
5.170852218769335877e+02
5.151695621628671233e+02
5.132662837875640207e+02
5.113724882470903026e+02
5.094777910308978903e+02
5.075670798417135074e+02
5.056193544089263128e+02
5.036144514392085512e+02
5.015354502479979146e+02
4.993687416149739420e+02
4.971131418212142421e+02
4.947682774582270895e+02
4.923457231403690457e+02
4.898575480047964561e+02
4.873188542567066861e+02
4.847460881186407278e+02
4.821541805595384176e+02
4.795568397942959677e+02
4.769665970379827513e+02
4.743928252631237683e+02
4.718426113710875711e+02
4.693230832997423931e+02
4.668361244742234817e+02
4.643268882668444348e+02
4.617931970615922523e+02
4.593055401778922828e+02
4.568644694233448149e+02
4.544673877946137281e+02
4.521142323999727637e+02
4.498023946262875370e+02
4.475304266183002824e+02
4.452961806155605586e+02
4.430974087708353863e+02
4.409314784069716211e+02
4.387960168566951893e+02
4.366882427370763935e+02
4.346050824875490548e+02
4.325458626441091496e+02
4.305064035742600481e+02
4.284881241004973731e+02
4.264882208057827597e+02
4.245073598717096388e+02
4.225462278079080534e+02
4.206029498229540309e+02
4.186800014055041856e+02
4.167739031209869154e+02
4.148853561397096996e+02
4.130965744813607330e+02
4.113219932076872283e+02
4.095664774929001055e+02
4.078253034321558061e+02
4.060950333431097192e+02
4.043712535805910875e+02
4.026509936352040313e+02
4.009308540735769952e+02
3.992099520775877863e+02
3.974869143506718956e+02
3.957632846454475839e+02
3.940416872786724412e+02
3.923256385177396055e+02
3.906217307141738502e+02
3.889367598080368680e+02
3.872795039063936997e+02
3.856601146580171644e+02
3.840883082209841746e+02
3.825752251362837342e+02
3.811312195388329087e+02
3.797647772218891760e+02
3.784855651814635280e+02
3.773014649591261787e+02
3.762195738120715873e+02
3.753101600529717530e+02
3.746415008694205540e+02
3.740915767197131458e+02
3.736710499133596954e+02
3.733908158245934032e+02
3.732682174777442015e+02
3.733072416329234784e+02
3.735207897329663638e+02
3.739089908786824594e+02
3.744717909395714628e+02
3.752086802146429818e+02
3.761091931002752631e+02
3.771717888416195024e+02
3.783893113471693255e+02
3.797633607071127244e+02
3.812986507062412898e+02
3.829946105954381323e+02
3.848540801945816270e+02
3.868491640049679745e+02
3.889419799977933963e+02
3.910598662520975495e+02
3.931289192597711235e+02
3.950670587609168365e+02
3.968208681240346891e+02
3.982862047882262573e+02
3.993433599377839300e+02
4.001054863835865376e+02
4.005650588052175181e+02
4.007316585704065801e+02
4.006089004281542429e+02
4.002273861047955279e+02
3.996036342108293979e+02
3.987730308443835838e+02
3.977597380539563119e+02
3.965895097282822803e+02
3.952894927823528519e+02
3.938776086552375091e+02
3.923819650992812740e+02
3.908264805228540126e+02
3.892426034159362871e+02
3.876660243350909241e+02
3.861315045022645904e+02
3.846802458381483802e+02
3.833510627122860228e+02
3.821825862614460334e+02
3.812183874916873947e+02
3.804921030120319188e+02
3.800462178000489075e+02
3.800064472143767489e+02
3.802106065750697894e+02
3.807656973896388308e+02
3.816590093723251016e+02
3.828822525654810534e+02
3.843938930642378295e+02
3.861419297861686459e+02
3.880712457302969938e+02
3.901138267111981008e+02
3.922075928013725843e+02
3.943027334546363250e+02
3.963478923378447689e+02
3.983130228888331317e+02
4.001776074728867343e+02
4.019245207797271178e+02
4.035629754359300136e+02
4.050880910744234598e+02
4.065149733671163403e+02
4.078484516807572504e+02
4.090915332486811167e+02
4.102516274994208061e+02
4.113217083033195536e+02
4.123030090083374830e+02
4.131883469039857459e+02
4.140276606533035988e+02
4.146304124680375480e+02
4.151274415834239448e+02
4.155250131888560077e+02
4.158276145023698973e+02
4.160401995752629887e+02
4.161691782147501044e+02
4.162176448853676334e+02
4.161908987799636179e+02
4.160919104173872256e+02
4.159241365477607246e+02
4.156921921663112016e+02
4.153994053176461989e+02
4.150513342534528647e+02
4.146527139127987880e+02
4.142088678537612054e+02
4.137260743608389362e+02
4.132089577552987407e+02
4.126640106758513298e+02
4.120955559023364003e+02
4.115085396468307977e+02
4.109074139284863350e+02
4.102951128192165697e+02
4.096755683390311447e+02
4.090711903242742551e+02
4.082874541182712278e+02
4.075169568340401725e+02
4.067615881749214850e+02
4.060237565785851643e+02
4.053052360312593123e+02
4.046077034538087673e+02
4.039337010773691645e+02
4.032846553894634098e+02
4.026636040612498277e+02
4.020729354697998019e+02
4.015156964566782563e+02
4.009960870277495815e+02
4.005174320279011226e+02
4.000854625116452894e+02
3.997044464093456781e+02
3.993804752840139258e+02
3.991195124129126270e+02
3.989275390032507289e+02
3.988122297824011753e+02
3.987795640952969620e+02
3.988386253600012878e+02
3.989972483293991559e+02
3.992678036952440834e+02
3.997129259647941808e+02
4.002935397160160846e+02
4.010534229680035310e+02
4.020079821540868465e+02
4.031722964215035176e+02
4.045359041237416591e+02
4.060803863041660406e+02
4.077544058421426030e+02
4.094948718882934031e+02
4.112294741224118297e+02
4.128977457878851283e+02
4.144517507991433831e+02
4.158828364552842913e+02
4.171986485358534651e+02
4.184377418954728682e+02
4.196590995919755187e+02
4.209340799395457680e+02
4.223687029558934114e+02
4.240752508287450837e+02
4.262141477755121741e+02
4.289353803758279469e+02
4.324133157213638583e+02
4.367413172166359345e+02
4.419016086350935666e+02
4.477573735893004709e+02
4.541524514251828464e+02
4.607954162231984583e+02
4.674845666012369634e+02
4.739843342679304214e+02
4.800248769157989841e+02
4.853788968253898020e+02
4.898847125114810979e+02
4.935932009557375295e+02
4.966302436667941151e+02
4.991707675279644718e+02
5.014177484721452629e+02
5.034902114307212742e+02
5.055035732720302804e+02
5.074925281967205137e+02
5.094535986312660043e+02
5.113450903887307959e+02
5.131076971851126700e+02
5.146840773434672656e+02
5.160312518875801970e+02
5.171394769889473082e+02
5.180117865330810218e+02
5.186958740850524237e+02
5.192487001223182688e+02
5.196830131439669458e+02
5.201817436566586821e+02
5.209090729197591827e+02
5.220056190998329839e+02
5.236338968942831116e+02
5.259162713327426673e+02
5.288613645997543244e+02
5.323916330867040188e+02
5.362893175140540052e+02
5.403707816068904322e+02
5.445233795867143272e+02
5.487112606532390373e+02
5.529119709513977341e+02
5.570754268148679103e+02
5.610692854746221201e+02
5.647541417773676358e+02
5.679964107812342036e+02
5.706931129732021191e+02
5.728579630953942115e+02
5.744913604341993505e+02
5.756650399971632623e+02
5.764150473149910567e+02
5.767836850903917139e+02
5.768015796659909711e+02
5.763456244874068943e+02
5.756232124824331322e+02
5.746792045991114719e+02
5.735711149026323028e+02
5.723507538839319295e+02
5.710848528711096606e+02
5.698217400145837246e+02
5.686209349960535064e+02
5.675311308653559763e+02
5.665912835591908561e+02
5.658387567880075721e+02
5.652729960532711857e+02
5.648862343099206100e+02
5.646409649771004524e+02
5.645046868577833266e+02
5.644528286034785651e+02
5.644988865055523775e+02
5.646686957621251395e+02
5.650126780035792535e+02
5.655671167636278369e+02
5.663399901115816419e+02
5.673135300481031891e+02
5.684343106899158329e+02
5.696569244174743289e+02
5.708125578594579110e+02
5.720876285339779770e+02
5.734017336545668968e+02
5.747325640956765938e+02
5.760298054019751817e+02
5.772268618951952703e+02
5.782312793338427355e+02
5.789729029976381298e+02
5.794286749732001454e+02
5.796171314524025320e+02
5.796046310373726556e+02
5.794719386588311636e+02
5.792809562252762134e+02
5.790673177989544911e+02
5.788166867087644505e+02
5.784821984738260880e+02
5.779973302882006010e+02
5.773032461448256072e+02
5.763738969312086056e+02
5.752040396804111424e+02
5.738293833692739554e+02
5.722893419147907252e+02
5.706358534935060334e+02
5.689143690789651373e+02
5.672108520475584328e+02
5.655087152272323010e+02
5.638368040066110325e+02
5.622071806707568840e+02
5.606240576870353607e+02
5.590836297405246569e+02
5.575752850526109796e+02
5.560839505703697796e+02
5.545916217592747444e+02
5.530788685554525728e+02
5.515267476408147331e+02
5.499190670797280518e+02
5.482405242490226556e+02
5.464834524608161246e+02
5.446386835031137252e+02
5.427063048640417264e+02
5.406841833637198533e+02
5.385757695402998024e+02
5.363858382933133271e+02
5.341180937816203596e+02
5.317815778879661366e+02
5.293804267031603104e+02
5.269254504299299242e+02
5.244245540110011916e+02
5.218750323823461486e+02
5.192558292418054862e+02
5.166458043519761532e+02
5.140615612260953640e+02
5.115087183374621418e+02
5.089908395383860693e+02
5.064989689049775734e+02
5.040158138031029011e+02
5.015201825738456591e+02
4.989993494305305717e+02
4.964506657183717380e+02
4.938879369508454715e+02
4.913350783234106984e+02
4.888160782570247420e+02
4.863598734427082491e+02
4.839867999674659700e+02
4.817167485688804049e+02
4.795652919194414494e+02
4.775417369717421252e+02
4.756572009403994912e+02
4.739140635307621210e+02
4.723160376553351512e+02
4.708612980224341982e+02
4.695425597049568864e+02
4.684581841580480841e+02
4.673870631571390390e+02
4.664009753828203202e+02
4.654772654162429717e+02
4.645964327839643033e+02
4.637375868212860723e+02
4.628787328451071517e+02
4.620027176456018765e+02
4.610896945233129145e+02
4.601237327137897068e+02
4.590901461712160767e+02
4.579764575912706164e+02
4.567694819401225459e+02
4.554620150062712014e+02
4.540440590335880415e+02
4.525111073490172089e+02
4.508608084261960585e+02
4.490911410525318388e+02
4.472088267977558189e+02
4.452167603762192698e+02
4.431266222041314791e+02
4.409485649435706023e+02
4.386948459490080268e+02
4.363802062330337321e+02
4.340209687247386228e+02
4.314734044300229243e+02
4.289080835491953962e+02
4.263374440026577190e+02
4.237725029668845309e+02
4.212220635596875695e+02
4.186950574372840492e+02
4.161980907236304574e+02
4.137375560906508554e+02
4.113190471756091142e+02
4.089467053977664364e+02
4.066245611343500173e+02
4.043559322256000996e+02
4.021431234679078557e+02
3.999890726210402363e+02
3.978951137476730651e+02
3.958629869427130643e+02
3.938941150310356534e+02
3.919886629833922029e+02
3.901482908691466491e+02
3.883725076004478751e+02
3.866620634639781997e+02
3.850172811212178203e+02
3.834372955245498815e+02
3.819959907568195376e+02
3.807192549360765952e+02
3.795107928150774228e+02
3.783721126667267072e+02
3.773068479455432112e+02
3.763217635626672291e+02
3.754264706364825201e+02
3.746361159970325616e+02
3.739707556217818478e+02
3.734600329216202113e+02
3.731353323803004969e+02
3.730423745071960298e+02
3.732125712497118570e+02
3.736766896852079185e+02
3.744382849613217559e+02
3.754663914461642094e+02
3.767140928952897525e+02
3.781075786530099094e+02
3.795752707057418434e+02
3.810579799027825629e+02
3.824941548479616813e+02
3.838276647238301393e+02
3.850148303147630600e+02
3.860101876748111636e+02
3.868556048388398949e+02
3.876704275501406869e+02
3.882887003878871042e+02
3.887394531674150358e+02
3.890389083173326981e+02
3.892140330919102098e+02
3.892812049407102677e+02
3.892531306234347426e+02
3.891431866999083127e+02
3.889551605201961024e+02
3.886968285923019835e+02
3.883706563563410441e+02
3.879795309804817407e+02
3.875278028242283881e+02
3.870190487247585907e+02
3.864611138503215102e+02
3.858646909001383847e+02
3.852443226078243015e+02
3.846215696623681310e+02
3.840258581277828966e+02
3.834933327457628138e+02
3.830809612567470595e+02
3.828481093330597673e+02
3.828841733721394007e+02
3.833095354729044857e+02
3.842604886485823954e+02
3.857905418862305282e+02
3.879467612235611114e+02
3.907611047712293839e+02
3.941391347508626382e+02
3.979097691971034578e+02
4.018522096514561213e+02
4.057586751411976138e+02
4.094630617844316589e+02
4.129230163706466783e+02
4.161080405901196286e+02
4.190399056827845357e+02
4.217208265783701790e+02
4.241253005461020393e+02
4.262421329568866213e+02
4.280425675858525665e+02
4.295251378458719387e+02
4.307088683500599018e+02
4.316135339347919739e+02
4.322807903027896259e+02
4.327409881443121549e+02
4.330238900342490069e+02
4.331623931769247520e+02
4.330450704097065682e+02
4.327583622164519852e+02
4.323986816586900659e+02
4.319864691495017723e+02
4.315383891880501324e+02
4.310606509143203766e+02
4.305570462467458128e+02
4.300193762230659900e+02
4.294363832609306542e+02
4.287910208608308835e+02
4.280673967408792464e+02
4.272543119661217474e+02
4.263460312365380105e+02
4.253450286918457550e+02
4.242602025203825065e+02
4.231048315969121063e+02
4.218959427420226120e+02
4.206515020750719600e+02
4.193894117713047649e+02
4.181288261010821543e+02
4.168864639399830594e+02
4.156804440387440991e+02
4.145260729087835330e+02
4.134373614822188188e+02
4.124720985148156274e+02
4.115798814838178714e+02
4.107797750121557101e+02
4.100706567320107752e+02
4.094540576045710623e+02
4.089247508230940298e+02
4.084781882573182088e+02
4.081097971730634981e+02
4.078120858217438922e+02
4.075845447793694802e+02
4.074214947047461237e+02
4.073267198093811317e+02
4.073019418201674284e+02
4.073541273559347928e+02
4.074934077941765054e+02
4.077287723555216417e+02
4.080745864436125885e+02
4.085387909233862729e+02
4.091304892745961865e+02
4.098509671745767946e+02
4.106938900605476306e+02
4.116464535341895044e+02
4.126838381634089501e+02
4.137771749963270054e+02
4.148950403330185850e+02
4.158898878062735776e+02
4.168434787974800315e+02
4.177392254788511536e+02
4.185663355121884024e+02
4.193275208828478071e+02
4.200384584895497824e+02
4.207253852236622720e+02
4.214307042333294930e+02
4.222175222025089738e+02
4.231626038869284230e+02
4.243741537313701997e+02
4.259791182156313312e+02
4.281122013886625837e+02
4.309242033586918978e+02
4.344670793344296271e+02
4.386869196047086348e+02
4.433373905722926906e+02
4.480447339587184956e+02
4.524324211387739183e+02
4.563098460026128009e+02
4.596299488586149096e+02
4.625115959236183585e+02
4.651040413716283410e+02
4.674634530163962154e+02
4.696579303152727221e+02
4.719977920723263196e+02
4.745880378275730891e+02
4.775227264926643329e+02
4.808270693921416523e+02
4.844868345808038157e+02
4.884063495011092755e+02
4.924340434782720308e+02
4.963831279425101002e+02
5.000868222042652746e+02
5.034002890806048640e+02
5.062553837434803654e+02
5.086371662091240751e+02
5.105654539505053435e+02
5.121183871047667253e+02
5.133504643679619903e+02
5.143503492522246461e+02
5.151627329918134137e+02
5.158291265706214972e+02
5.163633053506955548e+02
5.167565282272987588e+02
5.169968373691940542e+02
5.170751183025439559e+02
5.168966812391354324e+02
5.164930098962878446e+02
5.159729706163020637e+02
5.153684958042668995e+02
5.147124306844599460e+02
5.140283187921639865e+02
5.133363878676917693e+02
5.126393947463687937e+02
5.119306928275568112e+02
5.111968345524394977e+02
5.104242470577158315e+02
5.096099257723465712e+02
5.087608151083010739e+02
5.078886819602133187e+02
5.070121496189084951e+02
5.061447002969572395e+02
5.052980849138739927e+02
5.044791586051227910e+02
5.036902982216901137e+02
5.029310511923347349e+02
5.021984483241847101e+02
5.014879389698843397e+02
5.007947802549169296e+02
5.001145743390082998e+02
4.994957831462729700e+02
4.988569184055714913e+02
4.982278645872887637e+02
4.976059968524173769e+02
4.969922518618031404e+02
4.963865987989643145e+02
4.957908697959661026e+02
4.952086070401646793e+02
4.946418594778460829e+02
4.940965274088166552e+02
4.935759826381983544e+02
4.930855250598522730e+02
4.926300086304324282e+02
4.922131426066338804e+02
4.918405378703905626e+02
4.915153354537456494e+02
4.912425649188332955e+02
4.910267217157683035e+02
4.908723001936421610e+02
4.907861670404145116e+02
4.907739318708765381e+02
4.908444212236627209e+02
4.910065100804265512e+02
4.912690764802000558e+02
4.915711207021861355e+02
4.919804282800097326e+02
4.925083993841540746e+02
4.931578798272835797e+02
4.939290206052817211e+02
4.948216199331318990e+02
4.958238671869152654e+02
4.969269760504766964e+02
4.981115316219682541e+02
4.993548931346886661e+02
5.006310335007760841e+02
5.019044413554645416e+02
5.031388162228547003e+02
5.042966804288317348e+02
5.053416194379967692e+02
5.062497026692067266e+02
5.070107217127721810e+02
5.076229788671724918e+02
5.081105216337215325e+02
5.084991502080005148e+02
5.088300822801393792e+02
5.091467568597628315e+02
5.094942796283684174e+02
5.099186700610962362e+02
5.103917822896890470e+02
5.110916041077262548e+02
5.119783899324097547e+02
5.130672088164621982e+02
5.143799852745459020e+02
5.159142224192349886e+02
5.176559348942981842e+02
5.195869166587295922e+02
5.216672686921663171e+02
5.238730328859004430e+02
5.261531204919429001e+02
5.284690209782903594e+02
5.307446447144875492e+02
5.329107825239499334e+02
5.348629633486442572e+02
5.365168092564763356e+02
5.377831047267364966e+02
5.386014981860192847e+02
5.389427023450551815e+02
5.387924836090837744e+02
5.381854544904634849e+02
5.371470219310656375e+02
5.357459803494959942e+02
5.340366898697731131e+02
5.320960855105822702e+02
5.301131095588658582e+02
5.280435260672771847e+02
5.259587158634524258e+02
5.238981907553448991e+02
5.218970662418113307e+02
5.199483168546356637e+02
5.180202170236398160e+02
5.160603048621793505e+02
5.140260090613514876e+02
5.118872827922157853e+02
5.096574819743736953e+02
5.073600392568627058e+02
5.050316731304882865e+02
5.027110673063067452e+02
5.004229446284156211e+02
4.981916889413387253e+02
4.960242238371841950e+02
4.939208797345265793e+02
4.918736548012685716e+02
4.898692070960837555e+02
4.879013624159051687e+02
4.859694948286083900e+02
4.840821272941118423e+02
4.824495954993226974e+02
4.809785479303770330e+02
4.795971353621278013e+02
4.783073140884266650e+02
4.771128469294200158e+02
4.760206995625382547e+02
4.750332811738811074e+02
4.741588841406428401e+02
4.733989905039422865e+02
4.727572878872584283e+02
4.722345552130731221e+02
4.718268274998049492e+02
4.715318021387275280e+02
4.713395826894640095e+02
4.712418050361956716e+02
4.712268761955633067e+02
4.712816910085753648e+02
4.713955108304674582e+02
4.715562299277228249e+02
4.717562332779558005e+02
4.719897856350314669e+02
4.722553444199705268e+02
4.725558039165977107e+02
4.728965024175117264e+02
4.733455128277630592e+02
4.738638735921545617e+02
4.744420115746509055e+02
4.750874464184710746e+02
4.758067515814036028e+02
4.766009516432280861e+02
4.774612838350851121e+02
4.783756090387606719e+02
4.793195473471873242e+02
4.802676046137198114e+02
4.811865848177992575e+02
4.820487291212792798e+02
4.828212698133795016e+02
4.834868303124235354e+02
4.840246558044306653e+02
4.844265220269050474e+02
4.846898671344132481e+02
4.848089438160203599e+02
4.847916867137291206e+02
4.846348826762015278e+02
4.843470970475766535e+02
4.839291281264544864e+02
4.833864690767167076e+02
4.827246387351614203e+02
4.819380480701183274e+02
4.811307818404471845e+02
4.802090518770420431e+02
4.791853975232758103e+02
4.780653775659490634e+02
4.768616733941237271e+02
4.755817714729582235e+02
4.742352425253141632e+02
4.728314944214217235e+02
4.713757966240239625e+02
4.698774040204815492e+02
4.683390277108421174e+02
4.667669431411417236e+02
4.651634430605557782e+02
4.635313400064896996e+02
4.618734554241215164e+02
4.601909146594476283e+02
4.584876200391033194e+02
4.567652804833268760e+02
4.550283443138607140e+02
4.532800030776061249e+02
4.515247625028632115e+02
4.497675595556663666e+02
4.480124176812070118e+02
4.462394111506897616e+02
4.444963793274646946e+02
4.427737168924343791e+02
4.410745065119197079e+02
4.394009887344664662e+02
4.377553632074751135e+02
4.361376201750634891e+02
4.345480827143127271e+02
4.329859109403913067e+02
4.314502393733416739e+02
4.299397137551291053e+02
4.284530910314096559e+02
4.269887162560238494e+02
4.255451627473160556e+02
4.241218365434899624e+02
4.227164135220041885e+02
4.213290876233502331e+02
4.199573124407743308e+02
4.186005123703998265e+02
4.172578641385903779e+02
4.159266954262807303e+02
4.146071869818244409e+02
4.132959376816231725e+02
4.119920375657432032e+02
4.106589892406221338e+02
4.094669424170000411e+02
4.082710005165237135e+02
4.070688309333263533e+02
4.058604648222946025e+02
4.046465018185671170e+02
4.034280814068879977e+02
4.022099522739067652e+02
4.009972963971938498e+02
3.998012686005864111e+02
3.986357215639517335e+02
3.975204343386607775e+02
3.964825735472103361e+02
3.955472445789147855e+02
3.947512944781847750e+02
3.941092794526206262e+02
3.936297925383433949e+02
3.932905480142645160e+02
3.930386926144092854e+02
3.928041382384092230e+02
3.925152372426833267e+02
3.921164451587548001e+02
3.915911549782559860e+02
3.909514484681691897e+02
3.901892514205464977e+02
3.894793362279579014e+02
3.887935358870906271e+02
3.881990745268788601e+02
3.877554924924469333e+02
3.875352946346694125e+02
3.875898958053275578e+02
3.879843763983816984e+02
3.887548211008871135e+02
3.899111191684054916e+02
3.914294225715058246e+02
3.932058931067275012e+02
3.950964384422616718e+02
3.969177647518355343e+02
3.985080585199901861e+02
3.997493729101859685e+02
4.006084965475816944e+02
4.010804693039983135e+02
4.012230580823292598e+02
4.010821562170359016e+02
4.007264400659457237e+02
4.002136089814283082e+02
3.995945423854284400e+02
3.989243024896554175e+02
3.983798725608743894e+02
3.982498389462921864e+02
3.981524498921927488e+02
3.980939115352167619e+02
3.980778325845828931e+02
3.980869091736996097e+02
3.981028276347316819e+02
3.981038455995514482e+02
3.980745499676766030e+02
3.980036939144530947e+02
3.978965386026637248e+02
3.977575717986736663e+02
3.976008081748264544e+02
3.974379991897561695e+02
3.972811881226412538e+02
3.971408555027262537e+02
3.970257321240226815e+02
3.969432379644889579e+02
3.969012766519196589e+02
3.969095524916123168e+02
3.969833065580155562e+02
3.971517361613388175e+02
3.974573932490725383e+02
3.979902287895164363e+02
3.990117712848390852e+02
4.005448644047027642e+02
4.028923459016903621e+02
4.062297419271266108e+02
4.106037227856329537e+02
4.156284988164636047e+02
4.206709256776401844e+02
4.250906437197545529e+02
4.285996886110560240e+02
4.312014233382114412e+02
4.331709200905376065e+02
4.347389333435270373e+02
4.361508740882081838e+02
4.375899200938249010e+02
4.392707824521918951e+02
4.414147524251854406e+02
4.443328888989313441e+02
4.484504512701750514e+02
4.541381438447804726e+02
4.616282773833350461e+02
4.700752743013608779e+02
4.778020431174589930e+02
4.835264658383015330e+02
4.874033352271815716e+02
4.901536531487556090e+02
4.930539006449185990e+02
4.966865578069784988e+02
5.009674193109771636e+02
5.049024666188779520e+02
5.074975152034534176e+02
5.087120372416828218e+02
5.089213079742185641e+02
5.085604680079038644e+02
5.078972213416117825e+02
5.070654931326283759e+02
5.061483072220298709e+02
5.051846500782386329e+02
5.042036176128278271e+02
5.032261118818093450e+02
5.022675184731716627e+02
5.013443450679279749e+02
5.004782530081791379e+02
4.997124521232711345e+02
4.991424004478458869e+02
4.990210947049316133e+02
4.997421164108208131e+02
5.016968967873968950e+02
5.040819253809140719e+02
5.053371420130617935e+02
5.050321306691845393e+02
5.039310323065153057e+02
5.025736760638603187e+02
5.012475940339459157e+02
5.000515338549925559e+02
4.990302438258828488e+02
4.981897792430360141e+02
4.975183983977511843e+02
4.969885916641941321e+02
4.965596751029507914e+02
4.961879481392793423e+02
4.958295834807968276e+02
4.954509424090658740e+02
4.950220175623385330e+02
4.945302901803166264e+02
4.939631410886281060e+02
4.933204690925972500e+02
4.926041404454289818e+02
4.918173359969563876e+02
4.909703609225209107e+02
4.900687207395013729e+02
4.891263840849210283e+02
4.881553287611294536e+02
4.871978549378829371e+02
4.862376727253192144e+02
4.853053158642049425e+02
4.844257348779906920e+02
4.836170793123849876e+02
4.828903533535129213e+02
4.822492606538521045e+02
4.816815802921191789e+02
4.811704016532214041e+02
4.806897481523582769e+02
4.802203800213112572e+02
4.797402348818304745e+02
4.792461048045693701e+02
4.787349827887354650e+02
4.782227474739768809e+02
4.777385053859538289e+02
4.773347464635183997e+02
4.771149932521226447e+02
4.772216900442060705e+02
4.779045838267982163e+02
4.793377317816059531e+02
4.815756186944022375e+02
4.842208898275367801e+02
4.866070330161141442e+02
4.881802754816729930e+02
4.888119679751400781e+02
4.886244665065857475e+02
4.879101017942128351e+02
4.868660943014629652e+02
4.856319842862249629e+02
4.842930672362039672e+02
4.828974706184689580e+02
4.814770955263675773e+02
4.800525631613770656e+02
4.786375841016602521e+02
4.772427345936826555e+02
4.758766992008892771e+02
4.745438710301921219e+02
4.732493123553772989e+02
4.719933172225021849e+02
4.707765560353919341e+02
4.695967880512688453e+02
4.684508465861684954e+02
4.673355034563334698e+02
4.662460645408862092e+02
4.651801634712384157e+02
4.641339406200681310e+02
4.631070081099629192e+02
4.621458429479308165e+02
4.611706321126559942e+02
4.602201267631717201e+02
4.592950120517317032e+02
4.583971694653255327e+02
4.575277968273687179e+02
4.566880154350539556e+02
4.558790049859741202e+02
4.551002154402491442e+02
4.543511884640916492e+02
4.536300210157006063e+02
4.529339908170859417e+02
4.522600672884585720e+02
4.516042595559471238e+02
4.509629950770824962e+02
4.503323494826362321e+02
4.497095052754154381e+02
4.490910106021209458e+02
4.484754560867438613e+02
4.478607699609736414e+02
4.472460266190597054e+02
4.466306791038772985e+02
4.460138283637400605e+02
4.453956661495264484e+02
4.447127489909649398e+02
4.441385023009002566e+02
4.435719653044695292e+02
4.430029695179583769e+02
4.424274251869040313e+02
4.418454708844905099e+02
4.412602490215085140e+02
4.406788464720871161e+02
4.401126102719205733e+02
4.395752647531588195e+02
4.390905429815272214e+02
4.386808839111259886e+02
4.383749000892630079e+02
4.381947776093422249e+02
4.381360004746616141e+02
4.381710899906834698e+02
4.382229218865890061e+02
4.382073517934857705e+02
4.380607100835425740e+02
4.377699349073014332e+02
4.373646892274961147e+02
4.369253726088892336e+02
4.365410254943509472e+02
4.363338425021893272e+02
4.364050801142446403e+02
4.370845465717995353e+02
4.382165589844146325e+02
4.397110178612279583e+02
4.413257448524536812e+02
4.427635504333650260e+02
4.437787451388570616e+02
4.442834204106906100e+02
4.442981490019440685e+02
4.439021687025531264e+02
4.431992895077181629e+02
4.422904548337870096e+02
4.412705820905861742e+02
4.402291961009996157e+02
4.392621620407485352e+02
4.384588934547951453e+02
4.379264325296870197e+02
4.377514244089482531e+02
4.379905920482260626e+02
4.386534314149967599e+02
4.396667606552881580e+02
4.409196772896979155e+02
4.423108304483579332e+02
4.437520612408170564e+02
4.452424611947142239e+02
4.467429509732920110e+02
4.481657206704028908e+02
4.494848750403107829e+02
4.506790949295890982e+02
4.517271928470504463e+02
4.526459657562754728e+02
4.534580165794374125e+02
4.542166364499017845e+02
4.549688234197315637e+02
4.557435318160287920e+02
4.565707682711706639e+02
4.574532429057950935e+02
4.584195037026696014e+02
4.594614582000790506e+02
4.604961466298629489e+02
4.613666426481670442e+02
4.618815150261340818e+02
4.619267233931952319e+02
4.615035889227112875e+02
4.607041280204939540e+02
4.596330235855467663e+02
4.584141821963426082e+02
4.571268019134527663e+02
4.556993319906478632e+02
4.542533376159248064e+02
4.528900744289784939e+02
4.516298082989474096e+02
4.504865935718113974e+02
4.494679745881102235e+02
4.485818823580257231e+02
4.478342370269369894e+02
4.472332879643485626e+02
4.467933207446590700e+02
4.465175922789948686e+02
4.464184904107054308e+02
4.464839010302506495e+02
4.466991621784329141e+02
4.470286691686350196e+02
4.474230301832688497e+02
4.478284998386521920e+02
4.481895845356892210e+02
4.484548525492722320e+02
4.485877200037168677e+02
4.485628065961550988e+02
4.483633298339488533e+02
4.479946245430548970e+02
4.474568966138878636e+02
4.466522623742215501e+02
4.456543969704678148e+02
4.445512501339870823e+02
4.433618493788539467e+02
4.421000127445357180e+02
4.407853038339167142e+02
4.394331454842675839e+02
4.380650841579870871e+02
4.367008869871596062e+02
4.353674067000591776e+02
4.340887028564477532e+02
4.328900315761443380e+02
4.317931640840117780e+02
4.308014124902779827e+02
4.299101098130641390e+02
4.290793680579897682e+02
4.282559813059348244e+02
4.273730688464325453e+02
4.263718847261868063e+02
4.252013435489682252e+02
4.238496076981049328e+02
4.223107541443392847e+02
4.206044765269652430e+02
4.187546407818120997e+02
4.166852346300545946e+02
4.145994234171868129e+02
4.124792093506957826e+02
4.103322658756339365e+02
4.081638729602307762e+02
4.059808138255270933e+02
4.037911172068322685e+02
4.016027525281462545e+02
3.994232876953593632e+02
3.972607002716693501e+02
3.951218130829093980e+02
3.930138204347933311e+02
3.909442006456869194e+02
3.889198260283080799e+02
3.869491667755079902e+02
3.850402321387236952e+02
3.832032294007752853e+02
3.814488248519501212e+02
3.797909410228428442e+02
3.782418306487797395e+02
3.768130967754327685e+02
3.755081717775718744e+02
3.743169371751131393e+02
3.732124376653080162e+02
3.721117937935401301e+02
3.709412496137191511e+02
3.697404984795946916e+02
3.684919738059980432e+02
3.671929991200829022e+02
3.658555761039756931e+02
3.644881234097096581e+02
3.631091865356643780e+02
3.617290250433594565e+02
3.603599857057820941e+02
3.590110604935125025e+02
3.576892671527384664e+02
3.564018262673433810e+02
3.551529556218747530e+02
3.539485038610710035e+02
3.527913674269112789e+02
3.516863691465060811e+02
3.506364319487210537e+02
3.496455388808698217e+02
3.487179326131380321e+02
3.478568148974817973e+02
3.470683572962698236e+02
3.463559887985193768e+02
3.457276382268705106e+02
3.451626975718958192e+02
3.446049262705356000e+02
3.441469312153989222e+02
3.437886509985332850e+02
3.435332870583160911e+02
3.433729887308163597e+02
3.433007072369143771e+02
3.433024714957370520e+02
3.433607304144666159e+02
3.434580450403193481e+02
3.435766607291429864e+02
3.437010856059336561e+02
3.438218448714020496e+02
3.439320845267041591e+02
3.440293415636029408e+02
3.441161079353411196e+02
3.441928551403560732e+02
3.442669281866211008e+02
3.443421560866133291e+02
3.444245026448371618e+02
3.445208466368274003e+02
3.446343248758958566e+02
3.447723389344160410e+02
3.449357758514112788e+02
3.450953813465188205e+02
3.452103963764618015e+02
3.453486751561585493e+02
3.455061042975971759e+02
3.456734737142016343e+02
3.458447475648730460e+02
3.460173719741029572e+02
3.461940805264025585e+02
3.463841474616237974e+02
3.466086781516331143e+02
3.468906018414954815e+02
3.472708861093357200e+02
3.477887329374185015e+02
3.484946221022127588e+02
3.494445760239988203e+02
3.506761132531759131e+02
3.522361235185161377e+02
3.541352466137880128e+02
3.563702221344359486e+02
3.589264010504667226e+02
3.617440954862335616e+02
3.647598471130366420e+02
3.678878563147029013e+02
3.710362382278810855e+02
3.741237509810832194e+02
3.771238217649644184e+02
3.800138928926722315e+02
3.828222772908011393e+02
3.855625022736724077e+02
3.882674176412960492e+02
3.909592933446636493e+02
3.936660599503961748e+02
3.964229721778213502e+02
3.992630425048612892e+02
4.022301131698159224e+02
4.053499061245549342e+02
4.086498828324372994e+02
4.121217813541499027e+02
4.157297532682238739e+02
4.194079821184475350e+02
4.230528714789717242e+02
4.265535292387168624e+02
4.298193732036348820e+02
4.327843250953827123e+02
4.354278132503495158e+02
4.377676938959984909e+02
4.398269717986186151e+02
4.416578813820141249e+02
4.430627566207209611e+02
4.441138438162187185e+02
4.449917819779182082e+02
4.457193615110557516e+02
4.463141380550033546e+02
4.468006442060955692e+02
4.471992528164026908e+02
4.475365985245859974e+02
4.478371521572656775e+02
4.481201568345931605e+02
4.484056970557999193e+02
4.487006312449294683e+02
4.490105590441817185e+02
4.493299210489138318e+02
4.496491775552448757e+02
4.499503543506499454e+02
4.502150230002789044e+02
4.504204014151611659e+02
4.505458373514053392e+02
4.505718227784679470e+02
4.504785373432878259e+02
4.502510970926913956e+02
4.498774240765272907e+02
4.493519221913484216e+02
4.487248615862605448e+02
4.478628837937983462e+02
4.468574420914461598e+02
4.457271688518220003e+02
4.444845192094690560e+02
4.431475946524739697e+02
4.417356912788313252e+02
4.402625899448050859e+02
4.387492583467861778e+02
4.372095859420363695e+02
4.356596115007685626e+02
4.341139771447475937e+02
4.325847816609604592e+02
4.310838098863551409e+02
4.296220735665521602e+02
4.282062615030575330e+02
4.268444985834038903e+02
4.255407610307405548e+02
4.242954704949107168e+02
4.231112456450584887e+02
4.219823113028929811e+02
4.209080093647731360e+02
4.198848698988548449e+02
4.189139560074526685e+02
4.180689052401291406e+02
4.170585238390526683e+02
4.161269039826931930e+02
4.152914830746003645e+02
4.145797455731333230e+02
4.140063365770986366e+02
4.135894396896636067e+02
4.133305867501738931e+02
4.132196365008559269e+02
4.132431403871169664e+02
4.133765656805952631e+02
4.136082567353295758e+02
4.139310167384956003e+02
4.143506925102877858e+02
4.148786717649480238e+02
4.155242394363151561e+02
4.162927739406959518e+02
4.171838772740824766e+02
4.181820749030254092e+02
4.192708747046818303e+02
4.204138024712608512e+02
4.215695933618198978e+02
4.226978152437856693e+02
4.237498240062828927e+02
4.248045307220095879e+02
4.254908314202166935e+02
4.260815131036379739e+02
4.265906085178725675e+02
4.270399185921783101e+02
4.274659596525136180e+02
4.279053817931318804e+02
4.283900662862068884e+02
4.289455751211501138e+02
4.295864079831484332e+02
4.303184108779119583e+02
4.311562918237087274e+02
4.320905126222426134e+02
4.331224093360480083e+02
4.342100759612440015e+02
4.352908005385207844e+02
4.362820011536965126e+02
4.371083486457839058e+02
4.377215458778911739e+02
4.381133810325224545e+02
4.383022587401682699e+02
4.383237563452597669e+02
4.382223851435725805e+02
4.380373489524804427e+02
4.378364413581313670e+02
4.373012029825275135e+02
4.367901137817926838e+02
4.363122249321168624e+02
4.358771721468052078e+02
4.354846525157934138e+02
4.351399321884210849e+02
4.348474077326565634e+02
4.346087340735681437e+02
4.344336207495118174e+02
4.343208624307690684e+02
4.342781469577334974e+02
4.343073023207969641e+02
4.344127619619267193e+02
4.346000791605715676e+02
4.348760155368270262e+02
4.352527783721013179e+02
4.357410213681611140e+02
4.363654798915059700e+02
4.371410081746684000e+02
4.380940877593723144e+02
4.392318464093148691e+02
4.405459044463547684e+02
4.420084644774445337e+02
4.433995723622368814e+02
4.444242768049490451e+02
4.454411380208686637e+02
4.464347045011174373e+02
4.473977755451515463e+02
4.483569469913602461e+02
4.493339366334407146e+02
4.503464966934618587e+02
4.513815530836328094e+02
4.523992812810361102e+02
4.533506554454588695e+02
4.541843160392007803e+02
4.548790734741479582e+02
4.554385766987762736e+02
4.558934553919984864e+02
4.562902765827730605e+02
4.566815103252016570e+02
4.571124577948852448e+02
4.576163551713122501e+02
4.582068879340899343e+02
4.588775528178917966e+02
4.596007779129063806e+02
4.603409861967809888e+02
4.610572524761660134e+02
4.617328096076362272e+02
4.619426630231778290e+02
4.620888677570192158e+02
4.621899271223159644e+02
4.622761216568374039e+02
4.623801423944719318e+02
4.625297167866804102e+02
4.627498699695333926e+02
4.630498332721978727e+02
4.634306601171605280e+02
4.638709057365859962e+02
4.643427533007543957e+02
4.647969671973917229e+02
4.651934463873081427e+02
4.654860917218817917e+02
4.656500502020720660e+02
4.656806849665163668e+02
4.655875524046530813e+02
4.654199175234248287e+02
4.652220158799378282e+02
4.650608664194342055e+02
4.649803076050068853e+02
4.649969876454040332e+02
4.650928716467272466e+02
4.651632917267819494e+02
4.651047069394893470e+02
4.649807315064447266e+02
4.647978072704805186e+02
4.645676101316665267e+02
4.643331579535812921e+02
4.641072570555984385e+02
4.639077111261417485e+02
4.637282074265029905e+02
4.635519183051024470e+02
4.633567273833153877e+02
4.631136872133650968e+02
4.627972721114578576e+02
4.623882430213190560e+02
4.618723138333355109e+02
4.612455673540060275e+02
4.605118155388645960e+02
4.596791028540405932e+02
4.587633297848022949e+02
4.577794239809167607e+02
4.567472842324389717e+02
4.556864110846316862e+02
4.546153566222755558e+02
4.535583884309488667e+02
4.525814452019811256e+02
4.516323415270087480e+02
4.507739086443286283e+02
4.500308850437769479e+02
4.494358160975579040e+02
4.489929268629323929e+02
4.487024384224135360e+02
4.485275878857654561e+02
4.484123397317955551e+02
4.482924402170243638e+02
4.481161811901614556e+02
4.478494741810464461e+02
4.474948916228640883e+02
4.470659607139900231e+02
4.465880801442475558e+02
4.460910692035189982e+02
4.455937726641519134e+02
4.451176686746579207e+02
4.446715751978549065e+02
4.442598718339789912e+02
4.438826175671712235e+02
4.435333195475249681e+02
4.432053160310023259e+02
4.428879404731952150e+02
4.426128925136829366e+02
4.423801853753698765e+02
4.421355366169909189e+02
4.418733769607910631e+02
4.415861369318960783e+02
4.412708267764237462e+02
4.409253970266159399e+02
4.405505047789244486e+02
4.401491121960062287e+02
4.397267337196907988e+02
4.392898455723565689e+02
4.388477440458420915e+02
4.384098370864688832e+02
4.379854713720603741e+02
4.375846418246435405e+02
4.372143123541032423e+02
4.368813653415095359e+02
4.365899376831072800e+02
4.363408954598508558e+02
4.361345750077143180e+02
4.359670151626560823e+02
4.358327778922645734e+02
4.357262119605421731e+02
4.356363732207914268e+02
4.356437151592287478e+02
4.359333190523887538e+02
4.362432560019596508e+02
4.365699695911473555e+02
4.368994546805791970e+02
4.372190168539140132e+02
4.375088438757618974e+02
4.377524641049516276e+02
4.379374798408849756e+02
4.380557855972534185e+02
4.381059148628214643e+02
4.380927596269072524e+02
4.380256658761999233e+02
4.379201116027433045e+02
4.377979916221883059e+02
4.376814278261999220e+02
4.376028834148748388e+02
4.375908497805666570e+02
4.376791290814596778e+02
4.379016135265145522e+02
4.382822288224798513e+02
4.388490396505635545e+02
4.396105016402487422e+02
4.405721991381430485e+02
4.416799246893151576e+02
4.431617999438352626e+02
4.447480927350815136e+02
4.463960090186380967e+02
4.480557298339597310e+02
4.496699201006991302e+02
4.511811846226679563e+02
4.525252621574737759e+02
4.536561293208803818e+02
4.545256530327633868e+02
4.551119875263269705e+02
4.553960151324203594e+02
4.553779092398370381e+02
4.550665503963836045e+02
4.544744203069857917e+02
4.536253448408040185e+02
4.525399772981475621e+02
4.512447165995448586e+02
4.497640480186549894e+02
4.481212962233445296e+02
4.463399390664991984e+02
4.444388980891721417e+02
4.424369702047627015e+02
4.403503063509019171e+02
4.380805301642017184e+02
4.356806547143068542e+02
4.332322082271867316e+02
4.307455959374020722e+02
4.282298887345871208e+02
4.256922469291226321e+02
4.231401202589561308e+02
4.205790208762199427e+02
4.180147016249363787e+02
4.154521606776419844e+02
4.128957348285346711e+02
4.103502209735903534e+02
4.078192660456023191e+02
4.053071800933897748e+02
4.028176952583132220e+02
4.003544691366033703e+02
3.979209552999051880e+02
3.955194001943813760e+02
3.931517200178778921e+02
3.908176353804539644e+02
3.885153636239019761e+02
3.862404512684576048e+02
3.839871839438478105e+02
3.817504684305069418e+02
3.795951045852407901e+02
3.775201965786326355e+02
3.755288398793394435e+02
3.736279317145799723e+02
3.718266187214572938e+02
3.701356748503779954e+02
3.685667720169252561e+02
3.671395378891342034e+02
3.658743883627276432e+02
3.648087323389281096e+02
3.639897184728805541e+02
3.634978873279895879e+02
3.634449512642291893e+02
3.639951887100795034e+02
3.653616307529990195e+02
3.677370004791636688e+02
3.712399280586423629e+02
3.757741879437971306e+02
3.810605751660919509e+02
3.868368448499539909e+02
3.927575167286656779e+02
3.984950573452803724e+02
4.037290945599364704e+02
4.082817356346799329e+02
4.123009232044065584e+02
4.160624583271775805e+02
4.195714889206709017e+02
4.229260897579998755e+02
4.260833418032348732e+02
4.289133918763611177e+02
4.313140786564117661e+02
4.332347314764132875e+02
4.347381682590045102e+02
4.359310696588926817e+02
4.369163864691088293e+02
4.377980604887769687e+02
4.386327127378297632e+02
4.394617767290253596e+02
4.402997214067499385e+02
4.411472307598793918e+02
4.419963952263499891e+02
4.428349811763233106e+02
4.436485822665690648e+02
4.444196534964509055e+02
4.451352693008153665e+02
4.457882805929194205e+02
4.463754254623647171e+02
4.469143792032735405e+02
4.474034411793555819e+02
4.478669444924473169e+02
4.483731408209934557e+02
4.489519720044450537e+02
4.496359310529948061e+02
4.504367892769268451e+02
4.513448971890758230e+02
4.523372843791345872e+02
4.533702371753115585e+02
4.544040285041252218e+02
4.554072492233583489e+02
4.563703375616794915e+02
4.572982389089018511e+02
4.582188989301625952e+02
4.591666486493144816e+02
4.601763238244803915e+02
4.612816287676200204e+02
4.625026535399611589e+02
4.638469349174916374e+02
4.653098482431835237e+02
4.668757356674904031e+02
4.685362018655688985e+02
4.702844306129239271e+02
4.721437928705034892e+02
4.740176231165502259e+02
4.758776025944858361e+02
4.779050880539191439e+02
4.800995743988426625e+02
4.824408651724368724e+02
4.848643324863260773e+02
4.873028908887422972e+02
4.896630148389705255e+02
4.918805860630163806e+02
4.938835320613906674e+02
4.956537322519580471e+02
4.971669694472494712e+02
4.989170297209963678e+02
4.998359194747180823e+02
5.005605652898652806e+02
5.011159848419694072e+02
5.014983712845444188e+02
5.017095458904326506e+02
5.017383707373581387e+02
5.015724915285849761e+02
5.012050752068766428e+02
5.006363314961033097e+02
4.998719099156949142e+02
4.989253420346055918e+02
4.976617592004037647e+02
4.961582110228950455e+02
4.945337546972943983e+02
4.928055773048034780e+02
4.909814157632674778e+02
4.890798625099719743e+02
4.871079258925371391e+02
4.850784990063545479e+02
4.830023089563833878e+02
4.808838052142597235e+02
4.787337596862341798e+02
4.765530768069361329e+02
4.743506297516548784e+02
4.721304603360211445e+02
4.699044765760860969e+02
4.676834571309685771e+02
4.654897559265672271e+02
4.633440326752169085e+02
4.612762372118002077e+02
4.593183877342286792e+02
4.574973787566227088e+02
4.558487980446830079e+02
4.543861373800957608e+02
4.531273814342463311e+02
4.520528503436275969e+02
4.511944874032297434e+02
4.504999585562063658e+02
4.499271280205904873e+02
4.494374255639810940e+02
4.489857655592084598e+02
4.485341297301415011e+02
4.480558223611594713e+02
4.475360158323958899e+02
4.469732345453861058e+02
4.463790350774284548e+02
4.457718640916815502e+02
4.451745093278149739e+02
4.446060943066831896e+02
4.440800844129915390e+02
4.435991233642163820e+02
4.431526863187721688e+02
4.427216969025373032e+02
4.422744980797661469e+02
4.417745691996226469e+02
4.411886945326899649e+02
4.404791730221713806e+02
4.396241167296216759e+02
4.386049869819715923e+02
4.373901135817405930e+02
4.360320128446857098e+02
4.345183578864263723e+02
4.328692467662320951e+02
4.311015200558168203e+02
4.292336024920919613e+02
4.272864864830050351e+02
4.252746195557421061e+02
4.232146619715976499e+02
4.211175968951598065e+02
4.189929525042915657e+02
4.168481486559162477e+02
4.146871981960288736e+02
4.125136891361182165e+02
4.103285742330523362e+02
4.081331536151669752e+02
4.059265773000556123e+02
4.037096905931454103e+02
4.014820403763201853e+02
3.992442884933897744e+02
3.969977747242918440e+02
3.947430630953478499e+02
3.924834377716815084e+02
3.902203129744326588e+02
3.879258017428640528e+02
3.856590520889623122e+02
3.834114936945188106e+02
3.811866626777787701e+02
3.789864155108077739e+02
3.768144634698135746e+02
3.746728070266942723e+02
3.725648028644137639e+02
3.704929172514977722e+02
3.684599656067133537e+02
3.664691344261316885e+02
3.645226459163147297e+02
3.626242403339294924e+02
3.607759357114117051e+02
3.589815882673723877e+02
3.572437759156789525e+02
3.555654950469021287e+02
3.539502139949414641e+02
3.523997161816603807e+02
3.509181131230480446e+02
3.495064917618246341e+02
3.481684222830977546e+02
3.469055442822392479e+02
3.457195371167821349e+02
3.446624894639966783e+02
3.436931514679496331e+02
3.428140800234389758e+02
3.420232761694755936e+02
3.413216608107801449e+02
3.407082864181292621e+02
3.401806911159559945e+02
3.397388240683854974e+02
3.393775815910782399e+02
3.390953936133183788e+02
3.388867726309765658e+02
3.387464456689471035e+02
3.386691672416950496e+02
3.386465230114786209e+02
3.386722665980615261e+02
3.387371347477396739e+02
3.388328654977034375e+02
3.389507665798527114e+02
3.390815237804355888e+02
3.392167333333171086e+02
3.393480322795155075e+02
3.394673940046428129e+02
3.395681105743684043e+02
3.396437482155298540e+02
3.397313136177220940e+02
3.398063261649601827e+02
3.398417977236446745e+02
3.398360703814346948e+02
3.397874214162264366e+02
3.396952537005512340e+02
3.395603322069787851e+02
3.393828699540035245e+02
3.391650622423429695e+02
3.389083239058792856e+02
3.386150631657086478e+02
3.382879725968051616e+02
3.379293605883915461e+02
3.375424395742120964e+02
3.371296608688484184e+02
3.366939383554643541e+02
3.362379992661137749e+02
3.357643187423217341e+02
3.352755855925015567e+02
3.347739946032700686e+02
3.342618230849191718e+02
3.337411622775015871e+02
3.332138306337706126e+02
3.326817296894089395e+02
3.321834369245092375e+02
3.317016333407437969e+02
3.312203248173537986e+02
3.307405020771254271e+02
3.302632464869448654e+02
3.297893563088163660e+02
3.293196177366572215e+02
3.288547661460090694e+02
3.283953364203507022e+02
3.279420068210988006e+02
3.274951824834774925e+02
3.270553386717792819e+02
3.266229023304948669e+02
3.261981211269014125e+02
3.257814381106220480e+02
3.253729724834087165e+02
3.249730212332425481e+02
3.245817274434502337e+02
3.241991360745551560e+02
3.238254609501992149e+02
3.234605545475404256e+02
3.231045491790130768e+02
3.227573036598396357e+02
3.224187332989686183e+02
3.221004561192729057e+02
3.217873712503275101e+02
3.214821872088481314e+02
3.211845810275170265e+02
3.208944010664641269e+02
3.206115165149334416e+02
3.203356271728171691e+02
3.200667817273750870e+02
3.198046952432628132e+02
3.195494055857616331e+02
3.193008524360748197e+02
3.190589322075383052e+02
3.188238132826566016e+02
3.185953178101582353e+02
3.183736090510288932e+02
3.181586103952559483e+02
3.179502552242641400e+02
3.177486091971891256e+02
3.175533889504446279e+02
3.173645830215199339e+02
3.171818649007606155e+02
3.170049856528437999e+02
3.168337608990751733e+02
3.166678301510333995e+02
3.164985722925005120e+02
3.163204729607944046e+02
3.161479629644329066e+02
3.159849275898239398e+02
3.158381456130697416e+02
3.157237106569909315e+02
3.156704238330318617e+02
3.157301823354248427e+02
3.160003109952089630e+02
3.165975125555403338e+02
3.176805564273694813e+02
3.192448961321408092e+02
3.210633005533043161e+02
3.226878454967428524e+02
3.238100889675824874e+02
3.243791232127218223e+02
3.246062658215167858e+02
3.246686997007831792e+02
3.247197091955134169e+02
3.248320754389179115e+02
3.250315021437460814e+02
3.253062627002151430e+02
3.256205161759332896e+02
3.259351859224935879e+02
3.261921245948216779e+02
3.263722516321188323e+02
3.265797761568098849e+02
3.268934445543447964e+02
3.274332528009824159e+02
3.283576995662974127e+02
3.298468009569745618e+02
3.320435081346188895e+02
3.350525152163324378e+02
3.390428186550697660e+02
3.442330741386583668e+02
3.506821734534231041e+02
3.580917837661564818e+02
3.656536730399664066e+02
3.726616210670557052e+02
3.790057825905810205e+02
3.851991536465426975e+02
3.920689703571279097e+02
3.998841058408453932e+02
4.082283758168892405e+02
4.161029801886746213e+02
4.226195243014112748e+02
4.271663431935725157e+02
4.297254895159748571e+02
4.304201796762203571e+02
4.299051839251372371e+02
4.286504556487902846e+02
4.270330850940947585e+02
4.252756906511711463e+02
4.235214839707275587e+02
4.218369280519506219e+02
4.202023892463026300e+02
4.185469153403639098e+02
4.168033380309367999e+02
4.149488721064258812e+02
4.130310537143914758e+02
4.111153701101270030e+02
4.092521135923985867e+02
4.074753115996330735e+02
4.057745288562896349e+02
4.041235103291870132e+02
4.024771403904097156e+02
4.007904740118601126e+02
3.990262079092682939e+02
3.971701015833080533e+02
3.952109370695300186e+02
3.931650573069362622e+02
3.910437713334432601e+02
3.888891575399437102e+02
3.866307260820778424e+02
3.843465547528494426e+02
3.820541670190446553e+02
3.797628365699123947e+02
3.774830676627157118e+02
3.752219262741467674e+02
3.729851663143402902e+02
3.707781804737045945e+02
3.686045221493508848e+02
3.664680350999628331e+02
3.643713230513405961e+02
3.623172346647712629e+02
3.603076325352838012e+02
3.583451459497372866e+02
3.564311873095260239e+02
3.545680143684928112e+02
3.527572762637519759e+02
3.510003734117493082e+02
3.492997068184478167e+02
3.476559872356381788e+02
3.460716578385277558e+02
3.445478292131758735e+02
3.430857418407697423e+02
3.416558563477527173e+02
3.407282554715328615e+02
3.398616339474318693e+02
3.390514228739386340e+02
3.382952113971947483e+02
3.375907820759259721e+02
3.369340656563039147e+02
3.363239873932641331e+02
3.357559294978975686e+02
3.352277732657777278e+02
3.347368145713762715e+02
3.342804296209108657e+02
3.338585173874583347e+02
3.334707333735290717e+02
3.331200753757708526e+02
3.328114126354447535e+02
3.325517222635605208e+02
3.323531563348751092e+02
3.322279724866807555e+02
3.321947043846582801e+02
3.322720345569933897e+02
3.324809642987954135e+02
3.328448463340191097e+02
3.333782756889646066e+02
3.340388905087816624e+02
3.352431394080677478e+02
3.366203365897129629e+02
3.381505433113022150e+02
3.398120365597858950e+02
3.415880708532282597e+02
3.434582239999834314e+02
3.454244808288416380e+02
3.474693464890094106e+02
3.495875388707270304e+02
3.517543538329314856e+02
3.539426695754667662e+02
3.561232864304874965e+02
3.582867208031501605e+02
3.604367692835645585e+02
3.626236037472065732e+02
3.649013151288893368e+02
3.673316926812798329e+02
3.699494473085046593e+02
3.727009002801881365e+02
3.754836351966418988e+02
3.781571197439195657e+02
3.806247668574927161e+02
3.828882555787888009e+02
3.850475360383946395e+02
3.874880019533363793e+02
3.899192620157278384e+02
3.923417018962418297e+02
3.947378644273553050e+02
3.970433174119539217e+02
3.991575924786134806e+02
4.009886671896405801e+02
4.024718142552250697e+02
4.035928210816346109e+02
4.043993812015994536e+02
4.049396236848638182e+02
4.052896390651005731e+02
4.055040310892113666e+02
4.056385046680056803e+02
4.057415590797180016e+02
4.058622952248546198e+02
4.060607950769709191e+02
4.063994939536240167e+02
4.069688134371556885e+02
4.078376539837308314e+02
4.090622542300394002e+02
4.106200960427170230e+02
4.123816481417517252e+02
4.142143112962163514e+02
4.160859994161049258e+02
4.176610901426892610e+02
4.189364559812917719e+02
4.199774666072245850e+02
4.208474669666594536e+02
4.216198191805256101e+02
4.223178261787138013e+02
4.229567839216189782e+02
4.235458059271327329e+02
4.240932478810076418e+02
4.246190675549445359e+02
4.251526963429947159e+02
4.257195144708442740e+02
4.263542985174452724e+02
4.270800930227539425e+02
4.279229989699909993e+02
4.289018684872351628e+02
4.300280069227620174e+02
4.313168441472650443e+02
4.327647586083590454e+02
4.343659503593733007e+02
4.360993853977158210e+02
4.379201266738043046e+02
4.399136637735655881e+02
4.416256600331446407e+02
4.432440393516403105e+02
4.447361140989970636e+02
4.460947196381259232e+02
4.473404998784014310e+02
4.485125748159348404e+02
4.496634427429307834e+02
4.508352578109992805e+02
4.520644012504586158e+02
4.533614976165277426e+02
4.547082277107363097e+02
4.560616497179688622e+02
4.573609697873692994e+02
4.585422710285911876e+02
4.595634974411802318e+02
4.604089787947564218e+02
4.610837438121583318e+02
4.616362994232071060e+02
4.621084601248257968e+02
4.625720931645004157e+02
4.630781300911667699e+02
4.636559972376042538e+02
4.642992750530319199e+02
4.646836879065992321e+02
4.651269242706261480e+02
4.654598854355423327e+02
4.656603841824270944e+02
4.657314749529971323e+02
4.656964127968012690e+02
4.655747377252535557e+02
4.653915551709993679e+02
4.651643303041980744e+02
4.649084253199841896e+02
4.646337743826218798e+02
4.643481178441801376e+02
4.640542762216226151e+02
4.637536236834580450e+02
4.634455842195715718e+02
4.631269917884594634e+02
4.627998701089870224e+02
4.624634938624192841e+02
4.621264567086716966e+02
4.617992605101928802e+02
4.614965531185628720e+02
4.612400149419774493e+02
4.610448048069996503e+02
4.609311995624653946e+02
4.607888614076160820e+02
4.607903236565741736e+02
4.608822906483350721e+02
4.610585802041591137e+02
4.613103055968242074e+02
4.616361762307174672e+02
4.620239281714853519e+02
4.624628759720789049e+02
4.629323196274964971e+02
4.633968071281863672e+02
4.638233721718164020e+02
4.641693279371029917e+02
4.644018331738806751e+02
4.644988004504735386e+02
4.644461460063827190e+02
4.642458085973584616e+02
4.639042377685014458e+02
4.634325288897768473e+02
4.628467044559562851e+02
4.621591874270549170e+02
4.613875202871365673e+02
4.605446746324677179e+02
4.596449112005311122e+02
4.587017568156842344e+02
4.576030025987104182e+02
4.565712430363430485e+02
4.555327596754293609e+02
4.545016406630216466e+02
4.534981809935632100e+02
4.525440591288548831e+02
4.516719225500945640e+02
4.509251923047347077e+02
4.503602653464195669e+02
4.500637366217422368e+02
4.501112441563450375e+02
4.505950847298749409e+02
4.515062935399103026e+02
4.527521516407438753e+02
4.541310952200955171e+02
4.554512252789895115e+02
4.565821496894623692e+02
4.575337937401205863e+02
4.583405395488618979e+02
4.590560918723185182e+02
4.597152873362771288e+02
4.603446397496538225e+02
4.609718999803712904e+02
4.616174638637324961e+02
4.623139395914228089e+02
4.632640474233337500e+02
4.642077355699240684e+02
4.650736883586624799e+02
4.657805684859233679e+02
4.662881743654130560e+02
4.665647434165173877e+02
4.666147906399588692e+02
4.664496537851643438e+02
4.660813722906822250e+02
4.655292463556381790e+02
4.648030293394910473e+02
4.639177056305458677e+02
4.628859644924653480e+02
4.617197164605792068e+02
4.604336434971614267e+02
4.590391646323511736e+02
4.575500816171490897e+02
4.559788898459491406e+02
4.543366138209623841e+02
4.526343787367624714e+02
4.508820692047098646e+02
4.490880154150631824e+02
4.472614999493731602e+02
4.452245575090362308e+02
4.433630429429757669e+02
4.414844222018923574e+02
4.395935387089530764e+02
4.376978215078503922e+02
4.358039094058429441e+02
4.339206530550438856e+02
4.320607639917193410e+02
4.302361466442636129e+02
4.284673643355106947e+02
4.267767969300381310e+02
4.251919395868020501e+02
4.237519002143399121e+02
4.224829052521711787e+02
4.214208141711804956e+02
4.205665416371887204e+02
4.198989235273168674e+02
4.193582424084797822e+02
4.188576577336053788e+02
4.183071551182757162e+02
4.176477754388288304e+02
4.168597924142245574e+02
4.159624073406254752e+02
4.150118877811104312e+02
4.138655704315586377e+02
4.127768039168865357e+02
4.117841973805286671e+02
4.108903823083671227e+02
4.100722374641024430e+02
4.092679638539463554e+02
4.084084885120949480e+02
4.074211084362384554e+02
4.062744256217371799e+02
4.049540829505039596e+02
4.034761407935709485e+02
4.018724937970988549e+02
4.001717679687169493e+02
3.984116609712263539e+02
3.966169573460239235e+02
3.948113106979987492e+02
3.930119078083788509e+02
3.912313650944461756e+02
3.894789295335393149e+02
3.877613461186252835e+02
3.860827041116628493e+02
3.844459817495360312e+02
3.828535955229589831e+02
3.813057980451819162e+02
3.796693654059307050e+02
3.780322741971987170e+02
3.764550316261332341e+02
3.749401352684328685e+02
3.734865679017102025e+02
3.720983794957957116e+02
3.707741005726895764e+02
3.695156264014062799e+02
3.683245840335311527e+02
3.672055467833592388e+02
3.661738873967344716e+02
3.652792559493062186e+02
3.646442470734484118e+02
3.646263970173125699e+02
3.660582027802693688e+02
3.702892014407050283e+02
3.779982405460925747e+02
3.871690791483063094e+02
3.961508619566399148e+02
4.043759244325065652e+02
4.104010456982520054e+02
4.136949460087277544e+02
4.154142564557910760e+02
4.168195126104500332e+02
4.189577750588441631e+02
4.226016659522894088e+02
4.278779725340720006e+02
4.330623334031147920e+02
4.365486980728922504e+02
4.382517823100968712e+02
4.388645546785157308e+02
4.389780807604094548e+02
4.389423739733563252e+02
4.389196234374749110e+02
4.390097659034385060e+02
4.392902347096418225e+02
4.398659316357735634e+02
4.408545496534368908e+02
4.424854606134246069e+02
4.450167382924686308e+02
4.486824294165506899e+02
4.534263400660491357e+02
4.586506130156448648e+02
4.635796469930676835e+02
4.678657745393183518e+02
4.716021998711970582e+02
4.750513219232149140e+02
4.783201927271304612e+02
4.810525051141227664e+02
4.834133016693423315e+02
4.853671113691801793e+02
4.869595162740992009e+02
4.882913897914698396e+02
4.894399492904093449e+02
4.904776085256263514e+02
4.914457673660811565e+02
4.923655532624811144e+02
4.932455460301735570e+02
4.940858129298911763e+02
4.948747715459580832e+02
4.956013326516767847e+02
4.962484020031362206e+02
4.967992512558831777e+02
4.972432390119003003e+02
4.975723091046537547e+02
4.977923059503051491e+02
4.979288637381692979e+02
4.980339349338349848e+02
4.982261494551343617e+02
4.987176410206977266e+02
4.997951644144533816e+02
5.017759586143795900e+02
5.043181790610263988e+02
5.069281339858310957e+02
5.090361021704111408e+02
5.106125027165016945e+02
5.119662113457118835e+02
5.133298578499652649e+02
5.145911831123468119e+02
5.156735217194722054e+02
5.167977270556410758e+02
5.185004673737507801e+02
5.208504958929769373e+02
5.232087949439156773e+02
5.245376594011321458e+02
5.244094404280623394e+02
5.230235036765205905e+02
5.208785147611686170e+02
5.183237989935810219e+02
5.150297694692314963e+02
5.113518026898429412e+02
5.094212642983883370e+02
5.083174532156054397e+02
5.082857325066191265e+02
5.093447606245931070e+02
5.112570287482603817e+02
5.136991913529700469e+02
5.168335359170071115e+02
5.206736303191637489e+02
5.244324542842341543e+02
5.272741440044152341e+02
5.282519357061382834e+02
5.271325630504692299e+02
5.241836160946655809e+02
5.201465618703767859e+02
5.155082456385176783e+02
5.105988562310973862e+02
5.055930824812658102e+02
5.005790232257129446e+02
4.956041998311379757e+02
4.906928912630378363e+02
4.858581053428456471e+02
4.811063398179177284e+02
4.764434357418863328e+02
4.718697874062694382e+02
4.673880317829753608e+02
4.629970857820518404e+02
4.586949363786638401e+02
4.544790910094329774e+02
4.503428984385012086e+02
4.462305155816879960e+02
4.420571323157074630e+02
4.379565184899665269e+02
4.339212558268945372e+02
4.299480718071748129e+02
4.260355900663052466e+02
4.221840850251822417e+02
4.183988496667662957e+02
4.146827912144016750e+02
4.110446751958435243e+02
4.074903743768126105e+02
4.040281989813628911e+02
4.006669577079141504e+02
3.974142356803007488e+02
3.942812467244702361e+02
3.912761865423418044e+02
3.884117807932272513e+02
3.856989029825745661e+02
3.831501974900676828e+02
3.807806423907951512e+02
3.786010791839935905e+02
3.766288171016100819e+02
3.748743522540615913e+02
3.733509421389203453e+02
3.721168497360562810e+02
3.711823259934192833e+02
3.705170018155395155e+02
3.701165006673241464e+02
3.699807378327588481e+02
3.701038349186032406e+02
3.704645862306176696e+02
3.710481995290760437e+02
3.718172665419260738e+02
3.727356733828268034e+02
3.737607520178162304e+02
3.748432705052653660e+02
3.759413351123976668e+02
3.770158347157280900e+02
3.780331310027845575e+02
3.789749172340050336e+02
3.798252678862320408e+02
3.805778407793610540e+02
3.812338923380406754e+02
3.817919926857858286e+02
3.822597728283506626e+02
3.826384694648604068e+02
3.829336027766551638e+02
3.831487406244265799e+02
3.832074874337130268e+02
3.832352030714785656e+02
3.831803187565249118e+02
3.830483365721146356e+02
3.828439556163439761e+02
3.825708382509332068e+02
3.822358919925008536e+02
3.818426161169131205e+02
3.813978016631038486e+02
3.809060204059650232e+02
3.803723003322016893e+02
3.798022691122811239e+02
3.791992297625631636e+02
3.785686956334783986e+02
3.779133017384855862e+02
3.772369928037141449e+02
3.765424366470093105e+02
3.758317360499934239e+02
3.751075222437482353e+02
3.743711780593989715e+02
3.736245557068083372e+02
3.728694108924473198e+02
3.721068623586903641e+02
3.713390228099795536e+02
3.705264060637302350e+02
3.697286395687758045e+02
3.689352353275746736e+02
3.681479638841498172e+02
3.673696227589271075e+02
3.666025140981079744e+02
3.658495706012679989e+02
3.651139223967802536e+02
3.643985542555483903e+02
3.637070788545712503e+02
3.630427607246561479e+02
3.624088465859210260e+02
3.618086063858169723e+02
3.612447315433519748e+02
3.607198559955324413e+02
3.602362091814438827e+02
3.597953342983892071e+02
3.593986435824690489e+02
3.590464339116369388e+02
3.587391767206736972e+02
3.584762210681732881e+02
3.582572026658196478e+02
3.580808692814866845e+02
3.579459237989119629e+02
3.579283032744836532e+02
3.579828177159874940e+02
3.580707220187342159e+02
3.581889310389550474e+02
3.583361291973962466e+02
3.585102556336755697e+02
3.587108537168110161e+02
3.589383422646441772e+02
3.591938619582982142e+02
3.594817659335643043e+02
3.598062880070542064e+02
3.601766500481567732e+02
3.606025957865251144e+02
3.610979991474396797e+02
3.616803392448202885e+02
3.623661505948959416e+02
3.631784870601103421e+02
3.641328110640870932e+02
3.652458571543526205e+02
3.665257309615226404e+02
3.679673862392205024e+02
3.695601743920449280e+02
3.712754433634981410e+02
3.730749235366472476e+02
3.748858519998268548e+02
3.767368310167948948e+02
3.785221983868167968e+02
3.801995429250578695e+02
3.817276538121631120e+02
3.830860654858915950e+02
3.842567183339479016e+02
3.852327588711010549e+02
3.860228735257996391e+02
3.866325316149423656e+02
3.870818969718252447e+02
3.873894301132050941e+02
3.875736888284494057e+02
3.876584392128772834e+02
3.876600185167844757e+02
3.875969596362792799e+02
3.874841857249318764e+02
3.873314219357181400e+02
3.871489503030636570e+02
3.869404061507162851e+02
3.867081299257583851e+02
3.864510916903502107e+02
3.861641583672184765e+02
3.858421419713116052e+02
3.854430251118953947e+02
3.850043066324946608e+02
3.845206118430770061e+02
3.839865983202654434e+02
3.833967616878246645e+02
3.827465237217358549e+02
3.820336355206605958e+02
3.812550702963400227e+02
3.804119814043448855e+02
3.795040069833569873e+02
3.785341363241733461e+02
3.775053467663482820e+02
3.764209925940324979e+02
3.752865969824837293e+02
3.741057345876326963e+02
3.728846260714060463e+02
3.716274164096933532e+02
3.703394164438723237e+02
3.690253796126653469e+02
3.676894182990598665e+02
3.663361043907243015e+02
3.649688800674263121e+02
3.635915117849206126e+02
3.622070367515217981e+02
3.608250555256204848e+02
3.594510112088178744e+02
3.580859336772066968e+02
3.567319028391974598e+02
3.553913094886490285e+02
3.540662471785685170e+02
3.527584743891263770e+02
3.514703623174917198e+02
3.502030626382236846e+02
3.489589414104041225e+02
3.477391863502198817e+02
3.465453492937322721e+02
3.453791477660745954e+02
3.442410947047574723e+02
3.431331584938609467e+02
3.420554094505749845e+02
3.410091737426569694e+02
3.399948761190938171e+02
3.390125399026654236e+02
3.380630404610278674e+02
3.371454824943449466e+02
3.362603681707640249e+02
3.354067627880102123e+02
3.345839979883139677e+02
3.338140494328720251e+02
3.330770628449297988e+02
3.323659418444590301e+02
3.316783708407202766e+02
3.310125705754323917e+02
3.303665380727614433e+02
3.297377557697140560e+02
3.291243322755863687e+02
3.285236969820600734e+02
3.279336707051190274e+02
3.273520622929750061e+02
3.267765571845441173e+02
3.262052532690170210e+02
3.256361628976969769e+02
3.250675524471455446e+02
3.244980247262167268e+02
3.239262453244870130e+02
3.233513657225709039e+02
3.227730387555327525e+02
3.221913396168403665e+02
3.216078275557364918e+02
3.210256783706133774e+02
3.204513119956710057e+02
3.198988811443440454e+02
3.193970629325868913e+02
3.189760045621948734e+02
3.187219741981703578e+02
3.187552181413636845e+02
3.192509097303839098e+02
3.203350018741057852e+02
3.220482853236607070e+02
3.241929208847182053e+02
3.265294095322410612e+02
3.289312322054145170e+02
3.313355166846580460e+02
3.336329698154385142e+02
3.356798272068681968e+02
3.373817538693720621e+02
3.387780428864134592e+02
3.400506693712331412e+02
3.414205307091289114e+02
3.431784256898563399e+02
3.455716701050567963e+02
3.486372973392898302e+02
3.521025879350364676e+02
3.554239143183446004e+02
3.581959243749944903e+02
3.603767523823391912e+02
3.620855914427096991e+02
3.640297762653028713e+02
3.661189657889795512e+02
3.686056830502017192e+02
3.717677643382172050e+02
3.759962953840800992e+02
3.816467719336851019e+02
3.890977582332099587e+02
3.983502772636752525e+02
4.090141676209379398e+02
4.203707349602110526e+02
4.317713974022700540e+02
4.427371144362505220e+02
4.529076756189589332e+02
4.619318403505367314e+02
4.694616278948645913e+02
4.752127688025292400e+02
4.791461930964861153e+02
4.815846110257479609e+02
4.828468120812335087e+02
4.833104921586041200e+02
4.832551525306533335e+02
4.829201781824842783e+02
4.824785962110931337e+02
4.822053945728782764e+02
4.821797715285848085e+02
4.822738131615588486e+02
4.825075041654103529e+02
4.828788406656960319e+02
4.833689338675105773e+02
4.839441327125558132e+02
4.845778257968185585e+02
4.852659819117487245e+02
4.860205059148429427e+02
4.868725602097215415e+02
4.878437603559468698e+02
4.889338538718480436e+02
4.901163175473055276e+02
4.913366914836601609e+02
4.925311275654991618e+02
4.936562858361227200e+02
4.946808040586668653e+02
4.956108781744745784e+02
4.964705153975377243e+02
4.972853805953876076e+02
4.981040582913839216e+02
4.989533948379914250e+02
4.998673440615960430e+02
5.008384728536712487e+02
5.018885612543626280e+02
5.029983702535745351e+02
5.041358420267202973e+02
5.052664408272550531e+02
5.063545101391383128e+02
5.073730126838573256e+02
5.083019775453723241e+02
5.091410659408234096e+02
5.098859784753832969e+02
5.105468775564663133e+02
5.111246501141810086e+02
5.116201377350507755e+02
5.120340161889065485e+02
5.123648332838935175e+02
5.126231896226369145e+02
5.128234151307527782e+02
5.129992886557715792e+02
5.132050892635409127e+02
5.135312868919353377e+02
5.141485140652354175e+02
5.153184227182023278e+02
5.175004193843113853e+02
5.209032979249647042e+02
5.251240505587659300e+02
5.288560828994824305e+02
5.314268297564888144e+02
5.329858932255008312e+02
5.340777480718896868e+02
5.350194919459045195e+02
5.359759219460660233e+02
5.369837904902936998e+02
5.380191892370969526e+02
5.390314277647837571e+02
5.399537032456811403e+02
5.407337904733593632e+02
5.413267508902894178e+02
5.417160402646769626e+02
5.419080160921835159e+02
5.419263320857149893e+02
5.418119941724173714e+02
5.416141192508475797e+02
5.413914779856764881e+02
5.412086470097151505e+02
5.411411347197786199e+02
5.412591373860120711e+02
5.416262126455527550e+02
5.422783307855719386e+02
5.432360492084254702e+02
5.445397093745151551e+02
5.461054406277851285e+02
5.479326897171165456e+02
5.500480127658875062e+02
5.524539460952713625e+02
5.551258100014041474e+02
5.580139845191591803e+02
5.610615648128429029e+02
5.642435571390469704e+02
5.675745767705171829e+02
5.710745395089691101e+02
5.747528721845337714e+02
5.785462013296801160e+02
5.823350029031987560e+02
5.859283534945446945e+02
5.891460502220143098e+02
5.918281610740586984e+02
5.939153047167645809e+02
5.953978275757945084e+02
5.963545254217758611e+02
5.968662687683785180e+02
5.970328136237932313e+02
5.969305905973670860e+02
5.966003140327455867e+02
5.963690219441040199e+02
5.959877883513632923e+02
5.954809282104658905e+02
5.948732114458312026e+02
5.942111292584988860e+02
5.935451309435435405e+02
5.929116729909885635e+02
5.923461547127872109e+02
5.918325308296009553e+02
5.913327305105528922e+02
5.907666210874804165e+02
5.900613677459533619e+02
5.891671146260432579e+02
5.880848408174549604e+02
5.868624679654665215e+02
5.855908292615383743e+02
5.843937554211524912e+02
5.833902289572591826e+02
5.827076090241894235e+02
5.824283583021750701e+02
5.826068347713771800e+02
5.832347351621278904e+02
5.842556644109760100e+02
5.854830625012209566e+02
5.867142778417903628e+02
5.877160509370773980e+02
5.883201867823323710e+02
5.885006830815038938e+02
5.883736557042789173e+02
5.881247017988066546e+02
5.879242748871046160e+02
5.878157651186945714e+02
5.877215032413096196e+02
5.874746429222174129e+02
5.869452223985822457e+02
5.861004626973265204e+02
5.850405814248281331e+02
5.838886905296112673e+02
5.828176681274997009e+02
5.819367803419091842e+02
5.813357297596060107e+02
5.810190106854738588e+02
5.809677850414651630e+02
5.811123752743600335e+02
5.813856362814369731e+02
5.816853033599086302e+02
5.819079246090964261e+02
5.817870025983685309e+02
5.807208197758659480e+02
5.792969663316399647e+02
5.774904591391095892e+02
5.753265101637466614e+02
5.728540973380042942e+02
5.701430092198045259e+02
5.672618305170695976e+02
5.642647530668220952e+02
5.611957590524675652e+02
5.580871894607884087e+02
5.549581167317669497e+02
5.518328469214361576e+02
5.487265384939342994e+02
5.456601893098539904e+02
5.426529072744777977e+02
5.397198230151402640e+02
5.368778596748929886e+02
5.341350500193768767e+02
5.315016009854844015e+02
5.289812014295506515e+02
5.265800767511574350e+02
5.243027479789928975e+02
5.221553953012104330e+02
5.200982367202037722e+02
5.180300954908021822e+02
5.161275577601630857e+02
5.143983239213298475e+02
5.128466642895477889e+02
5.114672993332644069e+02
5.102284071411851301e+02
5.090905436974531426e+02
5.079975585347686433e+02
5.068918948584741884e+02
5.057226354316142647e+02
5.044549255885173693e+02
5.030576012640780732e+02
5.015305380072965136e+02
4.998740825300417328e+02
4.981032021229127054e+02
4.962488971546709990e+02
4.943291182447709957e+02
4.923837872381863576e+02
4.904372108391453935e+02
4.885124140175927892e+02
4.866324482961559852e+02
4.848015699125860465e+02
4.830305807713913282e+02
4.812709528910760355e+02
4.796980084578660239e+02
4.782005267612020702e+02
4.767804397821433326e+02
4.754389793547923659e+02
4.741767996851159523e+02
4.729904229848253294e+02
4.718749798738546701e+02
4.708211360911566885e+02
4.698179951403692485e+02
4.688566805488047180e+02
4.679246172523989458e+02
4.670166529924904921e+02
4.661239542248325733e+02
4.652441735922578232e+02
4.643744579955309177e+02
4.635125151283568812e+02
4.626588403964840950e+02
4.618123794852466517e+02
4.609730466011127987e+02
4.601441289320645183e+02
4.593294407663832999e+02
4.585386429487327860e+02
4.577872728922909005e+02
4.569965643419731123e+02
4.563362707066070811e+02
4.557318969000166362e+02
4.551735519145462945e+02
4.546312862221253113e+02
4.540650277395960757e+02
4.534345299550948880e+02
4.527169671511709907e+02
4.519039246708171049e+02
4.509994150546029346e+02
4.500174180472712351e+02
4.489661789816507849e+02
4.478565085715466694e+02
4.466911235781595337e+02
4.454699248833846923e+02
4.441918495198723917e+02
4.428536543729276218e+02
4.414539823240683631e+02
4.399916574233365054e+02
4.384671819186678476e+02
4.368834992237154893e+02
4.352428297702913937e+02
4.335502938972225024e+02
4.318106513716658128e+02
4.298968972887164455e+02
4.276725407186286247e+02
4.254745243476578480e+02
4.233208989195741765e+02
4.212205828226573772e+02
4.191752553261960657e+02
4.171793988838559244e+02
4.152294522357025244e+02
4.133241668191822669e+02
4.114719465222566441e+02
4.096856019189534663e+02
4.079837548248867165e+02
4.063897335876612829e+02
4.049260867882823618e+02
4.036242395737680226e+02
4.025080870379547378e+02
4.016117879417335530e+02
4.009666509089536248e+02
4.006001236111860635e+02
4.005534960068507644e+02
4.008443698213525863e+02
4.015017358813743726e+02
4.025653586631243002e+02
4.040511016841801393e+02
4.058480852157722438e+02
4.077264643634668460e+02
4.095188727690936048e+02
4.108445082447530581e+02
4.115621579699036943e+02
4.118213620730057301e+02
4.119395260030572103e+02
4.122017566696241602e+02
4.127189663872621281e+02
4.133822087923584263e+02
4.139270132775031357e+02
4.141454828284705627e+02
4.139627539832224556e+02
4.134619225581166688e+02
4.127669784330819311e+02
4.119774447811773257e+02
4.111692253453412036e+02
4.103754303669095407e+02
4.096087854216878554e+02
4.088692696345655690e+02
4.081501470500385267e+02
4.074431108407517854e+02
4.067467131775738380e+02
4.060586519074597618e+02
4.054052253137550679e+02
4.046408814356296944e+02
4.039200950347208163e+02
4.032579926277032882e+02
4.026583522786729645e+02
4.021300479029901567e+02
4.017355595215806829e+02
4.012386447144780277e+02
4.009275868726850263e+02
4.006618734888374433e+02
4.004500552520437395e+02
4.003192913370613155e+02
4.003158286828177097e+02
4.004778431392432481e+02
4.008431902762502546e+02
4.014003597582031944e+02
4.021123301390136362e+02
4.029052927403889726e+02
4.037384371083924748e+02
4.045975348497177038e+02
4.055309609881065853e+02
4.066489260057816182e+02
4.081015972732982391e+02
4.101163448695249372e+02
4.129349484528361813e+02
4.163372608752168844e+02
4.196043743221647446e+02
4.220506785383903434e+02
4.236538247658558589e+02
4.246977190852585409e+02
4.254735911713140126e+02
4.261991899707730909e+02
4.270445832550311138e+02
4.281864299339322315e+02
4.297848803811046992e+02
4.319714579007531370e+02
4.348146179442865673e+02
4.382813215822067718e+02
4.422707277031038871e+02
4.466061016324825914e+02
4.511244146586341799e+02
4.555960956372103396e+02
4.597651819533094795e+02
4.633159630952663406e+02
4.660385024719921034e+02
4.678108768128165593e+02
4.687411578770506821e+02
4.689887658971271662e+02
4.688483885950458898e+02
4.684238883518801231e+02
4.680118513264731632e+02
4.678171386775884457e+02
4.680157647860660290e+02
4.686624920884826793e+02
4.696537706435601081e+02
4.707253091489421308e+02
4.715910460187491822e+02
4.720450969703305191e+02
4.720766115439997748e+02
4.717476749791837278e+02
4.711537983544455415e+02
4.703864658582368179e+02
4.694911505237689084e+02
4.685093650487338550e+02
4.674490713539820490e+02
4.663205536425494415e+02
4.651172755058663597e+02
4.638365037953539627e+02
4.624642234094803257e+02
4.609886879494679874e+02
4.593916668208522651e+02
4.576595071923027263e+02
4.556389019858677898e+02
4.533525111464239217e+02
4.509273571504591018e+02
4.483674259514319829e+02
4.456876688067720238e+02
4.429013871107624141e+02
4.400297380065324546e+02
4.370898296517305539e+02
4.341031641651632640e+02
4.310879173489390155e+02
4.280606191260060882e+02
4.250366823912553400e+02
4.220283276956545819e+02
4.190463412683526485e+02
4.160995844921080220e+02
4.131948859873634774e+02
4.103377496453005620e+02
4.075327890562602988e+02
4.047822022549042345e+02
4.020891711033493721e+02
3.994537528779628133e+02
3.968772783555857586e+02
3.943590926122108726e+02
3.918979221292716488e+02
3.894855516900393582e+02
3.870581613415737934e+02
3.846979591349263501e+02
3.824013592730098026e+02
3.801663228337378655e+02
3.779905909867075593e+02
3.758704801446472743e+02
3.738051061777016457e+02
3.717907973336632494e+02
3.698271467578176157e+02
3.679133958187663325e+02
3.660512328346493973e+02
3.642467752753006494e+02
3.625128135322767662e+02
3.608767493918070386e+02
3.593904655624211273e+02
3.581616894765431311e+02
3.573608688415707206e+02
3.573153394575161883e+02
3.584399494965514350e+02
3.612114696362326640e+02
3.659579456943169475e+02
3.724128715215936154e+02
3.795814226660089048e+02
3.858897237635594593e+02
3.905893707077901809e+02
3.936543074108527094e+02
3.961049045191101072e+02
3.989772108464457574e+02
4.031469152537374043e+02
4.087391418267358745e+02
4.148879838688509949e+02
4.203420255040800839e+02
4.248434056420995262e+02
4.290946302822367215e+02
4.333264418487105445e+02
4.367633662900648801e+02
4.385768375516323090e+02
4.386531807749077529e+02
4.375523597205180408e+02
4.357857428577341921e+02
4.336889777056165940e+02
4.314562514154547443e+02
4.291767412986108639e+02
4.268993861942317380e+02
4.246484283856261754e+02
4.224364037126094331e+02
4.202726955573098735e+02
4.180456223618790546e+02
4.158825189542060912e+02
4.138146135359103255e+02
4.118802058260502008e+02
4.101373568981317703e+02
4.087008109519179015e+02
4.076940519701868766e+02
4.072746481986116009e+02
4.074885824626418298e+02
4.081465809093214716e+02
4.088199883464056370e+02
4.090714422983666623e+02
4.086832936425593630e+02
4.077298809965649298e+02
4.063836424774543161e+02
4.048023914527529428e+02
4.031130021849745617e+02
4.013819261317445921e+02
3.996541193019071443e+02
3.979526330178463809e+02
3.962891715243148383e+02
3.946713633036297892e+02
3.931021106902559836e+02
3.915827960478159753e+02
3.900647886889430538e+02
3.885620003175504849e+02
3.871098786025852405e+02
3.857068637701866578e+02
3.843518557359479360e+02
3.830439618987074368e+02
3.817811532441205600e+02
3.805629660898548536e+02
3.793873999353789941e+02
3.782537769717561673e+02
3.771611604180577046e+02
3.761088019815979351e+02
3.750973512674540871e+02
3.741278168388662380e+02
3.732031808133413051e+02
3.723292541916268306e+02
3.715125971497919295e+02
3.707603893022666171e+02
3.700724866584635038e+02
3.694223040117736900e+02
3.687567642460904835e+02
3.680046461134613764e+02
3.671354600380679472e+02
3.661737771852256174e+02
3.653275371147391866e+02
3.645332617100808079e+02
3.637642710430006332e+02
3.630197073955370115e+02
3.622991601946293372e+02
3.616023643370753007e+02
3.609290440903098443e+02
3.602795395637129445e+02
3.596537737235275358e+02
3.590523718290031070e+02
3.584755352281631531e+02
3.579236511103823659e+02
3.573971615018471653e+02
3.568958364892130248e+02
3.564199111885454840e+02
3.559686193346340133e+02
3.555413298947327689e+02
3.551369420835736150e+02
3.547537559612567293e+02
3.543901733562321397e+02
3.540439638161776088e+02
3.537128486751578293e+02
3.533946270786912009e+02
3.530866796361945603e+02
3.527736064846219506e+02
3.524682217324159978e+02
3.521645314818749739e+02
3.518614898115483811e+02
3.515578599789851637e+02
3.512534149004475807e+02
3.509480128019870335e+02
3.506420373955306218e+02
3.503364170047202606e+02
3.500321274160620533e+02
3.497307843926198530e+02
3.494338832308764040e+02
3.491434637088266300e+02
3.488612342211955024e+02
3.485893662430024165e+02
3.483295990095631396e+02
3.480838041853493792e+02
3.478538157504742685e+02
3.476407358587917997e+02
3.474463659273806684e+02
3.472710972820634083e+02
3.471161770843548311e+02
3.469818108038765558e+02
3.468681340273481055e+02
3.467576664534644806e+02
3.466783922248352496e+02
3.466174462395429714e+02
3.465728204090968916e+02
3.465436864051063708e+02
3.465284667430992727e+02
3.465254717415042478e+02
3.465339095096624078e+02
3.465516157153188033e+02
3.465780814097304869e+02
3.466114180991991134e+02
3.466509596604893204e+02
3.466956049233691601e+02
3.467444410625519708e+02
3.467971337598873447e+02
3.468527390461327968e+02
3.469114361567675360e+02
3.469725492788466568e+02
3.470364007006088514e+02
3.471028243529157180e+02
3.471720702600071604e+02
3.472444294408547876e+02
3.473200633134055693e+02
3.473994926137131642e+02
3.474559017175242275e+02
3.475034611582723301e+02
3.475525642634812016e+02
3.476037416570100049e+02
3.476572229315991081e+02
3.477133690885033843e+02
3.477723345829672326e+02
3.478342335654215844e+02
3.478991276963670316e+02
3.479668790437597181e+02
3.480373544564642430e+02
3.481103679026606983e+02
3.481854209506133770e+02
3.482622283157337506e+02
3.483400963632521439e+02
3.484184390756277026e+02
3.484967600050808869e+02
3.485738607204057189e+02
3.486494038445283081e+02
3.487219840303865226e+02
3.487908971796221067e+02
3.488550636125289657e+02
3.489130177248403584e+02
3.489640550609559000e+02
3.489998476850075804e+02
3.490243546545742674e+02
3.490372034760269457e+02
3.490367929655931789e+02
3.490218411931485321e+02
3.489905595283574371e+02
3.489418210174234218e+02
3.488742364683388359e+02
3.487867740971987587e+02
3.486784238746973870e+02
3.485485204561717296e+02
3.483964904171305648e+02
3.482220337125438618e+02
3.480251635273586430e+02
3.478057788651335613e+02
3.475644101373260355e+02
3.473012725078562539e+02
3.470170815584356774e+02
3.467127460327316726e+02
3.463888192095710110e+02
3.460466781633616620e+02
3.456870169793269838e+02
3.453111052360771964e+02
3.449202337713369957e+02
3.445209210566852107e+02
3.441162137096506513e+02
3.436972637983446361e+02
3.432654240500091873e+02
3.428217490185159591e+02
3.423668190748773554e+02
3.419018473257011692e+02
3.414269430817350894e+02
3.409429371597478848e+02
3.404499875785774066e+02
3.399481657439968671e+02
3.394376946867300262e+02
3.389181261655178332e+02
3.383896230608776250e+02
3.378516507800447357e+02
3.373041144612845414e+02
3.367466253034987744e+02
3.361788936155116971e+02
3.356009742285964990e+02
3.350125958661956247e+02
3.344143790151146618e+02
3.338066828593247237e+02
3.331912339278732702e+02
3.325706640283760294e+02
3.319558910793012387e+02
3.313461283097342971e+02
3.307707234496584192e+02
3.302847610779255092e+02
3.299926747293671951e+02
3.301552341115687454e+02
3.312181935212726671e+02
3.340241574689315485e+02
3.395611298616148588e+02
3.481770998369853487e+02
3.589357471840170888e+02
3.697044627107171095e+02
3.782814261079878406e+02
3.837774641708590480e+02
3.867637446025402141e+02
3.884714332174251581e+02
3.901478625770469648e+02
3.928645938387621186e+02
3.976728045605509010e+02
4.054814470070376160e+02
4.160770659315047055e+02
4.284532283604824556e+02
4.415929224014917054e+02
4.555488902393566946e+02
4.703665664152528052e+02
4.868042748751179261e+02
5.034331614107580322e+02
5.179181452893553796e+02
5.285046587182582698e+02
5.353037966295037222e+02
5.392928673719749213e+02
5.415435353180023412e+02
5.428226931137010070e+02
5.435134379740970871e+02
5.438766340766530902e+02
5.440475297539275061e+02
5.441371115732029011e+02
5.442418541049030409e+02
5.444397213410210270e+02
5.448081982355597574e+02
5.453979537955511887e+02
5.462414549786935822e+02
5.473449070946701340e+02
5.487230728749431137e+02
5.503938465098376582e+02
5.524001940860274544e+02
5.547770149632293624e+02
5.575135786355405116e+02
5.604901062352699910e+02
5.637105147828336840e+02
5.667959286630594988e+02
5.695284032729344972e+02
5.717455430943033434e+02
5.733584557048064880e+02
5.743616195782963132e+02
5.747984754210356186e+02
5.747742632078139877e+02
5.744024147189969653e+02
5.738178649752287583e+02
5.731408317172317766e+02
5.724808890593451451e+02
5.719279462547494859e+02
5.715477665246784227e+02
5.714046383539523504e+02
5.715078785117995039e+02
5.718279056951761277e+02
5.722196106845593704e+02
5.724417097275005517e+02
5.722575368490943220e+02
5.715643486215542453e+02
5.703734862819554792e+02
5.687992164811971634e+02
5.670522109820661854e+02
5.652222893120150502e+02
5.632996829959860179e+02
5.613506610845398654e+02
5.594306050527346770e+02
5.575838526228741330e+02
5.558413373281839540e+02
5.542300307916727888e+02
5.527685752345431638e+02
5.514719864944407846e+02
5.503642168205675489e+02
5.494765443256250137e+02
5.488778552299062312e+02
5.486939972144429021e+02
5.491062314713742580e+02
5.503494857139446594e+02
5.523843320391191583e+02
5.548136992900647328e+02
5.570844122044150026e+02
5.590725958960953221e+02
5.609707154092667452e+02
5.630932370685636670e+02
5.655988715725435441e+02
5.685369185179370106e+02
5.719366121999668167e+02
5.756810004449546341e+02
5.795095904631971280e+02
5.832577596409968237e+02
5.867882746297982521e+02
5.900122822522801016e+02
5.929095022509591217e+02
5.954930695652033137e+02
5.978085801178610836e+02
5.999072951415333819e+02
6.018247655122027027e+02
6.036090806123082757e+02
6.052877665674541277e+02
6.069251547340257957e+02
6.085870767333525464e+02
6.103433918538773924e+02
6.122597265481589375e+02
6.143107413280619085e+02
6.164160823470207333e+02
6.184073377959937261e+02
6.201128923353023765e+02
6.213795433068867169e+02
6.221872985851393878e+02
6.225629870477501981e+02
6.224855274381837944e+02
6.221985751734829364e+02
6.217578877725055690e+02
6.212454868519649835e+02
6.207110728493207716e+02
6.201872049410352474e+02
6.196967562598964605e+02
6.192540792023088443e+02
6.188730257517188420e+02
6.185750512854443741e+02
6.183856133115928060e+02
6.183389287202212472e+02
6.184874298327820270e+02
6.188771786124418668e+02
6.195704473750952275e+02
6.206264482239707831e+02
6.220758606829402879e+02
6.239583286819007526e+02
6.262093171186961627e+02
6.287241325863526527e+02
6.312944205760304612e+02
6.336778469593574528e+02
6.356586060654899484e+02
6.371979922953476034e+02
6.381065101016017707e+02
6.388532441269370565e+02
6.395381040440474862e+02
6.402836402667093125e+02
6.411086915592916284e+02
6.419499427918825631e+02
6.426813824852227981e+02
6.431845377253954439e+02
6.433896229060037513e+02
6.432944007469379812e+02
6.429313164747090923e+02
6.423683338812198826e+02
6.416638764735023415e+02
6.408657236444825003e+02
6.399960163113016733e+02
6.390610298160106595e+02
6.380612131073395403e+02
6.369927413396603697e+02
6.358572997860668465e+02
6.346502793697953848e+02
6.333599984380318801e+02
6.319819249774602667e+02
6.305196288708475549e+02
6.289853407843190780e+02
6.274579266890754070e+02
6.256573484279444983e+02
6.238006212878200358e+02
6.218881408621408582e+02
6.199117657443224516e+02
6.178694339752664746e+02
6.157660323990246525e+02
6.136021436028765947e+02
6.113941460179715932e+02
6.091583392494302416e+02
6.069071763975663316e+02
6.046658623242517479e+02
6.024418084173390753e+02
6.002515382377548576e+02
5.981061054130250341e+02
5.960091661876573426e+02
5.939690742352189545e+02
5.919815679678123388e+02
5.900423379547567038e+02
5.881475699927847245e+02
5.862903513821934212e+02
5.844687399200802247e+02
5.826877118541323171e+02
5.809508465216962350e+02
5.792167902901277330e+02
5.775508679810894819e+02
5.759852331661842300e+02
5.745482327098362703e+02
5.732624540657617445e+02
5.721571485838759372e+02
5.712607560486798093e+02
5.705895147095413904e+02
5.701659205865960303e+02
5.699707222224189991e+02
5.699654160454392695e+02
5.700769975246080321e+02
5.702607271516696983e+02
5.706265827995805466e+02
5.714477643592321101e+02
5.728858834971282477e+02
5.745677497834883525e+02
5.756342640849778718e+02
5.755869628770249165e+02
5.746509545744744401e+02
5.731877011112336504e+02
5.714925173791622228e+02
5.697425499361846732e+02
5.680245061304084402e+02
5.662067585669359460e+02
5.642907275259393600e+02
5.624666280089611519e+02
5.607104635421922012e+02
5.589925250687657581e+02
5.572768929070032300e+02
5.555322921184965708e+02
5.537287861653489927e+02
5.518551815909967218e+02
5.499030999406975297e+02
5.478777587427385924e+02
5.457924856269511338e+02
5.436577660057803314e+02
5.414942579016636728e+02
5.393134895532228938e+02
5.371295855672012749e+02
5.349527918881096866e+02
5.327870617740868511e+02
5.306380402504249787e+02
5.285035557093407306e+02
5.263837367500849496e+02
5.242768022712384663e+02
5.221812560121460365e+02
5.201020028271183264e+02
5.180461649026597115e+02
5.158726191949199347e+02
5.137629812859455569e+02
5.117102717401327823e+02
5.096977044845710907e+02
5.076897254681174445e+02
5.056425994009565557e+02
5.035080844925886936e+02
5.012524216404158324e+02
4.988435198670345585e+02
4.962836378731724949e+02
4.935736281685657900e+02
4.907319174720834667e+02
4.877796860041555078e+02
4.847336559266291829e+02
4.816179718888872117e+02
4.784457304640547477e+02
4.752339819077084826e+02
4.719940524861997915e+02
4.687357115587012686e+02
4.654685987629511601e+02
4.621990507931966476e+02
4.589343067622079388e+02
4.556797519278954951e+02
4.522679609323582213e+02
4.488171392369663408e+02
4.453933513109691944e+02
4.420017347382231492e+02
4.386488267708172657e+02
4.353410257783742168e+02
4.320876162614583222e+02
4.288997333590876337e+02
4.257915462710389534e+02
4.227859783995272096e+02
4.199079522283882966e+02
4.172035747513845649e+02
4.147225451606716433e+02
4.125394551578319806e+02
4.107445819216474092e+02
4.094118933601866388e+02
4.086225057677389714e+02
4.083366546883631827e+02
4.084565667182806123e+02
4.087850368288529239e+02
4.091299515011679659e+02
4.093478618541010405e+02
4.094056813551461005e+02
4.093106122137853617e+02
4.089613607284894670e+02
4.084685627132972172e+02
4.079792296490137460e+02
4.075211195411667404e+02
4.071028414071705015e+02
4.067310553866452096e+02
4.064062623964935597e+02
4.061311737490246401e+02
4.059176696029837217e+02
4.057700838567812980e+02
4.057178504123035623e+02
4.058121397666479311e+02
4.061555767724141219e+02
4.069530772861780861e+02
4.085379232290853224e+02
4.112886651603805603e+02
4.155359455115349760e+02
4.209451162763405705e+02
4.266319748862715642e+02
4.315150490608202176e+02
4.350661079237755757e+02
4.372979421534247990e+02
4.386091795125323642e+02
4.392978575435938637e+02
4.393960957197945163e+02
4.394603135186327449e+02
4.394464347960336568e+02
4.394336138208710736e+02
4.394664335919808877e+02
4.395786111604468829e+02
4.397712911970308483e+02
4.400505875879844666e+02
4.403990074128125229e+02
4.408061743031080368e+02
4.411928999097382302e+02
4.414082720324043976e+02
4.419469748967524652e+02
4.424881310857151107e+02
4.430282724768660501e+02
4.435681420297534032e+02
4.441057531574346626e+02
4.446460836675377664e+02
4.451890880561999211e+02
4.457423018666887060e+02
4.463114237773829132e+02
4.469008897423088911e+02
4.475159230962352126e+02
4.481400511118808367e+02
4.484998446005969868e+02
4.488661362671564916e+02
4.490615872453321344e+02
4.490191023392824832e+02
4.486936915864986872e+02
4.480743108847133840e+02
4.472194452183480280e+02
4.462410697524272791e+02
4.453788492064509228e+02
4.449979726519864016e+02
4.457053365070528912e+02
4.477823216593439497e+02
4.506265063416320800e+02
4.525781969841827390e+02
4.526759258807968536e+02
4.511288696843085972e+02
4.486311901358852197e+02
4.456098550978301205e+02
4.423398316344466821e+02
4.389423160500435870e+02
4.354820190994171298e+02
4.319964135235351250e+02
4.285017168633219171e+02
4.250112778087719221e+02
4.214503602757386034e+02
4.178661615561775307e+02
4.143406879209055091e+02
4.108783543499062603e+02
4.074862253466353081e+02
4.041693101903148886e+02
4.009309297773962726e+02
3.977762144641537247e+02
3.947058796919790211e+02
3.917230826428597084e+02
3.888278528595843113e+02
3.860199796202800826e+02
3.832994579110874724e+02
3.806633352257462093e+02
3.781111841651064083e+02
3.756392437491930423e+02
3.732459013980280815e+02
3.709288972633067942e+02
3.686854628092830239e+02
3.665158965499616670e+02
3.644175109490648765e+02
3.623917163432096231e+02
3.604377067624583333e+02
3.585557424447733297e+02
3.568618108139532410e+02
3.552378339612122886e+02
3.536965245258696200e+02
3.522331033351969722e+02
3.508439348929637731e+02
3.495250176685057113e+02
3.482714058402713704e+02
3.470795162077744749e+02
3.459442834637628152e+02
3.448617017940296137e+02
3.438276623647864199e+02
3.428378766883894286e+02
3.418888954469533701e+02
3.409769868179324703e+02
3.400989690643892800e+02
3.392523609963828903e+02
3.384344138713349821e+02
3.376435740009613369e+02
3.368783117048027407e+02
3.361378657968141397e+02
3.354229444989509830e+02
3.347342217530580797e+02
3.340756845831791679e+02
3.334519212270123489e+02
3.330045476760030283e+02
3.326427607180494874e+02
3.323464808033955364e+02
3.321366793447238592e+02
3.320183180749209555e+02
3.319907406966959798e+02
3.320295652157217887e+02
3.321001473071916053e+02
3.321884069757460907e+02
3.323283347557167531e+02
3.326406653783717502e+02
3.332670070693401954e+02
3.343196690657703130e+02
3.357497452849988235e+02
3.373915939894735629e+02
3.391844960669736793e+02
3.414252208580816159e+02
3.445376770571979250e+02
3.490166012739264261e+02
3.554281403459141302e+02
3.641419622485609580e+02
3.753365458168660780e+02
3.884707733640215679e+02
4.023220730246760581e+02
4.154556797821209670e+02
4.269762316023105200e+02
4.362620310884935293e+02
4.436528483542778645e+02
4.494573118586533269e+02
4.535547262754043345e+02
4.557696136463418952e+02
4.561297038485847111e+02
4.550100433687540544e+02
4.528083954016044572e+02
4.499216864870546146e+02
4.466665840769850888e+02
4.432374748335307686e+02
4.397557573527006411e+02
4.362914501642119376e+02
4.328804258337984265e+02
4.295454841824531513e+02
4.262980639365225102e+02
4.231435392374254434e+02
4.200873781057285896e+02
4.171296990514309755e+02
4.142731613878954136e+02
4.115179627575392942e+02
4.088638904053392480e+02
4.062626431015470985e+02
4.037731664606305344e+02
4.013907377656539097e+02
3.991142483254819808e+02
3.969441396379797879e+02
3.948816842356314964e+02
3.929255416042380489e+02
3.910785369764689676e+02
3.893394905961210384e+02
3.877103802578571958e+02
3.861924049825047405e+02
3.847855602253274014e+02
3.834933319786180732e+02
3.823150559968251514e+02
3.812548793015645856e+02
3.803138908437820760e+02
3.794956829811704893e+02
3.788045930101184240e+02
3.782435838929899319e+02
3.778210323967250588e+02
3.775399975292098134e+02
3.774114418406762184e+02
3.774399696515728238e+02
3.776340584022333360e+02
3.780044186736559482e+02
3.785542115978626612e+02
3.792790247650991091e+02
3.801676494939707709e+02
3.812096615319591706e+02
3.823834802139620024e+02
3.836627705491104052e+02
3.850157329693669226e+02
3.864076545235822664e+02
3.878004882689913870e+02
3.891612827113887079e+02
3.904569050357034143e+02
3.916609041894181473e+02
3.927551591345266502e+02
3.937239566320200765e+02
3.945643654007786267e+02
3.952746913298906293e+02
3.958612264199823016e+02
3.963340362585682897e+02
3.967042605257642549e+02
3.969861320802568230e+02
3.971932953343611530e+02
3.973374935117555538e+02
3.974311342414889623e+02
3.974565173180124020e+02
3.974468633635818264e+02
3.974019074934346918e+02
3.973240477180328298e+02
3.972142995225246977e+02
3.970715653256000905e+02
3.968948454784299429e+02
3.966811446607578091e+02
3.964298214746900157e+02
3.961374581290282322e+02
3.958049942899955340e+02
3.954314981618975935e+02
3.950182753424920179e+02
3.945684203317555898e+02
3.940831501828506589e+02
3.935684799341943858e+02
3.930267239527565835e+02
3.924637756837601614e+02
3.918837863807203803e+02
3.912908415879580275e+02
3.906899817165755167e+02
3.900839397831823021e+02
3.894770549129654569e+02
3.888713299910757542e+02
3.882500631344055932e+02
3.876936919270686985e+02
3.871465992959272171e+02
3.866089087297752371e+02
3.860814806075378556e+02
3.855645216603431322e+02
3.850577264722654718e+02
3.845619518329776270e+02
3.840756798428463412e+02
3.835995825788887146e+02
3.831318752064167938e+02
3.826719106754246127e+02
3.822182896649443364e+02
3.817689468168678104e+02
3.813226696236115458e+02
3.808766464925141122e+02
3.804291436010909138e+02
3.799775206717636138e+02
3.795197061811694539e+02
3.790533860740807768e+02
3.785765104900988831e+02
3.780869192059435022e+02
3.775830244688619928e+02
3.770630016212050464e+02
3.765025357596115896e+02
3.759450152123748694e+02
3.753651288698785606e+02
3.747628192568715804e+02
3.741372170236664942e+02
3.734886241014486927e+02
3.728168729380002446e+02
3.721221387352711076e+02
3.714050178420562816e+02
3.706655468685758024e+02
3.699047977741508930e+02
3.691230364195706670e+02
3.683214290156890343e+02
3.675008000624688975e+02
3.666621924298055433e+02
3.658069249135180030e+02
3.649361127001413934e+02
3.640514126431544923e+02
3.631540606895156316e+02
3.622457819543422488e+02
3.613280046600069682e+02
3.604024971672973265e+02
3.594707731431577713e+02
3.585344013480911372e+02
3.576003481354964606e+02
3.566500860549858203e+02
3.557003693514243992e+02
3.547519592949158778e+02
3.538060868450227190e+02
3.528633643597071341e+02
3.519245650537864663e+02
3.509903796878912203e+02
3.500610889883888603e+02
3.491374458360868402e+02
3.482194302736686495e+02
3.473074970346814894e+02
3.464017469493869044e+02
3.455022208088633420e+02
3.446092203231611393e+02
3.437225116401243667e+02
3.428423979260181795e+02
3.419686894418338738e+02
3.411014535551738618e+02
3.402407611848234410e+02
3.393864546355549692e+02
3.385387831336526006e+02
3.376975350443474326e+02
3.368629333275696922e+02
3.360448314812268791e+02
3.352153920182324214e+02
3.343915789595650381e+02
3.335733931203193379e+02
3.327612056811954631e+02
3.319551264246685491e+02
3.311554895054819667e+02
3.303627589180955511e+02
3.295773205812989772e+02
3.288001295330504945e+02
3.280319837273852954e+02
3.272746490689504526e+02
3.265299957706417331e+02
3.258011139620016934e+02
3.250922389582783580e+02
3.244088797061060063e+02
3.237600876988652772e+02
3.231558525400516260e+02
3.226132922057110477e+02
3.221514620320913878e+02
3.217970929573635317e+02
3.215850521384886065e+02
3.215495583785663598e+02
3.217406054595039677e+02
3.221855076853761375e+02
3.229031281188671869e+02
3.239106571203022327e+02
3.251974914548177367e+02
3.267382057410537186e+02
3.285014622012660652e+02
3.304509232758833264e+02
3.325842812648327254e+02
3.349110702752429916e+02
3.374797154072654166e+02
3.403884425696465428e+02
3.437107788825445596e+02
3.475755530903053909e+02
3.520250830519659075e+02
3.570979369269294921e+02
3.628888870525643142e+02
3.698635531386347566e+02
3.799115509799012784e+02
3.955051517442324780e+02
4.143852683122842677e+02
4.290040257629572125e+02
4.385079952472546552e+02
4.450990504814443511e+02
4.504044411189374273e+02
4.551961350115804521e+02
4.604116346939704272e+02
4.671915349057724711e+02
4.771982686838843506e+02
4.911736249743901226e+02
5.055012155336471551e+02
5.162356898019127129e+02
5.235177985786336876e+02
5.292731864184175947e+02
5.341422203441709371e+02
5.382127185092128911e+02
5.414365767467211299e+02
5.438991169414734941e+02
5.458292484511646308e+02
5.474676013230207445e+02
5.490499277718303119e+02
5.507567669430005708e+02
5.527215793673580038e+02
5.549565883313115364e+02
5.573750815561475065e+02
5.597775485287996844e+02
5.619708323669581205e+02
5.638158443812390033e+02
5.653201640161101977e+02
5.664448949050658939e+02
5.675621613148837241e+02
5.685151724267354894e+02
5.693563246325259115e+02
5.701151490668203223e+02
5.707983354358033239e+02
5.713943120047106277e+02
5.718805502317537730e+02
5.722434467484263223e+02
5.724588705871113916e+02
5.725483708660675575e+02
5.725264336524592181e+02
5.724347202643499486e+02
5.723202821373472489e+02
5.722082632763323318e+02
5.721301230717725730e+02
5.720781168096757483e+02
5.720479070432676281e+02
5.720193296787166446e+02
5.719880626057965856e+02
5.719468860379560056e+02
5.719045856930709988e+02
5.718690279917598218e+02
5.718467487678700536e+02
5.717798400123015199e+02
5.716911979901090035e+02
5.717026054123579115e+02
5.718345903658574798e+02
5.720985115770508855e+02
5.724975813083379990e+02
5.730012224002201719e+02
5.735668869364191096e+02
5.741329607724815105e+02
5.746432952780404548e+02
5.750485941501801790e+02
5.753406683241522614e+02
5.755251067597789643e+02
5.756552765491767332e+02
5.758052100558002167e+02
5.760806072635906503e+02
5.765967079881262407e+02
5.774598267882491882e+02
5.787063953044480513e+02
5.802888069887598022e+02
5.820527581601634211e+02
5.839008696857281393e+02
5.857782810922343515e+02
5.876929474427226978e+02
5.896018246016519697e+02
5.913648195018480465e+02
5.928279531399485904e+02
5.938208290615365286e+02
5.942500816961377268e+02
5.941255895517194858e+02
5.936069561030226396e+02
5.928764406254371124e+02
5.922132858050487130e+02
5.918953189405727926e+02
5.922070141990395769e+02
5.932684889544105999e+02
5.948874471883391379e+02
5.965092560349562518e+02
5.975664027619500303e+02
5.978001285816197878e+02
5.973242686009401723e+02
5.963895690493121720e+02
5.952689244481580317e+02
5.941895260329074517e+02
5.933375789603707062e+02
5.927851430418666041e+02
5.925182243934444841e+02
5.923441070305115090e+02
5.919072558226367846e+02
5.911068488825837903e+02
5.898100432581143195e+02
5.880462706919857965e+02
5.859484933606166805e+02
5.836447453892967587e+02
5.812550745090544524e+02
5.788754505752804107e+02
5.765573826622477327e+02
5.743337322004020962e+02
5.721971355352742421e+02
5.701213266313556005e+02
5.680737351070357590e+02
5.660193568111236573e+02
5.639316294544883021e+02
5.618062488574302051e+02
5.596383230969300939e+02
5.574432722868742758e+02
5.552343189861730934e+02
5.530280536568168372e+02
5.508479869851843205e+02
5.487092124645918148e+02
5.466407199163098767e+02
5.446591135360512226e+02
5.427726873460117076e+02
5.409515054056852250e+02
5.392735815192670543e+02
5.377528348755248544e+02
5.363791832998010705e+02
5.351464480632849927e+02
5.340210596521174011e+02
5.329763193809595805e+02
5.319686421852075000e+02
5.309657500434370831e+02
5.299262468144885361e+02
5.288243045281651575e+02
5.276319634662899034e+02
5.263357370643260538e+02
5.249338708685960455e+02
5.234248159690420152e+02
5.218305454088268789e+02
5.201572754200648205e+02
5.184309832026077629e+02
5.166652990989279033e+02
5.148775228609962369e+02
5.130866093834654293e+02
5.113073993306412035e+02
5.095661947208655533e+02
5.080056456585813862e+02
5.065272853415302734e+02
5.052070397864605411e+02
5.040755648769020922e+02
5.031665881548489665e+02
5.024991509614387155e+02
5.020846603443924892e+02
5.019185987144888941e+02
5.019713759814720788e+02
5.022003269183491057e+02
5.025429281557978243e+02
5.029222697243358198e+02
5.032722042226001236e+02
5.035261186501900852e+02
5.036359345952005810e+02
5.035801586412513302e+02
5.033405952706089010e+02
5.029297892818808577e+02
5.023592917508153732e+02
5.016448048008534784e+02
5.008098905402081300e+02
4.998628276241669255e+02
4.988239001820469980e+02
4.976975975704858115e+02
4.964691907115167737e+02
4.951460966465683100e+02
4.937489458581464987e+02
4.922798229423679004e+02
4.907430796741164158e+02
4.891450917971508829e+02
4.874989765417913077e+02
4.858210188335074804e+02
4.841272831651253341e+02
4.824386335077021499e+02
4.807696293589839911e+02
4.791359159204444040e+02
4.775489400123342989e+02
4.760168127924196142e+02
4.745466160348279345e+02
4.731421310042439927e+02
4.718073993984619392e+02
4.705416579410226063e+02
4.693454518613226014e+02
4.682116527296136042e+02
4.671300436370050875e+02
4.660830251745901478e+02
4.650453607160861793e+02
4.639928098014281090e+02
4.630055073166538477e+02
4.620953037070111122e+02
4.611801813653401041e+02
4.602553701200599221e+02
4.593219439579836489e+02
4.583806273185583109e+02
4.574289903783007389e+02
4.564669791158016778e+02
4.554901131399616929e+02
4.544921237584210303e+02
4.534688478850019351e+02
4.524103991695166087e+02
4.513108649528699061e+02
4.501622801299348566e+02
4.489564843373266854e+02
4.476891450979573506e+02
4.463546311709530983e+02
4.449498166687034200e+02
4.434746909938187969e+02
4.419271504730652964e+02
4.403101910854967969e+02
4.386248396739237592e+02
4.368729213673462937e+02
4.350583523337290330e+02
4.333179302373804944e+02
4.317066934085357843e+02
4.300764218163912460e+02
4.284315514450836986e+02
4.267766237460817251e+02
4.251140335076239012e+02
4.234475664954177887e+02
4.217793285665147778e+02
4.201113476919570076e+02
4.184453631590183704e+02
4.167823797092469249e+02
4.151234768621167746e+02
4.134693941189309498e+02
4.118211308371237465e+02
4.101791424592036606e+02
4.085443971522262245e+02
4.069167712606202372e+02
4.052962020436810917e+02
4.036815617653334129e+02
4.020698873146999972e+02
4.004577365873528834e+02
3.988392871312410080e+02
3.972091937067247045e+02
3.955600758112360040e+02
3.939377538852704106e+02
3.922346033560008323e+02
3.904977190602035080e+02
3.887258006684510292e+02
3.869178143087630133e+02
3.850765326453391140e+02
3.832027232799345029e+02
3.813009461525994084e+02
3.793743984521523771e+02
3.774270239033440362e+02
3.754636047662880856e+02
3.734873326211294966e+02
3.715032786308721029e+02
3.695146326307445861e+02
3.675252600191050192e+02
3.655384447584984287e+02
3.635566675371015890e+02
3.615830132091691098e+02
3.596189303892958264e+02
3.576665687432826530e+02
3.557267524215328649e+02
3.538003910640089771e+02
3.518879193260025886e+02
3.499889474576101520e+02
3.480556262952698603e+02
3.463732663945442027e+02
3.447079592524791565e+02
3.430609012684250274e+02
3.414340570184484704e+02
3.398291063563680723e+02
3.382471457345704380e+02
3.366902322260209530e+02
3.351591202735435786e+02
3.336555926385866542e+02
3.321807895477152215e+02
3.307355710492278718e+02
3.293217363880118569e+02
3.279394799621423999e+02
3.265906891936368766e+02
3.252756940768654204e+02
3.239955167654005663e+02
3.227512213460558428e+02
3.215427741880015446e+02
3.203716981228764666e+02
3.192375323949348740e+02
3.181412974303384544e+02
3.170830014155865797e+02
3.160624090350009965e+02
3.150610814290849362e+02
3.140689897630268774e+02
3.131150490700647424e+02
3.121984010682244843e+02
3.113189050507114075e+02
3.104764798289743908e+02
3.096696484132450564e+02
3.088989439317306278e+02
3.081622757236576149e+02
3.074597261086151434e+02
3.067896986580950625e+02
3.061510900280022156e+02
3.055431537768071166e+02
3.049638952530416418e+02
3.044129062946628324e+02
3.038881825529493312e+02
3.033888779082726614e+02
3.029137709824042872e+02
3.024614183894831854e+02
3.020315396899851521e+02
3.016225467010284547e+02
3.012348278033153406e+02
3.008675260704892480e+02
3.005212543731532833e+02
3.002222110312117138e+02
2.999614412269582999e+02
2.997340348095709714e+02
2.995429591465002659e+02
2.993951767685653635e+02
2.992981633221866105e+02
2.992636021848319956e+02
2.993060425505906323e+02
2.994427750508748431e+02
2.996956837058625069e+02
3.000852581269735424e+02
3.006359108794800932e+02
3.013672327415275163e+02
3.022971193001259849e+02
3.034465510606753469e+02
3.048294024162671008e+02
3.064679155873581635e+02
3.083752446386965289e+02
3.105512175627270608e+02
3.129915867189519645e+02
3.156630137071178979e+02
3.185319520482952385e+02
3.215597057391689759e+02
3.246915362337842907e+02
3.279057383216017456e+02
3.311828452918756511e+02
3.343778209546140374e+02
3.374310209910491380e+02
3.402828332738463359e+02
3.428857344452260918e+02
3.452140924033338365e+02
3.472474471467892272e+02
3.489952063494265531e+02
3.504721786467003426e+02
3.517044910318226698e+02
3.527293092324471218e+02
3.535768460368142314e+02
3.542842478803913764e+02
3.548801103951276446e+02
3.553903988782018928e+02
3.558382269577072066e+02
3.562391101371025570e+02
3.566075684839188966e+02
3.569528911944244101e+02
3.572825188516861772e+02
3.576017931288872660e+02
3.579141511618024083e+02
3.582222072790078755e+02
3.585182138997162724e+02
3.587685551892767535e+02
3.590179958696248264e+02
3.592679995179517505e+02
3.595187686912921663e+02
3.597714931905385924e+02
3.600261056614591553e+02
3.602829450389705244e+02
3.605421794448311061e+02
3.608031752620920543e+02
3.610662387194185499e+02
3.613303720955734661e+02
3.615956020364678807e+02
3.618611353958570476e+02
3.621267300969053622e+02
3.623919618529503737e+02
3.626564454135576625e+02
3.629200558504181799e+02
3.631821443635769242e+02
3.634427179273327511e+02
3.637006319072320366e+02
3.639554550664799422e+02
3.642055098814536223e+02
3.644495576248834823e+02
3.646751180383819815e+02
3.648588397691447653e+02
3.650291503908721893e+02
3.651834872755277388e+02
3.653195717515520755e+02
3.654342351343199198e+02
3.655263818783014926e+02
3.655928147259387515e+02
3.656330231008811893e+02
3.656454068706418639e+02
3.656286836758500840e+02
3.655832313344518525e+02
3.655073272153070434e+02
3.654021336887935831e+02
3.652669103926724574e+02
3.651021071158096447e+02
3.649084217703015156e+02
3.646856733139387643e+02
3.644353269188525246e+02
3.641575682608288389e+02
3.638538614768360162e+02
3.635252411387648408e+02
3.631731611589621025e+02
3.627994530651361060e+02
3.624046299104599029e+02
3.619977987457463087e+02
3.615789930826491059e+02
3.611528441367893834e+02
3.607248434463558624e+02
3.603045082345797141e+02
3.599029369714008340e+02
3.595400524658173254e+02
3.592415807286754443e+02
3.590451283069264719e+02
3.590074314935756092e+02
3.591837572422485323e+02
3.596561760328489754e+02
3.604518076507406477e+02
3.615589968928896383e+02
3.628677899893763765e+02
3.641986588907631699e+02
3.653658492934840183e+02
3.662838344517839460e+02
3.669471972580220154e+02
3.674546848372862655e+02
3.678965250527140824e+02
3.683301630368955557e+02
3.687215340172016909e+02
3.689297289439730321e+02
3.688283904085189988e+02
3.684443331628971805e+02
3.678013305766273220e+02
3.669748890727395292e+02
3.660227962934785069e+02
3.649940937035475486e+02
3.639209937725506734e+02
3.628234205154558936e+02
3.617168196660566650e+02
3.606108288984711976e+02
3.595163459992707544e+02
3.584430518320049828e+02
3.574050333330924900e+02
3.564215691822925578e+02
3.555200392536546019e+02
3.547486018799955900e+02
3.541722693612294393e+02
3.539052135774356316e+02
3.541055706296774019e+02
3.549941688328711962e+02
3.568680011009162740e+02
3.599766203760904659e+02
3.645208595194198438e+02
3.705793336314708313e+02
3.779239039707606480e+02
3.857616591974271500e+02
3.935684293479865232e+02
4.008964497148132295e+02
4.075229576246168222e+02
4.132750195215476765e+02
4.181316795000756770e+02
4.221507163839966097e+02
4.253275924426407073e+02
4.277373270868977784e+02
4.295314722350877901e+02
4.309618024364255007e+02
4.322699622310167911e+02
4.335728966996342137e+02
4.347822551010013967e+02
4.356938712921060528e+02
4.360989532798598134e+02
4.359861601950400427e+02
4.354263047436843976e+02
4.345737817388040867e+02
4.335736847193419408e+02
4.325294337806905673e+02
4.315283815479078839e+02
4.306126175343677573e+02
4.297775824878715412e+02
4.290722073659753732e+02
4.284708807027470243e+02
4.279351963071522960e+02
4.274067947006249710e+02
4.268234685140728288e+02
4.261259431974488052e+02
4.252747108732745005e+02
4.242438841155114346e+02
4.230283474813289786e+02
4.216386391665898827e+02
4.200882283117344969e+02
4.184058879559570414e+02
4.166109206126137678e+02
4.147321003477719614e+02
4.127887860817550632e+02
4.108021137961538329e+02
4.087891613861604014e+02
4.067627713411772561e+02
4.047353398433177745e+02
4.027144751241577296e+02
4.007075118743827034e+02
3.987190843179128592e+02
3.967054372037746930e+02
3.946593523965120198e+02
3.926537187756514413e+02
3.906892384043186439e+02
3.887700563651118273e+02
3.868976775960726400e+02
3.850740739642113226e+02
3.833022806891102618e+02
3.815819738621618171e+02
3.799156864846812596e+02
3.783025758472579128e+02
3.767425780126091581e+02
3.752351662746771126e+02
3.737781066022454297e+02
3.723704523676814233e+02
3.710097885097439416e+02
3.696945162151970408e+02
3.684230067627570406e+02
3.671938980589469566e+02
3.660062284541569966e+02
3.648597580846308119e+02
3.637545886952477190e+02
3.626915038038649755e+02
3.616718549884994331e+02
3.607026267248824070e+02
3.597692290581422867e+02
3.588867694432213966e+02
3.580566937271697157e+02
3.572812547973280743e+02
3.565620492654848590e+02
3.558995619604903595e+02
3.552958273804429723e+02
3.547496877279476735e+02
3.542615505722656621e+02
3.538301687219053520e+02
3.534521157394089528e+02
3.531267140324453635e+02
3.528481644649112354e+02
3.526138903126814625e+02
3.524185565384682945e+02
3.522557559584477644e+02
3.521215996177518264e+02
3.520077835413336516e+02
3.519095329073292078e+02
3.518193080205444971e+02
3.517302468499296424e+02
3.516364691902891195e+02
3.515312235812864969e+02
3.513895977647316613e+02
3.511971505145530159e+02
3.509706455741858804e+02
3.507075879381515051e+02
3.504064216468128166e+02
3.500655530194895846e+02
3.496862577211718985e+02
3.492682120165634956e+02
3.488139274660071578e+02
3.483254926327603016e+02
3.478047990649403687e+02
3.472556954883233971e+02
3.466798120323410899e+02
3.460809090017186804e+02
3.454613549620403319e+02
3.448233487708563985e+02
3.441697828844126548e+02
3.435016075815091199e+02
3.428211976461460040e+02
3.421292871103959214e+02
3.414269777435818582e+02
3.407151939710901729e+02
3.399939812848601264e+02
3.392644059684918147e+02
3.385206640197314982e+02
3.377569285212332488e+02
3.369887304191591397e+02
3.362169383007524743e+02
3.354428983996280067e+02
3.346677800330719492e+02
3.338940621587702253e+02
3.331240807157750510e+02
3.323617415242532616e+02
3.316119717420594384e+02
3.308813296137262796e+02
3.301802266885544554e+02
3.295218582351339478e+02
3.289279304322158168e+02
3.284294503497431492e+02
3.280720007611650431e+02
3.279276210959707214e+02
3.280813037687860856e+02
3.286521692858360097e+02
3.297310976021888109e+02
3.313704404179056269e+02
3.335294738975210862e+02
3.361451870072199313e+02
3.391630082734913572e+02
3.427633458011126208e+02
3.472022563943007754e+02
3.527294931212073834e+02
3.594545086752937095e+02
3.672068925422886991e+02
3.754505167419501390e+02
3.835311788043164825e+02
3.909304630567299910e+02
3.975472126609484462e+02
4.036830439250263112e+02
4.098845527000285642e+02
4.165764032907673595e+02
4.239554116742222050e+02
4.317440029839300450e+02
4.394604704166653732e+02
4.465575225845223031e+02
4.527190625524970642e+02
4.578019109356836225e+02
4.618996458899972595e+02
4.651190923444495411e+02
4.676739679868668418e+02
4.697343375657878823e+02
4.714707120769475068e+02
4.730090439858336140e+02
4.744612197633398409e+02
4.754970159739820019e+02
4.764845889158611953e+02
4.774217157649955539e+02
4.783002712590030683e+02
4.791015084117271385e+02
4.798291770700830057e+02
4.804862320860818272e+02
4.811200466963388749e+02
4.817988497781747128e+02
4.826214061449088604e+02
4.837150557305008647e+02
4.851428307192123270e+02
4.869060282324429636e+02
4.888555797819363988e+02
4.907661555573614578e+02
4.924147046351206427e+02
4.937167342677608417e+02
4.946720032694929046e+02
4.953784308249866513e+02
4.959263121380128041e+02
4.963952012954117663e+02
4.968496160121666776e+02
4.973321307717142190e+02
4.978195032786098295e+02
4.984951184363144989e+02
4.992396795650835202e+02
5.000531233979892818e+02
5.009206949138655887e+02
5.018272430787369558e+02
5.027460497635699426e+02
5.036461815814503211e+02
5.044981310563433681e+02
5.052555977597447736e+02
5.058869362700298211e+02
5.063511190122488301e+02
5.066263923714090538e+02
5.067050201679223846e+02
5.065990659648060728e+02
5.063424220908968323e+02
5.059789362553582919e+02
5.055674363063412784e+02
5.051631342726282128e+02
5.048276388243482984e+02
5.046218488410505074e+02
5.045947560822517630e+02
5.047965180662546913e+02
5.052368950176357885e+02
5.059251100558086591e+02
5.068515685280555090e+02
5.078732922320291436e+02
5.089077444041984108e+02
5.099053168515667380e+02
5.108120009636845111e+02
5.116246858285952044e+02
5.123428401643045618e+02
5.129749314847837240e+02
5.135423384585039912e+02
5.140552843990830070e+02
5.145367822747485889e+02
5.150115184177900574e+02
5.155018009582948935e+02
5.160370518663871735e+02
5.166378879505789428e+02
5.173124856289045965e+02
5.180668581235025840e+02
5.188782489160412297e+02
5.197149895095299144e+02
5.205329486566496371e+02
5.212748293870183716e+02
5.218928975378285031e+02
5.223490298530795144e+02
5.225461501672328950e+02
5.225565320434188834e+02
5.224309439760608029e+02
5.222101633060015047e+02
5.219343647040068390e+02
5.216400756405980701e+02
5.213439977652200241e+02
5.210496412228628742e+02
5.207336038348508964e+02
5.203645908191440412e+02
5.199049703467901509e+02
5.193355222976740606e+02
5.186443309295747213e+02
5.178498427125213084e+02
5.169761627245123918e+02
5.160526727940213050e+02
5.151138874894442097e+02
5.141816223892449216e+02
5.132790539558045566e+02
5.124180823269222174e+02
5.116045937750139956e+02
5.108408432629872777e+02
5.101234016901971131e+02
5.094486102565095393e+02
5.087522886136623583e+02
5.080752077148653143e+02
5.074347136177894981e+02
5.068368369411238064e+02
5.062859330188265972e+02
5.057924822624917738e+02
5.053664244602379085e+02
5.050171335385993530e+02
5.047541122490412704e+02
5.045787448865732472e+02
5.044903033021073497e+02
5.044797429227980388e+02
5.045396053159167877e+02
5.046580609275882807e+02
5.048318126250565001e+02
5.050561989008697878e+02
5.053307839607415417e+02
5.056541372075368486e+02
5.060210467584939238e+02
5.064243077031018174e+02
5.068536782487806818e+02
5.072939511564808868e+02
5.077312025246192775e+02
5.081493887755610785e+02
5.085109427915992910e+02
5.088018929186394530e+02
5.090068727397731436e+02
5.091190113774031829e+02
5.091286039472187213e+02
5.090339928180631546e+02
5.088408265333848135e+02
5.085566831749835615e+02
5.081977067783911366e+02
5.077792483228083142e+02
5.073196047100885266e+02
5.068332825874696823e+02
5.063334433664907124e+02
5.058278749116323070e+02
5.053235446263475978e+02
5.048204055125441414e+02
5.043193390655304142e+02
5.038169888485020351e+02
5.033096707388101549e+02
5.027930169001911054e+02
5.022616355426251857e+02
5.017122361703566185e+02
5.011399475386939457e+02
5.005435624777429098e+02
4.998507137352162317e+02
4.991029236612582736e+02
4.983234472877219332e+02
4.975147371980592652e+02
4.966820290847300612e+02
4.958277925021949954e+02
4.949580732823518474e+02
4.940760179484730656e+02
4.931869623292230926e+02
4.922949734659218279e+02
4.914052935714152568e+02
4.905223983465938886e+02
4.896528372030192600e+02
4.888029638137278994e+02
4.879791225352373658e+02
4.871923526002515246e+02
4.864490331933632206e+02
4.857639440949146206e+02
4.851445456848065874e+02
4.846025212222235723e+02
4.841488946031433898e+02
4.837869363049514391e+02
4.835264533148250052e+02
4.833603020983392184e+02
4.832143367806880860e+02
4.831108539011356129e+02
4.830543276048678081e+02
4.830294845191128843e+02
4.830201339918031636e+02
4.830167407727860791e+02
4.830172859198407309e+02
4.830273915523424080e+02
4.830646511248480124e+02
4.831527715115826140e+02
4.833330068354789546e+02
4.836470976035775493e+02
4.841591046906303859e+02
4.849330347664749752e+02
4.860325318058967810e+02
4.875272213307699758e+02
4.894133932491208725e+02
4.916566307478104250e+02
4.940861263657619702e+02
4.964643514406490112e+02
4.984964787990527384e+02
4.999613441474210163e+02
5.006920264566788887e+02
5.007052021341315822e+02
5.000788389243268739e+02
4.989834035238026786e+02
4.975500608413947816e+02
4.958772980053309993e+02
4.940696231867784149e+02
4.921972962203474253e+02
4.903233877908156160e+02
4.884989026373199863e+02
4.867646255527164953e+02
4.851534879816378520e+02
4.837013140819697696e+02
4.824291734064720458e+02
4.813715438673187919e+02
4.805546376851220884e+02
4.800097708050690244e+02
4.797846324450281372e+02
4.799035557961470317e+02
4.804146589211028413e+02
4.813092605635665109e+02
4.825497124707109151e+02
4.840285780411017527e+02
4.855716431134475783e+02
4.869642162310412346e+02
4.880241274482958715e+02
4.887924105597509197e+02
4.890804867330857064e+02
4.888560212346821459e+02
4.881660165751003433e+02
4.871155081885509617e+02
4.857734551513973429e+02
4.842248501374789384e+02
4.825313197492070003e+02
4.807449164773591406e+02
4.789100685767817822e+02
4.770606837733989209e+02
4.752254835327067894e+02
4.734281267187227513e+02
4.716895335419357593e+02
4.700233379434671974e+02
4.684487661873519073e+02
4.669703102670374619e+02
4.656001483426925915e+02
4.643392834256713968e+02
4.631846553496397405e+02
4.621381865254219861e+02
4.611816898867617169e+02
4.603221326481122446e+02
4.595423699323463893e+02
4.597299100329149155e+02
4.604802047454211902e+02
4.615283154895108169e+02
4.628676834401221072e+02
4.644443640074362634e+02
4.662016094641380732e+02
4.680428025570363957e+02
4.698642157032050477e+02
4.715428790521798987e+02
4.729855471554383257e+02
4.740869586230143113e+02
4.748084137511386871e+02
4.751166485215811122e+02
4.750115633547709422e+02
4.745305433285218442e+02
4.736876760477525750e+02
4.725482800744915721e+02
4.711421265575764323e+02
4.695130074686862258e+02
4.676937830769787752e+02
4.657021242021688749e+02
4.635577781700493460e+02
4.612577726297238883e+02
4.587958521505009344e+02
4.561754339507597251e+02
4.535187768150655643e+02
4.508572380922326488e+02
4.482088223664723046e+02
4.455880488767444945e+02
4.430085387626143643e+02
4.404817855523486401e+02
4.380152042361086728e+02
4.356196144959072285e+02
4.332960742326066566e+02
4.310498593488126744e+02
4.288801901322754020e+02
4.267832558374449832e+02
4.247569385452307529e+02
4.227892639403361841e+02
4.208737211190405105e+02
4.189951125904757419e+02
4.171416040959240377e+02
4.152978787273891612e+02
4.134510328669738897e+02
4.115860623295705523e+02
4.096932486620153213e+02
4.077615553392117249e+02
4.057843561321988659e+02
