nan
4.505215895856565567e+02
4.471578756341905887e+02
4.438793017163883405e+02
4.406961468481818542e+02
4.376209458950363000e+02
4.346700840868314231e+02
4.318512828867960707e+02
4.291820337611599712e+02
4.266713775046547994e+02
4.243301284352633616e+02
4.221739280742056621e+02
4.202046697513901563e+02
4.184436137850329942e+02
4.168929211321598132e+02
4.155725093055562525e+02
4.145074332350072837e+02
4.137253682607318979e+02
4.133062782299815581e+02
4.133257079768614517e+02
4.139555563200339634e+02
4.154305993395810219e+02
4.180819488299713385e+02
4.224621585975689300e+02
4.290607468512129685e+02
4.381110275871506019e+02
4.499837026695850000e+02
4.641601439377635643e+02
4.791947452498939128e+02
4.932359840206822810e+02
5.045857829944106356e+02
5.126909004551150701e+02
5.175664952668591923e+02
5.198023378122453551e+02
5.200794096173258367e+02
5.188975042406221974e+02
5.167552174708322354e+02
5.139154114876021140e+02
5.106140029419864845e+02
5.069926618778393959e+02
5.031511670705941128e+02
4.991698228776362498e+02
4.950957404561663111e+02
4.909731800598270297e+02
4.868302270236371783e+02
4.826909437042886566e+02
4.785726337754953761e+02
4.744915773196264013e+02
4.704574121330509797e+02
4.659158245816592512e+02
4.615302065031148686e+02
4.572969842796906050e+02
4.532164335471254617e+02
4.492807993934990805e+02
4.454904846774179532e+02
4.418383851770051933e+02
4.383216085365028221e+02
4.349388232758013260e+02
4.316846984317508600e+02
4.285653265271219539e+02
4.255790903765068833e+02
4.227372735241465875e+02
4.200531201666024117e+02
4.175438241236799399e+02
4.152480497280121767e+02
4.131948404772729759e+02
4.114459394129134466e+02
4.100603366962068890e+02
4.091069061310535631e+02
4.086817703775139989e+02
4.088279875854360625e+02
4.096180283029499378e+02
4.110183420907941354e+02
4.126026203799435734e+02
4.144875467639386102e+02
4.164165094390529021e+02
4.181208908848870465e+02
4.193890419631549662e+02
4.200856186336925475e+02
4.201785142671996596e+02
4.197339401144879503e+02
4.188199542998352172e+02
4.175730322050878272e+02
4.160806610982728557e+02
4.144328248400811390e+02
4.126937330084013524e+02
4.109010464055376133e+02
4.090844669479300251e+02
4.072506181016494793e+02
4.054035127846507862e+02
4.035358290952974585e+02
4.016401531095439168e+02
3.997072622700300144e+02
3.977273728666028774e+02
3.956972336852052194e+02
3.936088027391383548e+02
3.914655030818724413e+02
3.892066126739240985e+02
3.868982954767568572e+02
3.845459773169994833e+02
3.821540992300427320e+02
3.797326245777213103e+02
3.772870626867394890e+02
3.748265396320013565e+02
3.723576074500244886e+02
3.698871196174072793e+02
3.674214465059931172e+02
3.649656877882865160e+02
3.625252290616896858e+02
3.601038608082315591e+02
3.577061331594632634e+02
3.553344532437905059e+02
3.529926910957435098e+02
3.506826557016365769e+02
3.484071765687886000e+02
3.461684092850724710e+02
3.439675707250770529e+02
3.418077011016002871e+02
3.396889222641214587e+02
3.376141772446945311e+02
3.355840104317118175e+02
3.335614708704279678e+02
3.315906810746350288e+02
3.296715663723243779e+02
3.278070265326517756e+02
3.259969621690581221e+02
3.242432386524963022e+02
3.225473923031371442e+02
3.209093536149817396e+02
3.193320840940965581e+02
3.178147702698563535e+02
3.163598253880771267e+02
3.149677375529865913e+02
3.136388319881688176e+02
3.123755313498409123e+02
3.111764893178875013e+02
3.100443473388845064e+02
3.089782614862977539e+02
3.079788549078090796e+02
3.070472972594926091e+02
3.061817279530615679e+02
3.053840505263638079e+02
3.046518063109112404e+02
3.039850558739611301e+02
3.033827046991709722e+02
3.028332765096553771e+02
3.023457196201641750e+02
3.019150704024016818e+02
3.015393632530315813e+02
3.012141464456248627e+02
3.009346726571006911e+02
3.006976577214993540e+02
3.004971807556174781e+02
3.003295795151025800e+02
3.001903803124841943e+02
3.000754545152716446e+02
2.999823202756089131e+02
2.999076242209266638e+02
2.998498502664663192e+02
2.998076444425913110e+02
2.997801533501215090e+02
2.997675872007287694e+02
2.997698848985197060e+02
2.997877697370951751e+02
2.998218076941161598e+02
2.998728378757029418e+02
2.999414436171055058e+02
3.000284700270273106e+02
3.001340247306556535e+02
3.003709200325851043e+02
3.006162236105639636e+02
3.008690880576925224e+02
3.011294369355192657e+02
3.013958224844684537e+02
3.016674058583017768e+02
3.019430275152942613e+02
3.022210737827155640e+02
3.025008521434065756e+02
3.027808111106847946e+02
3.030602790158414450e+02
3.033389333797802010e+02
3.036163644356538498e+02
3.038936760098237073e+02
3.041714802813320375e+02
3.044515918729027248e+02
3.047367402992377947e+02
3.050295553042948882e+02
3.053350038421567660e+02
3.056570508062400791e+02
3.060026585560088392e+02
3.063790035048929781e+02
3.067960398117621708e+02
3.072676551691989744e+02
3.077800534545368123e+02
3.083919695987406726e+02
3.091391713214173933e+02
3.100878225338013294e+02
3.113383300101481836e+02
3.130486293481027360e+02
3.154978497266198474e+02
3.190365172717317819e+02
3.241867273481315692e+02
3.313781422342223095e+02
3.406989861814735718e+02
3.515683192179721459e+02
3.625976126716581120e+02
3.722920754673805277e+02
3.798610424767383620e+02
3.852947675410303532e+02
3.890573799905304782e+02
3.917526112577230037e+02
3.938826436233842969e+02
3.959719708876323807e+02
3.984506396332390068e+02
4.015983672140509952e+02
4.051719298023800206e+02
4.084222324626141472e+02
4.104835546536334050e+02
4.109351788722943297e+02
4.100705893842566638e+02
4.083883555150704296e+02
4.062447193316434095e+02
4.038794635719787607e+02
4.014175121728931686e+02
3.989292571504381044e+02
3.964393333600651204e+02
3.939508606595297806e+02
3.914616991063485330e+02
3.889773560984579035e+02
3.865140449680441748e+02
3.841072285545802742e+02
3.817823189930330727e+02
3.795709229498353352e+02
3.774790367689583945e+02
3.755027768075104859e+02
3.736221933023975339e+02
3.718062238089826792e+02
3.700197586791695130e+02
3.682374030917707159e+02
3.664339644750746174e+02
3.647682765022523199e+02
3.631107905959430582e+02
3.614247306978396068e+02
3.597221198174771644e+02
3.580080250174213461e+02
3.562950704998533524e+02
3.545874874760491480e+02
3.528914128627543505e+02
3.512099560191643377e+02
3.495440948636440339e+02
3.478957389497163035e+02
3.462638906756816368e+02
3.446486623070878181e+02
3.430488002895606314e+02
3.414637117061436697e+02
3.398925119979394935e+02
3.383347735834839227e+02
3.367901722676889449e+02
3.352587623265893058e+02
3.337410142796634318e+02
3.322374164528871461e+02
3.307494356044826418e+02
3.292779879997199828e+02
3.278250115955742103e+02
3.264790456745394067e+02
3.251628916098356967e+02
3.238705162310922105e+02
3.226032152393781871e+02
3.213636325798922257e+02
3.201533943589872138e+02
3.189744924317978985e+02
3.178292700043617742e+02
3.167188709813441960e+02
3.156458163662690026e+02
3.146110395604711130e+02
3.136161023101896035e+02
3.126624162234157325e+02
3.117502689000738769e+02
3.108811164186460587e+02
3.100546394288854799e+02
3.092713713528095241e+02
3.085310854034898966e+02
3.078329190218086069e+02
3.071766791043389730e+02
3.065606571550752051e+02
3.059840207255870155e+02
3.054449818940715318e+02
3.049416939621700067e+02
3.044739954857245721e+02
3.040302462245311403e+02
3.036155825339773742e+02
3.032279440254702081e+02
3.028658489328558403e+02
3.025280426051634777e+02
3.022134987905987487e+02
3.019222033295591245e+02
3.016542917315940713e+02
3.014115440163943163e+02
3.011962302425882854e+02
3.010128648082144878e+02
3.008673668427066445e+02
3.007683271876825870e+02
3.007282555852858650e+02
3.007619098070879318e+02
3.008925597901521201e+02
3.011445233762464682e+02
3.015539810169872794e+02
3.021581158713226500e+02
3.029961750577961652e+02
3.041088205272845357e+02
3.055107394039516180e+02
3.072051748255574353e+02
3.091345135289119526e+02
3.112692297618324915e+02
3.135003708213830578e+02
3.157438638656108196e+02
3.179260016678815646e+02
3.200079499130066552e+02
3.219468960080147895e+02
3.237292894008146504e+02
3.253414023600104201e+02
3.267752122278199636e+02
3.280365977533415958e+02
3.291294637973763315e+02
3.300634865218005416e+02
3.308516909383995426e+02
3.314980805877129910e+02
3.320111534656659273e+02
3.323906844729073100e+02
3.326370953977914837e+02
3.327540381622387144e+02
3.327394924210310592e+02
3.326052950713316818e+02
3.323581888088221490e+02
3.320155573801534956e+02
3.316017115377914593e+02
3.310961097651745035e+02
3.305831479846026468e+02
3.301636529383679317e+02
3.299352188686282261e+02
3.300383045163530937e+02
3.306113243829078669e+02
3.318271758492695085e+02
3.338116464496360436e+02
3.366158676784428962e+02
3.402306420983321118e+02
3.444538935220101621e+02
3.489913067809181939e+02
3.535040116706288700e+02
3.576699364861565300e+02
3.612864895106477547e+02
3.642858630401426012e+02
3.666723259478171144e+02
3.686431713714911780e+02
3.703901612675842898e+02
3.720829533743491879e+02
3.737328872192434233e+02
3.752150025685723449e+02
3.764461859862519191e+02
3.775030502922579672e+02
3.785243002577946640e+02
3.798999290007147351e+02
3.815740412445392167e+02
3.829918845064316884e+02
3.835545645333984339e+02
3.831001289759300903e+02
3.819102681593907960e+02
3.802867725205678084e+02
3.784403526501392889e+02
3.764970299576567072e+02
3.745112227705232044e+02
3.725153357508022509e+02
3.705222615597928097e+02
3.685412060390275997e+02
3.665833559912117039e+02
3.646577591943317884e+02
3.627872022343477738e+02
3.609905525942624536e+02
3.593051221565254991e+02
3.577701146227202571e+02
3.564368287155731423e+02
3.553754274959106283e+02
3.546495658886790920e+02
3.543558517452651699e+02
3.544495413978444844e+02
3.552562247567503846e+02
3.566443062155387338e+02
3.585318027971075594e+02
3.608175603164647214e+02
3.634119914490768224e+02
3.662720361059558627e+02
3.694800669055197773e+02
3.731360770470784018e+02
3.774621214938406979e+02
3.826914145396597746e+02
3.890607283919823658e+02
3.968150661675184665e+02
4.058864846719893649e+02
4.160473945354347052e+02
4.268573697055111893e+02
4.376815459274321256e+02
4.476946817203430555e+02
4.561294596586682815e+02
4.627543257562471126e+02
4.680996257708512758e+02
4.728180222370849606e+02
4.776017864188801809e+02
4.828734189467195392e+02
4.886455261977209261e+02
4.945607676064893781e+02
5.000432015860562274e+02
5.048524417885857929e+02
5.090678137191877681e+02
5.127558108354839987e+02
5.159652681496858122e+02
5.187426059274343970e+02
5.211419283947141139e+02
5.232731709964429001e+02
5.252000579651261205e+02
5.269656541669454555e+02
5.285856164225046996e+02
5.300429865344423206e+02
5.313161113085980105e+02
5.323805383358796917e+02
5.332002183855850035e+02
5.337599445895825738e+02
5.340463317951849831e+02
5.340570793913746002e+02
5.338227472099504212e+02
5.333646957293849482e+02
5.327361681419216666e+02
5.319759010079322934e+02
5.310818941743571031e+02
5.301222654251957920e+02
5.291277334268721688e+02
5.281148198772500564e+02
5.270714967470281636e+02
5.259765850128649163e+02
5.247892342105126318e+02
5.234627342918012118e+02
5.219551273621116252e+02
5.202349143839227281e+02
5.182784146004959211e+02
5.160916735879604857e+02
5.136761379569602468e+02
5.110583666722102976e+02
5.082606716122149919e+02
5.053082575389040585e+02
5.022312471148960071e+02
4.990488262152805419e+02
4.957871794621358958e+02
4.924628912983808391e+02
4.890927663364162186e+02
4.856914586826701452e+02
4.822690370303446912e+02
4.788369205100544832e+02
4.754467536452674494e+02
4.720116696092370603e+02
4.685885319602035679e+02
4.651809530653994216e+02
4.617936287323773854e+02
4.584294964191580561e+02
4.550920085301662539e+02
4.517845880384940642e+02
4.485096263767433697e+02
4.452711151746543692e+02
4.420713540432907962e+02
4.389139735816623897e+02
4.358024377479570148e+02
4.327396151792951287e+02
4.297306128755673171e+02
4.267779960334437419e+02
4.238876581539483368e+02
4.210634926569118193e+02
4.183109316196809004e+02
4.156364974612861261e+02
4.130446020538896619e+02
4.105439989096821023e+02
4.081393196160549905e+02
4.058391362820368613e+02
4.036405842356102198e+02
4.015116192552781627e+02
3.995062852979970103e+02
3.976262311486214003e+02
3.958780854156768214e+02
3.942622431560382097e+02
3.927790774446744422e+02
3.914282843433777543e+02
3.902029377331373325e+02
3.890985082400688952e+02
3.881040589051987695e+02
3.872083837700742492e+02
3.863986829170534634e+02
3.856595139241424590e+02
3.849758086455688044e+02
3.843331552681208905e+02
3.837155558257165353e+02
3.831115754560565847e+02
3.825087208355255939e+02
3.818966827814691101e+02
3.812696120507560522e+02
3.806189197807455571e+02
3.799433475648601188e+02
3.792383137225667156e+02
3.784925815595999552e+02
3.777753284288111786e+02
3.770195482468716364e+02
3.762286661657046807e+02
3.754024452152230538e+02
3.745434748780507448e+02
3.736537852464774119e+02
3.727343210681255528e+02
3.717882345895422418e+02
3.708162006698151458e+02
3.698203383994985529e+02
3.688019481361416183e+02
3.677617933259697907e+02
3.667013483846872077e+02
3.656207137352859604e+02
3.645206429825916530e+02
3.634011369942152783e+02
3.622621863126831840e+02
3.611038199192513503e+02
3.599256679426391088e+02
3.587278039497192594e+02
3.575097486439051409e+02
3.562717655122934843e+02
3.550136896031073661e+02
3.536777307531345969e+02
3.522039337023600751e+02
3.507126321425819242e+02
3.492056090306519422e+02
3.476839299836176451e+02
3.461497372149644889e+02
3.446048342768946782e+02
3.430512112654043904e+02
3.414915505660346184e+02
3.399278066853028690e+02
3.383630474359384834e+02
3.367995492223855649e+02
3.352402637328355581e+02
3.336879534494607924e+02
3.321453605994448139e+02
3.306156307184475054e+02
3.291013793885369978e+02
3.276059043811725928e+02
3.261318556718391619e+02
3.246825064274680130e+02
3.232607869836225518e+02
3.218696761056247624e+02
3.205127837451534560e+02
3.191927617772315102e+02
3.178969832963624071e+02
3.165843983880795349e+02
3.153290623107343436e+02
3.141366124263515758e+02
3.130122033076348202e+02
3.119649039087077540e+02
3.110039285326820959e+02
3.101452565146904021e+02
3.094162299282614299e+02
3.088588654014376971e+02
3.085727663757642745e+02
3.087200478267903350e+02
3.095941398245786331e+02
3.115226442598585095e+02
3.143896862361648346e+02
3.173291702678009187e+02
3.193730218340091369e+02
3.203748000429404215e+02
3.207566648846396333e+02
3.208412567746729565e+02
3.207242291187461660e+02
3.204410138009455409e+02
3.201445225534466203e+02
3.200839912228806270e+02
3.211683871065320091e+02
3.233401962530022047e+02
3.266186348613931614e+02
3.307397848653433812e+02
3.349426930228186166e+02
3.386391405987012035e+02
3.417904478872857794e+02
3.446394583578671131e+02
3.473580893226234707e+02
3.500483271551867119e+02
3.527123308739500089e+02
3.553939813571425930e+02
3.581183656739211187e+02
3.609274062513608214e+02
3.638642664508615781e+02
3.669320453700782423e+02
3.701424054535281698e+02
3.734435385408129378e+02
3.767784375562602008e+02
3.800491880408190468e+02
3.831477452170003630e+02
3.859644893226133036e+02
3.884100093901076889e+02
3.904290439123317356e+02
3.921396746642764128e+02
3.932990211148720618e+02
3.940919249862126890e+02
3.946056147345095155e+02
3.949081149719970085e+02
3.950543598997956565e+02
3.950703195393290343e+02
3.949455885097264058e+02
3.946618661642431789e+02
3.941782293250971634e+02
3.934799718307779131e+02
3.925574588885787080e+02
3.914196577565055009e+02
3.900954313863002767e+02
3.886047566606159194e+02
3.869861292633430025e+02
3.852625255869322132e+02
3.834605860312753975e+02
3.816000980880645557e+02
3.796972191793425964e+02
3.777668143805259433e+02
3.758185819330959703e+02
3.738623012109364936e+02
3.719039509392474656e+02
3.699930901697668446e+02
3.681056835622972017e+02
3.662271319982252749e+02
3.643603765023312917e+02
3.625078265582190511e+02
3.606719928324812372e+02
3.588540008672093791e+02
3.570560196620266993e+02
3.552786799573283361e+02
3.535235185114684100e+02
3.517912978824024890e+02
3.500826579968405099e+02
3.483987613583943812e+02
3.467396221856777174e+02
3.451064455226980954e+02
3.434993092012985016e+02
3.419190874236086302e+02
3.403664736784663774e+02
3.388419272399333408e+02
3.373469711848235306e+02
3.358822905702597836e+02
3.344503017741476469e+02
3.330530086645245547e+02
3.316940988286161200e+02
3.303655614621806649e+02
3.290651064154776009e+02
3.278237989007807869e+02
3.266542627175965094e+02
3.255777703692357932e+02
3.246212025789679387e+02
3.238242403413576085e+02
3.232458715290621853e+02
3.229665581100299505e+02
3.231176084755327338e+02
3.239015991618289831e+02
3.256155009893748229e+02
3.287258385566870516e+02
3.335663356129708177e+02
3.400808417464588729e+02
3.474705529114120850e+02
3.547740221146730164e+02
3.614223237052280524e+02
3.680498700678787714e+02
3.760358549598948343e+02
3.866812389339179958e+02
4.007146549244702101e+02
4.153405646389699655e+02
4.264385095730581270e+02
4.338262352706567526e+02
4.406318522141409630e+02
4.477882569371970476e+02
4.549621777698146161e+02
4.616683993952948981e+02
4.686648172480228709e+02
4.762056395860520297e+02
4.836957407685684984e+02
4.902628663986529887e+02
4.962269730996373482e+02
5.028197266356269211e+02
5.105397441568704835e+02
5.174852337372033162e+02
5.214247693990753305e+02
5.222446093888474934e+02
5.212454145776041514e+02
5.193868942510014222e+02
5.171678195822831867e+02
5.148318817028707599e+02
5.124830277180809617e+02
5.101735612547369101e+02
5.079367062203544378e+02
5.057906395491431795e+02
5.037486236584832113e+02
5.016131405806422663e+02
4.995942612527592246e+02
4.977023641511297001e+02
4.959311050871707494e+02
4.942633189703197445e+02
4.926833233273740689e+02
4.911607002515076488e+02
4.896673914873072135e+02
4.881794615452498078e+02
4.866723307380046890e+02
4.851321414497507476e+02
4.835502840936205757e+02
4.819188014346711384e+02
4.802378505649230647e+02
4.785110822533095529e+02
4.767470553556955792e+02
4.749706207947629082e+02
4.732026598657961927e+02
4.714756153967314276e+02
4.698166259367590101e+02
4.682392911762792096e+02
4.667546130833496818e+02
4.653429197675514501e+02
4.639800953298096715e+02
4.625793590979044438e+02
4.610897114732550222e+02
4.595077193322716198e+02
4.578051210093854024e+02
4.559563278857700652e+02
4.539586065034446847e+02
4.518117219359343721e+02
4.495233366464079836e+02
4.471090762904485700e+02
4.445783262024676787e+02
4.419492090646957649e+02
4.392332825002689560e+02
4.364432343373560457e+02
4.335916974172367304e+02
4.306877405160327044e+02
4.277421483257726322e+02
4.247636745448412512e+02
4.217600433943171083e+02
4.187397453623537444e+02
4.157091225683411153e+02
4.126748477611085377e+02
4.096432982180673434e+02
4.066190915951594889e+02
4.036079947346609629e+02
4.004668666298422295e+02
3.972568289125551360e+02
3.940791888960981169e+02
3.909366080315949148e+02
3.878331473565156671e+02
3.847711960992561444e+02
3.817536300185832374e+02
3.787836011590330827e+02
3.758628811437988588e+02
3.729952376758564014e+02
3.701825345707555357e+02
3.674283690250796894e+02
3.647359999322641215e+02
3.621085052306444823e+02
3.595510080600852234e+02
3.570667477959685812e+02
3.546620725776462564e+02
3.523415965918946426e+02
3.501118856671787967e+02
3.479795357103479887e+02
3.459500070370212370e+02
3.440310284961478828e+02
3.422264857964847238e+02
3.405423045307713323e+02
3.390084225463558596e+02
3.376065105185002153e+02
3.363289872301203900e+02
3.351697349663429577e+02
3.341220842075334758e+02
3.331773514756870895e+02
3.323234646954603022e+02
3.315515653467767265e+02
3.308490527373517693e+02
3.302061412483755021e+02
3.296152277927577643e+02
3.290655450109510411e+02
3.285547227267269363e+02
3.280746808450019216e+02
3.276240202730387523e+02
3.271999030280341003e+02
3.267995194161475752e+02
3.264246137150099685e+02
3.260724597075454199e+02
3.257460008046006692e+02
3.254441130047350157e+02
3.251688898990092866e+02
3.249207472809140427e+02
3.246996274250521992e+02
3.244616995467419542e+02
3.242896005579879102e+02
3.241323372489411554e+02
3.239857043543286750e+02
3.238464840175870449e+02
3.237097085646981327e+02
3.235697040973049639e+02
3.234206390733924081e+02
3.232563474917695885e+02
3.230705629249137587e+02
3.228582599694897795e+02
3.226151907098869174e+02
3.223371474559568242e+02
3.220233584746024462e+02
3.216710328077727468e+02
3.212817007822648634e+02
3.208558902405119397e+02
3.203949208828871633e+02
3.199022933127392889e+02
3.193791012729246859e+02
3.188297939027952452e+02
3.182566518210859385e+02
3.176627851962897466e+02
3.170515627760018447e+02
3.163837575281863792e+02
3.156831045356957475e+02
3.149724788446389994e+02
3.142544957947137050e+02
3.135316215005503295e+02
3.128054782655813710e+02
3.120783709014318106e+02
3.113517132625971726e+02
3.106271877161393604e+02
3.099064392532914098e+02
3.091905996682197610e+02
3.084812953410366276e+02
3.077796810476734777e+02
3.070870885830894395e+02
3.064050501086667282e+02
3.057346334813461795e+02
3.050775274277696667e+02
3.044349734561585592e+02
3.038085505121936194e+02
3.031999755878458700e+02
3.026106255572911437e+02
3.020425358301012579e+02
3.014972793459065770e+02
3.009768064200296180e+02
3.004652952229558309e+02
3.000541079521076426e+02
2.996721834700961153e+02
2.993213249678674401e+02
2.990039778555175189e+02
2.987225944847697860e+02
2.984792932529369978e+02
2.982774315016687865e+02
2.981191578767940769e+02
2.980085926411695709e+02
2.979491285394462352e+02
2.979454628420417635e+02
2.980035867739662763e+02
2.981291436578602543e+02
2.983320468228744744e+02
2.986208734360393464e+02
2.990095854176587409e+02
2.995134839136398455e+02
3.001508120476246404e+02
3.009478417233270875e+02
3.019281982207932060e+02
3.031287773601685558e+02
3.045833814551059504e+02
3.063315899584437147e+02
3.084051159375340490e+02
3.108137870204666910e+02
3.135988264516552135e+02
3.167593793750461373e+02
3.202864589347450419e+02
3.241636531004118638e+02
3.283419402164129792e+02
3.327957878920653911e+02
3.374895290335350637e+02
3.424251479663434452e+02
3.476119112188327449e+02
3.530807612923587158e+02
3.588156802165767090e+02
3.647287178706782242e+02
3.705976697246629783e+02
3.761269666592177714e+02
3.810010366603813168e+02
3.850144714195722599e+02
3.881087258059543501e+02
3.903089120504799894e+02
3.917552415993581008e+02
3.925768956770259024e+02
3.929120445051298702e+02
3.928841503575886236e+02
3.925402890698629221e+02
3.919104635381678463e+02
3.911674911502523742e+02
3.903492761212561390e+02
3.894870248902209369e+02
3.885940899795864993e+02
3.876844920267558336e+02
3.867605986962701081e+02
3.858216263783127715e+02
3.848632096461449237e+02
3.838781158690872530e+02
3.828574092060221687e+02
3.817954847239601008e+02
3.806849763442381231e+02
3.795226107309704844e+02
3.783084355569575905e+02
3.770400959597163819e+02
3.757246508927627815e+02
3.743630138360334740e+02
3.729624772490140572e+02
3.715284761250157430e+02
3.700654854287513444e+02
3.685819275659040954e+02
3.670804145867600141e+02
3.656003717812154719e+02
3.640836960617122600e+02
3.625666699032652218e+02
3.610537392232055254e+02
3.595466113924881029e+02
3.580491855126807081e+02
3.565622744064716017e+02
3.550879049650396837e+02
3.536269346497664401e+02
3.521799550515357282e+02
3.507477200628962919e+02
3.493301987286939720e+02
3.479279724444488693e+02
3.465409676842179465e+02
3.451698370145000467e+02
3.438147310915788353e+02
3.424764464612702000e+02
3.411560521618334292e+02
3.398546910908495420e+02
3.385750403945002063e+02
3.373190881030255355e+02
3.360910376531110728e+02
3.348951523678958893e+02
3.337370255015129032e+02
3.327007017777909823e+02
3.317206712152127466e+02
3.308095190345140395e+02
3.299764377977917320e+02
3.292332447708961354e+02
3.285929128771905994e+02
3.280678429724343346e+02
3.276741337211440168e+02
3.274244565778989227e+02
3.273343931561129239e+02
3.274157517109452442e+02
3.276768063253736614e+02
3.281235653322453345e+02
3.287512615635315569e+02
3.295516512280664188e+02
3.305038564267101719e+02
3.315794969645803008e+02
3.327433939897604773e+02
3.339519800592119623e+02
3.351632780575953348e+02
3.363326654327032657e+02
3.374208093359186478e+02
3.383940190424538628e+02
3.392251478623012417e+02
3.398796770024841294e+02
3.403450338232302670e+02
3.406315179470420276e+02
3.407415038300181322e+02
3.406789127783185336e+02
3.404513686757327378e+02
3.400715346907542767e+02
3.395491336487711465e+02
3.389006662724003718e+02
3.381388058723912309e+02
3.372783807273269758e+02
3.363344341721572164e+02
3.353188672612801611e+02
3.342462605897136427e+02
3.331271348011116515e+02
3.319728086227568724e+02
3.307928589441982581e+02
3.295954228747054913e+02
3.283887729755065834e+02
3.271790844848048891e+02
3.259723744806123022e+02
3.247736257721144852e+02
3.235869821805803781e+02
3.224163628066563660e+02
3.212607965887522141e+02
3.201132733983704952e+02
3.189917374425026537e+02
3.178978459933737213e+02
3.168335109213427927e+02
3.157998354475202518e+02
3.147977087542756180e+02
3.138282784759807100e+02
3.128914942791580529e+02
3.119883101704104433e+02
3.111186137747728253e+02
3.102825625465658845e+02
3.094807246748337093e+02
3.087126260612408259e+02
3.079794124497864800e+02
3.072814583762570919e+02
3.066201057975034701e+02
3.059984062612564912e+02
3.054195072000181312e+02
3.048906900694337878e+02
3.044220021414620874e+02
3.040270058536061129e+02
3.037291776075275038e+02
3.035523115892727901e+02
3.035475180584510895e+02
3.037176300231491268e+02
3.040834955148167751e+02
3.046455705756375210e+02
3.053778292470645965e+02
3.062798374009046256e+02
3.073529982111924141e+02
3.086533968942100046e+02
3.101944763303408763e+02
3.119901376336783301e+02
3.140052864390814875e+02
3.162466926289890239e+02
3.187878200779809958e+02
3.218082352211710599e+02
3.255924011063800094e+02
3.303853869997240622e+02
3.363598945722898179e+02
3.434023830275820615e+02
3.509035928927332861e+02
3.580327577150014235e+02
3.642945295319476600e+02
3.697139355328461647e+02
3.745584353285417478e+02
3.789672712426015551e+02
3.827794656270575047e+02
3.856926313247463440e+02
3.877995773733057376e+02
3.892113670315433183e+02
3.900654246816390582e+02
3.905160494065794410e+02
3.906829787788602175e+02
3.906323304585120582e+02
3.904113760006454186e+02
3.900376297086721138e+02
3.895229313361519417e+02
3.888804005771000334e+02
3.881236599275111416e+02
3.872686778131667893e+02
3.863354604324318871e+02
3.853383227234773472e+02
3.842961464204648792e+02
3.832215093363014944e+02
3.821262092775087353e+02
3.810203620853250754e+02
3.799095820300260584e+02
3.788003852810969079e+02
3.776944308863344304e+02
3.765941816830226685e+02
3.754785121056066828e+02
3.742674391069012927e+02
3.731109335906839419e+02
3.720115366201534925e+02
3.709737626506055221e+02
3.700001325559663314e+02
3.690926419425489939e+02
3.682522724711117803e+02
3.674770753499046236e+02
3.667638521077660130e+02
3.661056526817021677e+02
3.654942706787280713e+02
3.649181292571724384e+02
3.643665555107708656e+02
3.638274544520579639e+02
3.632901828160966602e+02
3.627479044749487684e+02
3.621931044612546771e+02
3.616250871524896411e+02
3.610413348932910935e+02
3.604443909592727096e+02
3.598375970565206217e+02
3.592240964438759647e+02
3.586105175830808776e+02
3.580512611713686510e+02
3.574126192355004719e+02
3.567959213136805374e+02
3.562082554742318621e+02
3.556591036943024733e+02
3.551549521830467597e+02
3.547048115163083821e+02
3.543156548502207102e+02
3.539939869141811073e+02
3.537471069148512584e+02
3.535769082843515889e+02
3.534871874731710477e+02
3.534756169972161501e+02
3.535388482996060020e+02
3.536692249786050297e+02
3.538547709015065834e+02
3.540810840529055668e+02
3.543296889413038002e+02
3.545816121653313644e+02
3.548146737450662158e+02
3.550117244561300254e+02
3.551511790217007842e+02
3.552215817629098069e+02
3.552089074902902439e+02
3.551404658393004183e+02
3.550817621299879647e+02
3.549276791384755825e+02
3.546852888496118794e+02
3.543545454203626264e+02
3.539435951198715316e+02
3.534577470651965996e+02
3.529022254538123207e+02
3.522859629564817965e+02
3.516122283983795569e+02
3.508895614913394070e+02
3.501216427618627449e+02
3.493143115735666129e+02
3.484725409047769062e+02
3.475995927738741784e+02
3.467009477689742880e+02
3.457787817111309892e+02
3.448376394175712676e+02
3.438800225790670879e+02
3.429087206980167366e+02
3.419266749454957335e+02
3.409352785696695491e+02
3.399370072985652200e+02
3.389322247400867809e+02
3.378650904586335741e+02
3.368408951459014133e+02
3.358166301090723209e+02
3.347944507457097529e+02
3.337757822553981555e+02
3.327628164701889091e+02
3.317571656521428167e+02
3.307607463927039930e+02
3.297757808845647673e+02
3.288038297071740317e+02
3.278473720756539933e+02
3.269078777255241448e+02
3.259869786249157073e+02
3.250858188806864746e+02
3.242035934731427460e+02
3.233395616618038275e+02
3.224898213274167347e+02
3.216507359776535964e+02
3.208183406913191220e+02
3.199911982993187394e+02
3.191729197712295445e+02
3.183737342759472995e+02
3.176137429933131102e+02
3.169268918776906503e+02
3.164595256854091758e+02
3.162753040282615871e+02
3.165439906466207844e+02
3.176260963619308200e+02
3.201629970198341084e+02
3.245010023174613707e+02
3.301124242216782818e+02
3.355379498557733200e+02
3.401271786375780266e+02
3.444536897071554336e+02
3.493716472785436622e+02
3.553665225240472409e+02
3.623388460997956599e+02
3.697196063496114675e+02
3.767054823492936748e+02
3.827717164813117847e+02
3.876175633177091413e+02
3.913528354251694736e+02
3.941843509180574756e+02
3.964255382616512975e+02
3.983429122591859368e+02
4.001305333568503215e+02
4.019227727809174553e+02
4.037443732906824039e+02
4.054746414356599189e+02
4.070045601237044934e+02
4.083163303924739580e+02
4.092935890461503732e+02
4.098882950954837838e+02
4.100802797683639369e+02
4.099274805496839917e+02
4.094820126479938835e+02
4.088141273696427334e+02
4.079892099251639479e+02
4.070482478799972910e+02
4.060332749634275160e+02
4.049623468748379764e+02
4.038490699215937525e+02
4.026976972703914726e+02
4.015081387597225557e+02
4.002779330491845826e+02
3.990055224639463631e+02
3.976891697180132610e+02
3.963277228928715772e+02
3.949229993817862123e+02
3.934741240200424386e+02
3.919848071797705984e+02
3.904561620257562709e+02
3.887856447707667940e+02
3.871028434554295927e+02
3.853862716150165397e+02
3.836397225292105873e+02
3.818652627808638158e+02
3.800660716897965017e+02
3.782453766041988956e+02
3.764060647470990943e+02
3.745516317828528940e+02
3.726850194724318612e+02
3.708094478778917278e+02
3.689277799791281041e+02
3.670429567898731307e+02
3.651574508486208401e+02
3.632739849145649487e+02
3.613945587087113154e+02
3.595212119934965926e+02
3.576559334199924933e+02
3.558000677085771599e+02
3.539556213256347519e+02
3.521233819991133487e+02
3.503049811366590234e+02
3.485013681984031564e+02
3.467135346732304697e+02
3.448789629252516988e+02
3.430015859229745274e+02
3.411513184489193691e+02
3.393287637012113578e+02
3.375348463819932476e+02
3.357707314258830706e+02
3.340366915776835413e+02
3.323343121730813436e+02
3.306637432259077514e+02
3.290264073826407412e+02
3.274230386742203791e+02
3.258543627245958874e+02
3.243219517227377651e+02
3.228259605990542127e+02
3.213682664109209099e+02
3.199492572818889471e+02
3.185703390878469463e+02
3.172327054424275730e+02
3.159369017488350551e+02
3.146847713166293374e+02
3.134765603213638201e+02
3.123140076417403748e+02
3.111978460216620306e+02
3.101289417298740432e+02
3.090837869120537107e+02
3.080991072740603158e+02
3.071660369241740227e+02
3.062844187441901909e+02
3.054557677026498936e+02
3.046805750625914584e+02
3.039592764086096395e+02
3.032933273588413954e+02
3.026822609024935673e+02
3.021276114878899648e+02
3.016290838307895683e+02
3.011871832296364460e+02
3.008025366890124701e+02
3.004742555668385648e+02
3.002034666775246023e+02
2.999887846251818360e+02
2.998304989037928863e+02
2.997278355095603501e+02
2.996794269620816067e+02
2.996852132531269604e+02
2.997426645766437900e+02
2.998512260736295616e+02
3.000084700834955242e+02
3.002124419946059675e+02
3.004489967562619768e+02
3.007111906412808366e+02
3.010089937184534392e+02
3.013387563671238922e+02
3.016978242322896335e+02
3.020829595420005944e+02
3.024907548385716609e+02
3.029183840638832521e+02
3.033622144491225754e+02
3.038195774449956161e+02
3.042870352945319610e+02
3.047618940196094286e+02
3.052409983770585882e+02
3.057217056059103584e+02
3.062012612574388868e+02
3.066769410077014300e+02
3.071463268134372129e+02
3.076066602145489242e+02
3.080558765107410295e+02
3.084912019585657958e+02
3.089108566242035749e+02
3.093121084214855614e+02
3.096932514165799262e+02
3.100520836979411001e+02
3.103641798395334490e+02
3.106169801822848058e+02
3.108392588173480249e+02
3.110307234609783222e+02
3.111894847392450174e+02
3.113150017434535926e+02
3.114071879051406313e+02
3.114647641607582500e+02
3.114892907592411575e+02
3.114799175739762518e+02
3.114384324964360076e+02
3.113658751477323676e+02
3.112630819664689170e+02
3.111329547064357257e+02
3.109760969326375744e+02
3.107958021942292248e+02
3.105935827754887555e+02
3.103717920052278600e+02
3.101331558095525338e+02
3.098790726356103278e+02
3.096126541153334983e+02
3.093351937714411974e+02
3.090491661545995612e+02
3.087563035369034878e+02
3.084378935760173590e+02
3.080682048126235486e+02
3.076998179906248652e+02
3.073348461447378099e+02
3.069741107877418358e+02
3.066191704043488357e+02
3.062715609219943644e+02
3.059328319223893686e+02
3.056069456857009072e+02
3.052991665769399106e+02
3.050233971688108454e+02
3.048083141240429086e+02
3.047119926670426366e+02
3.048624315055831744e+02
3.054434187495465380e+02
3.066589418405626475e+02
3.084531485340483528e+02
3.104559919146315679e+02
3.122547312496329823e+02
3.137505222764899031e+02
3.149120875468721579e+02
3.157294009135518991e+02
3.161905426018502681e+02
3.163480714481076461e+02
3.163080953822357628e+02
3.164474828277831193e+02
3.165433746349010562e+02
3.166093288952429248e+02
3.166706370740903935e+02
3.167463206073683182e+02
3.168575583897766137e+02
3.170291889948804283e+02
3.172846164919222360e+02
3.176609957431313660e+02
3.181885529573301596e+02
3.189061967048892825e+02
3.198408588862314446e+02
3.209971270443328422e+02
3.223595977045599170e+02
3.238799193426384591e+02
3.255020949765657292e+02
3.271977572731262285e+02
3.289714159351572675e+02
3.308870584401975066e+02
3.330523621055387480e+02
3.355736981310901115e+02
3.385427238128091858e+02
3.419454410186185100e+02
3.457489679491840775e+02
3.497581885722695461e+02
3.536047809847734698e+02
3.570846127316930847e+02
3.600815700986752290e+02
3.625459826781582819e+02
3.645087723789581560e+02
3.660124522364293398e+02
3.671474744734702540e+02
3.679740873016202727e+02
3.685582396787928019e+02
3.689495459281214949e+02
3.691824194714265559e+02
3.692918494132472915e+02
3.693026021355677244e+02
3.692396611661620796e+02
3.691218061033116555e+02
3.689651601313721585e+02
3.687723133113993299e+02
3.685390610448600341e+02
3.682476455341633823e+02
3.678785471352418313e+02
3.674085356193353959e+02
3.668264294528335085e+02
3.662023768026998596e+02
3.654734267997579877e+02
3.646371644229551521e+02
3.637119097523899427e+02
3.627210549432130051e+02
3.616979785467379997e+02
3.614950968805113689e+02
3.604325672583857454e+02
3.593602299177375130e+02
3.582907357554262262e+02
3.572328641303150789e+02
3.561937503487358185e+02
3.551800766973386771e+02
3.541962960909853564e+02
3.532492791920927289e+02
3.523426905400131091e+02
3.514843035239174469e+02
3.506780146298510203e+02
3.499297664221563195e+02
3.492445004099870971e+02
3.486223018913769920e+02
3.480664494067590340e+02
3.475721818967392096e+02
3.471373401515184582e+02
3.467375537946886652e+02
3.463864530122942824e+02
3.460744024987400280e+02
3.457873199860507043e+02
3.455146980371823702e+02
3.452412615487274365e+02
3.449561947002817419e+02
3.446454452818738332e+02
3.442993316917223865e+02
3.439072351524274609e+02
3.434609210946838402e+02
3.429547732723170270e+02
3.423831666932210283e+02
3.417464550352080437e+02
3.410421234613708634e+02
3.402745193865458191e+02
3.394453490966050708e+02
3.385597421668858829e+02
3.376236711164797271e+02
3.366414969754307549e+02
3.356211701161640235e+02
3.345669949140828408e+02
3.334863200885245078e+02
3.323845733938085232e+02
3.312321388103819118e+02
3.300344003150329968e+02
3.288327682052849354e+02
3.276344008734234876e+02
3.264450602113686841e+02
3.252710504076322309e+02
3.241189643789624029e+02
3.229948080747487893e+02
3.219056629721810623e+02
3.208583125408839010e+02
3.198597792068695185e+02
3.189179060483522221e+02
3.180397755491142675e+02
3.172330306420220154e+02
3.165053352968711806e+02
3.158629161323447647e+02
3.153134621309288832e+02
3.148608283682046363e+02
3.145094632872844045e+02
3.142613542256414689e+02
3.141161756888415653e+02
3.140728763861762332e+02
3.141272592464217155e+02
3.142742936874977318e+02
3.144968957897156088e+02
3.148471815941252885e+02
3.152745455540343755e+02
3.157696210481917660e+02
3.163221273967111529e+02
3.169240220103447996e+02
3.175627679240084262e+02
3.182304466160248353e+02
3.189149076968106442e+02
3.196051968989111174e+02
3.202934848962742649e+02
3.209667842687992447e+02
3.216205885437627217e+02
3.222443217661145809e+02
3.228324283587862169e+02
3.233797560744906718e+02
3.238783999241969127e+02
3.243264191934188148e+02
3.247175808435560498e+02
3.250481640906751863e+02
3.253156696792349862e+02
3.255159321884579526e+02
3.256480135806236831e+02
3.257107925444018974e+02
3.256849684940312954e+02
3.256058796507317084e+02
3.254532402844209855e+02
3.252307518046265500e+02
3.249431144462113252e+02
3.245935968242154672e+02
3.241894451976463074e+02
3.237348780167323525e+02
3.232365912437974771e+02
3.227007962051958430e+02
3.221323526315993035e+02
3.215380934286127967e+02
3.209222810497197429e+02
3.202902941579154685e+02
3.196466482760886265e+02
3.189947115620619229e+02
3.183386241189768384e+02
3.176807253978943208e+02
3.170238325184250812e+02
3.163700359073004620e+02
3.157206937638585487e+02
3.150774741881360796e+02
3.144409679128237940e+02
3.138120576633485825e+02
3.131900395687846981e+02
3.125425990884740486e+02
3.119057498553354435e+02
3.112790743143663121e+02
3.106625427143340517e+02
3.100558509605440918e+02
3.094587994139209854e+02
3.088713516758051014e+02
3.082934353730282737e+02
3.077254187549478956e+02
3.071675718223442004e+02
3.066207798477685174e+02
3.060862000798638860e+02
3.055662022016553010e+02
3.050663533735636292e+02
3.046030242705263618e+02
3.042347275425462385e+02
3.041411530954705995e+02
3.049222318690680140e+02
3.075493372326881172e+02
3.120857299493353025e+02
3.167921546971209636e+02
3.229436888604839737e+02
3.360005343045891095e+02
3.605140475278740837e+02
3.954783150921109609e+02
4.353168707656491847e+02
4.744239232503904873e+02
5.139519797216431698e+02
5.460390704179699242e+02
5.660190768953640372e+02
5.762948316985015254e+02
5.796317207557985967e+02
5.789691100074622909e+02
5.764669200549176367e+02
5.733069872070551583e+02
5.699301008133729738e+02
5.665390211438641472e+02
5.632056142063278230e+02
5.599489242640681823e+02
5.567190196654785268e+02
5.534413870725659308e+02
5.500464850485089983e+02
5.465137482856230235e+02
5.428516001712570187e+02
5.390860077374985622e+02
5.352475860447352716e+02
5.313513218179575688e+02
5.272150561461177176e+02
5.229625601632135385e+02
5.186953064250740226e+02
5.144196780735825314e+02
5.101373798608012180e+02
5.058508077242229888e+02
5.015598941062580707e+02
4.972643768140486600e+02
4.929630393053317903e+02
4.886569363291587820e+02
4.843449985560276900e+02
4.800303612322816775e+02
4.757150823859483921e+02
4.714024268734517022e+02
4.670984276913713984e+02
4.628057089915330380e+02
4.585311613188283673e+02
4.542783576511881733e+02
4.500516433437895785e+02
4.458560254887682390e+02
4.416930061519086621e+02
4.375674239441874533e+02
4.334803659537402041e+02
4.294345918755177536e+02
4.254949983273308476e+02
4.215776721920177579e+02
4.177136265027082800e+02
4.139024470031420719e+02
4.101464756579633786e+02
4.064466409586411828e+02
4.028034161606612429e+02
3.992190464235672493e+02
3.956929147421490711e+02
3.922272278299938080e+02
3.888218771638735234e+02
3.854775568307665594e+02
3.821953809783504425e+02
3.789746673474419936e+02
3.758171010774214551e+02
3.727218948707131290e+02
3.696899558209376551e+02
3.667215351109405788e+02
3.638162229824462770e+02
3.609752012174494666e+02
3.581974744801900101e+02
3.554839108286685700e+02
3.528339533745175345e+02
3.502469210168033555e+02
3.478096038138051540e+02
3.454600554785944269e+02
3.431786795841167645e+02
3.409651126791405318e+02
3.388203644996440858e+02
3.367451040551628694e+02
3.347393373546388489e+02
3.328045578088805314e+02
3.309402925451444730e+02
3.291477476437493692e+02
3.274267306012187078e+02
3.257771587723945572e+02
3.241993160513345060e+02
3.226917431950991499e+02
3.212545015097097689e+02
3.198855721919160828e+02
3.185838218148446686e+02
3.173475694215516683e+02
3.161743811788381322e+02
3.150633725427049967e+02
3.140119873138959292e+02
3.130197046686098474e+02
3.120855080281875757e+02
3.112088992878420299e+02
3.104451379572532801e+02
3.097634743531978643e+02
3.091457306420882674e+02
3.085908177643859176e+02
3.080985134032247288e+02
3.076686491496251961e+02
3.072995445155131051e+02
3.069915901048265710e+02
3.067417513843609527e+02
3.065488356543023656e+02
3.064094209671489466e+02
3.063190313005733856e+02
3.062736393172513658e+02
3.062655212944536061e+02
3.062886678034618058e+02
3.063341580032061984e+02
3.063933070170099882e+02
3.064573876272273196e+02
3.065173519684244638e+02
3.065648763174640976e+02
3.065930356023424679e+02
3.065953528165936746e+02
3.065675542514720178e+02
3.065074875719806187e+02
3.064297118847038632e+02
3.063106127096737055e+02
3.061568135041002847e+02
3.059750923703758758e+02
3.057742334299131244e+02
3.055642826577492883e+02
3.053623584644300308e+02
3.051861966469862182e+02
3.050621813250811556e+02
3.050258424658537706e+02
3.051171077309699626e+02
3.053998777693921625e+02
3.059414359715528349e+02
3.068313933744860265e+02
3.081838215504137111e+02
3.101037946757066948e+02
3.127625589529848185e+02
3.163318083932275613e+02
3.210557526429284394e+02
3.272042448538214217e+02
3.347813986962872832e+02
3.434866543692225491e+02
3.526595554863228585e+02
3.616776507940820693e+02
3.701394128457208126e+02
3.779126077686029248e+02
3.851446693032359008e+02
3.920696513388842845e+02
3.987858239584475655e+02
4.053930910277763360e+02
4.117608584963584235e+02
4.176985070994542184e+02
4.229860682285490157e+02
4.274867755840501786e+02
4.311653730888495488e+02
4.341007876432270223e+02
4.363791020832243248e+02
4.381338142735659744e+02
4.394750081419069829e+02
4.404964673333010410e+02
4.412873297073591061e+02
4.419047205151721300e+02
4.424021844837187132e+02
4.428144589600448171e+02
4.431682911368345685e+02
4.434848049068180558e+02
4.437769472194759715e+02
4.440564802436908280e+02
4.443203047593308384e+02
4.445369542272861736e+02
4.447629126047376076e+02
4.450005965858900367e+02
4.452520257675527660e+02
4.455189192723051406e+02
4.458020309377279204e+02
4.461031707591662894e+02
4.464232143789084830e+02
4.467642237107048686e+02
4.471279230831658538e+02
4.475163829186270164e+02
4.479323219099672997e+02
4.483778744758928383e+02
4.488564893998989760e+02
4.493701555236798413e+02
4.499224199887840996e+02
4.505155243823447790e+02
4.511520838181367594e+02
4.518349905075571087e+02
4.525657038267414691e+02
4.533475834580510195e+02
4.541819508998176502e+02
4.550717365170896187e+02
4.559064945119357617e+02
4.567276547670476248e+02
4.576046162702801325e+02
4.585397700462648913e+02
4.595398664574890972e+02
4.606106208228499099e+02
4.617601756502429566e+02
4.630000157119741857e+02
4.643396773902578047e+02
4.657969467891211366e+02
4.673850975090459201e+02
4.691258810639977810e+02
4.710413271168914662e+02
4.731544864845076290e+02
4.754995313049189463e+02
4.781006239205268002e+02
4.809992181029712697e+02
4.842210209357901931e+02
4.877934197430200811e+02
4.917292324132358203e+02
4.960069320236142971e+02
5.005789117831853900e+02
5.053436303826294989e+02
5.101606158407342946e+02
5.145770797570000923e+02
5.186539745517191022e+02
5.222423019573418514e+02
5.252487303346547378e+02
5.275902007601441710e+02
5.292642533822445330e+02
5.302904003800915689e+02
5.307040558331894999e+02
5.305776155363231510e+02
5.299612046267022833e+02
5.289234817843290557e+02
5.275214464881312324e+02
5.258026253744297946e+02
5.238176127143116219e+02
5.215989121344691739e+02
5.191790023419164299e+02
5.165822062052640149e+02
5.138256911614616911e+02
5.109280873599677761e+02
5.079026235360071837e+02
5.047626909181642532e+02
5.015242488444661717e+02
4.981991360684240249e+02
4.948036870517532293e+02
4.912624887618568437e+02
4.876013948971805121e+02
4.839251201739777457e+02
4.802426389667889453e+02
4.765643944589851912e+02
4.728973237592848022e+02
4.692478855388627039e+02
4.656217197505472427e+02
4.620224245464215187e+02
4.584542576120695117e+02
4.549195401965372412e+02
4.514207005927401610e+02
4.479597141473452098e+02
4.445375142651864167e+02
4.411558743663344444e+02
4.378150410073634475e+02
4.345160140745240369e+02
4.312591884357296408e+02
4.280445678107661251e+02
4.248728748700913798e+02
4.217435303457838813e+02
4.186570133027910288e+02
4.156129654291277689e+02
4.126111448130542954e+02
4.097153248674472934e+02
4.068576035135352527e+02
4.040404391474225463e+02
4.012629466886436944e+02
3.985249495323354836e+02
3.958260516820866428e+02
3.931654843745815811e+02
3.905433337781571481e+02
3.879585878547503057e+02
3.854113358401255027e+02
3.829008930261927048e+02
3.804268666489532507e+02
3.779892303801995581e+02
3.755871574279408946e+02
3.732210693133407062e+02
3.708902783407204424e+02
3.685950976976491802e+02
3.663356194787723439e+02
3.641118564962801543e+02
3.619248986755150668e+02
3.597749224659038418e+02
3.576638034306998861e+02
3.555928244174909310e+02
3.535645703567037685e+02
3.515779024059861513e+02
3.496306885918346552e+02
3.477399167377916456e+02
3.459113724890742105e+02
3.441557730853697308e+02
3.424836009476753134e+02
3.409097791333601322e+02
3.394533288831640334e+02
3.381330492576651068e+02
3.369784133861271016e+02
3.360126554823132210e+02
3.352689924678485340e+02
3.347759003449984903e+02
3.345562201226255752e+02
3.346381795144858984e+02
3.350272656469019239e+02
3.357416300719764308e+02
3.367966594401995053e+02
3.382429273431384331e+02
3.402206207417125938e+02
3.430014709107310864e+02
3.471911958829955438e+02
3.536833837473329254e+02
3.637875659426879906e+02
3.784182952542330440e+02
3.968915184246720855e+02
4.158011106070565006e+02
4.316175302837084473e+02
4.430936534416766222e+02
4.509380566973972009e+02
4.562047108616417859e+02
4.601571068309157795e+02
4.633725284377403000e+02
4.657327357163929378e+02
4.668959096816274723e+02
4.668424442948753494e+02
4.657796690085409637e+02
4.640848786718810288e+02
4.620245771672975366e+02
4.598098652247487053e+02
4.575856580015016561e+02
4.554641911209876071e+02
4.535114796297840485e+02
4.517520538237328651e+02
4.501482936901755352e+02
4.486008483160756555e+02
4.469844877187433099e+02
4.451980512355168003e+02
4.429923966616074154e+02
4.405576218770694936e+02
4.378925453475907830e+02
4.350211219285718585e+02
4.319947114386970384e+02
4.288504159803605376e+02
4.256292663411430226e+02
4.223663398851694524e+02
4.190847187538893763e+02
4.158075916886311916e+02
4.125472056186104624e+02
4.093142560597858619e+02
4.061159863521425564e+02
4.029558302691667109e+02
3.998381465184099284e+02
3.967637384290916316e+02
3.937344180806759368e+02
3.907508912137540165e+02
3.878129393783237902e+02
3.849216500155253016e+02
3.820760399927145841e+02
3.792768076758679854e+02
3.765235597279081503e+02
3.738159859408445413e+02
3.711498743284241755e+02
3.684950838983216954e+02
3.658866144807712431e+02
3.633237046979361367e+02
3.608068811820041333e+02
3.583363640007564186e+02
3.559119631530875267e+02
3.535349322925881665e+02
3.512048537504686578e+02
3.489232870616928039e+02
3.466906034484733254e+02
3.445078416615240826e+02
3.423768497588965829e+02
3.402981232185400700e+02
3.382748092782305207e+02
3.363078905505724379e+02
3.344005664513875900e+02
3.325558459047518340e+02
3.307762485864177506e+02
3.290674598705737708e+02
3.274319021380068193e+02
3.258763193673262322e+02
3.244052415571189840e+02
3.230240407604703137e+02
3.217318079203479328e+02
3.205457007485786107e+02
3.194645128924451001e+02
3.184878328768371034e+02
3.176174511267503817e+02
3.168510825884795850e+02
3.161812659846773386e+02
3.156018242958067503e+02
3.150984402551787866e+02
3.146599485659655784e+02
3.142714956904795258e+02
3.139218144343535073e+02
3.135991470478198835e+02
3.132972951250697520e+02
3.130108909406533826e+02
3.127377869276685942e+02
3.124787005180337474e+02
3.122328596970741046e+02
3.120033564030927664e+02
3.117900797604402783e+02
3.115945315408829401e+02
3.114170199148248344e+02
3.112561639763461585e+02
3.111113219613396268e+02
3.109729687876762796e+02
3.107987635289454715e+02
3.106402669217081325e+02
3.104949658342987959e+02
3.103601996502325733e+02
3.102332816058926142e+02
3.101124537172416922e+02
3.099953223196446288e+02
3.098813727723004945e+02
3.097693391606546811e+02
3.096595813760138753e+02
3.095525833002400873e+02
3.094492195738629334e+02
3.093515545221765137e+02
3.092611940327092270e+02
3.091809693920232007e+02
3.091136471361514282e+02
3.090618589208086178e+02
3.090288059540108065e+02
3.090169538051181348e+02
3.090288196162169925e+02
3.090666951285728032e+02
3.091316924637440593e+02
3.092249069264902346e+02
3.093263002399770585e+02
3.094178403740898489e+02
3.095340159563135103e+02
3.096724887410535985e+02
3.098297574422299476e+02
3.100029475728605917e+02
3.101878770237219101e+02
3.103808295870200595e+02
3.105785505748744981e+02
3.107759681964993774e+02
3.109706958777113641e+02
3.111581162570108745e+02
3.113354891084838414e+02
3.115003580624829738e+02
3.116501339254298841e+02
3.117852678130344657e+02
3.119059747196978947e+02
3.120158873805933126e+02
3.121196402594761139e+02
3.122236057064306465e+02
3.123359408204775605e+02
3.124645665914561619e+02
3.126188112982876532e+02
3.128062865519556794e+02
3.131146823840898037e+02
3.135374254922761565e+02
3.140061386246325696e+02
3.145210753439093310e+02
3.150806174766445338e+02
3.156827202508146684e+02
3.163228464504407498e+02
3.169976704814807249e+02
3.177008881693301987e+02
3.184281788464845704e+02
3.191738541847074657e+02
3.199318829059417340e+02
3.206990042818426900e+02
3.214676550518370277e+02
3.222348897955695861e+02
3.229927803827392268e+02
3.237347859572544735e+02
3.244534619259694068e+02
3.251388461319556882e+02
3.257812756074547451e+02
3.263695264781929950e+02
3.268921183650814442e+02
3.273387231426145831e+02
3.277004983754212617e+02
3.279919606512560222e+02
3.281796646967092101e+02
3.282632575614407529e+02
3.282453352719915642e+02
3.281281851465464001e+02
3.279161589840931015e+02
3.276180116402363751e+02
3.272385924507020718e+02
3.267888207348447622e+02
3.262755845791587035e+02
3.257075620054370688e+02
3.250931167655083414e+02
3.244385943743457119e+02
3.237519447039635452e+02
3.230384622777100958e+02
3.223040998346022548e+02
3.215536707475985736e+02
3.207912804164632803e+02
3.200210296097043852e+02
3.192459132917235252e+02
3.184689182975755557e+02
3.176923772584439689e+02
3.169181699968918338e+02
3.161477188613168323e+02
3.153687255677505163e+02
3.145906423191863155e+02
3.138224330617634337e+02
3.130650904289542495e+02
3.123197714637436206e+02
3.115874517083515798e+02
3.114783102223656215e+02
3.108417482094635034e+02
3.101409844929019641e+02
3.094555432548445992e+02
3.087861085300121999e+02
3.081332913506688556e+02
3.074981690238189458e+02
3.068811692508692204e+02
3.062836060285290500e+02
3.057062285145580063e+02
3.051502302760903831e+02
3.046170725724566637e+02
3.041077849045233847e+02
3.036244527824470651e+02
3.031683313946373914e+02
3.027415468566625805e+02
3.023461580223543024e+02
3.019839812283303786e+02
3.016637873544920012e+02
3.013900269333719280e+02
3.011642952505395101e+02
3.009907842953485897e+02
3.008753680327488951e+02
3.008240674322562995e+02
3.008425598923842585e+02
3.009394512411278129e+02
3.011197363509007801e+02
3.013929125713167423e+02
3.017638435724095416e+02
3.022382538371040255e+02
3.028202184462827518e+02
3.035075732518281484e+02
3.042985649045715491e+02
3.051820974833517539e+02
3.061448430603375641e+02
3.071681748258004632e+02
3.082292781549083429e+02
3.093039895807072526e+02
3.103695072609808108e+02
3.114018096599031651e+02
3.123839854857993714e+02
3.133009958129419488e+02
3.141157990076958981e+02
3.148491417384757938e+02
3.154892255322249071e+02
3.160382525947795216e+02
3.164967686071025810e+02
3.168671293328473553e+02
3.171541740740760247e+02
3.173606686322939368e+02
3.174932718199823398e+02
3.175570372910530068e+02
3.175614538729645915e+02
3.175172498575857389e+02
3.174413511125152354e+02
3.173573463391019800e+02
3.172975648909450115e+02
3.173138678740894534e+02
3.174606830144713285e+02
3.178210909316426296e+02
3.184454862897214298e+02
3.193522134192162412e+02
3.204691735474391407e+02
3.216381375907211009e+02
3.226793304489609113e+02
3.235061790583497441e+02
3.241749294630630516e+02
3.248304730728487471e+02
3.257263338576005367e+02
3.271294137134352127e+02
3.293138110978974282e+02
3.324581745172591241e+02
3.364920715638992306e+02
3.411126394635689394e+02
3.458936534358526274e+02
3.505228472880175445e+02
3.548764635883183587e+02
3.589797031483913656e+02
3.628886711974873265e+02
3.666354073652139505e+02
3.702222934999754216e+02
3.736243717856679041e+02
3.768618355371732491e+02
3.799561632354008793e+02
3.829180847950481734e+02
3.857249012349799386e+02
3.882924704341778011e+02
3.905204594262068554e+02
3.923347060769085033e+02
3.936942862828278180e+02
3.945498013491086340e+02
3.950934681288903221e+02
3.953084034224798415e+02
3.952833674964231250e+02
3.950739468521321101e+02
3.947339824763608931e+02
3.942988771577781790e+02
3.937875583294770081e+02
3.932149480848229928e+02
3.925822096482751817e+02
3.918887127855484209e+02
3.911321134094188778e+02
3.903063539300270577e+02
3.894123699065738151e+02
3.884487864907723633e+02
3.874183659037791472e+02
3.863269812799356373e+02
3.851777364274884690e+02
3.839801972166139876e+02
3.827396877745161419e+02
3.814638420974249016e+02
3.801595762669788314e+02
3.788319331061047706e+02
3.774875245720754720e+02
3.761125732698316142e+02
3.747067466503219180e+02
3.732960542246105433e+02
3.718833097328108011e+02
3.704717820497835419e+02
3.690632251189514363e+02
3.676598302399402769e+02
3.662632129634197895e+02
3.648744379825538999e+02
3.634948797599262207e+02
3.621251571402456761e+02
3.607660793096559928e+02
3.594183625195233276e+02
3.580822034707057355e+02
3.567583629718821498e+02
3.554468301015645579e+02
3.541480675681344223e+02
3.528622854625035075e+02
3.515895024105681728e+02
3.503301834251029732e+02
3.490841423497496976e+02
3.478517828861242833e+02
3.466331159787649199e+02
3.454282324526889738e+02
3.441991314517359797e+02
3.429275770709326139e+02
3.416712319656581940e+02
3.404300078627447306e+02
3.392042462162900165e+02
3.379941806974889005e+02
3.367998612665308542e+02
3.356218433580045257e+02
3.344600388915593498e+02
3.333150693941610143e+02
3.321870357539157794e+02
3.310762866341481185e+02
3.299833264552471519e+02
3.289081960777573386e+02
3.278516324813875258e+02
3.268136991928801649e+02
3.257949069061003797e+02
3.247957188229087819e+02
3.238162193729988303e+02
3.228571875090004255e+02
3.219185234775150093e+02
3.210008762855114810e+02
3.201044087256278772e+02
3.192292626541293998e+02
3.183936148050256065e+02
3.175464650170272307e+02
3.167215963692224818e+02
3.159185729706715051e+02
3.151373389818481883e+02
3.143776461332628287e+02
3.136389034360182677e+02
3.129208945085999858e+02
3.122227463489024331e+02
3.115440269239261966e+02
3.108838296983144573e+02
3.102413500386535929e+02
3.096157540925850640e+02
3.090059423811098895e+02
3.084111746933142513e+02
3.078302427515021691e+02
3.072624752384840008e+02
3.067067552488097135e+02
3.061624515405160878e+02
3.056287935659474329e+02
3.051051656039847444e+02
3.045913423126950761e+02
3.040868235650106044e+02
3.035918039349401738e+02
3.030950212388765976e+02
3.025815480207665473e+02
3.020815596619412986e+02
3.015955767384712658e+02
3.011249496928726899e+02
3.006706602986648704e+02
3.002339669713868489e+02
2.998164888476135843e+02
2.994192552517740182e+02
2.990440555139483649e+02
2.986921427679702674e+02
2.983647857345443981e+02
2.980637032771298891e+02
2.977894592472657678e+02
2.975436614058522196e+02
2.973268136893165092e+02
2.971395030622161926e+02
2.969826526481629685e+02
2.968556806793115470e+02
2.967593457949552658e+02
2.966926962298103945e+02
2.966554121277362697e+02
2.966469168609435769e+02
2.966655810926698109e+02
2.967170287190119780e+02
2.967969406713248759e+02
2.968988448330106849e+02
2.970211285442489952e+02
2.971624763446823749e+02
2.973221888398261967e+02
2.974989305766874850e+02
2.976928399809757479e+02
2.979031221998802721e+02
2.981305092236891028e+02
2.983752647424910833e+02
2.986387106851440194e+02
2.989225246472097410e+02
2.992285634513762034e+02
2.995599610333991905e+02
2.999191770485267625e+02
3.003105098184168469e+02
3.007372261164021552e+02
3.012039574794437158e+02
3.017147013480956730e+02
3.022734949949053771e+02
3.028844315993457599e+02
3.035499911099286123e+02
3.042725556516581378e+02
3.050562728668657542e+02
3.059037528177433387e+02
3.067981631689142432e+02
3.077327525639369696e+02
3.086960233110394256e+02
3.096753276360133214e+02
3.106542516498868736e+02
3.116145869398579293e+02
3.125386882355928719e+02
3.134057258258955017e+02
3.141997176215633658e+02
3.149032147624408253e+02
3.155040534907814731e+02
3.159932523196363832e+02
3.163640319892426191e+02
3.166158783529859875e+02
3.167491715633403828e+02
3.167691871140788749e+02
3.166827651932492813e+02
3.164979213100934317e+02
3.162247254441784321e+02
3.158725776059148416e+02
3.154519169676864863e+02
3.149728348723799627e+02
3.144576374057468797e+02
3.138908098981854664e+02
3.132936508945161336e+02
3.126740976674443004e+02
3.120393383749909049e+02
3.113957444945896782e+02
3.107488552357317531e+02
3.101040037918861003e+02
3.094650418479741916e+02
3.088361631652733195e+02
3.082202631731390738e+02
3.076199566892778989e+02
3.070378164202577409e+02
3.064748988895628372e+02
3.059333419540824934e+02
3.054134079970613129e+02
3.049161027691063168e+02
3.044417854005517370e+02
3.039900392616498834e+02
3.035614844766437841e+02
3.031549558332052356e+02
3.027705982089363488e+02
3.024074226696284313e+02
3.020645569848764467e+02
3.017529808443295565e+02
3.014593599987305197e+02
3.011796895371562641e+02
3.009132907359407341e+02
3.006598366531938495e+02
3.004194262100021433e+02
3.001918871620487721e+02
2.999779900249956199e+02
2.997788354701357321e+02
2.995959825688048568e+02
2.994335483132552440e+02
2.992962847240959832e+02
2.991937276612277401e+02
2.991419803410990426e+02
2.991641224827718588e+02
2.993103807529459459e+02
2.996427543297275520e+02
3.002764427799509122e+02
3.013437246991783240e+02
3.029619570931589578e+02
3.051834047056855752e+02
3.079000899798503497e+02
3.110610990950696078e+02
3.146049417419845895e+02
3.184323506041088194e+02
3.225066415330443306e+02
3.274338825176348564e+02
3.340024799426313962e+02
3.419806680922537225e+02
3.494363236521221552e+02
3.557699902794796003e+02
3.623099702222059477e+02
3.703734299821901459e+02
3.808152580681998529e+02
3.936231552330434056e+02
4.075300030240168212e+02
4.211402506248981013e+02
4.346956051554425358e+02
4.493034580500977881e+02
4.648323426289211397e+02
4.795552687362152255e+02
4.915514893261764087e+02
5.002981262354736032e+02
5.061270114635366895e+02
5.099095903545843385e+02
5.122919809016942736e+02
5.137903402461633959e+02
5.147470122950087443e+02
5.154773302371258978e+02
5.161489687443270213e+02
5.167795068118981590e+02
5.174611657012279693e+02
5.182498064856616793e+02
5.191675764200814456e+02
5.202063415313374435e+02
5.213225301047874609e+02
5.224448161298188325e+02
5.234898133390755675e+02
5.243677988121812632e+02
5.250039855035920482e+02
5.253540416237227646e+02
5.253960975919915199e+02
5.251384679086279448e+02
5.246126753350938543e+02
5.238543948151874474e+02
5.229174246584123011e+02
5.218406291132038177e+02
5.206702014429146175e+02
5.194381985383674873e+02
5.181699658860144382e+02
5.168880230261659108e+02
5.155981208302549703e+02
5.143092343324876765e+02
5.130913268036874797e+02
5.118236146860460849e+02
5.104811644368949715e+02
5.090337538473821155e+02
5.074523987739624431e+02
5.057269180454914022e+02
5.038440460853479408e+02
5.018160998935153430e+02
4.996531784444683240e+02
4.973697203965726885e+02
4.949877105565203124e+02
4.925187447804815974e+02
4.899854758950740461e+02
4.874108760941495575e+02
4.848256282809072673e+02
4.822885000495602412e+02
4.798755536564986528e+02
4.777295926287026191e+02
4.760515468932386511e+02
4.751296257320584004e+02
4.753307840349249318e+02
4.768597621871621186e+02
4.796646333997062470e+02
4.831644051695317899e+02
4.866118971282728580e+02
4.896687632293704269e+02
4.924946417552426396e+02
4.956572750666061324e+02
4.999964785506467706e+02
5.058525838696543815e+02
5.126775864792058428e+02
5.188886656307358862e+02
5.231520891800846584e+02
5.252812625171678746e+02
5.257915890933579703e+02
5.253204038819994821e+02
5.244151006883106447e+02
5.234299951825695416e+02
5.227013711459266005e+02
5.225532359228536734e+02
5.234215184536126344e+02
5.255215361123804314e+02
5.287292459671826919e+02
5.323860756690344260e+02
5.359438986763392450e+02
5.393370240289320918e+02
5.425358000924030648e+02
5.449083963598175160e+02
5.464089130561891352e+02
5.472290420782475167e+02
5.477391917652743132e+02
5.482168782229405224e+02
5.486491805723173911e+02
5.488619414321055956e+02
5.487578042545994776e+02
5.483465096263925034e+02
5.477295364843409970e+02
5.469610868732094104e+02
5.460590231481048704e+02
5.450131110166770441e+02
5.437993510854248598e+02
5.423850349354172522e+02
5.407552692268224064e+02
5.388902025000337517e+02
5.367871579069524159e+02
5.344526095239054939e+02
5.318903305657338478e+02
5.291241792560308568e+02
5.261672827072727614e+02
5.230436413636375619e+02
5.197753015601567768e+02
5.164161758446520025e+02
5.129400720049208076e+02
5.093792937375918086e+02
5.057538035704639583e+02
5.020802439141604623e+02
4.983726202356256749e+02
4.946451441967946039e+02
4.909084608825490363e+02
4.871724481997629255e+02
4.834453392360248927e+02
4.797331576518904512e+02
4.760406808517293484e+02
4.723715707906274019e+02
4.687271078217608533e+02
4.651096158407029293e+02
4.615182255887193605e+02
4.579537153347826575e+02
4.544157381879603577e+02
4.509033167686067145e+02
4.474177685199069288e+02
4.439573569583092763e+02
4.405244100309271289e+02
4.371183397823206747e+02
4.337409116403361509e+02
4.304371561722069828e+02
4.271105239755980278e+02
4.238233183816677183e+02
4.205754995623902914e+02
4.173701105796333763e+02
4.142082405811992203e+02
4.110906862659768422e+02
4.080195007456404142e+02
4.049938443015792018e+02
4.020154839600257333e+02
3.990836436610856026e+02
3.961986299741597577e+02
3.933607308982332142e+02
3.905688649232478724e+02
3.878241581918160819e+02
3.851253358376000620e+02
3.824732896708724184e+02
3.798676684440931126e+02
3.773084308022442883e+02
3.747962211972251794e+02
3.723304073338467219e+02
3.699119302408511771e+02
3.675402989335040616e+02
3.652159311674755031e+02
3.630764411440341632e+02
3.610130581642790730e+02
3.589996250631900807e+02
3.570352661503719105e+02
3.551203843464788292e+02
3.532544095412733896e+02
3.514371015948394756e+02
3.496685140090247046e+02
3.479477479031335747e+02
3.462750826557938808e+02
3.446495202550132149e+02
3.430706896650660838e+02
3.415380928274060466e+02
3.400505118779451550e+02
3.386076880234486453e+02
3.372081794536151733e+02
3.358511319539393867e+02
3.345355968966937326e+02
3.332598699724953235e+02
3.320232767647321452e+02
3.308239704097567255e+02
3.296607801909535169e+02
3.285324940480498412e+02
3.274371555092769768e+02
3.263829584682925429e+02
3.253220090071914115e+02
3.242888731421941770e+02
3.232826300550069618e+02
3.223021203285067031e+02
3.213471888723090615e+02
3.204165261353301162e+02
3.195100307690620411e+02
3.186269473304913618e+02
3.177666880371935463e+02
3.169292407771991407e+02
3.161136463350832173e+02
3.153200801316268098e+02
3.145477674775123660e+02
3.137965129423418489e+02
3.130660497343367865e+02
3.123556572893340899e+02
3.116654252924715820e+02
3.109944962337049219e+02
3.103428121170373402e+02
3.097098983288489649e+02
3.090954646211899330e+02
3.084996041262347717e+02
3.079221210660550696e+02
3.073682660479665856e+02
3.068044401476818734e+02
3.062628181292917589e+02
3.057452144132408876e+02
3.052549289609477796e+02
3.047956121785991286e+02
3.043731791846381043e+02
3.039947386363884334e+02
3.036688231234574005e+02
3.034081461929355896e+02
3.032237337342984347e+02
3.031331673168759835e+02
3.031503566614317720e+02
3.032912651763267604e+02
3.035708619318382944e+02
3.039946129031869191e+02
3.045688168393243132e+02
3.052857204912060070e+02
3.061329873551825926e+02
3.070955323839799007e+02
3.081495301124243156e+02
3.092768653957015204e+02
3.104606695154875524e+02
3.116821919092473081e+02
3.129086807335290246e+02
3.141517761936520401e+02
3.153935431122062027e+02
3.166212831076890666e+02
3.178184589102103814e+02
3.189747843305286779e+02
3.200836745492591149e+02
3.211436337011139699e+02
3.221772098174906205e+02
3.232204526524857897e+02
3.243404900736012451e+02
3.256586389076950354e+02
3.273255591649275402e+02
3.295875360041458748e+02
3.327198119327662198e+02
3.370154867411943655e+02
3.427129101670176397e+02
3.499195187970055940e+02
3.584279291230778313e+02
3.675471682003441742e+02
3.760453881375653964e+02
3.832263460593871400e+02
3.894919758193669281e+02
3.955905606825859877e+02
4.015542575407593517e+02
4.072323722508019159e+02
4.122564887086722365e+02
4.169890319922741355e+02
4.220478627316267648e+02
4.276754839617737503e+02
4.336182285766129780e+02
4.395497632623932418e+02
4.452437702717848538e+02
4.505957372703510373e+02
4.553743113174835457e+02
4.594028103767042808e+02
4.624817071081877202e+02
4.646059547766879518e+02
4.657736352619888294e+02
4.663271251163020565e+02
4.660589785549822182e+02
4.656754899006575101e+02
4.648766806485759275e+02
4.637737514743994893e+02
4.624702490552363656e+02
4.610266683879663105e+02
4.594912354892562121e+02
4.578966164247248685e+02
4.561675486479356323e+02
4.543222290556092275e+02
4.524704241391753499e+02
4.506159114568631594e+02
4.487616336727052158e+02
4.469079184526864310e+02
4.450562844767751471e+02
4.432071142619454918e+02
4.413604125211847418e+02
4.395174722444577924e+02
4.376775679317462959e+02
4.358422351494317581e+02
4.340115177522748695e+02
4.321859979880575224e+02
4.303668158823523413e+02
4.285538782219267659e+02
4.267484725114080106e+02
4.249509023035195128e+02
4.231619844444817318e+02
4.213827075817360992e+02
4.196133291353919503e+02
4.178547276010135079e+02
4.161075414044297531e+02
4.143720958348455952e+02
4.126504867044026241e+02
4.108117404182895029e+02
4.089864990480587039e+02
4.071751366768940557e+02
4.053778971787517662e+02
4.035955552854327379e+02
4.018280785588158324e+02
4.000756009517949678e+02
3.983382586795823386e+02
3.966154246596928488e+02
3.949068675032312399e+02
3.932115490917904026e+02
3.915282391901361621e+02
3.898558287413742391e+02
3.881924397701343423e+02
3.865367946811728643e+02
3.848874654244070825e+02
3.832427563995925652e+02
3.816023845111956234e+02
3.799652216664693469e+02
3.783316355729845100e+02
3.767021070550047170e+02
3.750771723494451635e+02
3.734587175579075620e+02
3.718480439002125308e+02
3.702037576416565230e+02
3.685688716041678958e+02
3.669447022930185653e+02
3.653333511668232063e+02
3.637356419946526671e+02
3.621530869550260832e+02
3.605865075836838969e+02
3.590360179526240358e+02
3.575020380719839750e+02
3.559838007905921700e+02
3.544807020552398171e+02
3.529918908164968911e+02
3.515159331341581037e+02
3.500517377657458837e+02
3.485980726085688843e+02
3.471534340138563834e+02
3.457173469703208752e+02
3.442886177474899227e+02
3.428670296342661459e+02
3.414524555378659443e+02
3.400445308908743414e+02
3.386441806124179266e+02
3.372512588751735052e+02
3.358541343512800950e+02
3.344541792185829081e+02
3.330682135244887263e+02
3.316984369629525418e+02
3.303466248246960504e+02
3.290151714175568145e+02
3.277060783955499232e+02
3.264217686109510623e+02
3.251645610722513879e+02
3.239372877291907002e+02
3.227428652677807008e+02
3.215850666525788029e+02
3.204687281047871465e+02
3.193997968727501302e+02
3.183879982425500543e+02
3.174442934004235326e+02
3.165890668839953719e+02
3.158441438308046258e+02
3.152438654697981519e+02
3.148298935015301367e+02
3.146434651839867911e+02
3.147345599645126981e+02
3.151127069650318049e+02
3.157663646042242362e+02
3.166569525755326140e+02
3.176584591012033911e+02
3.186842682806764628e+02
3.196839478161076613e+02
3.206401562865906953e+02
3.216072598562553253e+02
3.226370284718178709e+02
3.238053367259440165e+02
3.251683222881745223e+02
3.267636904882621138e+02
3.286170276064705149e+02
3.307086293804253501e+02
3.329971983697872702e+02
3.353977819732088506e+02
3.377954394544606203e+02
3.400659184838411306e+02
3.421017599696808702e+02
3.438249878455168300e+02
3.452130218993807489e+02
3.462646185945646380e+02
3.470116113977379655e+02
3.474889608648161357e+02
3.477350995664251059e+02
3.477853477463496006e+02
3.476112446208267670e+02
3.472516533081536636e+02
3.467538088601287996e+02
3.461277007916289676e+02
3.453813361307971945e+02
3.445232902543392584e+02
3.435698802069924227e+02
3.425459378952024281e+02
3.414886596767116202e+02
3.404646321475366904e+02
3.395890182556102559e+02
3.390536453943204833e+02
3.392575706376381390e+02
3.407580675687452754e+02
3.443689983982034164e+02
3.505616532218966768e+02
3.587535564313544114e+02
3.674501877155514080e+02
3.755296174399471170e+02
3.826493293414610548e+02
3.888969012560414171e+02
3.941708508397169339e+02
3.985213194901569409e+02
4.024193856932573112e+02
4.062254624082695500e+02
4.103369943198595138e+02
4.147138563796360131e+02
4.197924622717256966e+02
4.262084621312453692e+02
4.339143613005767293e+02
4.422451860295640245e+02
4.510164256758496890e+02
4.607318916648355298e+02
4.716504299244373328e+02
4.824510203390115066e+02
4.912374787253434079e+02
4.971320726514566672e+02
5.006990613629936320e+02
5.026723985625836804e+02
5.037571179267166031e+02
5.042995481819210113e+02
5.044966422275418267e+02
5.044428061452785528e+02
5.041738053337089696e+02
5.037170799309616882e+02
5.030765414376047602e+02
5.022642860772909899e+02
5.012862159616411759e+02
5.000206302241030585e+02
4.985565317238121565e+02
4.969476746650661880e+02
4.952102566008026656e+02
4.933554436521883417e+02
4.913963008273772743e+02
4.893465934046304255e+02
4.872164683250276198e+02
4.850185305073819109e+02
4.827616238345126476e+02
4.804551532474122268e+02
4.781072178806267061e+02
4.757244830392555173e+02
4.733135567142201126e+02
4.708795609720848461e+02
4.684272020609242304e+02
4.659605299723812095e+02
4.634829131835704175e+02
4.609974266394938240e+02
4.585066875357431968e+02
4.560127952825386046e+02
4.535177599962212867e+02
4.510231056890075365e+02
4.485303103231098589e+02
4.459361870989470731e+02
4.433020916935486184e+02
4.406729816243281448e+02
4.380495814664074601e+02
4.354331368163299771e+02
4.328243261880210184e+02
4.302241116127100895e+02
4.276334463856784964e+02
4.250529448205632548e+02
4.224838630523434517e+02
4.199266934148351424e+02
4.173825647157488561e+02
4.148524167393690618e+02
4.123368595494818578e+02
4.098372827662226996e+02
4.073540473337605476e+02
4.048884305941312505e+02
4.024411577744803594e+02
4.000128898119888845e+02
3.976048141959996656e+02
3.952171686061869877e+02
3.928510926846575444e+02
3.905069921009090876e+02
3.881854467955830046e+02
3.858358507907854005e+02
3.834728573163556575e+02
3.811365030804495291e+02
3.788268902031010725e+02
3.765448879170516534e+02
3.742915203524250956e+02
3.720683244220655297e+02
3.698787856850772755e+02
3.677289657577017010e+02
3.656310883566275152e+02
3.636072295286577969e+02
3.616992047682774114e+02
3.599661251415679999e+02
3.584933454547361293e+02
3.573255267550632652e+02
3.564250703469073756e+02
3.556426468764273068e+02
3.548340231558544247e+02
3.539343209339582472e+02
3.530330330119889481e+02
3.522511157093501311e+02
3.517815335011212028e+02
3.518086051078032597e+02
3.524669496914050342e+02
3.537662082076490719e+02
3.553231866157773311e+02
3.567266589696045571e+02
3.576074676291125911e+02
3.578434766964638243e+02
3.575298997367411289e+02
3.568789211262226218e+02
3.560762353955549884e+02
3.553177894446513960e+02
3.547820772053503902e+02
3.546362153669703048e+02
3.550793767939269969e+02
3.562810231276840796e+02
3.583453053913856365e+02
3.612837601755070978e+02
3.648846798023294014e+02
3.688297314153652451e+02
3.727122743918581591e+02
3.761729951577348743e+02
3.789450790422696969e+02
3.809519337590083978e+02
3.821878364006367406e+02
3.828004376947970968e+02
3.829187645514460883e+02
3.825582926205494800e+02
3.819710885020797946e+02
3.812291465619481983e+02
3.803962957432021881e+02
3.795070262740312046e+02
3.785891578278944394e+02
3.776579260018864943e+02
3.767239801228710689e+02
3.757932915520090660e+02
3.748695707992089865e+02
3.739548929362542822e+02
3.730501218108668127e+02
3.721566430191651307e+02
3.712743296961378405e+02
3.704045982123306544e+02
3.695478928194155515e+02
3.687051153083311306e+02
3.678779828998494281e+02
3.670663429355826679e+02
3.662714495758820590e+02
3.654928125930154579e+02
3.647291534313185934e+02
3.639791990302014142e+02
3.632383952078490097e+02
3.624143863611079723e+02
3.615972818934796464e+02
3.607699481192886992e+02
3.599254748153716150e+02
3.590587719888283118e+02
3.581647312096052929e+02
3.572407463378709167e+02
3.562855857904349932e+02
3.552985703276669369e+02
3.542821513696322313e+02
3.532370615861884744e+02
3.521670943230398620e+02
3.510746022926323349e+02
3.499625017566733618e+02
3.488339552962171979e+02
3.476908442814082036e+02
3.465361366480190100e+02
3.453715450048952675e+02
3.441990557974605167e+02
3.430203973817903034e+02
3.418369265562848796e+02
3.406502936066306120e+02
3.394617542011810087e+02
3.382727090204006117e+02
3.370223234546370463e+02
3.357297340794955858e+02
3.344472127476325340e+02
3.331759600630888372e+02
3.319174348944057442e+02
3.306728519997739113e+02
3.294433768053033305e+02
3.282303081500865574e+02
3.270345361774014918e+02
3.258573711843164915e+02
3.246996593576785699e+02
3.235623962503324833e+02
3.224466501100308733e+02
3.213529861458303003e+02
3.202826301774730950e+02
3.192360251352003502e+02
3.182140902516965184e+02
3.172175582416498969e+02
3.162467801443083317e+02
3.153027782260330127e+02
3.143855902925206465e+02
3.134960511399148118e+02
3.126344166266880507e+02
3.118008639490989253e+02
3.109792257940265472e+02
3.101881774528197298e+02
3.094254150651441932e+02
3.086905726172724940e+02
3.079837393101287830e+02
3.073049959299251555e+02
3.066537006507691672e+02
3.060301857972702919e+02
3.054335697320798317e+02
3.048638175666783923e+02
3.043204033016598373e+02
3.038025362687319557e+02
3.033101282209334499e+02
3.028419412429701651e+02
3.023978301542281883e+02
3.019767147943591681e+02
3.015778697729411988e+02
3.012007221347512882e+02
3.008440964444757242e+02
3.005076540678499555e+02
3.001902023391423882e+02
2.998913790951422129e+02
2.996104446120821194e+02
2.993470319649928797e+02
2.991007891459596522e+02
2.988647910716915703e+02
2.986479328015608985e+02
2.984536541606128708e+02
2.982922839795937193e+02
2.981924267177260504e+02
2.982359927267071384e+02
2.986837345767896750e+02
3.003287050300878036e+02
3.055807726903837533e+02
3.201237955202572039e+02
3.504272612592058067e+02
3.906364376071924198e+02
4.309098544133779001e+02
4.741943082990869698e+02
5.145722837873752269e+02
5.467955508899013921e+02
5.738342931774503768e+02
5.954045127919205243e+02
6.087741525968436918e+02
6.150997610704785075e+02
6.182790245126313948e+02
6.208758922323390834e+02
6.246834654565625442e+02
6.307340659858697336e+02
6.375205279046416535e+02
6.423472986318396352e+02
6.453995697878408464e+02
6.477199831529072753e+02
6.498107589402615076e+02
6.518154281860942092e+02
6.537651957825050886e+02
6.556568348495351302e+02
6.574867438296977298e+02
6.592443927041617826e+02
6.609488452028269876e+02
6.626156800534628246e+02
6.642750732087565666e+02
6.659602309359999026e+02
6.676835097349495527e+02
6.694556712233294320e+02
6.712559759994840078e+02
6.730500620907052962e+02
6.747825847363964158e+02
6.763983476833365103e+02
6.778288353164348337e+02
6.790300243143697116e+02
6.799613656936726329e+02
6.804876920943552250e+02
6.807472591225563292e+02
6.806805074133355902e+02
6.802717277003829395e+02
6.794775988746083613e+02
6.782806216412407139e+02
6.766659593734211740e+02
6.746431859137850324e+02
6.722428595446850750e+02
6.694970666133432360e+02
6.664575465036213018e+02
6.631617374675782912e+02
6.596567050312902438e+02
6.559773752379111329e+02
6.521557330004193318e+02
6.482191056319260269e+02
6.441885504214579896e+02
6.400835213236982781e+02
6.359189363400072352e+02
6.317082023855906527e+02
6.274613927226149599e+02
6.231890033270120739e+02
6.188977068332056888e+02
6.145958153698627484e+02
6.102707969831357104e+02
6.060298461854976040e+02
6.017976423337133838e+02
5.975766034483198155e+02
5.933726956408148681e+02
5.891880343601031882e+02
5.850270002431542480e+02
5.808929248521254749e+02
5.767879814601191129e+02
5.727165164013955518e+02
5.686796458144933695e+02
5.646808487206474183e+02
5.607220131177252824e+02
5.568047100328024044e+02
5.529321134157021334e+02
5.491046780407218648e+02
5.453259866247718719e+02
5.415969338846597338e+02
5.379198849522737191e+02
5.342972950834803214e+02
5.307300611645814570e+02
5.272213323214745060e+02
5.237707585938559305e+02
5.203796511396852793e+02
5.170612798225752158e+02
5.138796342949738118e+02
5.107466469399034850e+02
5.076560972336733357e+02
5.046028307981379726e+02
5.015797840854379501e+02
4.985803024676015411e+02
4.955985797081996793e+02
4.926298736114775352e+02
4.896703860721582373e+02
4.867192687145146692e+02
4.837762705726391914e+02
4.808431295608706364e+02
4.779223973506981906e+02
4.750173617043198533e+02
4.721311872982284967e+02
4.692675661400139688e+02
4.664279845100309672e+02
4.636137087767411344e+02
4.608242503614755492e+02
4.580573978113567364e+02
4.553098051992431579e+02
4.525771503590191855e+02
4.498539471727849559e+02
4.471198392419184984e+02
4.443854913718781745e+02
4.416542273932003013e+02
4.389238329709569939e+02
4.361920318548843625e+02
4.334604129442186036e+02
4.307297782917094082e+02
4.280036989897328681e+02
4.252853627170033519e+02
4.225786717146557407e+02
4.198884666927923490e+02
4.172186912658146980e+02
4.145744602250127855e+02
4.119589130026059252e+02
4.093770449112134315e+02
4.068314594798156349e+02
4.043260446446105902e+02
4.018637347922781942e+02
3.994466296927890880e+02
3.970786111032219878e+02
3.947605551584840669e+02
3.924966392542915514e+02
3.902884882412416232e+02
3.881397451201082731e+02
3.860543945929718461e+02
3.840466635096257164e+02
3.821115822537219628e+02
3.802515923136851370e+02
3.784726242367285067e+02
3.767793103137161665e+02
3.751749148992327605e+02
3.736658650300810791e+02
3.722521365447661879e+02
3.709375612502877289e+02
3.697205028595968201e+02
3.685986355478709697e+02
3.675683093006870195e+02
3.666210875615250870e+02
3.657501088493008865e+02
3.649437253409373625e+02
3.641930799341189982e+02
3.634852578513047092e+02
3.628116335926571878e+02
3.621608891310033869e+02
3.615253169516664116e+02
3.608973598473000379e+02
3.602693276470704973e+02
3.596373607195470754e+02
3.589350144383318479e+02
3.581881824916308119e+02
3.574244020864935010e+02
3.566426142897417435e+02
3.558400582423993797e+02
3.550154548157981935e+02
3.541684799398671544e+02
3.532980554455526203e+02
3.524060382594404359e+02
3.514919927496598575e+02
3.505597100365455390e+02
3.496102392766147773e+02
3.486481350566182300e+02
3.476762824870688178e+02
3.466988316803076486e+02
3.457206535234427065e+02
3.447445946044147718e+02
3.437768343333364669e+02
3.428193654896626867e+02
3.418773567852118731e+02
3.409529829814390496e+02
3.400488907561946803e+02
3.391678440520995537e+02
3.383099292905777133e+02
3.374470052076939055e+02
3.365688042529691870e+02
3.357135249269740598e+02
3.348796291248591501e+02
3.340665465685844424e+02
3.332730125273471344e+02
3.324971619343423868e+02
3.317379922802318220e+02
3.309927542320139651e+02
3.302604933566524892e+02
3.295381784177650957e+02
3.288247826389817305e+02
3.281176731244716507e+02
3.274153183962750973e+02
3.267162932217905222e+02
3.260184359111504477e+02
3.253217817865910888e+02
3.246241339605020926e+02
3.239262111997297779e+02
3.232272020117787292e+02
3.225275781619208715e+02
3.218285350866664203e+02
3.211304162668180311e+02
3.204357870226874638e+02
3.197182229239221556e+02
3.189931372007094410e+02
3.182826479272962956e+02
3.175896235190604102e+02
3.169181872330618148e+02
3.162719607479251067e+02
3.156548653521229539e+02
3.150715987776944758e+02
3.145252014649821604e+02
3.140199570093655552e+02
3.135585396078055851e+02
3.131427204847619805e+02
3.127745717913050498e+02
3.124526174633794540e+02
3.121762468298773001e+02
3.119417701739637323e+02
3.117439090450285448e+02
3.115773580751065879e+02
3.114334536574529011e+02
3.113039116661306593e+02
3.111797325767640245e+02
3.110503353655384444e+02
3.109074074635968259e+02
3.107412272674734481e+02
3.105507215430721999e+02
3.103046293738029249e+02
3.100157071115625627e+02
3.096824292424096257e+02
3.093034677974062561e+02
3.088790775205856676e+02
3.084126039653208977e+02
3.079067403664724907e+02
3.073676157485338649e+02
3.068018371897087491e+02
3.062170018485973060e+02
3.056236176475679258e+02
3.050323373338657120e+02
3.044572209693419040e+02
3.039150775595466030e+02
3.034256401269611843e+02
3.030169924115411391e+02
3.027216350841434291e+02
3.025873046553608674e+02
3.026697063903203002e+02
3.030363663907110663e+02
3.037639593772154285e+02
3.049141624189629169e+02
3.065442215215784927e+02
3.086975980357424305e+02
3.114485079394127069e+02
3.149286645230783392e+02
3.192726763382247555e+02
3.246610931035268663e+02
3.311621812530842135e+02
3.386834926476323062e+02
3.469460145704378533e+02
3.554733713447722039e+02
3.637215352853026502e+02
3.712512857887219866e+02
3.777377817344772666e+02
3.830578519181585762e+02
3.872377447688693337e+02
3.903486984864888996e+02
3.925595788908953523e+02
3.940215587459268249e+02
3.948825098000919525e+02
3.952893285419634140e+02
3.956540715981503809e+02
3.956526676003817329e+02
3.954010754601462736e+02
3.949630646353276120e+02
3.943881566831652208e+02
3.935172715958827325e+02
3.923027438499291293e+02
3.910533156039494429e+02
3.897853617932751717e+02
3.885106677780570976e+02
3.872372193479613998e+02
3.859705988532540459e+02
3.847141314172356488e+02
3.834690425699136540e+02
3.822358574161699494e+02
3.810140976246417495e+02
3.798025299557486960e+02
3.786008158489137259e+02
3.774069650500285320e+02
3.762210472918965252e+02
3.750418396237986371e+02
3.738689423991340277e+02
3.727027042473514484e+02
3.715420980322533069e+02
3.703884189217225185e+02
3.692410638277748376e+02
3.681007753329157026e+02
3.669681658934619577e+02
3.658429730472084316e+02
3.646459547345972396e+02
3.633658360729559149e+02
3.621037987089894727e+02
3.608590043856605121e+02
3.596306593877146724e+02
3.584185290472584597e+02
3.572213271412173299e+02
3.560386419128168427e+02
3.548693765937045441e+02
3.537126887932126351e+02
3.525677336422147050e+02
3.514335562851366035e+02
3.503092366514412106e+02
3.491941425212017407e+02
3.480875299501018958e+02
3.469888576025459770e+02
3.458979179754872462e+02
3.448140548161603078e+02
3.437376844566104523e+02
3.426684643920207236e+02
3.416067659459357060e+02
3.405530904898092217e+02
3.395073602632818393e+02
3.384707219761468764e+02
3.374275684691979791e+02
3.363305489666893209e+02
3.352459541271225021e+02
3.341740762433698251e+02
3.331159412026399878e+02
3.320714862816364530e+02
3.310412864724934821e+02
3.300255366578741132e+02
3.290240011194164254e+02
3.280369255890038858e+02
3.270637418288973208e+02
3.261041664802197033e+02
3.251579198929241556e+02
3.242241116961112652e+02
3.233025967460198444e+02
3.223924675125999784e+02
3.214931826068187206e+02
3.206044776105337633e+02
3.197254788137190076e+02
3.188563246498659964e+02
3.179964675575391198e+02
3.171458838437152963e+02
3.163049348412095583e+02
3.154733789203699530e+02
3.146534311508610244e+02
3.138277894171658886e+02
3.130195279911553143e+02
3.122289890545279718e+02
3.114564984365151190e+02
3.107032377903054225e+02
3.099696776019339950e+02
3.092574530312184606e+02
3.085676075021921179e+02
3.079018070717472142e+02
3.072617344947804554e+02
3.066488844718925293e+02
3.060654135575201735e+02
3.055125346860639866e+02
3.049924167821894798e+02
3.045060626272401123e+02
3.040549531455161514e+02
3.036404853411550562e+02
3.032632466777525337e+02
3.029259677431442697e+02
3.026295476430643134e+02
3.023782426945543307e+02
3.021760503629532195e+02
3.020283352932860907e+02
3.019972678264194883e+02
3.020613281094060198e+02
3.022141161939874792e+02
3.024606772049392021e+02
3.028084140809613132e+02
3.032644245956014970e+02
3.038329035784489065e+02
3.045210139877927418e+02
3.053293063429042036e+02
3.062602074707623387e+02
3.073088545240506164e+02
3.084680978574049846e+02
3.097206015677143114e+02
3.110423461067674680e+02
3.123987645930843655e+02
3.137500185634713716e+02
3.150505686854295391e+02
3.162602335721783788e+02
3.173458527469369415e+02
3.182839552578236635e+02
3.190697521020535987e+02
3.197008484016998295e+02
3.201931940160849877e+02
3.205617879939727004e+02
3.208353085408297147e+02
3.210303454013713349e+02
3.211750582515898600e+02
3.212954846034697312e+02
3.214142691605526920e+02
3.215557596092273229e+02
3.217388024154591335e+02
3.219840107284189799e+02
3.223037464571328314e+02
3.227102761080957407e+02
3.232088460142005033e+02
3.238003240080408887e+02
3.244811114014203781e+02
3.252395543669487097e+02
3.260658653868620718e+02
3.269448518780885138e+02
3.278838284882911580e+02
3.289290507947326319e+02
3.303006483833136713e+02
3.326039991081399876e+02
3.372164752227401436e+02
3.440229779278958517e+02
3.492051866652346916e+02
3.509660091140575560e+02
3.517337176728557324e+02
3.525599237442941103e+02
3.544728346590441674e+02
3.589530740497752390e+02
3.667305119433750633e+02
3.774927473287197586e+02
3.943919873667438765e+02
4.184864737944831177e+02
4.418574750795273758e+02
4.602894454884066704e+02
4.761480626871791628e+02
4.908902863168545991e+02
5.084050245776188603e+02
5.283553535044151204e+02
5.464010809233084274e+02
5.641067335416637434e+02
5.830944534365098662e+02
5.994978102586891282e+02
6.097564982771662017e+02
6.146077729935481102e+02
6.166387814650272503e+02
6.173628758335469229e+02
6.174980155518258016e+02
6.173613845019674500e+02
6.170614648043803072e+02
6.166762249743219400e+02
6.162159568948633250e+02
6.157044313073673720e+02
6.151614764001445792e+02
6.146002449007039559e+02
6.140357277568992913e+02
6.134795421748581248e+02
6.129428441463926447e+02
6.124373928823910092e+02
6.119732551366375901e+02
6.115614621211608437e+02
6.112139555410766434e+02
6.109407402811650627e+02
6.107555563753497836e+02
6.106695925185622400e+02
6.106961647516354788e+02
6.108492904158210877e+02
6.111382805143744008e+02
6.115762881197515526e+02
6.121667122441474476e+02
6.129167276973759044e+02
6.138239475714146920e+02
6.148903777278355847e+02
6.157759513262091104e+02
6.165773026056217532e+02
6.175149238224677219e+02
6.185859816623416236e+02
6.197950587413874928e+02
6.211190194790951864e+02
6.225192968968132163e+02
6.239335446762096353e+02
6.252733635709205373e+02
6.264443775509183752e+02
6.273465843384822165e+02
6.278962131349570654e+02
6.280141163377719522e+02
6.276639606651538088e+02
6.268034589929027334e+02
6.254424598446800019e+02
6.235868434488639878e+02
6.212700343886101564e+02
6.185378323652741983e+02
6.154299308841231095e+02
6.120061697480889507e+02
6.083072597512601760e+02
6.043835660416966675e+02
6.002744426177416699e+02
5.956927328812818132e+02
5.909081257546391726e+02
5.860421007518732495e+02
5.811166769005209289e+02
5.761482965628208603e+02
5.711515831575210314e+02
5.661395856331803316e+02
5.611229157080086907e+02
5.561109792314539391e+02
5.511123708479532297e+02
5.461335213214795203e+02
5.411808561317665180e+02
5.362598333817952607e+02
5.313743951886572177e+02
5.265296460062714914e+02
5.217279653012436711e+02
5.169731827944776796e+02
5.122677816013698475e+02
5.076134992515468412e+02
5.030133845327950439e+02
4.984677903276784718e+02
4.939792413233365664e+02
4.895482879625959640e+02
4.851758162204579889e+02
4.807445280942478689e+02
4.763331948892762284e+02
4.719870131074160327e+02
4.677048693438642317e+02
4.634871279769917578e+02
4.593334051270824148e+02
4.552426337312932105e+02
4.512151697062361109e+02
4.472491936307882270e+02
4.433449288593564575e+02
4.395009836066170692e+02
4.357164669803681250e+02
4.319910212802999467e+02
4.283227097233366862e+02
4.247117254825269015e+02
4.211561573023957408e+02
4.176555806267413118e+02
4.142091096941496744e+02
4.108152349185463663e+02
4.074740532349088085e+02
4.041837116293841632e+02
4.009442295536336474e+02
3.977545813329888915e+02
3.946139168864707472e+02
3.915477516508603344e+02
3.885292824857907590e+02
3.855616279247834086e+02
3.826433320053063767e+02
3.797743729073167742e+02
3.769545923476551934e+02
3.741835251791315500e+02
3.714623439825413129e+02
3.687907378135283238e+02
3.661706663563352890e+02
3.636030921779001801e+02
3.610902837221133268e+02
3.586355438502271795e+02
3.562419312808083873e+02
3.539158141317011541e+02
3.516626401564199114e+02
3.494924042269403799e+02
3.474156337826888716e+02
3.454469180326990454e+02
3.436051986260947047e+02
3.419102461470693015e+02
3.403918620200560667e+02
3.390764098446180128e+02
3.380003671455659173e+02
3.372316178921231540e+02
3.368151049457937347e+02
3.367248575414988068e+02
3.369722836351780870e+02
3.375729637471808360e+02
3.385217225238030210e+02
3.397891729821029685e+02
3.413432048401181191e+02
3.431121608414562161e+02
3.450171705440546361e+02
3.469660044091882014e+02
3.488529260327139241e+02
3.505852762218544285e+02
3.520903653065694243e+02
3.533086109166418396e+02
3.542274409642544128e+02
3.548434549100291520e+02
3.551764940685704914e+02
3.552620547646602631e+02
3.551263833856581300e+02
3.548091800292855282e+02
3.543340200314050890e+02
3.537277249785597633e+02
3.530099766411236715e+02
3.521057537493073823e+02
3.510150248317874002e+02
3.498547469469014572e+02
3.486361518772308159e+02
3.473695750962216948e+02
3.460630119779631286e+02
3.447252287681415623e+02
3.433637039436271721e+02
3.419846222445207218e+02
3.405950530608383247e+02
3.391994533110819248e+02
3.378031320945707989e+02
3.364101176726967992e+02
3.350233450169433240e+02
3.336464549519823777e+02
3.322810391232421807e+02
3.309296704582607731e+02
3.295939161360694243e+02
3.282748173480806599e+02
3.269741999047680565e+02
3.256923908277519217e+02
3.244308554465550856e+02
3.231901405350727146e+02
3.219708672019696678e+02
3.207768117743896710e+02
3.195739398408102829e+02
3.184004089007862603e+02
3.172557709433123136e+02
3.161402568536837521e+02
3.150539114400340850e+02
3.139963181294329502e+02
3.129679658153931427e+02
3.119681919388943356e+02
3.109973626270679006e+02
3.100551652962294611e+02
3.091414451817529425e+02
3.082564765157447937e+02
3.073996972106045291e+02
3.065716434420124301e+02
3.057719096839862800e+02
3.050007995210677905e+02
3.042585158900977262e+02
3.035449458497079149e+02
3.028608417094309289e+02
3.022060171528024171e+02
3.015812863611288890e+02
3.009869121805917871e+02
3.004232995422482304e+02
2.998854650613035346e+02
2.993802802374469252e+02
2.989156304437555605e+02
2.984920251811461753e+02
2.981104788784230664e+02
2.977717122396517766e+02
2.974754035193947743e+02
2.972224134551329939e+02
2.970114503397516046e+02
2.968426645308235265e+02
2.967150066043873267e+02
2.966269933188694949e+02
2.965786179429004505e+02
2.965672367673705025e+02
2.965928675720275010e+02
2.966532889763332150e+02
2.967468755172007491e+02
2.968726196005954421e+02
2.970270329217700009e+02
2.972092649111235119e+02
2.974153221050739830e+02
2.976426432554515031e+02
2.978877417277922177e+02
2.981462284765914887e+02
2.984188258904019335e+02
2.987622459640759871e+02
2.990984880645141857e+02
2.994236177550413345e+02
2.997339329251613549e+02
3.000259921260522447e+02
3.002972109777787182e+02
3.005444818868220977e+02
3.007665679266173129e+02
3.009617184722619072e+02
3.011293045413211189e+02
3.012701418046788717e+02
3.013843848082507861e+02
3.014761903887197718e+02
3.015507794694278232e+02
3.016190299629947731e+02
3.017042156674810371e+02
3.018471991291037853e+02
3.021334227368200800e+02
3.027398217146482011e+02
3.039542280412745185e+02
3.063240784368115328e+02
3.102844312757432021e+02
3.157819684663209046e+02
3.215888672281149070e+02
3.262855000330219468e+02
3.294889545008815617e+02
3.319175467466062059e+02
3.344998795382213643e+02
3.383685029152641732e+02
3.446133730089396181e+02
3.540187331475202086e+02
3.661598613101442652e+02
3.802909851255499802e+02
3.963341012604094544e+02
4.141607902488951254e+02
4.328402740585818265e+02
4.502439833188904572e+02
4.640821995178870338e+02
4.731679287666644314e+02
4.781299090417339812e+02
4.802592493234712947e+02
4.807525040944138937e+02
4.802975485581011412e+02
4.793029805129690430e+02
4.779746687397363303e+02
4.764339245276055408e+02
4.747462825482747348e+02
4.730017441800425217e+02
4.711739441266949484e+02
4.692887105349396393e+02
4.673615571641591941e+02
4.654019272190008678e+02
4.634186276408253775e+02
4.614180172302541791e+02
4.594049095814318662e+02
4.573838405352184964e+02
4.553576378693223319e+02
4.533292779921477518e+02
4.513007703245964990e+02
4.492738639784430461e+02
4.472500612393768051e+02
4.452304915427595802e+02
4.432161979833712735e+02
4.412080139247115653e+02
4.392066476049725452e+02
4.372127078094275134e+02
4.352267683633995716e+02
4.332492475169513568e+02
4.312806037493645590e+02
4.293211891096610771e+02
4.273713178603779852e+02
4.254151679663106620e+02
4.234550397035633296e+02
4.215051942330413226e+02
4.195657271307179030e+02
4.176368983298955300e+02
4.157188138637196175e+02
4.138115857018972861e+02
4.119154014813803428e+02
4.100302412093610656e+02
4.081563325019010904e+02
4.062936279824756411e+02
4.044422232723429147e+02
4.026022191589352701e+02
4.007735133491755164e+02
3.989563452545433506e+02
3.971505516809641563e+02
3.953562894854316028e+02
3.935735711943207775e+02
3.918023399383874903e+02
3.900428220417824718e+02
3.882948525616116626e+02
3.865586653636932510e+02
3.848342397147391694e+02
3.831216408149064705e+02
3.814120730332493281e+02
3.797075817908364002e+02
3.780158155538148321e+02
3.763367510415371839e+02
3.746706697247888087e+02
3.730177340197328135e+02
3.713780199037445868e+02
3.697518785652164297e+02
3.681392571030957583e+02
3.665405075669466441e+02
3.649556647590706575e+02
3.633848385759278017e+02
3.618282822107909737e+02
3.602858335437048822e+02
3.587578095299413121e+02
3.572440360947363729e+02
3.557445700762493743e+02
3.542594662397909815e+02
3.527884456050853714e+02
3.513316541178089665e+02
3.498887285328588064e+02
3.484595902127246632e+02
3.470440931953085055e+02
3.456418305900079986e+02
3.442986010099026544e+02
3.429824607657627666e+02
3.416799179557407911e+02
3.403906763210278541e+02
3.391144000587486858e+02
3.378509575549077226e+02
3.365999524347560623e+02
3.353612642648074598e+02
3.341346291926116692e+02
3.329199321839986396e+02
3.317171472544165454e+02
3.305263047385288928e+02
3.293476835755421348e+02
3.281816460949697216e+02
3.270291403728803061e+02
3.258911173854088474e+02
3.247696199267572297e+02
3.236668839154569923e+02
3.225866818813617556e+02
3.215340504209617052e+02
3.205152921542438094e+02
3.195407492054156933e+02
3.186213329730957753e+02
3.177756224458718748e+02
3.170588611919940831e+02
3.164886958787276399e+02
3.160800120840521004e+02
3.158710196620284023e+02
3.159218417235809966e+02
3.162826556794458384e+02
3.170176800442922627e+02
3.181877971952144435e+02
3.198327109821003660e+02
3.220035018154152340e+02
3.247194484194215534e+02
3.280079215651491609e+02
3.319237826485759797e+02
3.364893399275725301e+02
3.417582558990102370e+02
3.477007476765373326e+02
3.541955057444592967e+02
3.610768627430792321e+02
3.680460669579766204e+02
3.747884383861958213e+02
3.810137365654167070e+02
3.864571180198140041e+02
3.909809743399783315e+02
3.945749951650183789e+02
3.971263944487604363e+02
3.989062314990963500e+02
4.000269053311776588e+02
4.006175642473875769e+02
4.007977042704669657e+02
4.006725088874438256e+02
4.004034320126898479e+02
4.002724558153086036e+02
4.009891827103926403e+02
4.044963105638764773e+02
4.142695093988484132e+02
4.337557607546467580e+02
4.599493526286303222e+02
4.829610163288306808e+02
4.966139945045761124e+02
5.043472407450554442e+02
5.103623712416543867e+02
5.167965654364869579e+02
5.234681858124414475e+02
5.293806265067523782e+02
5.341706822174957097e+02
5.381351358576558823e+02
5.417587363454824754e+02
5.450895379517005495e+02
5.475492865639349702e+02
5.492077163707289174e+02
5.498879865572745302e+02
5.496461687644599579e+02
5.485964927999482370e+02
5.468415635779344939e+02
5.445310385558095732e+02
5.417704898064548615e+02
5.386803589344457350e+02
5.353403376678331824e+02
5.317805707109516788e+02
5.280132368479613660e+02
5.240397528373398472e+02
5.198833091295921349e+02
5.155949520742532286e+02
5.112192050039330411e+02
5.068053248152304491e+02
5.023837373307903249e+02
4.979769234591353779e+02
4.936005729193913680e+02
4.892614022755872725e+02
4.849668814886699124e+02
4.807182657263478518e+02
4.765176593171729564e+02
4.723278451950903900e+02
4.680805336089592288e+02
4.638898753387434226e+02
4.597531715385033522e+02
4.556713149478164837e+02
4.516425823696981752e+02
4.476661718586579468e+02
4.437424122874593309e+02
4.398689922236778784e+02
4.360472204369978613e+02
4.322751066318499511e+02
4.285530744448274731e+02
4.248811714182235164e+02
4.212581569290562129e+02
4.176857233457743064e+02
4.141622453037252853e+02
4.106892609754972909e+02
4.072666775153738286e+02
4.038947191302899000e+02
4.005753121884597476e+02
3.973083088024479821e+02
3.940971188994845988e+02
3.909441595309047557e+02
3.878561429549809532e+02
3.848459883279418250e+02
3.818592373348045044e+02
3.790256095947427184e+02
3.764185373717336915e+02
3.741628544362843627e+02
3.723998547104999943e+02
3.712715270543822044e+02
3.707137765576978268e+02
3.704482979992357627e+02
3.700783427716950200e+02
3.693635368579854799e+02
3.682491376911569319e+02
3.668601638195707437e+02
3.653036386325570675e+02
3.636964907916540142e+02
3.621186185838649862e+02
3.606487588910829913e+02
3.593621580544831318e+02
3.583500861062154854e+02
3.577231326692573816e+02
3.575826866404339626e+02
3.580240505877167720e+02
3.590384152541006415e+02
3.605319722306435324e+02
3.623180076497799860e+02
3.642406761965740429e+02
3.663271006713266615e+02
3.685800136521404511e+02
3.709740527710172842e+02
3.734911553611320301e+02
3.760987353739742503e+02
3.787887445158651190e+02
3.814909088325106836e+02
3.841178739454373954e+02
3.865595665860018357e+02
3.887375785506681609e+02
3.906115925511539899e+02
3.921591872858357419e+02
3.933056285728781063e+02
3.939729401024537765e+02
3.940947818800403866e+02
3.936448998015476377e+02
3.927070930655584675e+02
3.913627147482746409e+02
3.897260568311432394e+02
3.878876012067835859e+02
3.859145006336049732e+02
3.838640502751795793e+02
3.817026927244993431e+02
3.794722615479737442e+02
3.772580278061424224e+02
3.750688531956335510e+02
3.729127038293511305e+02
3.707928354255198542e+02
3.687122946040901752e+02
3.666732776838053383e+02
3.646756818615503448e+02
3.627212668515025484e+02
3.608091015466157501e+02
3.589397221819617130e+02
3.571130226646346273e+02
3.553280970988456602e+02
3.535857576373508664e+02
3.518845488375919786e+02
3.502252551014084361e+02
3.486069895701209589e+02
3.470293954779568253e+02
3.454926975602173229e+02
3.439955753877305256e+02
3.425384894629399923e+02
3.411200291728542879e+02
3.397397134289687983e+02
3.383751498667583633e+02
3.370208398870343558e+02
3.357056754458631076e+02
3.344272091182636473e+02
3.331838081806973832e+02
3.319734467099156063e+02
3.307939640249035733e+02
3.296438132196433912e+02
3.285210488242829570e+02
3.274240378169166092e+02
3.263517116540671168e+02
3.253027067920160107e+02
3.242763720855704150e+02
3.232720538531460761e+02
3.222890801466913899e+02
3.213276538792535462e+02
3.203873193023216572e+02
3.194684275631121295e+02
3.185709536136401994e+02
3.176949254212945561e+02
3.168407416787037505e+02
3.160081501642153512e+02
3.151976004925551820e+02
3.144088109854711206e+02
3.136482658991106973e+02
3.129007591451475037e+02
3.121729987207286285e+02
3.114651759154921251e+02
3.107768641548348114e+02
3.101080676070289996e+02
3.094583085174783719e+02
3.088273155086213251e+02
3.082148437169501562e+02
3.076204432108515903e+02
3.070441510495573425e+02
3.064855729345182453e+02
3.059449528720635954e+02
3.054223181039600945e+02
3.049181569986004661e+02
3.044331325901085279e+02
3.039680376586853754e+02
3.035243048084652742e+02
3.031031647506455329e+02
3.027069313591624677e+02
3.023375284231067894e+02
3.019981293914470371e+02
3.016919082413430715e+02
3.014226950973613270e+02
3.011964467931074410e+02
3.010117704979290920e+02
3.008806114645183811e+02
3.008093489786401733e+02
3.008074445947239610e+02
3.008857127010135173e+02
3.010539113809782066e+02
3.013288052899011404e+02
3.017200012240206775e+02
3.022438396048560207e+02
3.029112042092866659e+02
3.037278785892861492e+02
3.047008221258583944e+02
3.058180700695238556e+02
3.070693999036470814e+02
3.084290812622872409e+02
3.098672011646056603e+02
3.113511095761333536e+02
3.128457129034808872e+02
3.143162505184768065e+02
3.157365612220517619e+02
3.170815535971272539e+02
3.183337805982894224e+02
3.194864150769064395e+02
3.205310399702016184e+02
3.214454745228316028e+02
3.222710889174829276e+02
3.230218385075610854e+02
3.237135088855582694e+02
3.243573302430467606e+02
3.249678325747925101e+02
3.255542592302037406e+02
3.261239698585390556e+02
3.266829281109774570e+02
3.272324952320021794e+02
3.277721841321733791e+02
3.282993506753148267e+02
3.288074556255065204e+02
3.292893427256004202e+02
3.297356774279288629e+02
3.301358316364863867e+02
3.304801248422406275e+02
3.307596633384927145e+02
3.309654322255810257e+02
3.310937245497715935e+02
3.311395261750853365e+02
3.311033089889280632e+02
3.309874467892330472e+02
3.307619999259174506e+02
3.304109482062406755e+02
3.300075935138511909e+02
3.295635785921875254e+02
3.290922966570521453e+02
3.286159855265856322e+02
3.281805334148325528e+02
3.278953444734933100e+02
3.280214202002574098e+02
3.292087744939421441e+02
3.328471410542547915e+02
3.411234229647363918e+02
3.548434631070971363e+02
3.696195835667672327e+02
3.798879728370231987e+02
3.857148461197076585e+02
3.900505068284881531e+02
3.956337416687260315e+02
4.045901889752007605e+02
4.180024554245302397e+02
4.382835212725402130e+02
4.721714640780030550e+02
5.102764108546865600e+02
5.339188997523111766e+02
5.453170912856727455e+02
5.527278231475330585e+02
5.606305615388370143e+02
5.741857974497595478e+02
5.959945591310757891e+02
6.154464939867837074e+02
6.267696118055413308e+02
6.347855513393441242e+02
6.426229223744421688e+02
6.502913556073215204e+02
6.570961119644211976e+02
6.629269673908776213e+02
6.680576001178039860e+02
6.728121678120353408e+02
6.773598868504684560e+02
6.817360120887434505e+02
6.858916192760863169e+02
6.897121648264404712e+02
6.930567656992252523e+02
6.957782637904426792e+02
6.977981008128098210e+02
6.990516170800314057e+02
6.995570428695554028e+02
6.993212287631021127e+02
6.977958475546953423e+02
6.955070661367850562e+02
6.927112978971563280e+02
6.894822241783875825e+02
6.858791380361565189e+02
6.819569929258215097e+02
6.777702923446258865e+02
6.733606357595382406e+02
6.687671095622733901e+02
6.640229831434869538e+02
6.591517750756491978e+02
6.541783780311025112e+02
6.491204410981904402e+02
6.439939273292510507e+02
6.388145894410243955e+02
6.335935173736069146e+02
6.283451012106464759e+02
6.230799813802899507e+02
6.178089648738382493e+02
6.125427237910050735e+02
6.072900411355764163e+02
6.020612679348713527e+02
5.968641671760149165e+02
5.917066852150369414e+02
5.864813248931608314e+02
5.812292981525836240e+02
5.760430169419826143e+02
5.709231027752924774e+02
5.658701666266794064e+02
5.608822467841828256e+02
5.559564545449584330e+02
5.510888395672428715e+02
5.462752684460125465e+02
5.415109290603298859e+02
5.367921732313868688e+02
5.321150815187345415e+02
5.274767005651854106e+02
5.228748972985714545e+02
5.183071090276505402e+02
5.137724653033400273e+02
5.092697192978664589e+02
5.047981430845281352e+02
5.003571462215390397e+02
4.959473443339869050e+02
4.915684039471519213e+02
4.872226080989593129e+02
4.829104051998785962e+02
4.786339928924172114e+02
4.744195463430593236e+02
4.702546399252721017e+02
4.661322353569392476e+02
4.620527592262353664e+02
4.580194767986276361e+02
4.540336481415831713e+02
4.500964283180784946e+02
4.462102493294099190e+02
4.423747309318613361e+02
4.385923313731387907e+02
4.348626829808598018e+02
4.311866942535954195e+02
4.275652359330839545e+02
4.239974350710421618e+02
4.204847588198012431e+02
4.170258368355849825e+02
4.136212364848933021e+02
4.102705021377886396e+02
4.069726508578522726e+02
4.037280691989395791e+02
4.005351203693761022e+02
3.973938964277562604e+02
3.943034648958146136e+02
3.912630236990074195e+02
3.883518422685500582e+02
3.854963422690880179e+02
3.826861670930613855e+02
3.799213210227646869e+02
3.772028534936657138e+02
3.745327788887035467e+02
3.719131478517329015e+02
3.693487091779419984e+02
3.668451949423266569e+02
3.644115474390861777e+02
3.620621588769188293e+02
3.598134164883571771e+02
3.576936819913525483e+02
3.557341049354437246e+02
3.539770323129399117e+02
3.524723013496540602e+02
3.512570593518389614e+02
3.503721098227254629e+02
3.498106379015273433e+02
3.495580532756102912e+02
3.495705969358607490e+02
3.498295413486771963e+02
3.503288481942827843e+02
3.510922535557404558e+02
3.521407831818142427e+02
3.533850152580906752e+02
3.548113111362198424e+02
3.563396077259760091e+02
3.579040249220445276e+02
3.594332374475633287e+02
3.608631744017413894e+02
3.621113555931957535e+02
3.630968327432262868e+02
3.637504081673092742e+02
3.640303037242940150e+02
3.639515385673572041e+02
3.635388054604661079e+02
3.628564741890549499e+02
3.619564012316474191e+02
3.608891685106206069e+02
3.596949468970540806e+02
3.584014528790497707e+02
3.570315310642217241e+02
3.555975304161543136e+02
3.541122273622501098e+02
3.525807057907266540e+02
3.510119479678341463e+02
3.494102835713916875e+02
3.478263864899353166e+02
3.462099131939895074e+02
3.445775629960840547e+02
3.429363182805866472e+02
3.412894683180213065e+02
3.396431797658978553e+02
3.380016069418853704e+02
3.363695715863791520e+02
3.347518403059114576e+02
3.331521923738648638e+02
3.315751025441726938e+02
3.300234812561391777e+02
3.285014014699324889e+02
3.270112205763437032e+02
3.255562667186066506e+02
3.241387545368396559e+02
3.227608839379256551e+02
3.214249949235863824e+02
3.201320949583976585e+02
3.188843354787447311e+02
3.176819453592750619e+02
3.165260921564015462e+02
3.154168596271023262e+02
3.143538760703225989e+02
3.133718178723407277e+02
3.125081707643061577e+02
3.116841538435905363e+02
3.108971829709367398e+02
3.101451811210485516e+02
3.094257584651564343e+02
3.087360268542614676e+02
3.080740084634180107e+02
3.074367698920916609e+02
3.068224917465103658e+02
3.062290386485848330e+02
3.056545636581988106e+02
3.050979116217367846e+02
3.045576271074920101e+02
3.040331643981701291e+02
3.035237543436433612e+02
3.030288636285624762e+02
3.025485387837221651e+02
3.020825312405244745e+02
3.016311559802721263e+02
3.011945859773267102e+02
3.007732171934893586e+02
3.003678711889215265e+02
2.999792283126120651e+02
2.996334583817780981e+02
2.993307180496048545e+02
2.990486114533346154e+02
2.987901742453168481e+02
2.985592687211120619e+02
2.983610867500708537e+02
2.982023729515667583e+02
2.980932089236582101e+02
2.980455268997739608e+02
2.980789670622933727e+02
2.982169548371189762e+02
2.984955018754854450e+02
2.989635851069336923e+02
2.996820129126725760e+02
3.007443235704656672e+02
3.022455546716300887e+02
3.043194024431615503e+02
3.070828479180179329e+02
3.106282784497275316e+02
3.150116315843629309e+02
3.201647598177117970e+02
3.259465939589321124e+02
3.321264037068078210e+02
3.384165547896026283e+02
3.445130834334974566e+02
3.501120865889772062e+02
3.550599565283262109e+02
3.592488018704119099e+02
3.625980342756823234e+02
3.650880443837040161e+02
3.667650355508368420e+02
3.676879958238290556e+02
3.679661452354601465e+02
3.677006220561380019e+02
3.669949721974477939e+02
3.659450999939213602e+02
3.646289110041657864e+02
3.631178928283095502e+02
3.614742926289826528e+02
3.597744872083018208e+02
3.581509014103419304e+02
3.569198081966334257e+02
3.568959751801502875e+02
3.600029245807538132e+02
3.692788856169513565e+02
3.853927195967146986e+02
4.030640439918335005e+02
4.197245985711664389e+02
4.377158835698708685e+02
4.583435729582772069e+02
4.852214412805773236e+02
5.183179182251802786e+02
5.502979999234776187e+02
5.737696724272392430e+02
5.862572468293972179e+02
5.898814856520486956e+02
5.891730505411964032e+02
5.868505678674039245e+02
5.838924172314191310e+02
5.806714663415494897e+02
5.773384284045798722e+02
5.739537136112908229e+02
5.705482486587042104e+02
5.671320843372212721e+02
5.637115827198185798e+02
5.602889391684236671e+02
5.568651846826833207e+02
5.534424042519822251e+02
5.500195652030691917e+02
5.465983949620879230e+02
5.431774348800053076e+02
5.397565091886542632e+02
5.364454757508619878e+02
5.329919185592056010e+02
5.295395876766890524e+02
5.260858251435322472e+02
5.226294009751233034e+02
5.191683080639422769e+02
5.157025333860278806e+02
5.122308413348943077e+02
5.087543676436059741e+02
5.052734337187367828e+02
5.017891625158688953e+02
4.983034965919313777e+02
4.948170730089042877e+02
4.913322783678721635e+02
4.878500099573840885e+02
4.843720740553548012e+02
4.808999321838303445e+02
4.774351230671913981e+02
4.739792077013519247e+02
4.705342622824251180e+02
4.671020518151001966e+02
4.636850025035183194e+02
4.602855520739005897e+02
4.569057760558762880e+02
4.536105879318077996e+02
4.502979418180059383e+02
4.470139238990764738e+02
4.437605802247619522e+02
4.405406160625367420e+02
4.373568749072794049e+02
4.342108480219193893e+02
4.311055926103045977e+02
4.280418688523130299e+02
4.250217961008484622e+02
4.220461602441636728e+02
4.191152665488405660e+02
4.162302211596564803e+02
4.133900980884557725e+02
4.105953639481602409e+02
4.078451282068040200e+02
4.051385614134005664e+02
4.024754571435102548e+02
3.998542754279661722e+02
3.972747047791203840e+02
3.947357056582834502e+02
3.922363234841461122e+02
3.897764477303707054e+02
3.873548644283776525e+02
3.849783163072895036e+02
3.825847374495571103e+02
3.802305467891881676e+02
3.779155155763494349e+02
3.756389864005905679e+02
3.734005410195147192e+02
3.711995097314280656e+02
3.690352875334384066e+02
3.669071569249288132e+02
3.648148372226756919e+02
3.627573246750558269e+02
3.607344273221496564e+02
3.587455650197160821e+02
3.567902747008128017e+02
3.548691251475088393e+02
3.529819697288346561e+02
3.511313704618760880e+02
3.493209385641829954e+02
3.475610084750565534e+02
3.458726016988643437e+02
3.443010284940577890e+02
3.429416640881514127e+02
3.419595487890330787e+02
3.416556126919548433e+02
3.423324277789105849e+02
3.445302756374511546e+02
3.481770307176640245e+02
3.534030264461038655e+02
3.605256854592725517e+02
3.690575630349888456e+02
3.777590484925461283e+02
3.853098909098454214e+02
3.910108729998448212e+02
3.947597456076017011e+02
3.969664605968386581e+02
3.979859169470632310e+02
3.982176959991263629e+02
3.979923234408577741e+02
3.975399636034543391e+02
3.970600925631719633e+02
3.966759157689421045e+02
3.965057970979099196e+02
3.966049682323962884e+02
3.970186699097913561e+02
3.977206109895782333e+02
3.986336629106004921e+02
3.996433097415568341e+02
4.006022409536171267e+02
4.012322707630818286e+02
4.016160639397480168e+02
4.016525725578793526e+02
4.013210042256802694e+02
4.006355009166439913e+02
3.996134954478728218e+02
3.983140507002520962e+02
3.967955556725908650e+02
3.951230921692712741e+02
3.933807337060052305e+02
3.916439947921134603e+02
3.899979521064291816e+02
3.885299035320941812e+02
3.872870671044518645e+02
3.863045201639769175e+02
3.855426381842072487e+02
3.849243637897636745e+02
3.843525180204027265e+02
3.837613898124927800e+02
3.831305953409716949e+02
3.825161884273259147e+02
3.819619935302680460e+02
3.815030777979964682e+02
3.810875290912290438e+02
3.805837876715521588e+02
3.799030305300690884e+02
3.790862070053144066e+02
3.781947206324094282e+02
3.773617065005552718e+02
3.767342052712385225e+02
3.764415645981218859e+02
3.766166730061330554e+02
3.773673563042945034e+02
3.789412027394955658e+02
3.817552579138346118e+02
3.866883574878798413e+02
3.947124522274699530e+02
4.060667787709257937e+02
4.196415242499331839e+02
4.335833549422846431e+02
4.467410414216423646e+02
4.587946244716684987e+02
4.696369650387500201e+02
4.784066064086252936e+02
4.844611996749171112e+02
4.879072488892367687e+02
4.896090370380218246e+02
4.902092606332190030e+02
4.899663091119697924e+02
4.893809338394903534e+02
4.885485495790138089e+02
4.875684366692678395e+02
4.865011989585534593e+02
4.853968556999087127e+02
4.842966500578996261e+02
4.832329256140419602e+02
4.822309915610398434e+02
4.813119133119855633e+02
4.804851192145644063e+02
4.797568575742025132e+02
4.791248167987647548e+02
4.785801902122165075e+02
4.781120641313313513e+02
4.777025952961591315e+02
4.773334423291694293e+02
4.769828019551152920e+02
4.766272646380302263e+02
4.762420214961596230e+02
4.758046847211538193e+02
4.752895581943693628e+02
4.746783132016300897e+02
4.739519103385534322e+02
4.729261868197906438e+02
4.717803219322396444e+02
4.704954892741692447e+02
4.690784590262067013e+02
4.675321035278706745e+02
4.658666927791191483e+02
4.640937203827432995e+02
4.622233662079967758e+02
4.602700131388888281e+02
4.582437312891585748e+02
4.561568431214121233e+02
4.540195677736645052e+02
4.518408829500551178e+02
4.496294374678597023e+02
4.473924555403138470e+02
4.451362523334070147e+02
4.428671851052375814e+02
4.405901658652625770e+02
4.383098710107016132e+02
4.360311692433875805e+02
4.337570061070751990e+02
4.314919525635896207e+02
4.292384144426695229e+02
4.269995308719047102e+02
4.246362650704522821e+02
4.221599575199831520e+02
4.197083019647699871e+02
4.172819913317291594e+02
4.148830927283523238e+02
4.125126228849391623e+02
4.101710520948807925e+02
4.078597829451508119e+02
4.055783664139538018e+02
4.033278268011412138e+02
4.011078492256022514e+02
3.989183003378551007e+02
3.967594188248681917e+02
3.946301729305268395e+02
3.925308750047443027e+02
3.904604661818208342e+02
3.884185794759972623e+02
3.864047638549384942e+02
3.844179306468151935e+02
3.824579770754514811e+02
3.805237937729704072e+02
3.786149558638691133e+02
3.767310055716834540e+02
3.748710939833954967e+02
3.730027946919098554e+02
3.710431374515594598e+02
3.691100142729395657e+02
3.672028725060654324e+02
3.653213677493582736e+02
3.634653555125840967e+02
3.616344555289338700e+02
3.598288524467362208e+02
3.580482761931041864e+02
3.562930278219963043e+02
3.545631748687710001e+02
3.528589613470569475e+02
3.511808227382555856e+02
3.495289633769592115e+02
3.479041689025931419e+02
3.463068065022019368e+02
3.447376220904744173e+02
3.431974330001178828e+02
3.416868630409565526e+02
3.402072001454188239e+02
3.387589452892636359e+02
3.373434414140307354e+02
3.359614608230009480e+02
3.346141877874519537e+02
3.332698545511237853e+02
3.319840513096111749e+02
3.307342325606603595e+02
3.295203552857492468e+02
3.283429037519277927e+02
3.272014299584197374e+02
3.260954270377354760e+02
3.250243650070109425e+02
3.239866640986523407e+02
3.229814078588563575e+02
3.220067539469164899e+02
3.210610197616343839e+02
3.201426601371236984e+02
3.192497158488117179e+02
3.183810973471300940e+02
3.175354133390262064e+02
3.167114633388943616e+02
3.159090419234795490e+02
3.151273497899528593e+02
3.143667679799067969e+02
3.136272120422999592e+02
3.129090598690310117e+02
3.122131118201181152e+02
3.115394895508270565e+02
3.108748646137227638e+02
3.102404110238954900e+02
3.096305341631160672e+02
3.090452195756009814e+02
3.084848731278565879e+02
3.079494738375443035e+02
3.074386085514470324e+02
3.069522310615946026e+02
3.064891338818422923e+02
3.060490457683989689e+02
3.056304145266129240e+02
3.052320936903270763e+02
3.048527866436294289e+02
3.044905233243683256e+02
3.041441574820823348e+02
3.038115497954419197e+02
3.034911648369759973e+02
3.031814934834358723e+02
3.028808121716827486e+02
3.025880194829865104e+02
3.023018877424322568e+02
3.020213767035253909e+02
3.017461356401876742e+02
3.014753835232718302e+02
3.012020375215680588e+02
3.009354396370658833e+02
3.006722815768762302e+02
3.004135166600786988e+02
3.001596974835219385e+02
2.999121694684616841e+02
2.996718839045207687e+02
2.994400693216940113e+02
2.992180985519981959e+02
2.990069824838507770e+02
2.988082239804523965e+02
2.986228875774756375e+02
2.984521446981112263e+02
2.982971387522177906e+02
2.981587444942697971e+02
2.980379968918976488e+02
2.979357723846122781e+02
2.978526009958928285e+02
2.977892868154890493e+02
2.977460072086434479e+02
2.977230669114907755e+02
2.977206144995589625e+02
2.977380549806520094e+02
2.977751744789439954e+02
2.978270561568546100e+02
2.979024781779689874e+02
2.979990602791140759e+02
2.981154763246217385e+02
2.982506230092877786e+02
2.984026089065129668e+02
2.985694628662639047e+02
2.987491434362278824e+02
2.989392247682230277e+02
2.991372218537009076e+02
2.993410484423897060e+02
2.995480101397013755e+02
2.997564390491890549e+02
2.999644577443892217e+02
3.001703884218864005e+02
3.003739240086417794e+02
3.005738302119470973e+02
3.007709231424349241e+02
3.009655462900743146e+02
3.011589698118525007e+02
3.013538311200485964e+02
3.015526333806620869e+02
3.017593463246013812e+02
3.019699154099749308e+02
3.022004707291531531e+02
3.025470858444617193e+02
3.029296401547173900e+02
3.033540456917223764e+02
3.038256694775335518e+02
3.043472982707316419e+02
3.049207336452303707e+02
3.055454445922877653e+02
3.062219642431462034e+02
3.069569078409340364e+02
3.077798294450609546e+02
3.087849111449175439e+02
3.101995945932458199e+02
3.124001547582818716e+02
3.150332679061108934e+02
3.168044907427083103e+02
3.174196444960807639e+02
3.174569208357037837e+02
3.172827270915240661e+02
3.170213428652760399e+02
3.167079274963044782e+02
3.163550495753526661e+02
3.159683765210567685e+02
3.155496476152020477e+02
3.156616263506193718e+02
3.160447683774639813e+02
3.163673985693258146e+02
3.166320935368784717e+02
3.168394905766513148e+02
3.169923421690573377e+02
3.170928387433564808e+02
3.171431295481340840e+02
3.171475044479909684e+02
3.171088241960302980e+02
3.170333515231889123e+02
3.169266472345365742e+02
3.167975384638776291e+02
3.166557823710767252e+02
3.165132327489291697e+02
3.163855261017486100e+02
3.162862002816353311e+02
3.162358050550897701e+02
3.162444993354411622e+02
3.163247058365661815e+02
3.164756107814550887e+02
3.166849209259962663e+02
3.169301618378898979e+02
3.171759962253486833e+02
3.173529246359242393e+02
3.174859715504100564e+02
3.175211184628760179e+02
3.174526831114708330e+02
3.172935119210418407e+02
3.170564715939604525e+02
3.167732275860971072e+02
3.164775275392465801e+02
3.162247392638568044e+02
3.161210693190816414e+02
3.163581794166627787e+02
3.173712044811656483e+02
3.197714446524316827e+02
3.242484398111059249e+02
3.308502473159920783e+02
3.389743689204820498e+02
3.478785196013400878e+02
3.565293386751316120e+02
3.643538505773700535e+02
3.719231917117556350e+02
3.802012624812300601e+02
3.900944105246603613e+02
4.007507852767232635e+02
4.100179183404165997e+02
4.163846287963158943e+02
4.205587565804585779e+02
4.233434536259997003e+02
4.255118269482860569e+02
4.274009940755276489e+02
4.291983745319296872e+02
4.309221430591109083e+02
4.324686851036801158e+02
4.336827535282524195e+02
4.344353188759878890e+02
4.346707293384587842e+02
4.344697661933258814e+02
4.339252188689339391e+02
4.331585563265256269e+02
4.322783284378440953e+02
4.313624916985560844e+02
4.304841804738085784e+02
4.296962612787905300e+02
4.290271354309768981e+02
4.285030110363536551e+02
4.281123894338464311e+02
4.278358823211995627e+02
4.276313778651046960e+02
4.274445589060564430e+02
4.271723782041986510e+02
4.267474690248894262e+02
4.261799094020543635e+02
4.254524739511536495e+02
4.245635398506532283e+02
4.235150738095265979e+02
4.223243399523694848e+02
4.210000897386786392e+02
4.195587203800357656e+02
4.180097818834906320e+02
4.163629431942740666e+02
4.146285663660605678e+02
4.128112601743829373e+02
4.109217535782183859e+02
4.089650517626313899e+02
4.069493157754240542e+02
4.048824140775837463e+02
4.027692304478192113e+02
4.006189309519340327e+02
3.984366045173478028e+02
3.962291582617095287e+02
3.940033150150209167e+02
3.917635173004289300e+02
3.895169882111032962e+02
3.871392388210007880e+02
3.847433341903580981e+02
3.823571300720641375e+02
3.799845238707596309e+02
3.776304323450183915e+02
3.752981576877610905e+02
3.729909754084820293e+02
3.707125341198012052e+02
3.684645798605285449e+02
3.662506330622056225e+02
3.640723089321035673e+02
3.619320576523626301e+02
3.598326129187088327e+02
3.577752183126665955e+02
3.557635474644607712e+02
3.537988288609284382e+02
3.518841406068668789e+02
3.500222735109045402e+02
3.482147993030910698e+02
3.464658796245788608e+02
3.447761497242303221e+02
3.431489414423884341e+02
3.415855999496336608e+02
3.400867035746752549e+02
3.386140759911298233e+02
3.372929136590392432e+02
3.360723848335951516e+02
3.349453726744617370e+02
3.339021204100171190e+02
3.329313230910634616e+02
3.320194391913462368e+02
3.311565336244274249e+02
3.303320731532162426e+02
3.295386165957219191e+02
3.287701078865808313e+02
3.280207679407814680e+02
3.272869754469271584e+02
3.265649944078323870e+02
3.258520077251870930e+02
3.251461709709836327e+02
3.244450311857011116e+02
3.237473368690419875e+02
3.230516665989271701e+02
3.223565201447902950e+02
3.216614046464734429e+02
3.209646534395198501e+02
3.202656259633596960e+02
3.195629288872773373e+02
3.188546224812586729e+02
3.182790188087287788e+02
3.176888837231014691e+02
3.170839948635927499e+02
3.164649776039634048e+02
3.158321557014293148e+02
3.151870344052307473e+02
3.145316456702301480e+02
3.138679065568822466e+02
3.132003032974981807e+02
3.125327727505105599e+02
3.118746186635667073e+02
3.112404389766832651e+02
3.106625115361381404e+02
3.102099825668567519e+02
3.100185684663721304e+02
3.103715398072026233e+02
3.116100592307823263e+02
3.139916025367620023e+02
3.170133084217018791e+02
3.196553690205994940e+02
3.212438394858779134e+02
3.219220317279630308e+02
3.220421174383291714e+02
3.219775278511705778e+02
3.219697110622702212e+02
3.222433460040061277e+02
3.229792732480245832e+02
3.242042445215000157e+02
3.256484353716683131e+02
3.268853528250223803e+02
3.276798066399344975e+02
3.280337011115892665e+02
3.280988225426887652e+02
3.280361760502510151e+02
3.279810542720667854e+02
3.280747045722698658e+02
3.284709730825350107e+02
3.293748115177394311e+02
3.309673090923735117e+02
3.333792623606390748e+02
3.364554816922712348e+02
3.397698151665933892e+02
3.427605483753233102e+02
3.450881394644713396e+02
3.466724221750748143e+02
3.476875742251208976e+02
3.482923721165399797e+02
3.485503656695149743e+02
3.488240684137076073e+02
3.489661189320216295e+02
3.490068275220991723e+02
3.489640671719847091e+02
3.488593360237615570e+02
3.487146885740216362e+02
3.485634478325443411e+02
3.484265063676164687e+02
3.483247804500737175e+02
3.482609218654565097e+02
3.482245655897756933e+02
3.482003360651750654e+02
3.481629270021813340e+02
3.480978029599713750e+02
3.479861600285629493e+02
3.478238626194569179e+02
3.475989134706458685e+02
3.473089969034674027e+02
3.469338429201777672e+02
3.464475859536797770e+02
3.457944481442374922e+02
3.449137981503299102e+02
3.437955613082629043e+02
3.427355696134779350e+02
3.417030718334032713e+02
3.406361992296050971e+02
3.395620854176392527e+02
3.385098325969482289e+02
3.375034085532783479e+02
3.365676406845587962e+02
3.357200448841024922e+02
3.349701185346385159e+02
3.343193220797666072e+02
3.337645441890718985e+02
3.333007418950692795e+02
3.329393228151008088e+02
3.326852395735845107e+02
3.325665083303341021e+02
3.325987174138957130e+02
3.327959690812233475e+02
3.331735221886361273e+02
3.337184926506136549e+02
3.344154377403244212e+02
3.352158628012596751e+02
3.360452554897623827e+02
3.368084571242012544e+02
3.374222681399667749e+02
3.379367416442829040e+02
3.382056447577861036e+02
3.382528930450166627e+02
3.381187783135432596e+02
3.378576907467835895e+02
3.375051586720496175e+02
3.371010880604771955e+02
3.366671351000511550e+02
3.362165193338589120e+02
3.357579240947505355e+02
3.352904297515950702e+02
3.348143042444783077e+02
3.343241444616265881e+02
3.338174826103201553e+02
3.332910324583540387e+02
3.327424523952508366e+02
3.321736419270406486e+02
3.315838214095302305e+02
3.309786571620685436e+02
3.303605087964185714e+02
3.297355585489980285e+02
3.291103718923720294e+02
3.284894998985406005e+02
3.278813808662441716e+02
3.272877840965943506e+02
3.267059446040601074e+02
3.261527135225030634e+02
3.256310168911462597e+02
3.251447233594067825e+02
3.246946896656947388e+02
3.242842934652913982e+02
3.239140152585716805e+02
3.235864045440158066e+02
3.233023957582992125e+02
3.230636450383962597e+02
3.228716673472532079e+02
3.227264903716862818e+02
3.226287804018263614e+02
3.225767643772781526e+02
3.225703232520826873e+02
3.226063220745012359e+02
3.226843419859291657e+02
3.228018997607389906e+02
3.229584587350358333e+02
3.231544595074520316e+02
3.233889088575651840e+02
3.236640291992949301e+02
3.239780091493433929e+02
3.242919864946513826e+02
3.246145957959428188e+02
3.249692059277533076e+02
3.253469803456696354e+02
3.257321371427314602e+02
3.261095853413982582e+02
3.264602876586585012e+02
3.267653888866133229e+02
3.270100601232300619e+02
3.271765301957597671e+02
3.272577416799518915e+02
3.272439411676621717e+02
3.271333727237159223e+02
3.269270345367719983e+02
3.266266179774405032e+02
3.262403550109246453e+02
3.257736928776732839e+02
3.252367533981738461e+02
3.246388564506688112e+02
3.239894444316316822e+02
3.232987393315316353e+02
3.225754610892946062e+02
3.218287144540944951e+02
3.210663803691969065e+02
3.202525247052985833e+02
3.195656629506394211e+02
3.190253117949475836e+02
3.186075642753965553e+02
3.182470765803618065e+02
3.178913320239906852e+02
3.175146227921929380e+02
3.171205589886624807e+02
3.167127201118628932e+02
3.162996766272253808e+02
3.158863255218381028e+02
3.154750718618452652e+02
3.150692420870236674e+02
3.146683388814006435e+02
3.142737539558016238e+02
3.138850412474206450e+02
3.135017122860917880e+02
3.131242112054325162e+02
3.127513920293983460e+02
3.123839567314566352e+02
3.120210503079448472e+02
3.116630643265751246e+02
3.113099180759073761e+02
3.109614388983732169e+02
3.106232883003528400e+02
3.103016414768970321e+02
3.099949833237502617e+02
3.097042812897228714e+02
3.094320304774208807e+02
3.091811435521059366e+02
3.089553733137661879e+02
3.087620134758392396e+02
3.086091357528067078e+02
3.085134218324929520e+02
3.084964299777732890e+02
3.085928367341675198e+02
3.088562406961096372e+02
3.093460568807024060e+02
3.101580485518845762e+02
3.113517563498197092e+02
3.129733784076224765e+02
3.149787684299944317e+02
3.172329651656763758e+02
3.195554265066328412e+02
3.218037024242034363e+02
3.239218394965585617e+02
3.259469488212938586e+02
3.279622330658041847e+02
3.300372898171715974e+02
3.322059873071617631e+02
3.343957887287277231e+02
3.365154249548269831e+02
3.384537143855635009e+02
3.401066821967563669e+02
3.414052178399670652e+02
3.423038549659793830e+02
3.428080516047767219e+02
3.429278421290064216e+02
3.427091259413824105e+02
3.421941228101728143e+02
3.414311458560226242e+02
3.404687788519665332e+02
3.393457032538315161e+02
3.381009956984357814e+02
3.367646451470645275e+02
3.353627506198067181e+02
3.339172908927350250e+02
3.324459490605838141e+02
3.309633078467155087e+02
3.294819699427653745e+02
3.280117836008913628e+02
3.265617080740653932e+02
3.251019267226797638e+02
3.236813164896780108e+02
3.223036823087473977e+02
3.209737290752856325e+02
3.196975535992385176e+02
3.184801714011251761e+02
3.173260148901251796e+02
3.162413181925739991e+02
3.152294050882490524e+02
3.142967549189883698e+02
3.134473512452699424e+02
3.126862342444919136e+02
3.120190641041913864e+02
3.114485217645368493e+02
3.109809155635541629e+02
3.106173178570502387e+02
3.103611495250603411e+02
3.102131190511073555e+02
3.101712925673224959e+02
3.102347730091086646e+02
3.103966272685562444e+02
3.106516133125277861e+02
3.109906852499354386e+02
3.114039344917424614e+02
3.118692297130311886e+02
3.123919068641633316e+02
3.129603562818471687e+02
3.135690739381450385e+02
3.142173086132747812e+02
3.149137378200701960e+02
3.156833406593784161e+02
3.165915553398401698e+02
3.177923482403767252e+02
3.196775684265624591e+02
3.231094864415893539e+02
3.298506291962992236e+02
3.424234544264367059e+02
3.631978170517047602e+02
3.912617277230367563e+02
4.202979406441600645e+02
4.471987062602511287e+02
4.723719973399344099e+02
4.942934240196521500e+02
5.122264385333430710e+02
5.276893113197027105e+02
5.431684850960058384e+02
5.592152168203522251e+02
5.738342079428111902e+02
5.839867349324415500e+02
5.899160570840900846e+02
5.929041417876991318e+02
5.943101190500154871e+02
5.948467977377329134e+02
5.948736115324704770e+02
5.945776184784544967e+02
5.940460486918233300e+02
5.933414644629802979e+02
5.924981866453720158e+02
5.915436018249679364e+02
5.904975044230777712e+02
5.893740158751143099e+02
5.881851589389899573e+02
5.869378680774361783e+02
5.856382898015804130e+02
5.842889339981129524e+02
5.828917587465084580e+02
5.814472332507604051e+02
5.799558672632437037e+02
5.784184072910042005e+02
5.768362168445140696e+02
5.752119565584322345e+02
5.735482526181841649e+02
5.714634215242089113e+02
5.694188867238636931e+02
5.673541910653134437e+02
5.652669852464215410e+02
5.631535995856196450e+02
5.610123689771112367e+02
5.588396636334387040e+02
5.566345698518273366e+02
5.543953893600754554e+02
5.521211220286359094e+02
5.498128753879291253e+02
5.474695705121679339e+02
5.450940992442734796e+02
5.426863997650480087e+02
5.402482663509015310e+02
5.377813229714782892e+02
5.352853127492398926e+02
5.327623151686599385e+02
5.302110796267971864e+02
5.276318967562357329e+02
5.250241526104753120e+02
5.223859662075167307e+02
5.197170610559418265e+02
5.170153584237065161e+02
5.142744744913090926e+02
5.115044541975159405e+02
5.086924606187814675e+02
5.058402007178600570e+02
5.029473831078632315e+02
5.000153521147910283e+02
4.970461977959265596e+02
4.940404894172406216e+02
4.910020708918576133e+02
4.879323164067510561e+02
4.848348746495214527e+02
4.817129018338870878e+02
4.785692415475907069e+02
4.754082493843993689e+02
4.722326008085588001e+02
4.690468017163504442e+02
4.658542610495596819e+02
4.626587522173674074e+02
4.594641713501753202e+02
4.562737769313138756e+02
4.530914145198418055e+02
4.499203517852541268e+02
4.467638812615796269e+02
4.436252981694308914e+02
4.404736587908687966e+02
4.373508922105770580e+02
4.342592138086868090e+02
4.312011655160557666e+02
4.281795748106851534e+02
4.251964123370898392e+02
4.222533696131347369e+02
4.193524333600956311e+02
4.164940913228356862e+02
4.136802021739600264e+02
4.109106802485366643e+02
4.081863416383206982e+02
4.055076097485913351e+02
4.028738484345331017e+02
4.002861100146840272e+02
3.977431550054166678e+02
3.952457013627549713e+02
3.927931920428944750e+02
3.903851463192614801e+02
3.880223411346445346e+02
3.857038154590997578e+02
3.834308384237435803e+02
3.812035271203653224e+02
3.790230619414423927e+02
3.768576516691140910e+02
3.747689135067579400e+02
3.727370312572919033e+02
3.707660046291410936e+02
3.688583449817903670e+02
3.670182972831672714e+02
3.652458854198877702e+02
3.635356566911628420e+02
3.618764781497029048e+02
3.602441031283348707e+02
3.586120709914991949e+02
3.569529529860766957e+02
3.552500647586685432e+02
3.534960727431160876e+02
3.516988059034970320e+02
3.498686204585924884e+02
3.480203180597350752e+02
3.461666453877643903e+02
3.443169660047415732e+02
3.424796047141566646e+02
3.406593432161438386e+02
3.388603026703979140e+02
3.370853730318042949e+02
3.353363414171170120e+02
3.337148419725133976e+02
3.321724667558062833e+02
3.306616894399235775e+02
3.291836959758600756e+02
3.277401381296814975e+02
3.263335553446626136e+02
3.249670882473226357e+02
3.236463652334686003e+02
3.223802847556406164e+02
3.211827007441703472e+02
3.200781260212374377e+02
3.191025662642707061e+02
3.183077661152768201e+02
3.177588317619466807e+02
3.174961038047827060e+02
3.175505316828117657e+02
3.179570919002872529e+02
3.189466309551015684e+02
3.208930045250968988e+02
3.243056476523632341e+02
3.294342617417240717e+02
3.361212267631896680e+02
3.438528560224179955e+02
3.521508227949093452e+02
3.608848369728253260e+02
3.693684072260183484e+02
3.771301620656965952e+02
3.836772042682396204e+02
3.888437538967362457e+02
3.926509527636599728e+02
3.953766128608096437e+02
3.972223911246239254e+02
3.984331298355714921e+02
3.991141570205705875e+02
3.993627407956682873e+02
3.992155541016381903e+02
3.987199886013567038e+02
3.979152467979156995e+02
3.968484739293028269e+02
3.955770876153924291e+02
3.941426839723428088e+02
3.925982370134825032e+02
3.909743386263929779e+02
3.893033878297171668e+02
3.876064195241885386e+02
3.858993648441050937e+02
3.841954793807264537e+02
3.825022745232299144e+02
3.808581430618688159e+02
3.791141496022720503e+02
3.774028834192372415e+02
3.757237367535705062e+02
3.740761380301396457e+02
3.724583656609806894e+02
3.708682393250160203e+02
3.693035185723029485e+02
3.677608135771280899e+02
3.662375508430130253e+02
3.647296738971134573e+02
3.632339585220736922e+02
3.617466293096163099e+02
3.602640274883892175e+02
3.587829945910535230e+02
3.573001803574690030e+02
3.558128886047876449e+02
3.543187704548223564e+02
3.528160148818726611e+02
3.513032259287183479e+02
3.497798459862064533e+02
3.482452230829387645e+02
3.467000205150312695e+02
3.451447963644089896e+02
3.435953086840642641e+02
3.420484950616965421e+02
3.404926835312410276e+02
3.389310234951710754e+02
3.373660273947858173e+02
3.358009753157999739e+02
3.342390785868735747e+02
3.326833786008724587e+02
3.311373855019439816e+02
3.296041180005867659e+02
3.280868954116477312e+02
3.265886398288301393e+02
3.251124382146344942e+02
3.236608586221242945e+02
3.222367795157721844e+02
3.208424431589236860e+02
3.194802059749451928e+02
3.181522446046852224e+02
3.168601029705656629e+02
3.156059194357870297e+02
3.143905911560753452e+02
3.132158254943146289e+02
3.120824271559638419e+02
3.109910712379412416e+02
3.099475411304348427e+02
3.089449457875736016e+02
3.079858073168363148e+02
3.070695909167276909e+02
3.061962566261241818e+02
3.053656286456129578e+02
3.045764810341007092e+02
3.038289086627466418e+02
3.031210972560483015e+02
3.024526214912467026e+02
3.018219916026486089e+02
3.012277382068366478e+02
3.006689782017485868e+02
3.001435642830684287e+02
2.996506828468936305e+02
2.991883926247732575e+02
2.987554337683757808e+02
2.983505979669330941e+02
2.979722640088928642e+02
2.976198470316180646e+02
2.972919487710117892e+02
2.969884258631948342e+02
2.967086759871162371e+02
2.964529081268970572e+02
2.962190315484837129e+02
2.960192245954338546e+02
2.958450089903003004e+02
2.956979041348835722e+02
2.955814935455783257e+02
2.954989071875939999e+02
2.954549966333290740e+02
2.954554571875577267e+02
2.955057331595324399e+02
2.956139828648272783e+02
2.957851679625895258e+02
2.960254138705187188e+02
2.963378136464486943e+02
2.967213225638362815e+02
2.971722241410353718e+02
2.976788676315892985e+02
2.982258062808838872e+02
2.987923342430042908e+02
2.993563554587980207e+02
2.998950500317120031e+02
3.003915007612024510e+02
3.008303568351210515e+02
3.012078030768713575e+02
3.015252872708366567e+02
3.017731444402179477e+02
3.019603379514172730e+02
3.021286763997634921e+02
3.023042256183455265e+02
3.025182031039008734e+02
3.027971424246252923e+02
3.031726680575920909e+02
3.036678817549129121e+02
3.042979041939727267e+02
3.050731559218872349e+02
3.059821188434282817e+02
3.070085529636871797e+02
3.081228655864955499e+02
3.092886769853633950e+02
3.104679405828977110e+02
3.116284226108789994e+02
3.127338767392816976e+02
3.137741623970011915e+02
3.147347080219755071e+02
3.156190656194308417e+02
3.164362580015163076e+02
3.171880343763179440e+02
3.178905190417916629e+02
3.185380816897798582e+02
3.191247799636933564e+02
3.195970350787579264e+02
3.200030772432332924e+02
3.203471551341281156e+02
3.206391195854736793e+02
3.208982358165064284e+02
3.211515870805334885e+02
3.214381537317186144e+02
3.217853018015263729e+02
3.222256886653592005e+02
3.227616846513578821e+02
3.233736651992697944e+02
3.240107941905738471e+02
3.245998465675495481e+02
3.250698405154511761e+02
3.253680187307207348e+02
3.254791259290953462e+02
3.254052099766471429e+02
3.251841651993886444e+02
3.248470709229793556e+02
3.244359392107148210e+02
3.239846657028735422e+02
3.235171366490986316e+02
3.230553463655968471e+02
3.225884184324399371e+02
3.221022218288678687e+02
3.216464545511753954e+02
3.212186916544438304e+02
3.208158792498327898e+02
3.204325829659337046e+02
3.200628311815155485e+02
3.197001677370315633e+02
3.193395394892818899e+02
3.189748840386857864e+02
3.186031518057328640e+02
3.182212031128153171e+02
3.178264213890687984e+02
3.174192020685296143e+02
3.169976182906036684e+02
3.165635616232803500e+02
3.161170287089363455e+02
3.156588417971476588e+02
3.151906993402320722e+02
3.147121910187937601e+02
3.142254322069625232e+02
3.137300004529346893e+02
3.132268768780925257e+02
3.127164905914009978e+02
3.121714115130747587e+02
3.115767212548823863e+02
3.109796644588557228e+02
3.103814483909559385e+02
3.097824874272728835e+02
3.091833954006341969e+02
3.085855971073489172e+02
3.079894633457331565e+02
3.073969974903867524e+02
3.068090921550096937e+02
3.062275927083153988e+02
3.056540364349312426e+02
3.050900332718618415e+02
3.045375382920879019e+02
3.039981850841793971e+02
3.034739735730933603e+02
3.029664098003077015e+02
3.024775088984521290e+02
3.020086241960909206e+02
3.015615924900099571e+02
3.011376690434274224e+02
3.007381403524294683e+02
3.003644317863577839e+02
3.000170972562437441e+02
2.996832437852070825e+02
2.993889261641662074e+02
2.991267851657688652e+02
2.988964790114467291e+02
2.986973057897038188e+02
2.985290738669139046e+02
2.983901664736650332e+02
2.982800817248673866e+02
2.981970167925520059e+02
2.981394778497980838e+02
2.981060520257386202e+02
2.980943497728677016e+02
2.981030050021926741e+02
2.981295123151599000e+02
2.981719171558624453e+02
2.982283522456966693e+02
2.982963181066975267e+02
2.983743969424886018e+02
2.984602419761565102e+02
2.985522786145167515e+02
2.986490360103973103e+02
2.987486895769544617e+02
2.988505294408839745e+02
2.989530059033345424e+02
2.990496764522490025e+02
2.991775365943939846e+02
2.993036916252453921e+02
2.994279572911743230e+02
2.995495488412713030e+02
2.996684828056133370e+02
2.997844522349535623e+02
2.998973473757246779e+02
3.000073011884093717e+02
3.001141575310556391e+02
3.002181351232941893e+02
3.003191567982249239e+02
3.004173091888497993e+02
3.005125453289525694e+02
3.006047899668253081e+02
3.006938893528687800e+02
3.007795917649849002e+02
3.008615614384109449e+02
3.009393547493045276e+02
3.010124406099053544e+02
3.010802090740490939e+02
3.011419219406986372e+02
3.011968128988950184e+02
3.012440879248766237e+02
3.012648007151949514e+02
3.012947132555523808e+02
3.013121314892068199e+02
3.013167384590805113e+02
3.013080235433478720e+02
3.012856510434724555e+02
3.012496692638706008e+02
3.011997764326005722e+02
3.011365035896860149e+02
3.010600171253830695e+02
3.009710623315479552e+02
3.008706573055375202e+02
3.007598606042142251e+02
3.006405169099098771e+02
3.005146502969944322e+02
3.003848645487703379e+02
3.002545138738354922e+02
3.001276722843780362e+02
3.000090483674285906e+02
2.999054838020550733e+02
2.998231739793073416e+02
2.997716364926233723e+02
2.997601735349777528e+02
2.997991762954047772e+02
2.998857363729945291e+02
3.000500121545208003e+02
3.003004694272943311e+02
3.006452153212846383e+02
3.010967639889979637e+02
3.016749337484960733e+02
3.024057566416241229e+02
3.033649154908022751e+02
3.046650321693916226e+02
3.065379819504336751e+02
3.093280672253440571e+02
3.133711911264857122e+02
3.187819718997506584e+02
3.248621444572036694e+02
3.304970168886021611e+02
3.349584358679698539e+02
3.382485335334948786e+02
3.407246835237870073e+02
3.427689551836584769e+02
3.446048567830423508e+02
3.464000459590890841e+02
3.482859357419500270e+02
3.504111603141241176e+02
3.529548883863579363e+02
3.560359863944158292e+02
3.596684329083872171e+02
3.640308349597880806e+02
3.688199084105338557e+02
3.735805769089084833e+02
3.777734069904216767e+02
3.811340282215832076e+02
3.835808593841812240e+02
3.853061402053680240e+02
3.865092526739047116e+02
3.873703235982658839e+02
3.880381068546617485e+02
3.885932166454556409e+02
3.890903670812724613e+02
3.895472777441392509e+02
3.899468622879651889e+02
3.902589943935950600e+02
3.904400733536270991e+02
3.904618074103925096e+02
3.903017015474904952e+02
3.899704264554714541e+02
3.894735839268544169e+02
3.888262403826386731e+02
3.880358068937420626e+02
3.870398080884171463e+02
3.858997232813640039e+02
3.846460653089494031e+02
3.832994088338550114e+02
3.818665242860364515e+02
3.803647894553604942e+02
3.788091535558297096e+02
3.772101411623725653e+02
3.755869254783785891e+02
3.739495965050563768e+02
3.723158280776141851e+02
3.706981391834439137e+02
3.691064571447747085e+02
3.675492562293374590e+02
3.660267503637396658e+02
3.645385936320838596e+02
3.630763220870367718e+02
3.616331913947231556e+02
3.601985918796295323e+02
3.587670739936165774e+02
3.573356367570864904e+02
3.559025250647615621e+02
3.544745023900109686e+02
3.530527756108819517e+02
3.516378504569482288e+02
3.503148163275999991e+02
3.490110969894553818e+02
3.477354921870669386e+02
3.464924799294062723e+02
3.452918728582350241e+02
3.441389708343503457e+02
3.430463245611120442e+02
3.420307850365884406e+02
3.411205652014880911e+02
3.403763370880084835e+02
3.398796338772817762e+02
3.397844153234009354e+02
3.402587190950750937e+02
3.414285535143059178e+02
3.432279503363116646e+02
3.452707788082667548e+02
3.471232290329593866e+02
3.486626816240518565e+02
3.502219128323458790e+02
3.523903323210516305e+02
3.558382550167993941e+02
3.609269723462648471e+02
3.671448822998979722e+02
3.730987289339262247e+02
3.777809939236013292e+02
3.805983222323699806e+02
3.819321345600477571e+02
3.824169601696830227e+02
3.825138811673318173e+02
3.825973960716157194e+02
3.828785845821755629e+02
3.835139660205589394e+02
3.846676463553006329e+02
3.864822715163847988e+02
3.890875075860393508e+02
3.925385425892314402e+02
3.966365446830978954e+02
4.010446912606996079e+02
4.053187395875688139e+02
4.091505942741151785e+02
4.123908705239286974e+02
4.150322956196299629e+02
4.170841750362731659e+02
4.185949671867605275e+02
4.195583827769671075e+02
4.200130938528257616e+02
4.199903425572824744e+02
4.193635195084820566e+02
4.183780717066217107e+02
4.170906623968396048e+02
4.155805763754887039e+02
4.138961559464038942e+02
4.120826184618478010e+02
4.101751830843356288e+02
4.081954878235039246e+02
4.061670429793185235e+02
4.041020001740778866e+02
4.020133470052938378e+02
3.999096573394027700e+02
3.977976866545396319e+02
3.956838721057109183e+02
3.935720474489063463e+02
3.914666450983846175e+02
3.893703411166252408e+02
3.872858791830504401e+02
3.852152330580567536e+02
3.831600803824243826e+02
3.811219156495800462e+02
3.791017945042518704e+02
3.771008380960916497e+02
3.751195855941797959e+02
3.731352154360745317e+02
3.711612189755969666e+02
3.692081892271843344e+02
3.672764817517290226e+02
3.653663325465586240e+02
3.634781748679184261e+02
3.616119846959721258e+02
3.597682114741356258e+02
3.579468136177179076e+02
3.561480832802126884e+02
3.543721858728781626e+02
3.526190911921414113e+02
3.508892646467724603e+02
3.491824755541329068e+02
3.474992240462823929e+02
3.458394575592778324e+02
3.442034478167019529e+02
3.425915243530032512e+02
3.410036448836353316e+02
3.394404396497014318e+02
3.379018202611827633e+02
3.363884861576601679e+02
3.349006639042352163e+02
3.334388409209938118e+02
3.319843671033685268e+02
3.305485425482922324e+02
3.291431856325326066e+02
3.277690338703530415e+02
3.264279155438367752e+02
3.251219514314667549e+02
3.238537475528448795e+02
3.226284494516588666e+02
3.214522515400578300e+02
3.203383596511796441e+02
3.193080378020690659e+02
3.184080874956051161e+02
3.177318036501755500e+02
3.174874146011050584e+02
3.181280975993200286e+02
3.205043483036233170e+02
3.259679635457828226e+02
3.354861827405802046e+02
3.484876504428667658e+02
3.627888435781919725e+02
3.757472633546401539e+02
3.872651206837704763e+02
3.995179957553293093e+02
4.151292236522181156e+02
4.323087473784156600e+02
4.458700326775427811e+02
4.536821266287292360e+02
4.590482817627170675e+02
4.652537464263976403e+02
4.752137905211741895e+02
4.888575893808091450e+02
5.008212979927482138e+02
5.081152217091427588e+02
5.122031588588422437e+02
5.150908474630301725e+02
5.175745495342105187e+02
5.199616164494512986e+02
5.223670294376912580e+02
5.248563002102013115e+02
5.275073266427344834e+02
5.303371295471467874e+02
5.333458070579252990e+02
5.363781849207803134e+02
5.392255866503990092e+02
5.416775493119727116e+02
5.436456511809284393e+02
5.451392302514157109e+02
5.462644089392827027e+02
5.466569328715755773e+02
5.468336412388275676e+02
5.468461477344769719e+02
5.467020073424480415e+02
5.463871194963361404e+02
5.458661314756080856e+02
5.451093547521886649e+02
5.440838275020744277e+02
5.427826712227717962e+02
5.412078552298736440e+02
5.393748699466988228e+02
5.373155316431599431e+02
5.350535242259687720e+02
5.326257451502661979e+02
5.300553341150919096e+02
5.273649979272876180e+02
5.245678952948645701e+02
5.216695906070149249e+02
5.186726487095545508e+02
5.155788668893034128e+02
5.123932373373967266e+02
5.091289419656702080e+02
5.058032170206676597e+02
5.024346536421253404e+02
4.988503784404626913e+02
4.952527105902539688e+02
4.916696468377327278e+02
4.881046759740460175e+02
4.845620209542514658e+02
4.810451499588150455e+02
4.775559614571822067e+02
4.740981624879181595e+02
4.706722130803203754e+02
4.672812752985633438e+02
4.639260512866954400e+02
4.606084790599305734e+02
4.551243725816857477e+02
4.519011338454034785e+02
4.487220241672725933e+02
4.455868182848414563e+02
4.424985780924813525e+02
4.394577123686704567e+02
4.364657996790832044e+02
4.335246283248960140e+02
4.306341655263009329e+02
4.277968101229511149e+02
4.250121142523908020e+02
4.222814166220831567e+02
4.195409744568808605e+02
4.168616174748053709e+02
4.142400656001269112e+02
4.116741275617455926e+02
4.091633408018219598e+02
4.067061489267694583e+02
4.043006865202750078e+02
4.019464636247619183e+02
3.996408503290689964e+02
3.973831172716767810e+02
3.951716627471069501e+02
3.930048739839736527e+02
3.908823720144476965e+02
3.888023434402451812e+02
3.867650904678400252e+02
3.847698774500076979e+02
3.828171554740879969e+02
3.809078498995444875e+02
3.790427343213485187e+02
3.772243476062371883e+02
3.754542413904043201e+02
3.737362410442153760e+02
3.720729562053159043e+02
3.704683602555250559e+02
3.689416251337805761e+02
3.675204402585719663e+02
3.661685314858554534e+02
3.648872381090461090e+02
3.636802620997017925e+02
3.625481212906270230e+02
3.614909219641779714e+02
3.605081300688654551e+02
3.595954956446383335e+02
3.587497427461804023e+02
3.579635657464178848e+02
3.572298253542743396e+02
3.565393620750788841e+02
3.558821146641751056e+02
3.552476792269940802e+02
3.546256241975004855e+02
3.540055468234574505e+02
3.533781848867517965e+02
3.527349606311732373e+02
3.520683929618577395e+02
3.513737255355227376e+02
3.506458803638766426e+02
3.498841578764863129e+02
3.490887524688154713e+02
3.482392672438100476e+02
3.473746463994775695e+02
3.465948044914942443e+02
3.462063923170122166e+02
3.469112571713917532e+02
3.494870553307565615e+02
3.522664912820562222e+02
3.528284986610597116e+02
3.516539045087674822e+02
3.499110937489887192e+02
3.479970619309917197e+02
3.460321398829125314e+02
3.440491251053284714e+02
3.420622320763782227e+02
3.400838913004581059e+02
3.381331039381896062e+02
3.362422181121094127e+02
3.344911358100040957e+02
3.330473728767461239e+02
3.322922702517865901e+02
3.329764126031815294e+02
3.357842126506467366e+02
3.402551424452172455e+02
3.440745423336347812e+02
3.466849042680111097e+02
3.488602237202836704e+02
3.515832916805644004e+02
3.548561801068180444e+02
3.586250961845466918e+02
3.634377897958581229e+02
3.682814559823037257e+02
3.714470796252657010e+02
3.726517599898475623e+02
3.729141926191536527e+02
3.732303064422634975e+02
3.745228188105938329e+02
3.777566450645671807e+02
3.839168929920875257e+02
3.939466639626502342e+02
4.074788499657183820e+02
4.229813063384835914e+02
4.383870485752702280e+02
4.527302526387023818e+02
4.658775389646432927e+02
4.776020106662198828e+02
4.867201086649082526e+02
4.924338958868203804e+02
4.951107422029862164e+02
4.957596609558395357e+02
4.951210675863456459e+02
4.937507238414327730e+02
4.919705107193110507e+02
4.899499890568106366e+02
4.877878597168111696e+02
4.855438625194058773e+02
4.832519724137525259e+02
4.809360522482184024e+02
4.786134703310322038e+02
4.762923217127993212e+02
4.739839500395776781e+02
4.716903198980554066e+02
4.694153237512981036e+02
4.671598226801890519e+02
4.649196555020075721e+02
4.626927345916536751e+02
4.604709895648148290e+02
4.582483826730641567e+02
4.560157174748056264e+02
4.537648311358996125e+02
4.514854770760871361e+02
4.491711345046283554e+02
4.468139203656945710e+02
4.444279746188336162e+02
4.419528181241905145e+02
4.394357802181899046e+02
4.368840831282995509e+02
4.343000521262487155e+02
4.316923846621043594e+02
4.290687533741269135e+02
4.264374294052907430e+02
4.238103140973603900e+02
4.211967548516587954e+02
4.186096186555668623e+02
4.160596121850921918e+02
4.135594219041359452e+02
4.111200263417948122e+02
4.087536266115924946e+02
4.064701161920001482e+02
4.042794626197545540e+02
4.021898178015786698e+02
4.002061413211778245e+02
3.983341630480231288e+02
3.965725928874613828e+02
3.949216406579366776e+02
3.933747574046246882e+02
3.919234464705529035e+02
3.905720182300213992e+02
3.892918723069768134e+02
3.880629289084587867e+02
3.868663894067613569e+02
3.856835946669379496e+02
3.844974458510291129e+02
3.832916936761471902e+02
3.820518425952989219e+02
3.807680768572043917e+02
3.794306659731072386e+02
3.780358214425857568e+02
3.765806574106335347e+02
3.750648957399574783e+02
3.734917905787759764e+02
3.718637198273735862e+02
3.701869550844482433e+02
3.684664292601137277e+02
3.667086802373993351e+02
3.649201846858490512e+02
3.631069567535824945e+02
3.612755202526437301e+02
3.594314559272247607e+02
3.575803336840879183e+02
3.557270453926259961e+02
3.538724445723888152e+02
3.519868679772685596e+02
3.501129537619812027e+02
3.482537996749307467e+02
3.464124022246668915e+02
3.445914407339113836e+02
3.427928271759350309e+02
3.410190659912140063e+02
3.392712946540167422e+02
3.375514735239901256e+02
3.358607014206386339e+02
3.341999819735498249e+02
3.325707366901368687e+02
3.309731845830414159e+02
3.294086983935828812e+02
3.278774456362851879e+02
3.263801339468303127e+02
3.249174084610641557e+02
3.234891810445591886e+02
3.220964416095571323e+02
3.207388043653595560e+02
3.194170125292589546e+02
3.181310779138663634e+02
3.168810154010384963e+02
3.156637990202736432e+02
3.144674719610080160e+02
3.133103365254053756e+02
3.121919374632047948e+02
3.111126733245964715e+02
3.100726978312598590e+02
3.090715599935281261e+02
3.081099866916528640e+02
3.071870707443139281e+02
3.063033328992463566e+02
3.054582092196624785e+02
3.046513177295497599e+02
3.038827223102144330e+02
3.031511822328780568e+02
3.024568753883542058e+02
3.017984398875228749e+02
3.011753839406227371e+02
3.005868114195922089e+02
3.000312917404650648e+02
2.995083212164438464e+02
2.990160561306842055e+02
2.985538551261219027e+02
2.981201845438274631e+02
2.977139608803606734e+02
2.973385506595049605e+02
2.969878054324452137e+02
2.966623148185630612e+02
2.963607660019099512e+02
2.960830728365778555e+02
2.958285582102471380e+02
2.955974097991235681e+02
2.953899855518183131e+02
2.952065129378568145e+02
2.950484431906566556e+02
2.949158430180965524e+02
2.948105852909009741e+02
2.947326824330930890e+02
2.946828386628517933e+02
2.946611841941813736e+02
2.946663210667325643e+02
2.946976673239963702e+02
2.947520329256606146e+02
2.948269132691595473e+02
2.949188268026467767e+02
2.950244867750440676e+02
2.951408973121327790e+02
2.952665015663636154e+02
2.954008629051686512e+02
2.955393671334356895e+02
2.956774768357109338e+02
2.958365002343917922e+02
2.960274668107821299e+02
2.962668388516816549e+02
2.965725927481578879e+02
2.969691542143151537e+02
2.974823377488768301e+02
2.981361614470728227e+02
2.989592531910437287e+02
2.999591301124668234e+02
3.011425878961583180e+02
3.024857984960090107e+02
3.039507360076574400e+02
3.054783133573364466e+02
3.070032182264850462e+02
3.084545225631111407e+02
3.097825086916930104e+02
3.109466967533006709e+02
3.119267716004176805e+02
3.127240145553103616e+02
3.133368176496218211e+02
3.137886823059066614e+02
3.140895658594295128e+02
3.142164980201010849e+02
3.141672333308825955e+02
3.140232567881926684e+02
3.138039877132726474e+02
3.135214025247642553e+02
3.131910158899347607e+02
3.128233807194495739e+02
3.124293281402729008e+02
3.120184610341793814e+02
3.115991126113840437e+02
3.111795538001644559e+02
3.107667210888998852e+02
3.103679475709697044e+02
3.099889573221853993e+02
3.096359478730987007e+02
3.093138570626550745e+02
3.090271740100970419e+02
3.087804510308635031e+02
3.085758522202688710e+02
3.084162742035778706e+02
3.083021967157635572e+02
3.082338492028183623e+02
3.082100379471270912e+02
3.082278251417063188e+02
3.082538188987292642e+02
3.085154440863685750e+02
3.087884065233848219e+02
3.090666981117494174e+02
3.093454337593058767e+02
3.096187183965413965e+02
3.098823342533424352e+02
3.101326928143761279e+02
3.103660583374252155e+02
3.105817100072360972e+02
3.107769676443307958e+02
3.109523834273534817e+02
3.111083731924816220e+02
3.112452285024035064e+02
3.113657748989092511e+02
3.114705781506374365e+02
3.115627113328943096e+02
3.116445026370535061e+02
3.117178654124218724e+02
3.117866460520814940e+02
3.118519096517815115e+02
3.119171908165616287e+02
3.119838480608451050e+02
3.120537162418737012e+02
3.121150366619647230e+02
3.121948201268772323e+02
3.122784373148942905e+02
3.123659674673991162e+02
3.124577488727576338e+02
3.125540125096009660e+02
3.126534334244728370e+02
3.127556131991150323e+02
3.128585753351374024e+02
3.129605686735825998e+02
3.130596818859283417e+02
3.131532295270264399e+02
3.132389909924505673e+02
3.133143135170430469e+02
3.133762481910019346e+02
3.134227908456534806e+02
3.134510743115999958e+02
3.134592184541950814e+02
3.134455626065276874e+02
3.134079587328921548e+02
3.133462026459640128e+02
3.132591077633832697e+02
3.131471004686944752e+02
3.130118191709373150e+02
3.128616249497537751e+02
3.126524125704975745e+02
3.124360834938073026e+02
3.122250507821531187e+02
3.120431727943045530e+02
3.119240515405233509e+02
3.119350434390262308e+02
3.121743566929255280e+02
3.127852841283170164e+02
3.139600017607064615e+02
3.157915945902541921e+02
3.182324022261248047e+02
3.209018612951238083e+02
3.233458576622102782e+02
3.252602232662267738e+02
3.266461019973023667e+02
3.276182011255824023e+02
3.283881176132049404e+02
3.291313937236324136e+02
3.300096762735548737e+02
3.311542135150737636e+02
3.325993564026661033e+02
3.342300373235407847e+02
3.358137134144714082e+02
3.370904565735796155e+02
3.379218057057777287e+02
3.385090242382476617e+02
3.390175227449336148e+02
3.395805668475201173e+02
3.402448077934298567e+02
3.409299693159797471e+02
3.414888438103894259e+02
3.418049731323209812e+02
3.418552137627311822e+02
3.416962621386080059e+02
3.414042036093393904e+02
3.410795639625755484e+02
3.408121893197197778e+02
3.407109640702532829e+02
3.408889567619028753e+02
3.414962440106031067e+02
3.426521705969785216e+02
3.444510426415634470e+02
3.468466971606929974e+02
3.496435122305279037e+02
3.525464212124034020e+02
3.552681401798398610e+02
3.576133451800310468e+02
3.594208705142359577e+02
3.606335837238813156e+02
3.615357081575601228e+02
3.622419621154629112e+02
3.628314942608915317e+02
3.633528540257379973e+02
3.638108208603264302e+02
3.641869057168641461e+02
3.644689423409089386e+02
3.646568296924742185e+02
3.648070752999014985e+02
3.650121680296795716e+02
3.654047792613155821e+02
3.661558237631102770e+02
3.674771382926168144e+02
3.695590435934493598e+02
3.726091305774366447e+02
3.766594456989321884e+02
3.814960314298532467e+02
3.866428004251718562e+02
3.915090749852818135e+02
3.957221440538979209e+02
3.992453866174114978e+02
4.021551142436646842e+02
4.042935189900997557e+02
4.059658976868016680e+02
4.069166885599440207e+02
4.072254991937911086e+02
4.069847546170586838e+02
4.063493179606417698e+02
4.054424401119256913e+02
4.043570901240533999e+02
4.031659293002439313e+02
4.019078874975872395e+02
4.006128274433683032e+02
3.992924307571329336e+02
3.979536282367497506e+02
3.965950762306901538e+02
3.952140849153792033e+02
3.938031492749818199e+02
3.923579881051018674e+02
3.908711442317234628e+02
3.893399910284840644e+02
3.877636217185091709e+02
3.861406536367211970e+02
3.844781204804713752e+02
3.827768563798982200e+02
3.810474385343731001e+02
3.791649904914883678e+02
3.772784530932690927e+02
3.753882405205507666e+02
3.735009015099176395e+02
3.716283937034224891e+02
3.697775421720071449e+02
3.679563290100642803e+02
3.661732982519679354e+02
3.644321332043350594e+02
3.627409062205423993e+02
3.611019014354272372e+02
3.595195576943275455e+02
3.579968617518759970e+02
3.565337923938359381e+02
3.551326244841516200e+02
3.537911563369688110e+02
3.525086381709394914e+02
3.512828397378846148e+02
3.501096110864111211e+02
3.489865352235839850e+02
3.479086024141308258e+02
3.468727447601949621e+02
3.458769560048043559e+02
3.449227466607197812e+02
3.439824458219984535e+02
3.431469615174340220e+02
3.425665344521875113e+02
3.426386775445357671e+02
3.443094181101150184e+02
3.487844758445315279e+02
3.563511213018488206e+02
3.668382682297570341e+02
3.808496145651352549e+02
3.975080122607415660e+02
4.131164065281573130e+02
4.259454620147658375e+02
4.383415030512476278e+02
4.514534377359913151e+02
4.628221408162772263e+02
4.698475576001952163e+02
4.727258977742523030e+02
4.730186243589407127e+02
4.720893191450647350e+02
4.706090808322119869e+02
4.689342696362936067e+02
4.672106816781662246e+02
4.655116576532648764e+02
4.638627052567192095e+02
4.619745577725190060e+02
4.602287060066353774e+02
4.585278687818333765e+02
4.568590699258732002e+02
4.552183860435448537e+02
4.536169487399317859e+02
4.520939089197503904e+02
4.507412586508946788e+02
4.496644071052575100e+02
4.490283994612868810e+02
4.488978503816262560e+02
4.492100376919243558e+02
4.496705298432066229e+02
4.498827639372964882e+02
4.495104729539426671e+02
4.484978734231183353e+02
4.469116807032148131e+02
4.449084431387019549e+02
4.426312312093317018e+02
4.401766464015753400e+02
4.376222582169164070e+02
4.350085240350084064e+02
4.323653491414654013e+02
4.297094454497766378e+02
4.269856146996830262e+02
4.243144552425047209e+02
4.216711094899521868e+02
4.190583303319479000e+02
4.164777501122397894e+02
4.139309129822692057e+02
4.114179618234782083e+02
4.089401078611767275e+02
4.064970158809463783e+02
4.040892882929095435e+02
4.017169561737765093e+02
3.993797308754801065e+02
3.970781953087368379e+02
3.948115227238976104e+02
3.925802866015990844e+02
3.903839177576292059e+02
3.882223610231603175e+02
3.860956762820172798e+02
3.840031292459624979e+02
3.819451240940445018e+02
3.799207972189065572e+02
3.779302827749640414e+02
3.759731650301969239e+02
3.740489231700508981e+02
3.720411576062323888e+02
3.700468918498930861e+02
3.680859820011203851e+02
3.661578399216033404e+02
3.642625347394737219e+02
3.624000267377107889e+02
3.605697514824344125e+02
3.587721474635096115e+02
3.570064058684953352e+02
3.552728240312939079e+02
3.535709703829822956e+02
3.519004753909067063e+02
3.502615058801929422e+02
3.486531734524986064e+02
3.470757137923413325e+02
3.455284176452851170e+02
3.440109496613994793e+02
3.425231768849068317e+02
3.410641262555117805e+02
3.396338889803474217e+02
3.382314586625600441e+02
3.368565498555619229e+02
3.355086589938896964e+02
3.341868683847764601e+02
3.328311856620777576e+02
3.315012645276709691e+02
3.301972820022534734e+02
3.289190963031431920e+02
3.276663470852775504e+02
3.264394908536585262e+02
3.252378627824666069e+02
3.240619649166744694e+02
3.229115362512134197e+02
3.217866395398327768e+02
3.206877013099261262e+02
3.196143351605947487e+02
3.185672558203225435e+02
3.175462462879021359e+02
3.165518102119880837e+02
3.155843658899006527e+02
3.146440289266811874e+02
3.137316967381845529e+02
3.128474717938504455e+02
3.119924193078288113e+02
3.111670212956294108e+02
3.103723529793720104e+02
3.096094973974450113e+02
3.088794556694825246e+02
3.081560553896395618e+02
3.074870509506723124e+02
3.068575122517464138e+02
3.062690457099330956e+02
3.057246696247480600e+02
3.052268906689033656e+02
3.047784608902452419e+02
3.043833559197145746e+02
3.040439509448673334e+02
3.037652557976473986e+02
3.035501947088983457e+02
3.034035001603889441e+02
3.033297416130739634e+02
3.033323476932455378e+02
3.034176598294380938e+02
3.035881674071989096e+02
3.038503651083137811e+02
3.042072630061296081e+02
3.046630069235199016e+02
3.052224165841923309e+02
3.058863726892965360e+02
3.066604529265341057e+02
3.075439423590867705e+02
3.085402174232395396e+02
3.096821960684564488e+02
3.109680143954500409e+02
3.123765637744525634e+02
3.139072446540989745e+02
3.155677511289704285e+02
3.173633011028862825e+02
3.193063036259129603e+02
3.214144113880067835e+02
3.237067820847276494e+02
3.262175828815996965e+02
3.289754672978230587e+02
3.320257448516567251e+02
3.354082172229938124e+02
3.391605457756197097e+02
3.433210310390741142e+02
3.478913198697403573e+02
3.528646799300995553e+02
3.581854397328680761e+02
3.637642234232227452e+02
3.694914529526739102e+02
3.752356806090108421e+02
3.808608271195928410e+02
3.862704038345844992e+02
3.913534796499361050e+02
3.960014459595467429e+02
4.000183190359410901e+02
4.035785892692960601e+02
4.067017998405738126e+02
4.093833668611346752e+02
4.116467856129098095e+02
4.135144328600907215e+02
4.149974030916455945e+02
4.161319895647229714e+02
4.169338931801246417e+02
4.174302212034994568e+02
4.176440490069031171e+02
4.175908599471996467e+02
4.172941132097254808e+02
4.167687708220428249e+02
4.160322902467015638e+02
4.151045121194237595e+02
4.137646426074780379e+02
4.117026199241460063e+02
4.102136033467883749e+02
4.086118608801355094e+02
4.069140588250903647e+02
4.051314218661545397e+02
4.032785550239248664e+02
4.013017974330545030e+02
3.992248843511030145e+02
3.971100314830987941e+02
3.949629311711202035e+02
3.927908480394494291e+02
3.905981870330208494e+02
3.883900442344012731e+02
3.861709860331707773e+02
3.839442545977869941e+02
3.817146176830038939e+02
3.794848814050182000e+02
3.772591452467195836e+02
3.750409577394858047e+02
3.728333851419956204e+02
3.706407359961659154e+02
3.684656473976402822e+02
3.663123995003153937e+02
3.641841358567111797e+02
3.620842341221477341e+02
3.600167641427610761e+02
3.579841953924997142e+02
3.559910111085010840e+02
3.540395627379467101e+02
3.521335247400359094e+02
3.503135850363701138e+02
3.485215008885311363e+02
3.467871266219388531e+02
3.451108391954828107e+02
3.434950208747904412e+02
3.419402664200643471e+02
3.404468066100588999e+02
3.390158359245919542e+02
3.376456331447787420e+02
3.363365953212323234e+02
3.350866512147927097e+02
3.338939952153083368e+02
3.327569243719023575e+02
3.316718707211618380e+02
3.306365868474142076e+02
3.296472701524239710e+02
3.287004934341931062e+02
3.277930380805304935e+02
3.269209968229305332e+02
3.260815457174172138e+02
3.252718812812363467e+02
3.244899730924334449e+02
3.237353949756684983e+02
3.230090559105884154e+02
3.223166705044041578e+02
3.216443150143002754e+02
3.210237746725210854e+02
3.204773915777437878e+02
3.200454073604960286e+02
3.197824841320325504e+02
3.197806294209976841e+02
3.201654215660623777e+02
3.210990136449565284e+02
3.227980852410861417e+02
3.254352099107784397e+02
3.291437583430804921e+02
3.338607090489671805e+02
3.392937281269331606e+02
3.450023548735351824e+02
3.505220392292603719e+02
3.555178838355470248e+02
3.599497965248214655e+02
3.638716638772097554e+02
3.674345332767801438e+02
3.707642871870793329e+02
3.739039519724933029e+02
3.768390648546855459e+02
3.795019811364068687e+02
3.816512507931611822e+02
3.834656787905013289e+02
3.848592417911559664e+02
3.858589087664254293e+02
3.865073931980815587e+02
3.868326782663294807e+02
3.868861651220350382e+02
3.867007608161159169e+02
3.863318102310611835e+02
3.858201405985211068e+02
3.852203205096972169e+02
3.845771564824000279e+02
3.839330163947241772e+02
3.833252646009827913e+02
3.827628776151620400e+02
3.822427616859192767e+02
3.817151694909147182e+02
3.811183060133449203e+02
3.803880356603202699e+02
3.794862148577686298e+02
3.783990884445973393e+02
3.771495078403892194e+02
3.757592178379652523e+02
3.742592675083068343e+02
3.725763798558650137e+02
3.708488887632454976e+02
3.690953641143355526e+02
3.673262322655742196e+02
3.655509174800764072e+02
3.637748524292500178e+02
3.620020115217033663e+02
3.602356118283175306e+02
3.584772692069975619e+02
3.567288090116261401e+02
3.549911893428078997e+02
3.532651505800683367e+02
3.515514752326728853e+02
3.498504137875820561e+02
3.481626436341217072e+02
3.464883144596296916e+02
3.448278713794885562e+02
3.431817252427829317e+02
3.415502747092671143e+02
3.399344811912280875e+02
3.383354439316126445e+02
3.367561972755361808e+02
3.352015551641329694e+02
3.336837217042775023e+02
3.323217199398159210e+02
3.311177333070729674e+02
3.301327511916023241e+02
3.295729355800069129e+02
3.298719815802547259e+02
3.316321209076907053e+02
3.356776188534327048e+02
3.422919950245308769e+02
3.508506522782922161e+02
3.603447891099376079e+02
3.701997787075391102e+02
3.802223808087078396e+02
3.903987885124682862e+02
4.002074973774317073e+02
4.088189604140339384e+02
4.155422601583620690e+02
4.201149405548596292e+02
4.230497648704818516e+02
4.252668342414347080e+02
4.276337660666899865e+02
4.307862162147521872e+02
4.348559213841086830e+02
4.397227553799208977e+02
4.447553895669822168e+02
4.485841029643494267e+02
4.503762184663884227e+02
4.502210543929521123e+02
4.487051063224449194e+02
4.465014095647190970e+02
4.439697019535941536e+02
4.413284511317626198e+02
4.386825726363161380e+02
4.360828536828691426e+02
4.335593393632254333e+02
4.311239640853378887e+02
4.287838908906192046e+02
4.265430184692413036e+02
4.243996164949339231e+02
4.223545122279914494e+02
4.204027545219388458e+02
4.185411626446376658e+02
4.167644472962169857e+02
4.150650148010171279e+02
4.134370886080764649e+02
4.118708723521677939e+02
4.103588131344424710e+02
4.088915296319601111e+02
4.074597773575002293e+02
4.061232946741699834e+02
4.048130793928467028e+02
4.035091028251212606e+02
4.022049959522129257e+02
4.008960194817942124e+02
3.995784521556138316e+02
3.982502997744095410e+02
3.969105258658003095e+02
3.955597055396651740e+02
3.941998141378311971e+02
3.928331475869017027e+02
3.914643256078833815e+02
3.900974612109122859e+02
3.887382697460593022e+02
3.873933855755490754e+02
3.860683950618021640e+02
3.847717274884994367e+02
3.835095194860626862e+02
3.822899017450055794e+02
3.811210007170826088e+02
3.800088747631901356e+02
3.789630587240035879e+02
3.779878671773590781e+02
3.770909570582240349e+02
3.763025308652639183e+02
3.755861101980173657e+02
3.749483681830972728e+02
3.743848627013721853e+02
3.738935886447317785e+02
3.734663656985241005e+02
3.730954452705959170e+02
3.727702385443545836e+02
3.724790193145558419e+02
3.722094860163405201e+02
3.719494778859217945e+02
3.716874110249289060e+02
3.714123933529957640e+02
3.711167761517440908e+02
3.707918604918251049e+02
3.704350071033064751e+02
3.700413502245591530e+02
3.696110809372391941e+02
3.691443389994535664e+02
3.686415706399421879e+02
3.681069068706720486e+02
3.675409138164376941e+02
3.669485102799687297e+02
3.663312635859606985e+02
3.656496665499666960e+02
3.648728097028927095e+02
3.640733662209601107e+02
3.632545392348137057e+02
3.624159797816672608e+02
3.615591570594621658e+02
3.606841033350266343e+02
3.597899577590367244e+02
3.588774495905736899e+02
3.579447433181182419e+02
3.569921125534223165e+02
3.560183473166887325e+02
3.550226243014006400e+02
3.540049624163868884e+02
3.529642205848301728e+02
3.519009510942994439e+02
3.508148124747179395e+02
3.497062612501845251e+02
3.485762243246794583e+02
3.474252380080596367e+02
3.462548676342738645e+02
3.450662247785298860e+02
3.438609075720352166e+02
3.426407136566494387e+02
3.413745564677782340e+02
3.400411797084747150e+02
3.387034835308089100e+02
3.373632801474071812e+02
3.360223583344291001e+02
3.346825184760808725e+02
3.333452041573194720e+02
3.320122780529982833e+02
3.306849720354850319e+02
3.293649609895689423e+02
3.280536805910235785e+02
3.267524177066464404e+02
3.254630158231045698e+02
3.241865543322832650e+02
3.229249968446011394e+02
3.216797887919374830e+02
3.204526842160205433e+02
3.192459060658807743e+02
3.180610517047817325e+02
3.169009516227912400e+02
3.157675879487034649e+02
3.146640685538260414e+02
3.135934835505100295e+02
3.125590635031147713e+02
3.115561206824422698e+02
3.105652717568097501e+02
3.096310400135511713e+02
3.087601198040383679e+02
3.079616304772501394e+02
3.072490355605597756e+02
3.066385132834001297e+02
3.061564599862500700e+02
3.058389841046424067e+02
3.057364951926039112e+02
3.059205620702337001e+02
3.064663628345607549e+02
3.074432413045036583e+02
3.088730101054845818e+02
3.107156875449858262e+02
3.128970399030479825e+02
3.153406626060562417e+02
3.180107352781809027e+02
3.208758311625038573e+02
3.239322788502967114e+02
3.271362041792595505e+02
3.304507391330706696e+02
3.337831496520934138e+02
3.370675501066565403e+02
3.401561272877995066e+02
3.431765064456176333e+02
3.459773577517515264e+02
3.485210684188459709e+02
3.507751364894569406e+02
3.527050113692575337e+02
3.542879279775361852e+02
3.555090422750280368e+02
3.563862565498764639e+02
3.569316438240369393e+02
3.571844749246740207e+02
3.571741642128683907e+02
3.569308778447066288e+02
3.564895053784156858e+02
3.558707726128399713e+02
3.551048315114389879e+02
3.542120710682247591e+02
3.532128393880462909e+02
3.521291299451419832e+02
3.509748147882245348e+02
3.497683389385098849e+02
3.485222133818274415e+02
3.472482750502103386e+02
3.459578672042711105e+02
3.446570537216024945e+02
3.433816130440121128e+02
3.421072442567824510e+02
3.408391517570759106e+02
3.395823405860160165e+02
3.383397415161558115e+02
3.371145376362782713e+02
3.359089950782545770e+02
3.347243762029700633e+02
3.335623958296799287e+02
3.324234970873057478e+02
3.313085408364739806e+02
3.302178920152552450e+02
3.291515474331089877e+02
3.281099334878833247e+02
3.270926745604276107e+02
3.260999693514198157e+02
3.251314519543192887e+02
3.241868359528218662e+02
3.232658644018737277e+02
3.223678139326831911e+02
3.214922660296875279e+02
3.206382533907920447e+02
3.198049425274094233e+02
3.190061108178726954e+02
3.182355102021927564e+02
3.174924127883067513e+02
3.167775097629047423e+02
3.160920336155714949e+02
3.154369468295441834e+02
3.148136096024222752e+02
3.142234014362696826e+02
3.136678240200953383e+02
3.131488177745750363e+02
3.126679551948144535e+02
3.122277547562716791e+02
3.118305143758032045e+02
3.114790915783046898e+02
3.111776788819749981e+02
3.109297674559592792e+02
3.107419679891164037e+02
3.106199037037989683e+02
3.105713551064366698e+02
3.106060483008776032e+02
3.107320598995751197e+02
3.109624508097505782e+02
3.113075295611179740e+02
3.117823245324172490e+02
3.124429610638472923e+02
3.133761658604279319e+02
3.145843955028678351e+02
3.161535048187657253e+02
3.181723884148752859e+02
3.206710611351480793e+02
3.236504667177317174e+02
3.271278616754228779e+02
3.311161460907452465e+02
3.356456423267903233e+02
3.406382732629654129e+02
3.459420895385017616e+02
3.513217853899615761e+02
3.564580633480749157e+02
3.610425695222228910e+02
3.648978892982120783e+02
3.679401807072858901e+02
3.702571767987183762e+02
3.719719661452844548e+02
3.732087787164488191e+02
3.741017886481945425e+02
3.747332384254897306e+02
3.751860593353168269e+02
3.755265894043130857e+02
3.756977071978508889e+02
3.759937416831766086e+02
3.764075563604934587e+02
3.770638014802979114e+02
3.781107746600283122e+02
3.796140456414057098e+02
3.815598827966020963e+02
3.837678045467981178e+02
3.860049907762776797e+02
3.881100303811917911e+02
3.899984600838143365e+02
3.916482964095473562e+02
3.930537444052007459e+02
3.941823453059608369e+02
3.949924432442588227e+02
3.954630079067570705e+02
3.955745676937984285e+02
3.953585353172980490e+02
3.948540051292143289e+02
3.941178695464890325e+02
3.932239401722317211e+02
3.922367197352456287e+02
3.912444125949906493e+02
3.903299007021964258e+02
3.895014062163201629e+02
3.891035719179911894e+02
3.891791371765231133e+02
3.899302944222905580e+02
3.915165752936683248e+02
3.940783273173670409e+02
3.975149503851730515e+02
4.015851878584620067e+02
4.058742034361525270e+02
4.101071929709679580e+02
4.141237316319350157e+02
4.180472899113829612e+02
4.219872917739613740e+02
4.259818431891881687e+02
4.299399573123847631e+02
4.336133080686298626e+02
4.367536771728898657e+02
4.391705757031425037e+02
4.408156486403389636e+02
4.416942736421768245e+02
4.419313500363829803e+02
4.416128431895087374e+02
4.408540296553667304e+02
4.397398059652880420e+02
4.381270200494724349e+02
4.359791836704955585e+02
4.336592576759487088e+02
4.312119290852490394e+02
4.286630032582894501e+02
4.260361489723913451e+02
4.233530393010112789e+02
4.206260900985419084e+02
4.178721096889738646e+02
4.151005889209607176e+02
4.123232022162587214e+02
4.095504557915985515e+02
4.067946654406896414e+02
4.040753686335933139e+02
4.014226610567678790e+02
3.989095584188996781e+02
3.966671019700972352e+02
3.949819784694003602e+02
3.942640961644407867e+02
3.946656875304870482e+02
3.954202203612729818e+02
3.952767888687966433e+02
3.938893144149648720e+02
3.917515020645110440e+02
3.891823889584814538e+02
3.863745085738205489e+02
3.835948854489130326e+02
3.809520806696536965e+02
3.786990689976090039e+02
3.774098342375694415e+02
3.784016462704054220e+02
3.835264206852165216e+02
3.925971588643154746e+02
4.024507866488036143e+02
4.111762545321192874e+02
4.176345070528413999e+02
4.214637282517327890e+02
4.242247079855587799e+02
4.281438362635781800e+02
4.346512421435415376e+02
4.439216833754517779e+02
4.544834314634504153e+02
4.651335455693961194e+02
4.761151578763842735e+02
4.864728122707076636e+02
4.939905711846803911e+02
4.978358508662439590e+02
4.989716986687668054e+02
4.987397594249489430e+02
4.981963094892898880e+02
4.975196573186415208e+02
4.966556760021966284e+02
4.953371392834361018e+02
4.933858556035152105e+02
4.908657701781546621e+02
4.879356685952127464e+02
4.847510235018220328e+02
4.814352926429198760e+02
4.780561835556615620e+02
4.746589512784519229e+02
4.712687515556305016e+02
4.678990407295977434e+02
4.645595936899312051e+02
4.612556198228575681e+02
4.579904355182598010e+02
4.547676464407086883e+02
4.515880223278086874e+02
4.484541264731370802e+02
4.453664580246240803e+02
4.423263406116324745e+02
4.393348893737345406e+02
4.363923349304362773e+02
4.334170704470555506e+02
4.305131738366130207e+02
4.276567850565498929e+02
4.248481819465851004e+02
4.220884842389645542e+02
4.193787350982350972e+02
4.167193555963157792e+02
4.141121692701757411e+02
4.115571219428916834e+02
4.090561475107567162e+02
4.066093798037128977e+02
4.042174246214274831e+02
4.018812415427640872e+02
3.995995995921652479e+02
3.973734450137652061e+02
3.952002320084773146e+02
3.930790993753323619e+02
3.910072411209587244e+02
3.889813381658734102e+02
3.869982542561094192e+02
3.850533773672272559e+02
3.831425941714796295e+02
3.812617000978754618e+02
3.794062340634545194e+02
3.775070690685575414e+02
3.755104714933136734e+02
3.735346967265065814e+02
3.715775506999983691e+02
3.696362188353030547e+02
3.677097768521742864e+02
3.657972094419015434e+02
3.638980733274720478e+02
3.620128749680242208e+02
3.601415004365341019e+02
3.582850638642190120e+02
3.564440270546607508e+02
3.546193311761116433e+02
3.528119523887015134e+02
3.510224420805515706e+02
3.492521813599931875e+02
3.475017473869431228e+02
3.457723523006946493e+02
3.440645802551303518e+02
3.423794854732758495e+02
3.407177818408063104e+02
3.390804196644332364e+02
3.374681978372131539e+02
3.358818535006373054e+02
3.342850237099843298e+02
3.327032888679726739e+02
3.311508040404643225e+02
3.296281118478584062e+02
3.281360788630196339e+02
3.266754039988471163e+02
3.252466426023469239e+02
3.238507628549231185e+02
3.224881594157162112e+02
3.211599558693172298e+02
3.198667081089316184e+02
3.186094240749579285e+02
3.173891653492105434e+02
3.162067841930435748e+02
3.150639671391872980e+02
3.139617772481344673e+02
3.129024219302252732e+02
3.118876206634665778e+02
3.109200503200929120e+02
3.100026418950071161e+02
3.091385031377372457e+02
3.083323584121743579e+02
3.075881727230475917e+02
3.069130716529227811e+02
3.063078133573433206e+02
3.057838196797450223e+02
3.053521999042302468e+02
3.050249898727759046e+02
3.048250632197132859e+02
3.047784210813161394e+02
3.048762534001603512e+02
3.058411613289844126e+02
3.072184224165050068e+02
3.096349436223538305e+02
3.134430284567305875e+02
3.186505613837594524e+02
3.242466227256017532e+02
3.290822250976767123e+02
3.328577235991688212e+02
3.361955664513160400e+02
3.399559886887965376e+02
3.448113312828656376e+02
3.506651793308039942e+02
3.564273594205985205e+02
3.612730052200840873e+02
3.652850768686203082e+02
3.691345150586819273e+02
3.735567444230293859e+02
3.795739521807347501e+02
3.889491201992605625e+02
4.049668864675901432e+02
4.297274287923237921e+02
4.604565042169030562e+02
4.885254587267461943e+02
5.086528690087156974e+02
5.245683773993476962e+02
5.409723452632780436e+02
5.561582716368187675e+02
5.657897357716276474e+02
5.708027449181760176e+02
5.737147094399409752e+02
5.759717220412702545e+02
5.776727343776996122e+02
5.784110162850416827e+02
5.779574705066791012e+02
5.764172046650238599e+02
5.740934198360456548e+02
5.712193474273758511e+02
5.679521617517090135e+02
5.643902793469849257e+02
5.605903620374966749e+02
5.565981570654042798e+02
5.524069352822192513e+02
5.480380833265777483e+02
5.435480851115611358e+02
5.389557421462959610e+02
5.342797807198222699e+02
5.295327634748865648e+02
5.247314367895532996e+02
5.198874992289923966e+02
5.150122933413045985e+02
5.101176197817412117e+02
5.052107316098074534e+02
5.003017224002948069e+02
4.953974524866528668e+02
4.905042459861495558e+02
4.856296581254195530e+02
4.807779253885246362e+02
4.759558058331820689e+02
4.711679907546597974e+02
4.664188130877281537e+02
4.617139010448073577e+02
4.570556330261230755e+02
4.524491008668688892e+02
4.478966221156944698e+02
4.434013260830893159e+02
4.390039733587684054e+02
4.346867166321811737e+02
4.304432815157941263e+02
4.262741575536402934e+02
4.221826033732976384e+02
4.181715678018051108e+02
4.142439583913354113e+02
4.104061190355715780e+02
4.066617655898625685e+02
4.030200964503647469e+02
3.994883989409890432e+02
3.960773773390023962e+02
3.928007505308028158e+02
3.896704126616315875e+02
3.867069128779429548e+02
3.839257631610446424e+02
3.813498022071628952e+02
3.790008741832240844e+02
3.768949277307733610e+02
3.750544357246382674e+02
3.734793019817518029e+02
3.721696904124879097e+02
3.711025698483466613e+02
3.702382897599544549e+02
3.696035044856903369e+02
3.690620650066990152e+02
3.685358045269258014e+02
3.679712189329474654e+02
3.673288175857798592e+02
3.665789570251588998e+02
3.657116069713464412e+02
3.647161153273187324e+02
3.635991763390782125e+02
3.623636475175493388e+02
3.610204513745658801e+02
3.595815573663649616e+02
3.580575080992807671e+02
3.564640370204450619e+02
3.548117260065003506e+02
3.531148309905952942e+02
3.513842852676360167e+02
3.496312071240620867e+02
3.478656906150717987e+02
3.460963816528399661e+02
3.443314326155120284e+02
3.425778958112093733e+02
3.408421286651861237e+02
3.391297861398840041e+02
3.374607005510521276e+02
3.358256303982956865e+02
3.342389904420123230e+02
3.327156947334830761e+02
3.312813265971874443e+02
3.299868986579718353e+02
3.289240066887728631e+02
3.282073000456832119e+02
3.279366208929504864e+02
3.279131514386106119e+02
3.277043399029575426e+02
3.269991139167128722e+02
3.258580117212402456e+02
3.244708482989551612e+02
3.229928448338216640e+02
3.214935912062581451e+02
3.200061234077280687e+02
3.185415406406787042e+02
3.171026468759674231e+02
3.156899602688079085e+02
3.143022656105426336e+02
3.129391911381864588e+02
3.116016359944613328e+02
3.102943476699718417e+02
3.094080181520047859e+02
3.087278921839707664e+02
3.082387286331890550e+02
3.081743371398637237e+02
3.090423259299743108e+02
3.116293913771265807e+02
3.168132354813832876e+02
3.250196620298692665e+02
3.367055482932726704e+02
3.532006090904026792e+02
3.736945487809772999e+02
3.945175763235625936e+02
4.134020944121278944e+02
4.320416395752565677e+02
4.510956644869555134e+02
4.677065248034786578e+02
4.788778863522164215e+02
4.851667179264288734e+02
4.889146608660687434e+02
4.920957110366881579e+02
4.963072457996727849e+02
5.020193353522954567e+02
5.079005737244079910e+02
5.120087931740262093e+02
5.140889848657695893e+02
5.150586102708352882e+02
5.155669454204000886e+02
5.160090916378452448e+02
5.166310287430791277e+02
5.176155257332062547e+02
5.189795759778680804e+02
5.204097047781498304e+02
5.214327017454270390e+02
5.218908434160326806e+02
5.219124163086611361e+02
5.217084641299915120e+02
5.214099025096980995e+02
5.210825812678151578e+02
5.207577920248804730e+02
5.204481059595909755e+02
5.201591191977994413e+02
5.198929816577938254e+02
5.196505483493450583e+02
5.194317822871605586e+02
5.192367047632391177e+02
5.190648570163409659e+02
5.189158840935664330e+02
5.187894724803259123e+02
5.185568418137763729e+02
5.183165222461356052e+02
5.180817044243519831e+02
5.178520538294393418e+02
5.176272974470712143e+02
5.174068225335010993e+02
5.171908334647250740e+02
5.169787121375114793e+02
5.167707026458031123e+02
5.165667658043429356e+02
5.163667094793823935e+02
5.161712016376645806e+02
5.159799357788111820e+02
5.157937731702098745e+02
5.156130372075666628e+02
5.154382329330294397e+02
5.152706052548574007e+02
5.151104751208144990e+02
5.149594907682810572e+02
5.148183866470318435e+02
5.146885073577924459e+02
5.145712714012888682e+02
5.144674492428879375e+02
5.143788003872624586e+02
5.141750063709515643e+02
5.139757982318669747e+02
5.137845602457050518e+02
5.136015740108095997e+02
5.134274747881931944e+02
5.132619447901281546e+02
5.131056906405742666e+02
5.129584183919384941e+02
5.128204007164996483e+02
5.126919138705487740e+02
5.125725613579252240e+02
5.124630693063027138e+02
5.123627814013215129e+02
5.122721842312756735e+02
5.121909789669488191e+02
5.121188034654724106e+02
5.120557462729327654e+02
5.120007547230615046e+02
5.119538956349812224e+02
5.119139831676893664e+02
5.118805708366810450e+02
5.118526307551331911e+02
5.118290373232265438e+02
5.118089751385280124e+02
5.116695249200406579e+02
5.115451437969844051e+02
5.114106819497233687e+02
5.112645198264782493e+02
5.111040883298769586e+02
5.109267943193304973e+02
5.107304673309603800e+02
5.105113952288265864e+02
5.102677524836158227e+02
5.099953325807675242e+02
5.096920351574962638e+02
5.093544338215345988e+02
5.089793816316163770e+02
5.085650422894087797e+02
5.081072689800676585e+02
5.076053246655293947e+02
5.070554292899890925e+02
5.064564145943035101e+02
5.058065214350261272e+02
5.051030732949755588e+02
5.043464521697252394e+02
5.035334659473645047e+02
5.026650578758241181e+02
5.017396551123374593e+02
5.005738934022444937e+02
4.993618633732860985e+02
4.980852734895079266e+02
4.967470335412714348e+02
4.953469704059825176e+02
4.938876140060092439e+02
4.923710722659424164e+02
4.907987043601775099e+02
4.891742619051925658e+02
4.874988818078097097e+02
4.857760824209685211e+02
4.840077636254399636e+02
4.821962254150819831e+02
4.803442014376127531e+02
4.784529906564357020e+02
4.765253913147602134e+02
4.745624265814173555e+02
4.725663953211396233e+02
4.705388627697889206e+02
4.684815265039037513e+02
4.663964668696896183e+02
4.642852637900007835e+02
4.621502352228366703e+02
4.599932832669108507e+02
4.577096432444351422e+02
4.554302504658789417e+02
4.531333621659562709e+02
4.508214372106357928e+02
4.484970073959694901e+02
4.461626639283938971e+02
4.438207472113733729e+02
4.414740267259149391e+02
4.391243734842237245e+02
4.367743470648579773e+02
4.344256804403132719e+02
4.320804088970538146e+02
4.297403838756815730e+02
4.274069756881365834e+02
4.250819819316454868e+02
4.227664545128162104e+02
4.204619090213144545e+02
4.181694111031312104e+02
4.158899986571285012e+02
4.136248061916967913e+02
4.113744945373678092e+02
4.091402409006626613e+02
4.069225143293230644e+02
4.047222107800121194e+02
4.024321776088901288e+02
4.001553495875031103e+02
3.978980790486545516e+02
3.956603815818377257e+02
3.934426917065362090e+02
3.912451175501289526e+02
3.890674630577584026e+02
3.869100871804357666e+02
3.847724521761079473e+02
3.826547775868315284e+02
3.805567769619673300e+02
3.784780756803262989e+02
3.764189143056590297e+02
3.743785681735103594e+02
3.723574274961931678e+02
3.703550297639243922e+02
3.683713117772031183e+02
3.664065452863572432e+02
3.644603286895120959e+02
3.625335352169399243e+02
3.606264023491266926e+02
3.587414125884700979e+02
3.568849770900086469e+02
3.550756567567034949e+02
3.533389275616647183e+02
3.519128690047417649e+02
3.514776658633905981e+02
3.540255861246512836e+02
3.639304731057820845e+02
3.870027772491803830e+02
4.191711121660481467e+02
4.495998120901525112e+02
4.775957057622968023e+02
5.064155624523990014e+02
5.356212239938572566e+02
5.644270889721727826e+02
5.913357238037305024e+02
6.091973794705526188e+02
6.154147109428749900e+02
6.152008069142863178e+02
6.123139229514875979e+02
6.083627025198915135e+02
6.039056542209170857e+02
5.991501612708705125e+02
5.942234151248106855e+02
5.891968722763942878e+02
5.841342715710334232e+02
5.790830059945620860e+02
5.735711741448888006e+02
5.680769942346092876e+02
5.627287499707963434e+02
5.575515307840252035e+02
5.525720033731126932e+02
5.478111283598221917e+02
5.432874339351659501e+02
5.390231252023118032e+02
5.350253770741246626e+02
5.313100018004711274e+02
5.278729510695766294e+02
5.247062392204626349e+02
5.217943376926932615e+02
5.190993495832126428e+02
5.165902367703962454e+02
5.142178657328761346e+02
5.119349282805453640e+02
5.097035161379011470e+02
5.074811612837995654e+02
5.052414405911420090e+02
5.029644845734384830e+02
5.006346604715766375e+02
4.982477975869086322e+02
4.957965508859530246e+02
4.931827217041965810e+02
4.905732011135373227e+02
4.878619355973505094e+02
4.850489368757816919e+02
4.821297331958243717e+02
4.791039102030887875e+02
4.759760894513339053e+02
4.727491149682224432e+02
4.694343483010270575e+02
4.660421733114312701e+02
4.625853576798554059e+02
4.590814455863684884e+02
4.555461227718372470e+02
4.520028316337890146e+02
4.484829802926751086e+02
4.450374159919454087e+02
4.417836162138498821e+02
4.389483924414320200e+02
4.371062299076753561e+02
4.373446006811331586e+02
4.412781485587466364e+02
4.498434552094749392e+02
4.612164677126232846e+02
4.720383287724538945e+02
4.807757383931242998e+02
4.889722031448505390e+02
4.974385886253920148e+02
5.050952304614429522e+02
5.108602799726664898e+02
5.156515635849489172e+02
5.209513516609226826e+02
5.276437399783679894e+02
5.350329558094574622e+02
5.418463894698533068e+02
5.474134882036212275e+02
5.516547706114561151e+02
5.546646837358554194e+02
5.567707634832664780e+02
5.581997990260567803e+02
5.591076112175657045e+02
5.595544294508450776e+02
5.595662971872677645e+02
5.592856425301478112e+02
5.588594849479824234e+02
5.584293795783213454e+02
5.581083401308050043e+02
5.579303801980310027e+02
5.579209583200237148e+02
5.576953620380320444e+02
5.575697031376747645e+02
5.576698283237404894e+02
5.580103419040094650e+02
5.585794635354312732e+02
5.593151490306046298e+02
5.601083568485375963e+02
5.608268297141374887e+02
5.613769154733428195e+02
5.616800945578484061e+02
5.617331979062536220e+02
5.615418135730546965e+02
5.611695851908377790e+02
5.606788027131425451e+02
5.601305771465954422e+02
5.595701062411675366e+02
5.589780118331997301e+02
5.583156984240623615e+02
5.575119741560397415e+02
5.565047136390593323e+02
5.552631564530020114e+02
5.537839096216762300e+02
5.520791954189785429e+02
5.501821392575062646e+02
5.477559715277659507e+02
5.449717074693962786e+02
5.420638683653932048e+02
5.390533594024691411e+02
5.359671404927953517e+02
5.328359116942752962e+02
5.296814020701033314e+02
5.265125733487376465e+02
5.233047951182255701e+02
5.200317093675402020e+02
5.166662830839834442e+02
5.131929801489101237e+02
5.096129820467634204e+02
5.059306310599260996e+02
5.021564739343903625e+02
4.983076076137352857e+02
4.943982729226947299e+02
4.904463923722448158e+02
4.864677688037801317e+02
4.824765454800910334e+02
4.784866751410106076e+02
4.745090305513043063e+02
4.705530254143158686e+02
4.666263518197439453e+02
4.626557822276924981e+02
4.587882822488235206e+02
4.549609589892710346e+02
4.511760553735245480e+02
4.474367933274384086e+02
4.437448703581462723e+02
4.401011680338237966e+02
4.365079275624785851e+02
4.329644235370436718e+02
4.294726553157388480e+02
4.260320149913017076e+02
4.226428937785505013e+02
4.193060202596657291e+02
4.160202163926713865e+02
4.127869224858112602e+02
4.096048271207977791e+02
4.064746164418139642e+02
4.033961918678818392e+02
4.003689395574853052e+02
3.973939592628979653e+02
3.944701601716460573e+02
3.915988078677011117e+02
3.887796522229166385e+02
3.860132942814512376e+02
3.832291772576976996e+02
3.805036659239585788e+02
3.778354552497017380e+02
3.752264989944528111e+02
3.726804821830650667e+02
3.702012616312283626e+02
3.677934037412699695e+02
3.654627281009762783e+02
3.632149391899026796e+02
3.610571062766960040e+02
3.589954574553454449e+02
3.570371467829131120e+02
3.551876969364141701e+02
3.534519775314884100e+02
3.518342738814156974e+02
3.503365273465790324e+02
3.489609355531142114e+02
3.477078161380072174e+02
3.465746983834906700e+02
3.455609647580635055e+02
3.446604840729774537e+02
3.438675366291562909e+02
3.431751972670129476e+02
3.425718873337507944e+02
3.420760045168764236e+02
3.417397310166290936e+02
3.414905592394790119e+02
3.413338288159833951e+02
3.412867867827845316e+02
3.413791773076625873e+02
3.416330284947979408e+02
3.420895623835769470e+02
3.427619216890719827e+02
3.436666279533838519e+02
3.447928767146175346e+02
3.461078542896029830e+02
3.475638361130081080e+02
3.491062384262036176e+02
3.507054619122526447e+02
3.524363441203463481e+02
3.545312408502438757e+02
3.574568334146850361e+02
3.614358564644559237e+02
3.655258322993860816e+02
3.682125233597515148e+02
3.693556861648893346e+02
3.696398504673362027e+02
3.698612409731777575e+02
3.705115119698814397e+02
3.724576178939432225e+02
3.754324714177837450e+02
3.795611530558488766e+02
3.861258064534348478e+02
3.965142485897275151e+02
4.104158158249571215e+02
4.252151444187960010e+02
4.381413868488294270e+02
4.481797023813921328e+02
4.561967454657839198e+02
4.624699917624891441e+02
4.665088818375100459e+02
4.683518169173704564e+02
4.686862095471686871e+02
4.684797074104085937e+02
4.683060245701977919e+02
4.684110437057124727e+02
4.686225010966797413e+02
4.685865893920151279e+02
4.680079831472089040e+02
4.668194364596745345e+02
4.651134539628092739e+02
4.630797194792348250e+02
4.608929094241431699e+02
4.586509021630130860e+02
4.563982728807321791e+02
4.541803553574073362e+02
4.520090911735116492e+02
4.498812206025755813e+02
4.477730755890781325e+02
4.456526732345024584e+02
4.434841264765926212e+02
4.412412031846021705e+02
4.389036044366502551e+02
4.364705689649358646e+02
4.339488780214879853e+02
4.313514924343024859e+02
4.286992940310033191e+02
4.260067394388984781e+02
4.232930660251711856e+02
4.205713204651616479e+02
4.178524544207871827e+02
4.151463540809548931e+02
4.124585091715175054e+02
4.097949339645267059e+02
4.071589438388944586e+02
4.045530889727392037e+02
4.018488016968272518e+02
3.991241595359650773e+02
3.964350139456700504e+02
3.937812251413805029e+02
3.911631150582455234e+02
3.885809536675303093e+02
3.860342241333611923e+02
3.835235518432636468e+02
3.810481646018851620e+02
3.786084332717484813e+02
3.762040383975598274e+02
3.738346600929704096e+02
3.715006082806817744e+02
3.692010828734465235e+02
3.669365310734966670e+02
3.647063596398957088e+02
3.625105223348573418e+02
3.603490200013228559e+02
3.582212270004497441e+02
3.561274932843242027e+02
3.540670699681077167e+02
3.520401103072538831e+02
3.500462549003578374e+02
3.480851066789916786e+02
3.460772586622121594e+02
3.440672419932782304e+02
3.420956812885343084e+02
3.401624379638390110e+02
3.382680209676738059e+02
3.364128351293080641e+02
3.345969119347882383e+02
3.328212320243242743e+02
3.310856663618060338e+02
3.293913031085993453e+02
3.277383965649313495e+02
3.261276360844937017e+02
3.245600468008613575e+02
3.230358669840207426e+02
3.215567229536925424e+02
3.201229384261378641e+02
3.187361955738909955e+02
3.173975893548100089e+02
3.161083010189998959e+02
3.148706860916584560e+02
3.136857092215774401e+02
3.125567518733513452e+02
3.114855870072908033e+02
3.104757313594420225e+02
3.095428821190627673e+02
3.086831584355647919e+02
3.079136857944092185e+02
3.072397957083768461e+02
3.066721239009309556e+02
3.062204558191359638e+02
3.058981901838018871e+02
3.057247070772534130e+02
3.057188035488420041e+02
3.059162871963208659e+02
3.064478011300600429e+02
3.078199934957448249e+02
3.092167276575121377e+02
3.110767104107455907e+02
3.134805044369524580e+02
3.164433770770180558e+02
3.199676354217273229e+02
3.239781546593779922e+02
3.283841726661036091e+02
3.331571400075486622e+02
3.383780592747094147e+02
3.442861533797645279e+02
3.512383912405588262e+02
3.595531812518582910e+02
3.692472909887256378e+02
3.801859000905218409e+02
3.919258749460660738e+02
4.036653696069732860e+02
4.144009167703019898e+02
4.232901014572453846e+02
4.300108501481223584e+02
4.347362818602277912e+02
4.379832473162600195e+02
4.402016328628803308e+02
4.418090229039581800e+02
4.429519668871852218e+02
4.436300034681522106e+02
4.437201198301409022e+02
4.431470854113889573e+02
4.419164906204998147e+02
4.401672368591729878e+02
4.380381393711028295e+02
4.356673664333038687e+02
4.331638111576004349e+02
4.306074268756407264e+02
4.280720151025497557e+02
4.256290836468126031e+02
4.233547404897582283e+02
4.214291007095854411e+02
4.199405137720218022e+02
4.190017498152971029e+02
4.187658206761657311e+02
4.193579752489989687e+02
4.209404315964931698e+02
4.237287808812183130e+02
4.283126111758381853e+02
4.354932887318079793e+02
4.463166715542621432e+02
4.610789668163567399e+02
4.788904277729874366e+02
4.976545212172101742e+02
5.154931408260738408e+02
5.310974797974475905e+02
5.441937565623755972e+02
5.548818708151330839e+02
5.636837225352940095e+02
5.710951059702526891e+02
5.775610097886191170e+02
5.833848691869094409e+02
5.888275083829743153e+02
5.939226598513970430e+02
5.986295360931028426e+02
6.023768597737864638e+02
6.050174832912354077e+02
6.065033828261762210e+02
6.067614397452467756e+02
6.057923416595135677e+02
6.037404000000052520e+02
6.007870216086745359e+02
5.971081118835369352e+02
5.928990660923351470e+02
5.882919813728321969e+02
5.834181044154396432e+02
5.783639703085386827e+02
5.732023697947217897e+02
5.679861322367086132e+02
5.627528079096648526e+02
5.575322597925759283e+02
5.523435942668895677e+02
5.472022785975063925e+02
5.421171502465788308e+02
5.370965495022318237e+02
5.321435478818586944e+02
5.272626563078918025e+02
5.224547187787230769e+02
5.177213865871987082e+02
5.129021518573601952e+02
5.081500293994926096e+02
5.034733847641431339e+02
4.988715129263080712e+02
4.943470097474901195e+02
4.899002782600525734e+02
4.855320466531105694e+02
4.812443579242494707e+02
4.770360480864583792e+02
4.729092067627202027e+02
4.688619162092449528e+02
4.648936032439873429e+02
4.610032348869147540e+02
4.571872680109309499e+02
4.534444865955290425e+02
4.497701537047334455e+02
4.461612092983046978e+02
4.426136318996810246e+02
4.391226569273015343e+02
4.356849165218811208e+02
4.322957262145220056e+02
4.289518137379201335e+02
4.256499333614715397e+02
4.223871711569488525e+02
4.191060927952474344e+02
4.158311161014480035e+02
4.125890366280031571e+02
4.093799023878418666e+02
4.062037035751956751e+02
4.030612565766724060e+02
3.999531076357594657e+02
3.968805627639097793e+02
3.938446477200727713e+02
3.908468289810119245e+02
3.878884485332411032e+02
3.849706949542725170e+02
3.820953116173869262e+02
3.792630876684655732e+02
3.764758134333039834e+02
3.737344018392797693e+02
3.710402104008535957e+02
3.683947015978694708e+02
3.657985466411609536e+02
3.632539554386009399e+02
3.607616316940822117e+02
3.583241136977803194e+02
3.559433475915975578e+02
3.536217041821374210e+02
3.513401958894725112e+02
3.491089433878418049e+02
3.469648700964439172e+02
3.449126412961646793e+02
3.429592189157879716e+02
3.411122341226958383e+02
3.393783809045168027e+02
3.377688477790557045e+02
3.362910657977482174e+02
3.349576308107759814e+02
3.337794073277536313e+02
3.327674238261985238e+02
3.319369619359064814e+02
3.312961515431476300e+02
3.308609205214403346e+02
3.306384902505780019e+02
3.306390291505968548e+02
3.308734834754870917e+02
3.313487779835722336e+02
3.320931389071836861e+02
3.331451694044166629e+02
3.346041938928171362e+02
3.366667957224431120e+02
3.396670300094633035e+02
3.442463052671650416e+02
3.512401042684227264e+02
3.616299904534113239e+02
3.757844363503259615e+02
3.929601711921814058e+02
4.113123127585665770e+02
4.291089298672062569e+02
4.454835655356885695e+02
4.606255138486915257e+02
4.747871708777413460e+02
4.877216496475841154e+02
4.989707240111824831e+02
5.083282241819229057e+02
5.160080697983869413e+02
5.223791183491161974e+02
5.277915558141780821e+02
5.324575991923620677e+02
5.365316387834656098e+02
5.401067913235841615e+02
5.432413829393009337e+02
5.460017678141628039e+02
5.484323170272892867e+02
5.505907232125767905e+02
5.525408758432392915e+02
5.544235944256607809e+02
5.562668784247163103e+02
5.580961145634796594e+02
5.599621786505093723e+02
5.619061915927269411e+02
5.639435681545871830e+02
5.660793262227427931e+02
5.683030909008205072e+02
5.705963560948547411e+02
5.729373783914209071e+02
5.753050098270181252e+02
5.776787257709122514e+02
5.800406358422374069e+02
5.823755078705175947e+02
5.846627581032284979e+02
5.868892450105232683e+02
5.890321343444703643e+02
5.910735643554864964e+02
5.929925377372288722e+02
5.947649167942487338e+02
5.963752042736997510e+02
5.977970780574032688e+02
5.990169064719581229e+02
6.000130012212521251e+02
6.007342622277665214e+02
6.012617032563342718e+02
6.015089600674406256e+02
6.014734938537305879e+02
6.011461459111562817e+02
6.005275084724696626e+02
5.996253116962734566e+02
5.984429630306999570e+02
5.969992587980751750e+02
5.953049836966088151e+02
5.933787912963684903e+02
5.912393167875457038e+02
5.889019109608442477e+02
5.863873930555653260e+02
5.837095351548315421e+02
5.808858881087626287e+02
5.779310454143868583e+02
5.748581605807049755e+02
5.716818653536554393e+02
5.684126794940294758e+02
5.650638219569335661e+02
5.616456013366268962e+02
5.581686539105172642e+02
5.546437125841057423e+02
5.510381412738885274e+02
5.474183574909457093e+02
5.437802779657296242e+02
5.401314497246647761e+02
5.364787945427949580e+02
5.328279219964380218e+02
5.291845944275484044e+02
5.255535673079582466e+02
5.219389260234393078e+02
5.183447424011184239e+02
5.147739245154173204e+02
5.112292394824935968e+02
5.077133373016867495e+02
5.042276164193518184e+02
5.007743559596315208e+02
4.973543507722440040e+02
4.939688652971815372e+02
4.906189032207384457e+02
4.873045848512610405e+02
4.840270567840083800e+02
4.807859634168021898e+02
4.775819701282636061e+02
4.744150450365767711e+02
4.712849754248384784e+02
4.681487963921213691e+02
4.649961830466669426e+02
4.618777549976757086e+02
4.587929172069959236e+02
4.557416427533540855e+02
4.527239197230235277e+02
4.497390569737557371e+02
4.467875516402228300e+02
4.438684879143224293e+02
4.409821965427501027e+02
4.381282373482828234e+02
4.353062245001760857e+02
4.325164303369943468e+02
4.297579674667063045e+02
4.270312542678202590e+02
4.243356182381504595e+02
4.216709223768341417e+02
4.190371801979108000e+02
4.164336594921872461e+02
4.138607302288327219e+02
4.113175738527783665e+02
4.088043463072762052e+02
4.063207178227251006e+02
4.038662793691811430e+02
4.014281442934696429e+02
3.989859684707507768e+02
3.965739472922667233e+02
3.941915619160989763e+02
3.918387874689427122e+02
3.895155977434123429e+02
3.872214661962455580e+02
3.849567653804298857e+02
3.827207957582215840e+02
3.805138326246770930e+02
3.783355375102411244e+02
3.761856819225601498e+02
3.740644568082847741e+02
3.719712540636264180e+02
3.699064240811054560e+02
3.678695067886237098e+02
3.658604836509884990e+02
3.638794120070963913e+02
3.619258454052845195e+02
3.600001445462003176e+02
3.581017793640567106e+02
3.562310098449555085e+02
3.543876696646200344e+02
3.525716385287532830e+02
3.507748687824715148e+02
3.489800685442597796e+02
3.472140432461162050e+02
3.454765733903940372e+02
3.437679174196838403e+02
3.420883468030252743e+02
3.404376966287367168e+02
3.388167361138065985e+02
3.372251744448978457e+02
3.356637663734518355e+02
3.341327113931106965e+02
3.326323271962941135e+02
3.311635151526202776e+02
3.297262682183343259e+02
3.283218291444354122e+02
3.269504995064348236e+02
3.256133373108278306e+02
3.243115630932762201e+02
3.230462785700840982e+02
3.218211218964851241e+02
3.206439849942780143e+02
3.195492410521540592e+02
3.186633280063811640e+02
3.185762325429747079e+02
3.213217665703808734e+02
3.327711155349683168e+02
3.549889917920111770e+02
3.912777167772730422e+02
4.498122592839899312e+02
5.091190357265642774e+02
5.447087281147336171e+02
5.600003959757764278e+02
5.663562131651103755e+02
5.695808090632153835e+02
5.759326895278528582e+02
5.896522053655564832e+02
6.054977840469808825e+02
6.130427124396272802e+02
6.126488492790282407e+02
6.088411369605497612e+02
6.039058221241946285e+02
5.986078659200919674e+02
5.931971649728935745e+02
5.877533697978873306e+02
5.823065995809990909e+02
5.768711208467869938e+02
5.714533882254818309e+02
5.660597548929551976e+02
5.601899426960375195e+02
5.544639819869812527e+02
5.487849070685681454e+02
5.431575758457474876e+02
5.375925372212228694e+02
5.320987131628552333e+02
5.266852028219269641e+02
5.213650802290363799e+02
5.161483565153638438e+02
5.110491074630336357e+02
5.060837072228788998e+02
5.012654532416570419e+02
4.966137729779828192e+02
4.921388255802916660e+02
4.878453052695754764e+02
4.837256199888495871e+02
4.797505935022992958e+02
4.758893405837118848e+02
4.721060005626379166e+02
4.683968764885636347e+02
4.647664524782791773e+02
4.612612406840542576e+02
4.579308717240982105e+02
4.548295138051612412e+02
4.520118992692267739e+02
4.496314060835228474e+02
4.476733794123974803e+02
4.462677918096685517e+02
4.457539638346369202e+02
4.467686693781288341e+02
4.504341314399760563e+02
4.581969779146596693e+02
4.706260146199223868e+02
4.867602298277016075e+02
5.029090626261508419e+02
5.149184951382785584e+02
5.218244486962024666e+02
5.251802902136776083e+02
5.266613452183307800e+02
5.273673851805125423e+02
5.277634243482204965e+02
5.280509474269764496e+02
5.282222588741956315e+02
5.281583257717729794e+02
5.277210689126172838e+02
5.267863820642514838e+02
5.253040445746096339e+02
5.232880585682888750e+02
5.206719344281465283e+02
5.177502898392660882e+02
5.145313156218347785e+02
5.110857055692741255e+02
5.074751720851687082e+02
5.037478553513917063e+02
4.999418330247419249e+02
4.960935675611199258e+02
4.922287818624894840e+02
4.883813869504859895e+02
4.845831079543947340e+02
4.808789064689506176e+02
4.773431960399303193e+02
4.740752932094587777e+02
4.712810682956989012e+02
4.692214624254607429e+02
4.682861481005130031e+02
4.688482987344114576e+02
4.709706188268338565e+02
4.744222277983645313e+02
4.787656168522258326e+02
4.837083629804666316e+02
4.890959040867157910e+02
4.943523819564777000e+02
4.987875863531216964e+02
5.029610708294941901e+02
5.085855360043370865e+02
5.171089124764931739e+02
5.288198462017493284e+02
5.422971761852990085e+02
5.557722756375831068e+02
5.679179406588685879e+02
5.779441519778384873e+02
5.853095895376171711e+02
5.900166540550594618e+02
5.925365311079335697e+02
5.936003169409314069e+02
5.937871261661595099e+02
5.934693783888084226e+02
5.928883788898639295e+02
5.921882650261374010e+02
5.914499154845591420e+02
5.907190610533358495e+02
5.900088435816676338e+02
5.893143422368272013e+02
5.886236058113274794e+02
5.879246348382770293e+02
5.872085384510086215e+02
5.861410576456258923e+02
5.848778973982277876e+02
5.835611181974572901e+02
5.821849336281396745e+02
5.807332335313489011e+02
5.791999261357102569e+02
5.775855479531415995e+02
5.758869437025291518e+02
5.741217413667367282e+02
5.722910746143971892e+02
5.704193481982357525e+02
5.685323283171931052e+02
5.666887308752059198e+02
5.649563756668732140e+02
5.633514367318645100e+02
5.618178036767596950e+02
5.601867612377096748e+02
5.583418694256629351e+02
5.562820388343254763e+02
5.541415663042498636e+02
5.520674149249662150e+02
5.501828903329741252e+02
5.485437655000083623e+02
5.471515916058077664e+02
5.458379542113502794e+02
5.446375349595710986e+02
5.438511467003487496e+02
5.435659947967053540e+02
5.438728689758246446e+02
5.447390168169927165e+02
5.460658174847852706e+02
5.476414963052039866e+02
5.492513852078254786e+02
5.507546685590331208e+02
5.521006071208447565e+02
5.533498012424898889e+02
5.545616350842709608e+02
5.557147759323912624e+02
5.567133716763447637e+02
5.574085714920222472e+02
5.576648072678109429e+02
5.574086431471594096e+02
5.566268321133092059e+02
5.553468373805178544e+02
5.536714936711433666e+02
5.516765533133802819e+02
5.494503049165102766e+02
5.470415330908413125e+02
5.442516319377580203e+02
5.412080902217630864e+02
5.380175984685308777e+02
5.346816302422307672e+02
5.311939870657336087e+02
5.275536820079934159e+02
5.237631661345179737e+02
5.198239304611648777e+02
5.157492218234282291e+02
5.115502386641269936e+02
5.072431935216894772e+02
5.028485939136126603e+02
4.983820528359734112e+02
4.938656563752277862e+02
4.893155749246408277e+02
4.847486228651986266e+02
4.801804146335511518e+02
4.756227371530220580e+02
4.710879596697842544e+02
4.665852817954924490e+02
4.621226243162522564e+02
4.577074453869211652e+02
4.533447463133473434e+02
4.490394427368058246e+02
4.447045739515100991e+02
4.403620792533060353e+02
4.360933456478978201e+02
4.318992052167020006e+02
4.277812839553812410e+02
4.237404063111854953e+02
4.197763040191209711e+02
4.158902004128248677e+02
4.120808141500338024e+02
4.083488557763312770e+02
4.046934784712055375e+02
4.011138898400889730e+02
3.976103110920427071e+02
3.941808358764109812e+02
3.908259917984595972e+02
3.875441038168789305e+02
3.843347449995105194e+02
3.811974667545599686e+02
3.781306376982576012e+02
3.751347005565127688e+02
3.722077797522186415e+02
3.693500371874036432e+02
3.665606045773579922e+02
3.638385065503226770e+02
3.611823418588458594e+02
3.586100445994743495e+02
3.561034075441321534e+02
3.536608428058377172e+02
3.512821593061804037e+02
3.489670504401897233e+02
3.467141305387378907e+02
3.445241794646117910e+02
3.423954973969251228e+02
3.403287091448477781e+02
3.383231923603196947e+02
3.363785199303489435e+02
3.344956968601215408e+02
3.326737697637945530e+02
3.309146057642938672e+02
3.292185020857834843e+02
3.275873753536532149e+02
3.260243735817905417e+02
3.245319196861506157e+02
3.231164580087187801e+02
3.217836639358962998e+02
3.205439471823301005e+02
3.194107399452323079e+02
3.184029116250959532e+02
3.175827244911932326e+02
3.169556878847903931e+02
3.165807217592333700e+02
3.165401583147100268e+02
3.169501657870125086e+02
3.179070600493718644e+02
3.194737009218506500e+02
3.215444866479107873e+02
3.238910125954836303e+02
3.262560717079018104e+02
3.284870117684964725e+02
3.305167973065180149e+02
3.323715107565752191e+02
3.340492897838955173e+02
3.355597811199866669e+02
3.368955634650283741e+02
3.380423611319141628e+02
3.389944370827286093e+02
3.397425869614990006e+02
3.402840362973403785e+02
3.406226357703905023e+02
3.407638753243695078e+02
3.407218290036337294e+02
3.405151742004718471e+02
3.400858889302933790e+02
3.396748658424565974e+02
3.391715001188658221e+02
3.386356789095412978e+02
3.381355216544353084e+02
3.377764525394805446e+02
3.376728641554485648e+02
3.379111178669647870e+02
3.384787063701882630e+02
3.391484644266133728e+02
3.395892493130361913e+02
3.395655345618400247e+02
3.390355648486808491e+02
3.381063143004249696e+02
3.369240273067869111e+02
3.355910704544828036e+02
3.341924911645633074e+02
3.327754686200008223e+02
3.313803675945818554e+02
3.300569594461734368e+02
3.289088082179123376e+02
3.282317308530479636e+02
3.291808053266635739e+02
3.355889471984589250e+02
3.585189807798436163e+02
3.942289744342352265e+02
4.183065859271906106e+02
4.320318410692646012e+02
4.463070997171205363e+02
4.726381287008049412e+02
5.141932390589962552e+02
5.575599566676818313e+02
5.833647576068271974e+02
5.954752813793188579e+02
6.062582321362974653e+02
6.124491374973948723e+02
6.140056101215202489e+02
6.170367781324700900e+02
6.251957952607964444e+02
6.308434519485317651e+02
6.303420603503030861e+02
6.276300988842733659e+02
6.243809427147533597e+02
6.210204882497322387e+02
6.176261494655061597e+02
6.142164951145083478e+02
6.107945430913259770e+02
6.073803908472227704e+02
6.035108845131945827e+02
5.994284780051933694e+02
5.954240744258358973e+02
5.915166697125389419e+02
5.877163308102071824e+02
5.839982681700614648e+02
5.803340486677329864e+02
5.766912496045172247e+02
5.730500082032870068e+02
5.694214613801377709e+02
5.658431112217133432e+02
5.624145061353384563e+02
5.593398758296103779e+02
5.570812897359288627e+02
5.563493988132247523e+02
5.574191182857704234e+02
5.588994571295837659e+02
5.589411829605329558e+02
5.572438344590899533e+02
5.545854548884333326e+02
5.514903567428951874e+02
5.482307272104872027e+02
5.449329585929308450e+02
5.416535546969954567e+02
5.381895866872215493e+02
5.348789230704194324e+02
5.316800245335610953e+02
5.286164750552993610e+02
5.257222744374765853e+02
5.230617405972947154e+02
5.207595734374204994e+02
5.190756091887210459e+02
5.184903496925655872e+02
5.195508803777341882e+02
5.225992978510580542e+02
5.279096628077926425e+02
5.349036022750048005e+02
5.409018402999629416e+02
5.440054710833694571e+02
5.453423277339467177e+02
5.473026410707831246e+02
5.532383856531766924e+02
5.634695236895141761e+02
5.704134523380017754e+02
5.726008243476005646e+02
5.729066380899657815e+02
5.726277169571199011e+02
5.720341336517350328e+02
5.714682586454130160e+02
5.708957220585904224e+02
5.699921483469747727e+02
5.687758555983363067e+02
5.672643920474710058e+02
5.654905618976583810e+02
5.634931317870348266e+02
5.612994858571227041e+02
5.589487772116840461e+02
5.564644505434772555e+02
5.538741650462173993e+02
5.511996445510128524e+02
5.484634054650240387e+02
5.456919889186806358e+02
5.429163666420066647e+02
5.401913611742442072e+02
5.375957170412634696e+02
5.352983202500087145e+02
5.335527519789285407e+02
5.327364844326958746e+02
5.331308456542942622e+02
5.343821805654201853e+02
5.354776364558405248e+02
5.356770019728926400e+02
5.349323092781894502e+02
5.339527066424841450e+02
5.332774676209809286e+02
5.330020122674790173e+02
5.328988038698569198e+02
5.325608027395265935e+02
5.316950571576569473e+02
5.301763624887288415e+02
5.280388928845551391e+02
5.253820190518091522e+02
5.223443724826385051e+02
5.190370910431710172e+02
5.155460294689266902e+02
5.119417410059000986e+02
5.082691411204445444e+02
5.045719660003088620e+02
5.008816478610519880e+02
4.972209390044387192e+02
4.936045686903263459e+02
4.900352482466864217e+02
4.865061464318276307e+02
4.830005683955811833e+02
4.794996279881301575e+02
4.759822249671663030e+02
4.724992846609601997e+02
4.690530831653302926e+02
4.655601402528808421e+02
4.620320999375489919e+02
4.584742522052426352e+02
4.548993298007050612e+02
4.513155605283733962e+02
4.477305545030656617e+02
4.441511268971071331e+02
4.405814576341977613e+02
4.370252475104446148e+02
4.334857034055467579e+02
4.299658554676980771e+02
4.264679939160357094e+02
4.229963884879905436e+02
4.195528261587645602e+02
4.161419376132828347e+02
4.127662032908984315e+02
4.094285787687100537e+02
4.061327885213880791e+02
4.028797655965023523e+02
3.996728260807647075e+02
3.965125292158447792e+02
3.934003529809916699e+02
3.903633274491853626e+02
3.874174036462600839e+02
3.845189973007216508e+02
3.816671906220394703e+02
3.788625076887496448e+02
3.761050346746472428e+02
3.733941887499900076e+02
3.707312534005239968e+02
3.681154062181456084e+02
3.655482114717897844e+02
3.630299905769610973e+02
3.605618420364483541e+02
3.581458336260714646e+02
3.557831034428938892e+02
3.534771859009628656e+02
3.512310598320841564e+02
3.490491492537256590e+02
3.469384009971699925e+02
3.449052152766718677e+02
3.429609494863099144e+02
3.411178565494017221e+02
3.393904453777550998e+02
3.378036082067544044e+02
3.363811524967956075e+02
3.351460121559185268e+02
3.342667947778577968e+02
3.339344182829947840e+02
3.346099220719047480e+02
3.366608140375637390e+02
3.397953057517644311e+02
3.424699826804227882e+02
3.435747114462997160e+02
3.432771950398952185e+02
3.422916180730951510e+02
3.410657756477412477e+02
3.398762015904544000e+02
3.388731014955965861e+02
3.381809513101075595e+02
3.379354035284360407e+02
3.382906010081237582e+02
3.394213384393310662e+02
3.414887045070528302e+02
3.445938617001555713e+02
3.487516245123233034e+02
3.538115990798630150e+02
3.595148318326200183e+02
3.654872613940320321e+02
3.713558063141147159e+02
3.768645037400728484e+02
3.818829996131312328e+02
3.863211267106805167e+02
3.902166567106942807e+02
3.937335888317643935e+02
3.970891845399432896e+02
4.005518478862333041e+02
4.040668008538239633e+02
4.075190872140174179e+02
4.110577541863977444e+02
4.153470581921465055e+02
4.213166543641742692e+02
4.294387888957606947e+02
4.391718684831628821e+02
4.491313429108389528e+02
4.582394802344774689e+02
4.659787154708619710e+02
4.725009505771099612e+02
4.778131297066983052e+02
4.820450110558075494e+02
4.854045360824472368e+02
4.883428445124081350e+02
4.912495567687905691e+02
4.943393954625535684e+02
4.975151573376713259e+02
5.001442856611462275e+02
5.016582465847852177e+02
5.018470494227859717e+02
5.008001644928459655e+02
4.987486128920741635e+02
4.960098694672161628e+02
4.927896810099570075e+02
4.892819340691460752e+02
4.856008054307600332e+02
4.818268791948901253e+02
4.780201120335705696e+02
4.742149109635167861e+02
4.704411914713347187e+02
4.667183422161077715e+02
4.630600273158223104e+02
4.594789331588216328e+02
4.559825170321150836e+02
4.525777730793608384e+02
4.492707731145820276e+02
4.460638918536293431e+02
4.429616051451135945e+02
4.399643097244830301e+02
4.370729586319814644e+02
4.342404175231596355e+02
4.314027632396295076e+02
4.286782539531827183e+02
4.260650221127866075e+02
4.235632864250259217e+02
4.211730028738721217e+02
4.188927435692557424e+02
4.167242754516989862e+02
4.146662558103566880e+02
4.127203812035762667e+02
4.108871429290638275e+02
4.091669384021948304e+02
4.075621539083840048e+02
4.060717963239283677e+02
4.046984230865110135e+02
4.034403276154968125e+02
4.022973625117706433e+02
4.012669715296943878e+02
4.003434350040982395e+02
3.995212710121375039e+02
3.987882404868668687e+02
3.981317367270517025e+02
3.975347349036780997e+02
3.969786464637974177e+02
3.964554121958773294e+02
3.958059298122954033e+02
3.951338883986111341e+02
3.944260769263979114e+02
3.936701482668800054e+02
3.928596557598350500e+02
3.919933959040909031e+02
3.910700563931135321e+02
3.900967026593563105e+02
3.890764750293274687e+02
3.880186818305726320e+02
3.869289392334608806e+02
3.858143639963996634e+02
3.846810238739273586e+02
3.835322170342748223e+02
3.823722571304392659e+02
3.812005784997421642e+02
3.800189924346083217e+02
3.788255892540595369e+02
3.776192165633617037e+02
3.763983504052347939e+02
3.751605762325210094e+02
3.739052740413412153e+02
3.726308478103861148e+02
3.713331356220458019e+02
3.700043672826757870e+02
3.686580140459594190e+02
3.672954654077157102e+02
3.659187550514712939e+02
3.645295350934738963e+02
3.631307419162441761e+02
3.617246841241033621e+02
3.603140682304365896e+02
3.589021732246011425e+02
3.574910573940803147e+02
3.560838789366632113e+02
3.546829201264286553e+02
3.532902568346338512e+02
3.519086118875446232e+02
3.505388534950628241e+02
3.491831948888273587e+02
3.478423859645307061e+02
3.465172085188242477e+02
3.452085571327467619e+02
3.439161000889529873e+02
3.426403491227151221e+02
3.413808070140990480e+02
3.401371863762592511e+02
3.389022865935208415e+02
3.377732863828680365e+02
3.366537469147756951e+02
3.355428717694941270e+02
3.344401656019708184e+02
3.333452716151935533e+02
3.322578945363417233e+02
3.311779791491832157e+02
3.301056048020970479e+02
3.290409142935083082e+02
3.279844115864649439e+02
3.269364927552375093e+02
3.258978115223046643e+02
3.248691017764440403e+02
3.238511966488196663e+02
3.228450975410202659e+02
3.218518558507861940e+02
3.208726679084655302e+02
3.199087252434681545e+02
3.189615184441937572e+02
3.180323157906984193e+02
3.171229069030193273e+02
3.162347032823950030e+02
3.153694714118410047e+02
3.145087380193169224e+02
3.136700095279888956e+02
3.128594001276009635e+02
3.120777229532230308e+02
3.113268882423615196e+02
3.106076639104736614e+02
3.099208211427458082e+02
3.092673830429277473e+02
3.086468610636464973e+02
3.080599907619908322e+02
3.075056622460161861e+02
3.069832810597947059e+02
3.064919455448433609e+02
3.060297264098464325e+02
3.055957561281400103e+02
3.051877087234022952e+02
3.048041856107559511e+02
3.044434358438589925e+02
3.041036765101068227e+02
3.037837541249281799e+02
3.034822706594439410e+02
3.031983022154028617e+02
3.029312421667638091e+02
3.026806267781407200e+02
3.024406005893928864e+02
3.022132219844665997e+02
3.020025288800392218e+02
3.018085464563336018e+02
3.016306371136470261e+02
3.014684229351468616e+02
3.013211637739025832e+02
3.011877725324917492e+02
3.010678837588803276e+02
3.009601671194099026e+02
3.008644459010255900e+02
3.007800320199125395e+02
3.007070261864656118e+02
3.006463012517455695e+02
3.005990988389119138e+02
3.005686369201912385e+02
3.005588926091300550e+02
3.005763424642004793e+02
3.006294713128083913e+02
3.007311821299741723e+02
3.008976228166283136e+02
3.011525525570348805e+02
3.015276990590891728e+02
3.020642597853055804e+02
3.028174610120536840e+02
3.038651054500640498e+02
3.053126595302161377e+02
3.072710155984637481e+02
3.098952876798016973e+02
3.133292780285972867e+02
3.176839794519682414e+02
3.229986375909625167e+02
3.291079023505976124e+02
3.357077787774841795e+02
3.423340061118798303e+02
3.485657857039094552e+02
3.540869975274488866e+02
3.587805716475319855e+02
3.626165324266115135e+02
3.657121247736303076e+02
3.681753784289274449e+02
3.701412506937347189e+02
3.717133626297506339e+02
3.729401288104063497e+02
3.738487857425708967e+02
3.744279209909561246e+02
3.746956283419710303e+02
3.747031714994197955e+02
3.746529615195179872e+02
3.746171622923684481e+02
3.747016336218414949e+02
3.750877855660459659e+02
3.759746752566049963e+02
3.773716657507249010e+02
3.790830939775665911e+02
3.807607759027357019e+02
3.822651939557636069e+02
3.839153278984746294e+02
3.863944762878888923e+02
3.902898661907469773e+02
3.953215492133967359e+02
4.000819704060131130e+02
4.033515118838100193e+02
4.054161102126947753e+02
4.073537631978801414e+02
4.108115369987460213e+02
4.169635658281624728e+02
4.250645322395695302e+02
4.318712642140704361e+02
4.357474708296245467e+02
4.375825320116853163e+02
4.387381953169227131e+02
4.398085007029967528e+02
4.413601967083852173e+02
4.435460023179226710e+02
4.460640672888428071e+02
4.484890726688265659e+02
4.505422027714084834e+02
4.522694261328512084e+02
4.539827659481181286e+02
4.561779110156898014e+02
4.592598892680029508e+02
4.635285264998588559e+02
4.689505622550120165e+02
4.756830906860149071e+02
4.840468831937376990e+02
4.945007215451672664e+02
5.065595479611333758e+02
5.192178304148584402e+02
5.313896303281979954e+02
5.428543730169137689e+02
5.530873500536629308e+02
5.615236498753123442e+02
5.678579179286709859e+02
5.726202162573304122e+02
5.763192648734003569e+02
5.789647647616656059e+02
5.813286960885458257e+02
5.843193575830174495e+02
5.888395888601276056e+02
5.963486867632628901e+02
6.077632606209137975e+02
6.213684076743560354e+02
6.320163531236082690e+02
6.372442202919727379e+02
6.382132417837012781e+02
6.370547389604267892e+02
6.348597247129229117e+02
6.321902783258551608e+02
6.293169797267750027e+02
6.263775793386104169e+02
6.234679565172967841e+02
6.206474137275472458e+02
6.179740174585432442e+02
6.154807935222569313e+02
6.132033055707435096e+02
6.111525099257958118e+02
6.093224718816430823e+02
6.076923196056293364e+02
6.062074434117165538e+02
6.045406424793798124e+02
6.027701309820560027e+02
6.009073216828154500e+02
5.988978484889098581e+02
5.967167709350089808e+02
5.943527294775643668e+02
5.918397718310101254e+02
5.892255231104172708e+02
5.865760380951720663e+02
5.839800001443990141e+02
5.815213616187742218e+02
5.792890322250516419e+02
5.773732242673282826e+02
5.758224926813528555e+02
5.746853422504186710e+02
5.739510894495961111e+02
5.735756547102088234e+02
5.734891235679760939e+02
5.735872682399765381e+02
5.737691340854877353e+02
5.739644714642979579e+02
5.741057196075527145e+02
5.741773889415103440e+02
5.741622433065248288e+02
5.737886333467585018e+02
5.732412377256326863e+02
5.726263668656820300e+02
5.720100222184680661e+02
5.714705512397204075e+02
5.711199156460147606e+02
5.710240772257492381e+02
5.712096058426511718e+02
5.715893127534267251e+02
5.719969467999133030e+02
5.722315625424596419e+02
5.722003388224970877e+02
5.719262977997783537e+02
5.715586623898354901e+02
5.713558124343835516e+02
5.715857392946463733e+02
5.725432461601466230e+02
5.745721872753566686e+02
5.778833811538046348e+02
5.826244081187932125e+02
5.884502311127673693e+02
5.944823961287477232e+02
5.995969921037899439e+02
6.031889713446853420e+02
6.050821990367445551e+02
6.057944525976804471e+02
6.058170261690310099e+02
6.055052311239551273e+02
6.050887144881213544e+02
6.046480854336017501e+02
6.041764045146009039e+02
6.036254155579200642e+02
6.029307935374334875e+02
6.020529088175649122e+02
6.009461670305221332e+02
5.995864362182099967e+02
5.979066518191378918e+02
5.958714036526170048e+02
5.934295203645434640e+02
5.905554237277051470e+02
5.872731639944220206e+02
5.835934831615252278e+02
5.795982414964363443e+02
5.753399648153701946e+02
5.708958783406588964e+02
5.663342201085761189e+02
5.617139523931195981e+02
5.570962306270511135e+02
5.521654187216280434e+02
5.472024725646501793e+02
5.423715323196029203e+02
5.377317747763437410e+02
5.333336207667790632e+02
5.292644384644635238e+02
5.255958525194602089e+02
5.224416110628625347e+02
5.199244412561789659e+02
5.181474864484199543e+02
5.172395278828878418e+02
5.171760939056474626e+02
5.178808531467319654e+02
5.190916621759141663e+02
5.204733110435448680e+02
5.216607261321559008e+02
5.224173360790940706e+02
5.225794335597723830e+02
5.221827814949958793e+02
5.212979975432415358e+02
5.200465003001188506e+02
5.185705646425187751e+02
5.169682782123511515e+02
5.153595795400408406e+02
5.120229338915556809e+02
5.080865642293832707e+02
5.041498786110821015e+02
5.002452126089961553e+02
4.963963804538245199e+02
4.926222570601310053e+02
4.889381471412558540e+02
4.853544539031986460e+02
4.818857071627733717e+02
4.785370316593559323e+02
4.753237115623724094e+02
4.722515437299451833e+02
4.693345823321362218e+02
4.665850269308746761e+02
4.640166266180955859e+02
4.616500564872628161e+02
4.595035965051473568e+02
4.576047797636064729e+02
4.559859307755830855e+02
4.546851233538048973e+02
4.537573396946605726e+02
4.532633496655015506e+02
4.532933426997528272e+02
4.539592733126523854e+02
4.512939363724038913e+02
4.474965176474876216e+02
4.437977000458281509e+02
4.402030098409089192e+02
4.367066338577012061e+02
4.333098219329538097e+02
4.300107605937024005e+02
4.268043216638988611e+02
4.236921273220754642e+02
4.206651224030655385e+02
4.177217323928354062e+02
4.148557584651833849e+02
4.120600426185324636e+02
4.093317184885036113e+02
4.066600290147685541e+02
4.040425212998550251e+02
4.014692356672681512e+02
3.989358610303357864e+02
3.964353996791264194e+02
3.939626425404652537e+02
3.915127379562981105e+02
3.890813852752130515e+02
3.866646968147371126e+02
3.842604628830952720e+02
