nan
4.728013086398842688e+02
4.706904077226150207e+02
4.685620403802132614e+02
4.664380134762844818e+02
4.643415130408054097e+02
4.622971186856718191e+02
4.603269331112397822e+02
4.584588387521505410e+02
4.567166852938437955e+02
4.551257139327798882e+02
4.537165548171558385e+02
4.525048478726735652e+02
4.515233387439095054e+02
4.507765281892038161e+02
4.502758823909850321e+02
4.500171756967408783e+02
4.499742984083044917e+02
4.501224859489516348e+02
4.504003162273781413e+02
4.507488702315088176e+02
4.510939698499736892e+02
4.513648105854113624e+02
4.514881672367585566e+02
4.514169107932394809e+02
4.512411404700683306e+02
4.507385105546641171e+02
4.499186828271645027e+02
4.488014238831520402e+02
4.474272443560194006e+02
4.458218443213968385e+02
4.440340964792964655e+02
4.420986872335089970e+02
4.400543847538185673e+02
4.379394843543081492e+02
4.357861538690302723e+02
4.336297735459679643e+02
4.315025353776216548e+02
4.294366113072948110e+02
4.274642373904117676e+02
4.256238507940560680e+02
4.239466277529708123e+02
4.224843426106763218e+02
4.212740739193448576e+02
4.203726072873770931e+02
4.198399018860944807e+02
4.197244220781646504e+02
4.201111563935333493e+02
4.210267481736955233e+02
4.226393430022911843e+02
4.248518941383253491e+02
4.276125354619967993e+02
4.308313280352093102e+02
4.343310795080059279e+02
4.379174986597740826e+02
4.413703412229697278e+02
4.444914109918567533e+02
4.471155162424666401e+02
4.491675358121330532e+02
4.505809224845494896e+02
4.514014120667087013e+02
4.516612578344984854e+02
4.514335973532141111e+02
4.508016748527908248e+02
4.498210014814337683e+02
4.485759233965248427e+02
4.471098797420995652e+02
4.454766217776040094e+02
4.437123095426655937e+02
4.418447039468768480e+02
4.399014887085974692e+02
4.378970694765196185e+02
4.358498124266693026e+02
4.341110242471623337e+02
4.323626404090769029e+02
4.306077620853317853e+02
4.288491696223043164e+02
4.270897371583457698e+02
4.253300994562778214e+02
4.235741268407795133e+02
4.218217635276056967e+02
4.200774254672715529e+02
4.183413719691928918e+02
4.166166384401681171e+02
4.149059664509283039e+02
4.132105488074408299e+02
4.115352189517889201e+02
4.098800507049833186e+02
4.082500367833393398e+02
4.066460082846100477e+02
4.050702912045464927e+02
4.035260047951003344e+02
4.020125585334731682e+02
4.005337760531518825e+02
3.990874247703108608e+02
3.976744779302428014e+02
3.962938051257616507e+02
3.950986974129536407e+02
3.939145022354245498e+02
3.927364792553038910e+02
3.915637328426083172e+02
3.903918748675349093e+02
3.892180540929048220e+02
3.880393657078293472e+02
3.868522496164798099e+02
3.856553579696806651e+02
3.844461413999566730e+02
3.832245188488001304e+02
3.819905844457643411e+02
3.807461404964162170e+02
3.794944693823096600e+02
3.782395996178010478e+02
3.769882114103963886e+02
3.757470094384151480e+02
3.745243711989770645e+02
3.733301768962443816e+02
3.721710250802632913e+02
3.710580257234729515e+02
3.699926167942451229e+02
3.689777695894890712e+02
3.680086310857900571e+02
3.670489903205466362e+02
3.661009155942793427e+02
3.651423038935199088e+02
3.641506608354426362e+02
3.631037203095435189e+02
3.619840882950564946e+02
3.607761579657342850e+02
3.594776486781363474e+02
3.580847853963216494e+02
3.566063339489523969e+02
3.550512528837818991e+02
3.534306867033332082e+02
3.517603034149259997e+02
3.500510561229540940e+02
3.483184375807854849e+02
3.465746059751288044e+02
3.448313096095935748e+02
3.431003602407118933e+02
3.413927733134109985e+02
3.397187116364107169e+02
3.380906046320855580e+02
3.365182959668409239e+02
3.350144957713449116e+02
3.335930679006639252e+02
3.323802235965405885e+02
3.312709474391049866e+02
3.302765130161417346e+02
3.294167113914750757e+02
3.287080655948200274e+02
3.281643147685392705e+02
3.278072901168334283e+02
3.276410855881907764e+02
3.276802919063815693e+02
3.279212331946118866e+02
3.283557771288392928e+02
3.289699647271852996e+02
3.297295636069582088e+02
3.306009180581326063e+02
3.315354519164496878e+02
3.324864978612844197e+02
3.334024105496457082e+02
3.342432956422520647e+02
3.349674618953670802e+02
3.355540806727851759e+02
3.359845759311246525e+02
3.362514924942576044e+02
3.363606202324173182e+02
3.363119055396915087e+02
3.360707820321690065e+02
3.356941591286161497e+02
3.352020193448577743e+02
3.346113827887923549e+02
3.339391102686324757e+02
3.332055296309480923e+02
3.324269842186088226e+02
3.316229814680292520e+02
3.308104927325059066e+02
3.300080753282795172e+02
3.292329224607399283e+02
3.285035710633753752e+02
3.278360121626410546e+02
3.272491710851613220e+02
3.267587703392807725e+02
3.263827340330573179e+02
3.261396637474476279e+02
3.260455558758479242e+02
3.261241772870494628e+02
3.263928933052844741e+02
3.268815609043791142e+02
3.276171426744973019e+02
3.286334517937314672e+02
3.299743740494350845e+02
3.316523253184952296e+02
3.337503476458905425e+02
3.362979038099843478e+02
3.393261666811242208e+02
3.428429584849604908e+02
3.468180287856424115e+02
3.512036882708854364e+02
3.559006983967581732e+02
3.607881185813550360e+02
3.657258968417430083e+02
3.705680179350307526e+02
3.751771603296219268e+02
3.794552548411010662e+02
3.833223570191493650e+02
3.867526923569071755e+02
3.897444981718099370e+02
3.923170211932134634e+02
3.945145256623372347e+02
3.963694003429704935e+02
3.979268351016365841e+02
3.992165998464482755e+02
4.002640340222582154e+02
4.010895508723353942e+02
4.017027693289105628e+02
4.021099916700932795e+02
4.023229578566932219e+02
4.023481015067285966e+02
4.021869290129538967e+02
4.018467303842625711e+02
4.013343483190204779e+02
4.006575458789286017e+02
3.998293521551510139e+02
3.988581346187664280e+02
3.977593908633991759e+02
3.965445496128245964e+02
3.952272425755970175e+02
3.938219029995162259e+02
3.923401343793158844e+02
3.907967085221146704e+02
3.892034701859412280e+02
3.875735910758705813e+02
3.859201313514561775e+02
3.842558808159070054e+02
3.825950226181818721e+02
3.809536218828728238e+02
3.793496659450058246e+02
3.778083157011744788e+02
3.763950869519285902e+02
3.751393426173075341e+02
3.741037392708614675e+02
3.733839385220521194e+02
3.731407813257741850e+02
3.735629373020053663e+02
3.749202417415592663e+02
3.774883578126786574e+02
3.814516784484512186e+02
3.868639154160212001e+02
3.934085371448069282e+02
4.005477415752866932e+02
4.076565334235481828e+02
4.141903370747360213e+02
4.198237829990647469e+02
4.244965485302432171e+02
4.282297738578490680e+02
4.311949526669799866e+02
4.335514539459807679e+02
4.354458838668584804e+02
4.370199721970226960e+02
4.383564667161116404e+02
4.395319221826047738e+02
4.405841342060144257e+02
4.413709421099720203e+02
4.421956359981681999e+02
4.429125795362238023e+02
4.435091879091518194e+02
4.439620435360515103e+02
4.442453376305642223e+02
4.443371699584702696e+02
4.442172602567600848e+02
4.438770508016548320e+02
4.433183900417851078e+02
4.425496685632318190e+02
4.415940416291979886e+02
4.404728235152541629e+02
4.392157767535724133e+02
4.378499088630219376e+02
4.363998330371803149e+02
4.348893631167518947e+02
4.333360337761205869e+02
4.317562031788886543e+02
4.301607764535633009e+02
4.285591291325305860e+02
4.269573249638788752e+02
4.253604821502785285e+02
4.237725462570941772e+02
4.220936157854555972e+02
4.205307869589290704e+02
4.189941190908077147e+02
4.174896919318799746e+02
4.160245311513250499e+02
4.146042019885346690e+02
4.132369322196731218e+02
4.119298525589240967e+02
4.106903149168595064e+02
4.095286191589036662e+02
4.084501436424658891e+02
4.074641622591774990e+02
4.065767044518507873e+02
4.057913452662206168e+02
4.051150521859876790e+02
4.045464712464026888e+02
4.040884767233757771e+02
4.037407754714051293e+02
4.035018176860104973e+02
4.033760903859884479e+02
4.033619068716105289e+02
4.034668326752768053e+02
4.036947328390835992e+02
4.040547280181002634e+02
4.044986530382525984e+02
4.052272915972826581e+02
4.060939538174892505e+02
4.070810208702781097e+02
4.081649970330308861e+02
4.093091546806151655e+02
4.104660920244446061e+02
4.115881705169614406e+02
4.126281222665041923e+02
4.135393194968964963e+02
4.142941827637506549e+02
4.148623909595700638e+02
4.152316458310136227e+02
4.153979482080399634e+02
4.153570510481885094e+02
4.151219007223012909e+02
4.146991003220194898e+02
4.141022058054033437e+02
4.133473895768808006e+02
4.124447594747899188e+02
4.114103001931462700e+02
4.102547128476514899e+02
4.089870167499948934e+02
4.076195350611557160e+02
4.060636817341707570e+02
4.044150955685501572e+02
4.026912783650449228e+02
4.008988401671848578e+02
3.990472861895584629e+02
3.971414090113601105e+02
3.951911156394307341e+02
3.932025685461079547e+02
3.911835339596213998e+02
3.891423700605431577e+02
3.870853376788207356e+02
3.850217758064670761e+02
3.829585265424373119e+02
3.809041176394524655e+02
3.788669851357280436e+02
3.768548187960900577e+02
3.748771345889935560e+02
3.729419555904859749e+02
3.710583243203258235e+02
3.692357698708125895e+02
3.674823461290721980e+02
3.658087188886129297e+02
3.642229286637557948e+02
3.627350387442991746e+02
3.613185087370578117e+02
3.599898088313915991e+02
3.587891213430140169e+02
3.577202035072615445e+02
3.567878815581562435e+02
3.559909533962618298e+02
3.553250235207555647e+02
3.547819892429712354e+02
3.543464219554044803e+02
3.540012679468996453e+02
3.537243317830888145e+02
3.534901856201015562e+02
3.532767701767613744e+02
3.530585017043080143e+02
3.528162406139670679e+02
3.525334592421332900e+02
3.521952139942727626e+02
3.517953421319585345e+02
3.513263978046884972e+02
3.507873528199706925e+02
3.501784336941621518e+02
3.494999644468194901e+02
3.487560692951140595e+02
3.479490790953383339e+02
3.470247714062510909e+02
3.460576697190567188e+02
3.450403608294375886e+02
3.439796547634650778e+02
3.428813190167398375e+02
3.417515898550400948e+02
3.405984468183587524e+02
3.394290597959358706e+02
3.382526399611118677e+02
3.370790625342975773e+02
3.359190346148933486e+02
3.347852529331676124e+02
3.336919157566735521e+02
3.326534642263318915e+02
3.316879350716318982e+02
3.308118518406117232e+02
3.300438162462408513e+02
3.294026679090184189e+02
3.289026016293083785e+02
3.285603945126431427e+02
3.283830328385721486e+02
3.283776383841064899e+02
3.285439755411644569e+02
3.288761734739960616e+02
3.293388345510539921e+02
3.299393586365427495e+02
3.306656140441817797e+02
3.314970133509872312e+02
3.324174127780442518e+02
3.334023289021620826e+02
3.344302295972025831e+02
3.354783174541685753e+02
3.365172778736036889e+02
3.375244091007970724e+02
3.384680198003496230e+02
3.393241862186873163e+02
3.400656485548348087e+02
3.406710561495045226e+02
3.411200049995028962e+02
3.414004152565122467e+02
3.415032458624044693e+02
3.414260320066097165e+02
3.411746682647187185e+02
3.407521502129526993e+02
3.401753025643200203e+02
3.394535386002680184e+02
3.386046254514186558e+02
3.376440905174326303e+02
3.365780146274734648e+02
3.354211336974353230e+02
3.341937257388016178e+02
3.329116092599738863e+02
3.315855393168680507e+02
3.302267680048419152e+02
3.288455143145783381e+02
3.274494314333481952e+02
3.260473248946726130e+02
3.246451477880170273e+02
3.232494778352095750e+02
3.218652474281383320e+02
3.204972081835015274e+02
3.191493052716276111e+02
3.178251243853355845e+02
3.165276891280046243e+02
3.152595705992864055e+02
3.140232131597987859e+02
3.128200971341195782e+02
3.116523795596249897e+02
3.105208294792479933e+02
3.094270241552184757e+02
3.083717805378494745e+02
3.073556777633152706e+02
3.063726794702278085e+02
3.054383287446129884e+02
3.045477467222676751e+02
3.037007158242614651e+02
3.028980282019863921e+02
3.021406969725455269e+02
3.014287148599555053e+02
3.007642557498031692e+02
3.001475271829234543e+02
2.995809394942373274e+02
2.990663509577481136e+02
2.986057291038619042e+02
2.982030493972082468e+02
2.978603167724598393e+02
2.975828591632770213e+02
2.973741940845410454e+02
2.972399194609915867e+02
2.971860256865027168e+02
2.972175440602611616e+02
2.973425400066230964e+02
2.975657848702314254e+02
2.978953675147515696e+02
2.983360794545467343e+02
2.988927393439357161e+02
2.995659970749874219e+02
3.003513006923876105e+02
3.012508389446455794e+02
3.022576752650080039e+02
3.033636643132828112e+02
3.045574473605755657e+02
3.058238866463858017e+02
3.071482279195582237e+02
3.085138352162399542e+02
3.099056158317491736e+02
3.113132944131949671e+02
3.127324658704327476e+02
3.141735692173056123e+02
3.156696115976230317e+02
3.173051401541030714e+02
3.192393992361211303e+02
3.218172285987051282e+02
3.256289926739766543e+02
3.316680172841827812e+02
3.412994145563563393e+02
3.554757720788491611e+02
3.741263800299981312e+02
3.951663983250033425e+02
4.154643200898497071e+02
4.325917494991463741e+02
4.458135823505535313e+02
4.557106555779266159e+02
4.630596775668761893e+02
4.683994742009338097e+02
4.721701772766843987e+02
4.747481951905793949e+02
4.764096291207627019e+02
4.774194900093648357e+02
4.780032607003935823e+02
4.783148089882355976e+02
4.784914594063108666e+02
4.786134468645764173e+02
4.787415115592941675e+02
4.789196205862559736e+02
4.791698341309205489e+02
4.795152435695037525e+02
4.799649615023768661e+02
4.805252427203696470e+02
4.812034496345153798e+02
4.819959540453014029e+02
4.829061852407310766e+02
4.839310616362741371e+02
4.850677940823034078e+02
4.861273704116250656e+02
4.873653352070043638e+02
4.886898271993330241e+02
4.900897897771078533e+02
4.915530696088396780e+02
4.930699983053026472e+02
4.946178675872763506e+02
4.961795930381222206e+02
4.977303930774814376e+02
4.992425311944636519e+02
5.007008159846271269e+02
5.020869298525537943e+02
5.034038994975390438e+02
5.046673005833319507e+02
5.058994592472885756e+02
5.071416293929011090e+02
5.084063368235642884e+02
5.096962321064320349e+02
5.109638424245659394e+02
5.121398640749006290e+02
5.131681394612548957e+02
5.140262877694415238e+02
5.147583563059299649e+02
5.154743357883226054e+02
5.160113827897275769e+02
5.167658869277001941e+02
5.178829934559120147e+02
5.192689261385656891e+02
5.205965715723292533e+02
5.215247217159130741e+02
5.219213402475074872e+02
5.218547989995190619e+02
5.214741899930457976e+02
5.209381722112930220e+02
5.203492918840840957e+02
5.197949810656633645e+02
5.193376280361333102e+02
5.190331736551676158e+02
5.188796542093981543e+02
5.187993210612002031e+02
5.186283378905042127e+02
5.182571872554715355e+02
5.176952901823871116e+02
5.170277705293240160e+02
5.163247616912013882e+02
5.156346401961523043e+02
5.149787900023919747e+02
5.143670204606611378e+02
5.138148758331152521e+02
5.133155999636471734e+02
5.128595753559104651e+02
5.124414006089044733e+02
5.120536189161658740e+02
5.116891258506898907e+02
5.113373922535790257e+02
5.109887361586031602e+02
5.106335301552510373e+02
5.102609318869345998e+02
5.098642902274365838e+02
5.094367022247339492e+02
5.089748959984972885e+02
5.084797467471870505e+02
5.079538019061183718e+02
5.074049764766052704e+02
5.068441893338159048e+02
5.062847212363755602e+02
5.057441593573526575e+02
5.052416678311922169e+02
5.047969358404170634e+02
5.044336240242153622e+02
5.041714154018796421e+02
5.040326920909121782e+02
5.040203980360186620e+02
5.041885490304803170e+02
5.045285937448952041e+02
5.050436112999253169e+02
5.057363703272330326e+02
5.066005974762719006e+02
5.076206588412887299e+02
5.087789270862634226e+02
5.100451847767428148e+02
5.113857452182436987e+02
5.127649729822140898e+02
5.141377574954930196e+02
5.154648564474185832e+02
5.167039364441819771e+02
5.178119600408334691e+02
5.187580020282117630e+02
5.195061553647924484e+02
5.200336626852155177e+02
5.203249978207153390e+02
5.203667794444176025e+02
5.201635301653859642e+02
5.197209048512283971e+02
5.190545556608487914e+02
5.181913710893612688e+02
5.171468115000063790e+02
5.159725909408608686e+02
5.147062307616678254e+02
5.133865315020526623e+02
5.120590982093851835e+02
5.107634815878161021e+02
5.095451735150404602e+02
5.084475824245028548e+02
5.075076968593456286e+02
5.067664632458524352e+02
5.062496760373073243e+02
5.059783818924216234e+02
5.059629054695055288e+02
5.061916039538131145e+02
5.066451475670489799e+02
5.072829688883056747e+02
5.080487087584178880e+02
5.088824941721521782e+02
5.097124008136813700e+02
5.104707326611856502e+02
5.111015064960838004e+02
5.115555834205243855e+02
5.118052594176496655e+02
5.118424927165239637e+02
5.116485344909719970e+02
5.112841145127822529e+02
5.107649701116266669e+02
5.101229317600487434e+02
5.093956936580220258e+02
5.086097000224827411e+02
5.077936903701526035e+02
5.069654735164779140e+02
5.061369863808592982e+02
5.053163394074011876e+02
5.045053894461502750e+02
5.037053867887661340e+02
5.029167748576379608e+02
5.021419758062869505e+02
5.013845551309786401e+02
5.006529994252511528e+02
4.999532054088209065e+02
4.992963263408341845e+02
4.986844390507484377e+02
4.981185848275192143e+02
4.975935912165480772e+02
4.970907446071782374e+02
4.965976528829689300e+02
4.960826552701708465e+02
4.954515987887514825e+02
4.947848761901405510e+02
4.940158462620378828e+02
4.931359536099896559e+02
4.921267773594605046e+02
4.909814281114180972e+02
4.897000393642027802e+02
4.882839578080128717e+02
4.867456620185096199e+02
4.851083706829617768e+02
4.833985597643533652e+02
4.816637515304051362e+02
4.799571452907472349e+02
4.783403409467264282e+02
4.768967266667107765e+02
4.757015930481773012e+02
4.748588788138000609e+02
4.744652900852177027e+02
4.746204088540486055e+02
4.754336054541380463e+02
4.769676628288413553e+02
4.792823762399894463e+02
4.823611454902638798e+02
4.861287753854527978e+02
4.904100398330198232e+02
4.950119130288329075e+02
4.996539348928160962e+02
5.040948202834642871e+02
5.080972508541906336e+02
5.115006125547026272e+02
5.142144905066128331e+02
5.161971970003112347e+02
5.174887999275587163e+02
5.181464935918703532e+02
5.182587242990845198e+02
5.179234199212437488e+02
5.172311867043945313e+02
5.162710613303383980e+02
5.151179475998167163e+02
5.138354493530667924e+02
5.124757090213378206e+02
5.110812894860792994e+02
5.096798642612640720e+02
5.082926568115101986e+02
5.069277501305406872e+02
5.055825717160655586e+02
5.042502916926359262e+02
5.029090218594863586e+02
5.015406615918558373e+02
5.001016638923855453e+02
4.985666150312048330e+02
4.969078044757542330e+02
4.950970122597244654e+02
4.931100988808967145e+02
4.909372058028915262e+02
4.885679351003425381e+02
4.860073148145672235e+02
4.832642149215521385e+02
4.803508133133121305e+02
4.772881746776955652e+02
4.740931976785191182e+02
4.707879028491142890e+02
4.673908649571723117e+02
4.639205184146964029e+02
4.603937861839033872e+02
4.568256976452304912e+02
4.532295434137057555e+02
4.496173461334582839e+02
4.459995149316513903e+02
4.423848095860396938e+02
4.387820918233426823e+02
4.351974518673891339e+02
4.316701096082148297e+02
4.282288433877919829e+02
4.248242022336963259e+02
4.214601343774363613e+02
4.181398118002686033e+02
4.148674429469782012e+02
4.116448878483145108e+02
4.084761118900650558e+02
4.053627008154413716e+02
4.023076146850113446e+02
3.993131389476899926e+02
3.963808905360209565e+02
3.935139818133366703e+02
3.907132007477751472e+02
3.879818534705901811e+02
3.853210953878072473e+02
3.827334662334028508e+02
3.802214157316433329e+02
3.777865083652688440e+02
3.754323385995412536e+02
3.731601934561481926e+02
3.709739331054966556e+02
3.688757590960044581e+02
3.668688738045560171e+02
3.649522068954362339e+02
3.632839592478210875e+02
3.617246922295781246e+02
3.602735158397610462e+02
3.589319272033355332e+02
3.576990315804310967e+02
3.565738683897641295e+02
3.555572889506041747e+02
3.546463184702313924e+02
3.538422225912342469e+02
3.531420438053906992e+02
3.525436599654736369e+02
3.520454189477416094e+02
3.516406429898902388e+02
3.513267263053319311e+02
3.510952246003088248e+02
3.509379021569283736e+02
3.508476366320736588e+02
3.508108988722826780e+02
3.508197837840501165e+02
3.508602449774890601e+02
3.509193323253658718e+02
3.509857324152504816e+02
3.510428282778638049e+02
3.510154515111241835e+02
3.510285410419576806e+02
3.509773717195782865e+02
3.508532471545749445e+02
3.506472396889745937e+02
3.503540404982616110e+02
3.499706620244671171e+02
3.494937157549467770e+02
3.489257227239359054e+02
3.482677280791500607e+02
3.475237102147816017e+02
3.466999723686416814e+02
3.458004887214253245e+02
3.448341772805791834e+02
3.438066523488903385e+02
3.427257360909178487e+02
3.415994587551049335e+02
3.404336935491770078e+02
3.392371993391281535e+02
3.380155448641278326e+02
3.367759855688915991e+02
3.355250100024182416e+02
3.342677389368222975e+02
3.330108874893777511e+02
3.317309582644866737e+02
3.304875506745889311e+02
3.292596984883942923e+02
3.280511527214247280e+02
3.268667603375080830e+02
3.257089992666738567e+02
3.245813915805525198e+02
3.234861550283254701e+02
3.224248072182892884e+02
3.213993746178360880e+02
3.204097982260847175e+02
3.194568550576568668e+02
3.185399341389888832e+02
3.176579738281408822e+02
3.168100702106544873e+02
3.159939243689934187e+02
3.152076773716438538e+02
3.144489375711445405e+02
3.137147208220849848e+02
3.130028633093195936e+02
3.123102722131581572e+02
3.116344524160755327e+02
3.109733964847580410e+02
3.103242151937969879e+02
3.096724729339780424e+02
3.090484656339159528e+02
3.084332332144854263e+02
3.078259459097310469e+02
3.072254460700338541e+02
3.066322484478050114e+02
3.060453078353559704e+02
3.054655150908586165e+02
3.048926617849199943e+02
3.043271778516538575e+02
3.037698770322738255e+02
3.032207245975881733e+02
3.026810729747158462e+02
3.021508742332777047e+02
3.016313589904311243e+02
3.011229703251477758e+02
3.006263905649874459e+02
3.001427579729448780e+02
2.996723084477085308e+02
2.992165531509594416e+02
2.987759404691610143e+02
2.983517869537233764e+02
2.979454639477355045e+02
2.975579675682932930e+02
2.971829435816247837e+02
2.968696178391408580e+02
2.965792911897520980e+02
2.963156082948726748e+02
2.960824629898310150e+02
2.958869524977063747e+02
2.957359179137559408e+02
2.956403379774903897e+02
2.956145534513857456e+02
2.956736281266426545e+02
2.958428869626216056e+02
2.961420159153174723e+02
2.965989911918887856e+02
2.972334694984891144e+02
2.980525997607655881e+02
2.990566022033156628e+02
3.002161162802726722e+02
3.015119753683711679e+02
3.029138379215689838e+02
3.044282784069581567e+02
3.060539962826447322e+02
3.078130368266361643e+02
3.097036726446834791e+02
3.117028624422613916e+02
3.138823946161653566e+02
3.160369216507735359e+02
3.181089214211111198e+02
3.200224337587573018e+02
3.217513788363917229e+02
3.232598672259172190e+02
3.245643625182518122e+02
3.256650745950310579e+02
3.265796994860479003e+02
3.273224292181657802e+02
3.278972447424092707e+02
3.283200884331947691e+02
3.285886825012159989e+02
3.287185748706972390e+02
3.287098243686518231e+02
3.285776580286289459e+02
3.283293346720286650e+02
3.279785218059678868e+02
3.275399545101731746e+02
3.270255206626109157e+02
3.264546562411696300e+02
3.258394496118102097e+02
3.252000090426812449e+02
3.245500515621087629e+02
3.239355881098147165e+02
3.233119069742650709e+02
3.227307933053909892e+02
3.222092680903200517e+02
3.217632940989397525e+02
3.214116829823269654e+02
3.211707164344484227e+02
3.210621394893634033e+02
3.211036870001709076e+02
3.213200356651746574e+02
3.217325508775836624e+02
3.223657582320525421e+02
3.232454353471488275e+02
3.243908993948789430e+02
3.258247850990463803e+02
3.275545599187720427e+02
3.295783046828170768e+02
3.318740146942363367e+02
3.343894502343204636e+02
3.370520288065092700e+02
3.397774214881731609e+02
3.424953127368039532e+02
3.451677661778812762e+02
3.477751867015231824e+02
3.504882653861779431e+02
3.532972045219699453e+02
3.560153397725303535e+02
3.586255653696796344e+02
3.611139963035646474e+02
3.634608380241805889e+02
3.656512799948655470e+02
3.676606031854013281e+02
3.694665231989598055e+02
3.710411073374407351e+02
3.723666123415466700e+02
3.734236911766969911e+02
3.742065178606174527e+02
3.747180635322764601e+02
3.749604929609745341e+02
3.749552134146932190e+02
3.747148632794981609e+02
3.742645192688618181e+02
3.736291882973278575e+02
3.728321461270579675e+02
3.719046674114826487e+02
3.708749753236031665e+02
3.697763284877887600e+02
3.686470414827817876e+02
3.675196138211929906e+02
3.664803860166807112e+02
3.655769656959845975e+02
3.648774383858914803e+02
3.644696866320363711e+02
3.644518715778957585e+02
3.649253434793712927e+02
3.660200978175473097e+02
3.678125873935792924e+02
3.703686130036135751e+02
3.736486995080344400e+02
3.774889097221424095e+02
3.816312881647436370e+02
3.857353530508474933e+02
3.894783707300072138e+02
3.926270740615997852e+02
3.950424051009040909e+02
3.966695280466762483e+02
3.975508714544138229e+02
3.977296697166611921e+02
3.973091679763048205e+02
3.963735944012713617e+02
3.950193055845065260e+02
3.933358134440080107e+02
3.914139619047030010e+02
3.892771055645364413e+02
3.870103966711381531e+02
3.846601222222618617e+02
3.822634119578804643e+02
3.798487386421893461e+02
3.774407343763286917e+02
3.750580123563240704e+02
3.727156285545987657e+02
3.704269685565715804e+02
3.682008679095187063e+02
3.660461531174531160e+02
3.639687326015499025e+02
3.619724128887525580e+02
3.600616227125156001e+02
3.582363900481344672e+02
3.564982898995399978e+02
3.548457605265126062e+02
3.532754952696138275e+02
3.517855903632329273e+02
3.503700191510096147e+02
3.490246114656373493e+02
3.477445109888685124e+02
3.465224914074657931e+02
3.453752693496070947e+02
3.442766575485601948e+02
3.432264064953132561e+02
3.422207448313300233e+02
3.412544883672382525e+02
3.403269473122206250e+02
3.394318591851149449e+02
3.385674470234807814e+02
3.377284156165084710e+02
3.369095330328500495e+02
3.361073683162875909e+02
3.353152807067891104e+02
3.345296269766969885e+02
3.337450648054414160e+02
3.329569242867071353e+02
3.321621723645130260e+02
3.313573690742452413e+02
3.305401607565664790e+02
3.297095868282037259e+02
3.288639266518455315e+02
3.280043108812299693e+02
3.271319911157735305e+02
3.262482891453563525e+02
3.253579069746027699e+02
3.244742041458833341e+02
3.235631725315735707e+02
3.226630123020335077e+02
3.217795333802918094e+02
3.209219717387350670e+02
3.200960299596638379e+02
3.193111850398901197e+02
3.185751223332021596e+02
3.178948195774674446e+02
3.172796454339317052e+02
3.167344030686034557e+02
3.162669375465105190e+02
3.158818784772257686e+02
3.155822557801830612e+02
3.153725067100710930e+02
3.152510888624756262e+02
3.152186431478087911e+02
3.152719629206773106e+02
3.154051686934827217e+02
3.156143599460604037e+02
3.158899694803872080e+02
3.162242821079640294e+02
3.166093898102019466e+02
3.170333625871061827e+02
3.174802492868709010e+02
3.179457079172652243e+02
3.184174119733206112e+02
3.188908636152181657e+02
3.193562706798396675e+02
3.198126154839513902e+02
3.202519681641375655e+02
3.206690588898100600e+02
3.210601974680014337e+02
3.214148956543517102e+02
3.217285751537781948e+02
3.219900825591527678e+02
3.221889869079614641e+02
3.223167740262161942e+02
3.223617300047647518e+02
3.223166382075326624e+02
3.221766854603886259e+02
3.219363783623805944e+02
3.215994097683662289e+02
3.211674159572837084e+02
3.206475101075622547e+02
3.200502111363499580e+02
3.193831128346690207e+02
3.186608517078638556e+02
3.179058425112732493e+02
3.170965970847232143e+02
3.162713499462190612e+02
3.154375708442029804e+02
3.146046386115701239e+02
3.137777804571958313e+02
3.129630969998911496e+02
3.121650072715740407e+02
3.113862807224120957e+02
3.106300049284046736e+02
3.098973526246678034e+02
3.091892554635811052e+02
3.085063468772337956e+02
3.078479100054365176e+02
3.072136648105656604e+02
3.066025646342778828e+02
3.060129330782505122e+02
3.054440013774356544e+02
3.048934883383320198e+02
3.043602258630895108e+02
3.038424867489431449e+02
3.033382617843831213e+02
3.028467373506559852e+02
3.023656967544699228e+02
3.019004888065627483e+02
3.014509871985102905e+02
3.010060339372697058e+02
3.005654669598139321e+02
3.001282730641464696e+02
2.996947505334686070e+02
2.992644940101833413e+02
2.988376963751673543e+02
2.984147318755811966e+02
2.979957930803582258e+02
2.975816204922874704e+02
2.971725814427053933e+02
2.967695190752568806e+02
2.963730204575054472e+02
2.959839943526308161e+02
2.956030993108041116e+02
2.952311894735949522e+02
2.948690272805916948e+02
2.945172420842378074e+02
2.941767202443322731e+02
2.938478046809155444e+02
2.935313303723733043e+02
2.932275530565168538e+02
2.929369057317881015e+02
2.926628330412919468e+02
2.924071662511084355e+02
2.921656448969467306e+02
2.919379252230721136e+02
2.917241628534956135e+02
2.915240853741205456e+02
2.913374067593605901e+02
2.911639700066489240e+02
2.910031834519510312e+02
2.908548628683602715e+02
2.907183480923707179e+02
2.905932502828973725e+02
2.904790043454536317e+02
2.903750114793739385e+02
2.902807898999109852e+02
2.901956426973715679e+02
2.901191171675933447e+02
2.900505189421285195e+02
2.899893241903167791e+02
2.899349191165226785e+02
2.898867278533137437e+02
2.898442438245262451e+02
2.898068519531715879e+02
2.897740744017434622e+02
2.897422341972944082e+02
2.897224264754406704e+02
2.897062381342084905e+02
2.896932310950597298e+02
2.896829765627983306e+02
2.896750471031406846e+02
2.896689819294989547e+02
2.896643769331307112e+02
2.896608310978499503e+02
2.896578945549493369e+02
2.896552451370268955e+02
2.896523866419269098e+02
2.896490625625003759e+02
2.896448671662222409e+02
2.896394695418471201e+02
2.896326776249212571e+02
2.896241057089803235e+02
2.896137326213695928e+02
2.896012688749926269e+02
2.895867371099461707e+02
2.895701714745972595e+02
2.895515552564083919e+02
2.895313048536523297e+02
2.895095145109992814e+02
2.894818500337552791e+02
2.894533716730490482e+02
2.894251764578866073e+02
2.893985195739584242e+02
2.893744124971005363e+02
2.893548229195456543e+02
2.893411056150443983e+02
2.893357054313972299e+02
2.893410219438126205e+02
2.893599083279818842e+02
2.893971495582451894e+02
2.894577777403034133e+02
2.895528467648279616e+02
2.896995841645452288e+02
2.899323972880702627e+02
2.903286036188464436e+02
2.910280163882423494e+02
2.923606963915173651e+02
2.949018374661908410e+02
2.996442561581219479e+02
3.077751167147929436e+02
3.195750791817430354e+02
3.339570996987721401e+02
3.491468229198529798e+02
3.648354348415874142e+02
3.808139793734131899e+02
3.975298238824597661e+02
4.141717864567626179e+02
4.295847000912997373e+02
4.426419965118905679e+02
4.536295174475204135e+02
4.627613712031942441e+02
4.705917723504751393e+02
4.778228265746416241e+02
4.849773039105911039e+02
4.917461270094689212e+02
4.978613678314587219e+02
5.032957226778163431e+02
5.078453771876066298e+02
5.115181613277405859e+02
5.143173188740986461e+02
5.163034142554010941e+02
5.175459907238065398e+02
5.183113328578365326e+02
5.187845213075310085e+02
5.190960412888005067e+02
5.193161703440011934e+02
5.194777568685668712e+02
5.196016663376275346e+02
5.196872380268874849e+02
5.197485530517667485e+02
5.197852145692214663e+02
5.197946399720976842e+02
5.197755008046196963e+02
5.197255772370994009e+02
5.196430364708492107e+02
5.195278477896220011e+02
5.193798534900097366e+02
5.192012244556409541e+02
5.189957312316640810e+02
5.187682094616600352e+02
5.185265266266417257e+02
5.182797332516769302e+02
5.180387054448526669e+02
5.178170440096729408e+02
5.176285879539940424e+02
5.174889963879478501e+02
5.174149749544309316e+02
5.174209239976581785e+02
5.175226810816793659e+02
5.177313895712729845e+02
5.180543230783849822e+02
5.184931264254036023e+02
5.190532500533039411e+02
5.197128838886931135e+02
5.204507934591663343e+02
5.212381634954620040e+02
5.220437745105355134e+02
5.228300013874935530e+02
5.235611302781105678e+02
5.242060733697516071e+02
5.247370942451464089e+02
5.251377398882011676e+02
5.254009375003149671e+02
5.255264757591044145e+02
5.255274498305361703e+02
5.254190264337627241e+02
5.252236684754947191e+02
5.249663827998394936e+02
5.246702392067553546e+02
5.243596962624131947e+02
5.240543210531197929e+02
5.237702525158339313e+02
5.235199354509167051e+02
5.233096856992229959e+02
5.231417551452559564e+02
5.230114390057054834e+02
5.229201746056377260e+02
5.228534199870460952e+02
5.227994914499985271e+02
5.227457057924438004e+02
5.226793872543454427e+02
5.225887085855895293e+02
5.224623695036129902e+02
5.222924291645661015e+02
5.220720315944139429e+02
5.217970465042761816e+02
5.214673654093412551e+02
5.210826480766692157e+02
5.206484288546706694e+02
5.201696353430165800e+02
5.196545369160916152e+02
5.191137271862635316e+02
5.185572222941633527e+02
5.179985975017650617e+02
5.174501959090213177e+02
5.169259383408243593e+02
5.164393826096861631e+02
5.160041796087040211e+02
5.156319414101783423e+02
5.153156612209127161e+02
5.151030833367171908e+02
5.149782891735605972e+02
5.149456228688114834e+02
5.150025347690705075e+02
5.151489707018986337e+02
5.153733696050834396e+02
5.156669761261615577e+02
5.160141473999332220e+02
5.163965314583036843e+02
5.167982297928776916e+02
5.171988359625607927e+02
5.175842092702612263e+02
5.179403452220875579e+02
5.182588948540910678e+02
5.185348018976790172e+02
5.187682536957680668e+02
5.189614270689844489e+02
5.191201279007490257e+02
5.192506907562080869e+02
5.193586349459709481e+02
5.194501071165976782e+02
5.195267932759177256e+02
5.195901234144938599e+02
5.196312662074687978e+02
5.196786077318432717e+02
5.196979539615620070e+02
5.196790175233857099e+02
5.196107888035718361e+02
5.194801448709181386e+02
5.192758237212100312e+02
5.189846716906001802e+02
5.185981468009330229e+02
5.181072346478704276e+02
5.175072815312578314e+02
5.167972910398807471e+02
5.159775616143836032e+02
5.150553568260697830e+02
5.140376299757274410e+02
5.129370417350779690e+02
5.117675617126286056e+02
5.105447754459934231e+02
5.092868962057822841e+02
5.080117411308705755e+02
5.067378202144669785e+02
5.054838849417307642e+02
5.042667567708617185e+02
5.031030560230523747e+02
5.020054557502878083e+02
5.009992241901998113e+02
5.000792052871291276e+02
4.992501511664154350e+02
4.985164660096293687e+02
4.978768038777704419e+02
4.973261809029388587e+02
4.968563227678805561e+02
4.964531513132136524e+02
4.961005000902200095e+02
4.957775049316124409e+02
4.954620916320350830e+02
4.951291814823784989e+02
4.947560143390180656e+02
4.943180038904296794e+02
4.937965836715792420e+02
4.931745837186950894e+02
4.924406111104093497e+02
4.915906113988374955e+02
4.906232636479109033e+02
4.895478712691274268e+02
4.883761971525448189e+02
4.871280718918144430e+02
4.858281845471526594e+02
4.844891372484932504e+02
4.831709394762633565e+02
4.818950669758878576e+02
4.806952091625959156e+02
4.796066068078887383e+02
4.786593626955859690e+02
4.778748857683590359e+02
4.772695834933256265e+02
4.768399763339552919e+02
4.765734540812970295e+02
4.764393596043946104e+02
4.763919300589161026e+02
4.763778118679854288e+02
4.763380203128528478e+02
4.762120878819378049e+02
4.759536278812674368e+02
4.755213966446391396e+02
4.748934500786880335e+02
4.740652237414231536e+02
4.730420803920949879e+02
4.718497253796799669e+02
4.705196965020116409e+02
4.690925411302504244e+02
4.676170206312957589e+02
4.661288122829745362e+02
4.647476596534799569e+02
4.634838560014890732e+02
4.623820135516532446e+02
4.614892437449204863e+02
4.608374914858164857e+02
4.608619913465312266e+02
4.605924548165601209e+02
4.605945247845502877e+02
4.608607337609139449e+02
4.613610038233945261e+02
4.620479568448500913e+02
4.628662034991690462e+02
4.637430425709340511e+02
4.646039618874144708e+02
4.653799056086016890e+02
4.659973346292101724e+02
4.664051050212808036e+02
4.665578004922739410e+02
4.664231885211604549e+02
4.659904489291816958e+02
4.652504840855387442e+02
4.642130275375818087e+02
4.628934372451639661e+02
4.612616431286751322e+02
4.594098839861833312e+02
4.573524468574020716e+02
4.551192416492496022e+02
4.527366485750937954e+02
4.502275669125897934e+02
4.476160132724722303e+02
4.449193622428096546e+02
4.421556505572012838e+02
4.393391143291286198e+02
4.364816827004326569e+02
4.335947268041916800e+02
4.306863151768144462e+02
4.277644801954880904e+02
4.248356762436507665e+02
4.219048513308686665e+02
4.189774552039088462e+02
4.160568235096272929e+02
4.131470570951668719e+02
4.102514353505304712e+02
4.073724776277460933e+02
4.045137425177500745e+02
4.016770035713215634e+02
3.988654247042584302e+02
3.960903023317674752e+02
3.933521621570832849e+02
3.906471283590278176e+02
3.879763227971916422e+02
3.853425694794013907e+02
3.827470935263945648e+02
3.801915388246972043e+02
3.776778449189906723e+02
3.752063587127613573e+02
3.727791401781021818e+02
3.703962136329863597e+02
3.680585096249110393e+02
3.657667239905363203e+02
3.635202652533196783e+02
3.613202319898705923e+02
3.591654869027613017e+02
3.570563006301291011e+02
3.549922753441480268e+02
3.529722963569001877e+02
3.509967325748836515e+02
3.490639892840217158e+02
3.471741261948263286e+02
3.453264162584384849e+02
3.435199666144358730e+02
3.417644656037408026e+02
3.400630478059828192e+02
3.384045853667604433e+02
3.367887003485425339e+02
3.352156593269394875e+02
3.336863433639262553e+02
3.322008517603734390e+02
3.307608164303426861e+02
3.293669341795912828e+02
3.280209496781238272e+02
3.267246240357997067e+02
3.254796413966138289e+02
3.242885759795610738e+02
3.231532827694271077e+02
3.220766763890915172e+02
3.210608929992754383e+02
3.201088267556069695e+02
3.192225902657114034e+02
3.184043756159788927e+02
3.176562170091233952e+02
3.169787895707477787e+02
3.163739580022844393e+02
3.158408253038239195e+02
3.153799489562550207e+02
3.149953459402266844e+02
3.147519459849850705e+02
3.145823982259162221e+02
3.144793973250122008e+02
3.144386385341093160e+02
3.144521595953075348e+02
3.145123983888294106e+02
3.146124961060124861e+02
3.147426999789548745e+02
3.148953979006479926e+02
3.150613794251441959e+02
3.152316725188690612e+02
3.153991175879992284e+02
3.155557813803621343e+02
3.156954988299859224e+02
3.158140609003758073e+02
3.159058606732770613e+02
3.159701132370491905e+02
3.160039239364193122e+02
3.160068294596268856e+02
3.159795895412027562e+02
3.159208713697372559e+02
3.158337202286999172e+02
3.157176972618447621e+02
3.155565580772321823e+02
3.154102405552217192e+02
3.152327548684211820e+02
3.150276168619931241e+02
3.147958501169864007e+02
3.145405461178125393e+02
3.142639099912494771e+02
3.139680103240798985e+02
3.136561187031682607e+02
3.133302458724747339e+02
3.129937797957783800e+02
3.126492524832149229e+02
3.122998560868256845e+02
3.119484669802611165e+02
3.115980403690354592e+02
3.112516210058398656e+02
3.109116497025976855e+02
3.105811700934406758e+02
3.102617594889246107e+02
3.099558750605821729e+02
3.096644973502687321e+02
3.093887868793430016e+02
3.091294111740463677e+02
3.088860317813932284e+02
3.086477321369638958e+02
3.084197580199182198e+02
3.082067738127132657e+02
3.080072706832489189e+02
3.078208002393287188e+02
3.076461789510811968e+02
3.074828028476727013e+02
3.073310062246122243e+02
3.071898417383985702e+02
3.070611596710047593e+02
3.069446978112370630e+02
3.068429264247165520e+02
3.067577283975222144e+02
3.066909149737852545e+02
3.066466873970501865e+02
3.066264850755397902e+02
3.066353153179811670e+02
3.066757214364391189e+02
3.067515155732533572e+02
3.068669772197897601e+02
3.070241445544679664e+02
3.072278127859576671e+02
3.074793079187976446e+02
3.077818619628260421e+02
3.081318969128915342e+02
3.085191348185344395e+02
3.089568486063550381e+02
3.094430547211895828e+02
3.099773940499345031e+02
3.105568947637673318e+02
3.111787399934711402e+02
3.118396108178789063e+02
3.125347810564765041e+02
3.132601478801208259e+02
3.140103385362366453e+02
3.147804990669525864e+02
3.155652817922592703e+02
3.163599728060204939e+02
3.171593512407392836e+02
3.179596008708590489e+02
3.187562179579982740e+02
3.195462859557010233e+02
3.203269384678959568e+02
3.210959335257313683e+02
3.218524775372477507e+02
3.225949242634384291e+02
3.233238203394407151e+02
3.240384728926824778e+02
3.247245338089497295e+02
3.253749291471936544e+02
3.260155946506147302e+02
3.266463812224136518e+02
3.272652918390131163e+02
3.278691227528285594e+02
3.284548013938304507e+02
3.290151145756143478e+02
3.295450616053686872e+02
3.300346164029120359e+02
3.304747982160869242e+02
3.308558069388255376e+02
3.311663310360931405e+02
3.313994069179614712e+02
3.315469538771756106e+02
3.316071378372914182e+02
3.315793576262223610e+02
3.314677633278931808e+02
3.312786100711416566e+02
3.310196232311036511e+02
3.307006853950510958e+02
3.303297965266779102e+02
3.299168741278892298e+02
3.294682191564859295e+02
3.290623371445619796e+02
3.286617728824428468e+02
3.282362484128302640e+02
3.277872796579511601e+02
3.273139295437309215e+02
3.268163530319369556e+02
3.262947130985866693e+02
3.257497016714210076e+02
3.251834559514523448e+02
3.245999154476951389e+02
3.240035879880567791e+02
3.234021360907066196e+02
3.228034296146342399e+02
3.222164686424069373e+02
3.216517616484451878e+02
3.211181012046165506e+02
3.206258456128441594e+02
3.201829523560791131e+02
3.197955329071237429e+02
3.194690091262487499e+02
3.192048900140227374e+02
3.190027764385991418e+02
3.188605061870735540e+02
3.187705978788901575e+02
3.187457317778126367e+02
3.187552008929757221e+02
3.187843288890574627e+02
3.188204906266918215e+02
3.188470774818883342e+02
3.188507608634375856e+02
3.188166300979636389e+02
3.187321924011052943e+02
3.185873351114647676e+02
3.183735554660603952e+02
3.180858873325402101e+02
3.177222880021971037e+02
3.172827255899649117e+02
3.167703359676477817e+02
3.161898111540986065e+02
3.155470411319586788e+02
3.148500718202101325e+02
3.141063100729120379e+02
3.133247696998957963e+02
3.125139696577126642e+02
3.116819092522517849e+02
3.108371458529538813e+02
3.099866030056017507e+02
3.091375779039835265e+02
3.083035088322483830e+02
3.074912142656583001e+02
3.066964297590688489e+02
3.059226169947972380e+02
3.051735618075172738e+02
3.044521629180507603e+02
3.037602909242341411e+02
3.031003893679007319e+02
3.024730071874438408e+02
3.018794438903111654e+02
3.013199631679426034e+02
3.007942883884873595e+02
3.003026145755713401e+02
2.998436074412838366e+02
2.994169750214400665e+02
2.990212238331870367e+02
2.986551452236539035e+02
2.983175709606006194e+02
2.980065515829164156e+02
2.977211784625710038e+02
2.974593794028543812e+02
2.972201760653036899e+02
2.970019485819643137e+02
2.968034319812001627e+02
2.966202395307981305e+02
2.964604295017308004e+02
2.963181106615921294e+02
2.961924296584785452e+02
2.960837935255177058e+02
2.959918891126960716e+02
2.959166345173899799e+02
2.958583582704293349e+02
2.958163192154008811e+02
2.957910166578239455e+02
2.957814934960287587e+02
2.957877356096876724e+02
2.958091206878928006e+02
2.958446045745579909e+02
2.958939136632271811e+02
2.959553672669309776e+02
2.960285297812322369e+02
2.961118310789639736e+02
2.962040766420855675e+02
2.963043023501667221e+02
2.964107475716090221e+02
2.965227355877478317e+02
2.966385175988883702e+02
2.967572927250084263e+02
2.968723434075379259e+02
2.970124904612478645e+02
2.971540379235191267e+02
2.972962681108053289e+02
2.974394565725356756e+02
2.975832390533344096e+02
2.977279723381857934e+02
2.978739777871760452e+02
2.980214440898458292e+02
2.981711548050239458e+02
2.983232850171297059e+02
2.984787635279752749e+02
2.986380521780762933e+02
2.988018226486244657e+02
2.989709445666412080e+02
2.991457045400315451e+02
2.993270786830969996e+02
2.995152017327372391e+02
2.997107514575919822e+02
2.999140454193884011e+02
3.001251726957096935e+02
3.003445993185565612e+02
3.005719081921985776e+02
3.008074664533915552e+02
3.010430225766118042e+02
3.013070650412971077e+02
3.015783155674182581e+02
3.018558624158648058e+02
3.021393279577965814e+02
3.024272542353255631e+02
3.027192719490805644e+02
3.030138159922542513e+02
3.033101693916014483e+02
3.036072121436645830e+02
3.039035078872795452e+02
3.041984179044064831e+02
3.044900297287731519e+02
3.047779114922951180e+02
3.050603382353830284e+02
3.053365479745544917e+02
3.056055440783565587e+02
3.058660596754153858e+02
3.061177463670796897e+02
3.063592933890981840e+02
3.065907478270376600e+02
3.068112609083652842e+02
3.070209188113691425e+02
3.072196050013083664e+02
3.073918717690989979e+02
3.075670363537496428e+02
3.077301444854954866e+02
3.078820344856624729e+02
3.080228776002366544e+02
3.081536313559620908e+02
3.082748283848690676e+02
3.083873168647484135e+02
3.084920104816422395e+02
3.085894713695261089e+02
3.086807690366109114e+02
3.087662381070754236e+02
3.088467321444354070e+02
3.089224722927955327e+02
3.089937274658726096e+02
3.090607175720723490e+02
3.091230696728711678e+02
3.091808407412720499e+02
3.092333467055620417e+02
3.092800968523721394e+02
3.093205405556946630e+02
3.093535021739035074e+02
3.093786091479144602e+02
3.093946464407162011e+02
3.093816166082818881e+02
3.093268940492321235e+02
3.092605566731124327e+02
3.091829513545334862e+02
3.090932690608965459e+02
3.089915975195181090e+02
3.088780012641697681e+02
3.087518347093348439e+02
3.086139326184578522e+02
3.084636525583794082e+02
3.083016402651531962e+02
3.081281927417123256e+02
3.079431124704917693e+02
3.077475278923499218e+02
3.075412652229901482e+02
3.073253315946712405e+02
3.071004529659654736e+02
3.068669252866552029e+02
3.066262088716592871e+02
3.063786490189152687e+02
3.061255132712749401e+02
3.058678687090617245e+02
3.056063382325998532e+02
3.053423887729751414e+02
3.050772903678995362e+02
3.048125182671458901e+02
3.045526600864588431e+02
3.042979031274232966e+02
3.040494576107930698e+02
3.038075543340981994e+02
3.035728030433393769e+02
3.033462187521428177e+02
3.031276282943022693e+02
3.029183735595098028e+02
3.027184599354642387e+02
3.025287030507338386e+02
3.023500054093834706e+02
3.021823190101798673e+02
3.020269923257136497e+02
3.018838081814302541e+02
3.017534564517312674e+02
3.016363764370812532e+02
3.015321032879464269e+02
3.014412045138252552e+02
3.013628322880458086e+02
3.012966399314591399e+02
3.012422257334284836e+02
3.011981191472380033e+02
3.011756319298287394e+02
3.011615740613638650e+02
3.011510234098728915e+02
3.011431234440400999e+02
3.011360021878815019e+02
3.011292795761521575e+02
3.011215909740924985e+02
3.011120642042770896e+02
3.011003829069933886e+02
3.010853373917682347e+02
3.010670603715307720e+02
3.010449445843869398e+02
3.010186172254565804e+02
3.009882691170276985e+02
3.009532727565598975e+02
3.009139206322237783e+02
3.008700593441889168e+02
3.008214221280301217e+02
3.007683056122480707e+02
3.007103150305196095e+02
3.006475675410120516e+02
3.005801363578514156e+02
3.005076510499648634e+02
3.004304891761906333e+02
3.003412672657019016e+02
3.002369140253377395e+02
3.001281514799727006e+02
3.000150390810078420e+02
2.998982455973106198e+02
2.997779710723893345e+02
2.996547098417549364e+02
2.995290804890681216e+02
2.994013432917036539e+02
2.992721859147977739e+02
2.991419833557010861e+02
2.990112007944769061e+02
2.988804191307733618e+02
2.987498969461681213e+02
2.986201438793960961e+02
2.984913814520036226e+02
2.983638194179351899e+02
2.982377038656370019e+02
2.981130419836470082e+02
2.979899031872877231e+02
2.978681847806703900e+02
2.977477182192646410e+02
2.976283508234869259e+02
2.975098303439328902e+02
2.973881876341762904e+02
2.972735780640194889e+02
2.971597854349135446e+02
2.970466012205085917e+02
2.969338758000702114e+02
2.968215884175933184e+02
2.967100965564770263e+02
2.966000932405331127e+02
2.964929577012014192e+02
2.963912276023639834e+02
2.962986931227500804e+02
2.962217985930734017e+02
2.961705594554410368e+02
2.961597862153398637e+02
2.962146414752579062e+02
2.963709547799865049e+02
2.966878005989020153e+02
2.972581396677493331e+02
2.982194911763767209e+02
2.998067418615630118e+02
3.023542267374014045e+02
3.063742175356926509e+02
3.125745703309115697e+02
3.216484508498861601e+02
3.341612121517221112e+02
3.497231625556792665e+02
3.674197725874886942e+02
3.855518616786010284e+02
4.027599798922634022e+02
4.179915779669914286e+02
4.311266055420161365e+02
4.422774974379135529e+02
4.519162259700410686e+02
4.602527109571614119e+02
4.674271322904917838e+02
4.734288927083921408e+02
4.783025681558300448e+02
4.821576720686165913e+02
4.851467470865760561e+02
4.874693010443298817e+02
4.892643042585268631e+02
4.906738268789669632e+02
4.917866549970190704e+02
4.926644653704060488e+02
4.933576336843162267e+02
4.938850773784242278e+02
4.942669541303736196e+02
4.945090011590382915e+02
4.945499078605849377e+02
4.944629731750049473e+02
4.942566007669507258e+02
4.939362401356989949e+02
4.935076698595630660e+02
4.929818790501120134e+02
4.923724895730719595e+02
4.916956118486446030e+02
4.909696488355091901e+02
4.902119876655896746e+02
4.894407392527655816e+02
4.886710949459803714e+02
4.879170450138655042e+02
4.871890590575131910e+02
4.864968186767341649e+02
4.858469127248006885e+02
4.852477265059561091e+02
4.847063587523013553e+02
4.842301904050960957e+02
4.838269729246744077e+02
4.835024485767905276e+02
4.832609287245572887e+02
4.831079103698544372e+02
4.830438918062414473e+02
4.831763048350757686e+02
4.833800075572763149e+02
4.836928647241087447e+02
4.841333595949067785e+02
4.847126824585973282e+02
4.854642818408057110e+02
4.864109899568177298e+02
4.875948506428301812e+02
4.890610764500068512e+02
4.908563060363824775e+02
4.930536122484306247e+02
4.956832972849816201e+02
4.987906036077762337e+02
5.023163164590957308e+02
5.061532542949441904e+02
5.100949642091496798e+02
5.139211236463654586e+02
5.174024550145616104e+02
5.204236902599284349e+02
5.229219927160943371e+02
5.249263103519506330e+02
5.264970835969878635e+02
5.276791647075659739e+02
5.285319773470547489e+02
5.291004171781896730e+02
5.293554792472522195e+02
5.293445471241120686e+02
5.290975932496751284e+02
5.286379549224402581e+02
5.279954329815543588e+02
5.271954431994032575e+02
5.262600379083372673e+02
5.252154121031286422e+02
5.240748822098807977e+02
5.228614800834437801e+02
5.215851620338113435e+02
5.202619188273854434e+02
5.189027031273305965e+02
5.175169373574566407e+02
5.161166790707682139e+02
5.147088004758898023e+02
5.133061552303657891e+02
5.119168734072523534e+02
5.105561162692102926e+02
5.092336630735387075e+02
5.079675962101802611e+02
5.067685021397189189e+02
5.056526122189813464e+02
5.046492512329411397e+02
5.037045578931570731e+02
5.028582647665332388e+02
5.020992329712564697e+02
5.014213828937835160e+02
5.008030919335410545e+02
5.002275685801312193e+02
4.996693182400902060e+02
4.991092825079136901e+02
4.985264844694258386e+02
4.979096997507695619e+02
4.972500243982584038e+02
4.965459581457154741e+02
4.958031880587004707e+02
4.950245769845639643e+02
4.942238574633533403e+02
4.934036210693159319e+02
4.925750354019142492e+02
4.917408326809987216e+02
4.909065315098860083e+02
4.900785528752783193e+02
4.892634270878949110e+02
4.884791016127110197e+02
4.877446687573919917e+02
4.871287101262123542e+02
4.866759910427060163e+02
4.864063107363799077e+02
4.863778543235658276e+02
4.866531493947034051e+02
4.873039008120097151e+02
4.883740069834825022e+02
4.899153908137670328e+02
4.919188122252274979e+02
4.943644483735704966e+02
4.971615005510528817e+02
5.001948781984548305e+02
5.033058317455718225e+02
5.063370061709233596e+02
5.091374985889129903e+02
5.115890781726538989e+02
5.136187324220196615e+02
5.151760127372052693e+02
5.162672072102100174e+02
5.168942755421435322e+02
5.171055021835065872e+02
5.169364778026363183e+02
5.164515471685575676e+02
5.157057327773303541e+02
5.147127393509765625e+02
5.135760412619549697e+02
5.123826178981159956e+02
5.112007194138515729e+02
5.100843682283689304e+02
5.091010733947855442e+02
5.087572152257063749e+02
5.081354098485018653e+02
5.076676572513152337e+02
5.074728488888540028e+02
5.075693854597914765e+02
5.079550223467556407e+02
5.086234585619720292e+02
5.095381018307826366e+02
5.106696924131156834e+02
5.119586093130255335e+02
5.133618129215445833e+02
5.148119815333934639e+02
5.162629981463222748e+02
5.176532837730197798e+02
5.189378045128443091e+02
5.200699975336490297e+02
5.210053954866581307e+02
5.217161396519910568e+02
5.221744493780647645e+02
5.223143228494983532e+02
5.221703996919513884e+02
5.217505049974896565e+02
5.210626553695112761e+02
5.201205929627171827e+02
5.189464566719917684e+02
5.175558193114835603e+02
5.159750583859763537e+02
5.142201928608104708e+02
5.123159381138133313e+02
5.102790505258502094e+02
5.081296199702328522e+02
5.058849982466718416e+02
5.035591185344027849e+02
5.011683897130458831e+02
4.987212486285562818e+02
4.962300663340653841e+02
4.936999516612653451e+02
4.911365655122252747e+02
4.885430563970061826e+02
4.859192206652621735e+02
4.832658089963720727e+02
4.805799248544645934e+02
4.778196864607676844e+02
4.750874991931956401e+02
4.723153292041614009e+02
4.695019442137810870e+02
4.666438539058559059e+02
4.637416579602748357e+02
4.607952523336747959e+02
4.578061531749797837e+02
4.547780227815140961e+02
4.517131344738818370e+02
4.486174858117931876e+02
4.454946952856322469e+02
4.423512313174658175e+02
4.391921410303213520e+02
4.360231551850810661e+02
4.328502764735401911e+02
4.296781755818686861e+02
4.265130339815109437e+02
4.233587101757051983e+02
4.202206929198248417e+02
4.171025163255533244e+02
4.140082732587322880e+02
4.109416328736110131e+02
4.079051405499216116e+02
4.048491134413886812e+02
4.019197249388648743e+02
3.990247665783452931e+02
3.961653908333170762e+02
3.933434482733101163e+02
3.905605889748848654e+02
3.878174964703048886e+02
3.851162160099296443e+02
3.824568635308589819e+02
3.798411760176845746e+02
3.772696104704517097e+02
3.747428366861353197e+02
3.722621172889337231e+02
3.698271538241823464e+02
3.674395277586576185e+02
3.650989439814156299e+02
3.628062487942488588e+02
3.605620115106782464e+02
3.583659705201838506e+02
3.562193944785949498e+02
3.541216684477068384e+02
3.520737412823593218e+02
3.500757839531412969e+02
3.481276619828284993e+02
3.461895467373319093e+02
3.443707690676790207e+02
3.426012571594604879e+02
3.408811224263096165e+02
3.392109799187374506e+02
3.375920511899030885e+02
3.360240208627691914e+02
3.345085606871581376e+02
3.330454890851922300e+02
3.316357593625390905e+02
3.302802487816449570e+02
3.289785431714192896e+02
3.277322641967510322e+02
3.265404288149820786e+02
3.254042729594145840e+02
3.243234491465489668e+02
3.232974943547212092e+02
3.223272105263861249e+02
3.214106667690121526e+02
3.205491073475535586e+02
3.197404301671246571e+02
3.189848194625233191e+02
3.182817007406279686e+02
3.176293180335268289e+02
3.170326247266108339e+02
3.165531234778172234e+02
3.161256730007497708e+02
3.157473936597583020e+02
3.154171935263390196e+02
3.151337131803782086e+02
3.148927883725011156e+02
3.146935958071596247e+02
3.145301986525455504e+02
3.144001869451126936e+02
3.142977414144571640e+02
3.142179030263381492e+02
3.141555381343707722e+02
3.141040953836997005e+02
3.140591296897700317e+02
3.140139718034156999e+02
3.139652230885203039e+02
3.139072973533218942e+02
3.138378115434715028e+02
3.137533508726373270e+02
3.136520925785272311e+02
3.135335058816575042e+02
3.133958125484720654e+02
3.132404416651422139e+02
3.131053770578312196e+02
3.129909891575632628e+02
3.128569688808178739e+02
3.127038546248605257e+02
3.125331119182575890e+02
3.123440546676691838e+02
3.121384615683309676e+02
3.119155938615128321e+02
3.116764614511774880e+02
3.114213457380150771e+02
3.111502368999228452e+02
3.108645117111928471e+02
3.105640750089135054e+02
3.102508324793109296e+02
3.099257509446010204e+02
3.095906957351939468e+02
3.092483874355311855e+02
3.089008432068744696e+02
3.085519966253212942e+02
3.082046170238494369e+02
3.078626102161690028e+02
3.075301067217105242e+02
3.072102840567360431e+02
3.069079735222775298e+02
3.066526231422651563e+02
3.065299421295702587e+02
3.064282742900348921e+02
3.063486031820721678e+02
3.062932950885335686e+02
3.062630346332333033e+02
3.062581816730663604e+02
3.062800659860724863e+02
3.063273577424844234e+02
3.064002350951874405e+02
3.064973821526783695e+02
3.066159529360681404e+02
3.067554599745485007e+02
3.069115834100913958e+02
3.070822738123164299e+02
3.072646196076644287e+02
3.074535787574163237e+02
3.076480392903206393e+02
3.078424546133907143e+02
3.080341863832628633e+02
3.082197821324704705e+02
3.083941118952415650e+02
3.085554954302393753e+02
3.086989700140340460e+02
3.088226862324524973e+02
3.089652812921802365e+02
3.090785125098443586e+02
3.091630576551550575e+02
3.092185863867373428e+02
3.092455246427702491e+02
3.092456591554328611e+02
3.092196472920579140e+02
3.091697156492243721e+02
3.090978198824000174e+02
3.090053065279702764e+02
3.088950091815253813e+02
3.087678888522422085e+02
3.086259231443759745e+02
3.084703817383656315e+02
3.083015635868757158e+02
3.081207859972725487e+02
3.079272371596585458e+02
3.077213510801483949e+02
3.075021850250807347e+02
3.072688764569665523e+02
3.070208600878866037e+02
3.067563196833448842e+02
3.064750132695871230e+02
3.061700376905519079e+02
3.058525137197055415e+02
3.055169722542676709e+02
3.051630217016144115e+02
3.047910381732051519e+02
3.044005625809634239e+02
3.039927705853711473e+02
3.035679104065052343e+02
3.031273383784248949e+02
3.026723597690311180e+02
3.022044074740674091e+02
3.017256413911837285e+02
3.012378869840517268e+02
3.007436660479974080e+02
3.002453742720229002e+02
2.997456078353631028e+02
2.992471758473725458e+02
2.987528066442186514e+02
2.982652893113096866e+02
2.977875299242625147e+02
2.973220554768577699e+02
2.968717149842890990e+02
2.964388612212271141e+02
2.960257910187288530e+02
2.956362462832468054e+02
2.952711408167493232e+02
2.949312572419609069e+02
2.946175049532582193e+02
2.943310373408751843e+02
2.940725526901877629e+02
2.938420851655515094e+02
2.936400746281058787e+02
2.934657746610342315e+02
2.933189244924882360e+02
2.931985365974488786e+02
2.931033643561693225e+02
2.930323418342675836e+02
2.929836381667607839e+02
2.929558944750668843e+02
2.929473301973057460e+02
2.929562057462521238e+02
2.929810725247588721e+02
2.930202171711321739e+02
2.930725313146311350e+02
2.931370475402642910e+02
2.932130571451976380e+02
2.933007533022185385e+02
2.934002604990688496e+02
2.935137926037314173e+02
2.936432218188217576e+02
2.937926201342121431e+02
2.939663830723474121e+02
2.941699552209834110e+02
2.944104612737015714e+02
2.946950708444356337e+02
2.950337708861530928e+02
2.954354445911245080e+02
2.959120751135149590e+02
2.964741545545231247e+02
2.971329017650400601e+02
2.978995467007450770e+02
2.987807885561389298e+02
2.997852507442059959e+02
3.009118244310550949e+02
3.021600400975198113e+02
3.035187918282310875e+02
3.049721032526616114e+02
3.064979155747545860e+02
3.080657359876615260e+02
3.096430023685053925e+02
3.111926631487102668e+02
3.126795549813103889e+02
3.140629195564209226e+02
3.152976084806430208e+02
3.163777492998287926e+02
3.172926545037185520e+02
3.180322266654703753e+02
3.185962502572386370e+02
3.189903914315808038e+02
3.192197729061615519e+02
3.192993155379831478e+02
3.192387630701712169e+02
3.190538554646429361e+02
3.187584525051084938e+02
3.183653440113596957e+02
3.178894444298188091e+02
3.173415515519542964e+02
3.167342688976530098e+02
3.160776553434162111e+02
3.153812608000366140e+02
3.146542574098028808e+02
3.139042037070168476e+02
3.131385982827631551e+02
3.123639101101311439e+02
3.115861644092918823e+02
3.108107114727161502e+02
3.100346892522574649e+02
3.092504871952812664e+02
3.084862334495886103e+02
3.077456238110067943e+02
3.070320655409763617e+02
3.063495108330162680e+02
3.057001975223122372e+02
3.050880534471236274e+02
3.045152494018923335e+02
3.039847273859905954e+02
3.034998739927418683e+02
3.030624082319890817e+02
3.026767862613201032e+02
3.023449002980790965e+02
3.020708842693439351e+02
3.018587868492322173e+02
3.017113086483778943e+02
3.016347240340942903e+02
3.016310457465276045e+02
3.017063408451232931e+02
3.018635520730182407e+02
3.021054806379700040e+02
3.024359728512724246e+02
3.028530107577009289e+02
3.033652835637053613e+02
3.039514668346831741e+02
3.046190032996266268e+02
3.053605178559189426e+02
3.061713945757719557e+02
3.070451068927587244e+02
3.079745948374014688e+02
3.089567173018610333e+02
3.099810688798298770e+02
3.110454445249193896e+02
3.121371958683144499e+02
3.132498683534570887e+02
3.143696574143380644e+02
3.154829648244245277e+02
3.165753878329383042e+02
3.176289580981127187e+02
3.186303114455371315e+02
3.195620544798726996e+02
3.204142212466257433e+02
3.211740152639220014e+02
3.218369344157355272e+02
3.223972178735983221e+02
3.228546848032917183e+02
3.232110530575942562e+02
3.234815986136331958e+02
3.237013126247242099e+02
3.238302912973967977e+02
3.238790073738568367e+02
3.238544482740193757e+02
3.237655690733263896e+02
3.236210978267282599e+02
3.234275474831398469e+02
3.231935721681733753e+02
3.229244080023853485e+02
3.226266008595766834e+02
3.223051604623603907e+02
3.219642368207498748e+02
3.216083057476379850e+02
3.212402313035046859e+02
3.208631817225812028e+02
3.204795418620843179e+02
3.200912229713889019e+02
3.197001368108032580e+02
3.193077095259873204e+02
3.189150339260897908e+02
3.185233244229333991e+02
3.181331753549666814e+02
3.177454812515610456e+02
3.173573864783520548e+02
3.170027430222290263e+02
3.166530709132699712e+02
3.163090810321190247e+02
3.159720449657023664e+02
3.156431340588275134e+02
3.153232387907038969e+02
3.150139013714079965e+02
3.147159945837282748e+02
3.144310833460179424e+02
3.141604218540800275e+02
3.139052503518845469e+02
3.136670905293813121e+02
3.134468950223622414e+02
3.132460765257595767e+02
3.130654724557428494e+02
3.129059744701453951e+02
3.127682326920033802e+02
3.126524120027009985e+02
3.125587130640312807e+02
3.124866948217008940e+02
3.124358152995163209e+02
3.124051939474220490e+02
3.123934406653185647e+02
3.124054180325503012e+02
3.124637485719853771e+02
3.125321125492999386e+02
3.126083052161504270e+02
3.126899074374961174e+02
3.127749527252890971e+02
3.128613043795044746e+02
3.129471812870597773e+02
3.130310837446520509e+02
3.131115018556249652e+02
3.131875794166786022e+02
3.132584106245753901e+02
3.133235559962824368e+02
3.133828765995123717e+02
3.134363156349182873e+02
3.134843263000436764e+02
3.135274757400873114e+02
3.135665654202622932e+02
3.136031073484285230e+02
3.136384640813867009e+02
3.136751247449957418e+02
3.137160812645010424e+02
3.137649203869952430e+02
3.138277511475931192e+02
3.138848156795430668e+02
3.140522924809712322e+02
3.142919912234334561e+02
3.146167578829079616e+02
3.150374336487543587e+02
3.155555413365843265e+02
3.161727995803496469e+02
3.168808918685621165e+02
3.176688735512453263e+02
3.185255310479659556e+02
3.194352506010066577e+02
3.203887906017632758e+02
3.213816075633745868e+02
3.224101759512633976e+02
3.234799607163614041e+02
3.245871263154893995e+02
3.257296467644913491e+02
3.268997883887544162e+02
3.280841916536504073e+02
3.292780713061611664e+02
3.304717219304585001e+02
3.316614871781405327e+02
3.328472088766751540e+02
3.340200174070722596e+02
3.351139846045216473e+02
3.362107344160484104e+02
3.372501777639236593e+02
3.382251757574255180e+02
3.391200140092569200e+02
3.399310235966386244e+02
3.406508058437137834e+02
3.412731620303542854e+02
3.418041693480849972e+02
3.422398708015576858e+02
3.425898441562290486e+02
3.428560829571536033e+02
3.430398211734557208e+02
3.431449394185320898e+02
3.431636298297683538e+02
3.430927234956011489e+02
3.429220001577707535e+02
3.426395457057288922e+02
3.422389666611346115e+02
3.417116536481730122e+02
3.410557084082977326e+02
3.402755452573674688e+02
3.393742071563817149e+02
3.383663152538592271e+02
3.372839216425732047e+02
3.361279902731519655e+02
3.349129159697507703e+02
3.336482651106327353e+02
3.323479263914728676e+02
3.310199589022946611e+02
3.296746059202882293e+02
3.283197901559494767e+02
3.269615437251826506e+02
3.256069200003781816e+02
3.242598391400262017e+02
3.229252206981256563e+02
3.216066747240569725e+02
3.203069741972241786e+02
3.190296507263124681e+02
3.177765573899039850e+02
3.165505662683057153e+02
3.153539118949890963e+02
3.141886166560022957e+02
3.130577323822057565e+02
3.119631150595664622e+02
3.109081938879522227e+02
3.098958036172816719e+02
3.089292264479456094e+02
3.080326853006338297e+02
3.071775205751316662e+02
3.063831392472487209e+02
3.056541087256994160e+02
3.049968772998079771e+02
3.044182896537787997e+02
3.039243991904028803e+02
3.035245343023203191e+02
3.032250106238577700e+02
3.030363382367947338e+02
3.029675260680495512e+02
3.030293428536001556e+02
3.032370850763695103e+02
3.036052651399031106e+02
3.041612748015769512e+02
3.049369020073362435e+02
3.059863430112641254e+02
3.073916850200017166e+02
3.092744168874642128e+02
3.118380932979516160e+02
3.153571935660005465e+02
3.202513532205639422e+02
3.269839412164833448e+02
3.359909234125149169e+02
3.473299933106149524e+02
3.603094205120807487e+02
3.737143633250717585e+02
3.863025056515263600e+02
3.971539617929889232e+02
4.058612927628717557e+02
4.123535380905142915e+02
4.167940032596187621e+02
4.195245991696798455e+02
4.208784146682472169e+02
4.211867346231827582e+02
4.207263748727274901e+02
4.196974506841484640e+02
4.182680749319666234e+02
4.165486915824916423e+02
4.146280722104560255e+02
4.125711409072637252e+02
4.104232597878169031e+02
4.082238985629346075e+02
4.059998014476073536e+02
4.037740753426346032e+02
4.015660733300169341e+02
3.993893917787433452e+02
3.972584889398927999e+02
3.952448627653226367e+02
3.932986154271496844e+02
3.914295636650665529e+02
3.896417200867995234e+02
3.879415268935499057e+02
3.863315990148280434e+02
3.848147642669657102e+02
3.833932043601597002e+02
3.820657968261468795e+02
3.808328255965458311e+02
3.796907198066390379e+02
3.786351978014406541e+02
3.776615803279887018e+02
3.767619071068983203e+02
3.759289210578495499e+02
3.751546668212374129e+02
3.744284421296563892e+02
3.737435996819723982e+02
3.730891613981409591e+02
3.724571607466558021e+02
3.718404109492170164e+02
3.712282709298733607e+02
3.706163994835051767e+02
3.699942858069346130e+02
3.693101918086028377e+02
3.686141373684697555e+02
3.678896652226835613e+02
3.671345780453685848e+02
3.663451686450219995e+02
3.655204272006802171e+02
3.646616957116566482e+02
3.637707382960527980e+02
3.628528370089665032e+02
3.619156083587004105e+02
3.609663576251032282e+02
3.600183324812028900e+02
3.590813988877879979e+02
3.581701112838137533e+02
3.572982014087147036e+02
3.566654142876021183e+02
3.564542956903422350e+02
3.557238159538376294e+02
3.550730944881727851e+02
3.545071354793441287e+02
3.540293818920371791e+02
3.536386334616964859e+02
3.533256642198429063e+02
3.530771914877827271e+02
3.528481349274185277e+02
3.527444348935560470e+02
3.526458987553024258e+02
3.525261285415868429e+02
3.523588424056052872e+02
3.521331322355494535e+02
3.518354384164435373e+02
3.514691594000771602e+02
3.510367292153773633e+02
3.505462907413833022e+02
3.500108559437339864e+02
3.494399660192751185e+02
3.488499395318676761e+02
3.482513467883420617e+02
3.476595211809281523e+02
3.470855667355335186e+02
3.465418343908349925e+02
3.460401718856556954e+02
3.455883929294903965e+02
3.451975501932923294e+02
3.448710153507611267e+02
3.446138904866255075e+02
3.444267608037703781e+02
3.443051227798645755e+02
3.441942974438989609e+02
3.441707456140503041e+02
3.441713200714283971e+02
3.441823646323044272e+02
3.441876638755279600e+02
3.441736765809267808e+02
3.441286077216504395e+02
3.440405300506554909e+02
3.439071287022778733e+02
3.437266264868785584e+02
3.435036863633305302e+02
3.432533813066072526e+02
3.429888388334341585e+02
3.427393983122082659e+02
3.425331154424544593e+02
3.424032216556420849e+02
3.423920671310521016e+02
3.425244881886916914e+02
3.428342502668250518e+02
3.433304383642537800e+02
3.440108550759131276e+02
3.448675190977888292e+02
3.458714032147473745e+02
3.469981974070398110e+02
3.481706900414124561e+02
3.495458121880402587e+02
3.509737931674816309e+02
3.524485912936463023e+02
3.539784234645080687e+02
3.556000920966295098e+02
3.573462682602783502e+02
3.592861050590667560e+02
3.614842801719478871e+02
3.640236318102662381e+02
3.670083385327782253e+02
3.705180128911221118e+02
3.746570276798215104e+02
3.794542509237705872e+02
3.849001077287838370e+02
3.908903035374067940e+02
3.972432008958659253e+02
4.037101939598609874e+02
4.100751176924894708e+02
4.161195090279966280e+02
4.217189698316345812e+02
4.267836724904986454e+02
4.312621458201402334e+02
4.351428817535965550e+02
4.384092419107293495e+02
4.411510524131127227e+02
4.434770605161788239e+02
4.454922427270961975e+02
4.472476784665569767e+02
4.488177516227904675e+02
4.502128269910948575e+02
4.514580929567916314e+02
4.525458796396956700e+02
4.534861314878943404e+02
4.542740031059024659e+02
4.549178145642125060e+02
4.554193503800726148e+02
4.557775500312679924e+02
4.559986962745483083e+02
4.560724605028111114e+02
4.560082109262776271e+02
4.557937856833584078e+02
4.554392719614747875e+02
4.549396262626693783e+02
4.543020832430487417e+02
4.535331729275718544e+02
4.526370632175074320e+02
4.516310410438359213e+02
4.505839609516827977e+02
4.494228257703464351e+02
4.481932662634567919e+02
4.469248241979923364e+02
4.456550131469695657e+02
4.444180876926833434e+02
4.432657054112077617e+02
4.422392849491326388e+02
4.413822922835860254e+02
4.407311446847292586e+02
4.402980773359209365e+02
4.400967749254037926e+02
4.401313948944193157e+02
4.404164574608796556e+02
4.409842319866954199e+02
4.418594529726602218e+02
4.430595343797838268e+02
4.445778462650028473e+02
4.463559884763068339e+02
4.483161719033900567e+02
4.503466728508295205e+02
4.523315077187566544e+02
4.542018534249901336e+02
4.558831809898712208e+02
4.573380457852858854e+02
4.585806071700694133e+02
4.595842467285009434e+02
4.603624413913850049e+02
4.609214140046805142e+02
4.612738273338753743e+02
4.614481895709656101e+02
4.614689409989125579e+02
4.613704235809807983e+02
4.611919879138683314e+02
4.609557830043916056e+02
4.606936698525221345e+02
4.604132261097777246e+02
4.601225022711557813e+02
4.598152630946102590e+02
4.594844245869458632e+02
4.591163697797575196e+02
4.587030152084680026e+02
4.582359818738434001e+02
4.577110867217588748e+02
4.571331317028642047e+02
4.565030178263622815e+02
4.558342796360321927e+02
4.551338108707282117e+02
4.544172301757255923e+02
4.536772170680633280e+02
4.529525024009343497e+02
4.522525708105067110e+02
4.515919128336608424e+02
4.509783889587154135e+02
4.504221725242907723e+02
4.499298175292743167e+02
4.495026814045388051e+02
4.491452019135335263e+02
4.488505436003953832e+02
4.486179710594424250e+02
4.484380733794196772e+02
4.483057162074821917e+02
4.482152592566006888e+02
4.481649475427830112e+02
4.481578378890208683e+02
4.482063317818887072e+02
4.483261833594372092e+02
4.485481857573026332e+02
4.489039434180032231e+02
4.494360774170917807e+02
4.501923952373284123e+02
4.512140142649782888e+02
4.525008074035284267e+02
4.541755274829001792e+02
4.562132057963979150e+02
4.586084768912556342e+02
4.613253316453731259e+02
4.643020105140270175e+02
4.674272720988162746e+02
4.705674555485761061e+02
4.735740779236184039e+02
4.762953045901089695e+02
4.786007420874067861e+02
4.804050316306179411e+02
4.816429156756038310e+02
4.823141750921599851e+02
4.824288596556658035e+02
4.820339251376794891e+02
4.811865415781688853e+02
4.799438741717054313e+02
4.783711678368793514e+02
4.765168078165743850e+02
4.744337827080611305e+02
4.721593865591339636e+02
4.697301723426711533e+02
4.671751530484560817e+02
4.644862390131236225e+02
4.617442355699992618e+02
4.589380720454906850e+02
4.560838764469565376e+02
4.531928788705187117e+02
4.502762556619723000e+02
4.473431170292271872e+02
4.444010845419908264e+02
4.414575214647255166e+02
4.385179278598719748e+02
4.355880149899367098e+02
4.326718673777819504e+02
4.297739264592127597e+02
4.268972271512053567e+02
4.240451509430372994e+02
4.212201806120898482e+02
4.184245139864856355e+02
4.156605034312186149e+02
4.129292395973123462e+02
4.102328305442104579e+02
4.075718745096594944e+02
4.049476622214502868e+02
4.023610228831512927e+02
3.998121166569739557e+02
3.972723793504881655e+02
3.947869683480487311e+02
3.923387813928691799e+02
3.899272205420297723e+02
3.875521007723338016e+02
3.852133209024850089e+02
3.829098478778486196e+02
3.806418501212438059e+02
3.784080982568019635e+02
3.762084155738166942e+02
3.740420447900687577e+02
3.719080802192937654e+02
3.698063827220479425e+02
3.677356348648961557e+02
3.656958538502983060e+02
3.636860115008074672e+02
3.617056892132526968e+02
3.597545892456749357e+02
3.578318052112965120e+02
3.559375537225113248e+02
3.540709393697073892e+02
3.522321429970274380e+02
3.504208481371802009e+02
3.486368365765787303e+02
3.468549701845166169e+02
3.451177402609079650e+02
3.434081280398175409e+02
3.417260465279040318e+02
3.400722222806408581e+02
3.384471107545693940e+02
3.368509508793766258e+02
3.352847752484667581e+02
3.337484969650485596e+02
3.322432397733935545e+02
3.307691657538077834e+02
3.293268387354721085e+02
3.279170517324971570e+02
3.265396930295601692e+02
3.251959041508589507e+02
3.238854692541239046e+02
3.226090789716261042e+02
3.213670879397591875e+02
3.201593484169191584e+02
3.189867722391568350e+02
3.178487865528483667e+02
3.167461219118213762e+02
3.156786247621300845e+02
3.146462076683653208e+02
3.136365262707140005e+02
3.126611701750678094e+02
3.117213127815318785e+02
3.108163135860239095e+02
3.099463773275110725e+02
3.091114430932875621e+02
3.083108601408106324e+02
3.075450118025684105e+02
3.068128034331020899e+02
3.061144493843723922e+02
3.054490263242207106e+02
3.048159445339967988e+02
3.042147377064300713e+02
3.036440292677756929e+02
3.031034793346188394e+02
3.025914602172746868e+02
3.021071639497436081e+02
3.016492171133045304e+02
3.012160949387827600e+02
3.008067366108516580e+02
3.004192939537655320e+02
3.000526344005567125e+02
2.997051755810497298e+02
2.993754376695271731e+02
2.990576177290369060e+02
2.987636554634189565e+02
2.984826763533413327e+02
2.982137437528502915e+02
2.979560378987990248e+02
2.977092197787997634e+02
2.974725671118119976e+02
2.972460084182178548e+02
2.970291951083083859e+02
2.968219512155588404e+02
2.966243976966496234e+02
2.964362157162087783e+02
2.962576656053212787e+02
2.960884840752818832e+02
2.959287264005164957e+02
2.957783609353055567e+02
2.956371986845159086e+02
2.955053092359654556e+02
2.953824742192438180e+02
2.952687950867959898e+02
2.951642403827384555e+02
2.950691609530356345e+02
2.949838341167843510e+02
2.949091807739436035e+02
2.948407423023830347e+02
2.947834368782113188e+02
2.947426661149942788e+02
2.947212292511068199e+02
2.947240959826376070e+02
2.947557161077955925e+02
2.948233184419937629e+02
2.949345122154077785e+02
2.950979220742457301e+02
2.953254167481931631e+02
2.956264902914481922e+02
2.960155723490530022e+02
2.965026816475190685e+02
2.970985730204244533e+02
2.978122345302264193e+02
2.986449066513648631e+02
2.995980146343933370e+02
3.006624275449868833e+02
3.018254253337574937e+02
3.030712613171534713e+02
3.043780329007020100e+02
3.057247022452027068e+02
3.070913697378124425e+02
3.084544126619989584e+02
3.097738202175345918e+02
3.110799393883822859e+02
3.123310701663403961e+02
3.135181976251905098e+02
3.146295014336905069e+02
3.156615592893986104e+02
3.166093142540822782e+02
3.174705790554007763e+02
3.182474885255168715e+02
3.189402392294023230e+02
3.195539183946052617e+02
3.200928592559830008e+02
3.205621006455669431e+02
3.209686905550793767e+02
3.213173173752953744e+02
3.216151234145004878e+02
3.218668297500956328e+02
3.220777037731975270e+02
3.222523088517297651e+02
3.223930859548417516e+02
3.225036919832318176e+02
3.225842133514433385e+02
3.226361868057242077e+02
3.226586537121138463e+02
3.226192256368324820e+02
3.225565454394895823e+02
3.224573921370485436e+02
3.223204207053242953e+02
3.221425309074129473e+02
3.219211108676218487e+02
3.216543905184296364e+02
3.213399009354637883e+02
3.209768493995670156e+02
3.205645890423278956e+02
3.201029862869827411e+02
3.195936445109127249e+02
3.190381653160557107e+02
3.184395245662673233e+02
3.178016324142235476e+02
3.171280861432105098e+02
3.164243561090057710e+02
3.156953278896417032e+02
3.149467955637996965e+02
3.141849145319426384e+02
3.134154174295292137e+02
3.126451571573362003e+02
3.118807029691242292e+02
3.111290472852081166e+02
3.103981333304782311e+02
3.096891474834628184e+02
3.090220913992453120e+02
3.084079142744427600e+02
3.078585966037396133e+02
3.073916397586245921e+02
3.070229964204722251e+02
3.067769303353455825e+02
3.066790028273450162e+02
3.067572908153425146e+02
3.070497802706524908e+02
3.075821932622461077e+02
3.083917722642434569e+02
3.094963921008417174e+02
3.109144711141860284e+02
3.126543617058975428e+02
3.147212144765662742e+02
3.171278020820745382e+02
3.198879622345680218e+02
3.230403020713142723e+02
3.265993020071228443e+02
3.306135674115872121e+02
3.350715124635844973e+02
3.399700911377741477e+02
3.453037625216880997e+02
3.508016877872535133e+02
3.563561160664762610e+02
3.617672468678066480e+02
3.668602521334193511e+02
3.714868651804366095e+02
3.755762140471542239e+02
3.790883117029277400e+02
3.820668720113812924e+02
3.845472070179589537e+02
3.866105121556469157e+02
3.883184755780294495e+02
3.897364298949730710e+02
3.909231631668323530e+02
3.919198420501186320e+02
3.927699222982077458e+02
3.934991312390251892e+02
3.941340815753694642e+02
3.946922936983810928e+02
3.951883892891802930e+02
3.956348816145360843e+02
3.960402604274285636e+02
3.964128435160541812e+02
3.967585750745838595e+02
3.970530525690707577e+02
3.973797623174914406e+02
3.976958141501766022e+02
3.980031399080692722e+02
3.983036902003715340e+02
3.985979878407619026e+02
3.988864071727402916e+02
3.991683298526081671e+02
3.994423157178616748e+02
3.997062490300033346e+02
3.999576211888933130e+02
4.001929922347187585e+02
4.004092797494540150e+02
4.006029751820038314e+02
4.007698875253711890e+02
4.009080972591428349e+02
4.010131103490688247e+02
4.010842432157671169e+02
4.011186347924170832e+02
4.011154284827096035e+02
4.010749226587990393e+02
4.009957729860306586e+02
4.008805516524928976e+02
4.007290600007336252e+02
4.004912981822673714e+02
4.002972085164203122e+02
4.000682561069928056e+02
3.998086019893232788e+02
3.995211894003307407e+02
3.992108132786966053e+02
3.988810797175656262e+02
3.985370567063053500e+02
3.981828517894377342e+02
3.978235313622164995e+02
3.974635654816775059e+02
3.971071733672011419e+02
3.967592340614191926e+02
3.964225684671059184e+02
3.961014017266336964e+02
3.957974788243034823e+02
3.955129356564588647e+02
3.952486833783451630e+02
3.950042303683066507e+02
3.947790768054812816e+02
3.945705615585310397e+02
3.943761741017517011e+02
3.941915581914321365e+02
3.940124355144234869e+02
3.937675612065256132e+02
3.935271328935594966e+02
3.932633676371370370e+02
3.929701220988482646e+02
3.926418438034637575e+02
3.922713516288409323e+02
3.918554917031208902e+02
3.913882807955218368e+02
3.908680567121005538e+02
3.902927477636027334e+02
3.896613279532228376e+02
3.889764244230686927e+02
3.882386677661994554e+02
3.874534127320454218e+02
3.866243105154951536e+02
3.857571481455541402e+02
3.848587664464262161e+02
3.839348363616039705e+02
3.829933677377802610e+02
3.820405021668179870e+02
3.810833489175502109e+02
3.801287943996152876e+02
3.791825844974604820e+02
3.782509152781006492e+02
3.772700564841812820e+02
3.763047005183686906e+02
3.753667843318912105e+02
3.744582993996922937e+02
3.735813827663467919e+02
3.727376730166059815e+02
3.719256860966567046e+02
3.711460387834437711e+02
3.703953182724671933e+02
3.696704890762172226e+02
3.689686950020490599e+02
3.682835196009602896e+02
3.676118739299539016e+02
3.669474400766097233e+02
3.662843283501827614e+02
3.656189593317571962e+02
3.649439924439751053e+02
3.642562708798690778e+02
3.635501921656555169e+02
3.628202041842190511e+02
3.620636549390081314e+02
3.612745512035889988e+02
3.604503029899821058e+02
3.595875593445038021e+02
3.586383954946403492e+02
3.576237762246706779e+02
3.565654249713199420e+02
3.554649320387528064e+02
3.543250450495445421e+02
3.531469621881836929e+02
3.519358590679887016e+02
3.506948071953385693e+02
3.494283177245589513e+02
3.481420945144708412e+02
3.468396088735432841e+02
3.455272589042702975e+02
3.442092244614885317e+02
3.428902878604228590e+02
3.415756812187208311e+02
3.402685404375567941e+02
3.389736944228494053e+02
3.376940847092711238e+02
3.364326483472420364e+02
3.351925918485423495e+02
3.339751387725224276e+02
3.327827737906265497e+02
3.316162696293893646e+02
3.304763779615072394e+02
3.293618555833066353e+02
3.282694396421008491e+02
3.272097904177560963e+02
3.261817752534421970e+02
3.251844135159820439e+02
3.242169557676962199e+02
3.232775979806846181e+02
3.223656317980609174e+02
3.214793691117771459e+02
3.206176218409449916e+02
3.197794283226461403e+02
3.189632137339912106e+02
3.181684959755385194e+02
3.173939195709608043e+02
3.166388685673036889e+02
3.159027433446546524e+02
3.151847107640213608e+02
3.144846483438804512e+02
3.138017021272164015e+02
3.131358456897441442e+02
3.124866379382394257e+02
3.118538215590666596e+02
3.112373715481901968e+02
3.106367240519779784e+02
3.100476479318133443e+02
3.094993365248660666e+02
3.089640457974002175e+02
3.084417284135112141e+02
3.079321250301282475e+02
3.074356784859062373e+02
3.069521999655059972e+02
3.064823895017561313e+02
3.060266985341928034e+02
3.055858497189910850e+02
3.051612530064853104e+02
3.047538514542706594e+02
3.043661627658116231e+02
3.040000056114662357e+02
3.036588675746139074e+02
3.033463030132473932e+02
3.030664259976099970e+02
3.028252197009215934e+02
3.026274013930242859e+02
3.024810353738518529e+02
3.023918511584166708e+02
3.023679794490202539e+02
3.024167844315958291e+02
3.025437794440000516e+02
3.027725277652278919e+02
3.030922062839638897e+02
3.035023244918072578e+02
3.039982843215067874e+02
3.045752373533140940e+02
3.052234422076552960e+02
3.059298215447139455e+02
3.066797771047135939e+02
3.074544581592789427e+02
3.082371790995125025e+02
3.090070830647175057e+02
3.097495402764810706e+02
3.104464645211847369e+02
3.110881245157904686e+02
3.116644905558986807e+02
3.121714256135839491e+02
3.126099257173943329e+02
3.129830586292426347e+02
3.133024707401323212e+02
3.135813576784237284e+02
3.138404616728871588e+02
3.141044885691155741e+02
3.144034321204412095e+02
3.147702963342315456e+02
3.152607752022701106e+02
3.158816200173524749e+02
3.166883492525448673e+02
3.177054666798036919e+02
3.189512439273229916e+02
3.204267063553998582e+02
3.221068136324048510e+02
3.239519492699640750e+02
3.258974845786565879e+02
3.278683693372800576e+02
3.297842166991746353e+02
3.315701142600396452e+02
3.331541688993936532e+02
3.344935520038458776e+02
3.355463449054869898e+02
3.363030447258407207e+02
3.367612540526655494e+02
3.369311634495346084e+02
3.368385715323402678e+02
3.366216614317540916e+02
3.363235675523976056e+02
3.357698684664599682e+02
3.350437509568845940e+02
3.341741820563589158e+02
3.331910047674367661e+02
3.321078760678657886e+02
3.309599157074055142e+02
3.297669391873931204e+02
3.285448730327156568e+02
3.273091784086020084e+02
3.260721654814232124e+02
3.248459170347284726e+02
3.236400515155430639e+02
3.224637581109872713e+02
3.213252415277000296e+02
3.202311613876120191e+02
3.191889866595544731e+02
3.182036423432254537e+02
3.172817406421702344e+02
3.164281683826182530e+02
3.156480635382598052e+02
3.149476567555956308e+02
3.143310739283618886e+02
3.138060035527947775e+02
3.133779997873113530e+02
3.130546820925459315e+02
3.128461441634947846e+02
3.127592212254476749e+02
3.128063839176552960e+02
3.129763390050790690e+02
3.133017265487843019e+02
3.137954911700403500e+02
3.144674872143311291e+02
3.153358909598014179e+02
3.164057688199865197e+02
3.176938928460776879e+02
3.192034762821734830e+02
3.209398380802518318e+02
3.229039812311743276e+02
3.250832264062512991e+02
3.274677291001530079e+02
3.300304185110353501e+02
3.327518481055450366e+02
3.355999510042456677e+02
3.385592769795213712e+02
3.416031015555402632e+02
3.447190415029222095e+02
3.478883091384872728e+02
3.510726633293093641e+02
3.542346583205098227e+02
3.573027129249579161e+02
3.602156629897435778e+02
3.629401345627535989e+02
3.653475920557579002e+02
3.674432417930121346e+02
3.692291751542478551e+02
3.707250614093644003e+02
3.719678844776171331e+02
3.730161729969929638e+02
3.739232986320011491e+02
3.747587827930004778e+02
3.755851962128319315e+02
3.764632755907522892e+02
3.774550383361081458e+02
3.786087187177063242e+02
3.799681726237838575e+02
3.815673105124013205e+02
3.834190841836775121e+02
3.855261588235834438e+02
3.878744450118106784e+02
3.904281176854160549e+02
3.931557927762595455e+02
3.960099857564306944e+02
3.989428436315842532e+02
4.019258789267709631e+02
4.049040385330976619e+02
4.078096388031768811e+02
4.106477278682503993e+02
4.133636923938553878e+02
4.159348495080310499e+02
4.183150965987886707e+02
4.204694913388973987e+02
4.223622427350737212e+02
4.239547077300400701e+02
4.252258859076381441e+02
4.261641309012551915e+02
4.267596121264696194e+02
4.270301619877436679e+02
4.269804854296668282e+02
4.266368220669582456e+02
4.260168079752048698e+02
4.251419342385427740e+02
4.240372233235153772e+02
4.227199841616134677e+02
4.212169384620113419e+02
4.195448356454344321e+02
4.177288091688960776e+02
4.157869426153653194e+02
4.137411600799967459e+02
4.116108629137326034e+02
4.094512776617666532e+02
4.071929542112362128e+02
4.049081995591453733e+02
4.026161378130877893e+02
4.003322290777117018e+02
3.980751192746225229e+02
3.958620032571497518e+02
3.937132879529016236e+02
3.916520033563248262e+02
3.897070528654649024e+02
3.879143296463282127e+02
3.863251411649187048e+02
3.850019901235820612e+02
3.840309237879200737e+02
3.835202603060340607e+02
3.835801390060265703e+02
3.843479337168017196e+02
3.859108690918474736e+02
3.883405396406632235e+02
3.916723391942527428e+02
3.958582278233053557e+02
4.008436923814898023e+02
4.065055046345625556e+02
4.126379426269483019e+02
4.190514363973373975e+02
4.255119263870516875e+02
4.316810955988115666e+02
4.373360022848976314e+02
4.421984747643923583e+02
4.460698080931975369e+02
4.488663817420056716e+02
4.505808143274228996e+02
4.513499732290552515e+02
4.513458226568769192e+02
4.507380422540799714e+02
4.497093103593318233e+02
4.483844234126812580e+02
4.468790844508183682e+02
4.452768367400098555e+02
4.436413316562085924e+02
4.420312876706050247e+02
4.404878692558216358e+02
4.390537580677246297e+02
4.377634750719935823e+02
4.366430630056053701e+02
4.357195130551373836e+02
4.350005144418670966e+02
4.344904534678505001e+02
4.342129196211240583e+02
4.341029714610560859e+02
4.341338265468333475e+02
4.342573853754224160e+02
4.344226119729539164e+02
4.345854314777516834e+02
4.346968356133716611e+02
4.347206933729649450e+02
4.346322445855018941e+02
4.344077200101260701e+02
4.340464999927104373e+02
4.335479424940558602e+02
4.329228477177122159e+02
4.321932499036353761e+02
4.313804523709537762e+02
4.305167276566042460e+02
4.296378731256521633e+02
4.287812060673086876e+02
4.279940092512766228e+02
4.273257431686438395e+02
4.268280646683160171e+02
4.265674027898272698e+02
4.266009748407714710e+02
4.270033089374584279e+02
4.278493225454850517e+02
4.291684042755968562e+02
4.310383431941748427e+02
4.334736282774307483e+02
4.364713402476582473e+02
4.399773305499140861e+02
4.438789955732660815e+02
4.480352300500581464e+02
4.522677045928079451e+02
4.563780145057549475e+02
4.602005908981891480e+02
4.635720786031440639e+02
4.663781571399617292e+02
4.685607814193918443e+02
4.700896431971749507e+02
4.709935707797262694e+02
4.713257068059577932e+02
4.711504807188504742e+02
4.705538646728444974e+02
4.696033442196848569e+02
4.683706967099217309e+02
4.669114710610916177e+02
4.652716185041231256e+02
4.634897397252802875e+02
4.616058176316677191e+02
4.595911390902924154e+02
4.574965680432181898e+02
4.553361760656244996e+02
4.531184214289811507e+02
4.508509864289428037e+02
4.485403752278210163e+02
4.461898785453466871e+02
4.438058442815072340e+02
4.413900576622743301e+02
4.389475027032470393e+02
4.364805744869704540e+02
4.339921288439496720e+02
4.314858724469613662e+02
4.289629753804129564e+02
4.264275891574366142e+02
4.238806264302118620e+02
4.213252162783506378e+02
4.187630227394234339e+02
4.161957196580881373e+02
4.136258611762853548e+02
4.110541941082454400e+02
4.084834704934303318e+02
4.059144073975248261e+02
4.033767956736027713e+02
4.007858138762218800e+02
3.982070675720713098e+02
3.956424034100111840e+02
3.930927058846757518e+02
3.905599257832861326e+02
3.880448507205719011e+02
3.855492853302540652e+02
3.830742355145316083e+02
3.806211579629709263e+02
3.781916014305693352e+02
3.757864870951807461e+02
3.734078074642220599e+02
3.710561561707210103e+02
3.687335380126470454e+02
3.664408186923047879e+02
3.641792687866826554e+02
3.619504315511445043e+02
3.597546787068412755e+02
3.575938103525755309e+02
3.554679161682678910e+02
3.533781235662879112e+02
3.513250470580728120e+02
3.493085922836281725e+02
3.473627264083364707e+02
3.454006536141521337e+02
3.434811134058122661e+02
3.416030161605234525e+02
3.397660701573712458e+02
3.379698424605196010e+02
3.362133049072152744e+02
3.344969560335327969e+02
3.328195205887257657e+02
3.311820473100437425e+02
3.295840872316118748e+02
3.280264665467753957e+02
3.265105352383032482e+02
3.250366061112040938e+02
3.236075308958509709e+02
3.222240605928629407e+02
3.208892155914937803e+02
3.196057151262074854e+02
3.183757111426314736e+02
3.172040635910398123e+02
3.160930984411768350e+02
3.150485760595337865e+02
3.140754743970707068e+02
3.131794546525950977e+02
3.124012503589837024e+02
3.116885612066405997e+02
3.110864026793556718e+02
3.106066046589293137e+02
3.102666704729226126e+02
3.100893765464442708e+02
3.100944800230273586e+02
3.103175941452480515e+02
3.107799236385912423e+02
3.115174695519326065e+02
3.125513719700034585e+02
3.139015203457754524e+02
3.155807121077527313e+02
3.175869578495431824e+02
3.199324205060322015e+02
3.226020062812888796e+02
3.256072848815192060e+02
3.288959952106279161e+02
3.324085244627081579e+02
3.360051212272979910e+02
3.395193419866481577e+02
3.427557971932288865e+02
3.455615488601413858e+02
3.478239789505547606e+02
3.494539905990094439e+02
3.504804484140798309e+02
3.509876688729356147e+02
3.510707034350404570e+02
3.507935485767081332e+02
3.502359617331386517e+02
3.494562874550958895e+02
3.485029127170901120e+02
3.474194551171437979e+02
3.462344236175923129e+02
3.449759441915749107e+02
3.436620104621471796e+02
3.423101419190084584e+02
3.409324321877572856e+02
3.395398011241568383e+02
3.381408672749045650e+02
3.367425114351567572e+02
3.353515437476838201e+02
3.339720991282505906e+02
3.326097199565751907e+02
3.312673593010375725e+02
3.299488866670797051e+02
3.286572900957571051e+02
3.273944642888582166e+02
3.261557214650503624e+02
3.249416210076524862e+02
3.237715154662017767e+02
3.226465994964415245e+02
3.215681922845183180e+02
3.205381090293076909e+02
3.195560538612426171e+02
3.186239938319010321e+02
3.177411300930195921e+02
3.169085930726998868e+02
3.161264768731277854e+02
3.153943952816415504e+02
3.147140730118448460e+02
3.140841259174683842e+02
3.135070891351406885e+02
3.129821110114488647e+02
3.125107070101157092e+02
3.120939672096384356e+02
3.117310253811987195e+02
3.114241425547777453e+02
3.111705810627557298e+02
3.109710546367376196e+02
3.108222378044039260e+02
3.107210523058280387e+02
3.106913741208250599e+02
3.107011081624580129e+02
3.107413895128263448e+02
3.108028132013517961e+02
3.108776756453517578e+02
3.109560431148109956e+02
3.110296851348641667e+02
3.110892281760192759e+02
3.111272333146361007e+02
3.111366225909799255e+02
3.111111636718597993e+02
3.110475185097151325e+02
3.109411557166136504e+02
3.107921532723129303e+02
3.105990470909896430e+02
3.103636850220964334e+02
3.100882283249277975e+02
3.097753955890010502e+02
3.094301167153172969e+02
3.090562850457473019e+02
3.086599002154906657e+02
3.082461881683319120e+02
3.078212782651329462e+02
3.073911599924797429e+02
3.069660696528306403e+02
3.065460033755904874e+02
3.061385617935507639e+02
3.057487841492641110e+02
3.053813900892624815e+02
3.050409548340876427e+02
3.047306701902539885e+02
3.044544522809216573e+02
3.042141691307263045e+02
3.040122941418037499e+02
3.038504314330861575e+02
3.037294209775033096e+02
3.036510177605766216e+02
3.036154790725218504e+02
3.036249065105085947e+02
3.036809018560425102e+02
3.037862446065499284e+02
3.039456848622572238e+02
3.041640015336764691e+02
3.044506234539632032e+02
3.048146228499775816e+02
3.052717573843779633e+02
3.058390402203076519e+02
3.065397395190003067e+02
3.073993826346503511e+02
3.084390792585361396e+02
3.097153784902316147e+02
3.112633962524025719e+02
3.131370804478564196e+02
3.153690490826727455e+02
3.179776787926136876e+02
3.209565873327321697e+02
3.242428771378729948e+02
3.277533154557983721e+02
3.313758942428181058e+02
3.350108027106131772e+02
3.385880583671181512e+02
3.420896487279195526e+02
3.455141449395233053e+02
3.489249257165191125e+02
3.523273068048641790e+02
3.557337139683676810e+02
3.590518384322124916e+02
3.621600401951497474e+02
3.649485203804239291e+02
3.673661437325012002e+02
3.694272355115182904e+02
3.711982383846117841e+02
3.726693496572777917e+02
3.738078584196588281e+02
3.747656964474854249e+02
3.755359996608754045e+02
3.761164556813528179e+02
3.765003485097164457e+02
3.767013747387193234e+02
3.767416833866604975e+02
3.766459103496708849e+02
3.764578392171960672e+02
3.762050635481851941e+02
3.759299959380205109e+02
3.756604406380253636e+02
3.754220097106667708e+02
3.752385196839108517e+02
3.751179780995446436e+02
3.750747659450755691e+02
3.751055043500809916e+02
3.752118670389156136e+02
3.753855993202891455e+02
3.756177249389029384e+02
3.758977248796648496e+02
3.762100734236643689e+02
3.765440776603874156e+02
3.770218932445062023e+02
3.774808857700080011e+02
3.779051397470061033e+02
3.782808181701563512e+02
3.785857346301701796e+02
3.788036525293083514e+02
3.789185145800129249e+02
3.789152056612599040e+02
3.787891463577915943e+02
3.785305890002768479e+02
3.781460489026753748e+02
3.776349653775900492e+02
3.770083119967166567e+02
3.762753913678456570e+02
3.754458985976060035e+02
3.745343334385203775e+02
3.735486981251157204e+02
3.725027777509762927e+02
3.714049631813700216e+02
3.702648879868181098e+02
3.690911445979779160e+02
3.678902691919012113e+02
3.666697846123961995e+02
3.654350804765497287e+02
3.642157545436115811e+02
3.629721665688837788e+02
3.617323951940722395e+02
3.605016269351114602e+02
3.592859178010667733e+02
3.580905159148326220e+02
3.569216627710206922e+02
3.557857743509969168e+02
3.546888935666087264e+02
3.536394268421133802e+02
3.526436085127596129e+02
3.517109730338050326e+02
3.508491261011561164e+02
3.500666204597404771e+02
3.493727622066717231e+02
3.487732923392103999e+02
3.482766198420042656e+02
3.478856189750028989e+02
3.476030559833151869e+02
3.474292588434684035e+02
3.473594138408568597e+02
3.473900509359231705e+02
3.475124800275241910e+02
3.477181578453710813e+02
3.480269298389380310e+02
3.484313066195776400e+02
3.489060477690704829e+02
3.494443387810832178e+02
3.500401207286178078e+02
3.506905478250334909e+02
3.513920184782114120e+02
3.521438593729785680e+02
3.529453542813629383e+02
3.537960529295473293e+02
3.546960059042443731e+02
3.556424247545527351e+02
3.566343111227187705e+02
3.576655793463964983e+02
3.587313939762099722e+02
3.598234123527515749e+02
3.609291041792075134e+02
3.620392502253504290e+02
3.631354406256644438e+02
3.642046535361598671e+02
3.652282319970811386e+02
3.661865941039219479e+02
3.670644396583469984e+02
3.678418748165238412e+02
3.684425037883232790e+02
3.689119717862043331e+02
3.692434517787131654e+02
3.694372019011604493e+02
3.694949635951127789e+02
3.694213218429808876e+02
3.692307422689156624e+02
3.689334716973521040e+02
3.685493479411089766e+02
3.680975920301279416e+02
3.675956350828343489e+02
3.670676848857263508e+02
3.665281861260691016e+02
3.659963207912887810e+02
3.654848221276496361e+02
3.650011124712585229e+02
3.645527025058675008e+02
3.641365925754912496e+02
3.637498667100225020e+02
3.633839424609695357e+02
3.630274873881968460e+02
3.626686360795036421e+02
3.622955390213528517e+02
3.618957337930148697e+02
3.614447645037126335e+02
3.609752294228634355e+02
3.604553436663077832e+02
3.598854741530229262e+02
3.592652178005676546e+02
3.586006657404408315e+02
3.578967681366243028e+02
3.571608775502081699e+02
3.564024231344588429e+02
3.556292041151458534e+02
3.548518968503540805e+02
3.540793817559314789e+02
3.533208553009937418e+02
3.525855091978723408e+02
3.518803442495611193e+02
3.512127084763336597e+02
3.505872220983230250e+02
3.500071710901311803e+02
3.494738720089703179e+02
3.489855249929626098e+02
3.485387847155746499e+02
3.481273732473914038e+02
3.477438287416073308e+02
3.473784424658800276e+02
3.469838785429134873e+02
3.466742915582212845e+02
3.463568849709330948e+02
3.460233324638260797e+02
3.456674639833359493e+02
3.452868994036439858e+02
3.448793232590174398e+02
3.444480192523566870e+02
3.439949026868013675e+02
3.435262560883227820e+02
3.430479903021222867e+02
3.425668321856829834e+02
3.420919014526330102e+02
3.416289609112180301e+02
3.411873178231418251e+02
3.407717368681406924e+02
3.403882422720885188e+02
3.400408810420030363e+02
3.397302524190020563e+02
3.394577959925962887e+02
3.392194153462998543e+02
3.390115590235851073e+02
3.388270672396139958e+02
3.386577599808819627e+02
3.384620794579292919e+02
3.383177515327735705e+02
3.381478971739090298e+02
3.379440569325694241e+02
3.376982516756629593e+02
3.374032184784861101e+02
3.370562317020081196e+02
3.366522806185036529e+02
3.361927482474487761e+02
3.356771171827655849e+02
3.351078430448253584e+02
3.344892869242514735e+02
3.338240436243939371e+02
3.331188553785283375e+02
3.323774523267920245e+02
3.316061165491468614e+02
3.308100430656884328e+02
3.299939287643467765e+02
3.291633027925112742e+02
3.283220176512715511e+02
3.274745911327887029e+02
3.266244940464947035e+02
3.257749353819865519e+02
3.249287939685642641e+02
3.240603342654206358e+02
3.232703721013460836e+02
3.224933195822465564e+02
3.217300719002071219e+02
3.209818662598698893e+02
3.202492513094032347e+02
3.195326186832156168e+02
3.188326777424769602e+02
3.181490341400711941e+02
3.174824778191132282e+02
3.168323807351362120e+02
3.161988790783352670e+02
3.155818667948600478e+02
3.149806055571629031e+02
3.143954230957824620e+02
3.138251761301811484e+02
3.132698258424223354e+02
3.127286385111975733e+02
3.122008480189336410e+02
3.116861926881733211e+02
3.111835532511798306e+02
3.106926045045469209e+02
3.102125489927134367e+02
3.097427131729496068e+02
3.092716005661947065e+02
3.088531832533400348e+02
3.084399160002621443e+02
3.080312874973910198e+02
3.076267132059346068e+02
3.072260484601624171e+02
3.068287256876654965e+02
3.064345578590721857e+02
3.060433864806209954e+02
3.056548185588942488e+02
3.052689813775540983e+02
3.048853461802763718e+02
3.045040203347791135e+02
3.041246983849333674e+02
3.037471463467625199e+02
3.033714329728957750e+02
3.029971169128862698e+02
3.026243462735995990e+02
3.022528147621436574e+02
3.018824753944330723e+02
3.015134022920364600e+02
3.011454080219551201e+02
3.007787962407909959e+02
3.004135023584015585e+02
3.000353212537165177e+02
2.996783809585849667e+02
2.993214607327014960e+02
2.989655790921921721e+02
2.986116387196460096e+02
2.982606956211377565e+02
2.979138116165404995e+02
2.975720282892505679e+02
2.972365484415770993e+02
2.969085037084025771e+02
2.965891623070144760e+02
2.962797698229150569e+02
2.959817594179525031e+02
2.956965497616978382e+02
2.954258394263252399e+02
2.951716668739509828e+02
2.949362065682756224e+02
2.947227548674310924e+02
2.945348395478083035e+02
2.943782738173556481e+02
2.942609229745248172e+02
2.941942910054455638e+02
2.941981145022345459e+02
2.942996349992611158e+02
2.945701269301918046e+02
2.950775507281030627e+02
2.959148071337257875e+02
2.972399460656440056e+02
2.992246189713917488e+02
3.020777475952722284e+02
3.059223887770320971e+02
3.108266990631175872e+02
3.167133582793798041e+02
3.235841705877420509e+02
3.313847855677485654e+02
3.400133104861746460e+02
3.491134797506314840e+02
3.580146597488103453e+02
3.659773109526656754e+02
3.724543477375292468e+02
3.772259212203393872e+02
3.803732542994117694e+02
3.822191886130528928e+02
3.830512084242506035e+02
3.831932589378546368e+02
3.828547662025575846e+02
3.822023377006738087e+02
3.813471268698017411e+02
3.804190662344853990e+02
3.792208918373635811e+02
3.779957499144372832e+02
3.767743020232954905e+02
3.755749434986831261e+02
3.744134806321619067e+02
3.732952324395841970e+02
3.722234443516072702e+02
3.711941472142742100e+02
3.702018854125683447e+02
3.692371198192969928e+02
3.682903136942588276e+02
3.673505061887741476e+02
3.664083662006419218e+02
3.654552348916762412e+02
3.644846594431089102e+02
3.634927286665671886e+02
3.624771152194566071e+02
3.614392064855193780e+02
3.603809022963651501e+02
3.593076802547821558e+02
3.582255248235320551e+02
3.571431507300815156e+02
3.560700367346664166e+02
3.550574534368801665e+02
3.542028698836559215e+02
3.534061872031802523e+02
3.526811339856139966e+02
3.520474581912383769e+02
3.515298480240238064e+02
3.511540170347667527e+02
3.509584809249446948e+02
3.509755990140316726e+02
3.512534346488722008e+02
3.518347900488632831e+02
3.527626365224303981e+02
3.540875065982963861e+02
3.558341742701725821e+02
3.580325760777417941e+02
3.606880853183899944e+02
3.637714013420044239e+02
3.672499375456811208e+02
3.710167434928760031e+02
3.749327885810000112e+02
3.788135975663458908e+02
3.824202253247282783e+02
3.855369825021438146e+02
3.879963456815361269e+02
3.897405009987114681e+02
3.906991298092254397e+02
3.909785989759780023e+02
3.906721526201839652e+02
3.898909455748623145e+02
3.887220542517775357e+02
3.872577517843263877e+02
3.855621714463287617e+02
3.836929984424062354e+02
3.816965498400592196e+02
3.796079172608612566e+02
3.774609928250688426e+02
3.752808740047288438e+02
3.730921226838432858e+02
3.709173301258363153e+02
3.687759725768293606e+02
3.666908838916935451e+02
3.646817337758289455e+02
3.627716621173389626e+02
3.609845079615349732e+02
3.593434233724817659e+02
3.578770947161468712e+02
3.566105982690779683e+02
3.555725459685367582e+02
3.549102843936302065e+02
3.545548831198507287e+02
3.545198962729273262e+02
3.548181765086195014e+02
3.554617238446939496e+02
3.564565572220185459e+02
3.577778068783735534e+02
3.594101440644816989e+02
3.612890963450622053e+02
3.633546314736182126e+02
3.655124546137436710e+02
3.676643024947660479e+02
3.697046386269527716e+02
3.715400829430973317e+02
3.730842627864452083e+02
3.742848689606221910e+02
3.751094587023666236e+02
3.755542409633037551e+02
3.756485324778250288e+02
3.754206951766472002e+02
3.749311066436877127e+02
3.742241848468308376e+02
3.733577461137421096e+02
3.723804035569108351e+02
3.713369574866251241e+02
3.702776204866418084e+02
3.692280091657011099e+02
3.682238427536155427e+02
3.672943542432423101e+02
3.664680646306165954e+02
3.657670442765860912e+02
3.652162484204506541e+02
3.648328649152530829e+02
3.646403578048178247e+02
3.646580485098284612e+02
3.649114142300031176e+02
3.654345199864363849e+02
3.662627255331170204e+02
3.674561379484325130e+02
3.690677114812442596e+02
3.711752071900239116e+02
3.738365013183853875e+02
3.770890205718612833e+02
3.809330151102167861e+02
3.852919199180588521e+02
3.900258533697775647e+02
3.949364790297476020e+02
3.997712100806935496e+02
4.042627836464766347e+02
4.082192013057953091e+02
4.114624226645197496e+02
4.139197787756430671e+02
4.155672598570357081e+02
4.164473519712790903e+02
4.166487936699952002e+02
4.162640614525049045e+02
4.154088489407412226e+02
4.141823660844833057e+02
4.126777547209392765e+02
4.109734591320105324e+02
4.091316662061007037e+02
4.072023264963492011e+02
4.052209716625660008e+02
4.032135177901323573e+02
4.011953807765498254e+02
3.991756881637822403e+02
3.971569739507151553e+02
3.951397743545878143e+02
3.931204108392680610e+02
3.910984899442366327e+02
3.890707221486056255e+02
3.870405562515894076e+02
3.850722293672394017e+02
3.831142656095552752e+02
3.812021276397029510e+02
3.793481900846962844e+02
3.775686061184874802e+02
3.758736412486521772e+02
3.742646891846163157e+02
3.727388285142544646e+02
3.712783629067236006e+02
3.698645882812389232e+02
3.684706939127034389e+02
3.670776089030342746e+02
3.656654216920180716e+02
3.642288399155244747e+02
3.627669006615961962e+02
3.612847016966222782e+02
3.597946552535266846e+02
3.583073131046032245e+02
3.568394886431644295e+02
3.554099507528749200e+02
3.540380938297763578e+02
3.527546988611329652e+02
3.515954372604589935e+02
3.506099850365100679e+02
3.499170830411775341e+02
3.496257053248719444e+02
3.497848616755961189e+02
3.505286299236569221e+02
3.521213928207985191e+02
3.548364525621086045e+02
3.588962217159408965e+02
3.640039231382822891e+02
3.692103993475855646e+02
3.735348933739281279e+02
3.767975839731288943e+02
3.792148453392093188e+02
3.810338590125651876e+02
3.823228669275287643e+02
3.830290780092939826e+02
3.831840086851968294e+02
3.828384913606768123e+02
3.820961198737402924e+02
3.810698662624048438e+02
3.798417500592181000e+02
3.784993376651101471e+02
3.771056417257302655e+02
3.757233786452683262e+02
3.744226166688434319e+02
3.732117745140299121e+02
3.720719184299709354e+02
3.712393737219550189e+02
3.707515709800461536e+02
3.706178343293127568e+02
3.707456735126028775e+02
3.710044373432158409e+02
3.712535091015529929e+02
3.714190128952358236e+02
3.714852496342371069e+02
3.715300594928476698e+02
3.716351069576261921e+02
3.718955543695647066e+02
3.723768910552946636e+02
3.731167492296045793e+02
3.741111748436927087e+02
3.753220847865827636e+02
3.766778906317142628e+02
3.780904724618516752e+02
3.794713821551969204e+02
3.807488463424837164e+02
3.818638172724875517e+02
3.827919947055769399e+02
3.835161384889679539e+02
3.838810585839312921e+02
3.839261426496197487e+02
3.838104577082428364e+02
3.835564239141150438e+02
3.831759545797381179e+02
3.826861497796757590e+02
3.820988886772481123e+02
3.814239216152665790e+02
3.806705954360210171e+02
3.798448986240334762e+02
3.789535680017290815e+02
3.780027510147929206e+02
3.769979904061202092e+02
3.759448942838349694e+02
3.748499213152114748e+02
3.737180165330286172e+02
3.725568278920600278e+02
3.713720452994251104e+02
3.701706227865436745e+02
3.689593742694373191e+02
3.677439426737203121e+02
3.665313759652366912e+02
3.653263498036828310e+02
3.641346428588816480e+02
3.628418024552856878e+02
3.615608571118223722e+02
3.603210745402457178e+02
3.591227232568170393e+02
3.579662617475183310e+02
3.568509865860101513e+02
3.557765581633436227e+02
3.547448746247098370e+02
3.537594621033485964e+02
3.528268630479163903e+02
3.519562365311169287e+02
3.511555302394010596e+02
3.504291362830704202e+02
3.497721420420257914e+02
3.491685724899608658e+02
3.485952550716412475e+02
3.480259065265477147e+02
3.474455494942688460e+02
3.468404825582733793e+02
3.462159188812365187e+02
3.455755016151468340e+02
3.449294870450033272e+02
3.442888339768629180e+02
3.436613642338395493e+02
3.430351211902665227e+02
3.426438422394402892e+02
3.422671001050293853e+02
3.419080435748672357e+02
3.415690709392175677e+02
3.412516691173936465e+02
3.409557013563410237e+02
3.406819752108771695e+02
3.404300579930640538e+02
3.402013348504034980e+02
3.399980475103263871e+02
3.398232896457781749e+02
3.396846236817865474e+02
3.395884924067160568e+02
3.395475257591418767e+02
3.395733117185935157e+02
3.396790920099509776e+02
3.398816844385900708e+02
3.401897366084135115e+02
3.406165802136303000e+02
3.411622472419033443e+02
3.418230204486002322e+02
3.425857921783162396e+02
3.434235006893881064e+02
3.442598419847728906e+02
3.451229059163485431e+02
3.459275087323219964e+02
3.466332932425175386e+02
3.472120739117422659e+02
3.476359079933574208e+02
3.479005623544021546e+02
3.479991007173246658e+02
3.479420568612674174e+02
3.477432575575692226e+02
3.474160469322634412e+02
3.469845748897934641e+02
3.464630099162379793e+02
3.458739540860826764e+02
3.452331402144807839e+02
3.445568186226399803e+02
3.438613293308827110e+02
3.431578226637645344e+02
3.424603191676429219e+02
3.417777241375923722e+02
3.411199809277686654e+02
3.404944611683516769e+02
3.399066410150539355e+02
3.393615972364006552e+02
3.388239585192808363e+02
3.383268902658691104e+02
3.378715791431611706e+02
3.374545874843738602e+02
3.370677816124452875e+02
3.367041225223857168e+02
3.363535317154177164e+02
3.360063086939338177e+02
3.356542699208174554e+02
3.352863448292308703e+02
3.348984797127218940e+02
3.344812473210809003e+02
3.340329694254525634e+02
3.335491318252000497e+02
3.330278541728353616e+02
3.324697437058400169e+02
3.318725527968647953e+02
3.312395742092950854e+02
3.305699611882856175e+02
3.298666747611945880e+02
3.291308229121102613e+02
3.283643334685812079e+02
3.275695277418918181e+02
3.267479344591518498e+02
3.258721988716690703e+02
3.249831611879167212e+02
3.240773833509179553e+02
3.231562040791575328e+02
3.222220580142530935e+02
3.212764352895828779e+02
3.203215819493689196e+02
3.193596533029481748e+02
3.183924533178498564e+02
3.174228565273410254e+02
3.164524519564918705e+02
3.154841820782327773e+02
3.145201148265432494e+02
3.135626702248889046e+02
3.126146604162398148e+02
3.116779309122322275e+02
3.107553720172050475e+02
3.098488620970756529e+02
3.089606672802493676e+02
3.080931002637355505e+02
3.072476858293387636e+02
3.064267135172692633e+02
3.056314916290853603e+02
3.048635663402656633e+02
3.041204825537989223e+02
3.034251861187100303e+02
3.027634350502700613e+02
3.021356884588499838e+02
3.015431279063810166e+02
3.009865682035022587e+02
3.004662146739584614e+02
2.999832196343361943e+02
2.995372780504138177e+02
2.991292018855052106e+02
2.987590125769337988e+02
2.984265176198787231e+02
2.981322632819083083e+02
2.978753370078496232e+02
2.976562043899416494e+02
2.974741590601149710e+02
2.973287032457031955e+02
2.972197408185707559e+02
2.971458439499979818e+02
2.971068616732610508e+02
2.971013394001074630e+02
2.971280381181972530e+02
2.971860174135425154e+02
2.972727027987692168e+02
2.974018024117635264e+02
2.975605300411145890e+02
2.977416484811200235e+02
2.979427329400231770e+02
2.981601558081297867e+02
2.983911439422332705e+02
2.986314638208294809e+02
2.988775169336049089e+02
2.991250326331916654e+02
2.993701417990263849e+02
2.996086908182708726e+02
2.998374232447339409e+02
3.000531978993998905e+02
3.002534853752792401e+02
3.004373913512695253e+02
3.006031762873408297e+02
3.007524430395324657e+02
3.008853189909513617e+02
3.010045273665472791e+02
3.011131684832839142e+02
3.012141660512049270e+02
3.013134435013132020e+02
3.014146614760023795e+02
3.015251835287136828e+02
3.017183026558917049e+02
3.019385444559926555e+02
3.021929205265614655e+02
3.024895946704312450e+02
3.028430265827232688e+02
3.032677492072085670e+02
3.037853922459632940e+02
3.044261772727069797e+02
3.052273626817822674e+02
3.062524299625809476e+02
3.075766510636966018e+02
3.093241384610490172e+02
3.116476733933557739e+02
3.147429368907245362e+02
3.188444001340951104e+02
3.241099324049651500e+02
3.306329127025688308e+02
3.382556220807242084e+02
3.466171841642435538e+02
3.552596581913259683e+02
3.637479665220595848e+02
3.717669395664281069e+02
3.792601401553311575e+02
3.861702863775346941e+02
3.924336979565138677e+02
3.981355212393023635e+02
4.032043691755191048e+02
4.076374103491468190e+02
4.114677009679702451e+02
4.147650817719742804e+02
4.176922290229260284e+02
4.204046997797283325e+02
4.230674692168337856e+02
4.258391078285964113e+02
4.287984432628717286e+02
4.319994007717660338e+02
4.354196509260020207e+02
4.389836281877733768e+02
4.425976058827342854e+02
4.461477609943555080e+02
4.495140068411404854e+02
4.526097743786099841e+02
4.553452556120967074e+02
4.576548826193999275e+02
4.595122816438222344e+02
4.608939435485292506e+02
4.618166434785832735e+02
4.623119732506630157e+02
4.623824524292098204e+02
4.621084987911297048e+02
4.615823434946744896e+02
4.608684924603567197e+02
4.600361033108446804e+02
4.591419368960391694e+02
4.582526373730817681e+02
4.574273921588886651e+02
4.567270671815987271e+02
4.562200931692613608e+02
4.559654277140051022e+02
4.560364178246940128e+02
4.564919211914766493e+02
4.573875595660506406e+02
4.587791158608308706e+02
4.606836617894481378e+02
4.631225851137355676e+02
4.660795140721471057e+02
4.695060862965588058e+02
4.733622426258491487e+02
4.775502302915675159e+02
4.819679242447418233e+02
4.865134807967266966e+02
4.910534874973694741e+02
4.954387229659528771e+02
4.996859786750059698e+02
5.036380325631902224e+02
5.072703265056347846e+02
5.105505567914489689e+02
5.134607348065202359e+02
5.160161075808903206e+02
5.182235037114919578e+02
5.201119555321977259e+02
5.217200420976333817e+02
5.230784574429129634e+02
5.242290669580887652e+02
5.252087253896378343e+02
5.260433995746572009e+02
5.267589510809054900e+02
5.273727685679208435e+02
5.278908363245901683e+02
5.283249431303122492e+02
5.286718521314617192e+02
5.289272069891652563e+02
5.290906525719120737e+02
5.291484633822868773e+02
5.290996801875210167e+02
5.289368243604023974e+02
5.286204853792844460e+02
5.281518427827237474e+02
5.275570850344568044e+02
5.268433107268805315e+02
5.260169876851639401e+02
5.250802440700715579e+02
5.240452016312711976e+02
5.229161984731267694e+02
5.217012300342905746e+02
5.204095664742309282e+02
5.190449444559318408e+02
5.176177160113082891e+02
5.161327779623820788e+02
5.145968743318258021e+02
5.130172311830485796e+02
5.113972204601072349e+02
5.097443477563454053e+02
5.080611628020769786e+02
5.063535969430417367e+02
5.046250160378045848e+02
5.028791370515623385e+02
5.011209837879566749e+02
4.993524036091941412e+02
4.975792689245362794e+02
4.958428807460914527e+02
4.941865421708106396e+02
4.925432653017732605e+02
4.909115264140242516e+02
4.892903773389732578e+02
4.876759405113609205e+02
4.860650891166349084e+02
4.844541955125692994e+02
4.828392004230656198e+02
4.812162430720770772e+02
4.795823505283020722e+02
4.779321407773613828e+02
4.762639392844924942e+02
4.745732390009096662e+02
4.728568657704050224e+02
4.711139192759469552e+02
4.693385851477200958e+02
4.675329702346306249e+02
4.656938767475093073e+02
4.638211375864684669e+02
4.619177559369266532e+02
4.599812487705655144e+02
4.580186465932162037e+02
4.560295954534769294e+02
4.539907986588563062e+02
4.519735977034792427e+02
4.499339162947245541e+02
4.478781563707779583e+02
4.458064938730149152e+02
4.437215192602631078e+02
4.416244427950952627e+02
4.395145239406912765e+02
4.373931243934772510e+02
4.352607198200059884e+02
4.331173824300166757e+02
4.309660697649539429e+02
4.288079245700041042e+02
4.266462340180358410e+02
4.244853473847012992e+02
4.223273941771253703e+02
4.201787257532253648e+02
4.180418863068030646e+02
4.159219387352483182e+02
4.138232913729384563e+02
4.117486767015948885e+02
4.097034186085032275e+02
4.076893844821293555e+02
4.057107805132940257e+02
4.037348205760044380e+02
4.019115177831293977e+02
4.001358173095640041e+02
3.984069742397292657e+02
3.967267572132923874e+02
3.950948844868358378e+02
3.935112946274839487e+02
3.919766549924991068e+02
3.904893033587312630e+02
3.890494730084646449e+02
3.876551736856567345e+02
3.863046042201395949e+02
3.849962006893462672e+02
3.837261999771998831e+02
3.824926891992255946e+02
3.812919384165248289e+02
3.801203505088988095e+02
3.789758989202131829e+02
3.778542387014491055e+02
3.767541174007756695e+02
3.756727666320803110e+02
3.746080881926888537e+02
3.735601564708430828e+02
3.725262285667831748e+02
3.714653713546310883e+02
3.704920982765264625e+02
3.695215559328916015e+02
3.685548080160880886e+02
3.675905502694503753e+02
3.666312305474963864e+02
3.656755816903385039e+02
3.647247246971869004e+02
3.637788946494122797e+02
3.628369383864700808e+02
3.619000500577533899e+02
3.609660490460479423e+02
3.600348700640965376e+02
3.591046230753233885e+02
3.581732812127451098e+02
3.572393746691740262e+02
3.563002872660787830e+02
3.553538693323613984e+02
3.543980919044973916e+02
3.534305520744919704e+02
3.524497240284954955e+02
3.514543263937854931e+02
3.504426370192270497e+02
3.494151428534247543e+02
3.483141837229287603e+02
3.472165916314169749e+02
3.461053846372749376e+02
3.449818781619603101e+02
3.438491309350664551e+02
3.427084793610871429e+02
3.415637103808518873e+02
3.404179407078975146e+02
3.392746408054256335e+02
3.381393845612595896e+02
3.370164280391970806e+02
3.359133343667963345e+02
3.348379318102482785e+02
3.337993405286869688e+02
3.328118202110284756e+02
3.318878124749340941e+02
3.310481677128632896e+02
3.303138048654275281e+02
3.297095734198310311e+02
3.292694501771545106e+02
3.290181790518657294e+02
3.289944030914182918e+02
3.292184442143744150e+02
3.297070117725522778e+02
3.304323513773682066e+02
3.314593932373450684e+02
3.326672987186152000e+02
3.339859877667187789e+02
3.353452416498473099e+02
3.366779177037160480e+02
3.379324921450416923e+02
3.390643328492571982e+02
3.400616505112190566e+02
3.409074105810622655e+02
3.416073080418408949e+02
3.421664709690637665e+02
3.425924483221587593e+02
3.429049771673178384e+02
3.431165590995403250e+02
3.432510289022824850e+02
3.433320422579906790e+02
3.433829261183848871e+02
3.434354562412010523e+02
3.435167966421353185e+02
3.436552611816684362e+02
3.438818141434805398e+02
3.442127258044733935e+02
3.446688461876971132e+02
3.451981803432242373e+02
3.458822717881410540e+02
3.466746707183788203e+02
3.475406772292830055e+02
3.484423111113878804e+02
3.493415478424241201e+02
3.502047377225698028e+02
3.510093829057959169e+02
3.517503588591121684e+02
3.524272109547841865e+02
3.530619924201265007e+02
3.536766443470461923e+02
3.542975403528633933e+02
3.549512469772452619e+02
3.556487215289938604e+02
3.563955198294414117e+02
3.571755562479310129e+02
3.579687265404314758e+02
3.587435557738806438e+02
3.594816307712930552e+02
3.601718580203892657e+02
3.608161832414361925e+02
3.614405616811415598e+02
3.620623691076137334e+02
3.626677388987467907e+02
3.634284425294046628e+02
3.642739752266913911e+02
3.652098299159230805e+02
3.662158160163297680e+02
3.672612624929958542e+02
3.682863661545389391e+02
3.692328030317966068e+02
3.700413546605221882e+02
3.706725752734052435e+02
3.710953801702247006e+02
3.713126733556127874e+02
3.713244475493730192e+02
3.711551394743590322e+02
3.708253825867445244e+02
3.703578415457259894e+02
3.697790039317309265e+02
3.691049318300524646e+02
3.683579367213098976e+02
3.675506403547200875e+02
3.666971760830060703e+02
3.658081378941405433e+02
3.648916548830086413e+02
3.639557256279199464e+02
3.629251076047967786e+02
3.619784081965531186e+02
3.610384040188906738e+02
3.601044329300263485e+02
3.591745045743441551e+02
3.582474074969546791e+02
3.573206867928046222e+02
3.563935572785768500e+02
3.554646150056719307e+02
3.545327603922279991e+02
3.535981426198305826e+02
3.526591201262323239e+02
3.517164036986219458e+02
3.507686724066240345e+02
3.498158801155627771e+02
3.488577279706966010e+02
3.478929045300618554e+02
3.469218174143242095e+02
3.459430422743390068e+02
3.449565198390728256e+02
3.439616747271335839e+02
3.429576514625777008e+02
3.419448405410227565e+02
3.409223704708060154e+02
3.398384688472376070e+02
3.388075151432320808e+02
3.377665698925638367e+02
3.367175397264820731e+02
3.356620634906393548e+02
3.346026350582549753e+02
3.335413296259806657e+02
3.324808221757906495e+02
3.314236627232987189e+02
3.303725117061794663e+02
3.293303786337949077e+02
3.282997086799466047e+02
3.272838442362022420e+02
3.262849688767850012e+02
3.253064427161961589e+02
3.243505736675905951e+02
3.234198817917369979e+02
3.225173856058436286e+02
3.216444477267834259e+02
3.208045132213289321e+02
3.199982882494952037e+02
3.192284416785269627e+02
3.184961779105733513e+02
3.178022999561423489e+02
3.171662795305583131e+02
3.165914275413228438e+02
3.160564902922190527e+02
3.155596958208756746e+02
3.151015618753420426e+02
3.146812573389696581e+02
3.142977686372851167e+02
3.139521005763469361e+02
3.136424048103698965e+02
3.133712015471081713e+02
3.131376165227803199e+02
3.129447364475599898e+02
3.127945696406381444e+02
3.126896283155053879e+02
3.126358955255047931e+02
3.126355607557806024e+02
3.126973470443160181e+02
3.128254413462353796e+02
3.130284425471961072e+02
3.133154182392571556e+02
3.136921042974151987e+02
3.141717258615558990e+02
3.147565985430743467e+02
3.154562599364577409e+02
3.162868539447024432e+02
3.171952259191485268e+02
3.182110756973285675e+02
3.193282477248887972e+02
3.205556430975101421e+02
3.219130533819291031e+02
3.234451889222727345e+02
3.252430619837805921e+02
3.274223128877145541e+02
3.301628195843935600e+02
3.336529718690137543e+02
3.380580164580894689e+02
3.435017206219253012e+02
3.499305237476807520e+02
3.571954895796994265e+02
3.650444706852085801e+02
3.732118624493705852e+02
3.813973466446108773e+02
3.893555173139438921e+02
3.967190708317880308e+02
4.032294341200920940e+02
4.086629246861213005e+02
4.129720130712066748e+02
4.162294725861745519e+02
4.185736988865561443e+02
4.202155571157204008e+02
4.214340233496109818e+02
4.224422116121698991e+02
4.234413003959252251e+02
4.245941290451604573e+02
4.260387137988286099e+02
4.278918392923706620e+02
4.302266161888692295e+02
4.331067726367727460e+02
4.365379020389360676e+02
4.404864048628410274e+02
4.448735189465069197e+02
4.495630735633265544e+02
4.544045867602756061e+02
4.592838130257974854e+02
4.640797742377187660e+02
4.687951882773276111e+02
4.734157990654362607e+02
4.779762931197121247e+02
4.824934631475910010e+02
4.868588454483647183e+02
4.908978540607192258e+02
4.943351142257079118e+02
4.968354076861716067e+02
4.984482563633753216e+02
4.991639400999819713e+02
4.991111169112604671e+02
4.984935271807459571e+02
4.974626045859675969e+02
4.961742165733519414e+02
4.947279617230753956e+02
4.931985733717955327e+02
4.916418358829531030e+02
4.900924936861848096e+02
4.885772741624290347e+02
4.871155051799955231e+02
4.857165970656553782e+02
4.843887626650253537e+02
4.831341751223490064e+02
4.819501158133733725e+02
4.808341368275172840e+02
4.797771063880534825e+02
4.787711620430819721e+02
4.778073243779154495e+02
4.768774110382739764e+02
4.759768898166331041e+02
4.751062206073078187e+02
4.742865520800465902e+02
4.734807791124835035e+02
4.727350087742993878e+02
4.720711756743263550e+02
4.715168408385409293e+02
4.710958077649621600e+02
4.708367751725723451e+02
4.707633377900824598e+02
4.708918570571175906e+02
4.712424413861600669e+02
4.718143240081212753e+02
4.726111495503162701e+02
4.736210548445768040e+02
4.748161450501490322e+02
4.761711257178868664e+02
4.776356699332927747e+02
4.791585337032806819e+02
4.806882883087865821e+02
4.821539859694557322e+02
4.834993078550389214e+02
4.846668950550730983e+02
4.855944901875109281e+02
4.862508675168508603e+02
4.865969186833951881e+02
4.865341394812343765e+02
4.860827328119287358e+02
4.852970695966811832e+02
4.842131092233906884e+02
4.828587764699678928e+02
4.812689611065554800e+02
4.794862541726492395e+02
4.775363356859668897e+02
4.754531710805158582e+02
4.732549295799491915e+02
4.709569270630557867e+02
4.685721422422147384e+02
4.661056040980870989e+02
4.635656100684166177e+02
4.609602747925225685e+02
4.582957347961000210e+02
4.555867620948516787e+02
4.528436753275157685e+02
4.500814954190867638e+02
4.473157962644708618e+02
4.445572905919045752e+02
4.418218985326486177e+02
4.391170523606579650e+02
4.364529375600003505e+02
4.338729204931611321e+02
4.313285717274167155e+02
4.288478473236107789e+02
4.264273312882110076e+02
4.240646294630298030e+02
4.217544608287679466e+02
4.194905581433775410e+02
4.172673356990526372e+02
4.150780710138373024e+02
4.129175639189001004e+02
4.107817728973314502e+02
4.086668425053745182e+02
4.065722508487542086e+02
4.044973086540271652e+02
4.024440366585176321e+02
4.004158330575209561e+02
3.984162946302008095e+02
3.964523337213528862e+02
3.945292987372229163e+02
3.926557781781266385e+02
3.908395027662396615e+02
3.890891430983924124e+02
3.874150176922552760e+02
3.858248585559563821e+02
3.843379833168317532e+02
3.830119941933245968e+02
3.817997515212002213e+02
3.807097366858378109e+02
3.797499273540321951e+02
3.789297026390659653e+02
3.782529687325384202e+02
3.777283656664862974e+02
3.773579441760251143e+02
3.771488469803883845e+02
3.771049981558644504e+02
3.772330911558679531e+02
3.775443722771101420e+02
3.780477220038388850e+02
3.787664033396636114e+02
3.797158138849835609e+02
3.809274966466216483e+02
3.824281582303573828e+02
3.842414636394623813e+02
3.863968580818127521e+02
3.888931807660660525e+02
3.917268070429512363e+02
3.948596652490718384e+02
3.982198303820912884e+02
4.016646413330043970e+02
4.052522780051470477e+02
4.086658495126752655e+02
4.117826819004373533e+02
4.144898160204855344e+02
4.167073389743846406e+02
4.184031645527684304e+02
4.195584923740321415e+02
4.202093101481910367e+02
4.203940473468841788e+02
4.201677065203768962e+02
4.195963756748730020e+02
4.187305600686377147e+02
4.176314111256061210e+02
4.163420798844226169e+02
4.149053272937596262e+02
4.133564260478141250e+02
4.117230179576255296e+02
4.100310446868855365e+02
4.082992946735079158e+02
4.065448328596845613e+02
4.047808476871445578e+02
4.030181881451488835e+02
4.012650891110650946e+02
3.994277098865964035e+02
3.976783165787695680e+02
3.959614835353806939e+02
3.942801016803543916e+02
3.926364313928061165e+02
3.910323346368740545e+02
3.894672857518589808e+02
3.879420710100796441e+02
3.864545728209033086e+02
3.850035536555043905e+02
3.835864222294308092e+02
3.821996089819871827e+02
3.808403541768624905e+02
3.795037249467565061e+02
3.781863892177511275e+02
3.768834605952919787e+02
3.755909556395436084e+02
3.743049054347271749e+02
3.730214477893857179e+02
3.717378191959875267e+02
3.704510178049127376e+02
3.691596939279512526e+02
3.678620807530366505e+02
3.665583954190553868e+02
3.652903983188844563e+02
3.640790316203614907e+02
3.628577460647953785e+02
3.616279743900514063e+02
3.603932886805151838e+02
3.591553971891326000e+02
3.579184603974864558e+02
3.566851771010432230e+02
3.554587374780467712e+02
3.542431936574693623e+02
3.530404598845834130e+02
3.518549007267554316e+02
3.506881470391463154e+02
3.495432559779625308e+02
3.484225820475051023e+02
3.473273723272204734e+02
3.462603109498451204e+02
3.452217366451578187e+02
3.442132715256703364e+02
3.432355325075507722e+02
3.422887209365933359e+02
3.413735065265681214e+02
3.404893292797103186e+02
3.396359837243401216e+02
3.388147801239945807e+02
3.380602611414881267e+02
3.373254958936334447e+02
3.366096702273290475e+02
3.359114754576465884e+02
3.352305025940682981e+02
3.345661185184482633e+02
3.339179454868281596e+02
3.332872484360926251e+02
3.326742959656605763e+02
3.320818268222743086e+02
3.315121610278863500e+02
3.309673191661507872e+02
3.304506431212663529e+02
3.299611735836180060e+02
3.294985567306795815e+02
3.290575194110685970e+02
3.286315215752280778e+02
3.282113316859478687e+02
3.277886495379379426e+02
3.273556048346160878e+02
3.269072211068448155e+02
3.264420869014207938e+02
3.259591697706258628e+02
3.254286456745286955e+02
3.249904253725189278e+02
3.245455326700949286e+02
3.240955892411214450e+02
3.236430698360696283e+02
3.231910969978918615e+02
3.227400601386112271e+02
3.222928006649266877e+02
3.218483660110048845e+02
3.214073372057783331e+02
3.209683811912244096e+02
3.205298095934185767e+02
3.200899783530645095e+02
3.196463720130479373e+02
3.191969445384401070e+02
3.187396898291222556e+02
3.182730639007315290e+02
3.177959884842641713e+02
3.173088299420132898e+02
3.168117813929590625e+02
3.163079119667677901e+02
3.158003694705567455e+02
3.152961583461988653e+02
3.148077161179830910e+02
3.143244265044351664e+02
3.139751062594604036e+02
3.138664992750558440e+02
3.143397396703591085e+02
3.161635401456728118e+02
3.203798183797049433e+02
3.281458534717382349e+02
3.403231899837820720e+02
3.569118473887829737e+02
3.791398669946410678e+02
4.014870249839441385e+02
4.124718368397682866e+02
4.166178788553484651e+02
4.189805579706613798e+02
4.208551783953894301e+02
4.226788383251032997e+02
4.250377449644403214e+02
4.287874908213658500e+02
4.349094215488995019e+02
4.448449716909388485e+02
4.613693950033608644e+02
4.866191087265467559e+02
5.095271354945404596e+02
5.238815516165761892e+02
5.342433506947475053e+02
5.439509227026942426e+02
5.544168962786110342e+02
5.627560800446677831e+02
5.669087841065579596e+02
5.683716722730081301e+02
5.691452600524407899e+02
5.699570872850665637e+02
5.704534324369590195e+02
5.699047060390564639e+02
5.682578750464087989e+02
5.659284498939101695e+02
5.632142878688950987e+02
5.603096294651573999e+02
5.573256713303579772e+02
5.543380584523928292e+02
5.514044292201566577e+02
5.485621101781468951e+02
5.458396232819213765e+02
5.432564964205931801e+02
5.408229307280558942e+02
5.385465246761153821e+02
5.364296790394067784e+02
5.344707324329467610e+02
5.327700151207629915e+02
5.312467174994977768e+02
5.298697035359035681e+02
5.286291855588278850e+02
5.275166629013695001e+02
5.265222270220813243e+02
5.256372379379331505e+02
5.248530281514499620e+02
5.241631274033684349e+02
5.235618226255118088e+02
5.230471198512362889e+02
5.226168987104686039e+02
5.222718354385224302e+02
5.220112789741098140e+02
5.218322485828524577e+02
5.217290390551258952e+02
5.216888858608161854e+02
5.216972218967706567e+02
5.217306935184534495e+02
5.217694890846983071e+02
5.217890913200837986e+02
5.217657767592916116e+02
5.216809577573070555e+02
5.215087874273101534e+02
5.212555839759040737e+02
5.209591048903541832e+02
5.205090999341920224e+02
5.198994518959555080e+02
5.191158174445138229e+02
5.181595403178589549e+02
5.170253888140416620e+02
5.157117885651719007e+02
5.142247573798183566e+02
5.125625560566757031e+02
5.107353146842134493e+02
5.087499170392280803e+02
5.066135792311883392e+02
5.043427990716870681e+02
5.019469805858785776e+02
4.994441081323903404e+02
4.968525771012549512e+02
4.941875596609912122e+02
4.914746536703381707e+02
4.887311041401279113e+02
4.859802711034362233e+02
4.832450092834607176e+02
4.805399995856848250e+02
4.778863084163747317e+02
4.752876073308000855e+02
4.727235181893448726e+02
4.702242949939562777e+02
4.677840630456941540e+02
4.654000797290894411e+02
4.630673129587332824e+02
4.607815211804847877e+02
4.585473650290045384e+02
4.563678843097268896e+02
4.542542608804409383e+02
4.522215422049390554e+02
4.502833149154644161e+02
4.484636507921875932e+02
4.467787932753597033e+02
4.452547390334327133e+02
4.439160895321593330e+02
4.427876706352581664e+02
4.419106053021106391e+02
4.413099437025062457e+02
4.410381851624079559e+02
4.411297435043580322e+02
4.416380548473563863e+02
4.426189490333192680e+02
4.441232579655632549e+02
4.461744059472958384e+02
4.489622922603649613e+02
4.523784396902735807e+02
4.563140467000204126e+02
4.605879721007813714e+02
4.648705513784900631e+02
4.688258784850624465e+02
4.721516064772530967e+02
4.747328182788388062e+02
4.765510008667109219e+02
4.776991601928939417e+02
4.782958832140882350e+02
4.784401029435673536e+02
4.782325440594777888e+02
4.777294105672149271e+02
4.769863899890065113e+02
4.760317792495520735e+02
4.748910899822099623e+02
4.735809570699346978e+02
4.721096323939009380e+02
4.704894992090675032e+02
4.687236241336614739e+02
4.668201276577734689e+02
4.647859904212584183e+02
4.625892458047949276e+02
4.602382333905773066e+02
4.577910571035657199e+02
4.552616329965465525e+02
4.526651284408170568e+02
4.500141113388357894e+02
4.473261048702052562e+02
4.446149941849550373e+02
4.418966897270828440e+02
4.391877443661846883e+02
4.365020604154524335e+02
4.338573174260919245e+02
4.312676009549945206e+02
4.287488648078732467e+02
4.263172383351842427e+02
4.239855007225531267e+02
4.217709132879477920e+02
4.196856113925928753e+02
4.177444891683931587e+02
4.159651031255805265e+02
4.143612074381856587e+02
4.129599660869068884e+02
4.117850882919004221e+02
4.108708445601869244e+02
4.102494854245608167e+02
4.100183989427956703e+02
4.101730514200178845e+02
4.107281996423030250e+02
4.116868896628351990e+02
4.130076935921497920e+02
4.146040015120366320e+02
4.163674107026162687e+02
4.181987310048701261e+02
4.200159792917326627e+02
4.217730573152865645e+02
4.234423411346428452e+02
4.249832879121297537e+02
4.263621367667944355e+02
4.275101975258010611e+02
4.283675130180311612e+02
4.288682939747966998e+02
4.289695251530359883e+02
4.286522385637981074e+02
4.279190034904887057e+02
4.268051374143304884e+02
4.253466279935458374e+02
4.236037733416943070e+02
4.216268642129782052e+02
4.193772326348368438e+02
4.170053451030359497e+02
4.145462838471294731e+02
4.120351573003152339e+02
4.094974949299139553e+02
4.069560574724350204e+02
4.044271731133093795e+02
4.019249123995059563e+02
3.994589769977498008e+02
3.970375643512120405e+02
3.946663999916314083e+02
3.923487341766871168e+02
3.900879930350922677e+02
3.878839597609677980e+02
3.857377021097750003e+02
3.836477093333311927e+02
3.816122656983657748e+02
3.796295889111659676e+02
3.776959548386774372e+02
3.758093165180196706e+02
3.739655361746715130e+02
3.721621590629845286e+02
3.703958343276706842e+02
3.686639329644935970e+02
3.669279681853158195e+02
3.652359134867650710e+02
3.635705150480946486e+02
3.619316389536093084e+02
3.603222513091905626e+02
3.587462157892042569e+02
3.572087528131849581e+02
3.557203090835408261e+02
3.542920072575616928e+02
3.529440048078807308e+02
3.517032061766616380e+02
3.506063012509952159e+02
3.497126837610653070e+02
3.490908711505840074e+02
3.488490044100191767e+02
3.491064374646318811e+02
3.499979200712850798e+02
3.516606948175984826e+02
3.541282122966991324e+02
3.573606057661453974e+02
3.611157701714905102e+02
3.650744814271189966e+02
3.688815729107500943e+02
3.723029266007820297e+02
3.750938853290414272e+02
3.772750832890258721e+02
3.789943709226878923e+02
3.803320632011196949e+02
3.813536794109421635e+02
3.820793217914110187e+02
3.825276595221405387e+02
3.826904055284445576e+02
3.825788281729784899e+02
3.821966135890046417e+02
3.815708086341946341e+02
3.807265646604677158e+02
3.796974274193713086e+02
3.785187791526522574e+02
3.772189133985881426e+02
3.758309276856247720e+02
3.743767389979381051e+02
3.728795149648375968e+02
3.713559918812807723e+02
3.698211590961153661e+02
3.682870193253001503e+02
3.667643854728952988e+02
3.652614825956533195e+02
3.637863635885461235e+02
3.623128091750324984e+02
3.608585047023267975e+02
3.594495260306426871e+02
3.580875409197941508e+02
3.567754054664413843e+02
3.555149256858008471e+02
3.543061902665053253e+02
3.531511434605598083e+02
3.520489409396618044e+02
3.509996859803596863e+02
3.500037022433980951e+02
3.490591966110370663e+02
3.481667047312719205e+02
3.473236576156197657e+02
3.465288638997065505e+02
3.457805198406982754e+02
3.450751645389907480e+02
3.444111608538490259e+02
3.437838868539811301e+02
3.431903250075863525e+02
3.426265552307573330e+02
3.420876325172363863e+02
3.415709226625066322e+02
3.410708544729488949e+02
3.405706835466279472e+02
3.400412018301740318e+02
3.395103237502748357e+02
3.389761276440305551e+02
3.384348436686762511e+02
3.378849387806171762e+02
3.373235789318790125e+02
3.367485957868105970e+02
3.361583307193487258e+02
3.355506650378791846e+02
3.349242567295169124e+02
3.342780376312788917e+02
3.336108760931911092e+02
3.329226988124698892e+02
3.322137425845275516e+02
3.314840108421446416e+02
3.307356950030987264e+02
3.299691613326761512e+02
3.291875980781106819e+02
3.283931434093547637e+02
3.275883588789745318e+02
3.267775127637259516e+02
3.259625589480137364e+02
3.251486781540140782e+02
3.243536432046020082e+02
3.235097439592497039e+02
3.226789335596012052e+02
3.218639656410307452e+02
3.210699567077543861e+02
3.202991347401696771e+02
3.195556399761209150e+02
3.188423966986767368e+02
3.181616956511226135e+02
3.175168050410062506e+02
3.169088911380232503e+02
3.163404949640736277e+02
3.158124523776126011e+02
3.153257216991495966e+02
3.148809673033519516e+02
3.144783186258009664e+02
3.141177308428712536e+02
3.137994192524888604e+02
3.135227765141453915e+02
3.132880719630910562e+02
3.130953653547959448e+02
3.129440466785307535e+02
3.128356891018306101e+02
3.127687347799574695e+02
3.127419941123297349e+02
3.127120805638923002e+02
3.127239853956972979e+02
3.127763425749658381e+02
3.128646387553577597e+02
3.129862580645618095e+02
3.131345497742765360e+02
3.133040765924903326e+02
3.134875503204222014e+02
3.136775917577609221e+02
3.138667483796518809e+02
3.140480197685074586e+02
3.142142702448703062e+02
3.143601064379632817e+02
3.144803919452876357e+02
3.145709245987069380e+02
3.146294254439325186e+02
3.146528734888501617e+02
3.146412549230283275e+02
3.145932580205164868e+02
3.145096156125999300e+02
3.143907374675738993e+02
3.142375432303069260e+02
3.140515113100107101e+02
3.138219936475151712e+02
3.135611145139283167e+02
3.132737449167872228e+02
3.129626886627665385e+02
3.126299460306538549e+02
3.122790095314738323e+02
3.119128630292300386e+02
3.115355963805768624e+02
3.111518448499614351e+02
3.107666149326761911e+02
3.103865881526544399e+02
3.100185869200990396e+02
3.096719897316189645e+02
3.093567452110928002e+02
3.090867158867862940e+02
3.088772907527621783e+02
3.087504281310451688e+02
3.087327545841181973e+02
3.088601009492696789e+02
3.091823527037574877e+02
3.097591961623787142e+02
3.106803119495799592e+02
3.120453353770342915e+02
3.139866445804605632e+02
3.166227560098602680e+02
3.201438728021157658e+02
3.246341314332640877e+02
3.301059417980510489e+02
3.364761119651188324e+02
3.435332991512418630e+02
3.508973623699955056e+02
3.581374329719595835e+02
3.648159938202953185e+02
3.705519871291976983e+02
3.751411474726731967e+02
3.785209130737734426e+02
3.807324971851467694e+02
3.819367336965940467e+02
3.822869581991679979e+02
3.819606448126679652e+02
3.811132859274645170e+02
3.798673663050218465e+02
3.783320534224383209e+02
3.765820154458394313e+02
3.746804284880956288e+02
3.726724667203037598e+02
3.705918704420124641e+02
3.684659260125545188e+02
3.663078908587473279e+02
3.641180619069200475e+02
3.619331855395332695e+02
3.597623653371399541e+02
3.576140052238930025e+02
3.554942872582571454e+02
3.534091031105791103e+02
3.513639203962254101e+02
3.493626212281465655e+02
3.474103101212914453e+02
3.455103170337346796e+02
3.436665876200705725e+02
3.418834276409109521e+02
3.401634986181091449e+02
3.385120882328345147e+02
3.369324401516089438e+02
3.354295195780213135e+02
3.340097621376534107e+02
3.326774007539914351e+02
3.314424454480326290e+02
3.303110463954935767e+02
3.292931745124035956e+02
3.284006337850498198e+02
3.276391899794668916e+02
3.270120133886153440e+02
3.265089130582935013e+02
3.261468608827895537e+02
3.259193543841738006e+02
3.258083242487471125e+02
3.257964566009684972e+02
3.258515064391115743e+02
3.259421360128767446e+02
3.260359560894431752e+02
3.260994184851787168e+02
3.261038181740823347e+02
3.260273699345991645e+02
3.258487849738034470e+02
3.255604878989171880e+02
3.251581490639292156e+02
3.246415687229668379e+02
3.240230444616881300e+02
3.233103455368802770e+02
3.225215954130724754e+02
3.216733133463011995e+02
3.207810149097552426e+02
3.198647901514829641e+02
3.189386613949474736e+02
3.180197073398213661e+02
3.171590247762371746e+02
3.163125738219542313e+02
3.155201354861573009e+02
3.147873955521516791e+02
3.141221039555769607e+02
3.135289620457770070e+02
3.130090362526631225e+02
3.125659647631287612e+02
3.121960587361600687e+02
3.118998542842357438e+02
3.116724546893015031e+02
3.115108334565521204e+02
3.114101323162590234e+02
3.113649128364354510e+02
3.113709130428546246e+02
3.114218697402408793e+02
3.115147194012785121e+02
3.116443657170771075e+02
3.118111948697180651e+02
3.120132209754709720e+02
3.122550343999092775e+02
3.125393129076012428e+02
3.128726898863912993e+02
3.132604614260675362e+02
3.137359921555554934e+02
3.142615753801938467e+02
3.148578283112414624e+02
3.155259037992375966e+02
3.162565198898132053e+02
3.170403760046368689e+02
3.178624738521710356e+02
3.187091356693769058e+02
3.195670316265009774e+02
3.204298206640721105e+02
3.212943978795057092e+02
3.221662612413356328e+02
3.230561516384281617e+02
3.239759516051666424e+02
3.249445413429430118e+02
3.259755225629582469e+02
3.270879233433814761e+02
3.282981499767020068e+02
3.296219007064690345e+02
3.310787599982434131e+02
3.326848930183504081e+02
3.344635298237263896e+02
3.364369430362301614e+02
3.386357532103046424e+02
3.412355617639636307e+02
3.441296249451655740e+02
3.473421735986482304e+02
3.508945136790145511e+02
3.547848214269480991e+02
3.589669716824980128e+02
3.633446498791428780e+02
3.677556475743383544e+02
3.719928450382052461e+02
3.758266706241579982e+02
3.790800352741642882e+02
3.816565314912175495e+02
3.835606839163358472e+02
3.848591278750484435e+02
3.856435114576765386e+02
3.860258657999863772e+02
3.860886329801600709e+02
3.859158600142877731e+02
3.855597960439703797e+02
3.850576235816993176e+02
3.844371710742105392e+02
3.837136798636517483e+02
3.829021507292744104e+02
3.820302284853214019e+02
3.812213586380912602e+02
3.804160590720023833e+02
3.797486400974303251e+02
3.793372876712663242e+02
3.793796995596790680e+02
3.801014613132468298e+02
3.817840220282644168e+02
3.847628503516162937e+02
3.892223454297882768e+02
3.952459996392705079e+02
4.024855693904192435e+02
4.102978853222483622e+02
4.178600210195524483e+02
4.244851147350905762e+02
4.297388523811475238e+02
4.336186417156876018e+02
4.362663359189355674e+02
4.379453735037663478e+02
4.389329313810037547e+02
4.394184688835247243e+02
4.395834625826883553e+02
4.395360247264150644e+02
4.393646671267497368e+02
4.391363265031173455e+02
4.389183545566571070e+02
4.385755694914074070e+02
4.382823601873060397e+02
4.380496664157726059e+02
4.378737905987137538e+02
4.377824048997701993e+02
4.377908894765197374e+02
4.379152394296849593e+02
4.381474735194909158e+02
4.384042612380521859e+02
4.385773849928717709e+02
4.385227357843941718e+02
4.381431973141434923e+02
4.373949108912588031e+02
4.363122173054226778e+02
4.349478277774718435e+02
4.333805051644452533e+02
4.316682076148339888e+02
4.298563931526234683e+02
4.279772540724574128e+02
4.260497987206150583e+02
4.240889849907831604e+02
4.221026714244866866e+02
4.200986580948593883e+02
4.181367583027169985e+02
4.160758452691261482e+02
4.140198199389017759e+02
4.119726484074033124e+02
4.099407113023755755e+02
4.079286942275548427e+02
4.059427289689626832e+02
4.039895288034022087e+02
4.020741987062249905e+02
4.002047194704856565e+02
3.983862201873555478e+02
3.966255666770683206e+02
3.949294454702099983e+02
3.933023823162036479e+02
3.917519273739931691e+02
3.902817546868774912e+02
3.888987391174841264e+02
3.876081695251215251e+02
3.864153273950853986e+02
3.853275344234662043e+02
3.843484409865649809e+02
3.834859808938460901e+02
3.827391877275825891e+02
3.821081636484041724e+02
3.816310841477246072e+02
3.811978547621254734e+02
3.808375320847869148e+02
3.805206942853787950e+02
3.802190836870665294e+02
3.799029951514119716e+02
3.795579541332702433e+02
3.791687785738706680e+02
3.787417203413035054e+02
3.782843018978518330e+02
3.778136866124216908e+02
3.773559620462339126e+02
3.769335854918842870e+02
3.765768814466722461e+02
3.763156523632117114e+02
3.761738981415259104e+02
3.761821809251680975e+02
3.763563067571043916e+02
3.767069319403406666e+02
3.772400414485602482e+02
3.779367825080296370e+02
3.787773254915833832e+02
3.797284954891943016e+02
3.807458567319200711e+02
3.817963826704414032e+02
3.828489301925483232e+02
3.838559575000729751e+02
3.848121062785232311e+02
3.856950985778461245e+02
3.865120859201902022e+02
3.872491590300199960e+02
3.878946650746347018e+02
3.884427283990240767e+02
3.888648333127711112e+02
3.891460084548858731e+02
3.892615282834634627e+02
3.891866758640583157e+02
3.889136286415260315e+02
3.884331281909064160e+02
3.877486219906108431e+02
3.868781738498933578e+02
3.858356803904216576e+02
3.846525378451329402e+02
3.833540364620250216e+02
3.819676235300527196e+02
3.805233008865298530e+02
3.790411958558058245e+02
3.775464967971558394e+02
3.760918891713321841e+02
3.746213931449510710e+02
3.731925737032032089e+02
3.718103140769960646e+02
3.704829288540645962e+02
3.692130544287110183e+02
3.680027407765596195e+02
3.668552109606310410e+02
3.657671542183297220e+02
3.647389169022043234e+02
3.637658368556399751e+02
3.628429151448697212e+02
3.619648185478208688e+02
3.611221427849341126e+02
3.603070211093522630e+02
3.595089195450761395e+02
3.587175899100013226e+02
3.579229773394424114e+02
3.571160456003884178e+02
3.562869387959568712e+02
3.554302530304797756e+02
3.545386816598114592e+02
3.536089725400863699e+02
3.526387402169119127e+02
3.516325391773402202e+02
3.505426511184558080e+02
3.494071840856490212e+02
3.482302373254530039e+02
3.470134030639821958e+02
3.457595939091492596e+02
3.444732584151992114e+02
3.431561590738547238e+02
3.418139082020114756e+02
3.404488603587420243e+02
3.390656402539618171e+02
3.376678704775880533e+02
3.362589462370186766e+02
3.348433093703986856e+02
3.334239354385104548e+02
3.320052052963339975e+02
3.305903055060747988e+02
3.291833251621604859e+02
3.277879661694448146e+02
3.264084438594588278e+02
3.250495500310589705e+02
3.237165804175245398e+02
3.224176757396569428e+02
3.211624023937619654e+02
3.199620193075827501e+02
3.188191344451959708e+02
3.178150253272473265e+02
3.170440301776860110e+02
3.166447996985152145e+02
3.168727634827272368e+02
3.180142985718268847e+02
3.202551099606814660e+02
3.234252950313933184e+02
3.268864952820071039e+02
3.300582601572898511e+02
3.329104355256508825e+02
3.359676294012102744e+02
3.398177123912835782e+02
3.449661452582384413e+02
3.515645484070508928e+02
3.597252535840460155e+02
3.693015126598627944e+02
3.799744228049920025e+02
3.910435363320964939e+02
4.016224403795048374e+02
4.108818804201728199e+02
4.183993411785435796e+02
4.241431377679185744e+02
4.284249263166097990e+02
4.311655585576567091e+02
4.329120280341280704e+02
4.339358167660996060e+02
4.344269240597431576e+02
4.345873220847760194e+02
4.345622943534766023e+02
4.344669129035643209e+02
4.343655955502961774e+02
4.342682486842848562e+02
4.341615620131075275e+02
4.340180613699586161e+02
4.338340986055240478e+02
4.336106950165227545e+02
4.333664281806844656e+02
4.331195273354146025e+02
4.328870278378116154e+02
4.326881416549883852e+02
4.325372539980838269e+02
4.324526623697531136e+02
4.324513968350361779e+02
4.325564575053370504e+02
4.327924988464293392e+02
4.331941594406699210e+02
4.338268829117064342e+02
4.348026828766783751e+02
4.361182175374017334e+02
4.378269921821424759e+02
4.399957628263574065e+02
4.426633401936345535e+02
4.458399998527556249e+02
4.495136997779259218e+02
4.535967395191923401e+02
4.579776372747926416e+02
4.624951714715880939e+02
4.669633745483934035e+02
4.712179532364832539e+02
4.751270788387241168e+02
4.785942716367821959e+02
4.816021104161159201e+02
4.841495152517912288e+02
4.862760512177607666e+02
4.880405505524176988e+02
4.894890664785423269e+02
4.906778562508584969e+02
4.916397389879998059e+02
4.923913023458814564e+02
4.929373935664103783e+02
4.931900804362546182e+02
4.931888952700887785e+02
4.928925929395053345e+02
4.922797270333994106e+02
4.913307531479809995e+02
4.900384854549974420e+02
4.884123085813473608e+02
4.864631852763129132e+02
4.842219587476068341e+02
4.817154121236801529e+02
4.789792785884031332e+02
4.760490600392352007e+02
4.709648717173716932e+02
4.676628945976554519e+02
4.642739022841681162e+02
4.608226253590618740e+02
4.573297584733571739e+02
4.538127166357571127e+02
4.502870914897776515e+02
4.467654109008782939e+02
4.432583069436448113e+02
4.397751569159769360e+02
4.363231591562010863e+02
4.329088583158446681e+02
4.295402596284388892e+02
4.261811377084835044e+02
4.228760471291718090e+02
4.196276993551235250e+02
4.164397081107502459e+02
4.133152547798226237e+02
4.102570398664511799e+02
4.072696973916055185e+02
4.043563046658705957e+02
4.015230143245528325e+02
3.987755504978715635e+02
3.961217089600442591e+02
3.935721241844452720e+02
3.911377574739593115e+02
3.888357383024651881e+02
3.866841018102722956e+02
3.847076077949326418e+02
3.829368391929327800e+02
3.814059504552922135e+02
3.801624938378278671e+02
3.792547262254702787e+02
3.787472036459267883e+02
3.787061044915076877e+02
3.792017416265757674e+02
3.802958849833645445e+02
3.820927100453185972e+02
3.846120203570972649e+02
3.878109626286178582e+02
3.916052815371469933e+02
3.958281066739512539e+02
4.002469949256551445e+02
4.046148164045255839e+02
4.086809553536842827e+02
4.122323735036659400e+02
4.151487876395543140e+02
4.173591374702247094e+02
4.188580295764447214e+02
4.196961581192315975e+02
4.199193472578589876e+02
4.196117613309136800e+02
4.188423529125995515e+02
4.176775254704585905e+02
4.161896964882064367e+02
4.144308609750608525e+02
4.124582564061546464e+02
4.103193552501174963e+02
4.080531354223533071e+02
4.057009333505129121e+02
4.033139552134461496e+02
4.008446075783645597e+02
3.983855932497799586e+02
3.959598341883029207e+02
3.935950503893816403e+02
3.913148255710418084e+02
3.891470108182454055e+02
3.871259214541250344e+02
3.852830365953254841e+02
3.836673588375605277e+02
3.823261769451550549e+02
3.813208455555607088e+02
3.807265699835072041e+02
3.806072559195396252e+02
3.810538176672022814e+02
3.821207623219758602e+02
3.838747842766437657e+02
3.863682196501864610e+02
3.896517417352189341e+02
3.938270220471304697e+02
3.989949052400330629e+02
4.051861813683319724e+02
4.122619453896113555e+02
4.196983579671087909e+02
4.267291839426305842e+02
4.326287833522261508e+02
4.371060613480650545e+02
4.401212370303881585e+02
4.418570496891990160e+02
4.425395380773696274e+02
4.424263854581112696e+02
4.417111874158934484e+02
4.405603191420350981e+02
4.390896446931495234e+02
4.373823196741744823e+02
4.354921582279818608e+02
4.334517215675472244e+02
4.312846572698333034e+02
4.290010259551486342e+02
4.266121816019866628e+02
4.241236855781783675e+02
4.215407137813399459e+02
4.188710954946981246e+02
4.161185487712820077e+02
4.132920636545366051e+02
4.103985569913070890e+02
4.074450928376563752e+02
4.044418770292433010e+02
4.015074180620385391e+02
3.984083230366838961e+02
3.952950087747348675e+02
3.921746314422892397e+02
3.890559222178120535e+02
3.859446406124828854e+02
3.828485107845548328e+02
3.797736585144319292e+02
3.767255174042008434e+02
3.737105254560418075e+02
3.707328933770047570e+02
3.677982004334764383e+02
3.649109071127934953e+02
3.620751598141556542e+02
3.592959812589870126e+02
3.565768105502565959e+02
3.539226894007285864e+02
3.513374029607641091e+02
3.488254890339202348e+02
3.463914286039544663e+02
3.440389407859178732e+02
3.417729690114103960e+02
3.395964746958451315e+02
3.375136203264687538e+02
3.356284725976745449e+02
3.338454806648978206e+02
3.321764715208192342e+02
3.306181502198169255e+02
3.291674560493352146e+02
3.278183749763310857e+02
3.265634654170668227e+02
3.253968265128332291e+02
3.243093034380219137e+02
3.232952832059426100e+02
3.223483106509322056e+02
3.214620181095357907e+02
3.206346988470343149e+02
3.198609254628786402e+02
3.191410738846291224e+02
3.184730580152474886e+02
3.178559026187574545e+02
3.172914992477313376e+02
3.167775835843883101e+02
3.163170014087989443e+02
3.159078533673435345e+02
3.155503957171886782e+02
3.152442385569314638e+02
3.149860766461103481e+02
3.147937597296758554e+02
3.146871883383219597e+02
3.146087283460179265e+02
3.145536972073124389e+02
3.145160033901954080e+02
3.144913392338178824e+02
3.144733400632726443e+02
3.144564739390473846e+02
3.144362394112345669e+02
3.144067571144890394e+02
3.143647895240948174e+02
3.143065377819464175e+02
3.142285249600551538e+02
3.141299642802644030e+02
3.140079547250872452e+02
3.138630447627692206e+02
3.136946873462216558e+02
3.135027958571345721e+02
3.132891930831301011e+02
3.130537507519593987e+02
3.127989146507800911e+02
3.125258222534579886e+02
3.122360608663689163e+02
3.119319938632114599e+02
3.115980205868004873e+02
3.112650705534510962e+02
3.109245014943269325e+02
3.105784390231295902e+02
3.102291658359089297e+02
3.098781577599902448e+02
3.095274631089610580e+02
3.091785691528373832e+02
3.088328609222147065e+02
3.084919030284505652e+02
3.081566399654856241e+02
3.078282852296987357e+02
3.075077862371999231e+02
3.071957705316650618e+02
3.068931691998369615e+02
3.066002330333535610e+02
3.063175160643542085e+02
3.060452186463603539e+02
3.057832875127521675e+02
3.055318987573381833e+02
3.052905266799213564e+02
3.050590511992722895e+02
3.048367610726194812e+02
3.046230170943662188e+02
3.043917404059759519e+02
3.041671278386705239e+02
3.039487925139826530e+02
3.037356208774249353e+02
3.035270415012269041e+02
3.033220045455618106e+02
3.031198913612926731e+02
3.029199708910554705e+02
3.027215519274143389e+02
3.025243210636798494e+02
3.023276386823572466e+02
3.021315762031380814e+02
3.019358223741001552e+02
3.017406965008903512e+02
3.015464133842431238e+02
3.013535398937144691e+02
3.011628617933286591e+02
3.009753524536588998e+02
3.007923200429587496e+02
3.006151782682508724e+02
3.004460005114344199e+02
3.002865364546739784e+02
3.001399074873332324e+02
3.000081850737345803e+02
2.998932859535003672e+02
2.998119240284648868e+02
2.997666198331717737e+02
2.997675082148318779e+02
2.998241610883449653e+02
2.999557409652883280e+02
3.001828314115120975e+02
3.005387574414576761e+02
3.010730051876348057e+02
3.018401836657923809e+02
3.029338482203434069e+02
3.044315437479878028e+02
3.064490974206182159e+02
3.090721885737133334e+02
3.123924661854576357e+02
3.164879078477094367e+02
3.213663152329115746e+02
3.270375828237539508e+02
3.333444439268265000e+02
3.401648740632065824e+02
3.472142603285736300e+02
3.544596792329863888e+02
3.618424319236059432e+02
3.694149645583108281e+02
3.767369397823284771e+02
3.827538295142547327e+02
3.868912827811109878e+02
3.891855674270378245e+02
3.900214033606136468e+02
3.899317595117868791e+02
3.893600784998374706e+02
3.885533762683992336e+02
3.876712437811114569e+02
3.867571273551174045e+02
3.858189029835020278e+02
3.848362829791238369e+02
3.837889057146221035e+02
3.826660004251927489e+02
3.814582859757681490e+02
3.801796401004156678e+02
3.788320974205457219e+02
3.774387594188372645e+02
3.760103173139141859e+02
3.745627108263926175e+02
3.731087305805945107e+02
3.716537866100008500e+02
3.702076242245192361e+02
3.687674573417903616e+02
3.673136709444572716e+02
3.658447909997531156e+02
3.644004999862867749e+02
3.629734621771546017e+02
3.615544699430387254e+02
3.601420234854845717e+02
3.587290781240853903e+02
3.573166418469776318e+02
3.559030866236570319e+02
3.544879403608325674e+02
3.530745052125923849e+02
3.516618194450396686e+02
3.502546473499268700e+02
3.488539298153842196e+02
3.474628086896260015e+02
3.460849897688744932e+02
3.447219314098579162e+02
3.433785932688857656e+02
3.420561157398703358e+02
3.407586547635527836e+02
3.394880473203050997e+02
3.382465621096809514e+02
3.370368507599141026e+02
3.358593982740258070e+02
3.346809326062655146e+02
3.335604468082291305e+02
3.324717995610946559e+02
3.314139130292264213e+02
3.303859253742360238e+02
3.293867122352576189e+02
3.284138224666527890e+02
3.274658780091361905e+02
3.265396689298312367e+02
3.256334984753253821e+02
3.247441660755246744e+02
3.238698584926617059e+02
3.230079444536268625e+02
3.221567000732008523e+02
3.213147514637315680e+02
3.204803341617135857e+02
3.196534742945548828e+02
3.188325899220873225e+02
3.180184279965206429e+02
3.172103653626977575e+02
3.164088957472086463e+02
3.156147366613448639e+02
3.148277555068704032e+02
3.140493865137592024e+02
3.132494209350273877e+02
3.124554794242987441e+02
3.116709476395368483e+02
3.108969568695684984e+02
3.101346758783296309e+02
3.093848370325456472e+02
3.086487354382520607e+02
3.079270040827308890e+02
3.072208302145941730e+02
3.065308209872661109e+02
3.058579512530993725e+02
3.052027127477955446e+02
3.045657908818143937e+02
3.039475503414348623e+02
3.033481728321669948e+02
3.027681118913408795e+02
3.022070267636869403e+02
3.016653030640750330e+02
3.011423112292425230e+02
3.006380926001484113e+02
3.001522640766621635e+02
2.996843638358704425e+02
2.992345670907748172e+02
2.988022205724968785e+02
2.983802904058447325e+02
2.979800281507445447e+02
2.976020201421578122e+02
2.972474526272390563e+02
2.969178404837276730e+02
2.966156676282215585e+02
2.963433472133389728e+02
2.961047128348586170e+02
2.959033791085082612e+02
2.957447240571660245e+02
2.956341113593851446e+02
2.955784007465056220e+02
2.955855252786662959e+02
2.956634761859617697e+02
2.958235466705187946e+02
2.960754261363153432e+02
2.964328281943503498e+02
2.969087179532940581e+02
2.975160376306188255e+02
2.982709821693379695e+02
2.991829636055243213e+02
3.002650590661734213e+02
3.015215529097279727e+02
3.029509694685201566e+02
3.045229225182725372e+02
3.062939631655190169e+02
3.081756404767363620e+02
3.101262029003624434e+02
3.120968177533999324e+02
3.140373331488834197e+02
3.158941377023635368e+02
3.176176898723199429e+02
3.191703727462992788e+02
3.205182242228542009e+02
3.216456034134000106e+02
3.225482624327898975e+02
3.232295451671773776e+02
3.237125348521875026e+02
3.240200978715228644e+02
3.241894479879729261e+02
3.242644410784959632e+02
3.242890684413276290e+02
3.243217731366154908e+02
3.244168329546847076e+02
3.246359398578695163e+02
3.250445705752367758e+02
3.256950507702716777e+02
3.266447476596256934e+02
3.278958180310415287e+02
3.295359457455804204e+02
3.315363095166212020e+02
3.338864252813503413e+02
3.365598187831040491e+02
3.395426141318529289e+02
3.427932107682383389e+02
3.462969585153483081e+02
3.500098215230919436e+02
3.538933939903347436e+02
3.578997440800129652e+02
3.619579282879512903e+02
3.660057891832542509e+02
3.699493233481328502e+02
3.737046950318955396e+02
3.771897191355585051e+02
3.803391191943393324e+02
3.831235316561069908e+02
3.855442871239488341e+02
3.876128942696046238e+02
3.893758583936209448e+02
3.908461796771890135e+02
3.920446919992696735e+02
3.929628433123703530e+02
3.935460197316963331e+02
3.938475438616663951e+02
3.938169711642333937e+02
3.934570338378024985e+02
3.927906936316144311e+02
3.918377530258042043e+02
3.906450561910241959e+02
3.892504154242739105e+02
3.876952424131483781e+02
3.860222545892987682e+02
3.842617809053850806e+02
3.824477283552587323e+02
3.806035782668924980e+02
3.787502309793918016e+02
3.769061923174316462e+02
3.750839399454162617e+02
3.732966975146326263e+02
3.715538934692428370e+02
3.698635061763161502e+02
3.682340182331411143e+02
3.666701002879386238e+02
3.651784045896386601e+02
3.637626629188776519e+02
3.624261104172803130e+02
3.611892042956435489e+02
3.600644109386751097e+02
3.590189145732716156e+02
3.580501485173481342e+02
3.571552795503542370e+02
3.563309835460793238e+02
3.555710303552014011e+02
3.548707346222174692e+02
3.542230519442780974e+02
3.536215977645601924e+02
3.530608347144661820e+02
3.525348960428963778e+02
3.520408657137460295e+02
3.515769841682443939e+02
3.511454987429724497e+02
3.507524958756156934e+02
3.504104563419082865e+02
3.501388431499062790e+02
3.499661703290203150e+02
3.499356745052681958e+02
3.500981522660226801e+02
3.505286823949714972e+02
3.513060182176703847e+02
3.525230588914190548e+02
3.542549854569725198e+02
3.566071170649321971e+02
3.595729209827183581e+02
3.630937778053809666e+02
3.670482750726882273e+02
3.712490177885231333e+02
3.754610307248957497e+02
3.794414343984047946e+02
3.829907213656315434e+02
3.859309500485913418e+02
3.881720645637770986e+02
3.896768961381370104e+02
3.904547901138031420e+02
3.905748779169854856e+02
3.901079082975875849e+02
3.891513269540153601e+02
3.877949412279984358e+02
3.861232573940457655e+02
3.842132674431265400e+02
3.821264629601885758e+02
3.799160000083458044e+02
3.776241293368069591e+02
3.752844891133923966e+02
3.729242708084821629e+02
3.705820921943392250e+02
3.682761320608601068e+02
3.660005785698873524e+02
3.637649297288209027e+02
3.615778489239966689e+02
3.594462036697530607e+02
3.573741933545571783e+02
3.553671307583298358e+02
3.534263302960318356e+02
3.515547724304059898e+02
3.497526698829357770e+02
3.480198086563480047e+02
3.463558873973350387e+02
3.447579309362325830e+02
3.432246433352130452e+02
3.417516299399800346e+02
3.403358979318308570e+02
3.389727635652908475e+02
3.376576917961090203e+02
3.363864832623613097e+02
3.351539607761962429e+02
3.339565438666102750e+02
3.327898421564789828e+02
3.316510850680037947e+02
3.305451829272450368e+02
3.294747752226767830e+02
3.284293122296274419e+02
3.274099189891538799e+02
3.264187678027316792e+02
3.254598771524499057e+02
3.245375541694887715e+02
3.236583928032393374e+02
3.228296739613890622e+02
3.220597695918198724e+02
3.213594775714138905e+02
3.207383801415045923e+02
3.202094665748538773e+02
3.197834028537539552e+02
3.194733031128470202e+02
3.192902864274785202e+02
3.192450468715242664e+02
3.193470036494696274e+02
3.196008555134189351e+02
3.200124362899690595e+02
3.205773416699539098e+02
3.212939907642337403e+02
3.221486270631241382e+02
3.231262734902728084e+02
3.242016627917968776e+02
3.253389206596012286e+02
3.265212262148296531e+02
3.277119463782537423e+02
3.288784087834828824e+02
3.299866088670804629e+02
3.310055266181088882e+02
3.319075500355592112e+02
3.326730544330600878e+02
3.332850929725991591e+02
3.337373072911442478e+02
3.340283589771145216e+02
3.341600831373559686e+02
3.341445224386206405e+02
3.339890957835588665e+02
3.337104820466738602e+02
3.333213745566076796e+02
3.328358788965040276e+02
3.322691531890330339e+02
3.316319003249770390e+02
3.309375826402309144e+02
3.301953056709068619e+02
3.294144599772631068e+02
3.286030027387124619e+02
3.277676286399924379e+02
3.268898213359518081e+02
3.259981733531581654e+02
3.250969683400745680e+02
3.241894861418335267e+02
3.232786116825294016e+02
3.223667572465972171e+02
3.214560897167723965e+02
3.205483160622446235e+02
3.196451418275789820e+02
3.187479126421326896e+02
3.178577889515963761e+02
3.169761016424701552e+02
3.161035989622798184e+02
3.152414791066243538e+02
3.143903920006793555e+02
3.135511303922962725e+02
3.127245291754027221e+02
3.119109470679640594e+02
3.111112990889913021e+02
3.103257351163474027e+02
3.095549490503258880e+02
3.087992450749260911e+02
3.080588653466047617e+02
3.073352623295977537e+02
3.066206732231195247e+02
3.059232068213683533e+02
3.052427567320964954e+02
3.045796552250201330e+02
3.039342128033117660e+02
3.033064614809543968e+02
3.026971723861654482e+02
3.021063995316148976e+02
3.015351039965906352e+02
3.009839265404492608e+02
3.004538572929789098e+02
2.999464688498879923e+02
2.994630080060362047e+02
2.990061343783448251e+02
2.985781417828436588e+02
2.981831848402520109e+02
2.978261408771125502e+02
2.975146816396290319e+02
2.972605326051026964e+02
2.970815848247541453e+02
2.970104818728655118e+02
2.970954864031922398e+02
2.974333255962299063e+02
2.981567943107294809e+02
2.995575847972457382e+02
3.018427219182303247e+02
3.051303592593148437e+02
3.092560147783909770e+02
3.136399477850413291e+02
3.176390893609849968e+02
3.209417256520323463e+02
3.235581820880479995e+02
3.256670243324263652e+02
3.274964398471994400e+02
3.292013043609124452e+02
3.309550759021061594e+02
3.328902029338488546e+02
3.351599285441737948e+02
3.379392539559938200e+02
3.413387142891931489e+02
3.454536640730838712e+02
3.501507112870122569e+02
3.551500129467321472e+02
3.599885815361261621e+02
3.642295534665921082e+02
3.675378835774761797e+02
3.698518414755999402e+02
3.713055095601070548e+02
3.720700749915142751e+02
3.722377347552970832e+02
3.719725196108538512e+02
3.714249250906844964e+02
3.706919694312686033e+02
3.698638698972762313e+02
3.689910491499751970e+02
3.681252297861603893e+02
3.673169170851256808e+02
3.666294221754617979e+02
3.661460970810561548e+02
3.659702180976552768e+02
3.662159333243280344e+02
3.670167750658047225e+02
3.684818313658511784e+02
3.707063134570264538e+02
3.746483174842331323e+02
3.805525053148887764e+02
3.853254131923684440e+02
3.903120811376156212e+02
3.952152037013923973e+02
3.997349983623234948e+02
4.036067724031799457e+02
4.067413464543379291e+02
4.091166699680043166e+02
4.106059778958120887e+02
4.113186751045166147e+02
4.113608562707044598e+02
4.108377918187292721e+02
4.098722693264259647e+02
4.085532332826605284e+02
4.069735194582816007e+02
4.052035067200765752e+02
4.032943012580947197e+02
4.012911498526093510e+02
3.992195814285552729e+02
3.971018239240149796e+02
3.949508363115056682e+02
3.927753451876749864e+02
3.905820943332699358e+02
3.883738705842421268e+02
3.861542969467038802e+02
3.839243882463114801e+02
3.816862636095897869e+02
3.794409950515428136e+02
3.771899633966158945e+02
3.749351120591517770e+02
3.726919437613846071e+02
3.704608340598827567e+02
3.682274324378442429e+02
3.659947198812643592e+02
3.637654598803305248e+02
3.615421270958851210e+02
3.593277162970773020e+02
3.571246811575049378e+02
3.549356662445375150e+02
3.527632901753880219e+02
3.506098924907499850e+02
3.484778304377899190e+02
3.463694429661473464e+02
3.442867255136562790e+02
3.422319870512964144e+02
3.402069741266430469e+02
3.382137499471277238e+02
3.362541765916258214e+02
3.343297286020558090e+02
3.324426215326808460e+02
3.305938997249762679e+02
3.287856874724690783e+02
3.270192988794904068e+02
3.252961435279947864e+02
3.236256666696696129e+02
3.219990888962679492e+02
3.204221570112169388e+02
3.188957564407760970e+02
3.174216608967555544e+02
3.160016358120842597e+02
3.146362825895907918e+02
3.133281311061186329e+02
3.120772785716439444e+02
3.108859912285299174e+02
3.097550412752629541e+02
3.086854631402060249e+02
3.076790362579744738e+02
3.067357849037117603e+02
3.058578835461154313e+02
3.050453501550246642e+02
3.042997541121886229e+02
3.036219601147996059e+02
3.030123064601265810e+02
3.024727877627489647e+02
3.020029018920686781e+02
3.016051157602511807e+02
3.012791759215891148e+02
3.010265010072957921e+02
3.008630747212527581e+02
3.007754821804407470e+02
3.007646613494104599e+02
3.008295660594212109e+02
3.009727040321752156e+02
3.011943613662583630e+02
3.014955547667754558e+02
3.018787382138823432e+02
3.023438784699579287e+02
3.028946452690815931e+02
3.035320235455690749e+02
3.042596110558561122e+02
3.050808857646168804e+02
3.059987802707288438e+02
3.070186144774956460e+02
3.081434499233028532e+02
3.093786487878288654e+02
3.107278334917065763e+02
3.121938016590318625e+02
3.137801339105746479e+02
3.154860874215786453e+02
3.173127591669947378e+02
3.192567401185772269e+02
3.213127326072436745e+02
3.234577891604735669e+02
3.257249690207201525e+02
3.280733396127039896e+02
3.304857462350531137e+02
3.329439732376982306e+02
3.354289893990519431e+02
3.379173024743806195e+02
3.403876291377559369e+02
3.428169540192333216e+02
3.451821152919048927e+02
3.474633074664276933e+02
3.496401729942693350e+02
3.516960554578323013e+02
3.536187091773752513e+02
3.553940233685473231e+02
3.570177578544729613e+02
3.584828106174501841e+02
3.597878625034439892e+02
3.609351401138917481e+02
3.619244310774466840e+02
3.627639328694676237e+02
3.634572195501309579e+02
3.640127478618581449e+02
3.644398265915676802e+02
3.647353161199683882e+02
3.648960841800064827e+02
3.649600801821783875e+02
3.649382153255641583e+02
3.648400143812133365e+02
3.646733125650106331e+02
3.644483164917967315e+02
3.641716291365043503e+02
3.638517048712071187e+02
3.634952110142824040e+02
3.631082203990457629e+02
3.626974546047857189e+02
3.622674313007332216e+02
3.618240434514808612e+02
3.613712417238616013e+02
3.609133701048112357e+02
3.604545347730083336e+02
3.599972902395111305e+02
3.595453883255249252e+02
3.591003367807842324e+02
3.586643472433165130e+02
3.582387859168880482e+02
3.578236311501399314e+02
3.574197957429887538e+02
3.569813790384597496e+02
3.565698021983641297e+02
3.561645153633349992e+02
3.557629532295227364e+02
3.553632534220375874e+02
3.549617942860066933e+02
3.545556810160647956e+02
3.541415943706948610e+02
3.537163143025632621e+02
3.532767516043499541e+02
3.528203859872086241e+02
3.523448947592263494e+02
3.518488959596346035e+02
3.513315198020404182e+02
3.507920746820224167e+02
3.502312808050739363e+02
3.496490802478002138e+02
3.490471046457916486e+02
3.484263520097631499e+02
3.477882232297744167e+02
3.471344655315435830e+02
3.464659183545518886e+02
3.457846157366445254e+02
3.450911227212692438e+02
3.443631467953093761e+02
3.436936515229498355e+02
3.430155749660323750e+02
3.423287870037315770e+02
3.416319143509966239e+02
3.409247835404938201e+02
3.402059204815413409e+02
3.394744628402337412e+02
3.387296665511264564e+02
3.379699520103623627e+02
3.371952540896201072e+02
3.364044351623788884e+02
3.355972578548881984e+02
3.347738986715728515e+02
3.339340027901185408e+02
3.330787851590792457e+02
3.322085784333510219e+02
3.313247352003484707e+02
3.304288801485991485e+02
3.295222872491779640e+02
3.286073748320606001e+02
3.276858816428451178e+02
3.267601715651293262e+02
3.258325363024828221e+02
3.248780360220972625e+02
3.239398088997236869e+02
3.230041766831820382e+02
3.220737621502911452e+02
3.211511291941401964e+02
3.202386246028759160e+02
3.193382680181570095e+02
3.184523422678744851e+02
3.175821863350554395e+02
3.167296263212672898e+02
3.158958380496642349e+02
3.150817251685492693e+02
3.142885884908882872e+02
3.135164778041188924e+02
3.127664785886327081e+02
3.120383927563736961e+02
3.113325241648024075e+02
3.106489619319880831e+02
3.099871243093254520e+02
3.093473033423583161e+02
3.087284997316704107e+02
3.081307233200035398e+02
3.075532017000496126e+02
3.069953274705090962e+02
3.064458615487027942e+02
3.059295775876075822e+02
3.054311482038753525e+02
3.049494150802585182e+02
3.044840041578892738e+02
3.040340806059776924e+02
3.035988752074883905e+02
3.031779222148177269e+02
3.027702272513713524e+02
3.023754664962210654e+02
3.019927067732559181e+02
3.016214410139701840e+02
3.012610230603786476e+02
3.009106830022734016e+02
3.005700525161427663e+02
3.002382453290142053e+02
2.999149491974939679e+02
2.995994156763648562e+02
2.992911485885345542e+02
2.989897213226877284e+02
2.986944797068500179e+02
2.984052168187658367e+02
2.981213247469225962e+02
2.978425645034701006e+02
2.975687332706123129e+02
2.973086118683033305e+02
2.970523039197164508e+02
2.967994922050475566e+02
2.965502290209511216e+02
2.963043344502258947e+02
2.960617452189661094e+02
2.958225057576751169e+02
2.955864446881477647e+02
2.953537179328323532e+02
2.951242103363506430e+02
2.948980198921245233e+02
2.946752277241956222e+02
2.944558496012548403e+02
2.942401192827985028e+02
2.940280975127529928e+02
2.938200700332183715e+02
2.936162721692123228e+02
2.934169892678511928e+02
2.932226665541562625e+02
2.930336502799874552e+02
2.928505320622565478e+02
2.926738502717008146e+02
2.925042643332544685e+02
2.923433009880208715e+02
2.921952444081093745e+02
2.920573602118851682e+02
2.919308539918763472e+02
2.918173958742343075e+02
2.917187997036236311e+02
2.916372494481126409e+02
2.915756178645289083e+02
2.915368769861955229e+02
2.915254604462974726e+02
2.915457376278271227e+02
2.916040583223717704e+02
2.917071891323391242e+02
2.918632297565428075e+02
2.920825965468594063e+02
2.923749521867194971e+02
2.927543396903597568e+02
2.932329248654460798e+02
2.938267740348547363e+02
2.945522871004276908e+02
2.954258859625736022e+02
2.964690065253731177e+02
2.976998812322212302e+02
2.991424801777992002e+02
3.008084598467123669e+02
3.027819195570417037e+02
3.050067694063833414e+02
3.074653519304511065e+02
3.101113787321383484e+02
3.128988172715145879e+02
3.157659493949341822e+02
3.186759199447822084e+02
3.215960220483479475e+02
3.244857585521762076e+02
3.273211401777147103e+02
3.300447318586953998e+02
3.326239082525926847e+02
3.350095072484645016e+02
3.371768790265318785e+02
3.391037430656168112e+02
3.407882711905818951e+02
3.422322902924602204e+02
3.434485699642254986e+02
3.444545412266022026e+02
3.452676064577319721e+02
3.459151642767491808e+02
3.464143569704686456e+02
3.467964457726610021e+02
3.471308144083764660e+02
3.475705693887787220e+02
3.479484105901813109e+02
3.482819258715673527e+02
3.485959980919899976e+02
3.489027188195994427e+02
3.492189589985182465e+02
3.495531688223527453e+02
3.499080091924326439e+02
3.502844352078749353e+02
3.506729528946090113e+02
3.510640143188534807e+02
3.514437074858528263e+02
3.517994636429471598e+02
3.521185995077246389e+02
3.523952417146413154e+02
3.526248699418339925e+02
3.528103683675247453e+02
3.529598191469250992e+02
3.530850182435671627e+02
3.532056760765391914e+02
3.533466841027401983e+02
3.535363042824118338e+02
3.538115097776568518e+02
3.541909721484402098e+02
3.547370444284009068e+02
3.554666230790198256e+02
3.563976768968348665e+02
3.575548938140764790e+02
3.589374921858475318e+02
3.605453639978540537e+02
3.623779835931226216e+02
3.644388119662024224e+02
3.667617431298933752e+02
3.693967406216261224e+02
3.724245221809371174e+02
3.759533041373370565e+02
3.800711138072018116e+02
3.848748772377503542e+02
3.903929583402291428e+02
3.965521764666196987e+02
4.031639782789741275e+02
4.097938459338457164e+02
4.159035859951472958e+02
4.210665786796411680e+02
4.250839024847953738e+02
4.280052235623940078e+02
4.300223592839893740e+02
4.311694646629154022e+02
4.316630514857131971e+02
4.317324066019008910e+02
4.314979360162149078e+02
4.310445091470984949e+02
4.304542023530833035e+02
4.297976126921763580e+02
4.291263222780880824e+02
4.284867692392150502e+02
4.278830278321877358e+02
4.273068531717925680e+02
4.267148466820783597e+02
4.260625939171300729e+02
4.253110317336781350e+02
4.244556984684019767e+02
4.235030309563534274e+02
4.224978853366837939e+02
4.214782129947974454e+02
4.204845378142869663e+02
4.195513966464258715e+02
4.186942286976147898e+02
4.179265985705683875e+02
4.172453068764056070e+02
4.166406474927849786e+02
4.161596035926387458e+02
4.157270783899579101e+02
4.153193276439194506e+02
4.149100634615464287e+02
4.144729166724272886e+02
4.139860064697306825e+02
4.134302672374143413e+02
4.127897786704323835e+02
4.120567423280972434e+02
4.112264181343031737e+02
4.102993714237060772e+02
4.092844219659125997e+02
4.081901073627445271e+02
4.070340217256821234e+02
4.058341044268198061e+02
4.046101828452768814e+02
4.033877447911978038e+02
4.021884305529189305e+02
4.010395273384233406e+02
3.999674910916922386e+02
3.989979699956384707e+02
3.981618770615366429e+02
3.974870137775129706e+02
3.970055346769813127e+02
3.968024034750049509e+02
3.969704900576447244e+02
3.974434004334137853e+02
3.982525787679973632e+02
3.994368774977903058e+02
4.010368116532712293e+02
4.030843100992448740e+02
4.056242303260023618e+02
4.086714857498012634e+02
4.122379036855657546e+02
4.162907261491889699e+02
4.207395917812145285e+02
4.254513271070970291e+02
4.302110290420893648e+02
4.347799099577894140e+02
4.389047702793536132e+02
4.423677068149698925e+02
4.450167121492397087e+02
4.468026713653717934e+02
4.477183803107861877e+02
4.478577485181626798e+02
4.473082335186381897e+02
4.461878761993162925e+02
4.446057922017382680e+02
4.426571878957377066e+02
4.404459996854068891e+02
4.380050615756668435e+02
4.353918029607943367e+02
4.326473354218177292e+02
4.298060476070555183e+02
4.268963003790720450e+02
4.239396438607477648e+02
4.209550149263205299e+02
4.179571343553334373e+02
4.149589085818325316e+02
4.119705140643329173e+02
4.090016638950952483e+02
4.060594669183262226e+02
4.031516730714325831e+02
4.002841067595330742e+02
3.974626470385690595e+02
3.946934160426503126e+02
3.919808091722219956e+02
3.893316193213545375e+02
3.867499523463079072e+02
3.842427376318378265e+02
3.818155013620037721e+02
3.794740512247366837e+02
3.772576227127980815e+02
3.751526556345467611e+02
3.731490940082570091e+02
3.712508911831832279e+02
3.694641541490049121e+02
3.677941570891067613e+02
3.662418694207763110e+02
3.648121405199893843e+02
3.635012641355925780e+02
3.623082728092704770e+02
3.612273172475748879e+02
3.602492318796303721e+02
3.593648819629883633e+02
3.585590915290976000e+02
3.578170605267727638e+02
3.571215289613361392e+02
3.564554636297753518e+02
3.558003198260921067e+02
3.551414603714684972e+02
3.544622286740404320e+02
3.537523305158240987e+02
3.530028092122390717e+02
3.522057821032079801e+02
3.513607564987851788e+02
3.504748432159098570e+02
3.495505399947037972e+02
3.485770864324488230e+02
3.475604058762679074e+02
3.465093358718530681e+02
3.454306483056997195e+02
3.443345456331644527e+02
3.432297712017586946e+02
3.421253714801943602e+02
3.410309421498938605e+02
3.399546037911272833e+02
3.389048815529424701e+02
3.378894512855681000e+02
3.369142988161377730e+02
3.359858527242181481e+02
3.351077758022611306e+02
3.342836317771290737e+02
3.335155322020137305e+02
3.328031559399788648e+02
3.321467877803163447e+02
3.315432717862628920e+02
3.309896117881839359e+02
3.304818130605321471e+02
3.300135388453382461e+02
3.295697881121186583e+02
3.291684599779558198e+02
3.287859825622485346e+02
3.284157504717384199e+02
3.280492623957960632e+02
3.276808866538939924e+02
3.273031160032684852e+02
3.269098289736538163e+02
3.264962208981839353e+02
3.260562014269919473e+02
3.255869319342560857e+02
3.250844693116147255e+02
3.245464255893192558e+02
3.239719541995978034e+02
3.233595042082531563e+02
3.227102638231381206e+02
3.220246573253027691e+02
3.213045454147286932e+02
3.205526827538373595e+02
3.197715272331340088e+02
3.189650201899171407e+02
3.181367643961159501e+02
3.172908806105102144e+02
3.164318952729959165e+02
3.155502254334798522e+02
3.146628243610983873e+02
3.137770620511583957e+02
3.128972720924498958e+02
3.120281994129696272e+02
3.111740959689608985e+02
3.103388942207760124e+02
3.095269797316514655e+02
3.087412230596362406e+02
3.079854632092683460e+02
3.072621677249812251e+02
3.065736912224824664e+02
3.059224231198344910e+02
3.053090296200097100e+02
3.047352362653835485e+02
3.042007540803907091e+02
3.037056551891369622e+02
3.032493950955584978e+02
3.028302315597740630e+02
3.024472255260947691e+02
3.020976935876391849e+02
3.017799119919277473e+02
3.014913046561647434e+02
3.012295587426908696e+02
3.009839573911265234e+02
3.007810879076874357e+02
3.005990615732650895e+02
3.004363338571769759e+02
3.002928472848889214e+02
3.001680224518204909e+02
3.000629634724344896e+02
2.999781929956882891e+02
2.999147976860685390e+02
2.998743762416536356e+02
2.998568451158600396e+02
2.998633446910312159e+02
2.998925626450291020e+02
2.999430768482445160e+02
3.000124470646361488e+02
3.000964841069347244e+02
3.001906781393146844e+02
3.002895691016020123e+02
3.003865891458950728e+02
3.004760065891975387e+02
3.005516692079809218e+02
3.006073323794822727e+02
3.006393606589080605e+02
3.006424080934052085e+02
3.006214628737133125e+02
3.005600306299220961e+02
3.004653770584462222e+02
3.003398617474044272e+02
3.001839442709345462e+02
3.000018914289229315e+02
2.997756545639890078e+02
2.993136111862881421e+02
2.990705089626025028e+02
2.988252717270721632e+02
2.985852416509651448e+02
2.983565340796093324e+02
2.981466319796385278e+02
2.979621827718902978e+02
2.978105084644764702e+02
2.976989462185438242e+02
2.976341007764289657e+02
2.976239473749645299e+02
2.976741333121999560e+02
2.977926095159472766e+02
2.979848690139165228e+02
2.982576785915193796e+02
2.986171629962740894e+02
2.990678109640542743e+02
2.996172767181311087e+02
3.002461349763639191e+02
3.009847558223200394e+02
3.018355116521141213e+02
3.028069063210012359e+02
3.039033159911051598e+02
3.051292007334237724e+02
3.064924478230855698e+02
3.079894657799358129e+02
3.096261466071204040e+02
3.113922086832295122e+02
3.132836068152214466e+02
3.152867931800211636e+02
3.173880988764549897e+02
3.195730144493380180e+02
3.218280440949832837e+02
3.241481209787777402e+02
3.265323205167399010e+02
3.290016109959297523e+02
3.315885315631995240e+02
3.343588279448691196e+02
3.374052619839729346e+02
3.408419290186381545e+02
3.448088751581466909e+02
3.494242979287882918e+02
3.546684672336334074e+02
3.606233647226776498e+02
3.672025755431757830e+02
3.742288135494165431e+02
3.814896018294344344e+02
3.886650097126163246e+02
3.954656096180541454e+02
4.015859537165343909e+02
4.067656982610618002e+02
4.108484179259231155e+02
4.137764484638838098e+02
4.155645748141600961e+02
4.163410076899341448e+02
4.162243642737325899e+02
4.153797371168685686e+02
4.139523231751040271e+02
4.120672619913157178e+02
4.098436667612707538e+02
4.073664165580555618e+02
4.047126423060541356e+02
4.019382302420986548e+02
3.990864111051491250e+02
3.961917560684665318e+02
3.932901190850625994e+02
3.904323807731288980e+02
3.875923535153168586e+02
3.847803089136407380e+02
3.820050488058827227e+02
3.792732477371816344e+02
3.765895882475530811e+02
3.739592531260766464e+02
3.713844096092939822e+02
3.688685439255139045e+02
3.664132403679053027e+02
3.640196517322631848e+02
3.616896853759690202e+02
3.594226638697190310e+02
3.572201429016741940e+02
3.550810978967636515e+02
3.530055490942299343e+02
3.509931507438174094e+02
3.490422065334649346e+02
3.471528153923778177e+02
3.453224995850183632e+02
3.435508823026653431e+02
3.418358639690928840e+02
3.401758522636976068e+02
3.385929006966070460e+02
3.370790084981414338e+02
3.356138859494044482e+02
3.341944526511055074e+02
3.328193158768988269e+02
3.314859412145171973e+02
3.301922044498621176e+02
3.289364072788033582e+02
3.277157557924060711e+02
3.265289763251095678e+02
3.253733098245692190e+02
3.242471577894808092e+02
3.231483675955266790e+02
3.220747669156937150e+02
3.210247981778801432e+02
3.199962240406599676e+02
3.189874753649195895e+02
3.179969697026706399e+02
3.170229642213920442e+02
3.160644886423566504e+02
3.151201320605672436e+02
3.141891216090386365e+02
3.132709142292070510e+02
3.123646711415416917e+02
3.114736659822941647e+02
3.106112733390206131e+02
3.097602288507312664e+02
3.089206423756209574e+02
3.080925684907811046e+02
3.072769289592968676e+02
3.064737336383195156e+02
3.056841494133098536e+02
3.049086080197940305e+02
3.041480998330739567e+02
3.034036528447330738e+02
3.026759583988838926e+02
3.019665298176578290e+02
3.012761104272465218e+02
3.006064726477967497e+02
2.999590330529775315e+02
2.993360808972846030e+02
2.987409690205674337e+02
2.981789446714961969e+02
2.976599876854094191e+02
2.972021214409277832e+02
2.968438356318022215e+02
2.966532768139199447e+02
2.967843386104454453e+02
2.974710226574624699e+02
2.991570816804641595e+02
3.023011835818274449e+02
3.071172510824681012e+02
3.133040616609228550e+02
3.201963392654773770e+02
3.272365107890391869e+02
3.346868468236375520e+02
3.434461792161612266e+02
3.549581305131134741e+02
3.699757074264232983e+02
3.877015825810422598e+02
4.054899448895602063e+02
4.204911711594060080e+02
4.312017205221516747e+02
4.380896114710454299e+02
4.420888617138761560e+02
4.441327980596238945e+02
4.449239087203116583e+02
4.448833326264385732e+02
4.443065180654150481e+02
4.433761704805312434e+02
4.422045611074173053e+02
4.408706694861206756e+02
4.393868970606785638e+02
4.378589913001915761e+02
4.362732196480736206e+02
4.346445266788953745e+02
4.329859304841172047e+02
4.313061808449825207e+02
4.296136071342199330e+02
4.279149347695299639e+02
4.262149995850704727e+02
4.245191236555707519e+02
4.228302332118857407e+02
4.211512242652271993e+02
4.194844727273419949e+02
4.178303954356097734e+02
4.161904360970125367e+02
4.145643069869616397e+02
4.129516407154068816e+02
4.113530163111776119e+02
4.097670493207752429e+02
4.081947092306136824e+02
4.066356356521828843e+02
4.050905221749800944e+02
4.035610869456971272e+02
4.020482511941574444e+02
4.005517591329774518e+02
3.991716551814471359e+02
3.978195715952208502e+02
3.964981556684998623e+02
3.952109147909072817e+02
3.939612453758422816e+02
3.927524121886740431e+02
3.915882677898362658e+02
3.904708818809054947e+02
3.894037313600184689e+02
3.883876989325995623e+02
3.874239344198394974e+02
3.865128327021243422e+02
3.856523348539589620e+02
3.848416760050405969e+02
3.840769149621443717e+02
3.833543536522553268e+02
3.826698859310764647e+02
3.820171624567207118e+02
3.813916212843072913e+02
3.807868560134887730e+02
3.801966927547275077e+02
3.796164937427075188e+02
3.790396864959329832e+02
3.783997882146599068e+02
3.777987933843568271e+02
3.771820247002408450e+02
3.765483286694268372e+02
3.758950826686099731e+02
3.752224187995438456e+02
3.745297789454239137e+02
3.738172433876069363e+02
3.730861507481314447e+02
3.723368769363856359e+02
3.715713281351953583e+02
3.707905780967181499e+02
3.699962096353365837e+02
3.691897718581431036e+02
3.683725027326599957e+02
3.675458894092432729e+02
3.667108927161936549e+02
3.658685974885397059e+02
3.650196872090291436e+02
3.641648159173821000e+02
3.633043474798236048e+02
3.624386141712565177e+02
3.615677086924926016e+02
3.606917431614191969e+02
3.597756895308486378e+02
3.588660283324811076e+02
3.579489109837336400e+02
3.570244259038461792e+02
3.560931109327241302e+02
3.551552548276172843e+02
3.542115092760437278e+02
3.532626683663631297e+02
3.523092769962616444e+02
3.513525459100747526e+02
3.503931206870951769e+02
3.494322784300293279e+02
3.484710519610574124e+02
3.475104134066069719e+02
3.465516941612476103e+02
3.455956606128611384e+02
3.446435417752292096e+02
3.436961883421586208e+02
3.427544049479910768e+02
3.418190943691421921e+02
3.408906406471644459e+02
3.399698034624920524e+02
3.390568402511631234e+02
3.381521172923953600e+02
3.372384954534433064e+02
3.363199105143855263e+02
3.354118702581641287e+02
3.345142308610522264e+02
3.336271165249188471e+02
3.327506464385404001e+02
3.318846643760763300e+02
3.310295849948836917e+02
3.301851986172165994e+02
3.293519520111529459e+02
3.285299863980535520e+02
3.277195196107204538e+02
3.269211555464444245e+02
3.261349443370776271e+02
3.253616258753879151e+02
3.246014132028669223e+02
3.238547687023517483e+02
3.231223180823660641e+02
3.224041833026078052e+02
3.217010734472121385e+02
3.210130037746803850e+02
3.203404223112988802e+02
3.196835751326710238e+02
3.190423963870045441e+02
3.184133169661907345e+02
3.177768820074815608e+02
3.171551962238664828e+02
3.165477557552733288e+02
3.159541534595164762e+02
3.153742701604596732e+02
3.148071637164064214e+02
3.142527845494050212e+02
3.137101089676534116e+02
3.131786678653929243e+02
3.126578257896965738e+02
3.121464706276232164e+02
3.116443132171710317e+02
3.111500122962830801e+02
3.106631134459308328e+02
3.101825813749789518e+02
3.097075016633025371e+02
3.092373668026779683e+02
3.087710576830858713e+02
3.083083000907148516e+02
3.078481647032214141e+02
3.073903825680348518e+02
3.069344605755542261e+02
3.064800748489233229e+02
3.060196088951379352e+02
3.055360954306098051e+02
3.050536471684698654e+02
3.045723480396789569e+02
3.040929237981022197e+02
3.036158057322508057e+02
3.031416892647937402e+02
3.026714992818189671e+02
3.022057528495231509e+02
3.017457058930496032e+02
3.012919994251327012e+02
3.008459251448317104e+02
3.004086616399067680e+02
2.999813055352027504e+02
2.995656997214689454e+02
2.991630071071698467e+02
2.987756280531967832e+02
2.984055142078079825e+02
2.980555190237619740e+02
2.977294759707515368e+02
2.974315172546437225e+02
2.971697430651790910e+02
2.969539041340440235e+02
2.968044776106201539e+02
2.967534980220021907e+02
2.968662910454314670e+02
2.972979113957181312e+02
2.983087233268680052e+02
3.004566440284851865e+02
3.046084471526706920e+02
3.121093892154325431e+02
3.242782875396488862e+02
3.412437279989080139e+02
3.614131114049056350e+02
3.815531043829829514e+02
3.984504470224798069e+02
4.106156363450714935e+02
4.186811434762695399e+02
4.243035418145685185e+02
4.294053264058470063e+02
4.351541997839111104e+02
4.421175235252893003e+02
4.497922134497336515e+02
4.572495779703359631e+02
4.638560376522102615e+02
4.697438520280372813e+02
4.756663475720262113e+02
4.819268953261185402e+02
4.869224613254068004e+02
4.891723004559353853e+02
4.891487090069513215e+02
4.876862650943118069e+02
4.854760381040547941e+02
4.828079601172104844e+02
4.798640293699226618e+02
4.767375051666235208e+02
4.735001827906538097e+02
4.702141723203043284e+02
4.669199623904244731e+02
4.636633964670607497e+02
4.604708743024023647e+02
4.573671382565029262e+02
4.543689644551993752e+02
4.514843082529410481e+02
4.487201470604798601e+02
4.460734684245169888e+02
4.435410049092773761e+02
4.411135802281287965e+02
4.387812835932318194e+02
4.365304188701240946e+02
4.343511765696530347e+02
4.322309215454059768e+02
4.302835732258980670e+02
4.283300809215448908e+02
4.264195448216047453e+02
4.245634702937675229e+02
4.227751045663483183e+02
4.210837104371298096e+02
4.195164162519658930e+02
4.181212596796218577e+02
4.169412983325627806e+02
4.160384521388364760e+02
4.154749654532777754e+02
4.153141345950579080e+02
4.156263663904492205e+02
4.164486214270028768e+02
4.178016164647808637e+02
4.196206366339578153e+02
4.217878513341845519e+02
4.241166807163003227e+02
4.264313077593362777e+02
4.285947403703475516e+02
4.305247556913011522e+02
4.321776027620007881e+02
4.335335987865346397e+02
4.345946505071981960e+02
4.352765889658194851e+02
4.357861355073886784e+02
4.360093934570913916e+02
4.359809594306404392e+02
4.357220758242718261e+02
4.352747478698310601e+02
4.346806868212356108e+02
4.339865708149280294e+02
4.332498076099314517e+02
4.325151814744421586e+02
4.318352680775410022e+02
4.312370265244505845e+02
4.307357034050387483e+02
4.303214945044576325e+02
4.299774159755093592e+02
4.296855307384247453e+02
4.294388727089313988e+02
4.292334149094599525e+02
4.290586391889914353e+02
4.288965342199396105e+02
4.287181842618306291e+02
4.284899015913883318e+02
4.281786615527605591e+02
4.277552450576324077e+02
4.272403586695049853e+02
4.266111482199980287e+02
4.257980456580581290e+02
4.248083756935961901e+02
4.236492643765604953e+02
4.223350797761132185e+02
4.208842718192823895e+02
4.193133608705721258e+02
4.176449338850011372e+02
4.158983031880302974e+02
4.140957428225125341e+02
4.122590483659985807e+02
4.104113107376491030e+02
4.085750362390449482e+02
4.067751662809640720e+02
4.050354944386415355e+02
4.033811017155224476e+02
4.018393882304459339e+02
4.004344155088410844e+02
3.991988740640633750e+02
3.981585337313877062e+02
3.973547415226141197e+02
3.968223700774295253e+02
3.966127148970767280e+02
3.967902713107558270e+02
3.973884319462655412e+02
3.984583072800620585e+02
3.999970056378499521e+02
4.020076616866411428e+02
4.044004632140760691e+02
4.070825163183351378e+02
4.098890726638517776e+02
4.126611963326502632e+02
4.152076041182053245e+02
4.173806311559863502e+02
4.190531710689283500e+02
4.201749982576392313e+02
4.207500110755431706e+02
4.208139602326612021e+02
4.204540141429379219e+02
4.197328345008185693e+02
4.187408065970074063e+02
4.175385047715747078e+02
4.161857436162424051e+02
4.147323991058618162e+02
4.132131383325545357e+02
4.116651220102231719e+02
4.101099050397319843e+02
4.085056866019112363e+02
4.069982460477858695e+02
4.055311863029248229e+02
4.041167072389392843e+02
4.027624219099233756e+02
4.014860517293107023e+02
4.002992342254820528e+02
3.992310795636829539e+02
3.983064047546320126e+02
3.975614133664640235e+02
3.970405838189805081e+02
3.967759517475948314e+02
3.968190071276044932e+02
3.971868388501189315e+02
3.978985153787783133e+02
3.989409003356536232e+02
4.002679751426595658e+02
4.018126492586550285e+02
4.034813269633751247e+02
4.051791498913913188e+02
4.068162942596129596e+02
4.083345277804896227e+02
4.096755531703427664e+02
4.108370715792840429e+02
4.118366872391470110e+02
4.126396529575167165e+02
4.132761672761024556e+02
4.137470661775122949e+02
4.140640951477846556e+02
4.142154906810109765e+02
4.142005349487151307e+02
4.140021706408987257e+02
4.136169781409986399e+02
4.130336794707559989e+02
4.122550893040898359e+02
4.112838787549075619e+02
4.101292673198253169e+02
4.088086310366689418e+02
4.073354363557934334e+02
4.057347966718297130e+02
4.040238914291430206e+02
4.022275128454013498e+02
4.003649057755295075e+02
3.984565341259154252e+02
3.965216158189354019e+02
3.945762027706740014e+02
3.926369121115623102e+02
3.907156729108156696e+02
3.888481344984277825e+02
3.870372142372842177e+02
3.852779888736621388e+02
3.835747089434842678e+02
3.819310694958466570e+02
3.803492272908438849e+02
3.788285502925083392e+02
3.773693238889640043e+02
3.759675415528037092e+02
3.746211928953228494e+02
3.733246617625961790e+02
3.720734657474080223e+02
3.708621784309716531e+02
3.696844894910942116e+02
3.685355347505591226e+02
3.674089277015572179e+02
3.663005647825224287e+02
3.652054215645676436e+02
3.641202351504511512e+02
3.630420242766097090e+02
3.619689164791279836e+02
3.609000301423217820e+02
3.598352513453057213e+02
3.587756112634011743e+02
3.577221906702596925e+02
3.566802963407600942e+02
3.556502123428306845e+02
3.546347106561142368e+02
3.536365310010335747e+02
3.526583650233114327e+02
3.517024226434904790e+02
3.507710103921609743e+02
3.498651507445153470e+02
3.489858486205299073e+02
3.481329623544097558e+02
3.473056752264708962e+02
3.465025884361864428e+02
3.457213613156399674e+02
3.449594017946806730e+02
3.442134277666452249e+02
3.434800226440343636e+02
3.427555115244404647e+02
3.420366761156984126e+02
3.413197500885322597e+02
3.406021464859348953e+02
3.398808629024016454e+02
3.391538961761587530e+02
3.384197438326187921e+02
3.376724601523545175e+02
3.369303039778183688e+02
3.361804872430442970e+02
3.354238923661416152e+02
3.346608979846503189e+02
3.338929520477198025e+02
3.331217033111424826e+02
3.323492123086976449e+02
3.315785720141156503e+02
3.308126404439340718e+02
3.300559444772845836e+02
3.293120815592203598e+02
3.285868264547551689e+02
3.278848678812896651e+02
3.272119933369189084e+02
3.265744709143660884e+02
3.259766928662206737e+02
3.254260151378278465e+02
3.249251863977405037e+02
3.244801365742835628e+02
3.240929541922179169e+02
3.237657129230223063e+02
3.235003734337045671e+02
3.232944044870956191e+02
3.231725758126015648e+02
3.231414912389979008e+02
3.231636174743345009e+02
3.232272484013748794e+02
3.233223240538549703e+02
3.234361524247073021e+02
3.235558107725625518e+02
3.236706049414943891e+02
3.237660532383062559e+02
3.238338804412246077e+02
3.238606534075219088e+02
3.238396380605439617e+02
3.237605712120980002e+02
3.236178437382211541e+02
3.234054262638570094e+02
3.231192421049736936e+02
3.227582831687556677e+02
3.223209274775127824e+02
3.218115830174650114e+02
3.212314791638877409e+02
3.205887218245866279e+02
3.198886904801719879e+02
3.191400464005428148e+02
3.183517785813654655e+02
3.175304875564395388e+02
3.166642836451225662e+02
3.157807734188621112e+02
3.148895457617258558e+02
3.139974375082975371e+02
3.131115724837055723e+02
3.122373437528696627e+02
3.113792149498960384e+02
3.105408733702385575e+02
3.097244051409650183e+02
3.089316725230543170e+02
3.081628739823459000e+02
3.074181303860895014e+02
3.066966110750786356e+02
3.059973813848775421e+02
3.053191669068381202e+02
3.046609579623521995e+02
3.040212363203635277e+02
3.033994495714721324e+02
3.027948756982538043e+02
3.022069911774299840e+02
3.016364715733031971e+02
3.010829073885262801e+02
3.005479244544899302e+02
3.000307236959193915e+02
2.995169644900078652e+02
2.990288677735901501e+02
2.985676146740539707e+02
2.981370126163849932e+02
2.977387830725854201e+02
2.973761645842979533e+02
2.970524831174393512e+02
2.967695313277017704e+02
2.965314776428302252e+02
2.963495574977503679e+02
2.960981182135610652e+02
2.960507686166486110e+02
2.960552990107655091e+02
2.961124380445075417e+02
2.962208394800748579e+02
2.963801857230629366e+02
2.965884592374726481e+02
2.968444067534762780e+02
2.971455728295700283e+02
2.974905787249687705e+02
2.978768986776826750e+02
2.983031824372528149e+02
2.987679479191517657e+02
2.992567525831444186e+02
2.999221521504333623e+02
3.006306418002205874e+02
3.013745743227331673e+02
3.021454413401071974e+02
3.029359219405328076e+02
3.037385892393165250e+02
3.045464229295678251e+02
3.053524087764051274e+02
3.061490326141322385e+02
3.069303566726339341e+02
3.076883503020884518e+02
3.084192592428690318e+02
3.091173758860469434e+02
3.097804304122608414e+02
3.104075249541944004e+02
3.109965248938103741e+02
3.115511054267868758e+02
3.120707444224376559e+02
3.125595214176893251e+02
3.130185871799500319e+02
3.134493186949597430e+02
3.138533728351111449e+02
3.142292494418551314e+02
3.145386486103953416e+02
3.149224314876830704e+02
3.152633790546266823e+02
3.155582984697899178e+02
3.158027458208708254e+02
3.159937996898302686e+02
3.161297088947146108e+02
3.162076388518473209e+02
3.162292926939322797e+02
3.161943801869132358e+02
3.161057344911735072e+02
3.159666083352020678e+02
3.157797902506979995e+02
3.155509313115634313e+02
3.152833219222849834e+02
3.149826222445467465e+02
3.146530660881470567e+02
3.142991619608606015e+02
3.139254856694943214e+02
3.135355555283584295e+02
3.131334050112273530e+02
3.127221965490864477e+02
3.123048326946966995e+02
3.118839997254139007e+02
3.114252296192159406e+02
3.109791595839389515e+02
3.105336340047645649e+02
3.100897837421765644e+02
3.096491794281775469e+02
3.092125552902917320e+02
3.087806840945480644e+02
3.083545142205920797e+02
3.079339207517793966e+02
3.075201662836754508e+02
3.071127188283821283e+02
3.067125441090237814e+02
3.063196883936830091e+02
3.059341938507569125e+02
3.055570499690914517e+02
3.051875328524752149e+02
3.048269777807460628e+02
3.044748850509149634e+02
3.041319066841986114e+02
3.037984553768844762e+02
3.034742177672668504e+02
3.031602448781262638e+02
3.028558493563637626e+02
3.025618431313487804e+02
3.022560941156489775e+02
3.019618988507257882e+02
3.016791879026721404e+02
3.014080622556637650e+02
3.011493671729456878e+02
3.009036652422215070e+02
3.006717732341607530e+02
3.004545534810910681e+02
3.002533310113682887e+02
3.000687942099230554e+02
2.999028397383922879e+02
2.997558541128889260e+02
2.996292362764244217e+02
2.995236617799346277e+02
2.994388009929427881e+02
2.993755991896587147e+02
2.993319139209885975e+02
2.993078988844119408e+02
2.993013736348361817e+02
2.993119380831744820e+02
2.993400997003049611e+02
2.993889110793431314e+02
2.994662953612622118e+02
2.995875191312525203e+02
2.997972452955244194e+02
3.001185433219954461e+02
3.006213491444367492e+02
3.013919860138131526e+02
3.025661152859692038e+02
3.042953306459742180e+02
3.067642808395102634e+02
3.101495697084542940e+02
3.145477794173359030e+02
3.199852933463437807e+02
3.263053585089332955e+02
3.331966420266934392e+02
3.402492185378773684e+02
3.469624591672514384e+02
3.529002442312581138e+02
3.577809928079339556e+02
3.614546758621900722e+02
3.639471428442318484e+02
3.653918265168319408e+02
3.659350122943048405e+02
3.657769975534406512e+02
3.650669197823033869e+02
3.639430227377834512e+02
3.625180396100912503e+02
3.608117439174416745e+02
3.589761637741925711e+02
3.570332860246653013e+02
3.550197066135873456e+02
3.529641576594901267e+02
3.508859006411698260e+02
3.488014320849258638e+02
3.467228025058311118e+02
3.446584570246877206e+02
3.426165803370920457e+02
3.406019369095806724e+02
3.386192399626129941e+02
3.366722479441676796e+02
3.347630411169701574e+02
3.328948651285148230e+02
3.310687991682787583e+02
3.292869402457917545e+02
3.275507602110538983e+02
3.258610280840748601e+02
3.242198262748897264e+02
3.226274505006809932e+02
3.210858899562553006e+02
3.195962957736546173e+02
3.181599276222946173e+02
3.167635477645681021e+02
3.154389122581287666e+02
3.141755281222748977e+02
3.129758621884279250e+02
3.118435809122826186e+02
3.107837996772665861e+02
3.098003518469622009e+02
3.089009891434760107e+02
3.080913513394182814e+02
3.073801771281528090e+02
3.067770391571563664e+02
3.062903862286536878e+02
3.059343325595283432e+02
3.057173963600274647e+02
3.056557634115097812e+02
3.057604488866176666e+02
3.060443683492534888e+02
3.065219955960722586e+02
3.071973380650914578e+02
3.080815258146284918e+02
3.091660073904920409e+02
3.104454942460819780e+02
3.118964876785925640e+02
3.134904735600966887e+02
3.152365064284135769e+02
3.170279693938170453e+02
3.188209276137221195e+02
3.205674761383772307e+02
3.222324340542044752e+02
3.237760235524191330e+02
3.251814334606179386e+02
3.264237085821804953e+02
3.274993438341455771e+02
3.284007421120325034e+02
3.291299795740843024e+02
3.296933881968037667e+02
3.300959655931980592e+02
3.303516213601268987e+02
3.304679887609682396e+02
3.304611254537434775e+02
3.303408530846113536e+02
3.301219798733307584e+02
3.298162133763696602e+02
3.294352915138093749e+02
3.289913797588461648e+02
3.284934053373944494e+02
3.279524503313344894e+02
3.273758114812541749e+02
3.267665718082330955e+02
3.261305140185177720e+02
3.254858506136367282e+02
3.248378185753886669e+02
3.241904186142282356e+02
3.235483888141474722e+02
3.229143767044046172e+02
3.222922316487570242e+02
3.216838358068041543e+02
3.210916098789023181e+02
3.205172529235359775e+02
3.199615207449269860e+02
3.194258569352563200e+02
3.189097629919551196e+02
3.184137289181319943e+02
3.179368419135838053e+02
3.174782151642914982e+02
3.170368197481860761e+02
3.166106753102489506e+02
3.161982535929883511e+02
3.157972972168687988e+02
3.154057164532772504e+02
3.150212603299021339e+02
3.146417530770130497e+02
3.143022946585570025e+02
3.139737576457227988e+02
3.136430867888069542e+02
3.133086855170236049e+02
3.129693561749102741e+02
3.126234764485789128e+02
3.122709985165745934e+02
3.119108497770281474e+02
3.115433668639029747e+02
3.111688129141693366e+02
3.107872171695228189e+02
3.103999788575349612e+02
3.100072863725124535e+02
3.096106716625097874e+02
3.092111539008641898e+02
3.088095954745924701e+02
3.084076900248862216e+02
3.080058629999141999e+02
3.076055405335223440e+02
3.072073196173786300e+02
3.068117298255698984e+02
3.064194861916864738e+02
3.060304012435423147e+02
3.056447015007871073e+02
3.052559108326241244e+02
3.048683288808394991e+02
3.044838789870045161e+02
3.041018485962341629e+02
3.037214265761779188e+02
3.033420086033981988e+02
3.029628862958490458e+02
3.025834363107215950e+02
3.022034599442878289e+02
3.018223411934027922e+02
3.014403257923636374e+02
3.010572305936313455e+02
3.006732862695174617e+02
3.002890033650688792e+02
2.999044207622279146e+02
2.995205747386892199e+02
2.991377830060041561e+02
2.987569723686921179e+02
2.983789412550834186e+02
2.980044321799867362e+02
2.976346624875179714e+02
2.972705626754484456e+02
2.969135229872669584e+02
2.965649664235396585e+02
2.962206140432838311e+02
2.958879768148273115e+02
2.955715227604376310e+02
2.952743739913870513e+02
2.950009436055821084e+02
2.947559439093878382e+02
2.945455781422993482e+02
2.943777084957431498e+02
2.942605678993740526e+02
2.942066485338174289e+02
2.942273787758140884e+02
2.943395590925783836e+02
2.945602685630898918e+02
2.949078537212986362e+02
2.954059732204066790e+02
2.960709822489116618e+02
2.969265377512864461e+02
2.979835142170368272e+02
2.992508212826639920e+02
3.007271291875804309e+02
3.023945724341992900e+02
3.042272296390536326e+02
3.061810457122231810e+02
3.082027354496796647e+02
3.101944198766046839e+02
3.122368347223172691e+02
3.141528035749431638e+02
3.158994292956306822e+02
3.174344698843046331e+02
3.187436693981012468e+02
3.198176215820295738e+02
3.206589585261930893e+02
3.212846176481025395e+02
3.217069965543822718e+02
3.219509328824814816e+02
3.220361490900359627e+02
3.219842126005923433e+02
3.218173049045981315e+02
3.215527079649106668e+02
3.212090877182639588e+02
3.208014380325630555e+02
3.203432488578556558e+02
3.198471257984436420e+02
3.193231097856389624e+02
3.187803617617922782e+02
3.182271519959323882e+02
3.176698005700691283e+02
3.171150888448084970e+02
3.165358447565010920e+02
3.160231613925172383e+02
3.155253989750051460e+02
3.150464404783172085e+02
3.145913729638537575e+02
3.141636637676243708e+02
3.137677666589226533e+02
3.134075648101227785e+02
3.130865064787490155e+02
3.128088946970735833e+02
3.125776038514794095e+02
3.123966018688924464e+02
3.122686722014937573e+02
3.121966447654986041e+02
3.121833442832801779e+02
3.122307619660489877e+02
3.123410221763529080e+02
3.125157859469962318e+02
3.127558114318474054e+02
3.130624083719634427e+02
3.134353216818122405e+02
3.138744186518860033e+02
3.143792048135044297e+02
3.149470499253192202e+02
3.155358198764984650e+02
3.162778853948275923e+02
3.170797450823775989e+02
3.179361917785922742e+02
3.188418249116767811e+02
3.197917927142900680e+02
3.207792825624714510e+02
3.217999912985933406e+02
3.228473440609387239e+02
3.239178968299237908e+02
3.250076052659804304e+02
3.261166125702185354e+02
3.272472256361120344e+02
3.284093257080446051e+02
3.296225129467420061e+02
3.309197040508634586e+02
3.323617915857856815e+02
3.340224222148754052e+02
3.360206902779524967e+02
3.384590154263163981e+02
3.414362269810972634e+02
3.450171627073170271e+02
3.491694444413368501e+02
3.538173581890090986e+02
3.587789681505541921e+02
3.644114211202913793e+02
3.703485293746090861e+02
3.765152729523965718e+02
3.828056864468831009e+02
3.891556333220611350e+02
3.953477352340796642e+02
4.009703846699238738e+02
4.057002241343273568e+02
4.096407982710582587e+02
4.135137499364919904e+02
4.180491941143771442e+02
4.238118737998120196e+02
4.305559176651796065e+02
4.374785748033540358e+02
4.436399804620006648e+02
4.484544088249096490e+02
4.518443629507145261e+02
4.541400353260757470e+02
4.555350182866393425e+02
4.562053762860944062e+02
4.562251776752800083e+02
4.555842501284215587e+02
4.542879077104724956e+02
4.522620924195149996e+02
4.498018075722901585e+02
4.470764123850854617e+02
4.441990867343931200e+02
4.412745350634019701e+02
4.383628801754467759e+02
4.355090315674393082e+02
4.327460488291225147e+02
4.300977082381398873e+02
4.275894178102888645e+02
4.252413051943323694e+02
4.230773156944168818e+02
4.211159883120411109e+02
4.193761475484946004e+02
4.178777823137344853e+02
4.166338604888926511e+02
4.156710022459051288e+02
4.150010826979749368e+02
4.146390323696035125e+02
4.145944749973684225e+02
4.148520906249853510e+02
4.154048167713514204e+02
4.162243342322237254e+02
4.172807674581973743e+02
4.185074520521772570e+02
4.200356093476677870e+02
4.217154804391723246e+02
4.235212117959667921e+02
4.254041621239253459e+02
4.273280155992539449e+02
4.292193394412942666e+02
4.310081329394117233e+02
4.326433391340617618e+02
4.340618956395402961e+02
4.352420644540760009e+02
4.361610657175624510e+02
4.367991007188211938e+02
4.371578482357436428e+02
4.372215830419071381e+02
4.369905829538617468e+02
4.364746808046904221e+02
4.356866448212362570e+02
4.346635552741378206e+02
4.334422034094571359e+02
4.320666984451416397e+02
4.305871442398266140e+02
4.290459339331482056e+02
4.274925360368229690e+02
4.259277713332566009e+02
4.244637375068756455e+02
4.231269533020695803e+02
4.219565875881291390e+02
4.209995730530375226e+02
4.202951184910334632e+02
4.198789698988402961e+02
4.197829648734081047e+02
4.200151248930935139e+02
4.205755530438132723e+02
4.214323259060095666e+02
4.225303459123647940e+02
4.237961635336047834e+02
4.251330957277918969e+02
4.264425922206277164e+02
4.276329854869609903e+02
4.286182411367657323e+02
4.293427182738265628e+02
4.297696186272742125e+02
4.298828557198316958e+02
4.296951917528780314e+02
4.292238023621287653e+02
4.285060463122914598e+02
4.275809280108159669e+02
4.264612829907648006e+02
4.252616512155231021e+02
4.239796093595867887e+02
4.226575861745296834e+02
4.213301754158611629e+02
4.200332581222652379e+02
4.187940863397938642e+02
4.176406039970444795e+02
4.165939009248841103e+02
4.156705388834524229e+02
4.148861261678720211e+02
4.142441930957747900e+02
4.137528836235607628e+02
4.134058583178125446e+02
4.132031940412019821e+02
4.131344204591131302e+02
4.131932606504880141e+02
4.133712214490628867e+02
4.136555269450976766e+02
4.140411129842336209e+02
4.145080671418348857e+02
4.150506317680362827e+02
4.156431555210615443e+02
4.162735861044076842e+02
4.169817341755166922e+02
4.176300901147352533e+02
4.182310004672577293e+02
4.187529109171252344e+02
4.191794200843043541e+02
4.194770246474866440e+02
4.196345900999422724e+02
4.196250242538853854e+02
4.194401121267170538e+02
4.190659702051225395e+02
4.184962596428770212e+02
4.177317529623510950e+02
4.167692382739713821e+02
4.156207857174092624e+02
4.142887184991236040e+02
4.127903682022256362e+02
4.111349694623120854e+02
4.093396192667382820e+02
4.074199586755922837e+02
4.053898415635061383e+02
4.032678740658624292e+02
4.010656861033972973e+02
3.988005417703113267e+02
3.964838505698736526e+02
3.941459772277506772e+02
3.917366797291079479e+02
3.893168847036569673e+02
3.868972229987671199e+02
3.844854528639330624e+02
3.820908253454103942e+02
3.797205699116057076e+02
3.773829299256668719e+02
3.750849343732790544e+02
3.728343307494431542e+02
3.706382112806124951e+02
3.685036261619719653e+02
3.664381972233539955e+02
3.644477583616274501e+02
3.625402058477575906e+02
3.607202722271720177e+02
3.589943035109913012e+02
3.573665812406972577e+02
3.558397328606401970e+02
3.544172378085714854e+02
3.530978262679524278e+02
3.518816719161191031e+02
3.507654200852542203e+02
3.497438885563326494e+02
3.488095813377924514e+02
3.479668703539253443e+02
3.471978688204093260e+02
3.464935480662804252e+02
3.458444130644764982e+02
3.452440359058720105e+02
3.446839748847932015e+02
3.441594579072161650e+02
3.436660227857148016e+02
3.431999488272668941e+02
3.427603342413622727e+02
3.423448793680491349e+02
3.419538508084013984e+02
3.415860186367304436e+02
3.412407102806243415e+02
3.409163914117042964e+02
3.406098757781917925e+02
3.403179726052366050e+02
3.400345652075710632e+02
3.397536698127017871e+02
3.394671970732131285e+02
3.391663634983794964e+02
3.388424290441416247e+02
3.384858225761885251e+02
3.380943144487326322e+02
3.376461280844525845e+02
3.371407593405817806e+02
3.365733051108613836e+02
3.359398394278380238e+02
3.352379124997738131e+02
3.344684170794848797e+02
3.336315899497159307e+02
3.327313536190362129e+02
3.317713737982357998e+02
3.307563827270665229e+02
3.296928279638267441e+02
3.285857804965685318e+02
3.274423774775417542e+02
3.262683729270300432e+02
3.250698956691022090e+02
3.238531825817534582e+02
3.226232515993275456e+02
3.213857950366156615e+02
3.201453004306831076e+02
3.189061546819514206e+02
3.176725486190261449e+02
3.164477444290560584e+02
3.152352436151335837e+02
3.140378651558293086e+02
3.128569296383299161e+02
3.116985231939017353e+02
3.105641372077531059e+02
3.094555745773374156e+02
3.083740578801026118e+02
3.073203824013868370e+02
3.062958654892742061e+02
3.053006111171868042e+02
3.043356110413344027e+02
3.034011118003857064e+02
3.024972517282018885e+02
3.016248473681395694e+02
3.007833941615539288e+02
2.999737847182947235e+02
2.991957379880336703e+02
2.984494254739345251e+02
2.977353304096321267e+02
2.970528149561141049e+02
2.964027231057120275e+02
2.957843242239636652e+02
2.951979320729565757e+02
2.946433972355073934e+02
2.941201017005842004e+02
2.936289922745624494e+02
2.931723526667892088e+02
2.927456291540526649e+02
2.923478248802365442e+02
2.919782906456923115e+02
2.916364283678800007e+02
2.913209288491414668e+02
2.910313098154202294e+02
2.907660394169550955e+02
2.905243376628753253e+02
2.903048453480905096e+02
2.901063166532262585e+02
2.899276329024286838e+02
2.897672242325272123e+02
2.896240963524406880e+02
2.894966573416941742e+02
2.893838309716277877e+02
2.892842336656927955e+02
2.891966258341271327e+02
2.891199325648747163e+02
2.890528412363128723e+02
2.889944836316824421e+02
2.889436681995696858e+02
2.888995765557745017e+02
2.888607090633974508e+02
2.888292234745263158e+02
2.888020236417133333e+02
2.887783738601233949e+02
2.887578520676827338e+02
2.887398408641757328e+02
2.887239528743598385e+02
2.887097686280110906e+02
2.886968844885614089e+02
2.886850466956861965e+02
2.886738698266088363e+02
2.886631855560291910e+02
2.886526931471619264e+02
2.886422335930506051e+02
2.886316364036510436e+02
2.886207200732038700e+02
2.886094212378902171e+02
2.885975719515365085e+02
2.885851757594811033e+02
2.885721566984141759e+02
2.885585583334266175e+02
2.885444717779546977e+02
2.885300174200735341e+02
2.885155537837550810e+02
2.885005053649423417e+02
2.884892120501900763e+02
2.884801728881565737e+02
2.884747289787881641e+02
2.884749565357334973e+02
2.884831874380643626e+02
2.885035072402377523e+02
2.885402789064099807e+02
2.886000175431409502e+02
2.886911906429630790e+02
2.888230282465489722e+02
2.890100007549820589e+02
2.892646238706013264e+02
2.896051280551181435e+02
2.900484524496338850e+02
2.906101475753245040e+02
2.913081699644864102e+02
2.921484772983296239e+02
2.931384826979856939e+02
2.942730277287120089e+02
2.955405252547524810e+02
2.969251030174388575e+02
2.984032685865548729e+02
2.999476049404078708e+02
3.015125305724769191e+02
3.032359464857278795e+02
3.049670499226762672e+02
3.066865382182926396e+02
3.083791197354063911e+02
3.100471380642841837e+02
3.116843535016141118e+02
3.133001831399349726e+02
3.149002068060111696e+02
3.164889568547301337e+02
3.180799959616700789e+02
3.196743719072606496e+02
3.212818108200834786e+02
3.229024085466257361e+02
3.245348442327820635e+02
3.261762840140659705e+02
3.278156421378911318e+02
3.294417264877918115e+02
3.310379430888509660e+02
3.325865749686514050e+02
3.340689808599399271e+02
3.354697004222438750e+02
3.367700222838288937e+02
3.379628296607348830e+02
3.390092923487898702e+02
3.399797431019524652e+02
3.408164443521697535e+02
3.415202299487381765e+02
3.420994549923181580e+02
3.425553937710491255e+02
3.429006844329431374e+02
3.431393299335647384e+02
3.432820432836217606e+02
3.433364636244099302e+02
3.433092763871989632e+02
3.432099553484671901e+02
3.430425537561864644e+02
3.428155249565211875e+02
3.425323776434067327e+02
3.421989220985526572e+02
3.418189231178228624e+02
3.413956133030759474e+02
3.409329874301935206e+02
3.404326599221389529e+02
3.398982223525460427e+02
3.393307884094214728e+02
3.387331175005113550e+02
3.381067877719103194e+02
3.374181388893514395e+02
3.366768595835457631e+02
3.359096217700692932e+02
3.351195268386183557e+02
3.343083709086220665e+02
3.334787448864238968e+02
3.326331144320897693e+02
3.317734921509655237e+02
3.309026235492607384e+02
3.300223086924513041e+02
3.291350215397843044e+02
3.282426618262400098e+02
3.273471451370495515e+02
3.264504114903513710e+02
3.255539166182265376e+02
3.246593682851567451e+02
3.237678964113956681e+02
3.228808367961794374e+02
3.219991165224054726e+02
3.211235954121211762e+02
3.202550747430224760e+02
3.193940132178497038e+02
3.185411010580499465e+02
3.176965226724548756e+02
3.168362747061983100e+02
3.159736604976484386e+02
3.151217346620716171e+02
3.142808354441886536e+02
3.134509411229017815e+02
3.126324370270282884e+02
3.118252416537678187e+02
3.110296413511345008e+02
3.102457590209433533e+02
3.094737197534046231e+02
3.087139571732577110e+02
3.079664698983793301e+02
3.072319668097823637e+02
3.065106800802928433e+02
3.058034932255334866e+02
3.051113649478397747e+02
3.044353559315029543e+02
3.037776904416768957e+02
3.031402547381596264e+02
3.025269780544200557e+02
3.019420972716170013e+02
3.013919290988492321e+02
3.008857065070101271e+02
3.004337919638715562e+02
3.000446693037342243e+02
2.997561050776737375e+02
2.995899926197442369e+02
2.995825958906775668e+02
2.997766765161676972e+02
3.002346571602830068e+02
3.010152243402341128e+02
3.022038643098436523e+02
3.038745049677482939e+02
3.061105659371201568e+02
3.089797411453166660e+02
3.125161087230052317e+02
3.167340703791197711e+02
3.215686035587968377e+02
3.269375450450953053e+02
3.326537992897848426e+02
3.385286519308916695e+02
3.443059405136863802e+02
3.497756865048525015e+02
3.547343286730862246e+02
3.590745192070590406e+02
3.627241178526931549e+02
3.656864162875860416e+02
3.679943114423289785e+02
3.696911438070133045e+02
3.707604890126854116e+02
3.713474487929140651e+02
3.715207211563529199e+02
3.713267732746513730e+02
3.708156192456323197e+02
3.700309975852932780e+02
3.690081810720922704e+02
3.677855975623176619e+02
3.663904727372330967e+02
3.648526927728810278e+02
3.631952973368302082e+02
3.614402046575427789e+02
3.596071998874468818e+02
3.577120616925330978e+02
3.557708161490123189e+02
3.537953411424743990e+02
3.517979751303334979e+02
3.497881874759987682e+02
3.477751020829536515e+02
3.457664005433011312e+02
3.437687993365597663e+02
3.417886211798461318e+02
3.398307685822697408e+02
3.378934728053283152e+02
3.359929111671535793e+02
3.341283725478494944e+02
3.323026686058075256e+02
3.305188611130520258e+02
3.287798119672385724e+02
3.270872044977732003e+02
3.254440258506967893e+02
3.238511028686335180e+02
3.223107491674719540e+02
3.208239191299780373e+02
3.193914416816663220e+02
3.180147642507427577e+02
3.166933710984066579e+02
3.154285143880881037e+02
3.142193614349363884e+02
3.130658598153377170e+02
3.119676160238549301e+02
3.109230066950676701e+02
3.099317743346456950e+02
3.089915841185152203e+02
3.081013796961830735e+02
3.072591473887704865e+02
3.064625542970502465e+02
3.057050094508915663e+02
3.049914020126089440e+02
3.043164165756475086e+02
3.036774243739803296e+02
3.030722964785405225e+02
3.024991076551586389e+02
3.019554158503589747e+02
3.014397519830451415e+02
3.009499531435706103e+02
3.004846512140450727e+02
3.000423242356767446e+02
2.996215587618297604e+02
2.992214304782551153e+02
2.988406401192334556e+02
2.984786310650282530e+02
2.981344386840269749e+02
2.978075820851130970e+02
2.974975627505342572e+02
2.972037957751691692e+02
2.969261758837345724e+02
2.966641042146144400e+02
2.964176091161103841e+02
2.961862955607854815e+02
2.959699850790780715e+02
2.957710128035993762e+02
2.955884584290848807e+02
2.954199210460673726e+02
2.952646192551890749e+02
2.951222598046506391e+02
2.949921850847940732e+02
2.948736123411966901e+02
2.947659944545225699e+02
2.946681639763665999e+02
2.945794356546306858e+02
2.944985142064681440e+02
2.944243485139966765e+02
2.943556954345099257e+02
2.942911808148495538e+02
2.942296159767781774e+02
2.941695205060152603e+02
2.941097744134463028e+02
2.940490181686382130e+02
2.939862924236487629e+02
2.939205289042012623e+02
2.938510663282392557e+02
2.937773222762035630e+02
2.936990044403506204e+02
2.936162783472971682e+02
2.935288223511223578e+02
2.934407227379123242e+02
2.933507968399825359e+02
2.932613237545089078e+02
2.931750709479225065e+02
2.930951961196260527e+02
2.930261459947864182e+02
2.929721496927442672e+02
2.929387231896327535e+02
2.929316823974993440e+02
2.929566922699638667e+02
2.930209135723217742e+02
2.931299035781276530e+02
2.932904357136137037e+02
2.935091428896093930e+02
2.937918287687410839e+02
2.941475824896970153e+02
2.945847460997662211e+02
2.951163438684583298e+02
2.957618136960441575e+02
2.965434635103266601e+02
2.975005856706510485e+02
2.986749300661534789e+02
3.001270279407415842e+02
3.019048777492188833e+02
3.041640690024883611e+02
3.069065324433013302e+02
3.101618388255918148e+02
3.139413500292257595e+02
3.181884826385303882e+02
3.227776062509940971e+02
3.275444259275662944e+02
3.323076332527894579e+02
3.369013476666269185e+02
3.412548295818642714e+02
3.453593266905911037e+02
3.493259428920973733e+02
3.533984574979014042e+02
3.579798042452335949e+02
3.637000516447864698e+02
3.714080477454062361e+02
3.819802616449819084e+02
3.958746395759118286e+02
4.127992456121621672e+02
4.313403068217529039e+02
4.497965213386146957e+02
4.666657142258391673e+02
4.810854041419628402e+02
4.927981737151565653e+02
5.020365015468165666e+02
5.090550071106826522e+02
5.143668757048072848e+02
5.183602304272116044e+02
5.213446934464441256e+02
5.235800792878591210e+02
5.252501571301925196e+02
5.265044082434011443e+02
5.274586645254152018e+02
5.281944433536033330e+02
5.287777569653625278e+02
5.292519927085879772e+02
5.296500615842221578e+02
5.299953168426737875e+02
5.303035779911367626e+02
5.305872835886326584e+02
5.308543727457740715e+02
5.311112844123133527e+02
5.313623294647462671e+02
5.316110985424606952e+02
5.318589484476580083e+02
5.321075556934791848e+02
5.323549405584715259e+02
5.325859848469848430e+02
5.328192465710498027e+02
5.330353735573653466e+02
5.332238518107707250e+02
5.333706318765271135e+02
5.334628860563453827e+02
5.334892142962570460e+02
5.334376540727663496e+02
5.333038447794652939e+02
5.330827415327177050e+02
5.327757472888232542e+02
5.323870835230414968e+02
5.319220436555077640e+02
5.313911028779930348e+02
5.308022311078220810e+02
5.301671423350991290e+02
5.294945110752339588e+02
5.287946076208268096e+02
5.280747240941210521e+02
5.273424791004198369e+02
5.266026005601232782e+02
5.258595435992236844e+02
5.251155703631524148e+02
5.243720942263219058e+02
5.236142707556593905e+02
5.228802982080386528e+02
5.221459682958483199e+02
5.214091557921244657e+02
5.206702512453657619e+02
5.199279631553721401e+02
5.191834389567836752e+02
5.184373816777294905e+02
5.176919224913607422e+02
5.169497876052192851e+02
5.162147642075384510e+02
5.154910373392950760e+02
5.147843713629060858e+02
5.141005795676373964e+02
5.134465552879860297e+02
5.128303453301007266e+02
5.122591361594548971e+02
5.117428649867271133e+02
5.112888927566427810e+02
5.109077538559019445e+02
5.106076786254972717e+02
5.103982203757404932e+02
5.102885954408537259e+02
5.102860892003797630e+02
5.104063544031248512e+02
5.106520171445611140e+02
5.110267938400441494e+02
5.115290282224768816e+02
5.121569425923677272e+02
5.129018220751219133e+02
5.137506563583168600e+02
5.146868077845709877e+02
5.156848368763571671e+02
5.167203594667726065e+02
5.177594713037101428e+02
5.187731703554813976e+02
5.197270307508863425e+02
5.205938466688244262e+02
5.213467799715418778e+02
5.219673759497270566e+02
5.224424262964884065e+02
5.227651442339354162e+02
5.229382976938841239e+02
5.229651260790473088e+02
5.228603299196394119e+02
5.226351936633180912e+02
5.223091672137176147e+02
5.218992657524096330e+02
5.214249309947797428e+02
5.209067206376661261e+02
5.203612668006471722e+02
5.198082162896839691e+02
5.192622656576459121e+02
5.187412792764940832e+02
5.182590586006043623e+02
5.178318905432167867e+02
5.174740227500036553e+02
5.172001890340010277e+02
5.170263990055328804e+02
5.169643190835869291e+02
5.170303233445517890e+02
5.172308553808200031e+02
5.175751446000527949e+02
5.180610801475078233e+02
5.186780991623861610e+02
5.194078042771265018e+02
5.202128715246266211e+02
5.210485161968740613e+02
5.218572636041149053e+02
5.225744589011732160e+02
5.231369750418789408e+02
5.234901657755752922e+02
5.235914086466186745e+02
5.234184347979361291e+02
5.229544859179367222e+02
5.222103005090802981e+02
5.212089119626784850e+02
5.199783058050246609e+02
5.185626451206056799e+02
5.170000208583769563e+02
5.153360868578083682e+02
5.136128548198414592e+02
5.118701796676893423e+02
5.101452778705892115e+02
5.084731831013262990e+02
5.068811248802103933e+02
5.053980186900179206e+02
5.040420541351673478e+02
5.028293897570566742e+02
5.017715039724362214e+02
5.008670823137387060e+02
5.001176675203005288e+02
4.995054679035984577e+02
4.990147836164024397e+02
4.986169320377376835e+02
4.982796780312137912e+02
4.979864280732308544e+02
4.976835235352150448e+02
4.973290929250071599e+02
4.968914530139111889e+02
4.963464799371109848e+02
4.956729175014264683e+02
4.948644320241063497e+02
4.939112206541241790e+02
4.928198188320687905e+02
4.915940276955831223e+02
4.902428326730512254e+02
4.887799124116873486e+02
4.872129744461735186e+02
4.855580389651069595e+02
4.838233913452410206e+02
4.820206954690479506e+02
4.801596484246976502e+02
4.782468252634751025e+02
4.762914406240443554e+02
4.742983039629325503e+02
4.722739883444068028e+02
4.702239506252622618e+02
4.681521165031314808e+02
4.660645472117428199e+02
4.639270763203565480e+02
4.617666592311294949e+02
4.596002119136214787e+02
4.574328057029539423e+02
4.552704855739346499e+02
4.531192492896296358e+02
4.509846904824140097e+02
4.488745710117891008e+02
4.467942768677778531e+02
4.447516369235159459e+02
4.427540848208972761e+02
4.408084530657711753e+02
4.389251425956974799e+02
4.371112031456906948e+02
4.353781605292962809e+02
4.337381830520523067e+02
4.322031984426398594e+02
4.307954955338266814e+02
4.295325455179903997e+02
4.284484791790476947e+02
4.275825443525408218e+02
4.269838698408979099e+02
4.267378241243402499e+02
4.269207304784969779e+02
4.275951457135467990e+02
4.289076988083475612e+02
4.309949608785332771e+02
4.339614846098541534e+02
4.377722420581684446e+02
4.423421570989722795e+02
4.473970283313158234e+02
4.526193199615455001e+02
4.576674412360884503e+02
4.622909655740066910e+02
4.662901834649689476e+02
4.696196597669642756e+02
4.722444554844593654e+02
4.741870865369313037e+02
4.754935573127260113e+02
4.761890987209147852e+02
4.763490050049012439e+02
4.760027177821830833e+02
4.752313192104624591e+02
4.740844573747952495e+02
4.726257151285539635e+02
4.709150531591839126e+02
4.689938699134348781e+02
4.669142197066077529e+02
4.647194894992476293e+02
4.624290667419924148e+02
4.600581638262530646e+02
4.576234963774621747e+02
4.551397352607273774e+02
4.526140196406945506e+02
4.500553191199963408e+02
4.474676528450432329e+02
4.448546195074149523e+02
4.422194951507910901e+02
4.395630089505053775e+02
4.368883167258812819e+02
4.341958827738174023e+02
4.314879849197631643e+02
4.287660777382745891e+02
4.260317053985057782e+02
4.232871953883108631e+02
4.205340149646357872e+02
4.177746675478177849e+02
4.150109151419007958e+02
4.122451157417264085e+02
4.094788398834324425e+02
4.067145483146835545e+02
4.039533512856374387e+02
4.012181166374136865e+02
3.985059902035595201e+02
3.958132262024757893e+02
3.931432409239114349e+02
3.904967116191587593e+02
3.878764800222363078e+02
3.852839939791845723e+02
3.827201432074885474e+02
3.801882356618967265e+02
3.776871806944827199e+02
3.752212207382521569e+02
3.727892509100046823e+02
3.703940998806144194e+02
3.680370297629609126e+02
3.657188034797519549e+02
3.634433858557335384e+02
3.612108241066604819e+02
3.590250859603357299e+02
3.568893395814208134e+02
3.548065519790779945e+02
3.527848036957617524e+02
3.508275157899827263e+02
3.489472199172640217e+02
3.471537515304191288e+02
3.455337482444146531e+02
3.440509547282596259e+02
3.426904119606185759e+02
3.414758633950329454e+02
3.404187903653492526e+02
3.395443331932376054e+02
3.388771233773226754e+02
3.384358182527939789e+02
3.382593269415532973e+02
3.383555434378960172e+02
3.387531365589125016e+02
3.394550037653476124e+02
3.404534485130094481e+02
3.417343227387993352e+02
3.432430988263784570e+02
3.449260394438532558e+02
3.466980342545142548e+02
3.484715978180392426e+02
3.501541220930488407e+02
3.516684138294996274e+02
3.529344845682942946e+02
3.539176977022760866e+02
3.545838553944923319e+02
3.549266701162335380e+02
