nan
4.979879917113512420e+02
4.959226291263940425e+02
4.943528693699214500e+02
4.935021905764854750e+02
4.936825893083802725e+02
4.954383080806252906e+02
4.992934026811323065e+02
5.060246767571475175e+02
5.160180875614503293e+02
5.291500107932797619e+02
5.443992153918289887e+02
5.599454436891850264e+02
5.739366053155006284e+02
5.853474255456021638e+02
5.938901690274711882e+02
5.998626803509799856e+02
6.038024993464845238e+02
6.060547287070399989e+02
6.070546183853575712e+02
6.070050558003947572e+02
6.061108923821317376e+02
6.045183049757453091e+02
6.023131592736490347e+02
5.996078820158198823e+02
5.963653203902225641e+02
5.926877757549068519e+02
5.886456058241277560e+02
5.842966884205769702e+02
5.797015086604350245e+02
5.748969846230401117e+02
5.699344975174213914e+02
5.648507529324635925e+02
5.596821705571253460e+02
5.544657561926060225e+02
5.492304738360973033e+02
5.440090584957263218e+02
5.388297180148961161e+02
5.337214825073423299e+02
5.287120286933037505e+02
5.238361978554495408e+02
5.191212802044561840e+02
5.146157551334396203e+02
5.103557113119421160e+02
5.063987746649783617e+02
5.028108890216320788e+02
4.996521967839340164e+02
4.970314867696520764e+02
4.950080212403289011e+02
4.936080894324064161e+02
4.929801812080370951e+02
4.931531315921188821e+02
4.941265578002361281e+02
4.957634749585442933e+02
4.978976898140772391e+02
5.002483364061253042e+02
5.025304220246956106e+02
5.044717624580130177e+02
5.058901746649698339e+02
5.066445599507455313e+02
5.067373989762118072e+02
5.061750596633219743e+02
5.050315293736084641e+02
5.033925182024050287e+02
5.013244401275250084e+02
4.989246665162680188e+02
4.962499917212056175e+02
4.933692764899382155e+02
4.903337324397659813e+02
4.871852648619205297e+02
4.839641798910534476e+02
4.806982091597530484e+02
4.774120929476385982e+02
4.740132642727745633e+02
4.706325527349695790e+02
4.672790481839542167e+02
4.639589548004873905e+02
4.606721098149187128e+02
4.574186394519807095e+02
4.541938683505819654e+02
4.509937131989457839e+02
4.478126083980916405e+02
4.446451972835417337e+02
4.414872229349677468e+02
4.383342213160801180e+02
4.351839618601520669e+02
4.320343337969601407e+02
4.288853069446142854e+02
4.257375329859714270e+02
4.225923399794071997e+02
4.194526752950102377e+02
4.163208366502644822e+02
4.132008085436332294e+02
4.100959286716942529e+02
4.070099715742552462e+02
4.039470582475428841e+02
4.009105799298384909e+02
3.978679531268661549e+02
3.948621150189055129e+02
3.918952576108823109e+02
3.889720829299624256e+02
3.860938640321197113e+02
3.832640073767958029e+02
3.804845708131566084e+02
3.777565133893461393e+02
3.750831149348366580e+02
3.724636327134961675e+02
3.699006748134823397e+02
3.673941159204848645e+02
3.649441862592672123e+02
3.625525656757798743e+02
3.602172266741751514e+02
3.579400407618712165e+02
3.557190847148351622e+02
3.535543920392176460e+02
3.514458133786299072e+02
3.493909938743336738e+02
3.473908784819839184e+02
3.454424003098791331e+02
3.435457051808158440e+02
3.416988883523894174e+02
3.399173895973414119e+02
3.381878024519706400e+02
3.365065375921170130e+02
3.348728168159804000e+02
3.332836552223576518e+02
3.317369606771281383e+02
3.302314333081472455e+02
3.287637163554633162e+02
3.273332658692319797e+02
3.259370938003372089e+02
3.245741098785399572e+02
3.232428532816023790e+02
3.219412929879406420e+02
3.206693713123043494e+02
3.194250002969987463e+02
3.182083837836153748e+02
3.170186716414006014e+02
3.158555369808092337e+02
3.147199621912719181e+02
3.136114567820267780e+02
3.125321228921632155e+02
3.114827857158155666e+02
3.104658604936524853e+02
3.094851891219924482e+02
3.085851768994387498e+02
3.077299501654396749e+02
3.069254500812005517e+02
3.061822829472847616e+02
3.055147187911597371e+02
3.049379052628593172e+02
3.044801055641622156e+02
3.041674099240401006e+02
3.040434278033636701e+02
3.041590475029766480e+02
3.045696941505302107e+02
3.053611160420987858e+02
3.065931174075205377e+02
3.083664639464699917e+02
3.107454283532447334e+02
3.138220751146071734e+02
3.176884381876681687e+02
3.224402741313870138e+02
3.282652263116456197e+02
3.353709345140537721e+02
3.445248992928607095e+02
3.580628926783227257e+02
3.827485309486697247e+02
4.316195515373811986e+02
5.016860072773164916e+02
5.599146796079123760e+02
5.876413235573604652e+02
5.959551905923016193e+02
5.978756848289164054e+02
5.992459419153223052e+02
6.007873777746616497e+02
6.014904759392491087e+02
6.006125707012516841e+02
5.981654681250230396e+02
5.941982321834365166e+02
5.892146197233429348e+02
5.836305770942841491e+02
5.778054286677291884e+02
5.719261718612560799e+02
5.660827180403410921e+02
5.603208492684457269e+02
5.546438835874440656e+02
5.490642117324940727e+02
5.435772869292505902e+02
5.381902634680419624e+02
5.329085783681180146e+02
5.277352798297587242e+02
5.226813736135990212e+02
5.176016107758447333e+02
5.126668097655689280e+02
5.078772949906000918e+02
5.032354064153835225e+02
4.987464322893333701e+02
4.944104587396579404e+02
4.902350428639103370e+02
4.862216311859573921e+02
4.823762950258993101e+02
4.787045223276779780e+02
4.752090050573524991e+02
4.718980389988494721e+02
4.687720936025114042e+02
4.658386661772428283e+02
4.630986138225248965e+02
4.605551030065483360e+02
4.582117377833468481e+02
4.560677998191100642e+02
4.541319667535436793e+02
4.524072917338799584e+02
4.509151807285139739e+02
4.496844948381723270e+02
4.487706638946710314e+02
4.482805206278359265e+02
4.482544411939934434e+02
4.490785042906812237e+02
4.511067105106951658e+02
4.548363586030350234e+02
4.608316751719237914e+02
4.693276548085191848e+02
4.796795951622609664e+02
4.901046974394366771e+02
4.991588870038204959e+02
5.063143513027353606e+02
5.116999254871864764e+02
5.156090598975041530e+02
5.186125948209604530e+02
5.211798173178141269e+02
5.236391833197867527e+02
5.260163454392172753e+02
5.280210120771187121e+02
5.292846184039883610e+02
5.295928400438349399e+02
5.289314504934231991e+02
5.273986949140680736e+02
5.251960165170899018e+02
5.224587329196953078e+02
5.194132620601469625e+02
5.160856215780696630e+02
5.125202571509618110e+02
5.087863305557239073e+02
5.049343193677516979e+02
5.010117384110035346e+02
4.970668195458254672e+02
4.931437254773034624e+02
4.892914818749625283e+02
4.855695351142530853e+02
4.820354117382360641e+02
4.787731401859654170e+02
4.758667811485614720e+02
4.734185320503762568e+02
4.715509814594304885e+02
4.703616021783869883e+02
4.699753553011859140e+02
4.704455432680914555e+02
4.717955569125962256e+02
4.739548047526533310e+02
4.767311912047439364e+02
4.798602428886722464e+02
4.830631466986889109e+02
4.860915351612115956e+02
4.887208063423078670e+02
4.910286966957317532e+02
4.929268038322039729e+02
4.944700227361143448e+02
4.957020103398679112e+02
4.966998927903887306e+02
4.974984988471402403e+02
4.981209141610501092e+02
4.985767801757636448e+02
4.988507102527767074e+02
4.989534326573557905e+02
4.988845927311247692e+02
4.986553077234290754e+02
4.982842553037505695e+02
4.977604222639960767e+02
4.970807233050239233e+02
4.962089960263966759e+02
4.950982666618023700e+02
4.937128426387952800e+02
4.920150856557798420e+02
4.899961442974375814e+02
4.876784571580816987e+02
4.850887991766566643e+02
4.822872822398805965e+02
4.793261970488791803e+02
4.761752696480725717e+02
4.729676081149535776e+02
4.697283136601468527e+02
4.664849199270039435e+02
4.632522618285145768e+02
4.600466110996060820e+02
4.568794246145799889e+02
4.537591544080389099e+02
4.506956500089409587e+02
4.476950164362341411e+02
4.447650704138094966e+02
4.419134430213179030e+02
4.391467693975765769e+02
4.364750845263820906e+02
4.339068856865777661e+02
4.314531671065493583e+02
4.291273219017711540e+02
4.269408601299119255e+02
4.249118555364347571e+02
4.230541271482410934e+02
4.213862614512929099e+02
4.199266569546545043e+02
4.186894321432338302e+02
4.177302982132065381e+02
4.169788029856845810e+02
4.165027279922313141e+02
4.163026622438775348e+02
4.163745360266955799e+02
4.167049672074518867e+02
4.172706447488891399e+02
4.180446316766335713e+02
4.189850389020214720e+02
4.200543540156745621e+02
4.211954702895185392e+02
4.223564293726060441e+02
4.234715171643009626e+02
4.244795796780179558e+02
4.253184448338125208e+02
4.259411436354986336e+02
4.263092471350717574e+02
4.264105407299468311e+02
4.262496999972366893e+02
4.258531695312912575e+02
4.252743247368019865e+02
4.245897156946489872e+02
4.239100370748934665e+02
4.233974640452056519e+02
4.232823471560400321e+02
4.238431330617882509e+02
4.254760371058652595e+02
4.285557671460671827e+02
4.335041281854778958e+02
4.405865861410465527e+02
4.498399547723709588e+02
4.608915002683137345e+02
4.727529183024462327e+02
4.839864665664547374e+02
4.934282225964744839e+02
5.003886046946078636e+02
5.048142772588804519e+02
5.070363046080656204e+02
5.074448706369967681e+02
5.064700639943257556e+02
5.045147346726986370e+02
5.018857302447125335e+02
4.988403629586562715e+02
4.955519766558803099e+02
4.921397443365892173e+02
4.886899549534876428e+02
4.852535566323105627e+02
4.818698486439481030e+02
4.785620309880331433e+02
4.754031450111602339e+02
4.723536539297528520e+02
4.694172244013980162e+02
4.665982050774435379e+02
4.638967824956361028e+02
4.613090296504437333e+02
4.588328985950377046e+02
4.564594926426355528e+02
4.541819386230134228e+02
4.519910759221680792e+02
4.498747899565492503e+02
4.478246919434923825e+02
4.458274703950984303e+02
4.438735223557810627e+02
4.419530874812991783e+02
4.400555180017161092e+02
4.381752951657501285e+02
4.363051278625653140e+02
4.344421190426547810e+02
4.325854291899825057e+02
4.307365057938863515e+02
4.289013961352552542e+02
4.270891673950442851e+02
4.252992178648860886e+02
4.235997969042958289e+02
4.219934399330230121e+02
4.205140108359709075e+02
4.192091809725652638e+02
4.181347119882107108e+02
4.173583665014450617e+02
4.169768103227688130e+02
4.170850030451939006e+02
4.178222596209753306e+02
4.193201058133577703e+02
4.217014429804415272e+02
4.250747814856367199e+02
4.294144194039236027e+02
4.346094303343861611e+02
4.404121544606522889e+02
4.464658881859781445e+02
4.524220500990426217e+02
4.579299637899379150e+02
4.626700077682309029e+02
4.664376559371322628e+02
4.691148034734684984e+02
4.707023072696951544e+02
4.713269693678414001e+02
4.712307315298397157e+02
4.703826420896812124e+02
4.690355118452487773e+02
4.673179916110568684e+02
4.653355811682838521e+02
4.631612259627749495e+02
4.608558330868680741e+02
4.584599733978257632e+02
4.560043926436538300e+02
4.535109029031293062e+02
4.509942234635423119e+02
4.484647611410124455e+02
4.459292730233036082e+02
4.433912809649169162e+02
4.408540247328679698e+02
4.383178296675721981e+02
4.357846105095391636e+02
4.332545041484362969e+02
4.307287011676108364e+02
4.282091155832419531e+02
4.256962233891737242e+02
4.231934843868939993e+02
4.207017870378057296e+02
4.182244946957537195e+02
4.158964827972145031e+02
4.135295007412302652e+02
4.111942683818668343e+02
4.088903900162886202e+02
4.066196268501211648e+02
4.043813796977314610e+02
4.021756916007499854e+02
4.000026902488084488e+02
3.978606921383873214e+02
3.957501919960653254e+02
3.936691240116005019e+02
3.916175619897922502e+02
3.895943132998117449e+02
3.875985189632646666e+02
3.856303817875300979e+02
3.836884354894796729e+02
3.817735294948030855e+02
3.798845416223417146e+02
3.780219857778748747e+02
3.761858923545992184e+02
3.743759560673478290e+02
3.725928922403439856e+02
3.708361325161334321e+02
3.691062638546378025e+02
3.675034213750314507e+02
3.659118504103342957e+02
3.643463301805504670e+02
3.628062747192315101e+02
3.612916066508503832e+02
3.598016325820885299e+02
3.583359963359682752e+02
3.568940273707075335e+02
3.554750988705288819e+02
3.540784862298928033e+02
3.527033940898440392e+02
3.513489552257705668e+02
3.500142403058600280e+02
3.486983558751671808e+02
3.474003053099311273e+02
3.461192024329519086e+02
3.448539721588713860e+02
3.436037370681742118e+02
3.423675828944863042e+02
3.411445651724016557e+02
3.399339715566077302e+02
3.387348727749094337e+02
3.375467122492019030e+02
3.363687997655915183e+02
3.352372292298275624e+02
3.341015411928444792e+02
3.329747397864362028e+02
3.318567100756476407e+02
3.307472923242614797e+02
3.296463861778554474e+02
3.285542010916989852e+02
3.274707386562679403e+02
3.263964663465999934e+02
3.253317596211214777e+02
3.242772536062915947e+02
3.232337988201377925e+02
3.222023345547042368e+02
3.211842642937508003e+02
3.201811017537277735e+02
3.191950419618743808e+02
3.182283708541984879e+02
3.172845695942107795e+02
3.163671975669181506e+02
3.154815791711945963e+02
3.146340637455898559e+02
3.138326730244983196e+02
3.130897064886443673e+02
3.124184616587572236e+02
3.118818404802071882e+02
3.114659654952326946e+02
3.112130576992662441e+02
3.111856450965723297e+02
3.114652988240587774e+02
3.121905890079893311e+02
3.135178493658524417e+02
3.156979777485632326e+02
3.189885429092459503e+02
3.236656573923842757e+02
3.299247985567095043e+02
3.376896361632076378e+02
3.466429092148317181e+02
3.561038067887401439e+02
3.654045328078181001e+02
3.739484556342420092e+02
3.815093274228615314e+02
3.879221806414017806e+02
3.932871643188111648e+02
3.976292845133002629e+02
4.011094766162164547e+02
4.037848488756535517e+02
4.057528705313046657e+02
4.070545562644828692e+02
4.077807828532540384e+02
4.079088509872115083e+02
4.076304012749138224e+02
4.070329286451979556e+02
4.061754207935061345e+02
4.051290301556019244e+02
4.039364214083645948e+02
4.026391680695444393e+02
4.012665155687789706e+02
3.998379639755873995e+02
3.983721898356890847e+02
3.968783361063696589e+02
3.953670713762127775e+02
3.938442007068502448e+02
3.923149649729317048e+02
3.907845017291458589e+02
3.892551304134451016e+02
3.877315040935010302e+02
3.862153296306252628e+02
3.847098936544194885e+02
3.832173490365396447e+02
3.817395032957381886e+02
3.802789927563669607e+02
3.788368042471032595e+02
3.774264950975189095e+02
3.760421404087198880e+02
3.746866318477581785e+02
3.733601605763922748e+02
3.720626696399974094e+02
3.707944683921152773e+02
3.695549335742780954e+02
3.683443197374216425e+02
3.671618041359145082e+02
3.660072857585763586e+02
3.648801784102612942e+02
3.637798224881581177e+02
3.627059911045855074e+02
3.616576204216053725e+02
3.606346339385060560e+02
3.596360993575484031e+02
3.586616851759562223e+02
3.577109896682721342e+02
3.567833429088314006e+02
3.558788547617785412e+02
3.549969253318506617e+02
3.541378122933162444e+02
3.533014279039842336e+02
3.524879585270891766e+02
3.517186458481241402e+02
3.510545197769143897e+02
3.504208002575624619e+02
3.498188886522955841e+02
3.492509825568050701e+02
3.487190814108128052e+02
3.482257064193464657e+02
3.477734341593627505e+02
3.473647729515275842e+02
3.470026468698198983e+02
3.466889346928791156e+02
3.464258680528054128e+02
3.462142998894121320e+02
3.460541256347738113e+02
3.459449215330726588e+02
3.458838470488863663e+02
3.458688324632747140e+02
3.458968192202004843e+02
3.459642741026844988e+02
3.460710593667460557e+02
3.462151754807344446e+02
3.463995672236176802e+02
3.466267919281415288e+02
3.469019833641628452e+02
3.472425495807364086e+02
3.478483162141828871e+02
3.485231243442095206e+02
3.492767083778930441e+02
3.501296930382665096e+02
3.511207484085095416e+02
3.523726378658162730e+02
3.542480560002099992e+02
3.577612777910426303e+02
3.650218682993794914e+02
3.790110777824779120e+02
4.016506559390825259e+02
4.274264078073244946e+02
4.540112002024375784e+02
4.819822136993640811e+02
5.086150182040489085e+02
5.299861124246161808e+02
5.491948487312537281e+02
5.720825536922662877e+02
5.969087556653448701e+02
6.202780523679274438e+02
6.405649249046854266e+02
6.552606033303173945e+02
6.627150929582078334e+02
6.638948368226665480e+02
6.622106613649314113e+02
6.598504021279029530e+02
6.574881114316816593e+02
6.553487548210935074e+02
6.534911544965967778e+02
6.519318618854018723e+02
6.506150347668403811e+02
6.494316088392193933e+02
6.482272320331297806e+02
6.468640004706728632e+02
6.452206866547530808e+02
6.432624883704264676e+02
6.409695052850198635e+02
6.383473044736880411e+02
6.354252212483685298e+02
6.322075218791896987e+02
6.287205691861580590e+02
6.249922570941211006e+02
6.210708317009739403e+02
6.170516188769274777e+02
6.131142046414879587e+02
6.095433380271419992e+02
6.068471694901786577e+02
6.058042096592045027e+02
6.074234049581065165e+02
6.126502622551045079e+02
6.214707361407057533e+02
6.325804461708352164e+02
6.435182866645560580e+02
6.523781896627707511e+02
6.585568154857356831e+02
6.626688683601544199e+02
6.650420878396664648e+02
6.657331954693659100e+02
6.645613955644115549e+02
6.615766525073399862e+02
6.571568541768035630e+02
6.518121403841464598e+02
6.459510870417562955e+02
6.398902168364658110e+02
6.338008026716040604e+02
6.277842959774374094e+02
6.219005262908639224e+02
6.161769714058093541e+02
6.106354176963889131e+02
6.052859650129001921e+02
6.001347824408798033e+02
5.952323666293169708e+02
5.905238776523352726e+02
5.860100355274777257e+02
5.816829044015775025e+02
5.775371851847721700e+02
5.735631479809640041e+02
5.697537362748760188e+02
5.661018637987641569e+02
5.626048771956649261e+02
5.592658406977691357e+02
5.560892372097008547e+02
5.530903716471400458e+02
5.502816277957946340e+02
5.476802029593512771e+02
5.453041118414670336e+02
5.431565072126501263e+02
5.412358376422524771e+02
5.395220410148725705e+02
5.379671207502889274e+02
5.365196923227414345e+02
5.351042090691832982e+02
5.336385633828981554e+02
5.320616493004240510e+02
5.302993565175618187e+02
5.283165402899102219e+02
5.261881346972658093e+02
5.237799649698163194e+02
5.210988603130413139e+02
5.181451183476526694e+02
5.149334295488592943e+02
5.114874956947089117e+02
5.078275538224730212e+02
5.039841606649578694e+02
4.999885528454524319e+02
4.958690348031630606e+02
4.916616337197044118e+02
4.873947677435665469e+02
4.830977537239805315e+02
4.787988821510604680e+02
4.745179117218269198e+02
4.702775507770966783e+02
4.660928434618164715e+02
4.619770144234514646e+02
4.579426523642368920e+02
4.539956072864449084e+02
4.501444631417637083e+02
4.463925533353943820e+02
4.427427555231267320e+02
4.392064130501624959e+02
4.358368843807265876e+02
4.325697722896163100e+02
4.294019140694910561e+02
4.263322698511217936e+02
4.233582067045977055e+02
4.204755344571178171e+02
4.176822016434492753e+02
4.149724926686303661e+02
4.123439159203284134e+02
4.097911473655718169e+02
4.073102828737245886e+02
4.048975745677952318e+02
4.025479902862869039e+02
4.002592027697722301e+02
3.980263233518725769e+02
3.958473819204011193e+02
3.937189788926422125e+02
3.916386353245072769e+02
3.896049604772978228e+02
3.876153062793787285e+02
3.856694365851939210e+02
3.837655424458295670e+02
3.819032738723782359e+02
3.800870356142579567e+02
3.783395309576387149e+02
3.766312331686879702e+02
3.749618845217894432e+02
3.733325222858701977e+02
3.717438285504944702e+02
3.701962437787727254e+02
3.686912180937838457e+02
3.672290604635536511e+02
3.658111227863624322e+02
3.644383077601056584e+02
3.631111587342952021e+02
3.618312567675413902e+02
3.605985604523361872e+02
3.594145093765426964e+02
3.582793942971222236e+02
3.571936437834908702e+02
3.561582297441516971e+02
3.551724876231658641e+02
3.542376126987734892e+02
3.533526654308502088e+02
3.525182008004979366e+02
3.517339172485371250e+02
3.509992114790921391e+02
3.503204197180896244e+02
3.497002936200074146e+02
3.491287573403671445e+02
3.486043240780044812e+02
3.481276217572021210e+02
3.476980141842522016e+02
3.473149233091749579e+02
3.469789342700487964e+02
3.466883772826245718e+02
3.464443756981005436e+02
3.462451201574242532e+02
3.460909064624727876e+02
3.459807200347585194e+02
3.459134128432604030e+02
3.458887102742027650e+02
3.459044267675716355e+02
3.459602337768361622e+02
3.460537151999881189e+02
3.461836084352281659e+02
3.463474798500164979e+02
3.465432895123578874e+02
3.467684600044208310e+02
3.470202624868850876e+02
3.472956886095492450e+02
3.475857743192959788e+02
3.479112439589748647e+02
3.482452342993498178e+02
3.485841961480028885e+02
3.489231678853886365e+02
3.492581447235108385e+02
3.495845134559236840e+02
3.498977688046624053e+02
3.501940976974580053e+02
3.504692117122045261e+02
3.507200165149685631e+02
3.509431913945734323e+02
3.511366123023059913e+02
3.512980922403423278e+02
3.514263062395179986e+02
3.515201960113164432e+02
3.515790575753571261e+02
3.516027766033966486e+02
3.515911074385251140e+02
3.515442049456379436e+02
3.514621782720056444e+02
3.513451449499518731e+02
3.511931473081151012e+02
3.510065552733046843e+02
3.507677717697248454e+02
3.505057367811836571e+02
3.502077366950317696e+02
3.498745769909395449e+02
3.495068042505530457e+02
3.491045954663082398e+02
3.486696876968094898e+02
3.482019898231033039e+02
3.477036672491818763e+02
3.471755321758251966e+02
3.466190616328920555e+02
3.460364367634179530e+02
3.454284836881539036e+02
3.447980691827180522e+02
3.441462543228731192e+02
3.434754465594833732e+02
3.427876568362504486e+02
3.420843311031071607e+02
3.413680371575205186e+02
3.406398993668812523e+02
3.399021593866281137e+02
3.391562629445577386e+02
3.384035809517981761e+02
3.376457859781884281e+02
3.368880420376309530e+02
3.361423622264247228e+02
3.353935394080018568e+02
3.346422212245142305e+02
3.338887387278351184e+02
3.331330750094297741e+02
3.323754160868368217e+02
3.316152894586702473e+02
3.308526349312162438e+02
3.300868117709454737e+02
3.293174267116995111e+02
3.285439330239814240e+02
3.277656624902497242e+02
3.269823775435133371e+02
3.261933383739747114e+02
3.253987204303831504e+02
3.245982032640200714e+02
3.237923161590840095e+02
3.229816900550122227e+02
3.221672771031865636e+02
3.213510463927958085e+02
3.205347501966100481e+02
3.197219253277448843e+02
3.189157013650046792e+02
3.181064216533362696e+02
3.173282129796102140e+02
3.165729534794461983e+02
3.158487833566154563e+02
3.151646198806514008e+02
3.145326642245354947e+02
3.139643426535524782e+02
3.134769451489347034e+02
3.130864576555712802e+02
3.128155504421320643e+02
3.126897571759543553e+02
3.127398556294044170e+02
3.130091596768011186e+02
3.135466381583834732e+02
3.144300126415675436e+02
3.157480447883900183e+02
3.176400445673517652e+02
3.202544566115918769e+02
3.237736599570334306e+02
3.283400595227485042e+02
3.339795031745722440e+02
3.405785541847819786e+02
3.478116407111565422e+02
3.552371858354537153e+02
3.623600950683443784e+02
3.689308934299866678e+02
3.746531482528450283e+02
3.794458091146336756e+02
3.832706573087992297e+02
3.861952174207186772e+02
3.883088102300092146e+02
3.897027523606435011e+02
3.905008979951502397e+02
3.908082466175080185e+02
3.907260337496871898e+02
3.903576457162801603e+02
3.897781793299716924e+02
3.890648968946298396e+02
3.882760279925637406e+02
3.874573655350667991e+02
3.866511219679745182e+02
3.858817068529177732e+02
3.851719724483451728e+02
3.845353283163705100e+02
3.839788620974708806e+02
3.835091678125973544e+02
3.831272133027325140e+02
3.828350910232769593e+02
3.826272618761922786e+02
3.826068597441384327e+02
3.826756417986038628e+02
3.828310551451871788e+02
3.830738068505810361e+02
3.833953873179497691e+02
3.837811323846950131e+02
3.842156167810330203e+02
3.846763463292865026e+02
3.851447956962352919e+02
3.856122513774384970e+02
3.860690915005005763e+02
3.865201004081325209e+02
3.869634851541510443e+02
3.873976468552144183e+02
3.878206799556573969e+02
3.882157424304866709e+02
3.885704816639670867e+02
3.888627521481286635e+02
3.890652700548776011e+02
3.891618045870110905e+02
3.891223446337236282e+02
3.889303988760870538e+02
3.885664313002126846e+02
3.880018326947769083e+02
3.872315529564344274e+02
3.862686355919003063e+02
3.851131908175127023e+02
3.837748320002839932e+02
3.822621186344898092e+02
3.805981348020429778e+02
3.788042139725192214e+02
3.769036602600492643e+02
3.749239296500916225e+02
3.728846425899637325e+02
3.708089288116914304e+02
3.687137940421301892e+02
3.666138194341699545e+02
3.645228692330420017e+02
3.624494380759802539e+02
3.604027974614052141e+02
3.583891648145446993e+02
3.564130289821547422e+02
3.544793921208730580e+02
3.525900326414131314e+02
3.507479899606207141e+02
3.489546211443262678e+02
3.472105708843361072e+02
3.455485610673603674e+02
3.439388778111783722e+02
3.423790308948446182e+02
3.408680247005630122e+02
3.394051820450482069e+02
3.379903122830747861e+02
3.366215878171231566e+02
3.352990564743016080e+02
3.340208299919694923e+02
3.327861282328676680e+02
3.315939282490710980e+02
3.304424604441862812e+02
3.293312568657722181e+02
3.282582469375001892e+02
3.272226691679670125e+02
3.262230587814383966e+02
3.252579258058970595e+02
3.243265249353000854e+02
3.234270666154172886e+02
3.225591111941999429e+02
3.217214244191146690e+02
3.209136845201633719e+02
3.201360452270860719e+02
3.193890691646598157e+02
3.186730745691992297e+02
3.180163150438073103e+02
3.174027646721959286e+02
3.168436236776937562e+02
3.163577844578238114e+02
3.159742168823223096e+02
3.157401399600068430e+02
3.157318109716671302e+02
3.160702178813791079e+02
3.169587222446343731e+02
3.187191855265335789e+02
3.218481062476423062e+02
3.271061295610836055e+02
3.353757992925623626e+02
3.475839586892327588e+02
3.641190560492033228e+02
3.843350586444659598e+02
4.061976900116563343e+02
4.266040592549853727e+02
4.428154020920978837e+02
4.537787716004916660e+02
4.599518401638471232e+02
4.626292842191354566e+02
4.630473229165687599e+02
4.621390034333991821e+02
4.603652837603523267e+02
4.581357806813596198e+02
4.556619503766726780e+02
4.530489555354341178e+02
4.503670997229188515e+02
4.476532525234953255e+02
4.449297734891787854e+02
4.422106084913283439e+02
4.395009038634846661e+02
4.368059459625219461e+02
4.341256968990683731e+02
4.314609583053151027e+02
4.288111705952361490e+02
4.261753867101836590e+02
4.235535014363458117e+02
4.209450583042215612e+02
4.183501191891378994e+02
4.157693560018867061e+02
4.132035308557714757e+02
4.106539338839337461e+02
4.081223633472076244e+02
4.056104629724270580e+02
4.031206411543610670e+02
4.006921139756645402e+02
3.982665608205974763e+02
3.958749127060144701e+02
3.935189251838539235e+02
3.912010761689130618e+02
3.889233886332635279e+02
3.866879272907800669e+02
3.844970914951794612e+02
3.823524833941255565e+02
3.802565678102907327e+02
3.782108994992307771e+02
3.762173570076303690e+02
3.742777197689151762e+02
3.723929342361866475e+02
3.705648649900611531e+02
3.687939090995342326e+02
3.670811641580235118e+02
3.654271316499616091e+02
3.638314813758375408e+02
3.622948917083581932e+02
3.608160930162965201e+02
3.593949630568008047e+02
3.580304761384711583e+02
3.567207355292658804e+02
3.554771474346742934e+02
3.543158131442961576e+02
3.532026356325009147e+02
3.521346038393000981e+02
3.511087990157048466e+02
3.501236970385285758e+02
3.491754383245321947e+02
3.482629460586731511e+02
3.473830559850457576e+02
3.465336010599688734e+02
3.457131291338707229e+02
3.449184548434257067e+02
3.441489344110341904e+02
3.434017542855373790e+02
3.426756143820965121e+02
3.419690664020405393e+02
3.412798526035056739e+02
3.406075077987383111e+02
3.399498271106683660e+02
3.393060841162276233e+02
3.386750937970974178e+02
3.380555859679768105e+02
3.374472668774904491e+02
3.368488075708161205e+02
3.362598662123734243e+02
3.357078969654405682e+02
3.351632445132316889e+02
3.346255880697077032e+02
3.340945798350454652e+02
3.335701895205411347e+02
3.330521383018332244e+02
3.325405459450535659e+02
3.320352550212986671e+02
3.315365911290097074e+02
3.310444655794373148e+02
3.305591115065398071e+02
3.300807861670487569e+02
3.296094348389642619e+02
3.291456692286279804e+02
3.286892603613757728e+02
3.282408086429069272e+02
3.278003409533205286e+02
3.273680281797583689e+02
3.269443321700385923e+02
3.265290334281206697e+02
3.261227235686718586e+02
3.257251725557356963e+02
3.253366958668258349e+02
3.249512902778262742e+02
3.245930584546631508e+02
3.242428167080479398e+02
3.239002766902153212e+02
3.235658048167639436e+02
3.232393190326868080e+02
3.229208335980125071e+02
3.226105891477511136e+02
3.223082948358167528e+02
3.220142593828861095e+02
3.217282139283528863e+02
3.214502336800085232e+02
3.211802855275202546e+02
3.209181155741195539e+02
3.206638817800511561e+02
3.204171799919213868e+02
3.201780673061493872e+02
3.199462773894930478e+02
3.197216104076312035e+02
3.195040159373625670e+02
3.192930939848862977e+02
3.190888669092564669e+02
3.188909458811949662e+02
3.186992229074250531e+02
3.185041853451108409e+02
3.183333565881841309e+02
3.181689707827455891e+02
3.180108241272745317e+02
3.178590737695632811e+02
3.177134855587663083e+02
3.175741140069363837e+02
3.174407634836239822e+02
3.173132998876195643e+02
3.171916263701118055e+02
3.170753665348644290e+02
3.169644555724057682e+02
3.168583470780398557e+02
3.167569179597392122e+02
3.166596474086640569e+02
3.165661603260901416e+02
3.164761148596102203e+02
3.163888540343695013e+02
3.163041654393083491e+02
3.162213275690175465e+02
3.161401848076619103e+02
3.160602790653754823e+02
3.159814930853080455e+02
3.159038342708866480e+02
3.158161321756904272e+02
3.157545534572000747e+02
3.156954325284302740e+02
3.156406739892628934e+02
3.155918808472982846e+02
3.155524539833315885e+02
3.155258916237439166e+02
3.155171125523127671e+02
3.155328187207146016e+02
3.155791953506849836e+02
3.156662611304262782e+02
3.158018998954661924e+02
3.159981440056810129e+02
3.162652965520390467e+02
3.166150566458500180e+02
3.170614641777141856e+02
3.176153128622934219e+02
3.182958576301766698e+02
3.191144395330483690e+02
3.200929707868560286e+02
3.212430176473417873e+02
3.225763625206392931e+02
3.240972322299782604e+02
3.257926070329903609e+02
3.277344186606081848e+02
3.298076727147782208e+02
3.319456996555310297e+02
3.340938409160651759e+02
3.362095887706483381e+02
3.382448212462336983e+02
3.401701472185302464e+02
3.419577933404700616e+02
3.435906440459109490e+02
3.450614982989088730e+02
3.463613661081944315e+02
3.474962358067213586e+02
3.484624706218089614e+02
3.492699030814665093e+02
3.499208332512670836e+02
3.504230063087138092e+02
3.507837861081525830e+02
3.510084978149073436e+02
3.511083999217269138e+02
3.510872101015446560e+02
3.509574603671780437e+02
3.507249431918693858e+02
3.504019235270770878e+02
3.500001814172123318e+02
3.495364671935136585e+02
3.490696191058377735e+02
3.485878455818407247e+02
3.481474618457477845e+02
3.478402389782423256e+02
3.478385238262616781e+02
3.484229969374131315e+02
3.501359029645259966e+02
3.537657153774145513e+02
3.604949671410544170e+02
3.714506109058809784e+02
3.867943450033588420e+02
4.051445767979838024e+02
4.236667144223104629e+02
4.398784294110469091e+02
4.528355217333249243e+02
4.630109946987345779e+02
4.712592685158980430e+02
4.784710618930063788e+02
4.847920726905927609e+02
4.901679097956745181e+02
4.943939682623420708e+02
4.974887501670602887e+02
4.995104409868274615e+02
5.005704431802116119e+02
5.009310187755994548e+02
5.008440346537742585e+02
5.004246155730785972e+02
4.997326234423335904e+02
4.988330435647331456e+02
4.977594622070486139e+02
4.965467048572945146e+02
4.952248258680441495e+02
4.938132819866353884e+02
4.923392280230683582e+02
4.908175460211406289e+02
4.892693830878076255e+02
4.877088846096297630e+02
4.861507578905755054e+02
4.846075503850698851e+02
4.830881341952146499e+02
4.816028628980614599e+02
4.801553836428263367e+02
4.787536142600823723e+02
4.773975668181324750e+02
4.760915375156166078e+02
4.748358634603131350e+02
4.736278828291414129e+02
4.723990857048846692e+02
4.712550611875471986e+02
4.701330575813934729e+02
4.690192814621289017e+02
4.678974574349901445e+02
4.667525323255671879e+02
4.655629141593302052e+02
4.643091880267667193e+02
4.629751072502369880e+02
4.615417764381645611e+02
4.600010805230595565e+02
4.583452529846064749e+02
4.565694727187404851e+02
4.546793626480630337e+02
4.526745948958626968e+02
4.505652198016690591e+02
4.483587684465005054e+02
4.460621836670021594e+02
4.436883761143848233e+02
4.412446085481380464e+02
4.387429775423888714e+02
4.361960128144500004e+02
4.336135180180936572e+02
4.310129425559318292e+02
4.283661863881075647e+02
4.257482773889092869e+02
4.231900677638976731e+02
4.207324117988751482e+02
4.184610317756134918e+02
4.165154542743259753e+02
4.151334192321102137e+02
4.145164358490943641e+02
4.147249962984104741e+02
4.158920545725887337e+02
4.183759889536399328e+02
4.227227979049575310e+02
4.290840495801805901e+02
4.372413036496047880e+02
4.472820108970471438e+02
4.596146105445737362e+02
4.743533658537170368e+02
4.906253266139087827e+02
5.065467790181567693e+02
5.203006161756339907e+02
5.309169022263238276e+02
5.383569746444333077e+02
5.437311284827840154e+02
5.490517571449192928e+02
5.565221585514100298e+02
5.690502570532422624e+02
5.889180007434126765e+02
6.143521109719205242e+02
6.400857037983303144e+02
6.613907880294455026e+02
6.768145707789277594e+02
6.870590628152237969e+02
6.929755659507455903e+02
6.953969001290980714e+02
6.953534655326036500e+02
6.935819761583661602e+02
6.903046379966503991e+02
6.859092116571300721e+02
6.809920126229602602e+02
6.760071182515986266e+02
6.712656572344534425e+02
6.669269098490937040e+02
6.630863243040090538e+02
6.597698257483807538e+02
6.569470315380069678e+02
6.545467253897830915e+02
6.524716960753671628e+02
6.506031565734446076e+02
6.487922377808378087e+02
6.469311686986626455e+02
6.449930118190279700e+02
6.429144712054011279e+02
6.406408399034643253e+02
6.381471922800774337e+02
6.354071071563389523e+02
6.324197726778064634e+02
6.291923180843119781e+02
6.257436139800356614e+02
6.221072176381816234e+02
6.183162474094484651e+02
6.144135821490696117e+02
6.104376560079274441e+02
6.064271716706406323e+02
6.024168881723672939e+02
5.984318572785077777e+02
5.944952056098325102e+02
5.906155322551384188e+02
5.868016361148197575e+02
5.830544695296197233e+02
5.793825391274443746e+02
5.757988724814912302e+02
5.723222572806714652e+02
5.690257037983283226e+02
5.659848078212477276e+02
5.630985382250607927e+02
5.603611252235592701e+02
5.577698442890084607e+02
5.553056757598009199e+02
5.529474076720689482e+02
5.506662510407460331e+02
5.484305526549456999e+02
5.462156854049255799e+02
5.439950158339231621e+02
5.417622289586269062e+02
5.395127193321875438e+02
5.372627328230279318e+02
5.350367451397751211e+02
5.328692103914446534e+02
5.308051952180118178e+02
5.288907540038106845e+02
5.271707187478676815e+02
5.256893988764994674e+02
5.244717858702202875e+02
5.235371503881100352e+02
5.228779014114563779e+02
5.224683873336094848e+02
5.222563154665026559e+02
5.222187628338547256e+02
5.222407176234318058e+02
5.222323366848088426e+02
5.220979498824902976e+02
5.217499862143430391e+02
5.211196914858246600e+02
5.201475817641399999e+02
5.188111625970403793e+02
5.170961450836790618e+02
5.150168084139139637e+02
5.125979116290310458e+02
5.098721449296137394e+02
5.068821724560837083e+02
5.036663466775313509e+02
5.002675432427469673e+02
4.967219343883014631e+02
4.930652740736543365e+02
4.893277095385940356e+02
4.855365204645088966e+02
4.817150516172039829e+02
4.778830491866842749e+02
4.740579632436599695e+02
4.702533257652681868e+02
4.664730996107585952e+02
4.627806122955087176e+02
4.591339274104597052e+02
4.555390074919490075e+02
4.520020010784912756e+02
4.485657880875346564e+02
4.474378408577576351e+02
4.440680385243824730e+02
4.407669848104727635e+02
4.375383569204179253e+02
4.343834801372912011e+02
4.313043381367072584e+02
4.283036868198714160e+02
4.253823743298710269e+02
4.225446287161389023e+02
4.197921468106235352e+02
4.171297574536853290e+02
4.145621211620667736e+02
4.120944168198869875e+02
4.097352162433509193e+02
4.074912165303035749e+02
4.053742015000240713e+02
4.033949002097863854e+02
4.015665672352915294e+02
3.998987590185881800e+02
3.984345582795680798e+02
3.971691026299855594e+02
3.961159917838039632e+02
3.952925268839852606e+02
3.947132409059802853e+02
3.943847678164817694e+02
3.943176912058651737e+02
3.945045487240972761e+02
3.949406745794241829e+02
3.956058034482734911e+02
3.964732729381410081e+02
3.975109195339070425e+02
3.986759070904920463e+02
3.999278091996779381e+02
4.012209341558008759e+02
4.025163388439403320e+02
4.037759228547399175e+02
4.049728311229179667e+02
4.060824612043640514e+02
4.070919787740664901e+02
4.079914363551922634e+02
4.087770518019250972e+02
4.094489932179712355e+02
4.099544517354000845e+02
4.103793438340571242e+02
4.106990281055603873e+02
4.109160565116665111e+02
4.110302159373496238e+02
4.110415842851240313e+02
4.109506262718980452e+02
4.107559082188884645e+02
4.104595626629752587e+02
4.100609095462035043e+02
4.095632316374522475e+02
4.089695386263300634e+02
4.082832349391401863e+02
4.075111712558169188e+02
4.066574175018458845e+02
4.057303468395654704e+02
4.047361927488184392e+02
4.036823196590970042e+02
4.025767897729240303e+02
4.014255391163866875e+02
4.002367284046138138e+02
3.990158761514251182e+02
3.977694960707992777e+02
3.965030722564948746e+02
3.952092053071061741e+02
3.939463327896714304e+02
3.926759164829849738e+02
3.914014603393894731e+02
3.901256492974437151e+02
3.888508081344236302e+02
3.875790931993082040e+02
3.863121403934422915e+02
3.850514933669841753e+02
3.837984646763351293e+02
3.825540631439611161e+02
3.813191971229368846e+02
3.800946997537048446e+02
3.788810557147620557e+02
3.776790309429363219e+02
3.764888979117830559e+02
3.753111605181571804e+02
3.741461898736124567e+02
3.729941286024694591e+02
3.718554953910562517e+02
3.707302626386436941e+02
3.696188530982281009e+02
3.685214015665225702e+02
3.674380289584392472e+02
3.663480254162432743e+02
3.653045280227013905e+02
3.642738257406762727e+02
3.632558911142906481e+02
3.622510247006365489e+02
3.612594571506979833e+02
3.602812096041974428e+02
3.593167502463491019e+02
3.583659970465361653e+02
3.574294211953210834e+02
3.565071291515712915e+02
3.555993402893190591e+02
3.547065126453281323e+02
3.538286363085355788e+02
3.529663812363269244e+02
3.521198137452084893e+02
3.512894727148607217e+02
3.504758223731060411e+02
3.496791195142302513e+02
3.489002342339891243e+02
3.481393560685109492e+02
3.473974323677392704e+02
3.466750057820261190e+02
3.459727683954910731e+02
3.452671255577017746e+02
3.446067096478317353e+02
3.439676146163039334e+02
3.433504066607085861e+02
3.427562878286802857e+02
3.421862383006639448e+02
3.416408871431274292e+02
3.411215301616973647e+02
3.406283027446986580e+02
3.401621855663280485e+02
3.397231657471147059e+02
3.393112053519031406e+02
3.389261573311205211e+02
3.385667807230127551e+02
3.382322896146649214e+02
3.379205736981732571e+02
3.376296261167285024e+02
3.373567256838105664e+02
3.370986569409748768e+02
3.368520703277429220e+02
3.366131533785888337e+02
3.363780564853840360e+02
3.361429410807631939e+02
3.359041250142360013e+02
3.356349586798666564e+02
3.353660528844620217e+02
3.350836285022640482e+02
3.347867170855916470e+02
3.344746692352564423e+02
3.341481754167786562e+02
3.338090396475597004e+02
3.334599312994357661e+02
3.331052632340631590e+02
3.327500918263041854e+02
3.324017149980591057e+02
3.320677911513288905e+02
3.317591512767107247e+02
3.314865139296655911e+02
3.312645126869772980e+02
3.311091123550118596e+02
3.310383260170379458e+02
3.310766269343083650e+02
3.312453451893669012e+02
3.315784162828545618e+02
3.321027474463136855e+02
3.328555144430031874e+02
3.338706616181396498e+02
3.351755574055163152e+02
3.367838103147306015e+02
3.386964479471521372e+02
3.409334305639025047e+02
3.434655966618033176e+02
3.462740823227951523e+02
3.493011253618566911e+02
3.524911863171253117e+02
3.557593594072512246e+02
3.590082537165523604e+02
3.621342580062964203e+02
3.650263774952490508e+02
3.676034037527185774e+02
3.697828287000755836e+02
3.715399654607335265e+02
3.728442998632440322e+02
3.737246672773897558e+02
3.742006273793062405e+02
3.743283361753971121e+02
3.741600337249302015e+02
3.737539462929785259e+02
3.731748783596702310e+02
3.724710089535037127e+02
3.717030211961267696e+02
3.709075712962459761e+02
3.701056339991731647e+02
3.693550274973192700e+02
3.686796009820631639e+02
3.680873828781085422e+02
3.675597861950296874e+02
3.670816795814540114e+02
3.666193239604758105e+02
3.661486063588105822e+02
3.656393426376989169e+02
3.650728364623526545e+02
3.644285839691671640e+02
3.636958504411708759e+02
3.628665913671208045e+02
3.619374033974766576e+02
3.609135706445788401e+02
3.597960351459956314e+02
3.585984149258622438e+02
3.573255483354710123e+02
3.559907502120634604e+02
3.546030727374905496e+02
3.531718139263327885e+02
3.517091313510634336e+02
3.502210087383774635e+02
3.487196536947737400e+02
3.472933879099113028e+02
3.458390956071146434e+02
3.443926860220702793e+02
3.429599882035096812e+02
3.415493349015108038e+02
3.401650234792179504e+02
3.388135192354484388e+02
3.374993610885990165e+02
3.362265709413007357e+02
3.349996959375790198e+02
3.338216175433635726e+02
3.326958599932476659e+02
3.316253333613585141e+02
3.306124651152184697e+02
3.296600147143409458e+02
3.287704439359854973e+02
3.279456981717750637e+02
3.271888088423345948e+02
3.265010317025965492e+02
3.258856444594866844e+02
3.253443153308006686e+02
3.248796376715667407e+02
3.244949475956352671e+02
3.241913606983444538e+02
3.240312238022094675e+02
3.239229891697302719e+02
3.239067819594222328e+02
3.239813843666424873e+02
3.241468471968043445e+02
3.244011541793369133e+02
3.247371810171903803e+02
3.251499384489922591e+02
3.256253820504404644e+02
3.261531012291277989e+02
3.267147503973540097e+02
3.272958952732116131e+02
3.278775302026551799e+02
3.284455398094995076e+02
3.289850579677125211e+02
3.294848313879634247e+02
3.299387681720069736e+02
3.303379206250249354e+02
3.306836829621469178e+02
3.309703644430858844e+02
3.312014893310857246e+02
3.313756942933676441e+02
3.314958182831285853e+02
3.315648557692365443e+02
3.315975197351240809e+02
3.315615749240144510e+02
3.314929511202279855e+02
3.314024984989832774e+02
3.312981050057288144e+02
3.311931218845276135e+02
3.310978019174589804e+02
3.310257626068310515e+02
3.309885935372682866e+02
3.309979702516898215e+02
3.310652456706883413e+02
3.311984784907984931e+02
3.314072070266294645e+02
3.316950668053310096e+02
3.320677462218502001e+02
3.325251211609008237e+02
3.330665922095960809e+02
3.336898177678277193e+02
3.343881094157553093e+02
3.351558281779573463e+02
3.359830150990082984e+02
3.368598637485328595e+02
3.377755151029040235e+02
3.387172286671719803e+02
3.396827062417962679e+02
3.406332417436430546e+02
3.415710902348336617e+02
3.424854943368969202e+02
3.433648723422112994e+02
3.441996426968580067e+02
3.449820818554022139e+02
3.457040733904285617e+02
3.463618719382774884e+02
3.469509733859319454e+02
3.474695532778716256e+02
3.479174395655458056e+02
3.482944614458831438e+02
3.486035592698422079e+02
3.488464547354419665e+02
3.490271971643961706e+02
3.491494761891570420e+02
3.492175486416405192e+02
3.492363869061029504e+02
3.492103167522096214e+02
3.491445971554717289e+02
3.490435022383123851e+02
3.489119529552672248e+02
3.487542057961282467e+02
3.485694410623297586e+02
3.483755924863819473e+02
3.481692521233327966e+02
3.479536577752376729e+02
3.477314239812163805e+02
3.475053478872011965e+02
3.472776675558556008e+02
3.470507789652597239e+02
3.468265684614299857e+02
3.466070112165263595e+02
3.463937198577834806e+02
3.461881972716558948e+02
3.459919535419283534e+02
3.458059848076561593e+02
3.456317081877774058e+02
3.454697914343497587e+02
3.453213793657614588e+02
3.451870794067557426e+02
3.450675484779953308e+02
3.449635398022402910e+02
3.448752594759102408e+02
3.448034654190338983e+02
3.447481857535664176e+02
3.447099042935918192e+02
3.446808320469398268e+02
3.446881580875553368e+02
3.447121996273118043e+02
3.447527780673538587e+02
3.448101354446309301e+02
3.448841151597154635e+02
3.449748806934604204e+02
3.450824746804208871e+02
3.452070580070459869e+02
3.453489575862195125e+02
3.455085113184871375e+02
3.456863242351345775e+02
3.458831099687738515e+02
3.460997855999007129e+02
3.463376619625150852e+02
3.465981637503028310e+02
3.468833100474849402e+02
3.471954128710415830e+02
3.475372143592135217e+02
3.479124817537945660e+02
3.483248831370896141e+02
3.487802484980877580e+02
3.492840507044815013e+02
3.498445676871886576e+02
3.504543718153320810e+02
3.511862460898306040e+02
3.520160842311851184e+02
3.529611453462986788e+02
3.540488920372365556e+02
3.553051017908318840e+02
3.567664217997195806e+02
3.584705371901250714e+02
3.604531502211481779e+02
3.627579123133082248e+02
3.654044939725618519e+02
3.684134254131900548e+02
3.717795288660382766e+02
3.754711158947596914e+02
3.794534439902695908e+02
3.836593111585694373e+02
3.880128171553472498e+02
3.924494747922362876e+02
3.968738430055914819e+02
4.012140197361312630e+02
4.053947826053521908e+02
4.093277169969073839e+02
4.129705389620968390e+02
4.162613654758203552e+02
4.191335911445621605e+02
4.216775989713455033e+02
4.237905270932115513e+02
4.254681613320873907e+02
4.266963786770822367e+02
4.274690721221853664e+02
4.278111400827762623e+02
4.277454081684103357e+02
4.273161967792990481e+02
4.265750456202003420e+02
4.255660745470589177e+02
4.243423603862108280e+02
4.229416856577711883e+02
4.214018236472444414e+02
4.197521308511322786e+02
4.180158154332221443e+02
4.162135663883917118e+02
4.143599450306498397e+02
4.124679807089870565e+02
4.105471696399542907e+02
4.086054693052112157e+02
4.066491378158295902e+02
4.046831326391825883e+02
4.027114545002805812e+02
4.007512134056267428e+02
3.987814637852785040e+02
3.968198700098421341e+02
3.948678109654463810e+02
3.929269404651782907e+02
3.909983663661473656e+02
3.890828987604130589e+02
3.871819535463519060e+02
3.852957395303797625e+02
3.834257931882883668e+02
3.815725155925682657e+02
3.797368765651366402e+02
3.779200950001863362e+02
3.761223762091419189e+02
3.743453990001555667e+02
3.725893103934191686e+02
3.708553384874949757e+02
3.691443690623444240e+02
3.674566869931259703e+02
3.657937248639253198e+02
3.641554547401160562e+02
3.625430620798446171e+02
3.609570471168044037e+02
3.593978552803589537e+02
3.579024507057821438e+02
3.564533566957174457e+02
3.550341158378253681e+02
3.536449278899703472e+02
3.522868821619911159e+02
3.509610828110677403e+02
3.496683534936764204e+02
3.484107643639852085e+02
3.471893080561082456e+02
3.460066463556910321e+02
3.448646486855736839e+02
3.437659425303291414e+02
3.427138441677919900e+02
3.417107653375801419e+02
3.407613231155461335e+02
3.398683035896632418e+02
3.390365931605261949e+02
3.382703332278533708e+02
3.375734802940902455e+02
3.369518421681464133e+02
3.364084671506994937e+02
3.359494360890377607e+02
3.355780029901708872e+02
3.352982433995155134e+02
3.351336582546715590e+02
3.351034618948227717e+02
3.351723366025515816e+02
3.353377747386762735e+02
3.355985072668805742e+02
3.359499288739494318e+02
3.363847117892505025e+02
3.368957556750848426e+02
3.374711317995245849e+02
3.380998034816204267e+02
3.387678161607629477e+02
3.394605537199867626e+02
3.401635301428358389e+02
3.408613854621984842e+02
3.415396553177087071e+02
3.421851878432417493e+02
3.427849737056401977e+02
3.433285442010082988e+02
3.438070118716960906e+02
3.442121850439582431e+02
3.445400072035097878e+02
3.447850824347606249e+02
3.449465094848367812e+02
3.450236149261872356e+02
3.450160645267072255e+02
3.449545196348632317e+02
3.448111423758497267e+02
3.445921091953451310e+02
3.443022768773137727e+02
3.439479557185434828e+02
3.435372762113628369e+02
3.430771147084179233e+02
3.425776527484246685e+02
3.420486073347660181e+02
3.415016731073665142e+02
3.409507186812238615e+02
3.404110571340878550e+02
3.399010708423382994e+02
3.394438645772962104e+02
3.390635735374875708e+02
3.387935594479085921e+02
3.386682045886968808e+02
3.387303035255679902e+02
3.390299505248052014e+02
3.396161216736393271e+02
3.405549512456004777e+02
3.419043407367807959e+02
3.437457439342243788e+02
3.461735633806543433e+02
3.493794641550421147e+02
3.536127578266002729e+02
3.593561653210948066e+02
3.672095888872020737e+02
3.778735358804214570e+02
3.914095551810726761e+02
4.074520465346167271e+02
4.248077221661352496e+02
4.420532246242926249e+02
4.572857671629392939e+02
4.694174215678000905e+02
4.780379205827509850e+02
4.837176190797837307e+02
4.870687118182874542e+02
4.888401158812764038e+02
4.895302802267266316e+02
4.895383422909289948e+02
4.891194212075116639e+02
4.884441408311423061e+02
4.876324812368648054e+02
4.867549360822754352e+02
4.858649853216383008e+02
4.849900931307572591e+02
4.841491514240750575e+02
4.832680937671491392e+02
4.824261361839223241e+02
4.816095164527416159e+02
4.808000565310123307e+02
4.799739486279714242e+02
4.791088734478476567e+02
4.781801687256995592e+02
4.771696110896755272e+02
4.760580994021609627e+02
4.748367238293344599e+02
4.734968803128622881e+02
4.720370835791734407e+02
4.704608572184867512e+02
4.687706919335377052e+02
4.669777777724070233e+02
4.650884598008030366e+02
4.631152140741640437e+02
4.610690390942264685e+02
4.589607542334412642e+02
4.568036627598554560e+02
4.546087898546145425e+02
4.523897239699055035e+02
4.501589630195655900e+02
4.479419910860919458e+02
4.457394127787071625e+02
4.435750320500040971e+02
4.414630244553050602e+02
4.394194401601808408e+02
4.374610573017608885e+02
4.356017158267949299e+02
4.338596645217924674e+02
4.322457085809642194e+02
4.307746484233499586e+02
4.294561762805984699e+02
4.282975225045549905e+02
4.273086456771736721e+02
4.264915216198065195e+02
4.258561109235655522e+02
4.254074530247823986e+02
4.251576122560680915e+02
4.251216675734623891e+02
4.253156379681171302e+02
4.257639369232065860e+02
4.264821312456311375e+02
4.274917735795573890e+02
4.287912931146858568e+02
4.303711593278853229e+02
4.321691167200204404e+02
4.342355616251745118e+02
4.363808216819035124e+02
4.384957466037413951e+02
4.404716012407542394e+02
4.422075827346636743e+02
4.436266356999529989e+02
4.446690296047394781e+02
4.453154850815217856e+02
4.455532606202329475e+02
4.454047438150951166e+02
4.448972762641103600e+02
4.440653617378324611e+02
4.429556351011962079e+02
4.416027440502051036e+02
4.400512487775138197e+02
4.383341712275687883e+02
4.364846859102295298e+02
4.345316763989306423e+02
4.324980410492702276e+02
4.304064355159072761e+02
4.282733612114749349e+02
4.261151936393182496e+02
4.239440115251250631e+02
4.217496874417557819e+02
4.196578600072309086e+02
4.175842428806591329e+02
4.155348903716537166e+02
4.135145594216504605e+02
4.115280732316051058e+02
4.095776672585675442e+02
4.076670946833181119e+02
4.057973824733556967e+02
4.039706875593594759e+02
4.021879676404649899e+02
4.004493854266153789e+02
3.987561643396164186e+02
3.971071503334454178e+02
3.955032526820731960e+02
3.939432444806032549e+02
3.924270643645133987e+02
3.909543397625993748e+02
3.895241145777117140e+02
3.881371959537749490e+02
3.867927801626672704e+02
3.854927904559874605e+02
3.842381263360778121e+02
3.830320507202843032e+02
3.818327862369827699e+02
3.807278036080418815e+02
3.796885055173340788e+02
3.787262179567439944e+02
3.778613673037189074e+02
3.771199278700842115e+02
3.765413083273039661e+02
3.761926383556492510e+02
3.761764752446061948e+02
3.766886004382049009e+02
3.780807383096794183e+02
3.809752904722909648e+02
3.864890036389281818e+02
3.961216256673297949e+02
4.115864348427865025e+02
4.333568518746621407e+02
4.595906455796940691e+02
4.856583063354105434e+02
5.070513055465002026e+02
5.216195560008220582e+02
5.302565062853394693e+02
5.345900496433421267e+02
5.363439748651003356e+02
5.366964058066963617e+02
5.363592819322051355e+02
5.356586289438646418e+02
5.348636667117858678e+02
5.339646712055314310e+02
5.328705861234753911e+02
5.314913364201138393e+02
5.307685292786328546e+02
5.289347437189916263e+02
5.266219638574062856e+02
5.239245133246354271e+02
5.208852053942561042e+02
5.175419494997898937e+02
5.139428648643909128e+02
5.101342155084342949e+02
5.061567035108947152e+02
5.020515333771253950e+02
4.978531894595329845e+02
4.935928861644370045e+02
4.892971905550671750e+02
4.849891252744866392e+02
4.806867547096004500e+02
4.764065310759049225e+02
4.721602987310189974e+02
4.679587620579148393e+02
4.637694450966015438e+02
4.597211188613412105e+02
4.557333198343517324e+02
4.518095368961769509e+02
4.479553307986399773e+02
4.441744784899387355e+02
4.404699679062019300e+02
4.368471700902524617e+02
4.333076375770278332e+02
4.298572549725214458e+02
4.264988942107284515e+02
4.232373013357633909e+02
4.200790299551291582e+02
4.170278029366554620e+02
4.140940314018700406e+02
4.112834781512067934e+02
4.086082647601257918e+02
4.060811966170808773e+02
4.037149164434380850e+02
4.015328943378957547e+02
3.995513569377883414e+02
3.978015567405897741e+02
3.963117804058731508e+02
3.951135429954187543e+02
3.942168709929119927e+02
3.936933855900344952e+02
3.935495334374978711e+02
3.937909217950281118e+02
3.944170936237141518e+02
3.954115465285066762e+02
3.967267763279402857e+02
3.983165384597287471e+02
4.001260930408635659e+02
4.021140802340303253e+02
4.042583097953569791e+02
4.065484014318026311e+02
4.089673501044778732e+02
4.114913053037454915e+02
4.140607399942304028e+02
4.166021960845655485e+02
4.190590775042676341e+02
4.213791346155031192e+02
4.235636379208446556e+02
4.255978147503886930e+02
4.274731208959091191e+02
4.291535094121631460e+02
4.305856571707078615e+02
4.317275763597951936e+02
4.325265862580434941e+02
4.329417774584398444e+02
4.331075323540740101e+02
4.330552893574323434e+02
4.328155531220683088e+02
4.324165390728137481e+02
4.318827040473476018e+02
4.312310673152813933e+02
4.304820679813176980e+02
4.296454124300017838e+02
4.287372890370647269e+02
4.277653391571712405e+02
4.267404121589124770e+02
4.256712151744939661e+02
4.245640375439246554e+02
4.234283960441910608e+02
4.222684407380909875e+02
4.210927317877744258e+02
4.199054411634823509e+02
4.187128836719681999e+02
4.175201206136067640e+02
4.163312064377926163e+02
4.151513776989560256e+02
4.139831851393237230e+02
4.128646625694870522e+02
4.118056888472978017e+02
4.107639125424281588e+02
4.097401698032303443e+02
4.087348880693452884e+02
4.077490470589380038e+02
4.067821429293959454e+02
4.058348432143384343e+02
4.049064403808035877e+02
4.039967035499358872e+02
4.031051888904278826e+02
4.022307584954911590e+02
4.013731518853621765e+02
4.005310121573795072e+02
3.997036934447156682e+02
3.988902912869235138e+02
3.980895785360567061e+02
3.973012001924205379e+02
3.965240588975490255e+02
3.957577144638341338e+02
3.950017870743448611e+02
3.942555684823950628e+02
3.935194417391577986e+02
3.927930019424235866e+02
3.920435494352992123e+02
3.913485768606552142e+02
3.906623982844020020e+02
3.899860522189362655e+02
3.893196039088082898e+02
3.886638506418291286e+02
3.880192637869266150e+02
3.873858852653427221e+02
3.867645126799376953e+02
3.861549463366555983e+02
3.855576825273361123e+02
3.849727635975519320e+02
3.843999594509622284e+02
3.838394752007686179e+02
3.832908967794195974e+02
3.827542424734151609e+02
3.822293575913848258e+02
3.817157563777989253e+02
3.812132890514257042e+02
3.807215885632377308e+02
3.802402857852087550e+02
3.797692195109343061e+02
3.793078120577413870e+02
3.788554438727475144e+02
3.783619659732125342e+02
3.779217796879185585e+02
3.774839718763890914e+02
3.770473604352568486e+02
3.766110784423470363e+02
3.761746186543443287e+02
3.757361753866248364e+02
3.752956024633083985e+02
3.748509086224627254e+02
3.744009393723019343e+02
3.739448023448020422e+02
3.734803580073969442e+02
3.730073468014403488e+02
3.725237112140115983e+02
3.720284027989294486e+02
3.715206287208727645e+02
3.709984877397921537e+02
3.704620110527405927e+02
3.699094497380056055e+02
3.693400215636548864e+02
3.687531590028478377e+02
3.681471602701512893e+02
3.675219762961502852e+02
3.668759722303979061e+02
3.661890105526609887e+02
3.654712107871492890e+02
3.647251312833264478e+02
3.639504235791218321e+02
3.631454921480492430e+02
3.623089013541994063e+02
3.614400155091921647e+02
3.605365810068603878e+02
3.595982096547504057e+02
3.586232514951504413e+02
3.576104737593456662e+02
3.565596326994780725e+02
3.554690407396912519e+02
3.543392639319908994e+02
3.531695916096144288e+02
3.519603659336020769e+02
3.507127302988000110e+02
3.494269680925965531e+02
3.481055849846916885e+02
3.467499592474804899e+02
3.453629108728813435e+02
3.439476638092261851e+02
3.425071378359335768e+02
3.410460991045452488e+02
3.395704763266964505e+02
3.380729746624415384e+02
3.365732998614098506e+02
3.350765585821013133e+02
3.335895817944218606e+02
3.321180921085387467e+02
3.306696688467496301e+02
3.292518346125967810e+02
3.278721702311739250e+02
3.265406136121952159e+02
3.252650988040200559e+02
3.240570231583275813e+02
3.229257806275280700e+02
3.218818767726457395e+02
3.209367088327002193e+02
3.200981604607475219e+02
3.193771642077377351e+02
3.187787459195372435e+02
3.183084879854088172e+02
3.179692589368636959e+02
3.177591937497253980e+02
3.176775763470508878e+02
3.177185411233461991e+02
3.178752499098424664e+02
3.181251005671541634e+02
3.185480388992491498e+02
3.190653134667360860e+02
3.196606469957619083e+02
3.203141001299559321e+02
3.210098276269974917e+02
3.217257784265170244e+02
3.224464659963242639e+02
3.231551971591775896e+02
3.238361069998876474e+02
3.244807304843636757e+02
3.250763267398812673e+02
3.256182794487706360e+02
3.261009443516677493e+02
3.265201324290500793e+02
3.268762352216635918e+02
3.271667316890368511e+02
3.273937704118264378e+02
3.275584717977250762e+02
3.276625864445887260e+02
3.277098692079472926e+02
3.277026585979056108e+02
3.276448853496427773e+02
3.275404233283010171e+02
3.273696148706425788e+02
3.272143305211592974e+02
3.270197621981041038e+02
3.267896948690707859e+02
3.265281168578687812e+02
3.262379146716015725e+02
3.259228893123279818e+02
3.255857791981541709e+02
3.252293401037587159e+02
3.248564782286525201e+02
3.244690054459026669e+02
3.240694861640222371e+02
3.236594804033383639e+02
3.232406870439240834e+02
3.228147642852475769e+02
3.223826045826817790e+02
3.219456916582615804e+02
3.215047075381932586e+02
3.210605750618873344e+02
3.206140441003421415e+02
3.201655475418186256e+02
3.197158111170029997e+02
3.192650968497255803e+02
3.188138949768894577e+02
3.183331857607602728e+02
3.178789443998225579e+02
3.174218073748800748e+02
3.169619816305771565e+02
3.164999343751253491e+02
3.160359274447728239e+02
3.155704193103503599e+02
3.151037925215492805e+02
3.146364843048083912e+02
3.141691232682352961e+02
3.137021695845562590e+02
3.132364829747340309e+02
3.127727733684464511e+02
3.123120845322283117e+02
3.118557280699150169e+02
3.114050500720487662e+02
3.109621318127003065e+02
3.105291394551858843e+02
3.101089377524432393e+02
3.097052540177701303e+02
3.093220026323024854e+02
3.089648372220859756e+02
3.086396879042607111e+02
3.083539188913886164e+02
3.080965895091791822e+02
3.079151500361130616e+02
3.078035813793276816e+02
3.077734180536454573e+02
3.078386963074591449e+02
3.080140080874007822e+02
3.083117190950628128e+02
3.087476059857870609e+02
3.093304640908436909e+02
3.100714734338098992e+02
3.109752966267941474e+02
3.120423389093256787e+02
3.132711104897376231e+02
3.146502905824876848e+02
3.161705445096708331e+02
3.178144190046126027e+02
3.195672784507784172e+02
3.214145543615351812e+02
3.233461787666065561e+02
3.253603025982820327e+02
3.274621239072409935e+02
3.296700247545250591e+02
3.320097531988775472e+02
3.345197708602066200e+02
3.372591537264307249e+02
3.402857095888223284e+02
3.436184643222213140e+02
3.472812408587868731e+02
3.512771151358596740e+02
3.555789630933551280e+02
3.601145765660118059e+02
3.647859419003160610e+02
3.694602874273974180e+02
3.739909374574398271e+02
3.782435243914804914e+02
3.821023936041742104e+02
3.854944134879038415e+02
3.883925234922720620e+02
3.907994937066086436e+02
3.927526093527834519e+02
3.943032762265220299e+02
3.955065459633096339e+02
3.964243844790801177e+02
3.971058403783973745e+02
3.976014151292415590e+02
3.979509043279171010e+02
3.981883160652176343e+02
3.983446649520050187e+02
3.984740024183204810e+02
3.986119817598807344e+02
3.987251172992181978e+02
3.988270656019380453e+02
3.989281610436023584e+02
3.990365336096435840e+02
3.991619462984173197e+02
3.993105236932597109e+02
3.994922585576980509e+02
3.997149871548383544e+02
3.999884957824776848e+02
4.003228999536405581e+02
4.007280961504465608e+02
4.012139294944950620e+02
4.017888760197817533e+02
4.024567495482797312e+02
4.032197465045842932e+02
4.040757113871105730e+02
4.050158134573637767e+02
4.060352704678139162e+02
4.071158809768654123e+02
4.082450372087606070e+02
4.094002180945783493e+02
4.105558825803118452e+02
4.116558094525649381e+02
4.128433211314340952e+02
4.139445920116031061e+02
4.149491678846050604e+02
4.158489173831085850e+02
4.166467249665101917e+02
4.173536357576177238e+02
4.179788307652960384e+02
4.185420227364786001e+02
4.190570624105261572e+02
4.195361488579702609e+02
4.199915891545314253e+02
4.204254446991394047e+02
4.208404954707119145e+02
4.212320450908366638e+02
4.215934383509940062e+02
4.219162099064360518e+02
4.221943035442344581e+02
4.224210104505530694e+02
4.225955331254336897e+02
4.227212211722568327e+02
4.227994341514519760e+02
4.228435285134276569e+02
4.228560223531806628e+02
4.228528650548366272e+02
4.228779578907303858e+02
4.228927062714353156e+02
4.229037596803412384e+02
4.229183165189109559e+02
4.229519502596753000e+02
4.230418788034935460e+02
4.232377532875362363e+02
4.236223699254567236e+02
4.242904764034258278e+02
4.253046919586837475e+02
4.266929256743716223e+02
4.283754672529109939e+02
4.302452330045175586e+02
4.322356120255251994e+02
4.343374965974179531e+02
4.366565390076929134e+02
4.392906660848152001e+02
4.422810748014759383e+02
4.456021772924683546e+02
4.491286331433203713e+02
4.527471753500396972e+02
4.563798613746819797e+02
4.599333322126458370e+02
4.632630510016065841e+02
4.664790492327197740e+02
4.693015897670404684e+02
4.716729358367325631e+02
4.735415183634609093e+02
4.749245467319207137e+02
4.758797735678531922e+02
4.764447517310359217e+02
4.766849700914188475e+02
4.766196629916423717e+02
4.762668783493410842e+02
4.756431286815812882e+02
4.747531795735726519e+02
4.736176823450098254e+02
4.722557005683850093e+02
4.706881010781983150e+02
4.689477875685273034e+02
4.670592828079881542e+02
4.650535231342737461e+02
4.629560979889459986e+02
4.607885016414451798e+02
4.585719070987239547e+02
4.563201368749668632e+02
4.540474257474153887e+02
4.517197605524840469e+02
4.493816797066036202e+02
4.470442098228496661e+02
4.447122502776256283e+02
4.423909286523913238e+02
4.400834863795437286e+02
4.377933937055834690e+02
4.355231857254324268e+02
4.332747750294741991e+02
4.310502296752430311e+02
4.288503985691402818e+02
4.266764611694920291e+02
4.245288275981772586e+02
4.224075094867591247e+02
4.203128849480364124e+02
4.182440576471922213e+02
4.162009855647619929e+02
4.141826687946435186e+02
4.121882072087436768e+02
4.102171677895142921e+02
4.082679692226215025e+02
4.063404920470858315e+02
4.044333410753702651e+02
4.025461486523526560e+02
4.006686372630122150e+02
3.988076185783833694e+02
3.969693478446572499e+02
3.951530700373951390e+02
3.933593894989534192e+02
3.915881999278792591e+02
3.898396094441789046e+02
3.881141781663311576e+02
3.864117207890849954e+02
3.847330896351611500e+02
3.830781911319499500e+02
3.814475209298326490e+02
3.798413989207047052e+02
3.782598079276048111e+02
3.767033736218192530e+02
3.751717903466666826e+02
3.736655394105978871e+02
3.721844130854322543e+02
3.707283855912073136e+02
3.692975313014185872e+02
3.678913778457845751e+02
3.665100259962364362e+02
3.651529366373452490e+02
3.638199372992911549e+02
3.625011116721113922e+02
3.612145783846685276e+02
3.599525764947598532e+02
3.587143816689698497e+02
3.574992372866914252e+02
3.563064141490688712e+02
3.551348889735352259e+02
3.539837864895989128e+02
3.528519451764511246e+02
3.517380811975451138e+02
3.506410853232092677e+02
3.495592689878197916e+02
3.484914473715427334e+02
3.474357792395351794e+02
3.463907868729501160e+02
3.453551283295416852e+02
3.443270164862809679e+02
3.433058459634150381e+02
3.422901671795515881e+02
3.412800026836708867e+02
3.402755390082859321e+02
3.392774802143343891e+02
3.382886736477578893e+02
3.373117093091066181e+02
3.363512974503242958e+02
3.354312123789983389e+02
3.345534602149068633e+02
3.337343324193263925e+02
3.329954938880114810e+02
3.323669225781646901e+02
3.318848197748817483e+02
3.316011895939213332e+02
3.315742335783578483e+02
3.318856367249936170e+02
3.326262950718018487e+02
3.339061276770601125e+02
3.358551697168444434e+02
3.385949338962610113e+02
3.422851831583138846e+02
3.470607725458979758e+02
3.531399057275987161e+02
3.607941049570943619e+02
3.704583703661397180e+02
3.827172284769216617e+02
3.979673739926911935e+02
4.161862349933103928e+02
4.363407559851530095e+02
4.565694935762942919e+02
4.749165503337680434e+02
4.900721436000183076e+02
5.012102813994325174e+02
5.083521549375635686e+02
5.118352149978799162e+02
5.122842290308633437e+02
5.106476947386436791e+02
5.077221350291599720e+02
5.040886133006472392e+02
5.001010624985665345e+02
4.959512066448479573e+02
4.917601990455104328e+02
4.875932761040483001e+02
4.834941379230220946e+02
4.794916639400592544e+02
4.756032621022922058e+02
4.718444327129254816e+02
4.682251771415097323e+02
4.647548707385556099e+02
4.614434199483353041e+02
4.582987923747991772e+02
4.553350307052356811e+02
4.525641390380514508e+02
4.500083941479263672e+02
4.477761543567091280e+02
4.458432949982385480e+02
4.442611722009963842e+02
4.430875040607343749e+02
4.424099872136147837e+02
4.422899428589046806e+02
4.427939923573943588e+02
4.439444741961175964e+02
4.456869641688886645e+02
4.479146944869455638e+02
4.504343238557505629e+02
4.530467041627465505e+02
4.556314884983134448e+02
4.581374770374899299e+02
4.606244188804319037e+02
4.632146414018525888e+02
4.660117482986576078e+02
4.691294991410219950e+02
4.725369542328494390e+02
4.761406729616436451e+02
4.797157772596721088e+02
4.830074034225752371e+02
4.858018459212229345e+02
4.879834447127362296e+02
4.894081261534140594e+02
4.902991798426695027e+02
4.907023657108079533e+02
4.907439056227597689e+02
4.905161636202018371e+02
4.900941797915667166e+02
4.895365203017146882e+02
4.888669271048595419e+02
4.881029503495832387e+02
4.872407937353945044e+02
4.862716727200738092e+02
4.851830299398877742e+02
4.839628956249777048e+02
4.826055831470757767e+02
4.811185002207188859e+02
4.799710163049481935e+02
4.789081922375892759e+02
4.771693308553132624e+02
4.753596530745430755e+02
4.734988595237883828e+02
4.716014757296011339e+02
4.696826811019560637e+02
4.677515290725773411e+02
4.658164890883951443e+02
4.638725198197808481e+02
4.618641238808394860e+02
4.598655370078401461e+02
4.578791008970500229e+02
4.559065573819683550e+02
4.539493184815252107e+02
4.520080052755420184e+02
4.500833777891364207e+02
4.481755717812512216e+02
4.462847268109744050e+02
4.444106918369709547e+02
4.425531573208050986e+02
4.407118025874644900e+02
4.388860491261186212e+02
4.370755980024134715e+02
4.352797702860966069e+02
4.334981716282754292e+02
4.317303037810170281e+02
4.299756836016884449e+02
4.282342200601598279e+02
4.265054063277952991e+02
4.247893427592349553e+02
4.230858903503191755e+02
4.213949581153397617e+02
4.197621181956512828e+02
4.181291300983649535e+02
4.165111993919945803e+02
4.149072750014915982e+02
4.133170468715070456e+02
4.117398765665394649e+02
4.101751345815077912e+02
4.086225398564442344e+02
4.070813946976676334e+02
4.055515948894506550e+02
4.040326048879147152e+02
4.025242847392715930e+02
4.010264952167907495e+02
3.995390536705164095e+02
3.980622665154624542e+02
3.965961428100318926e+02
3.951413287535258405e+02
3.936984747676491452e+02
3.922684759675056512e+02
3.908528263413508625e+02
3.894530857361424410e+02
3.880717048484995075e+02
3.867117032539208594e+02
3.853765510709825435e+02
3.840687818631470236e+02
3.828080803509649854e+02
3.815968218149110385e+02
3.804454521928687996e+02
3.793665698476799548e+02
3.783783372358186625e+02
3.774993893722807456e+02
3.767565502493848157e+02
3.761787001409729214e+02
3.757994026734263571e+02
3.756593409019664591e+02
3.757932874999999626e+02
3.762442845233648541e+02
3.770406512009772655e+02
3.782131556476148262e+02
3.797761233810935551e+02
3.817459939738569688e+02
3.841356066714037638e+02
3.869680707296150786e+02
3.903057359834260183e+02
3.942075763971012066e+02
3.988078673755248929e+02
4.041840173339323314e+02
4.104081453472750241e+02
4.174334873063148734e+02
4.248845700274380306e+02
4.323951599566482855e+02
4.394605582017180723e+02
4.456241477289584054e+02
4.506446200756506641e+02
4.544800635361957006e+02
4.572252457441958882e+02
4.591105703526012576e+02
4.603493765389341661e+02
4.611872426811340802e+02
4.618415002464678878e+02
4.624973579165067576e+02
4.633128804657305864e+02
4.643882829252146962e+02
4.657441765648983960e+02
4.673365529024071066e+02
4.690448574922177158e+02
4.707251670060374522e+02
4.722507623507308381e+02
4.735478983719443136e+02
4.745750481345120875e+02
4.753728301617909437e+02
4.759555141246152061e+02
4.763329194506443969e+02
4.766134504273611583e+02
4.767366126542126494e+02
4.766653601124647821e+02
4.763482558356911341e+02
4.757313241312514265e+02
4.747806230409217392e+02
4.734704469210888078e+02
4.718085659933172451e+02
4.698190817506293797e+02
4.675326804017689710e+02
4.650021445244087772e+02
4.622650376057534345e+02
4.593714745196381841e+02
4.563592473360296253e+02
4.532622378924444888e+02
4.501123529634354554e+02
4.469316450521378101e+02
4.437424146100188409e+02
4.405610780834511502e+02
4.374012164467819161e+02
4.342756041383161687e+02
4.311936695343753740e+02
4.281646256728105868e+02
4.251876186102359725e+02
4.222950643121144481e+02
4.194825590863630964e+02
4.167586471985549679e+02
4.141348923305143330e+02
4.116257744773453169e+02
4.092464502600165588e+02
4.070223089210161902e+02
4.049796970625095014e+02
4.031607299786203953e+02
4.016203111872379736e+02
4.004301097884173259e+02
3.997039343787620851e+02
3.995732996152436272e+02
4.002460960303321826e+02
4.019592450085968949e+02
4.050006013177987825e+02
4.096675069109502942e+02
4.161235938231262139e+02
4.243932154587545256e+02
4.341277974420069654e+02
4.447875161435864584e+02
4.556049753652270624e+02
4.659029981763673049e+02
4.750907793651132351e+02
4.827943091105821622e+02
4.888270440917787028e+02
4.932051521692129654e+02
4.960436475681555635e+02
4.976098128070876783e+02
4.982080963100773943e+02
4.981018884758631202e+02
4.975077216018441959e+02
4.965726981718967750e+02
4.954017923388707914e+02
4.940653627835891939e+02
4.926087515508166348e+02
4.910663095886522456e+02
4.894581009566749685e+02
4.878021666189018788e+02
4.861086520500066968e+02
4.843872880974226405e+02
4.826443079204057085e+02
4.808849866246847000e+02
4.791144119693154835e+02
4.773355782956961093e+02
4.755535817297481458e+02
4.737703495275860632e+02
4.719782134635950115e+02
4.702643507099924136e+02
4.685592707760991971e+02
4.668657917933152248e+02
4.651856447595126269e+02
4.635224344596063020e+02
4.618773472578113228e+02
4.602533591111845226e+02
4.586516580276999662e+02
4.570738292951000972e+02
4.555210653558943932e+02
4.539934126794903477e+02
4.524917002646290598e+02
4.510148192037425474e+02
4.495625422159196773e+02
4.481331789340492264e+02
4.467248075509702971e+02
4.453355497461574259e+02
4.439619696486072939e+02
4.426016062301604279e+02
4.412505991437088255e+02
4.399052037763415228e+02
4.385620481578816339e+02
4.372164722313573293e+02
4.358247278662744861e+02
4.344835579189524424e+02
4.331203818281656481e+02
4.317332470531455897e+02
4.303194136824479301e+02
4.288779093498200154e+02
4.274076146560573761e+02
4.259077991474829901e+02
4.243792046712881643e+02
4.228218802997869830e+02
4.212374112415938043e+02
4.196274623950845921e+02
4.179937717143955069e+02
4.163392888492998054e+02
4.146663644541092708e+02
4.129781556403220861e+02
4.112780662502722748e+02
4.095690133798543116e+02
4.078548972774545973e+02
4.061388574436824115e+02
4.044243160651420794e+02
4.027149359949050904e+02
4.010134283145564495e+02
3.993233836494152911e+02
3.976134037145158118e+02
3.959478623766947862e+02
3.943042824968833315e+02
3.926841649622886052e+02
3.910896912639541938e+02
3.895213060608259070e+02
3.879794428740524950e+02
3.864638532630366967e+02
3.849729865964234818e+02
3.835055426771186262e+02
3.820586503077506109e+02
3.806294002516777368e+02
3.792143670851243655e+02
3.778093935495243727e+02
3.764106845038554638e+02
3.750139514846177349e+02
3.736150694779025230e+02
3.722104775110392438e+02
3.707964896454475934e+02
3.693703988166107024e+02
3.679299647544370941e+02
3.664733519190736502e+02
3.650000627842127301e+02
3.635097038335006800e+02
3.619779805852284653e+02
3.604901679040714271e+02
3.589856893341382147e+02
3.574680487103071869e+02
3.559411937193461881e+02
3.544103001128418668e+02
3.528807432031081817e+02
3.513593404983266737e+02
3.498529415928013577e+02
3.483700243461635182e+02
3.469195325506687482e+02
3.455111895274257563e+02
3.441570451177929613e+02
3.428681219245444254e+02
3.416598922318580662e+02
3.405459723481916967e+02
3.395435349156411462e+02
3.386709231852387347e+02
3.379450286927271350e+02
3.373879518684336745e+02
3.370151582878550016e+02
3.368469933508158078e+02
3.368968085465104423e+02
3.371746670479390104e+02
3.376586000009181134e+02
3.384016477144333521e+02
3.393721010561081357e+02
3.405456395779662557e+02
3.418930980943887903e+02
3.433721132960421301e+02
3.449335084092689385e+02
3.465252481524472614e+02
3.480947796158413894e+02
3.495941821279150759e+02
3.509813939681046691e+02
3.522229634476863112e+02
3.532940156372611682e+02
3.541809991878076289e+02
3.548741024688684433e+02
3.553760659277094192e+02
3.556911469361945706e+02
3.558299241843829464e+02
3.558076403910509953e+02
3.556373433163258824e+02
3.553381067967185913e+02
3.549239857836066108e+02
3.544117658674693985e+02
3.538161526388071820e+02
3.531247804198725362e+02
3.524579768397916837e+02
3.517399543780054501e+02
3.509808585837510009e+02
3.501882000251040381e+02
3.493684527757521323e+02
3.485279268034329903e+02
3.476708596570782674e+02
3.468019062496205152e+02
3.459243966755506676e+02
3.450413197057697516e+02
3.441554768500090518e+02
3.432688825111500819e+02
3.423835595446336129e+02
3.415011431738869305e+02
3.406229656553472296e+02
3.397504148750480226e+02
3.388844436502182589e+02
3.380259320596205725e+02
3.371758096693417883e+02
3.363344982104173937e+02
3.355028151208136364e+02
3.346810258417783643e+02
3.338695665765840772e+02
3.330478793894473597e+02
3.322749926167655872e+02
3.315117985075672209e+02
3.307584012261640964e+02
3.300152821728777894e+02
3.292826094277066318e+02
3.285605236630408967e+02
3.278493691663716163e+02
3.271490890742832676e+02
3.264601233765820893e+02
3.257825216039533984e+02
3.251166973557419055e+02
3.244631898464731989e+02
3.238224290803913163e+02
3.231956318346788066e+02
3.225836417256451227e+02
3.219884891206730799e+02
3.214119700217580089e+02
3.208568618660813172e+02
3.203266513196093683e+02
3.198248097969961918e+02
3.193569883519497807e+02
3.189276120064422457e+02
3.185438492494034790e+02
3.182082316386490106e+02
3.179764262181882373e+02
3.178145172240768943e+02
3.177271018857995841e+02
3.177213850011587510e+02
3.177992262934935184e+02
3.179622763361058446e+02
3.182098292361443441e+02
3.185361494957440982e+02
3.189359610858164160e+02
3.193988783955603026e+02
3.199137671572662498e+02
3.204690331182701470e+02
3.210511430422740204e+02
3.216482753745170839e+02
3.222502606421028872e+02
3.228468104918334802e+02
3.234329708301548294e+02
3.240037205072683832e+02
3.245577454026715145e+02
3.250968905228074277e+02
3.256234811861098137e+02
3.261439315607409526e+02
3.266648654726291738e+02
3.271635170770670697e+02
3.277034132425189341e+02
3.282685495766696704e+02
3.288701816143684482e+02
3.295214108802010173e+02
3.302351342644683427e+02
3.310283432090366773e+02
3.319265301960999182e+02
3.329877563395384072e+02
3.343715288893382080e+02
3.364805607949206205e+02
3.399976626432463149e+02
3.449165918053893733e+02
3.507735643883304419e+02
3.584838405642869930e+02
3.677875819830525188e+02
3.755959031957473826e+02
3.811410802022123789e+02
3.860791155735838629e+02
3.930833159254731299e+02
4.061437472805437778e+02
4.318934849580406876e+02
4.700498887775862613e+02
5.073436228509657440e+02
5.335142608017345083e+02
5.502622938791514571e+02
5.621786780222479365e+02
5.738972430802286908e+02
5.866780095216297468e+02
6.001671369815163644e+02
6.145566448031540858e+02
6.294032756289552708e+02
6.431717640485584297e+02
6.551739527898198503e+02
6.656386484850906982e+02
6.750890510713963977e+02
6.838032595808873566e+02
6.920238051678493321e+02
7.000034978431924628e+02
7.079766526643444422e+02
7.157136147774895107e+02
7.228160575730374831e+02
7.288861246983175306e+02
7.337209123716162367e+02
7.373597316735418872e+02
7.399478024390843984e+02
7.416340521365630138e+02
7.426163158285123700e+02
7.427643868687756594e+02
7.423883194291141763e+02
7.416767359345960813e+02
7.406636001182707787e+02
7.393675316631989745e+02
7.377843206474856288e+02
7.359199855459646642e+02
7.337639399641840328e+02
7.313232549393580939e+02
7.285955245644331626e+02
7.255875778784180739e+02
7.223091466396700753e+02
7.187688315979301024e+02
7.149879578653248018e+02
7.109788167153689074e+02
7.067719766644185029e+02
7.023863773668493877e+02
6.978519448222219808e+02
6.931948443244883720e+02
6.884389351667944084e+02
6.836142581611126161e+02
6.787438420527648759e+02
6.738575254817072846e+02
6.689844179169124345e+02
6.642192049178709112e+02
6.593251799213381901e+02
6.545342940491572108e+02
6.498645361958662079e+02
6.453293188883091034e+02
6.409231662359679831e+02
6.366361874179424376e+02
6.324441848220985776e+02
6.283208827945027224e+02
6.242382429273995967e+02
6.201756956795079532e+02
6.161112317129311577e+02
6.120384137515823113e+02
6.079488154061911018e+02
6.038461178546890551e+02
5.997395111174313342e+02
5.956394205530064028e+02
5.915687586304837851e+02
5.875443927212825201e+02
5.835888912469107481e+02
5.797175715076280085e+02
5.759409945849617998e+02
5.722615714099364368e+02
5.686704477659504846e+02
5.651673228432886162e+02
5.616015820234226794e+02
5.581204671433632711e+02
5.547152717271969777e+02
5.513815906320901377e+02
5.481199085371865749e+02
5.449245273368827611e+02
5.417996585461239647e+02
5.387414459676733713e+02
5.357532666427601953e+02
5.328360252410643625e+02
5.299908087996553832e+02
5.272219629243684267e+02
5.245285518777009202e+02
5.219142965975158859e+02
5.193777765862788556e+02
5.169190046361867417e+02
5.145362317719904013e+02
5.122251442846663849e+02
5.099819804702798365e+02
5.077996662895509417e+02
5.056714709533711130e+02
5.035881579824543905e+02
5.015406500960621088e+02
4.995225849425759179e+02
4.974672380552642608e+02
4.954091387393750097e+02
4.933392353218252424e+02
4.912517926458376110e+02
4.891400932294726545e+02
4.870021231846642422e+02
4.848346575341747666e+02
4.826375932456086844e+02
4.804109522203455640e+02
4.781555517669202118e+02
4.758735929830613145e+02
4.735667266225572689e+02
4.712378574217024720e+02
4.688890564074519602e+02
4.665236190610591507e+02
4.641438859502039804e+02
4.617533807990492392e+02
4.593551607638580094e+02
4.569526773913604529e+02
4.545495329705362337e+02
4.521490983887782704e+02
4.497555470933239690e+02
4.473720865139078455e+02
4.450338696381303407e+02
4.427140674723208349e+02
4.404280767395939620e+02
4.381767249020396662e+02
4.359600889151402043e+02
4.337777578099733091e+02
4.316277029342244873e+02
4.295080745471793762e+02
4.274157039073655255e+02
4.253474929533622344e+02
4.233004171138779270e+02
4.212705379944001720e+02
4.192555449110052450e+02
4.172520724727665424e+02
4.152583457878979516e+02
4.132724442516777117e+02
4.112928188123053133e+02
4.093191827005515506e+02
4.073505686406899144e+02
4.053876766563585079e+02
4.034306373858408961e+02
4.014807684835785722e+02
3.995393271402968480e+02
3.976080692461950434e+02
3.957237256512195813e+02
3.938536765422390999e+02
3.920056414050124545e+02
3.901823225106368227e+02
3.883887135481342625e+02
3.866287453617908341e+02
3.849077813200273681e+02
3.832316521650297432e+02
3.816053743368728419e+02
3.800366617313207485e+02
3.785305195334439077e+02
3.770946624814610573e+02
3.757354593184987834e+02
3.744582871934040895e+02
3.732710509619607819e+02
3.721764815117463741e+02
3.711807101363494894e+02
3.702859231112818748e+02
3.694927384112685331e+02
3.688031085410746073e+02
3.682119911301049342e+02
3.677172065353530002e+02
3.673113480462039320e+02
3.669852222725754132e+02
3.667374601177152158e+02
3.666085311064014149e+02
3.665164354939792588e+02
3.664477804447955691e+02
3.663888780429990106e+02
3.663280074152990551e+02
3.662544033007069402e+02
3.661565467957565829e+02
3.660279777376968013e+02
3.658595180701904042e+02
3.656454062003421654e+02
3.653801281391019984e+02
3.650574389348188333e+02
3.646749484446208385e+02
3.642277298601845246e+02
3.637150432737868186e+02
3.631348422283842865e+02
3.624882001938716485e+02
3.617770922480243030e+02
3.610046384792939307e+02
3.601769313980227025e+02
3.592990557607803908e+02
3.583808358863893204e+02
3.574299759618891699e+02
3.564256758893646975e+02
3.554537516408358897e+02
3.544818611394096024e+02
3.535252967482314261e+02
3.525954043358932495e+02
3.517091632858320622e+02
3.508777355877033415e+02
3.501149243749424613e+02
3.494317034324219549e+02
3.488343868985054996e+02
3.483308706339703349e+02
3.479201129761407287e+02
3.476060987629288661e+02
3.473858505273756236e+02
3.472661817046218289e+02
3.472513668799318793e+02
3.473590579004423375e+02
3.476117187459632873e+02
3.480356086117350856e+02
3.486734462100385485e+02
3.495529886811651181e+02
3.507254265666279593e+02
3.522088345800210618e+02
3.540264646583438548e+02
3.562170850691201736e+02
3.587062564721885565e+02
3.614272008810200987e+02
3.642972145047771733e+02
3.672476377368058706e+02
3.702070457569766972e+02
3.731329269970913742e+02
3.759876976643564603e+02
3.787621354369478581e+02
3.814439157855804865e+02
3.840398008106967609e+02
3.865549932082813598e+02
3.889972171411898216e+02
3.913780368153063023e+02
3.937004073964540112e+02
3.959728698875911164e+02
3.981931409631899328e+02
4.003598363188027633e+02
4.024678272941597470e+02
4.045070509939279759e+02
4.064710460926700080e+02
4.083459410100163609e+02
4.101218323029733028e+02
4.117874263318586259e+02
4.132850088044878589e+02
4.147060548203464236e+02
4.159830858726867859e+02
4.171084528720757021e+02
4.180713304954185219e+02
4.188644146590694959e+02
4.194839646909528028e+02
4.199250882810810026e+02
4.201907883478700114e+02
4.202809916756953612e+02
4.202038665830631317e+02
4.199667133077963399e+02
4.195797524721479022e+02
4.190563023593901448e+02
4.184078102658884291e+02
4.176494120708017022e+02
4.167930414820996248e+02
4.158525776496958883e+02
4.148404484740073030e+02
4.145059649801186765e+02
4.135051414132866512e+02
4.123703173890230573e+02
4.111971415202448270e+02
4.099929130698494077e+02
4.087773654439668007e+02
4.075701086968650770e+02
4.063497172827092641e+02
4.051197299978114756e+02
4.038827843823510761e+02
4.026412882871734951e+02
4.013971091362588481e+02
4.001519689430418225e+02
3.989070866459514377e+02
3.976637550725417327e+02
3.964228871784612238e+02
3.951854321996326576e+02
3.939522905971423938e+02
3.927241042105243309e+02
3.915019342385351706e+02
3.902862867593205465e+02
3.890781571239342043e+02
3.878782891882133299e+02
3.866874458107091073e+02
3.855067564763746191e+02
3.843367726648941698e+02
3.831786750296923287e+02
3.820332067930723952e+02
3.809012287366243186e+02
3.798040985203170976e+02
3.787284749384072029e+02
3.776683411081710346e+02
3.766239147972306114e+02
3.755957275066933221e+02
3.745841782503824220e+02
3.735891291807697598e+02
3.726111032334489437e+02
3.716495082075805385e+02
3.707044855382084734e+02
3.697754999668697451e+02
3.688619537274512936e+02
3.679635156379423506e+02
3.670790511578352948e+02
3.662081345247332820e+02
3.653495962894675699e+02
3.645025984364120291e+02
3.636662349949115196e+02
3.628394201852798346e+02
3.620214971337840666e+02
3.612114110747732525e+02
3.604086374843951148e+02
3.596123940808748216e+02
3.588222632666504524e+02
3.580075922092551650e+02
3.571727341476619699e+02
3.563431345114837541e+02
3.555188396612844031e+02
3.547005602792610830e+02
3.538885506732964927e+02
3.530835218246258478e+02
3.522862969511974711e+02
3.514972103139203341e+02
3.507173638130036579e+02
3.499471340685404357e+02
3.491874873393076086e+02
3.484393720586254517e+02
3.477035784786423847e+02
3.469819467195237053e+02
3.462757450070778873e+02
3.455879472506442198e+02
3.449218778776965451e+02
3.442827471923260418e+02
3.436783820268570935e+02
3.431185794462517720e+02
3.426198379521570132e+02
3.422017887648863734e+02
3.418961341671446803e+02
3.417517897215124094e+02
3.418396891432865345e+02
3.422178153709590447e+02
3.429735940736518955e+02
3.442358485169050368e+02
3.461376063798710447e+02
3.488343472876228475e+02
3.524937943885172444e+02
3.572299888058234387e+02
3.631387162476888193e+02
3.701957027932170377e+02
3.782459566523322678e+02
3.870328313341719877e+02
3.961670749562347851e+02
4.052292425292341704e+02
4.138690055725766683e+02
4.217819594578417082e+02
4.288035674937480053e+02
4.348739878367302936e+02
4.399983178298592179e+02
4.442707896656650632e+02
4.478043082589985602e+02
4.507106474092715871e+02
4.531214660397869238e+02
4.550936096716458792e+02
4.567931968583565663e+02
4.582877836769032456e+02
4.596477446838147216e+02
4.609228767253121646e+02
4.621542694688895949e+02
4.633548005150884137e+02
4.645284729785170725e+02
4.656717370171883772e+02
4.667617839240596140e+02
4.677907512694117145e+02
4.687415022257323471e+02
4.696111078392223703e+02
4.704047134408907596e+02
4.711351750348333098e+02
4.718124102943637581e+02
4.724506275835291262e+02
4.730375207892583944e+02
4.735559069613000247e+02
4.739614213160811005e+02
4.741984256819352481e+02
4.742086209992000363e+02
4.739295104075855534e+02
4.733252014539846755e+02
4.723908315880212285e+02
4.710867270650928731e+02
4.694272137118624073e+02
4.674474963068551006e+02
4.651819865982947704e+02
4.626755440613146106e+02
4.599749431952952818e+02
4.571216134763419632e+02
4.541592532066047170e+02
4.511215151700535557e+02
4.480420001139083865e+02
4.449460777891989096e+02
4.418572847262767027e+02
4.387933544299172581e+02
4.357699247909127394e+02
4.327988347537779532e+02
4.298893890551020718e+02
4.270500055389961744e+02
4.242851679915997920e+02
4.216012124646916845e+02
4.190002870297138884e+02
4.164866491403677742e+02
4.140634040910716180e+02
4.117333475963353635e+02
4.095032721191176392e+02
4.073732199968100645e+02
4.053587607487730224e+02
4.034709780224372366e+02
4.017278762989802203e+02
4.001539131928691404e+02
3.987795892625239276e+02
3.976527804144967604e+02
3.968297044340210391e+02
3.963974921156782898e+02
3.964700703064225991e+02
3.972110513017515245e+02
3.988690724070536930e+02
4.017916069054302852e+02
4.065707693363165163e+02
4.140571295504102523e+02
4.256280084643003079e+02
4.429790010563386318e+02
4.674039560723592786e+02
4.975528854530211902e+02
5.284318299119696576e+02
5.549422221202648871e+02
5.761214667279431296e+02
5.937023255013855305e+02
6.102985786388559291e+02
6.268937653319205765e+02
6.424161121389628306e+02
6.556583076183067078e+02
6.666099831161319571e+02
6.759510989343161782e+02
6.844505191332087861e+02
6.924908269106786065e+02
7.001295621667318301e+02
7.071826932359398370e+02
7.133336638979112649e+02
7.181888131580492427e+02
7.214161222869959147e+02
7.229146933686490684e+02
7.226867776192809742e+02
7.209306963142391851e+02
7.179048908367797139e+02
7.138625216838191818e+02
7.090789838346909164e+02
7.037571778881462023e+02
6.980816273351579184e+02
6.921921642609755736e+02
6.861923629244919312e+02
6.801671934627325982e+02
6.741901940307328687e+02
6.683263779865000060e+02
6.625743676464309146e+02
6.569510294505734009e+02
6.514696225587892968e+02
6.461359588944679899e+02
6.409498525394560602e+02
6.359118565828847522e+02
6.310146735725427334e+02
6.262534740955654797e+02
6.216198854269224512e+02
6.171036503741189563e+02
6.126972699181310418e+02
6.083883646196287600e+02
6.041686689983813494e+02
6.000278309202411720e+02
5.959557191313685962e+02
5.919452438495166007e+02
5.879865233976913714e+02
5.840738443911164950e+02
5.802003973217944122e+02
5.763603298997571756e+02
5.725504742659824160e+02
5.687656735424014869e+02
5.649605416313017940e+02
5.612187610453856905e+02
5.574898216821994765e+02
5.537736825036486152e+02
5.500695083883673533e+02
5.463783102807939258e+02
5.427001085906568960e+02
5.390359388358984916e+02
5.353866943091331905e+02
5.317534347202087019e+02
5.281373821688814587e+02
5.245396326511646521e+02
5.209616101634301231e+02
5.174042415577335987e+02
5.138692519137825911e+02
5.103573967333339851e+02
5.068703007083241801e+02
5.034090099758971064e+02
4.999745333681469219e+02
4.965684993814533641e+02
4.931913395226156922e+02
4.898447804176444720e+02
4.865293947897080216e+02
4.832462716824518907e+02
4.799653838785486073e+02
4.767486213122459731e+02
4.735662823047530310e+02
4.704184838364278107e+02
4.673065209473882646e+02
4.642309498646930592e+02
4.611921427780802105e+02
4.581912618260581098e+02
4.552280314141668782e+02
4.523036381665493195e+02
4.494179515068087198e+02
4.465713582564855528e+02
4.437644258537487758e+02
4.409966309938503173e+02
4.382689369907999435e+02
4.355806229319577483e+02
4.329321344763019965e+02
4.303233639348272845e+02
4.277537834555505469e+02
4.252239114235739521e+02
4.227327266468170137e+02
4.202805953821988396e+02
4.178669021545511555e+02
4.154911957447836244e+02
4.131302010311164281e+02
4.108472707862746347e+02
4.085991869947298483e+02
4.063849951507517630e+02
4.042046360492653889e+02
4.020576663119146588e+02
3.999433345242773612e+02
3.978615859163905384e+02
3.958112906472040322e+02
3.937923124883500918e+02
3.918035752596791212e+02
3.898444325923771316e+02
3.879140088728226488e+02
3.860110599737321877e+02
3.841347797845820651e+02
3.822835356899089447e+02
3.804563087955567084e+02
3.786513212206053822e+02
3.768671055718040179e+02
3.751019127252637304e+02
3.733538788837972220e+02
3.716212823156267291e+02
3.699021830004492131e+02
3.681948166828267404e+02
3.664613737767864450e+02
3.647963492404313683e+02
3.631308267207248264e+02
3.614640904332540003e+02
3.597953388604032625e+02
3.581245816202705896e+02
3.564515343924762192e+02
3.547767296077928449e+02
3.531007450059094026e+02
3.514242923927729976e+02
3.497489216336290383e+02
3.480754770469406481e+02
3.464061707409234145e+02
3.447423133678206000e+02
3.430861085103466053e+02
3.414396611912424646e+02
3.398047038802814086e+02
3.381841473033427974e+02
3.365794541991534174e+02
3.349936553512789033e+02
3.334284974307524863e+02
3.318863543783476189e+02
3.303698102613238348e+02
3.288803014732966972e+02
3.273981883131267523e+02
3.259858195310867472e+02
3.246056040970677259e+02
3.232594137725770338e+02
3.219492674249127049e+02
3.206779981489311240e+02
3.194465981508006962e+02
3.182584097292639171e+02
3.171144334460104801e+02
3.160175032314874670e+02
3.149700668603279041e+02
3.139741077791439352e+02
3.130341545928474147e+02
3.121525403325223920e+02
3.113356060141931039e+02
3.105888818857826550e+02
3.099202302809886191e+02
3.093412502374259248e+02
3.088628009057738382e+02
3.085037613932514091e+02
3.082816722131314009e+02
3.082208020909882293e+02
3.083491114331593508e+02
3.086915557601034266e+02
3.092788041173121201e+02
3.101248577194261884e+02
3.112552585245785508e+02
3.126742353374734762e+02
3.143761063528412478e+02
3.163417645609129067e+02
3.185306452965945709e+02
3.209007915662376149e+02
3.233924053081968850e+02
3.259581678756272822e+02
3.285441132959707033e+02
3.311190987669410788e+02
3.336565437650102126e+02
3.361618885811435575e+02
3.386542548262237915e+02
3.412013236692367855e+02
3.438792418844339522e+02
3.467903503261828178e+02
3.499888724796783777e+02
3.534162129536646262e+02
3.568705873904744408e+02
3.600337227393181365e+02
3.627310527179158726e+02
3.650495874928515150e+02
3.675307040668960781e+02
3.699603578071174184e+02
3.723745692128066480e+02
3.747142679138928543e+02
3.769335212165217399e+02
3.789924420148936974e+02
3.809140743786529697e+02
3.827291330068958359e+02
3.844606791848884768e+02
3.861310113248376865e+02
3.877357063367811634e+02
3.892683863632382781e+02
3.907220196622223511e+02
3.920880109295519560e+02
3.933624461606436284e+02
3.945553293562707040e+02
3.956688945209546659e+02
3.967246561916954306e+02
3.977377771149279511e+02
3.987274107238439456e+02
3.997174869820319145e+02
4.007241793332887596e+02
4.017703774739969163e+02
4.028726975344238213e+02
4.042919243079844023e+02
4.058940086440816231e+02
4.076887586457749535e+02
4.096989497849555164e+02
4.119581087981366636e+02
4.144720039174466137e+02
4.172358376615723614e+02
4.202249784570976203e+02
4.233757899818631927e+02
4.266194329952611497e+02
4.298587600411100311e+02
4.330090840564998302e+02
4.359872566889721952e+02
4.387408404611437049e+02
4.412145969062045765e+02
4.433982026693280432e+02
4.452688799421070485e+02
4.468331053779006083e+02
4.480945764525143886e+02
4.490600148054014085e+02
4.497480238046218233e+02
4.501687693882719827e+02
4.503439661400805676e+02
4.502931112289056159e+02
4.501486417363859118e+02
4.498737066552870374e+02
4.494243926243003671e+02
4.488209671183607270e+02
4.480806909189888643e+02
4.472186729797581961e+02
4.462498090183628960e+02
4.451854233201775060e+02
4.440370487163802977e+02
4.428145350690693931e+02
4.415263925960940128e+02
4.401825504206651658e+02
4.387897406126836017e+02
4.373570800154642484e+02
4.358916634182589291e+02
4.344003399077373615e+02
4.328906457196571864e+02
4.313676862399448737e+02
4.298383258259750050e+02
4.283073036081442524e+02
4.267792217901258027e+02
4.252585413973235404e+02
4.237482825270477633e+02
4.222519600930619958e+02
4.207720851603681353e+02
4.192734022775346716e+02
4.177933211223854642e+02
4.163329989650533776e+02
4.148939722306433850e+02
4.134770705051916480e+02
4.120829988422883616e+02
4.107126078024801359e+02
4.093659618705414118e+02
4.080437125669471925e+02
4.067458242330393432e+02
4.054724584861084509e+02
4.042237587093835032e+02
4.029993457829889394e+02
4.017994078825963129e+02
4.006233687478596153e+02
3.994710240681640698e+02
3.983419306326549076e+02
3.972353108504496504e+02
3.961507974113549722e+02
3.950872868424519311e+02
3.940441092184624949e+02
3.930203375328533184e+02
3.920147919731358570e+02
3.910162289660282795e+02
3.900186692349404893e+02
3.890350990778007940e+02
3.880647226574677688e+02
3.871068537654290367e+02
3.861614292611362771e+02
3.852279437379551723e+02
3.843068219242350665e+02
3.833981803864159019e+02
3.825027885039325497e+02
3.816216682432759058e+02
3.807560883019015137e+02
3.799081520499817657e+02
3.790800252883669259e+02
3.782752760110172403e+02
3.774974563628185251e+02
3.767522971805796601e+02
3.760456303827845090e+02
3.753859134178943577e+02
3.747828287291545166e+02
3.742473716648669892e+02
3.737946660557022369e+02
3.734378691694357144e+02
3.731963118767565106e+02
3.730836418796275211e+02
3.731492542694306849e+02
3.733808988424774498e+02
3.737839091012169774e+02
3.743634527398693876e+02
3.751170247639125819e+02
3.760492477668770448e+02
3.771871674782762511e+02
3.786057625000544817e+02
3.804762138608727469e+02
3.830745384353606937e+02
3.868183556109623851e+02
3.920218631965515783e+02
3.988642710184748807e+02
4.074734511661261536e+02
4.178607373935262217e+02
4.299573045240765623e+02
4.431700842534177696e+02
4.560987614513960580e+02
4.675730093614529892e+02
4.780203656757266231e+02
4.885223478933017418e+02
4.996066425222404632e+02
5.099911416783276650e+02
5.177718883196829438e+02
5.225686827990951997e+02
5.250201579110022294e+02
5.260114632595820012e+02
5.263569020062370782e+02
5.266854211374222814e+02
5.276173038980131196e+02
5.293444625448382794e+02
5.317163028379994785e+02
5.345717616402361045e+02
5.376892533599052513e+02
5.407188614219271585e+02
5.434766812256872299e+02
5.462382687807933053e+02
5.498292887472181292e+02
5.549340092085624292e+02
5.616063862328200003e+02
5.694645788965970041e+02
5.774530942234596296e+02
5.842248495699585646e+02
5.886269563638157933e+02
5.901044565127569967e+02
5.888194493417402100e+02
5.855866898502617914e+02
5.811168018561318149e+02
5.760447177138867119e+02
5.708109767176233618e+02
5.656057101484993836e+02
5.605423165461626240e+02
5.556779846816909867e+02
5.510528000470002326e+02
5.466957301470970378e+02
5.426294316444312926e+02
5.388837720925663461e+02
5.354846290188327202e+02
5.324689099441011422e+02
5.298669754856222198e+02
5.277078654026945514e+02
5.260134214960930876e+02
5.247815727653527347e+02
5.240120097513486144e+02
5.236883871706685341e+02
5.237965108584787686e+02
5.243546067686260130e+02
5.253566394733013567e+02
5.268306516273056559e+02
5.287370338544413926e+02
5.309959225124958948e+02
5.334360266085174089e+02
5.362041131419425710e+02
5.388054970696642840e+02
5.411433849336457342e+02
5.431417962270805901e+02
5.448129877440669588e+02
5.461612622616293038e+02
5.472084873550104476e+02
5.479894982591924872e+02
5.485157821230355921e+02
5.488243865111571722e+02
5.489327099405633135e+02
5.488596170796956812e+02
5.486258512596313039e+02
5.482352601125553520e+02
5.477022203051712950e+02
5.470287091086752298e+02
5.462190441064545894e+02
5.452784545396420981e+02
5.442066590256767995e+02
5.430100046715351709e+02
5.416897936653886063e+02
5.402475219567884324e+02
5.386861946949903768e+02
5.368805488356185833e+02
5.351764587460678513e+02
5.333333001521555161e+02
5.313536110893088562e+02
5.292479900586271242e+02
5.270191650120574423e+02
5.246802620059042965e+02
5.222391037179083924e+02
5.197042278997558924e+02
5.170865538185407786e+02
5.143913187491091321e+02
5.116281073536807185e+02
5.088033183096542871e+02
5.059230760155982694e+02
5.029950669463318604e+02
5.000245718959190526e+02
4.970182758474467732e+02
4.939830219984759765e+02
4.909244383609958504e+02
4.878489006424134118e+02
4.847614007144230186e+02
4.816668200578607184e+02
4.785697013473651964e+02
4.754734925349502532e+02
4.723028982328401639e+02
4.691962245249041530e+02
4.660925666871922886e+02
4.629935707837462928e+02
4.599004789975342078e+02
4.568140618643217863e+02
4.537358320773156493e+02
4.506659573141729425e+02
4.476061640249260449e+02
4.445573443447757427e+02
4.415208254070078056e+02
4.384985567108930127e+02
4.354916664852399890e+02
4.325025673527763388e+02
4.295330337647690158e+02
4.265853378259840269e+02
4.236620896191689667e+02
4.207655308358865227e+02
4.178986351471804142e+02
4.150644686304899551e+02
4.122668797198685411e+02
4.095096852308350890e+02
4.067973574997450328e+02
4.041300747376660070e+02
4.014767075768103837e+02
3.989821409042523896e+02
3.966875460110401832e+02
3.947416935100358728e+02
3.933324851333151173e+02
3.927310245354885865e+02
3.930427974774958102e+02
3.939760489071528013e+02
3.947695496154522630e+02
3.947285701801226310e+02
3.936290233640959286e+02
3.917611224451511589e+02
3.894614158129763837e+02
3.869925850718014999e+02
3.845285397254684199e+02
3.821704946179792728e+02
3.799862478614409724e+02
3.780355453714695386e+02
3.763437123974935048e+02
3.749362724148253960e+02
3.738044861492255109e+02
3.729175879141866403e+02
3.722324725433601884e+02
3.716847372962648706e+02
3.714230458717245824e+02
3.712274727479151579e+02
3.709932061876756961e+02
3.706689020922704572e+02
3.702356677989030231e+02
3.696708127660703553e+02
3.689837504261861341e+02
3.681865876190178710e+02
3.672937587797608217e+02
3.663298579430914970e+02
3.653035914642752005e+02
3.642362308752035460e+02
3.631354368024844348e+02
3.620140043556508544e+02
3.608841898693220855e+02
3.597523926627970923e+02
3.586338280153471487e+02
3.575333890771120764e+02
3.564640735770759647e+02
3.554336834445985005e+02
3.544487756459847105e+02
3.535194548161651937e+02
3.526472777324977983e+02
3.518401108279772984e+02
3.512071848151643962e+02
3.506241402678237478e+02
3.500991723586655553e+02
3.496280252164075932e+02
3.492101932871569829e+02
3.488384482346901336e+02
3.485093747680631964e+02
3.482149660204430575e+02
3.479493643582314917e+02
3.477053578470287789e+02
3.474758002705500530e+02
3.472554857270841921e+02
3.470371112606408133e+02
3.468184913735159398e+02
3.465935061389839120e+02
3.463620286909471133e+02
3.461215007813874536e+02
3.458713389565484704e+02
3.456130216123152081e+02
3.453450876057803498e+02
3.450712601409543936e+02
3.447910217191748075e+02
3.445073540670886132e+02
3.442217283156110739e+02
3.439672841119161149e+02
3.436781495913264166e+02
3.433904619855342730e+02
3.431075729968607106e+02
3.428309825117020182e+02
3.425633584436860133e+02
3.423070859397743675e+02
3.420648791786057359e+02
3.418400419173904083e+02
3.416360807983218137e+02
3.414577163492351133e+02
3.413092866570129331e+02
3.411979195412367858e+02
3.411293281862776894e+02
3.411127630483574649e+02
3.411569215181208392e+02
3.412713038348143186e+02
3.414689217155502092e+02
3.417583725808532336e+02
3.421541521946346052e+02
3.426648803190354329e+02
3.432999307519745571e+02
3.440676354139981754e+02
3.449666928127178380e+02
3.459839887701402859e+02
3.473146663458308012e+02
3.487609374470983994e+02
3.503077908185621823e+02
3.519368498408380788e+02
3.536297545894641416e+02
3.553655320070406560e+02
3.571261309437351201e+02
3.588946362555261658e+02
3.606615966660311301e+02
3.624205915670729041e+02
3.641759539531939254e+02
3.659371892255775833e+02
3.677192580615469524e+02
3.695452609961628809e+02
3.714393078236872725e+02
3.734309276571228224e+02
3.755520851025945035e+02
3.778337494710931423e+02
3.803100850288489028e+02
3.830093837378667558e+02
3.859486799800524750e+02
3.891370233134819614e+02
3.925498215873942058e+02
3.962485904820036353e+02
4.001960377862591258e+02
4.041416480529837827e+02
4.079518265252808646e+02
4.115185033271566226e+02
4.147265703992387103e+02
4.175218862844777163e+02
4.198577976030498462e+02
4.217416878673770952e+02
4.231947107604161147e+02
4.242508105849460662e+02
4.249627712534560828e+02
4.253650987246288082e+02
4.255103584026360295e+02
4.254270173751268658e+02
4.251562480976181178e+02
4.247247665906464249e+02
4.241615711798124835e+02
4.234946704114523186e+02
4.227405900170854238e+02
4.219206199500075058e+02
4.210384536572203729e+02
4.201007142181736640e+02
4.191020030816347344e+02
4.180411293150150414e+02
4.169245831192334890e+02
4.157467594511397238e+02
4.145274618578247896e+02
4.132841633907918890e+02
4.120504790455267425e+02
4.108515999648586785e+02
4.097210621291692405e+02
4.086848655698132688e+02
4.077674123639183108e+02
4.069898114279915831e+02
4.063619368055925634e+02
4.058941503035807727e+02
4.055802438889651853e+02
4.054140978474990220e+02
4.053763447520579462e+02
4.054434834516573005e+02
4.055883594945477739e+02
4.057784939598470260e+02
4.059849352099686257e+02
4.061786066682012688e+02
4.063369132588930484e+02
4.064407734217890038e+02
4.064806400453359743e+02
4.064589571784136979e+02
4.063980682197604324e+02
4.062784205336124614e+02
4.061101116330642640e+02
4.059056786671616237e+02
4.056750451093444667e+02
4.054328781893784139e+02
4.051884727691625017e+02
4.049531836653648043e+02
4.047359574414754206e+02
4.045435364356895320e+02
4.043816457621456948e+02
4.042551629955660815e+02
4.041658579564192451e+02
4.041159096264331652e+02
4.041060132202888440e+02
4.041333766880071039e+02
4.041996668666572532e+02
4.042983333696294608e+02
4.044285359130122970e+02
4.045847413329419737e+02
4.047590383782028880e+02
4.049475204993031525e+02
4.051372030118084240e+02
4.054211413742401078e+02
4.057693081626776461e+02
4.061046202896409341e+02
4.064173836667572459e+02
4.067027471281322164e+02
4.069614477497101461e+02
4.072065391075601610e+02
4.074694232336973414e+02
4.077915410519261741e+02
4.082501442824259357e+02
4.089318497679911388e+02
4.099453362605618736e+02
4.114071119978175943e+02
4.133676124868475199e+02
4.158358655644893247e+02
4.186911545640152212e+02
4.217816176805180817e+02
4.249395539713577818e+02
4.280858530014525059e+02
4.311888737042760908e+02
4.342818052471334340e+02
4.374106635673759911e+02
4.406196722024877772e+02
4.439586134322549356e+02
4.474758822715034512e+02
4.513924433644299370e+02
4.556240868754388771e+02
4.602668653177138935e+02
4.654436267484685459e+02
4.712508851478332303e+02
4.777708134479740352e+02
4.850574621898472856e+02
4.931418560713212855e+02
5.021187513700228919e+02
5.120257829865043959e+02
5.229341833296479081e+02
5.345146250137787547e+02
5.459828449784250779e+02
5.563405830514853960e+02
5.651952765752716914e+02
5.725978478489832924e+02
5.789403692636578853e+02
5.843770885508236006e+02
5.889048948472747043e+02
5.924720163303582012e+02
5.948433521494221168e+02
5.958968229416508393e+02
5.956569858660989212e+02
5.942826553966206120e+02
5.919831032188711788e+02
5.890254180756022606e+02
5.855485726174555339e+02
5.816685413066757064e+02
5.774618091683501007e+02
5.730152308393168141e+02
5.683937962886728883e+02
5.636553380199370622e+02
5.588529469572599737e+02
5.540206324619052793e+02
5.491929159521994279e+02
5.443921187262512831e+02
5.396355748825561705e+02
5.349392974553713884e+02
5.303114901893071647e+02
5.257625831934855114e+02
5.212985242575349503e+02
5.169247263473764633e+02
5.126476739564249101e+02
5.084707116638993512e+02
5.044013070760843220e+02
5.004446537098663157e+02
4.966103772423309124e+02
4.929293609318668814e+02
4.894346745097446956e+02
4.861341672005036116e+02
4.830576335956018283e+02
4.802537472302214496e+02
4.777705361018490180e+02
4.756789532339253697e+02
4.740401343223525146e+02
4.729047821034191088e+02
4.722994011271833870e+02
4.721793984680938365e+02
4.724612687218776159e+02
4.730300545240895644e+02
4.737795613168149771e+02
4.746864699067438096e+02
4.757929511679564598e+02
4.771949163314413909e+02
4.790495845615488975e+02
4.814450111042218055e+02
4.844742558778402213e+02
4.880954922324654603e+02
4.921930378533401722e+02
4.965794979877464357e+02
5.009421980980175704e+02
5.048726956273185920e+02
5.082006363660030956e+02
5.105870127877602158e+02
5.119390886387554929e+02
5.122782913418699309e+02
5.116941195591788869e+02
5.103690328117380091e+02
5.084491229330635633e+02
5.060964155465686645e+02
5.034338247315885724e+02
5.005552371726722072e+02
4.975416782882330722e+02
4.944444158755092644e+02
4.913117568542847380e+02
4.881765398983127398e+02
4.850666165512618591e+02
4.820075249271859548e+02
4.790147177705724175e+02
4.761059473407334508e+02
4.732886466970663832e+02
4.705662824791626804e+02
4.679394363663209333e+02
4.653987694473194665e+02
4.629362891761495007e+02
4.604936781422663898e+02
4.581789655285535332e+02
4.559122599632385686e+02
4.536927166139679457e+02
4.515300752210968085e+02
4.494380129116086096e+02
4.474260552241208870e+02
4.455117257469129299e+02
4.436970597944035148e+02
4.419880372859773843e+02
4.403803659510978719e+02
4.388640543331366075e+02
4.374325154350227081e+02
4.360706111326699670e+02
4.347678656276750075e+02
4.335163577798797974e+02
4.323059094750295799e+02
4.311363401850574633e+02
4.300062080834824201e+02
4.289182900013735775e+02
4.278829921404346806e+02
4.269087677994099863e+02
4.260103595962797272e+02
4.252023912932400549e+02
4.244484761150996519e+02
4.237885710239712580e+02
4.232574974042540816e+02
4.228634887252242720e+02
4.226170774879897181e+02
4.225113206864765516e+02
4.225393330224263764e+02
4.226788391881972871e+02
4.228968981329811072e+02
4.231556124703320734e+02
4.234072430620526575e+02
4.236058282744716621e+02
4.237093481154687993e+02
4.236825986665558048e+02
4.234991609190266217e+02
4.231487771890247132e+02
4.226234557683686148e+02
4.219326937839173866e+02
4.210879153484168569e+02
4.201063782724065732e+02
4.190117519347647317e+02
4.178261586230645435e+02
4.165760907723614537e+02
4.152875168814308608e+02
4.139445462043254906e+02
4.126391238236682852e+02
4.113675302115702834e+02
4.101489688395477629e+02
4.090044746375886575e+02
4.079473131014669320e+02
4.069839839147114162e+02
4.061192733893462901e+02
4.053424985805111760e+02
4.046432950759137270e+02
4.040009923719084668e+02
4.033938546825929166e+02
4.027977487971994037e+02
4.021927119445908261e+02
4.015583706095655430e+02
4.008837221097246584e+02
4.001597888120785456e+02
3.993810091402950775e+02
3.985498370677727280e+02
3.976638236082563367e+02
3.967299936169701482e+02
3.957515292666969913e+02
3.947351996048699903e+02
3.936892739127525829e+02
3.925825407839796526e+02
3.915833178735593378e+02
3.905821256170974607e+02
3.895921014445504511e+02
3.886273995558344723e+02
3.877046056269600172e+02
3.868365850903403498e+02
3.860413116105527251e+02
3.853320521176415809e+02
3.847234815970759314e+02
3.842325408188359575e+02
3.838704121022825007e+02
3.836573817501353005e+02
3.836101604196937274e+02
3.837533649917490948e+02
3.841278887058475675e+02
3.847817777737761276e+02
3.858138485627566183e+02
3.873636994385514640e+02
3.896855300486055853e+02
3.931869987003510687e+02
3.985456572946614529e+02
4.068693026316208261e+02
4.197155659772112131e+02
4.390399497021853676e+02
4.643243673707202106e+02
4.919203996504926408e+02
5.160789548904889443e+02
5.335737106173747861e+02
5.445473466336702586e+02
5.507583760453911736e+02
5.537481080405308376e+02
5.547497838836534356e+02
5.544766715699116730e+02
5.534012207309989435e+02
5.517804673767599297e+02
5.498015547078857708e+02
5.475720133394881941e+02
5.451726690135988065e+02
5.426515386486105399e+02
5.400373480106762827e+02
5.373504203692710917e+02
5.345988899180794078e+02
5.317902068596715708e+02
5.289281354129734609e+02
5.260137010465272169e+02
5.230517516635964057e+02
5.200426650413050993e+02
5.170548886729866354e+02
5.140012477211690793e+02
5.109296793665536143e+02
5.078450256061877326e+02
5.047488962337201315e+02
5.016453314283408531e+02
4.985359031322188912e+02
4.954227022275276227e+02
4.923070913652707077e+02
4.891903421892754977e+02
4.860732828003611985e+02
4.829573322535716215e+02
4.798436651005465592e+02
4.767334886001005998e+02
4.736297748328582884e+02
4.705334576551925920e+02
4.674489542647071971e+02
4.643782624991331431e+02
4.613255586967695194e+02
4.582949991448507490e+02
4.552894823719053079e+02
4.523145921195689994e+02
4.493728677769767614e+02
4.464692448318405127e+02
4.436850424846311967e+02
4.409092377569789392e+02
4.381818037556568015e+02
4.355040457983253646e+02
4.328795767412914302e+02
4.303099915303303078e+02
4.277972568515583021e+02
4.253437647317115875e+02
4.229501117556167742e+02
4.206187282766600788e+02
4.183500489151224428e+02
4.161453324768719426e+02
4.140057029270451494e+02
4.119311694018905428e+02
4.099232276025288115e+02
4.079815098108330176e+02
4.061068256782716617e+02
4.042995426524583422e+02
4.025597333909439612e+02
4.008887428076121182e+02
3.992869097996488108e+02
3.977566190674366453e+02
3.963000135462841058e+02
3.949210091835642515e+02
3.936608722111322436e+02
3.924979707459252722e+02
3.914397785004266552e+02
3.904979317529313789e+02
3.896910854070672485e+02
3.890397721657894294e+02
3.885797553928013031e+02
3.883857503290700492e+02
3.886736892837551522e+02
3.902302643495734173e+02
3.954120886391168597e+02
4.100280455231654742e+02
4.355627866837705255e+02
4.606470486454236948e+02
4.844027117328593590e+02
5.230980460539399246e+02
5.759301833144420470e+02
6.166791143513719362e+02
6.441875373819797232e+02
6.723780632996852091e+02
7.006909001813367013e+02
7.212391537067879881e+02
7.345434079242932057e+02
7.417201928233766921e+02
7.437549426424264993e+02
7.440979318494739800e+02
7.440079254201334606e+02
7.436904177765977693e+02
7.431368541993774670e+02
7.422971945737106125e+02
7.411020963639789443e+02
7.394840135430742976e+02
7.374020694558726063e+02
7.348078304244399988e+02
7.317002804304154324e+02
7.280785367535665955e+02
7.239568997916522903e+02
7.193735314785283208e+02
7.143530503388002444e+02
7.089403668735468500e+02
7.031801496879832030e+02
6.971121783083148102e+02
6.907943511453540850e+02
6.842751680619544459e+02
6.776072382598644026e+02
6.708488660046372161e+02
6.640444407701545515e+02
6.572453124785587306e+02
6.506414359332436561e+02
6.440506131325212209e+02
6.375830371711881526e+02
6.312510761424573502e+02
6.250684034275259364e+02
6.190403079667756856e+02
6.131652862728317359e+02
6.074440479800721278e+02
6.018652359638076632e+02
5.964222047602934254e+02
5.911005135688343444e+02
5.858848541573242983e+02
5.807606883758043068e+02
5.757075429699366396e+02
5.707099942971420887e+02
5.657494435376879665e+02
5.608126675836888353e+02
5.558867171367343190e+02
5.509648190183170300e+02
5.460422613436228403e+02
5.411192176965961380e+02
5.361993979158081629e+02
5.312874327871934383e+02
5.263922486176737721e+02
5.216454767909643806e+02
5.168363360947894307e+02
5.120769793942158685e+02
5.073753184317760656e+02
5.027397972393237637e+02
4.981769946548433836e+02
4.936933200103189847e+02
4.892952164880449004e+02
4.849871824923631038e+02
4.807757023862250776e+02
4.766658587588654541e+02
4.726657696547668479e+02
4.687880260261498506e+02
4.650601583997847115e+02
4.615555102918445414e+02
4.584830544850037768e+02
4.564275591893078854e+02
4.562669995480123362e+02
4.578243348153441730e+02
4.591335282994507452e+02
4.600323114789371175e+02
4.619983987286772731e+02
4.657910568120311723e+02
4.706018686456877163e+02
4.745873016014595578e+02
4.777659497635195862e+02
4.800881459129158202e+02
4.825066425865986162e+02
4.864603143204224125e+02
4.939135391590983772e+02
5.054398879969077143e+02
5.166125501944453617e+02
5.239443091852216412e+02
5.287465982757296388e+02
5.337037164181039088e+02
5.405732994461968701e+02
5.500112848876092357e+02
5.603000441519410515e+02
5.693547063298199191e+02
5.785922809027492804e+02
5.918983491156078571e+02
6.115332580174973600e+02
6.305723783895764427e+02
6.410664986424814060e+02
6.441105451743214871e+02
6.432975647795042278e+02
6.408527097547341782e+02
6.377594858868026222e+02
6.340371841213006974e+02
6.303792612208028459e+02
6.274052188453614463e+02
6.257966860232016870e+02
6.257097363886369976e+02
6.261693606110927703e+02
6.252945353623933897e+02
6.223043144832439566e+02
6.176386597788907693e+02
6.121178180380418326e+02
6.062095446134956092e+02
6.001900971230743380e+02
5.941795876033716013e+02
5.882351238722860671e+02
5.823905350855832239e+02
5.766581917292406843e+02
5.710490022001862371e+02
5.655682128707921947e+02
5.602175906083588188e+02
5.550022798365669132e+02
5.499212740026406436e+02
5.449789035130585262e+02
5.401761316289502020e+02
5.355148449732515701e+02
5.310604285060029497e+02
5.267189063509254083e+02
5.225318891020335741e+02
5.185001127170653490e+02
5.146300622702627834e+02
5.109269953767002903e+02
5.073941643362049945e+02
5.040413810036533278e+02
5.008694417990892589e+02
4.978881454663164163e+02
4.951002748414360326e+02
4.925116828921299543e+02
4.901301871225638251e+02
4.879590059677620388e+02
4.860105385651442020e+02
4.842907409571118933e+02
4.828141980393643848e+02
4.815936926277676093e+02
4.806425219849085693e+02
4.799785925350736875e+02
4.796138474865023227e+02
4.795710599479235725e+02
4.798628186933619872e+02
4.805210044187643348e+02
4.815395685074774406e+02
4.829110923788975356e+02
4.846684519431696003e+02
4.867641983109870125e+02
4.891174474906445084e+02
4.915936624908211456e+02
4.940485193471722027e+02
4.963574816523678237e+02
4.984316769491518357e+02
5.001932943285654005e+02
5.016235353265774393e+02
5.026710160201207600e+02
5.033195815147336702e+02
5.035446597570817175e+02
5.033178356067487016e+02
5.026420607707819954e+02
5.015151092732858160e+02
4.999541989850945356e+02
4.979964519359059523e+02
4.956758248409199723e+02
4.930454709506898894e+02
4.901550746263267229e+02
4.870498840649035515e+02
4.837805825947401104e+02
4.804031787391198804e+02
4.769133187260518980e+02
4.733749398350022943e+02
4.698085257435989774e+02
4.662337989368198237e+02
4.626629174112663918e+02
4.591084261422773238e+02
4.555796005536316784e+02
4.520831604220530835e+02
4.486270205799175983e+02
4.452153400920681179e+02
4.418538928717448471e+02
4.385472885151846185e+02
4.352991223857864611e+02
4.321154765894601724e+02
4.289995443459709463e+02
4.259581663873210005e+02
4.229969456586470642e+02
4.201229883611254650e+02
4.173463988562675127e+02
4.146755620308280754e+02
4.121255821435957500e+02
4.097087101667224829e+02
4.074434187784958681e+02
4.053918122660473387e+02
4.035170890797681409e+02
4.018570572126507727e+02
4.004264531929060240e+02
3.992476857402535870e+02
3.983294995569360708e+02
3.976766771049742601e+02
3.972853762341014203e+02
3.971338634818789046e+02
3.971951563976058992e+02
3.974279791592117590e+02
3.977838539106285793e+02
3.982165769735860295e+02
3.986782834289527955e+02
3.991288797209127779e+02
3.995425604810624804e+02
3.998937547754100592e+02
4.001771242839062666e+02
4.003851424875625753e+02
4.005195698420700978e+02
4.005854731411414491e+02
4.005844638753438858e+02
4.005228398153548710e+02
4.004003136932457210e+02
4.001783282456742654e+02
3.998815561869185444e+02
3.995095322794112462e+02
3.990578665772816294e+02
3.985167373909038702e+02
3.978787706658710590e+02
3.971357157009711045e+02
3.962782715040622179e+02
3.953021351276490805e+02
3.942007619137424399e+02
3.929725993410923479e+02
3.916185335771388623e+02
3.901394288822481258e+02
3.885426967094067550e+02
3.868339961881641216e+02
3.850229296851250638e+02
3.831206739200437141e+02
3.811368893104969970e+02
3.790852093778843255e+02
3.769762211012439934e+02
3.748220439543668476e+02
3.726343248881434533e+02
3.704227332955875340e+02
3.681984423551317605e+02
3.659644992340829504e+02
3.637249575151540171e+02
3.615001267559151188e+02
3.592962506148854800e+02
3.571206554278152225e+02
3.549786733388102107e+02
3.528759223297588505e+02
3.508180451581571333e+02
3.488089190297936852e+02
3.468542895186210444e+02
3.449575846587157457e+02
3.431235421380892490e+02
3.413564792673371926e+02
3.396595916505107198e+02
3.380382068534322002e+02
3.364948317888081988e+02
3.350345113794477356e+02
3.336605419983279148e+02
3.323763102073866662e+02
3.311865052097521698e+02
3.300928505323464037e+02
3.291001723389497329e+02
3.282099136904255943e+02
3.274247730421153619e+02
3.267367040577373132e+02
3.261916760729580460e+02
3.257570865876024868e+02
3.254292623441147612e+02
3.252057955370431159e+02
3.250819466371324893e+02
3.250508537667229234e+02
3.251065609662069846e+02
3.252394627778941754e+02
3.254411769134089809e+02
3.257019140517444953e+02
3.260107718118036928e+02
3.263586993831277709e+02
3.267349887749072650e+02
3.271306790845562773e+02
3.275377752055003384e+02
3.279479925993064739e+02
3.283559422467860713e+02
3.287558891552682780e+02
3.291440379173241126e+02
3.295180256498002223e+02
3.298755890146652519e+02
3.302165976243349519e+02
3.305411519028672842e+02
3.308142800914403097e+02
3.310955671848051907e+02
3.313614068287027408e+02
3.316152810685962891e+02
3.318611928755864824e+02
3.321025121511733573e+02
3.323445249912594477e+02
3.325909126838664633e+02
3.328465987594243529e+02
3.331163930003188511e+02
3.334038247949457627e+02
3.337140373185387716e+02
3.340496349092708215e+02
3.344139054195966878e+02
3.348093746617338979e+02
3.352367748783846082e+02
3.356972048628724110e+02
3.361899809684991283e+02
3.367128578356966955e+02
3.372642913649565912e+02
3.378396286869233904e+02
3.384338376145456095e+02
3.390422274186568075e+02
3.396556173385152420e+02
3.402108479035759387e+02
3.407588986170154612e+02
3.412774527282641657e+02
3.417610105604986757e+02
3.421999632798516018e+02
3.425914331223910381e+02
3.429297127566399581e+02
3.432115929963583767e+02
3.434381529306889433e+02
3.436067489372861132e+02
3.437227194866325135e+02
3.437875035220640143e+02
3.438068462200581621e+02
3.437874237925084344e+02
3.437344750652704874e+02
3.436581738951071543e+02
3.435644591356396518e+02
3.434658542219207220e+02
3.433717005196331797e+02
3.432991230479102569e+02
3.432697301188579218e+02
3.433172802422632230e+02
3.435118914523200715e+02
3.439760117863382334e+02
3.450946054853182545e+02
3.473411188638153817e+02
3.518805368252646986e+02
3.605907021514228745e+02
3.752989593318845323e+02
3.953250054410046914e+02
4.156010903678057389e+02
4.332144525654655354e+02
4.523049176219170135e+02
4.774623498828219113e+02
5.041165560843419939e+02
5.227811278826828811e+02
5.325166606016254036e+02
5.370531921429804925e+02
5.390666675376896819e+02
5.394312236394629281e+02
5.381577143048124299e+02
5.356678895727211511e+02
5.324523933607500794e+02
5.288667578654830095e+02
5.250901301011705300e+02
5.212258698132569634e+02
5.173309679868330022e+02
5.134401180000485283e+02
5.096307593556624624e+02
5.061258824315243601e+02
5.026689107570223882e+02
4.992573491950225275e+02
4.958932628582314805e+02
4.925789534480462066e+02
4.893175697835993674e+02
4.861145284818788355e+02
4.829732701848652141e+02
4.798999797933266791e+02
4.768997659821020534e+02
4.739774359919435938e+02
4.711406991483715956e+02
4.683934762647136267e+02
4.657435963095818465e+02
4.631969846191292390e+02
4.607579941110706727e+02
4.584347812369093731e+02
4.562273586168249722e+02
4.541404314776912656e+02
4.521724788586390105e+02
4.503197307294680058e+02
4.485797508080021316e+02
4.469415407466211718e+02
4.453669232668497102e+02
4.440283775087081040e+02
4.427593583997184510e+02
4.415607005787323942e+02
4.404346006086744865e+02
4.393889679352415669e+02
4.384286031979820564e+02
4.375626992112960920e+02
4.367933614220822278e+02
4.361282699591687333e+02
4.355728070530739160e+02
4.351407900216673852e+02
4.348621497704679086e+02
4.347616639181606502e+02
4.348963294972473363e+02
4.352991021163643381e+02
4.360238880231361804e+02
4.371010467773709252e+02
4.385444260190032537e+02
4.403564104375119541e+02
4.424932309158477324e+02
4.449006916771982105e+02
4.474893851826017794e+02
4.501654711490256773e+02
4.529680808424773204e+02
4.557019580240817049e+02
4.583209614926842050e+02
4.608142867051458325e+02
4.632039312421175623e+02
4.655197245769085157e+02
4.677894069827777912e+02
4.700153831153574515e+02
4.721594313077524703e+02
4.741707967225962648e+02
4.759693904828889117e+02
4.775041025198322018e+02
4.787130891972882409e+02
4.795793121907938712e+02
4.800840458143858882e+02
4.802449229758286720e+02
4.800845000887909464e+02
4.796373837936984614e+02
4.789505555428276011e+02
4.780584773437404351e+02
4.770072146741165398e+02
4.758241334030195162e+02
4.745398086624906568e+02
4.731714360576801255e+02
4.717671236368584573e+02
4.702545707403679671e+02
4.686952469802210430e+02
4.670905010905557901e+02
4.654346401497296029e+02
4.637262900557370244e+02
4.619606180678830469e+02
4.601355708178148234e+02
4.582512448565464069e+02
4.563063697750650363e+02
4.543054343610589285e+02
4.522510149030043181e+02
4.501498977398599095e+02
4.480098354836255226e+02
4.458393130313580741e+02
4.436495329188880987e+02
4.414513398557244841e+02
4.392575407144029214e+02
4.370810143518614268e+02
4.349362313380061096e+02
4.328367924033462373e+02
4.307991956993836311e+02
4.288389489949086055e+02
4.269745306220325460e+02
4.252145015290419110e+02
4.235930228709638641e+02
4.221480426389181275e+02
4.209200182198067637e+02
4.199775960078910089e+02
4.194103935230696152e+02
4.193367812693745691e+02
4.199310540362745883e+02
4.213334606141254994e+02
4.236844443917609055e+02
4.269317315774706572e+02
4.308485861862102979e+02
4.350777250631770698e+02
4.392939583643025117e+02
4.432655707466689705e+02
4.469415294462876318e+02
4.502478451620469286e+02
4.531484401683884471e+02
4.555895829799453622e+02
4.574967835433470782e+02
4.588392663092739099e+02
4.595804483880883708e+02
4.597161693802668765e+02
4.592907541663772122e+02
4.583415506961028427e+02
4.569952864532551757e+02
4.553557277656855717e+02
4.534913345783615455e+02
4.514651412938062549e+02
4.493194701157837585e+02
4.470874610225455399e+02
4.447937907494787737e+02
4.424542902100251354e+02
4.400822104402480477e+02
4.376878935992954780e+02
4.352786159878399985e+02
4.328632418180862942e+02
4.304479453822966661e+02
4.280402536514043277e+02
4.256480159957490628e+02
4.232787572717891749e+02
4.209420326624221502e+02
4.186468496784828517e+02
4.164046140198984745e+02
4.142274014471923351e+02
4.121305574300035914e+02
4.101323194971166686e+02
4.082571345659529811e+02
4.065712057531381447e+02
4.052383834924941652e+02
4.042616680894453793e+02
4.037280546516195159e+02
4.037116179500022781e+02
4.042387739248102889e+02
4.052875727692776309e+02
4.067494742857725214e+02
4.084580305514369911e+02
4.102827947256346874e+02
4.121781983135118139e+02
4.141371666638667079e+02
4.162041604443687106e+02
4.183693878394909689e+02
4.206237615353652473e+02
4.229176258521032992e+02
4.252116386797541736e+02
4.274454176135111538e+02
4.295774084090390943e+02
4.315589734432742830e+02
4.333527279902067448e+02
4.349232479745735418e+02
4.362532492117581455e+02
4.373349313257461972e+02
4.380796801580460738e+02
4.386361643856141086e+02
4.389847455852562348e+02
4.391702151938506518e+02
4.392319213849357880e+02
4.392174194409709003e+02
4.391828327473157287e+02
4.391787654076272247e+02
4.392657832985708524e+02
4.394989497271623691e+02
4.399242904241929182e+02
4.405758641123547932e+02
4.414631793222725378e+02
4.425683045491509233e+02
4.438405985815377903e+02
4.452059972383661375e+02
4.465608569387622993e+02
4.478108216413752984e+02
4.488585701064350815e+02
4.496267260177156686e+02
4.500654561529398165e+02
4.501367378656453866e+02
4.498319738743560947e+02
4.491597792165672445e+02
4.480581502416120543e+02
4.466408068099462412e+02
4.449635577611912822e+02
4.430729304534002608e+02
4.410153892711914523e+02
4.388288736256457128e+02
4.365544237943653911e+02
4.342239074093167801e+02
4.318689243236277662e+02
4.295193065988030980e+02
4.272008351850325880e+02
4.249435725685275429e+02
4.227733191766625396e+02
4.207187882673127888e+02
4.188080138108425672e+02
4.170625098874738228e+02
4.155037343864436821e+02
4.141370356785105855e+02
4.129593967684807581e+02
4.119576479841115884e+02
4.111056832421476201e+02
4.103814366077007207e+02
4.097668714961258729e+02
4.092422689094427142e+02
4.087924962064922738e+02
4.085645699078841062e+02
4.084261828827131353e+02
4.083788795177954398e+02
4.084180257080115553e+02
4.085467668460225923e+02
4.087428352382407866e+02
4.089919789524296334e+02
4.092630443343728075e+02
4.095239504123452434e+02
4.097413017317308572e+02
4.098855155693559027e+02
4.099289766207571688e+02
4.098579179131883734e+02
4.096634723418980002e+02
4.093422626362547589e+02
4.089048160947987185e+02
4.083509654593572691e+02
4.076967922797505253e+02
4.069450598727976853e+02
4.061046111946699284e+02
4.051805798832792220e+02
4.041735437883619397e+02
4.030898354268307457e+02
4.018850894211698233e+02
4.006292384774685615e+02
3.992985559812196357e+02
3.979004707276487807e+02
3.964394208566349675e+02
3.949217947596806653e+02
3.933561897344835643e+02
3.917484636389699517e+02
3.901094382672495726e+02
3.884454854072571379e+02
3.867670372537362482e+02
3.850811769490968572e+02
3.833966826933790912e+02
3.817212542557619486e+02
3.800614892522509649e+02
3.784254533492130008e+02
3.768177318000610967e+02
3.752460307258937746e+02
3.737140365496164804e+02
3.722279057187024591e+02
3.707923097976876079e+02
3.694109336095418712e+02
3.680905611105013691e+02
3.668332371840238579e+02
3.656252283124408109e+02
3.645498799345197654e+02
3.635665182763916050e+02
3.626860581544524962e+02
3.619178196803935066e+02
3.612820813294953837e+02
3.607946800855574452e+02
3.604851712724781123e+02
3.603847242746978736e+02
3.605284588766479033e+02
3.609662148443835576e+02
3.617328679006708398e+02
3.628814099785156486e+02
3.644366139162440845e+02
3.664250407233031410e+02
3.688479792544862903e+02
3.716860030561103940e+02
3.749161365593321307e+02
3.784803853954997521e+02
3.823395806266406112e+02
3.864065627941312187e+02
3.906194919142300250e+02
3.948776504829731380e+02
3.990953873405533159e+02
4.034227940935367087e+02
4.074554327731777903e+02
4.111231144533562087e+02
4.143518316087624953e+02
4.171025935695506064e+02
4.193421125977598649e+02
4.210941669003237848e+02
4.223728858451802921e+02
4.232310079361552084e+02
4.237154115094771782e+02
4.238759497248161097e+02
4.237711717878316904e+02
4.234408794245338186e+02
4.229392623528611921e+02
4.223083738722479552e+02
4.216065236427645004e+02
4.209255309150636322e+02
4.204280518732211931e+02
4.205157285528534317e+02
4.220391014804351926e+02
4.266583581594469479e+02
4.368787575934657639e+02
4.534859781756658208e+02
4.740046136484742760e+02
4.948202734822542652e+02
5.136154654113486231e+02
5.301885512874357573e+02
5.466183973983772830e+02
5.633290228451247685e+02
5.798348419416701063e+02
5.952162550833339765e+02
6.086364577748605598e+02
6.185585950072418200e+02
6.232087362685584822e+02
6.236423320107674044e+02
6.222184258380970050e+02
6.201522278448426277e+02
6.179495386788170208e+02
6.157935723675111603e+02
6.137569171107918464e+02
6.118912959597776080e+02
6.102334164423540415e+02
6.088366949870767257e+02
6.077601640323455285e+02
6.070740629173606067e+02
6.068787939140462413e+02
6.072655078945010700e+02
6.083654112441646475e+02
6.104339373603517060e+02
6.135706272595217570e+02
6.177634100989250783e+02
6.229990456321870624e+02
6.292400054399537339e+02
6.363333328677515510e+02
6.439641978394472517e+02
6.517897432015930690e+02
6.593663597084251933e+02
6.662831895809304115e+02
6.723718829154553305e+02
6.775828408294005385e+02
6.821167918742527263e+02
6.862503832136809478e+02
6.901352427661595357e+02
6.937908540144138669e+02
6.969960457871454764e+02
6.995530312894769622e+02
7.014209085940219666e+02
7.025814886771235024e+02
7.029386077603744525e+02
7.023274398779674357e+02
7.006361474384350458e+02
6.980447043217584451e+02
6.947450197341848934e+02
6.909732506260239688e+02
6.869402040182040992e+02
6.827563939592916995e+02
6.785044695029172317e+02
6.742283586347705295e+02
6.699597009146330038e+02
6.657188100057330757e+02
6.615176202808961534e+02
6.573664486994912295e+02
6.532714877856219573e+02
6.492380277878872903e+02
6.452707672938097403e+02
6.413722313419607417e+02
6.375458484336846823e+02
6.337923136693551669e+02
6.301123904929499986e+02
6.265052357618784526e+02
6.229680131065450723e+02
6.194979779535995021e+02
6.160900428983194388e+02
6.127390444742597992e+02
6.094399148431701860e+02
6.061863659184595008e+02
6.029446203143044158e+02
5.997594872275849411e+02
5.966024246047895758e+02
5.934716453642575971e+02
5.903649972499896421e+02
5.872826716023371318e+02
5.842246463562996723e+02
5.811919874011417733e+02
5.781861039138555043e+02
5.752083054119254939e+02
5.722603857217129644e+02
5.693433545761026835e+02
5.664589838395181687e+02
5.636078946782465664e+02
5.607915145244550104e+02
5.580106980367054348e+02
5.552664694553458276e+02
5.525606129933230477e+02
5.498942802880434328e+02
5.472706635800135473e+02
5.446921627646911475e+02
5.421635561267770527e+02
5.396894463297566062e+02
5.372755907412608849e+02
5.348851142816843094e+02
5.326698018039916178e+02
5.305333422099544123e+02
5.284794858447497745e+02
5.265139800864880044e+02
5.246414563825687765e+02
5.228646580238688557e+02
5.211887564835662943e+02
5.196163632029056316e+02
5.181548115218309931e+02
5.168137324478951768e+02
5.156147276643290525e+02
5.145880394504717970e+02
5.137888029224563979e+02
5.132891383816294137e+02
5.131688996890020462e+02
5.135210326132387308e+02
5.143638792029827300e+02
5.156729857124530554e+02
5.173291142666731730e+02
5.191384551654796269e+02
5.208968419591889187e+02
5.224106319772872666e+02
5.235129484721621793e+02
5.240187163043081000e+02
5.241571944035996466e+02
5.238213132078100216e+02
5.231229185717427299e+02
5.221390864761907551e+02
5.209695070833118962e+02
5.196593024335114706e+02
5.182346991866385224e+02
5.167099534219038333e+02
5.150640533726398189e+02
5.132781536551561885e+02
5.113217851228338873e+02
5.091573389242281564e+02
5.067780711601228063e+02
5.041765291166149154e+02
5.013658846517704433e+02
4.983788537832103884e+02
4.952364888632873772e+02
4.919833813752686069e+02
4.886505120749037019e+02
4.852711356931778255e+02
4.818852458496400004e+02
4.785195338544966717e+02
4.752136567993226208e+02
4.719663609457112443e+02
4.688516781356399292e+02
4.658996166111250545e+02
4.631217223448612685e+02
4.605341421544894160e+02
4.581404781268690840e+02
4.559376722651547311e+02
4.539233545343178093e+02
4.520804465399629635e+02
4.503944883555858496e+02
4.488477454544796501e+02
4.474143385487869864e+02
4.460794717753138912e+02
4.448181714796957067e+02
4.436105534993562856e+02
4.424411144274735079e+02
4.412854797703308236e+02
4.401307191521660798e+02
4.389564172551520187e+02
4.377464403107522912e+02
4.364895026193811987e+02
4.351750842411413487e+02
4.337985295256277709e+02
4.323627486520680350e+02
4.308561436170964498e+02
4.292954002343293496e+02
4.277079866527283230e+02
4.261062178812017009e+02
4.245068358135439439e+02
4.229190752548165619e+02
4.213533177921734136e+02
4.198157791505708474e+02
4.183066926700626595e+02
4.168257303482182010e+02
4.153664061217697281e+02
4.139201830794593775e+02
4.124767440935831928e+02
4.110232553954502919e+02
4.095467432006022364e+02
4.080351798910509160e+02
4.064762354343541233e+02
4.048605712778606858e+02
4.031810003965496776e+02
4.014315306169083328e+02
3.996110676966296751e+02
3.977185766125568307e+02
3.957568431216751037e+02
3.937305849316040280e+02
3.916489982227876681e+02
3.894967219392495963e+02
3.873036591164654965e+02
3.850789840313393597e+02
3.828322638290852638e+02
3.805723926591275017e+02
3.783090969607736724e+02
3.760517079814396197e+02
3.738090339869975196e+02
3.715909541103634979e+02
3.694062254145240445e+02
3.672645747484700109e+02
3.651765868878245556e+02
3.631520222932052206e+02
3.612043365130447228e+02
3.593459279728458569e+02
3.575935086527250064e+02
3.559667392670882577e+02
3.544870229879903718e+02
3.531852874014314807e+02
3.520930966643436477e+02
3.512545997676137404e+02
3.507202687927358511e+02
3.505448043026628966e+02
3.507955037211029889e+02
3.515253430705904520e+02
3.527998060253860331e+02
3.546558060352023176e+02
3.571104420931557115e+02
3.601466532149844397e+02
3.636882618511630767e+02
3.676375060191632542e+02
3.718278852942223693e+02
3.760949065530627422e+02
3.802393343295817658e+02
3.841027384790343149e+02
3.875306928277317411e+02
3.904428980991981462e+02
3.927769103007092326e+02
3.945381397276507869e+02
3.957489781331487961e+02
3.964630494286206499e+02
3.967494923101688187e+02
3.966720964295534486e+02
3.963066719417944341e+02
3.957080361271918605e+02
3.949356369832444784e+02
3.940315314214931846e+02
3.930135519874659167e+02
3.919484385577420085e+02
3.908390812988045013e+02
3.897035785674619319e+02
3.885535123869019571e+02
3.873997293024457917e+02
3.862489235123744038e+02
3.851067988594184612e+02
3.839771534014906251e+02
3.828625018465194216e+02
3.817646470224709105e+02
3.806842153947797556e+02
3.796217709090506673e+02
3.785767485260461740e+02
3.775488505127493113e+02
3.765368743956042294e+02
3.755401176444714793e+02
3.745569254121006679e+02
3.735858625205874546e+02
3.726252300201855974e+02
3.716727837174626643e+02
3.707266244797077093e+02
3.697837691928387471e+02
3.688418223650281220e+02
3.678837988795996239e+02
3.669375671462876767e+02
3.659801092753904754e+02
3.650077177652729574e+02
3.640169860130642974e+02
3.630041588200464844e+02
3.619664807390553278e+02
3.609007600969679288e+02
3.598051710572631805e+02
3.586775949462173116e+02
3.575171366274085472e+02
3.563234891746887456e+02
3.550964922015321577e+02
3.538375415732302258e+02
3.525474518440368001e+02
3.512285855169849356e+02
3.498830627199540686e+02
3.485135434708481057e+02
3.471232982566138503e+02
3.457151750403943424e+02
3.442928565091554560e+02
3.428594917740227288e+02
3.414186680079538974e+02
3.399737987327605993e+02
3.385114807501414589e+02
3.370624446629503268e+02
3.356184288459955951e+02
3.341824267426945880e+02
3.327573819451074542e+02
3.313461523296586506e+02
3.299511023426845213e+02
3.285750810165260418e+02
3.272199159098701102e+02
3.258880979867876135e+02
3.245813772759871085e+02
3.233014211150807000e+02
3.220501832556366821e+02
3.208285049057695346e+02
3.196382302135892246e+02
3.184799215832389905e+02
3.173546911329265185e+02
3.162633352322720839e+02
3.152059804464573176e+02
3.141835818454530340e+02
3.131956666659066286e+02
3.122428022908811727e+02
3.113245690652350959e+02
3.104406414517507073e+02
3.095805615439218741e+02
3.087635992538881169e+02
3.079783834083264082e+02
3.072236731570034749e+02
3.064989348434577892e+02
3.058031842477659552e+02
3.051351315354451117e+02
3.044940589350762821e+02
3.038782622636277324e+02
3.032868849807819061e+02
3.027183197925943432e+02
3.021712388515629755e+02
3.016443618410647218e+02
3.011359835128191094e+02
3.006449649436261780e+02
3.001696148745536448e+02
2.997086872724232194e+02
2.992607561800010672e+02
2.988244210148516231e+02
2.983985352530146997e+02
2.979817609938847340e+02
2.975731061131808701e+02
2.971715048227221132e+02
2.967760947236633342e+02
2.963794238267018955e+02
2.959934673656081827e+02
2.956117594618004318e+02
2.952341622844637072e+02
2.948608600209520318e+02
2.944923809979306952e+02
2.941295484830996543e+02
2.937739315136983578e+02
2.934273912805327882e+02
2.930929027645736937e+02
2.927742115923965116e+02
2.924761310037208659e+02
2.922055762935826806e+02
2.919700462974930133e+02
2.917808095587825505e+02
2.916501727866579472e+02
2.915943969541813203e+02
2.916338616598663975e+02
2.917901565569087552e+02
2.920937560935751094e+02
2.925732665372087808e+02
2.932661256977192465e+02
2.942092663931417746e+02
2.954369409384601681e+02
2.969839285608176169e+02
2.988612304691314989e+02
3.010893444428620001e+02
3.036532322232818615e+02
3.065191988301093033e+02
3.096255930713289217e+02
3.128864921112129309e+02
3.162000681494484411e+02
3.194586584995314524e+02
3.225586565232467819e+02
3.254116991353901085e+02
3.279564577341375298e+02
3.301478786569397812e+02
3.319773696559967675e+02
3.334420365624706619e+02
3.345659472942345474e+02
3.353736960866024788e+02
3.358985282628601112e+02
3.361758179418222880e+02
3.362348320686286911e+02
3.361090475182730302e+02
3.358216592680420263e+02
3.353975505273781437e+02
3.348551044847950493e+02
3.342877510498814217e+02
3.336048566728039759e+02
3.328442722756488479e+02
3.320150926921828614e+02
3.311238869893091987e+02
3.301767817012499791e+02
3.291802324700158806e+02
3.281393060655369140e+02
3.270600285953893831e+02
3.259481963903189694e+02
3.248092486758069413e+02
3.236500545726616451e+02
3.224763350839328382e+02
3.212950505351562356e+02
3.201132150823603979e+02
3.189372403504966087e+02
3.177754133030176718e+02
3.166342690776190807e+02
3.155220962471097437e+02
3.144466777786969374e+02
3.134152233503609182e+02
3.124368624899501015e+02
3.115181909464626528e+02
3.106681353010205839e+02
3.099214479428047184e+02
3.092420599565841712e+02
3.086536168095888684e+02
3.081594916118600622e+02
3.077658161850473562e+02
3.074749999865733230e+02
3.072887632301327585e+02
3.072095598253372373e+02
3.072345845103778288e+02
3.073642713732994594e+02
3.075939668698388800e+02
3.079192868970040990e+02
3.083355446230513621e+02
3.088340803203747100e+02
3.094085647539789647e+02
3.100487513834113997e+02
3.107448142907153965e+02
3.114863867103848634e+02
3.122619196381821212e+02
3.130602611904020591e+02
3.138709151703629345e+02
3.146824602232202324e+02
3.154866212383157063e+02
3.162746998298993049e+02
3.169981493063953053e+02
3.176880962419435264e+02
3.183425327508013538e+02
3.189607974797710312e+02
3.195400438571707582e+02
3.200797983913481062e+02
3.205808029488047737e+02
3.210422802800526938e+02
3.214668135793595525e+02
3.218544137854852352e+02
3.222073894617299175e+02
3.225270580798009519e+02
3.228145646917496947e+02
3.230720489605785133e+02
3.232998208382384746e+02
3.234996756555796651e+02
3.236716042533856239e+02
3.238164073666388845e+02
3.239344203835835856e+02
3.240252592581494469e+02
3.240897234069124693e+02
3.241268549815691244e+02
3.241377722383247715e+02
3.241220356535622500e+02
3.240261485239471995e+02
3.239013296787190370e+02
3.237529461314829291e+02
3.235832058238416380e+02
3.233928119735881523e+02
3.231847175911300383e+02
3.229610981145721667e+02
3.227252654463940758e+02
3.224815091991616214e+02
3.222342320204693351e+02
3.219908937733003427e+02
3.217590737836288781e+02
3.215515669257821969e+02
3.213842840960181206e+02
3.212794296351205503e+02
3.212721220367203045e+02
3.214020171863844553e+02
3.217355720317123087e+02
3.223436766762866341e+02
3.233171158180588236e+02
3.247512082003833598e+02
3.266951691661921586e+02
3.291870695895399308e+02
3.321656905304546399e+02
3.357410323697228591e+02
3.398614401901747328e+02
3.445460922782067996e+02
3.498974398097712992e+02
3.561730190423401154e+02
3.635796862244012573e+02
3.723007415901068384e+02
3.822626133119253495e+02
3.930046789327610099e+02
4.038626190978583850e+02
4.140816720182949666e+02
4.230867439616252454e+02
4.305741386725410962e+02
4.365343250083525390e+02
4.411271873254103184e+02
4.447344472765045111e+02
4.477564800603092294e+02
4.506461999229355229e+02
4.538641204869083481e+02
4.577700307280967991e+02
4.625436433559269744e+02
4.681798395408073930e+02
4.744511250796621198e+02
4.810091030858253021e+02
4.872892144838935451e+02
4.930308488980202242e+02
4.978437018040671092e+02
5.016785352266867335e+02
5.044961146843885444e+02
5.063578410760532620e+02
5.073170728469447113e+02
5.074599027365747475e+02
5.069440856928251833e+02
5.058958665383299262e+02
5.044431687080033271e+02
5.026963865865584467e+02
5.007281310429240193e+02
4.986073195905481157e+02
4.963811233854206648e+02
4.940837279589558193e+02
4.917583822042366251e+02
4.894421556224236269e+02
4.871827674223195572e+02
4.850441288732296243e+02
4.830766294460011068e+02
4.813551154523775040e+02
4.799331096933854042e+02
4.788601285204315445e+02
4.781428284095188133e+02
4.777789683949038135e+02
4.777748487646454123e+02
4.780829944963932689e+02
4.786293345922329081e+02
4.793190060434055226e+02
4.800364032300694817e+02
4.806472941787014292e+02
4.810432302664563053e+02
4.811280592820817219e+02
4.808396155355143833e+02
4.801770907568219968e+02
4.791419013792073542e+02
4.777858263818597493e+02
4.761479677177229064e+02
4.742735330483387202e+02
4.722039050196363519e+02
4.699665207419698163e+02
4.675911966837570617e+02
4.650993921664228878e+02
4.625169058015831638e+02
4.598649326388433565e+02
4.571723700006335775e+02
4.544615270070664224e+02
4.517829818967338724e+02
4.491422430783697450e+02
4.465748557462230224e+02
4.441018259486469333e+02
4.417402798107801232e+02
4.395056495548009252e+02
4.374048654345689329e+02
4.354457938537366317e+02
4.336260215478996543e+02
4.319438055409196977e+02
4.303929543087693332e+02
4.289612639609795792e+02
4.276423801843867523e+02
4.264190115483826276e+02
4.252808879475729213e+02
4.242132703332006827e+02
4.231980328041278767e+02
4.222238500107624191e+02
4.212696860549618805e+02
4.203217546457515255e+02
4.193630251764061541e+02
4.183771774443067102e+02
4.173530696824909114e+02
4.162799634837154485e+02
4.151605101786298633e+02
4.140098532915934015e+02
4.128092292677094974e+02
4.115738507760861467e+02
4.103271781705734043e+02
4.090956309368776260e+02
4.079193632889300716e+02
4.068400353106197826e+02
4.059087528948512045e+02
4.051837023544418912e+02
4.047144491273675726e+02
4.045560502630123665e+02
4.047429877891544834e+02
4.052968476339082713e+02
4.062304214064366192e+02
4.075207229667055344e+02
4.091407087490106846e+02
4.110251263529070229e+02
4.130931715041749612e+02
4.152526505702038548e+02
4.174097287915603260e+02
4.194686707337795042e+02
4.213658476008999969e+02
4.230358521416063127e+02
4.244747849837258400e+02
4.257656427608960712e+02
4.267475344705002840e+02
4.274341799643745503e+02
4.278346131437943995e+02
4.279738382260222238e+02
4.278744707929656670e+02
4.275602666372368503e+02
4.270588407551709906e+02
4.263930505999825868e+02
4.255874316643616453e+02
4.246642353514263277e+02
4.236423520192219598e+02
4.225406137880125925e+02
4.213732454359683857e+02
4.201538089812927979e+02
4.188929534830149350e+02
4.175993314817442297e+02
4.162802540916861744e+02
4.149406963639104333e+02
4.135851809418802532e+02
4.122169197251814126e+02
4.108382891115944062e+02
4.094518635415140011e+02
4.080406917773239570e+02
4.066518495476476005e+02
4.052543022842256732e+02
4.038502271973051734e+02
4.024425155891905774e+02
4.010331587468756425e+02
3.996251144382912344e+02
3.982208648660879931e+02
3.968225375691743579e+02
3.954328219254375085e+02
3.940532088678580180e+02
3.926859797270041099e+02
3.913323894251874435e+02
3.899936849159730059e+02
3.886709427588440349e+02
3.873645351901597564e+02
3.860750025157273058e+02
3.848021528290585138e+02
3.835457788050978820e+02
3.823054060458161416e+02
3.810802291108015538e+02
3.798694152866424929e+02
3.786721763877974354e+02
3.774873872697036745e+02
3.762938971771050660e+02
3.751228304207204474e+02
3.739606597369748897e+02
3.728107212492044482e+02
3.716778570400047670e+02
3.705746083230246199e+02
3.695210691950117621e+02
3.685598685336342442e+02
3.677862459936619075e+02
3.673832285200739989e+02
3.678191075578512255e+02
3.699549962761401503e+02
3.752625203359106081e+02
3.847485132462176125e+02
3.972934717136603240e+02
4.108625361683493225e+02
4.262339393242215237e+02
4.466447556000573513e+02
4.765040402801647588e+02
5.247986251016984625e+02
5.870609540644734352e+02
6.432803302261107774e+02
6.840445167727192484e+02
7.080791321207209421e+02
7.198589315973938483e+02
7.255222827748093550e+02
7.287828850613329905e+02
7.306902931696387213e+02
7.318202258325434286e+02
7.325449116278559814e+02
7.330968516111968256e+02
7.336169088348985952e+02
7.341927059972358620e+02
7.348765710978722154e+02
7.356748974296193637e+02
7.365806175351253842e+02
7.375528350449782238e+02
7.385487051122621551e+02
7.395127209251531895e+02
7.404040268106609801e+02
7.411840595499303390e+02
7.418378526031409592e+02
7.423602634600985084e+02
7.427591867953246947e+02
7.430543540418794919e+02
7.432631217289132337e+02
7.434102280392239663e+02
7.435122860877944504e+02
7.435869167719826009e+02
7.436398761881491737e+02
7.436865314392975961e+02
7.437330948900715839e+02
7.437847288572288562e+02
7.438452266508927551e+02
7.439170106204315971e+02
7.440001443452026706e+02
7.440925580823349037e+02
7.441895267566868597e+02
7.442829193885869472e+02
7.443613686688130429e+02
7.444077060274632913e+02
7.443994480855232041e+02
7.443051512529098090e+02
7.440897447713847441e+02
7.437106323794515674e+02
7.431342768146290609e+02
7.423335417474091855e+02
7.413030832554100016e+02
7.400630909822367585e+02
7.386553945155073961e+02
7.371477873725826839e+02
7.356183210683320794e+02
7.341496474071090006e+02
7.327762154146859075e+02
7.315967067797539585e+02
7.306404621175720422e+02
7.299367598752415915e+02
7.294602401746434452e+02
7.291920488719854347e+02
7.290664177599832101e+02
7.290190798529827134e+02
7.289600107429916989e+02
7.287865885935505048e+02
7.284042971987828423e+02
7.277284241216834744e+02
7.267268142791317587e+02
7.254038574787535936e+02
7.238276416428370794e+02
7.220721643587778544e+02
7.202495512653653122e+02
7.184465572542247855e+02
7.167546066632210113e+02
7.152374350164034240e+02
7.139455142276271999e+02
7.129099180652664245e+02
7.121443030868289270e+02
7.116082314348683440e+02
7.113400294894244098e+02
7.113599149981080245e+02
7.116635061606129966e+02
7.122561954836543237e+02
7.131186937409495386e+02
7.142122256244597338e+02
7.154587905274566992e+02
7.167327374583869641e+02
7.178659138362850172e+02
7.186789637739885848e+02
7.189566738453052039e+02
7.180355495726377058e+02
7.163292077927533228e+02
7.135718559582021498e+02
7.097648608378055997e+02
7.049587405032021934e+02
6.992630338328561947e+02
6.928400571218304549e+02
6.858347134553163187e+02
6.784052334237718469e+02
6.706812456891154852e+02
6.627707543649454465e+02
6.547670472830618564e+02
6.467913754287931170e+02
6.388138274074125320e+02
6.309116379858080563e+02
6.231147264432496513e+02
6.154491067644561326e+02
6.079322013168015246e+02
6.005765667637392653e+02
5.933943303527455555e+02
5.863892676839016076e+02
5.795686903373684800e+02
5.729335444659118366e+02
5.664847365397325802e+02
5.602235387645381479e+02
5.541454298894720978e+02
5.482509699120761297e+02
5.425342374976441988e+02
5.369920978177163988e+02
5.316205435028215334e+02
5.264123323309808029e+02
5.213651471269828335e+02
5.164707830311704129e+02
5.117260445933379174e+02
5.071255646277040796e+02
5.026637746025662636e+02
4.983439792135341122e+02
4.941395954988835797e+02
4.900683320819167648e+02
4.861254284108811135e+02
4.823086232737683758e+02
4.786171382403999814e+02
4.750471017298370384e+02
4.716002632850233454e+02
4.682730763812953114e+02
4.650663148603350692e+02
4.619787882809122266e+02
4.590079467243666045e+02
4.561543370285487526e+02
4.534130045442997243e+02
4.507830984022822349e+02
4.482597004246166534e+02
4.458382340539080815e+02
4.435146260060843133e+02
4.412814629666515316e+02
4.391344262281338047e+02
4.370656862873596538e+02
4.350697749935163756e+02
4.331402781858818685e+02
4.312706842647020267e+02
4.294483756793617317e+02
4.276497145174225807e+02
4.258931121590007933e+02
4.241724128428919016e+02
4.224814846210765040e+02
4.208148360601166473e+02
4.191643284213356537e+02
4.175233714647969805e+02
4.158834041248757103e+02
4.142358112548935196e+02
4.125726778735645439e+02
4.108859939279832361e+02
4.091686921312384015e+02
4.074164287654469376e+02
4.056255816417450433e+02
4.037958395397570825e+02
4.019305774345326654e+02
4.000333440167974004e+02
3.981147578000000067e+02
3.961845661321742114e+02
3.942573858290932094e+02
3.923517138260293109e+02
3.904850024215451754e+02
3.886841854494398376e+02
3.869766739607060799e+02
3.853651413072029186e+02
3.839170734535848055e+02
3.826657035606610293e+02
3.816590997965454903e+02
3.809323340845929238e+02
3.805303788231856288e+02
3.804868098367964535e+02
3.808177767879756175e+02
3.815328260632614388e+02
3.826024726680444701e+02
3.839851632901746825e+02
3.856234009247899053e+02
3.874533406094232646e+02
3.894221381762997112e+02
3.915022410819339029e+02
3.936648660212575805e+02
3.959322232329055851e+02
3.983023379949451055e+02
4.008148044796874387e+02
4.034859767638633912e+02
4.063358346537499983e+02
4.093774176807293657e+02
4.125808477551704527e+02
4.158227707012852079e+02
4.191795886543569623e+02
4.224428654406213468e+02
4.254883456240792157e+02
4.282152752937800528e+02
4.305391903972355294e+02
4.324447436926985802e+02
4.339254484095762336e+02
4.350352401118518060e+02
4.358307427143567452e+02
4.363730907466445501e+02
4.367345819602559800e+02
4.369630500816653011e+02
4.371118615198775501e+02
4.372155229678575097e+02
4.372978887905958345e+02
4.373767622582685135e+02
4.374549281456353924e+02
4.375324427006421502e+02
4.376002930129467359e+02
4.376481607918261147e+02
4.376618830126145667e+02
4.376317222949322172e+02
4.375467597056731393e+02
4.373143961312821943e+02
4.370280630620191573e+02
4.366852588982461043e+02
4.363015125722842527e+02
4.358898310998507668e+02
4.354730272524951147e+02
4.350724180720113168e+02
4.347121153110427372e+02
4.344186015198503128e+02
4.342156028334857183e+02
4.341257070129340718e+02
4.341688159899799189e+02
4.343515980197875024e+02
4.346757461133510105e+02
4.351251945535972254e+02
4.356685878610841200e+02
4.362662390402892925e+02
4.368635823285027868e+02
4.374075869451548328e+02
4.378520766920307778e+02
4.381570931074971327e+02
4.382979330031253653e+02
4.382637224737209181e+02
4.380479143530089914e+02
4.376141451063448926e+02
4.371420268796447886e+02
4.365046154410528629e+02
4.357163860859936335e+02
4.347866166960547503e+02
4.337308460257870593e+02
4.325614100003950284e+02
4.312891603345453859e+02
4.299288665912349074e+02
4.284891997215731294e+02
4.269817629365390417e+02
4.254154137027286993e+02
4.237969222775552680e+02
4.221348732069764083e+02
4.204343645619255199e+02
4.187016146411478417e+02
4.169426312028890607e+02
4.151611571363646931e+02
4.133632863084953328e+02
4.115528201641263877e+02
4.097339827448523124e+02
4.079113284273191198e+02
4.060872760853084742e+02
4.042659342471686159e+02
4.024121728249319858e+02
4.006378366890629081e+02
3.988676801483389340e+02
3.971029513738345145e+02
3.953456260730956160e+02
3.935966424582034620e+02
3.918569454822644502e+02
3.901275483601136784e+02
3.884088111160604626e+02
3.867014491494476829e+02
3.850058478461218101e+02
3.833221344490512479e+02
3.816509074838401716e+02
3.799919876323032213e+02
3.783457616417280178e+02
3.767122719631773862e+02
3.750915062255880912e+02
3.734837796819923028e+02
3.718887847129170154e+02
3.703068040777309307e+02
3.687376404439950193e+02
3.671814576416961700e+02
3.656382323431233772e+02
3.641080498522380822e+02
3.625568131260451423e+02
3.610586372120424699e+02
3.595704419724694390e+02
3.580924768901571156e+02
3.566257165245420993e+02
3.551705551740604960e+02
3.537277813566578288e+02
3.522983440776354769e+02
3.508826121795619315e+02
3.494819385592778644e+02
3.480966145616654899e+02
3.467278373707709989e+02
3.453763663447663248e+02
3.440427466746513687e+02
3.427282201211491497e+02
3.414329401630620850e+02
3.401581199815685181e+02
3.389040833156915369e+02
3.376714090443874738e+02
3.364608606502547445e+02
3.352724396175596553e+02
3.341070174033819171e+02
3.329645318910765468e+02
3.318454435852728466e+02
3.307264524260384633e+02
3.296570845411865776e+02
3.286109390073745544e+02
3.275878070664534221e+02
3.265881181859194839e+02
3.256119412250383220e+02
3.246592306892378019e+02
3.237304863644445163e+02
3.228255273472932458e+02
3.219449675602032244e+02
3.210891565572643458e+02
3.202585797529350771e+02
3.194544798700394495e+02
3.186776110539919955e+02
3.179299004177246957e+02
3.172133823700439166e+02
3.165303064187409632e+02
3.158846229936243049e+02
3.152792810735663238e+02
3.147196894566001220e+02
3.142107360732121606e+02
3.137578881364381687e+02
3.133689701747368304e+02
3.130485258813595806e+02
3.128084072810994485e+02
3.126798446292967810e+02
3.126475675171483317e+02
3.127170078051656787e+02
3.128898390183142055e+02
3.131689872869686155e+02
3.135471229009087324e+02
3.140211569578723356e+02
3.145756300070307248e+02
3.151991679173460739e+02
3.158712637502423490e+02
3.165736913529269145e+02
3.172846641644827628e+02
3.179822478268113173e+02
3.186481118758158573e+02
3.192600001129600287e+02
3.198065044216768911e+02
3.202688942651339516e+02
3.206425446030032731e+02
3.209161002961212716e+02
3.210887997299777794e+02
3.211582920843629836e+02
3.211251780314574944e+02
3.209946121924222666e+02
3.207678254660005450e+02
3.204442293830084623e+02
3.200354966899560623e+02
3.195530603482166043e+02
3.190039678479323015e+02
3.183985375505931756e+02
3.177457307973338061e+02
3.170539974408620765e+02
3.163333530812888625e+02
3.155906019580891666e+02
3.148355217368001036e+02
3.140740169399055617e+02
3.133145000346316351e+02
3.125626812337960132e+02
3.118247696358887424e+02
3.111066783704588374e+02
3.104123769892440237e+02
3.097476708635980458e+02
3.091150254440542540e+02
3.085191190423947205e+02
3.079619480216721854e+02
3.074462887897839209e+02
3.069742785716398430e+02
3.065467469054443654e+02
3.061777640047831142e+02
3.058554601524334089e+02
3.055808987884101384e+02
3.053528108773049325e+02
3.051709980052041260e+02
3.050341285736400891e+02
3.049406814783132518e+02
3.048896536755135003e+02
3.048783496938444273e+02
3.049060364715614355e+02
3.049694581795769182e+02
3.050674039990840356e+02
3.051971008408560806e+02
3.053560906856521342e+02
3.055426461802089761e+02
3.057532334629012212e+02
3.059862402478069043e+02
3.062381831573258069e+02
3.065067836757160080e+02
3.067892844046101004e+02
3.070825129590616598e+02
3.073840070460733500e+02
3.076905424929934725e+02
3.079994859131126645e+02
3.083152843639232970e+02
3.086174467911080228e+02
3.089144106735670903e+02
3.092038765723695519e+02
3.094832127941384101e+02
3.097504272238135741e+02
3.100035415603348383e+02
3.102404659275474046e+02
3.104599940090700443e+02
3.106601355117205117e+02
3.108400961331377061e+02
3.109985863622531497e+02
3.111346483713039106e+02
3.112480362795159863e+02
3.113376887136117261e+02
3.114039447360646022e+02
3.114461703128816339e+02
3.114646623823643381e+02
3.114597003686119479e+02
3.114312716950888671e+02
3.113803326122726389e+02
3.113069595976846244e+02
3.112121355951583155e+02
3.110963810409906500e+02
3.109618155295288489e+02
3.108057645371765716e+02
3.106306641288991273e+02
3.104376446681225161e+02
3.102272625000816220e+02
3.100003201152809993e+02
3.097576076625495034e+02
3.094995442495630300e+02
3.092269798161090648e+02
3.089402272624105308e+02
3.086398728065275918e+02
3.083262991965830793e+02
3.079997858246100577e+02
3.076608625873873848e+02
3.073096691035617027e+02
3.069466974420630550e+02
3.065722187231449993e+02
3.061866695973906758e+02
3.057907492336263999e+02
3.053850407838838805e+02
3.049707679694309945e+02
3.045492712330404288e+02
3.041224972154348052e+02
3.036933359504640748e+02
3.032727496573921826e+02
3.028593125396961909e+02
3.024651425790542589e+02
3.021035186579754850e+02
3.017969305636540298e+02
3.015807983263209735e+02
3.015306459533900920e+02
3.017936656387446419e+02
3.026963117011306963e+02
3.048560063231589652e+02
3.090854227191691734e+02
3.161640294193874183e+02
3.255631821062543167e+02
3.357095126430130563e+02
3.462134815461785138e+02
3.574249981201903097e+02
3.690776096822557975e+02
3.805925504211710972e+02
3.916837144077324524e+02
4.031243823627052620e+02
4.160462690634356591e+02
4.308626317573642268e+02
4.465334249181328232e+02
4.608766819735873241e+02
4.717802168829060747e+02
4.790893392438955516e+02
4.831374618298514747e+02
4.848582928573823096e+02
4.850962335247380679e+02
4.843937088680949046e+02
4.831326868609972962e+02
4.815080292719663362e+02
4.796499525382486695e+02
4.776292702291593173e+02
4.754895932809669716e+02
4.732619833726079150e+02
4.709619785892272148e+02
4.686048087732465888e+02
4.661982677906338495e+02
4.637486178294014394e+02
4.612629175306166758e+02
4.587435359025917592e+02
4.561969832915673351e+02
4.536270938355559679e+02
4.510387424796706455e+02
4.484393938131228765e+02
4.458330313769243389e+02
4.432289632533139638e+02
4.406704775084854759e+02
4.381338264359500840e+02
4.356221321259793058e+02
4.331417214402469540e+02
4.307033335891800903e+02
4.283140150094460523e+02
4.259833031050146133e+02
4.237206730959191532e+02
4.215327230004189687e+02
4.194296459516399409e+02
4.174164729605400339e+02
4.155004939621015865e+02
4.136867903472392527e+02
4.119779418183533721e+02
4.103776616598706823e+02
4.088854597786791487e+02
4.075015166802213002e+02
4.062242769637804827e+02
4.050504274215477380e+02
4.039780105151599514e+02
4.030034034572585142e+02
4.021249852456989515e+02
4.013420450985898924e+02
4.006545531474054087e+02
4.000819620083840391e+02
3.996333253890150559e+02
3.992957905951335533e+02
3.990825363671305013e+02
3.990234480260003238e+02
3.991759888794669564e+02
3.996531258677472351e+02
4.007149352649282719e+02
4.028322228393162732e+02
4.069866450218227669e+02
4.146721821197716054e+02
4.276669833605168378e+02
4.467223762895338268e+02
4.702440394900314686e+02
4.952213755000958599e+02
5.187401145257814505e+02
5.382541264088566777e+02
5.527885117837677171e+02
5.622699995476847334e+02
5.670750648693663152e+02
5.681544523188450739e+02
5.667963001360387807e+02
5.640430345390842604e+02
5.606160266923006930e+02
5.569900425747957797e+02
5.533402987118171268e+02
5.496730059221372358e+02
5.460360567735082213e+02
5.424592741724430880e+02
5.389581304267176165e+02
5.355401539998517819e+02
5.322127631595918729e+02
5.289748463045440303e+02
5.258290988633981442e+02
5.227720807361243942e+02
5.198007527119168572e+02
5.169120745178221341e+02
5.140983770207685666e+02
5.113560038905688998e+02
5.086758246846573570e+02
5.060516922698604958e+02
5.034757129299038070e+02
5.009396939940980360e+02
4.984372446348500603e+02
4.959603358613276214e+02
4.935034647960577558e+02
4.910604958839494429e+02
4.886273605221678054e+02
4.862353997829357581e+02
4.838932212401437027e+02
4.815432401252808177e+02
4.791855778492777631e+02
4.768213357432661041e+02
4.744513459434700735e+02
4.720784501124380199e+02
4.697042031829245730e+02
4.673317980038879682e+02
4.649639408022292741e+02
4.626030953691673062e+02
4.602524792703420644e+02
4.579141259869101077e+02
4.555907309758235897e+02
4.532844638468017706e+02
4.509970172462161031e+02
4.487304486190532202e+02
4.464858871970483278e+02
4.442646868547833492e+02
4.420679774800862560e+02
4.398962911557568418e+02
4.377507225995797739e+02
4.356314554868890241e+02
4.335390394694609313e+02
4.314803165893360415e+02
4.294832989650685704e+02
4.275108315165859949e+02
4.255627018288756176e+02
4.236394621565927991e+02
4.217411603992269988e+02
4.198677061789174445e+02
4.180196041653170482e+02
4.161962804466299986e+02
4.143982556637710672e+02
4.126250929384984261e+02
4.108767923939187767e+02
4.091534185386162790e+02
4.074543988497656528e+02
4.057800862614562902e+02
4.041297884435688275e+02
4.025035269904924462e+02
4.009009974401994327e+02
3.993216494222299389e+02
3.977655279765808700e+02
3.962317075796847803e+02
3.947201587081502794e+02
3.932300499210182352e+02
3.917609090690935432e+02
3.903121224094430204e+02
3.889263289340681240e+02
3.875579804181373333e+02
3.862060803502880617e+02
3.848702020080830835e+02
3.835494480293271522e+02
3.822431157982420018e+02
3.809505465943938702e+02
3.796708597242683254e+02
3.784036699743313079e+02
3.771480863535944081e+02
3.759037990747373215e+02
3.746701818882395969e+02
3.734468946104126985e+02
3.722337880379654962e+02
3.710304492799384661e+02
3.698370381316382804e+02
3.686532845326650545e+02
3.674793269413614780e+02
3.663152702170557404e+02
3.651610948598022333e+02
3.640171946744445108e+02
3.628834723543542395e+02
3.617602007071280354e+02
3.606503691274542689e+02
3.595476417297307421e+02
3.584564940903990191e+02
3.573767070989147214e+02
3.563084077425316991e+02
3.552513300506226415e+02
3.542050841067987221e+02
3.531694382525041078e+02
3.521436181651596939e+02
3.511270648339982472e+02
3.501190258754045317e+02
3.491185232535761429e+02
3.481248879468088262e+02
3.471370114641172222e+02
3.461541195221092266e+02
3.451754260074814056e+02
3.442001553486634862e+02
3.432279798222714930e+02
3.422585141987937618e+02
3.412918412377039203e+02
3.403284661399316633e+02
3.393691189360566227e+02
3.384154983500965841e+02
3.374695280471829619e+02
3.365428397465912553e+02
3.356349075589103563e+02
3.347454912135199834e+02
3.338806381519942761e+02
3.330485198509393854e+02
3.322592409872438566e+02
3.315256193648282874e+02
3.308667043718591572e+02
3.303086263577182535e+02
3.299010402423385813e+02
3.297392868873404836e+02
3.300394870343668572e+02
3.313365786500569925e+02
3.348432962607606669e+02
3.432440592831589470e+02
3.607094633765277649e+02
3.895985067553386898e+02
4.252153420526382206e+02
4.599123452573578561e+02
4.895500799005037038e+02
5.118235248736997391e+02
5.256386486268080489e+02
5.328312410453061148e+02
5.368655550988468121e+02
5.408298323257039328e+02
5.461343866358225796e+02
5.528112094690649201e+02
5.600006837964064061e+02
5.670298564007572395e+02
5.737211951634203615e+02
5.796939338049105572e+02
5.846329713092420661e+02
5.885880322075679487e+02
5.914641968648347756e+02
5.931470000907434041e+02
5.935383587229924842e+02
5.926663918576430206e+02
5.908521738481198327e+02
5.885069002067219799e+02
5.859602834040904327e+02
5.834910991272899992e+02
5.812083035788270990e+02
5.791773746679548367e+02
5.773361253549213643e+02
5.755705448794261656e+02
5.737020647920145393e+02
5.715840877123059727e+02
5.691086222337306708e+02
5.663990226520061242e+02
5.632347166077722704e+02
5.598997060972353665e+02
5.564655083805365621e+02
5.529903339915538254e+02
5.495278830626002673e+02
5.461087585136090183e+02
5.427608886690694590e+02
5.394965470668017815e+02
5.363239129260425671e+02
5.332477051823575493e+02
5.302666187533691300e+02
5.273838571256804926e+02
5.245997788904033996e+02
5.219160520165585240e+02
5.193391674760071055e+02
5.168697648726811167e+02
5.138883037509384621e+02
5.109235374828413683e+02
5.088302791671426348e+02
5.068317748896141097e+02
5.049068379414663923e+02
5.030369968472799656e+02
5.011918464633492931e+02
4.993849090274074456e+02
4.977246995184748357e+02
4.960181055291924395e+02
4.942578773365542020e+02
4.924336493201996063e+02
4.905511877806662824e+02
4.886039982595102060e+02
4.865974310856810234e+02
4.845311335466832929e+02
4.824032230572011599e+02
4.802167818162373578e+02
4.779668201397165035e+02
4.756533084652477328e+02
4.732722907913843073e+02
4.708199542940523656e+02
4.682937776151057960e+02
4.656926153828950419e+02
4.630141242837919435e+02
4.602620659612420013e+02
4.574384891812539422e+02
4.545492649322122816e+02
4.516039939232747997e+02
4.486084243686719333e+02
4.455767495333742545e+02
4.425440167193015668e+02
4.395331722714377065e+02
4.365131848119596611e+02
4.334932625097089272e+02
4.304871734686795435e+02
4.275031384144535878e+02
4.245525358261339761e+02
4.216456709436887422e+02
4.187907039417403894e+02
4.159995349466099697e+02
4.132803060599899254e+02
4.106440088262128825e+02
4.081023960407387676e+02
4.056655851245741360e+02
4.033493090878125145e+02
4.011661219072803988e+02
3.991337832504049743e+02
3.972722363437863464e+02
3.955994983013206365e+02
3.941435751586214451e+02
3.929248973983686142e+02
3.919726091818599798e+02
3.913115897738516082e+02
3.909599762691256615e+02
3.909396094021602721e+02
3.911872793181893257e+02
3.917442143437602908e+02
3.925822738703876666e+02
3.936680911878827942e+02
3.949501316016792885e+02
3.963761828615079708e+02
3.978840550891675889e+02
3.994144243790673841e+02
4.009112729594582447e+02
4.023191250095924261e+02
4.035977070146934693e+02
4.047065074357759045e+02
4.056224262751795209e+02
4.063234516636155149e+02
4.068034908104003193e+02
4.070590954289238539e+02
4.070996871487332101e+02
4.069378005403932548e+02
4.065917758284888350e+02
4.060844062134051455e+02
4.054359185560046512e+02
4.046715813294766804e+02
4.038120159059687353e+02
4.028701157359308240e+02
4.018862586301051465e+02
4.008702694411595076e+02
3.998379079199816033e+02
3.988037604309380981e+02
3.977798047490302338e+02
3.967766464768786818e+02
3.958035788203969787e+02
3.948656382842019070e+02
3.939684210297613163e+02
3.931123747493079463e+02
3.922977315459394276e+02
3.915213493892989618e+02
3.907781851901585242e+02
3.900618515708983409e+02
3.893643373907963223e+02
3.886770190163707070e+02
3.879907971796434367e+02
3.872974921896530418e+02
3.865886784065502297e+02
3.858589898992615304e+02
3.851029073425328875e+02
3.843182918629451024e+02
3.835044896412044295e+02
3.826701180882110975e+02
3.818202958404775700e+02
3.809555934698067290e+02
3.800841553025356916e+02
3.792174858326922617e+02
3.783693384544337732e+02
3.775613980241261061e+02
3.768242737157198690e+02
3.762074554556974704e+02
3.758055877128791735e+02
3.757730832369066434e+02
3.764363924187865109e+02
3.782367651693975859e+02
3.817125073214431836e+02
3.870071587041259704e+02
3.937097987590244088e+02
4.015187060881545449e+02
4.102687744786913981e+02
4.193862331625884394e+02
4.278920157628178913e+02
4.350728018438117601e+02
4.408118181039891965e+02
4.455088775422201479e+02
4.494433897236833104e+02
4.526597587624568177e+02
4.556553384284617891e+02
4.581753354512630381e+02
4.602968158464881867e+02
4.620729077555688491e+02
4.635734460743662453e+02
4.648676129386726643e+02
4.659999521193128089e+02
4.670273337549106145e+02
4.679698156020964461e+02
4.688410319751470183e+02
4.696281705460555713e+02
4.702977996391243778e+02
4.708105341548808269e+02
4.711249507788322148e+02
4.712042931790018656e+02
4.710437476726913246e+02
4.706433685885587010e+02
4.700282318678198408e+02
4.692287410135018604e+02
4.682720213071883109e+02
4.671939905202356158e+02
4.660140550421207308e+02
4.647595671408033127e+02
4.634121227805673584e+02
4.621522207229696164e+02
4.608456684316384440e+02
4.594983424908503480e+02
4.581223707784723160e+02
4.567208145341961085e+02
4.553022794784089342e+02
4.538703969685493576e+02
4.524287776014671749e+02
4.509826354306628104e+02
4.495317984486557634e+02
4.480817182890309027e+02
4.466310410246757669e+02
4.451836676307166272e+02
4.437394722454222347e+02
4.422993508646616760e+02
4.408652805807107029e+02
4.394351544285163413e+02
4.380117508644378859e+02
4.365915542192268504e+02
4.351763211394506357e+02
4.337630720296698996e+02
4.323510584791645215e+02
4.309387675758347314e+02
4.294386047654403455e+02
4.279714243299765144e+02
4.264891910395216428e+02
4.249940182505100665e+02
4.234830782644784222e+02
4.219575382825837551e+02
4.204166429236875615e+02
4.188599007991456347e+02
4.172890665701825128e+02
4.157024615098206937e+02
4.141036575733127165e+02
4.124913314623931910e+02
4.108688650042982431e+02
4.092367122257497840e+02
4.075966339670893035e+02
4.059512822785043795e+02
4.043005417532241381e+02
4.026486951345755756e+02
4.009952918429581246e+02
3.993443921175040145e+02
3.976968957603189097e+02
3.960553689370859161e+02
3.944227352928421055e+02
3.927999651323741546e+02
3.911273024116351849e+02
3.895559407361692479e+02
3.880058426516454233e+02
3.864770478396915792e+02
3.849705792579104582e+02
3.834875926816076799e+02
3.820273938015104704e+02
3.805917928943821948e+02
3.791794332955811910e+02
3.777913809235112126e+02
3.764269647823952596e+02
3.750857516072389330e+02
3.737680391995618265e+02
3.724722542156993086e+02
3.711989979560095207e+02
3.699465750770320369e+02
3.687150067174551396e+02
3.675033394599231542e+02
3.663106029598828854e+02
3.651366601536608414e+02
3.639800015956177504e+02
3.628407944623162393e+02
3.617176626003296747e+02
3.606103893741967568e+02
3.594967860845206360e+02
3.584777137126441175e+02
3.574714849337883038e+02
3.564763953099686091e+02
3.554924623589527073e+02
3.545183504816138225e+02
3.535535713815137342e+02
3.525977198933721866e+02
3.516496936895040335e+02
3.507097057970306651e+02
3.497766240523554870e+02
3.488505999896462413e+02
3.479310918883763861e+02
3.470177101362989447e+02
3.461106885800447799e+02
3.452092631433881138e+02
3.443139549280924712e+02
3.434242228892047137e+02
3.425403685084126550e+02
3.416626113635389856e+02
3.407910710321978627e+02
3.399268376340185114e+02
3.390705182000321543e+02
3.382242459916257644e+02
3.373771501326806401e+02
3.365889841780934262e+02
3.358171582187973172e+02
3.350691220735103002e+02
3.343580901796499916e+02
3.336997802683546865e+02
3.331194255491848253e+02
3.326532339356782018e+02
3.323500686407861053e+02
3.322916949859178430e+02
3.325782800977632405e+02
3.333731436011195797e+02
3.348710446465287305e+02
3.373063968948541742e+02
3.409319869804452310e+02
3.458647120608317778e+02
3.521096264880179092e+02
3.594269630431431892e+02
3.673886463789430081e+02
3.755210556974605538e+02
3.833308057369570179e+02
3.903891821183113393e+02
3.964833299398896429e+02
4.014793717924621888e+02
4.052399340289121028e+02
4.080756840828884719e+02
4.100592912895279483e+02
4.113643246291588866e+02
4.121095058808749059e+02
4.123800858173439110e+02
4.122543474054633634e+02
4.117827491143538055e+02
4.110198399810752790e+02
4.100256375157791240e+02
4.088476385805309974e+02
4.075415734960928944e+02
4.061487728757410309e+02
4.047046942971283556e+02
4.032407137555544523e+02
4.017763818185365494e+02
4.003314164474578547e+02
3.989180505463860982e+02
3.975453542049616544e+02
3.962216734883843969e+02
3.949496096457442036e+02
3.937334094138548153e+02
3.925732132514156092e+02
3.914687764407094051e+02
3.903812049365369603e+02
3.893944480550605931e+02
3.884571518541656587e+02
3.875637071535820724e+02
3.867098757101145452e+02
3.858903823813063809e+02
3.850997254795480558e+02
3.843329626938753449e+02
3.835846094166113858e+02
3.828497997042746306e+02
3.821237170411142188e+02
3.814016833655059031e+02
3.806800253835768331e+02
3.799558632266794689e+02
3.792269184190473084e+02
3.784931684724473371e+02
3.777550981826861403e+02
3.770160553534614110e+02
3.762811996018368745e+02
3.755580341404966589e+02
3.748568855981290540e+02
3.741911446862199568e+02
3.735763898828114975e+02
3.730321232986129871e+02
3.725428856335399246e+02
3.721871514188012497e+02
3.719725890289245172e+02
3.719215763948654399e+02
3.720607507866091055e+02
3.724111944358334085e+02
3.729871929155264638e+02
3.738045189628657567e+02
3.748604614370871673e+02
3.761529843220121165e+02
3.776689283896108122e+02
3.793832254737664016e+02
3.812759588192454885e+02
3.833139489913857005e+02
3.854679897599881429e+02
3.877120804748117848e+02
3.900096566505575879e+02
3.923334740930093858e+02
3.946451400160359526e+02
3.969084911637321511e+02
3.990856911346764377e+02
4.011483249971663554e+02
4.030661373184244667e+02
4.048327020510549232e+02
4.064362844614398682e+02
4.078878133042925356e+02
4.091963809458441688e+02
4.103732674407625041e+02
4.114458673774690283e+02
4.124377332671440968e+02
4.133948966570572452e+02
4.143644009356535207e+02
4.154192680245797078e+02
4.166582425510749204e+02
4.182144993120905951e+02
4.203025247334689993e+02
4.231882491857522268e+02
4.272093282961672571e+02
4.326480436474640783e+02
4.395096453393235834e+02
4.474403348967178431e+02
4.558295021235380204e+02
4.639891484643599142e+02
4.714275766852651941e+02
4.777462623471682832e+02
4.826579543222259758e+02
4.860765136380910576e+02
4.880056703773443587e+02
4.885212764460703738e+02
4.878375428453558129e+02
4.862043740310809881e+02
4.838555079409700852e+02
4.809929002168829015e+02
4.777659132922421463e+02
4.743117573995607472e+02
4.707182065172450507e+02
4.670575140726694485e+02
4.633825461712825700e+02
4.597276963890188881e+02
4.561228063927006247e+02
4.525871820329047637e+02
4.491345845618154158e+02
4.457786276868511095e+02
4.425249299614642382e+02
4.393820152834078385e+02
4.363544056694157121e+02
4.334447062554235117e+02
4.306588715326344641e+02
4.279958403476937292e+02
4.254604497673200854e+02
4.230520740107557458e+02
4.207714003737299322e+02
4.186070814374751308e+02
4.166399653460854893e+02
4.148034743560295396e+02
4.130960392062044093e+02
4.115189142734722623e+02
4.100732249429541412e+02
4.087588420114107066e+02
4.075774939366913259e+02
4.065294379780043528e+02
4.056138911039154209e+02
4.048302516856311399e+02
4.041729961798994282e+02
4.036367515793410803e+02
4.032109391535915961e+02
4.028829142322205712e+02
4.026387497171424457e+02
4.024604115692415007e+02
4.023319052173130217e+02
4.022333111262510670e+02
4.021494929701777323e+02
4.020632638273481234e+02
4.019618488058413277e+02
4.018323258517592080e+02
4.016651293602189412e+02
4.014362777335186934e+02
4.012331062537046478e+02
4.009710115101514702e+02
4.006466082373586914e+02
4.002619002578674667e+02
3.998180962299035741e+02
3.993191127459543850e+02
3.987707127632142488e+02
3.981781225806022917e+02
3.975489785278581394e+02
3.968906907710457403e+02
3.962117520250545226e+02
3.955197106571993686e+02
3.948223458215127266e+02
3.941257750481426569e+02
3.934357005082807177e+02
3.927565058321739002e+02
3.920914445736913194e+02
3.914428766858781046e+02
3.908123695958790336e+02
3.902013530953591385e+02
3.896106678290354353e+02
3.890415395171987143e+02
3.884940489716781258e+02
3.879696189285781998e+02
3.874981551064916516e+02
3.870532874268002388e+02
3.866369249271936610e+02
3.862521725190050006e+02
3.859021793036238250e+02
3.855918423082574122e+02
3.853270674295575304e+02
3.851133585762853500e+02
3.849590131585545691e+02
3.848696407464205436e+02
3.848531138055977294e+02
3.849163802056984309e+02
3.850641650355677825e+02
3.853056499892227293e+02
3.856474918449615075e+02
3.861039431524569068e+02
3.866968011219636310e+02
3.874591568192499835e+02
3.884460713014439079e+02
3.897351554989120359e+02
3.914338320862672163e+02
3.936754283718454985e+02
3.966014698070955546e+02
4.003691551494989085e+02
4.051746360943792524e+02
4.108695768190326589e+02
4.172762466967968180e+02
4.240999940184734101e+02
4.309490447092602494e+02
4.373555810850212993e+02
4.429100377601175751e+02
4.473208103125036246e+02
4.504456689186890230e+02
4.523184334523819530e+02
4.530870886269596554e+02
4.529219425130928585e+02
4.520450986366193433e+02
4.506192116651717470e+02
4.488011920772549956e+02
4.467082515797129076e+02
4.444258575054855100e+02
4.420261997484173548e+02
4.395559500407445057e+02
4.370536348805366060e+02
4.345474826420348222e+02
4.320572414911317765e+02
4.295999464199625208e+02
4.272134177045338106e+02
4.248747370853567986e+02
4.226026879734330350e+02
4.204024187391926830e+02
4.182800022107439304e+02
4.162392815246547570e+02
4.142827490713875136e+02
4.124137974225339462e+02
4.106321805718661153e+02
4.089397021624527042e+02
4.073349146153372544e+02
4.058167604510432511e+02
4.043831803495098143e+02
4.030299840530589677e+02
4.017540263891274321e+02
4.005491180744943449e+02
3.994101422705597315e+02
3.983298046677238062e+02
3.973007772240317195e+02
3.963154320744226311e+02
3.953653108672459666e+02
3.944425414229626767e+02
3.935387516143112521e+02
3.926463364998263614e+02
3.917485612912755641e+02
3.908771398944119824e+02
3.900096755489857401e+02
3.891427661083819203e+02
3.882728703759905216e+02
3.873979320019557804e+02
3.865164123120869704e+02
3.856269820544191020e+02
3.847297049695624764e+02
3.838239385877702148e+02
3.829104522623383673e+02
3.819894274030637575e+02
3.810614700779899522e+02
3.801272121894989482e+02
3.791868620653951893e+02
3.782411041992830860e+02
3.772896862462613399e+02
3.763329425681621387e+02
3.753703010973328560e+02
3.744015791130289585e+02
3.734262852452827701e+02
3.724436432274924869e+02
3.714534588752182458e+02
3.704546685334196354e+02
3.694334652736198450e+02
3.684379932046787189e+02
3.674322308934338821e+02
3.664159039436080434e+02
3.653884650692114064e+02
3.643500862838009198e+02
3.633006527287096219e+02
3.622404401186894916e+02
3.611697753740357371e+02
3.600890523882711136e+02
3.589987734232236107e+02
3.578995614922379787e+02
3.567919691094460859e+02
3.556768026850692763e+02
3.545547155119349441e+02
3.534264453433934250e+02
3.522928528170526192e+02
3.511545271426892327e+02
3.500124868604610811e+02
3.488672910377702578e+02
3.477198533215996576e+02
3.465709604565046789e+02
3.454212917440935371e+02
3.442718772535108656e+02
3.431190285693647866e+02
3.419937090625982137e+02
3.408704062499650718e+02
3.397501368665436985e+02
3.386340465915430968e+02
3.375231144908989904e+02
3.364186758444083125e+02
3.353220615616293685e+02
3.342348577191438608e+02
3.331591950444575900e+02
3.320973666790034713e+02
3.310526784893519334e+02
3.300293721183530806e+02
3.290329410394223828e+02
3.280722252600507431e+02
3.271583749736574305e+02
3.263114454806481035e+02
3.255612286489173357e+02
3.249610054597188764e+02
3.246145089657538279e+02
3.247067645122154431e+02
3.256609730380649239e+02
3.282290542952680994e+02
3.338872638702492850e+02
3.446183973410604153e+02
3.620046350764587260e+02
3.866130081880277771e+02
4.171352358534837776e+02
4.498071511885462996e+02
4.795393763062850212e+02
5.047781446781667114e+02
5.226154012396459621e+02
5.261374304563586293e+02
5.262807274062657825e+02
5.246471742418548274e+02
5.221441445315883811e+02
5.191869641050815289e+02
5.159898095361115793e+02
5.126582398791458672e+02
5.092531229695335924e+02
5.058107413468231357e+02
5.023570533199654164e+02
4.989104805184128963e+02
4.954873125881568399e+02
4.921010623088830584e+02
4.887647552051634534e+02
4.854911322969476259e+02
4.822912785292739386e+02
4.791654491252093635e+02
4.762127713361932706e+02
4.733620769567467619e+02
4.706217419584218078e+02
4.680004679324768517e+02
4.655046878233014809e+02
4.631365434286048526e+02
4.609007579538691743e+02
4.587944933243219339e+02
4.568208256951178328e+02
4.549810016727703896e+02
4.532811173788953170e+02
4.517416028487045878e+02
4.503917191120927441e+02
4.492832356774186451e+02
4.485003602150107440e+02
4.481132827520501678e+02
4.482145059768395754e+02
4.487824816184622705e+02
4.497105257379455452e+02
4.507781546346737400e+02
4.517217856366238493e+02
4.523032640711805925e+02
4.523802940799996577e+02
4.520525596362990655e+02
4.512296823852094576e+02
4.499089131398704922e+02
4.481582696882743448e+02
4.460901650213963308e+02
4.437922654847187687e+02
4.413624907342069719e+02
4.388775224660594176e+02
4.364011461262243756e+02
4.339954826950906863e+02
4.317135513259701725e+02
4.295978647149187850e+02
4.276925624572343736e+02
4.260014267797043885e+02
4.245231169235823359e+02
4.232142286020475694e+02
4.220284729862760855e+02
4.209119527526722209e+02
4.198338588995848113e+02
4.187828143470529767e+02
4.177499210276307622e+02
4.167425215491973631e+02
4.157422435691383384e+02
4.147438864104506706e+02
4.138244919369411150e+02
4.127948073102983813e+02
4.117056951120819690e+02
4.105622218431674355e+02
4.093871282392390754e+02
4.081953308596627039e+02
4.070211497732333328e+02
4.058814975020990801e+02
4.048003734944321650e+02
4.037930200860552645e+02
4.028666416102917083e+02
4.020304486976640419e+02
4.012838103858083514e+02
4.006305984741109114e+02
4.000668210808316303e+02
3.995921830271323643e+02
3.992005839569720820e+02
3.988847635592306347e+02
3.986348755613198591e+02
3.984331054509566457e+02
3.982639606572383855e+02
3.980991530411326949e+02
3.979163649126846849e+02
3.976835483828395468e+02
3.973868467105590980e+02
3.969306839879981794e+02
3.963646884148993763e+02
3.956790484312857075e+02
3.948581888961699065e+02
3.939016842749855982e+02
3.928073351723872975e+02
3.915796908201243696e+02
3.902283402848742071e+02
3.887605566896343134e+02
3.871907441694015688e+02
3.855290950294242407e+02
3.837891498300247122e+02
3.819828081382493679e+02
3.801209947624378174e+02
3.782150814823269798e+02
3.762740157524771689e+02
3.743072295817847817e+02
3.723222633486004156e+02
3.703264042671941638e+02
3.683258549873974061e+02
3.663262145138807568e+02
3.643324657447017216e+02
3.623488570071197046e+02
3.603741141277197357e+02
3.584415278278132178e+02
3.565284126218452343e+02
3.546370084927895618e+02
3.527698968508286725e+02
3.509291138681151665e+02
3.491162122502934722e+02
3.473333362559490638e+02
3.455813023988411601e+02
3.438620464025652836e+02
3.421765459812420431e+02
3.405261979417988982e+02
3.389131757420978488e+02
3.373394512155228426e+02
3.358104818652527115e+02
3.343345784835555605e+02
3.329316333320434182e+02
3.316426741281541695e+02
3.305639209400966365e+02
3.299048816998653137e+02
3.301170575854557683e+02
3.321146096632703575e+02
3.372393189865283034e+02
3.469125275344724173e+02
3.613994675659037057e+02
3.803261979094232288e+02
4.026096360365390865e+02
4.258113268057942378e+02
4.469264433085862152e+02
4.641330307319968824e+02
4.769442196013401372e+02
4.856419492791497987e+02
4.910536515129487043e+02
4.939748430407398700e+02
4.952079692062650906e+02
4.954565853489791607e+02
4.951491560995370378e+02
4.945749948310529476e+02
4.938884716510249859e+02
4.931736137998878462e+02
4.924799542829842949e+02
4.918307411575951278e+02
4.912397731285732334e+02
4.907140630595523021e+02
4.902545894471238626e+02
4.898619864119390854e+02
4.895328939920845528e+02
4.892633419350638064e+02
4.890516630923789876e+02
4.889132732326053770e+02
4.888108770026727257e+02
4.887371969617896639e+02
4.886842628364319694e+02
4.886447416038708411e+02
4.886098689529749777e+02
4.885712204565858201e+02
4.885203431363782443e+02
4.884472026971786249e+02
4.883439258895917305e+02
4.882008316411816509e+02
4.880092855051621541e+02
4.877616115931772924e+02
4.874492527898629533e+02
4.870667296213287045e+02
4.866076483621676516e+02
4.860679483146471398e+02
4.854454237188331263e+02
4.847378881034609321e+02
4.839465847918139048e+02
4.830727126398770110e+02
4.821192917565939524e+02
4.810912421179481839e+02
4.799901643644192859e+02
4.788425189110629390e+02
4.776367805404493083e+02
4.763800279256176964e+02
4.750802715361095352e+02
4.737439035920320975e+02
4.723785599499914269e+02
4.709903700821242296e+02
4.695850868044187223e+02
4.681685109887860676e+02
4.667446449240666198e+02
4.653178918850713330e+02
4.638913993029562448e+02
4.624676901705340697e+02
4.610492932600030258e+02
4.596373186458525879e+02
4.582332238283539709e+02
4.568376751534964910e+02
4.554508799865608353e+02
4.540732836764532863e+02
4.527044307642350986e+02
4.513442822658400928e+02
4.499923739773238935e+02
4.486480886632345459e+02
4.473151801123208884e+02
4.459964609644853795e+02
4.446874142738254250e+02
4.433873369976414551e+02
4.420954001732696952e+02
4.408109446328144259e+02
4.395329869513532230e+02
4.382607549277387307e+02
4.369934013983061618e+02
4.357300208271399811e+02
4.344699541241997736e+02
4.332123238546291759e+02
4.319565987838141723e+02
4.307020994040207142e+02
4.294484024453315101e+02
4.281951383521884509e+02
4.269421251276625071e+02
4.256892224001944669e+02
4.244364653838711661e+02
4.231840696531386357e+02
4.219321962362242289e+02
4.206814684500727139e+02
4.194320989424231243e+02
4.181849835978741226e+02
4.169655712597263459e+02
4.157530493484954377e+02
4.145483455488499089e+02
4.133520043298734095e+02
4.121652321839007413e+02
4.109883487650707252e+02
4.098219330136512895e+02
4.086664087709355044e+02
4.075215176157499855e+02
4.063874690182140625e+02
4.052636160360676172e+02
4.041494358834061700e+02
4.030443686156399963e+02
4.019471660381814786e+02
4.008571293162902407e+02
3.997728661108387200e+02
3.986932306107654540e+02
3.976170460364124892e+02
3.965427844030633082e+02
3.954693565246993217e+02
3.943952918584405438e+02
3.933193626261827944e+02
3.922403152970217661e+02
3.911568779359180326e+02
3.900594468832928214e+02
3.889763213783548963e+02
3.878844517001471104e+02
3.867833078623899610e+02
3.856725045150093365e+02
3.845517940308577067e+02
3.834213921067903357e+02
3.822813790469317041e+02
3.811324050227215139e+02
3.799750518070883345e+02
3.788101004588711476e+02
3.776386838205452818e+02
3.764616144156095743e+02
3.752802765588439229e+02
3.740955599669018170e+02
3.729087794784468315e+02
3.717210428517255991e+02
3.705333337646261498e+02
3.693467559326360856e+02
3.681620733682945570e+02
3.669801871075877102e+02
3.658017334537544230e+02
3.646273284297839723e+02
3.634574740479480965e+02
3.622933104168242835e+02
3.611308756036332284e+02
3.599720658533951791e+02
3.588172127389415209e+02
3.576664286246378310e+02
3.565199580754704698e+02
3.553779130193260585e+02
3.542405171489229474e+02
3.531080206434826891e+02
3.519807256416884798e+02
3.508591957787856472e+02
3.497440468964609295e+02
3.486364041402141538e+02
3.475375587323118793e+02
3.464496455625418321e+02
3.453754736949198332e+02
3.443193644560406028e+02
3.432884335698726659e+02
3.422975509111207657e+02
3.413902677674715278e+02
3.407299124897284059e+02
3.410303848988918389e+02
3.447920004662725546e+02
3.583508373013299888e+02
3.793217376151047802e+02
3.938084247796567183e+02
4.047325647442106629e+02
4.282398843918755915e+02
4.805970474352220094e+02
5.517615046228278288e+02
6.128207689997977923e+02
6.436805600538398267e+02
6.554216956678242241e+02
6.619949351559893103e+02
6.687939618538935065e+02
6.759344017467143431e+02
6.776641107747044543e+02
6.752215955362593149e+02
6.718034188445749351e+02
6.684543224412760765e+02
6.654663722824383285e+02
6.629254840388593948e+02
6.608630658435557734e+02
6.593144477843786717e+02
6.582669310546152701e+02
6.577095101707996037e+02
6.576030330993989992e+02
6.579060475139606297e+02
6.586188384072896724e+02
6.597331820396459534e+02
6.612282740159125751e+02
6.630963920618451084e+02
6.653023562045240169e+02
6.677043606416671082e+02
6.700986149849287585e+02
6.721709272281102585e+02
6.736013618781705645e+02
6.740828533662156588e+02
6.734759400007055774e+02
6.717208761552349188e+02
6.688970778582732919e+02
6.651455511931618503e+02
6.606208796299202959e+02
6.555031545083030551e+02
6.499416451270386688e+02
6.440693784244501785e+02
6.379950986293696360e+02
6.318009732460850501e+02
6.255539749010213200e+02
6.193046012167432082e+02
6.130892745845720810e+02
6.069370743911058526e+02
6.008513115931086759e+02
5.948500567958939200e+02
5.889598748267540032e+02
5.831826440038463488e+02
5.775205538919339006e+02
5.719706362258343688e+02
5.665284981043990911e+02
5.611907646589323804e+02
5.559495167375862366e+02
5.508013540631282012e+02
5.457392994483420807e+02
5.407585468354196792e+02
5.358560354699299069e+02
5.310264219900293483e+02
5.262694336422242714e+02
5.215817532782043600e+02
5.169632379492657037e+02
5.124142479097985188e+02
5.079341974046952259e+02
5.035260696054348273e+02
4.991898362969349705e+02
4.949290931492556069e+02
4.907456731647199604e+02
4.866424803839397555e+02
4.826208014276494396e+02
4.786867878820233386e+02
4.748387513904614252e+02
4.710787837990383764e+02
4.674120093260422095e+02
4.638416344825026840e+02
4.603707786568352844e+02
4.570043508566229775e+02
4.537434570330458996e+02
4.505931994118487296e+02
4.475545048935865111e+02
4.446307023498063131e+02
4.418239709974545804e+02
4.391353340124674105e+02
4.365681736114830755e+02
4.341224709679331113e+02
4.318023715460948324e+02
4.296087817957414927e+02
4.275472504472746778e+02
4.256234201239294066e+02
4.238474693258198158e+02
4.222399601094600712e+02
4.208273629797782860e+02
4.196657040242469634e+02
4.187970850837672856e+02
4.185102099904648867e+02
4.188371110347589479e+02
4.198858895822595514e+02
4.217550691630924007e+02
4.244233639975800543e+02
4.277961720575403888e+02
4.317424998419385815e+02
4.360507210450995217e+02
4.405262878993975164e+02
4.449779974658767401e+02
4.491737536991711863e+02
4.529731774735394083e+02
4.562290924974290078e+02
4.588214387589730450e+02
4.607349436231687037e+02
4.619326172448022589e+02
4.624293444643205930e+02
4.622753649792368833e+02
4.615078726442501988e+02
4.602163944780675138e+02
4.584796222616183172e+02
4.563732501227493117e+02
4.539853821578712427e+02
4.513041474223836644e+02
4.485061153908465599e+02
4.456106119760222555e+02
4.426562945599191039e+02
4.396834604589904529e+02
4.367200002603656799e+02
4.337941354344480942e+02
4.309335105460185105e+02
4.281590276159255382e+02
4.254995382845605150e+02
4.229784780910894142e+02
4.206241319116740556e+02
4.184696930793795673e+02
4.165430117180754337e+02
4.148869261775054156e+02
4.135361052595126807e+02
4.125398150935920398e+02
4.119518733666872095e+02
4.118306219403513637e+02
4.122578476295850010e+02
4.133158492486530804e+02
4.151036778092377517e+02
4.177169606777358695e+02
4.212064807655094683e+02
4.255375848791801445e+02
4.306568172839828890e+02
4.363905993738450775e+02
4.425112220233174867e+02
4.488140844755573653e+02
4.550571838270545300e+02
4.610474227361687554e+02
4.666271060138644202e+02
4.716765843316163682e+02
4.761259855510305101e+02
4.799422556465171397e+02
4.831159545587563002e+02
4.856716498637626387e+02
4.876776119918404788e+02
4.891972841001801839e+02
4.903205989298579652e+02
4.911025035448934091e+02
4.915850531560113836e+02
4.917863394126454750e+02
4.917056267819476716e+02
4.913447639146586425e+02
4.906897054253051920e+02
4.897531730219178030e+02
4.885385736943239294e+02
4.870135584674482629e+02
4.853216322592135725e+02
4.834214714174432856e+02
4.813513992088994087e+02
4.791351329860848409e+02
4.768004388167519778e+02
4.743685838484204851e+02
4.718547579515977759e+02
4.692733021341159656e+02
4.666329994770842973e+02
4.639402175751977779e+02
4.612020890207504635e+02
4.584219941425257616e+02
4.556057192349865090e+02
4.527597257912152600e+02
4.498880889070719036e+02
4.470012426976064148e+02
4.441044927521205068e+02
4.412084012346012969e+02
4.383223700531980285e+02
4.354549181717661099e+02
4.326189514311443531e+02
4.298227838918971884e+02
4.270796588552370281e+02
4.243979452567700150e+02
4.218592843176517135e+02
4.194162903032049599e+02
4.170827168127188429e+02
4.148807880421005621e+02
4.128354572422186379e+02
4.109783147358887163e+02
4.093566906205515465e+02
4.080233767753898064e+02
4.070601737888736693e+02
4.065621985750383374e+02
4.066515629380547807e+02
4.074756350483764322e+02
4.091702756903397926e+02
4.118679279981787431e+02
4.156023023835466574e+02
4.202932790471595581e+02
4.257004042739892498e+02
4.314253822676399750e+02
4.370153645739998751e+02
4.420361676226845020e+02
4.461521008610137642e+02
4.491815779410254663e+02
4.510889784780789569e+02
4.519448308797016125e+02
4.519061189135395011e+02
4.511098265234149949e+02
4.497313949704654306e+02
4.479139090596516439e+02
4.457785311498643068e+02
4.434267159172463835e+02
4.409319354625424126e+02
4.383565500549253784e+02
4.357463550674650605e+02
4.331394072316304573e+02
4.305658492619145932e+02
4.280522562045794075e+02
4.256193923541860045e+02
4.232892381857984674e+02
4.210786689841226007e+02
4.190057547744867179e+02
4.170876802222294373e+02
4.153376915888447343e+02
4.137739377664130416e+02
4.124055647189361480e+02
4.112478468299105430e+02
4.103083599885739545e+02
4.095952531471705242e+02
4.091179583899717045e+02
4.088540933782208526e+02
4.088250832329857190e+02
4.090272156287541065e+02
4.094665121007729454e+02
4.101408069305740014e+02
4.110508862243613066e+02
4.121969637085829845e+02
4.135696784537557278e+02
4.151616593160877642e+02
4.169484373605872634e+02
4.188998945813140153e+02
4.209708484874345800e+02
4.231058283238751301e+02
4.252366129355659154e+02
4.272959103471109188e+02
4.292070152118055262e+02
4.309073449991868188e+02
4.323427826610990223e+02
4.334672142183972028e+02
4.342633948434242370e+02
4.347152032688122176e+02
4.348322155709677759e+02
4.346289226159646546e+02
4.341471081818725679e+02
4.333919370380752412e+02
4.323965837692122136e+02
4.311951735173446423e+02
4.298164775553709660e+02
4.282886281675855003e+02
4.266377955211517019e+02
4.248857169276269587e+02
4.230530767851317364e+02
4.211564899732198342e+02
4.192109421280134143e+02
4.172289075044167816e+02
4.152211325434507785e+02
4.131964358623626481e+02
4.111623531439023509e+02
4.091250326874155689e+02
4.070895615864907882e+02
4.050603289937440650e+02
4.030405853258976663e+02
4.010334568123447525e+02
3.990408624994487923e+02
3.970649325492532284e+02
3.951068874690540724e+02
3.931679491573461860e+02
3.912472833193193082e+02
3.893385150271213888e+02
3.874504433478921896e+02
3.855830446947857126e+02
3.837367688563455772e+02
3.819117644755359606e+02
3.801078475058554886e+02
3.783255872572381122e+02
3.765643960107412909e+02
3.748246971611655454e+02
3.731062565720741304e+02
3.714088995652379595e+02
3.697330051115579863e+02
3.680779847785603920e+02
3.664443060142847344e+02
3.648316407205862788e+02
3.632399476024924638e+02
3.616695395308682919e+02
3.601201006938011915e+02
3.585922190054610041e+02
3.570857986232566077e+02
3.556015337255618647e+02
3.541400881698735361e+02
3.527026038685174285e+02
3.512899683164965836e+02
3.499027429682133175e+02
3.485514326372961591e+02
3.472414583363903375e+02
3.459814826733972382e+02
3.447811106630797440e+02
3.436564196049783391e+02
3.426252766154937603e+02
3.417136250174534098e+02
3.409568324412894071e+02
3.403967178284688657e+02
3.401126644125974963e+02
3.402322673841542837e+02
3.411474663487282442e+02
3.437190688902921352e+02
3.485984228526745028e+02
3.537485962190750683e+02
3.574869977805346934e+02
3.604032632641708460e+02
3.632285596401940779e+02
3.662344970505219521e+02
3.697166396416726570e+02
3.741610850641562251e+02
3.804407973464131487e+02
3.885792709004848575e+02
3.978968140453679894e+02
4.056677040385383179e+02
4.120278273153873556e+02
4.183230344768375630e+02
4.264432310389308327e+02
4.383986479794743900e+02
4.531754574675720164e+02
4.658794593688142527e+02
4.750118309031799413e+02
4.845088314747918048e+02
5.089699873486582078e+02
5.271315808922124688e+02
5.377018686921313702e+02
5.429524003292088992e+02
5.465924773074082168e+02
5.498931580860862596e+02
5.535222945467750151e+02
5.581324408689338270e+02
5.650632553682701200e+02
5.758781609504744665e+02
5.900805437707205101e+02
6.029361717727517771e+02
6.115430240488990421e+02
6.165658839682112102e+02
6.199285977742558771e+02
6.224207169060937304e+02
6.237952892175420629e+02
6.236682580790808288e+02
6.218905729240794926e+02
6.188077153563685897e+02
6.147881414108835543e+02
6.101906888796531803e+02
6.052660881084931361e+02
6.001794368746649297e+02
5.950579648787611404e+02
5.899911954873598461e+02
5.850568306917674590e+02
5.803157448319947207e+02
5.758184399323548632e+02
5.715871763727479902e+02
5.676216587480612361e+02
5.638918275000804670e+02
5.603566186327584546e+02
5.569843731711029022e+02
5.537918709092444942e+02
5.508179404910965786e+02
5.481839763487429309e+02
5.459437615815359095e+02
5.442921165755833499e+02
5.429490723281568307e+02
5.416268265955923198e+02
5.400442489856899329e+02
5.381003195709314468e+02
5.358256621642211712e+02
5.333873918769146485e+02
5.309150620071673075e+02
5.285183825948105323e+02
5.262272850038586967e+02
5.240157568526157092e+02
5.218404470982994781e+02
5.196476322888945560e+02
5.174157549291337546e+02
5.151503626288370015e+02
5.128565658372945109e+02
5.105484509447556434e+02
5.082130075801136400e+02
5.058276312703492295e+02
5.033689193194779818e+02
5.008106491655096875e+02
4.981480263744915646e+02
4.953857497798642839e+02
4.924728640836372620e+02
4.894891540614183896e+02
4.864531062790362057e+02
4.833888793713765608e+02
4.803147967117191683e+02
4.772443002479052439e+02
4.741905171875897622e+02
4.711613577081726589e+02
4.681633380739800714e+02
4.652022886486450375e+02
4.622800490597414296e+02
4.593997959528425667e+02
4.565625039720217160e+02
4.537683130990245104e+02
4.510182719615070823e+02
4.483111008459806612e+02
4.456467455486937297e+02
4.430244493408300173e+02
4.404430093637157597e+02
4.379022396226650926e+02
4.354004638930388751e+02
4.329373284419658603e+02
4.305118369887248377e+02
4.281234826718582553e+02
4.256967009008694163e+02
4.233001290325451578e+02
4.209406644490323970e+02
4.186232605098580848e+02
4.163605939156760769e+02
4.141733600371755415e+02
4.121007991691116104e+02
4.102131109151138730e+02
4.086178077143648011e+02
4.075114415269180199e+02
4.071408102533110878e+02
4.078623930899173615e+02
4.100095392529030391e+02
4.137732090464112389e+02
4.191441473427069013e+02
4.258930828654383163e+02
4.337390426484020054e+02
4.424310114774102658e+02
4.514263953890513221e+02
4.599611498297362573e+02
4.671835094610578381e+02
4.723956579907135733e+02
4.753718208983984823e+02
4.763105941844311246e+02
4.754707857714985835e+02
4.735281151262990420e+02
4.708649485301090181e+02
4.677738396377174581e+02
4.644610903012821268e+02
4.610560763897274796e+02
4.576502323747811261e+02
4.543008266545368770e+02
4.510450330623840500e+02
4.479111742188168250e+02
4.449155167755837965e+02
4.420710316778299216e+02
4.393871503904592828e+02
4.368662646138762398e+02
4.345137356543576743e+02
4.323261016462112138e+02
4.303006887793139299e+02
4.284321199583757789e+02
4.267079641814807474e+02
4.251201956051403954e+02
4.236512380307653416e+02
4.222863508143638001e+02
4.210087070339003503e+02
4.197978335528097205e+02
4.185810062176243491e+02
4.174285167739290046e+02
4.162869574090735796e+02
4.151455354169472685e+02
4.139963005057800274e+02
4.128364292423669326e+02
4.116666242351109872e+02
4.104911288998454779e+02
4.093195938412344503e+02
4.081653072530448867e+02
4.070452272693020177e+02
4.059828287024084261e+02
4.050044241386746648e+02
4.041434429479157870e+02
4.034409956762817728e+02
4.029427849892743438e+02
4.027076909097252155e+02
4.027988456289153874e+02
4.032859621111265938e+02
4.042514598328311308e+02
4.057601851727001190e+02
4.078844681195865860e+02
4.106562587439377694e+02
4.140681953485403710e+02
4.180850436824504186e+02
4.225343706861025339e+02
4.272137487384188717e+02
4.318711441511512135e+02
4.362544111558150917e+02
4.401473354753592275e+02
4.434094687893973514e+02
4.459584256243508094e+02
4.478104627922323289e+02
4.490052671512777351e+02
4.496300428440098926e+02
4.497757587398938881e+02
4.495287875673193412e+02
4.489752640921960278e+02
4.481789018644838620e+02
4.472001464821817649e+02
4.460821136002741696e+02
4.448613980400749028e+02
4.435664885659108450e+02
4.422192768080831229e+02
4.408381534575823366e+02
4.394372763413572329e+02
4.380287508082119530e+02
4.366227203278919546e+02
4.352220789075515199e+02
4.338603383507712579e+02
4.325494471723808942e+02
4.313038882483322141e+02
4.301432714922551099e+02
4.290921845457393147e+02
4.281784408453605693e+02
4.274454352589398241e+02
4.269397165273483665e+02
4.267311929039152574e+02
4.269068482370900597e+02
4.275692522308868320e+02
4.288645431728637050e+02
4.309315162964205683e+02
4.339416835516778974e+02
4.380213920110997492e+02
4.432009644952956933e+02
4.493952079627889589e+02
4.562887190769686754e+02
4.634588084007385760e+02
4.704125756598456860e+02
4.767709048916508436e+02
4.822744410813788818e+02
4.868811070788041206e+02
4.907172237409277500e+02
4.936471160659785369e+02
4.958804317730449611e+02
4.975182687148050036e+02
4.986420241640969948e+02
4.993014717329346581e+02
4.995544210603930537e+02
4.994231834322623627e+02
4.989452449388537616e+02
4.981380352091786108e+02
4.970255781485029161e+02
4.956310655286326323e+02
4.939757002155059809e+02
4.920911159006283242e+02
4.900003565816559785e+02
4.877387801163797576e+02
4.853306784630821085e+02
4.828080307190035114e+02
4.801962274008610621e+02
4.775184069345822877e+02
4.747977552730598063e+02
4.720497632788852798e+02
4.692925440536322981e+02
4.665373504672987792e+02
4.638270614814771307e+02
4.610461626947380296e+02
4.582995826339375753e+02
4.555923631202865636e+02
4.529264037653119885e+02
4.503040281466409169e+02
4.477250411754893094e+02
4.451896306595196506e+02
4.426966583675074389e+02
4.402447779246713253e+02
4.378328854814021156e+02
4.354584166314052709e+02
4.331206889218220795e+02
4.308171185791489393e+02
4.285467178341715453e+02
4.263082075116312240e+02
4.240996817368367147e+02
4.219213619828306605e+02
4.197711803256709686e+02
4.176494242258627878e+02
4.155550725004225114e+02
4.134875158065028131e+02
4.114470069770557075e+02
4.094321520003020964e+02
4.074599589143907110e+02
4.054832496625935505e+02
4.035320424141385161e+02
4.016058807166444922e+02
3.997036286566094532e+02
3.978253323997643633e+02
3.959695742776293628e+02
3.941361859707985786e+02
3.923241060302453889e+02
3.905325373020618827e+02
3.887610126152951011e+02
3.870082465954252484e+02
3.852741104417158908e+02
3.835573638796736873e+02
3.818577874537503476e+02
3.801747789586720501e+02
3.785079256262437752e+02
3.768575471233194207e+02
3.752234284114618390e+02
3.736068183435437504e+02
3.720083798489607716e+02
3.704305146469627061e+02
3.688756533449138146e+02
3.673477601885894046e+02
3.658673413394157592e+02
3.644043458534835622e+02
3.629930646188905143e+02
3.616437031902327703e+02
3.603732390863337969e+02
3.591999583144820463e+02
3.581465816716601580e+02
3.572453058374453008e+02
3.565244003495483867e+02
3.560288939184775359e+02
3.557951093389673929e+02
3.558664695475674193e+02
3.562832139644675067e+02
3.570621812111215263e+02
3.582203154826023024e+02
3.597289944249242239e+02
3.615495113476983988e+02
3.636128024835232395e+02
3.658410536748719437e+02
3.681525599313464454e+02
3.704885432172483206e+02
3.727971518043401034e+02
3.750712594486656144e+02
3.773301933754958100e+02
3.796530333450845092e+02
3.823618985005149966e+02
3.860404540991716544e+02
3.919159961508656238e+02
4.023715019973450921e+02
4.206660132363463731e+02
4.486528396376686487e+02
4.831461148342570482e+02
5.170037047717249834e+02
5.457765730919857106e+02
5.680257636204092933e+02
5.813449566536371549e+02
5.872063941007523908e+02
5.893127459060829096e+02
5.891438326918643043e+02
5.865459985691182965e+02
5.821297801164381553e+02
5.767335138018517000e+02
5.709505218005911047e+02
5.650502227336023680e+02
5.591469882490665668e+02
5.532963940544806292e+02
5.475233053255443565e+02
5.418433533047459605e+02
5.363313793754815606e+02
5.309129766653359184e+02
5.256181892675201652e+02
5.204521233545972336e+02
5.154250510329798090e+02
5.105471562309920728e+02
5.058342933423960517e+02
5.013184164583948927e+02
4.970522713178646654e+02
4.931820026687904601e+02
4.899996542658695944e+02
4.882082693789180894e+02
4.890932686798885811e+02
4.941640182210140892e+02
5.042044650689836658e+02
5.191367018073691497e+02
5.394058317721759295e+02
5.635518787954355275e+02
5.864068639996121419e+02
6.028632055210485987e+02
6.119301338295472306e+02
6.154730486886616063e+02
6.158399673101953340e+02
6.139825110914853212e+02
6.101535521936494888e+02
6.052903579767149722e+02
5.999268936355846336e+02
5.944076064621291380e+02
5.889140117300470365e+02
5.835023012212574258e+02
5.781742863583039025e+02
5.729204650859327330e+02
5.677267484928238446e+02
5.626078639076525860e+02
5.575753768367602561e+02
5.526475360370760654e+02
5.478407506017071000e+02
5.431592480983841824e+02
5.386109652471999425e+02
5.341933372394826165e+02
5.299039640535356739e+02
5.257412161279443126e+02
5.216969775073961273e+02
5.177701797566537607e+02
5.139543577637423368e+02
5.102453059051343871e+02
5.066415843428886774e+02
5.031357520153703717e+02
4.996731944443386055e+02
4.963414987591448835e+02
4.930899182238242133e+02
4.899132204034154938e+02
4.868023711210294096e+02
4.837517269815228929e+02
4.807521816611196641e+02
4.777977350589733874e+02
4.748828550848610917e+02
4.720062244078026765e+02
4.691700555596395361e+02
4.663853696992897540e+02
4.636720449788748510e+02
4.610620520447649824e+02
4.586098681400349051e+02
4.563855292271333042e+02
4.544965130042299961e+02
4.530804685166345394e+02
4.523037776748528245e+02
4.523768477115182236e+02
4.534761290728868062e+02
4.557538194494663912e+02
4.592229509957119262e+02
4.637033341180228945e+02
4.689053379105873773e+02
4.742457136621655991e+02
4.791469194218091729e+02
4.831412423748856781e+02
4.859698821599479288e+02
4.875876054037367453e+02
4.881707836916404517e+02
4.879857730238368276e+02
4.874316024671815057e+02
4.869941764081395945e+02
4.872217022277295655e+02
4.887745272601407578e+02
4.922077587802419885e+02
4.978137267716713836e+02
5.053987891264615087e+02
5.140849052028806909e+02
5.227179386175083664e+02
5.305709511639560105e+02
5.371351883312772770e+02
5.421281703959698461e+02
5.453204653506522845e+02
5.465584005518425101e+02
5.459448456648102592e+02
5.438450667936704122e+02
5.406516155711290139e+02
5.367861389785559822e+02
5.325320318911935829e+02
5.281071820876485390e+02
5.236796021172522160e+02
5.193517150470372599e+02
5.152111088407583566e+02
5.113236055907644868e+02
5.077373682609232333e+02
5.045053470136014653e+02
5.016503741525933719e+02
4.991929449369146710e+02
4.971242665635551816e+02
4.954022235978292201e+02
4.939684570447435590e+02
4.927267320065509466e+02
4.915723252627937541e+02
4.904100123609532034e+02
4.891540933367769526e+02
4.877544272867240238e+02
4.862062026221626638e+02
4.845255378843286849e+02
4.827883711151038142e+02
4.811023046138754466e+02
4.795614793682870527e+02
4.785496658277075426e+02
4.781817382952575599e+02
4.785329123855230478e+02
4.794915627832908740e+02
4.807472031447169343e+02
4.819694872883329140e+02
4.830395062079861077e+02
4.840323213419362673e+02
4.852333561294866513e+02
4.869883822132808291e+02
4.896176724852978737e+02
4.933703751111709153e+02
4.982152097348585471e+02
5.038796402927147255e+02
5.098467492857881780e+02
5.155075967048192069e+02
5.204081422678232229e+02
5.242465838665624460e+02
5.268802276564936165e+02
5.283686338594492327e+02
5.288466178667065378e+02
5.285033107297600736e+02
5.275518637345765001e+02
5.261064457440511433e+02
5.243353151525423073e+02
5.223236394695113631e+02
5.201213649811863888e+02
5.177612821788162591e+02
5.152509178468782238e+02
5.126008321798894940e+02
5.098098985422209921e+02
5.068834773882177842e+02
5.038269838559083382e+02
5.006495718365125072e+02
4.973666290485617765e+02
4.939953399908417850e+02
4.905599311985605482e+02
4.870862275048197603e+02
4.836054672498088962e+02
4.801534442734549657e+02
4.767673273359398536e+02
4.734916757383886079e+02
4.703686782384432945e+02
4.674407071542956373e+02
4.647483751359199005e+02
4.623131619611221481e+02
4.601499122077613038e+02
4.582084359812963044e+02
4.565622455473190939e+02
4.551171269046847669e+02
4.538169093822999685e+02
4.526037053777443475e+02
4.514355690158961352e+02
4.502616110452821090e+02
4.490595362317267814e+02
4.478085238149910765e+02
4.464927176824653543e+02
4.451175934682586330e+02
4.436742809331656758e+02
4.421699052565390957e+02
4.406034228173281235e+02
4.389759905656461001e+02
4.372916948732771516e+02
4.355543659109539476e+02
4.337707648009115928e+02
4.319519117492894793e+02
4.301103739892827207e+02
4.282614584246412051e+02
4.264250472571393402e+02
4.246179867801718046e+02
4.228626170264502662e+02
4.211595741177212631e+02
4.196026328803146725e+02
4.181540128955108457e+02
4.168252818488164735e+02
4.156272708842391808e+02
4.145637309523475551e+02
4.136318869049208615e+02
4.128261645439368408e+02
4.121302185295384106e+02
4.115265973178255763e+02
4.109910574151586502e+02
4.104965076079947153e+02
4.100172490685065441e+02
4.095243456548510608e+02
4.089952077014243628e+02
4.084082915378490384e+02
4.077493776189674577e+02
4.070084445077594637e+02
4.061834972533285395e+02
4.052767505934891688e+02
4.042971242926729474e+02
4.032579893196878515e+02
4.021743850553021957e+02
4.010662118719794762e+02
3.999629765260975205e+02
3.988720567790048221e+02
3.978105923746057329e+02
3.967917738037121467e+02
3.958284028821323091e+02
3.949263300773116043e+02
3.940887333516483295e+02
3.933146605137841334e+02
3.925972697956585193e+02
3.919287456837021750e+02
3.912970097728503447e+02
3.906902567982579626e+02
3.900961878640273426e+02
3.895048003090235511e+02
3.889080477047613726e+02
3.883033571155093000e+02
3.876909785900695056e+02
3.870776779964497223e+02
3.864732453829638530e+02
3.858934753210945132e+02
3.853561502555657512e+02
3.848827990914251131e+02
3.844953494450790572e+02
3.842134904654503202e+02
3.840696651149997933e+02
3.840727422791367189e+02
3.842162949944379307e+02
3.844891002584864736e+02
3.848762119303326017e+02
3.853473910597610939e+02
3.858666884745750849e+02
3.863901409917870637e+02
3.868731390468668110e+02
3.872711569142669532e+02
3.875437685345542036e+02
3.876611818333644237e+02
3.875938133580659155e+02
3.873312516858976551e+02
3.868596250709217088e+02
3.861831580053649873e+02
3.853041800826447343e+02
3.842344170880691649e+02
3.829889045022264327e+02
3.815816428314191739e+02
3.800331199201031041e+02
3.783578751256249006e+02
3.765753876343335378e+02
3.747002947727929154e+02
3.727359968660863956e+02
3.706878906668540594e+02
3.685917698360838131e+02
3.664589894753951853e+02
3.642979222187701680e+02
3.621171300656476433e+02
3.599232212938158000e+02
3.577225634663016649e+02
3.555203433775721464e+02
3.533214014036771573e+02
3.511299697473268679e+02
3.489496140047266408e+02
3.467841472755559380e+02
3.446361152133794690e+02
3.425089566347081700e+02
3.404047955565660573e+02
3.383262851448066044e+02
3.362758485545244298e+02
3.342551618169786138e+02
3.322669982617356936e+02
3.303125263701651875e+02
3.283942831159389470e+02
3.265137965380715741e+02
3.246727359126542183e+02
3.228663048518412779e+02
3.210975581359101056e+02
3.193759714062131820e+02
3.177023172324189204e+02
3.160785354245976464e+02
3.145062533046690305e+02
3.129863333575377169e+02
3.115212740812729635e+02
3.101113692090424365e+02
3.087589975453131501e+02
3.074651774348126310e+02
3.062317981931646500e+02
3.050632599307554074e+02
3.039697898988618476e+02
3.029901516250184272e+02
3.022538695718785107e+02
3.022374377615455501e+02
3.042049583095625280e+02
3.107146884675722163e+02
3.224308658328961315e+02
3.364910381809901878e+02
3.505557485556514621e+02
3.659353451418435270e+02
3.826233176423255031e+02
3.998516853091108487e+02
4.173516249084628384e+02
4.341964035349474784e+02
4.510276970205324005e+02
4.667555755776318733e+02
4.815187060807327839e+02
4.963633697216077962e+02
5.113856248996372642e+02
5.249218999947537441e+02
5.344375761849511264e+02
5.393170206510975504e+02
5.413001282731327137e+02
5.418105329281389686e+02
5.417072715332810731e+02
5.413447748367290160e+02
5.408588722123926118e+02
5.403006384577795416e+02
5.396811903253498031e+02
5.389990922553425889e+02
5.382476277276222163e+02
5.374198611836394548e+02
5.365081499219004399e+02
5.355074654170849726e+02
5.344145931966407943e+02
5.332277348260078043e+02
5.320365485760285083e+02
5.307502766066994582e+02
5.293737059929736688e+02
5.279130123351084194e+02
5.263725457738461273e+02
5.247600651041049105e+02
5.230802111283352360e+02
5.213394323631043790e+02
5.195435739319883623e+02
5.176969396919528208e+02
5.158062406202260490e+02
5.138749898029300311e+02
5.119093189467852767e+02
5.099137080242534807e+02
5.078926451151940569e+02
5.058514689279222694e+02
5.037935717369308577e+02
5.017240003188280184e+02
4.996462054312126497e+02
4.975637206464953692e+02
4.954800288207432004e+02
4.933975372613534773e+02
4.913191735039919763e+02
4.892134158149217456e+02
4.871609169951483977e+02
4.851135247233141854e+02
4.830725022144736727e+02
4.810393366801001207e+02
4.790150092253149410e+02
4.770003390918543005e+02
4.749963899258805782e+02
4.730034467282294486e+02
4.710224457119342674e+02
4.690536695300819474e+02
4.670975979324585410e+02
4.651548508098562706e+02
4.632254602462390380e+02
4.613101754411906086e+02
4.594090017376489641e+02
4.575223929290107776e+02
4.556506745788004196e+02
4.537938347789242357e+02
4.519524161413272054e+02
4.501261961286879796e+02
4.483155843710601971e+02
4.465205165714702389e+02
4.447410071990688039e+02
4.429465503938696997e+02
4.412258821852705637e+02
4.395177389709959357e+02
4.378218556604321066e+02
4.361383795934134469e+02
4.344673353556763686e+02
4.328085177402778640e+02
4.311622357579947789e+02
4.295281564566068369e+02
4.279065498658230240e+02
4.262973389473451107e+02
4.247005054705216480e+02
4.231163373240360102e+02
4.215445819425303284e+02
4.199856635223828789e+02
4.184394356409757165e+02
4.169061425579965885e+02
4.153859648120446764e+02
4.138788506340448521e+02
4.123852096737302872e+02
4.109049028178865797e+02
4.094383102712288292e+02
4.079854719158132070e+02
4.065465347904474243e+02
4.051028825459877112e+02
4.037502807722556781e+02
4.024093865334458542e+02
4.010801651922852216e+02
3.997629808901792217e+02
3.984579973126151913e+02
3.971652525547816595e+02
3.958851525368578450e+02
3.946175353249956288e+02
3.933628008049549294e+02
3.921208898748348588e+02
3.908919019509542068e+02
3.896760509556326042e+02
3.884731434697121699e+02
3.872834664378873981e+02
3.861068381154487383e+02
3.849434198160423648e+02
3.837932137036501672e+02
3.826561259206073373e+02
3.815323449089300993e+02
3.804217500934474856e+02
3.793246547676308751e+02
3.782412029302669225e+02
3.771717632471683146e+02
3.761330888908339034e+02
3.750993141156847059e+02
3.740828436662457648e+02
3.730861661458641834e+02
3.721136120268161562e+02
3.711720790822169533e+02
3.702720944669505911e+02
3.694331336690262333e+02
3.686864582102815575e+02
3.680914068772829637e+02
3.677476888401541828e+02
3.678415441202125749e+02
3.686692107120094875e+02
3.706853172015474343e+02
3.744761709847780367e+02
3.805725422819594996e+02
3.893128660930090632e+02
4.007528142662503683e+02
4.144338208234793228e+02
4.295319411877905509e+02
4.444605116471320798e+02
4.575426317014701567e+02
4.676469593564416982e+02
4.744485783686079117e+02
4.780578021736417327e+02
4.793809381936528098e+02
4.790058730561876246e+02
4.775123896372413128e+02
4.753038977057732950e+02
4.726579575174371826e+02
4.697710426824606316e+02
4.667702197353148676e+02
4.637515547183114677e+02
4.607897206685929063e+02
4.579480396548396470e+02
4.552862070816742630e+02
4.528656645567748456e+02
4.507415458949276399e+02
4.489787443735001489e+02
4.476253637566657630e+02
4.467294968142092557e+02
4.463129134886560792e+02
4.463654205780771349e+02
4.468488469416415683e+02
4.476660470094128073e+02
4.486977944241014029e+02
4.497835714407430601e+02
4.507674922315973731e+02
4.515079803569112187e+02
4.519435226084900137e+02
4.519544271612051602e+02
4.515370663077751487e+02
4.507085143945724326e+02
4.495202396261882427e+02
4.480369812677912478e+02
4.463204519730913944e+02
4.444395518110887338e+02
4.424483734523138310e+02
4.403995872008950414e+02
4.383340026859488034e+02
4.362868828787200641e+02
4.342845420571850923e+02
4.323485980624276976e+02
4.304935079710160153e+02
4.287295042250106007e+02
4.270626275590757928e+02
4.254936679253413558e+02
4.240223468395130340e+02
4.226432287277247610e+02
4.213509662654864769e+02
4.201369557251915694e+02
4.189919969128013122e+02
4.179097853658034296e+02
4.169081411246541506e+02
4.159459926998999322e+02
4.150122256718717040e+02
4.140968069066592534e+02
4.131901427060518586e+02
4.122819487245021151e+02
4.113641147215527667e+02
4.104273780857429870e+02
4.094637230797887355e+02
4.084664630494216908e+02
4.074281450027052642e+02
4.063442429271092351e+02
4.052100138261239408e+02
4.040223987917012778e+02
4.027807969710095222e+02
4.014849975583138644e+02
4.001379822593863196e+02
3.987440071185886836e+02
3.973089026850202572e+02
3.958411595901225155e+02
3.943496613811071825e+02
3.928459098993532734e+02
3.913415650572741242e+02
3.898484830127339933e+02
3.883851303970008075e+02
3.869647399662434282e+02
3.856020216875726305e+02
3.843115519699580318e+02
3.831088873355025726e+02
3.820046776776859474e+02
3.810136097120151248e+02
3.801408650772174838e+02
3.793946280221720144e+02
3.787749491375506636e+02
3.782784336815840334e+02
3.778993199245376218e+02
3.776215227648006021e+02
3.774325840224194053e+02
3.773076031337861878e+02
3.772287962722518273e+02
3.771692990068761446e+02
3.771101663305943248e+02
3.770293011624509631e+02
3.769102526328333056e+02
3.767407227634319042e+02
3.765079383325117988e+02
3.762096694457397348e+02
3.758669278523207140e+02
3.754089923544055409e+02
3.748757357933557159e+02
3.742732815535970303e+02
3.736062748883448421e+02
3.728798495425027681e+02
3.721018492887848197e+02
3.712761796767684928e+02
3.704112329037481572e+02
3.695103288441072777e+02
3.685802537658067308e+02
3.676243984784820782e+02
3.666468106280640313e+02
3.656510709531400494e+02
3.646384443326900282e+02
3.636123609144427178e+02
3.625724764365677402e+02
3.615209227078470917e+02
3.604575162904669128e+02
3.593823155654777111e+02
3.582961709898289087e+02
3.571980061355172325e+02
3.560893363841043993e+02
3.549699364848758023e+02
3.538386096205555305e+02
3.526602804787971763e+02
3.514884791451770525e+02
3.503328124247078676e+02
3.492068349548796391e+02
3.481295090066247440e+02
3.471300240888135704e+02
3.462415135429322390e+02
3.455063096854307787e+02
3.449655678034737321e+02
3.446476825028440771e+02
3.445739322854878424e+02
3.447371410274286063e+02
3.451186612276378582e+02
3.456952196302857487e+02
3.464322065772697670e+02
3.473165909394031132e+02
3.483572175485933258e+02
3.495755640922831731e+02
3.510320585039389698e+02
3.527526588101037532e+02
3.547646068743587762e+02
3.570452900684324504e+02
3.595314592299670835e+02
3.620994420160437812e+02
3.648137855463868959e+02
3.674119443385912405e+02
3.698217186285099274e+02
3.719639903407399402e+02
3.737991666929777352e+02
3.752999655488573580e+02
3.764448979142293297e+02
3.772512859529920775e+02
3.777292127530941457e+02
3.779073483772030499e+02
3.778241868569772919e+02
3.775078161679953723e+02
3.770016637726371300e+02
3.763370147888895190e+02
3.755457148573664767e+02
3.746602488316547124e+02
3.737031561348659920e+02
3.727019284120406155e+02
3.716772755429868766e+02
3.706497777140496055e+02
3.696417258701611672e+02
3.686709241450728314e+02
3.677617135209392814e+02
3.669166816184426239e+02
3.662782522917812003e+02
3.657766840652431029e+02
3.654318406470472382e+02
3.652682717467120597e+02
3.652974708239109987e+02
3.655291717513854906e+02
3.659639149312572499e+02
3.665905488834632138e+02
3.673988027270028738e+02
3.683769618585199055e+02
3.695125675788979152e+02
3.708194042327749571e+02
3.723065816496875300e+02
3.740108719346007433e+02
3.759787920371423411e+02
3.782473282360915050e+02
3.808802106425084730e+02
3.838858147431124621e+02
3.872736036031969320e+02
3.909857824086062692e+02
3.949329692979666788e+02
3.989804601703498861e+02
4.029940965250470981e+02
4.067961009792382470e+02
4.103551498625712384e+02
4.135529771716770711e+02
4.163497215252459682e+02
4.187546018659993479e+02
4.207552274884809549e+02
4.223802329739949073e+02
4.236288160283685329e+02
4.245288352368473852e+02
4.250912264947457970e+02
4.253502646325730439e+02
4.253364317707230384e+02
4.250880250610878193e+02
4.246512539566229520e+02
4.240606840179493133e+02
4.233624087083216523e+02
4.225848992175353942e+02
4.217624730110753148e+02
4.209188966948913162e+02
4.200765825687980737e+02
4.192556037824787154e+02
4.184734377210350544e+02
4.177467653823548517e+02
4.170908777584933773e+02
4.164720578691243986e+02
4.160837601230356313e+02
4.158027277605135055e+02
4.156338095556814665e+02
4.155844597407436822e+02
4.156538578670343327e+02
4.158377619505574216e+02
4.161318080264373407e+02
4.165217688637397941e+02
4.169975478422247193e+02
4.175458661854788147e+02
4.181495319562119448e+02
4.188020935184704285e+02
4.194858348450850372e+02
4.201889749753872820e+02
4.208967934148668633e+02
4.215841911389915140e+02
4.222357280892822473e+02
4.228200224540282761e+02
4.233130410708293425e+02
4.236911081838534301e+02
4.239291424228109690e+02
4.240167552910453423e+02
4.239490711650887533e+02
4.236566899548996048e+02
4.232172488785539599e+02
4.226808911989485296e+02
4.220913261816408522e+02
4.214982354710821255e+02
4.209574898806149008e+02
4.205429678125024680e+02
4.203336190322971220e+02
4.204271083699593987e+02
4.209324556693044315e+02
4.219455124213024533e+02
4.235556810591207295e+02
4.257950637941114564e+02
4.286581244878063899e+02
4.321311452989015720e+02
4.361468090062973602e+02
4.406386857225922427e+02
4.454173500902866181e+02
4.502234092150873153e+02
4.547921463604760106e+02
4.589280848749824600e+02
4.625690345328679314e+02
4.657880691771341617e+02
4.686581208956428100e+02
4.712633584924571437e+02
4.735721785014706597e+02
4.755351457535639383e+02
4.771120053644085601e+02
4.782606624790076921e+02
4.789797228102017925e+02
4.793517262943555579e+02
4.795245740099436489e+02
4.798521051233340700e+02
4.810205148774591066e+02
4.839319873501538609e+02
4.893563956897934304e+02
4.967756896801123503e+02
5.060037553767080567e+02
5.196667185078400735e+02
5.399803559840592015e+02
5.651450577625017786e+02
5.917353664706563450e+02
6.168575027313451073e+02
6.371309879842183364e+02
6.508942039646416333e+02
6.577790551462243229e+02
6.593916774159149554e+02
6.587195805581799277e+02
6.573321984937856541e+02
6.564537424977679620e+02
6.550112301080680481e+02
6.516835659243178043e+02
6.468905532458962853e+02
6.413861044224993293e+02
6.356365325005670002e+02
6.298434923830592425e+02
6.240972703872879492e+02
6.184578714119088545e+02
6.129717345226279122e+02
6.076938162438507334e+02
6.027019909260585564e+02
5.980963105414662095e+02
5.940581986494149760e+02
5.907911350174841800e+02
5.885922734979743609e+02
5.876883766628662897e+02
5.881630789217808797e+02
5.900464016607730855e+02
5.934191333489513909e+02
5.986658065006938614e+02
6.062379873038548794e+02
6.158565153680716548e+02
6.264630691035729342e+02
6.368854494952096275e+02
6.457658664510619246e+02
6.519185982650953974e+02
6.547323704323396214e+02
6.542751021972969738e+02
6.514608587783034181e+02
6.471430903011404325e+02
6.420407772365530263e+02
6.366218861477843802e+02
6.311483520029531746e+02
6.257833678353223377e+02
6.206226120014417802e+02
6.157156230478032057e+02
6.111070952152143718e+02
6.068236241552663159e+02
6.028856158741284617e+02
5.993256032744556023e+02
5.961498390598867445e+02
5.933849210870537263e+02
5.910292688799135021e+02
5.890741956934117525e+02
5.875112152355459330e+02
5.862900797558615977e+02
5.854338257190224795e+02
5.848499336964118811e+02
5.844694156325112999e+02
5.842703404413898625e+02
5.842693517688057909e+02
5.845785327734929524e+02
5.853773336122560522e+02
5.869583018993599808e+02
5.895561179251046724e+02
5.932947229852551345e+02
5.980736686053214726e+02
6.034554764753979725e+02
6.088351967329184617e+02
6.135170739165083660e+02
6.168758262095045666e+02
6.185162539394777923e+02
6.184246258890157151e+02
6.167422969861714819e+02
6.138887520134127271e+02
6.102262126492720427e+02
6.061138095016439138e+02
6.018401228817052697e+02
5.976212753663305648e+02
5.936113299461993620e+02
5.899608804607561297e+02
5.867101942323641879e+02
5.838840966606693428e+02
5.814832325494603538e+02
5.794638362979283102e+02
5.777881559456961895e+02
5.763712690982847562e+02
5.751394011451002370e+02
5.739974965954750132e+02
5.728532996033122799e+02
5.716054534343596742e+02
5.701705493379122345e+02
5.684583266076213022e+02
5.664135519781882522e+02
5.639955005983298406e+02
5.611787857485120412e+02
5.579843686410399641e+02
5.544171784225063675e+02
5.505303213224690353e+02
5.463598665275436588e+02
5.419543043137715586e+02
5.373637544615691013e+02
5.326258736421083313e+02
5.277856576423031356e+02
5.228702994334925052e+02
5.179234801597453952e+02
5.129707926498793995e+02
5.080337293858470389e+02
5.031261234647351444e+02
4.982642043401583010e+02
4.934555301659206066e+02
4.887097899416167479e+02
4.840339157317425816e+02
4.794307943965883396e+02
4.749079014000639063e+02
4.704645681806983362e+02
4.661051656343626632e+02
4.618309922312748768e+02
4.576414967251992039e+02
4.535413549024944473e+02
4.495267593658523992e+02
4.456021107042540166e+02
4.417656215363423371e+02
4.380177562759430998e+02
4.343617353468964097e+02
4.307939313682333591e+02
4.273211438726505094e+02
4.239395963893232420e+02
4.207674625635553411e+02
4.177484303293205699e+02
4.148496800539758169e+02
4.120834226639532289e+02
4.094494711825101376e+02
4.069601594098629107e+02
4.046217732154502755e+02
4.024405978412684135e+02
4.004324854834337657e+02
3.985965727941752448e+02
3.969511018225942394e+02
3.954951269706709240e+02
3.942364868415038472e+02
3.931803632019048678e+02
3.923184645150569168e+02
3.916584876441676784e+02
3.911799592225344782e+02
3.908769072496726267e+02
3.907296842243172819e+02
3.907149316219425828e+02
3.908131264181683946e+02
3.909911141338352536e+02
3.912248547645314147e+02
3.914835823725247792e+02
3.919068632387727575e+02
3.923561814036812621e+02
3.927580303226743581e+02
3.930966946431105384e+02
3.933733762273928392e+02
3.935948077516927697e+02
3.937789737955198461e+02
3.939510366840778488e+02
3.941423784333072149e+02
3.943846668504955346e+02
3.947129629848608943e+02
3.951551959593060701e+02
3.957313063079736821e+02
3.964560423828284570e+02
3.973180259603331592e+02
3.983012593650605595e+02
3.993625926361611960e+02
4.004491858720228947e+02
4.014952605735215911e+02
4.024358394625922415e+02
4.031966858659400827e+02
4.037316966007423957e+02
4.039933318393237869e+02
4.039567558310928348e+02
