nan
4.684393824100318398e+02
4.666278844314688854e+02
4.649257157668638456e+02
4.632969471863494277e+02
4.617083890083954998e+02
4.601276368169786224e+02
4.585290936762698379e+02
4.568922369225917350e+02
4.552100736356121615e+02
4.534853050585014103e+02
4.517351198207839502e+02
4.499926913989781951e+02
4.483141357585467404e+02
4.467766487416822088e+02
4.454983800648276997e+02
4.446535205346846169e+02
4.444573153721264021e+02
4.452930358562485935e+02
4.475201243191330605e+02
4.516727204723902673e+02
4.581400276631285919e+02
4.669927784968951983e+02
4.778168933207007854e+02
4.893958125677739872e+02
5.012287373701881847e+02
5.107464273878657650e+02
5.173589555154489972e+02
5.211671076830884886e+02
5.227723499594732175e+02
5.226729354877513742e+02
5.214560166653708393e+02
5.194740051605198232e+02
5.170112475853733258e+02
5.142647098310636693e+02
5.113617051751731424e+02
5.084045626199884964e+02
5.054609162336465147e+02
5.025833837210423667e+02
4.998093706224099151e+02
4.971723892506563516e+02
4.946851500061620186e+02
4.923675291157227321e+02
4.902138486973435079e+02
4.882194233648966133e+02
4.863673873271899311e+02
4.846267281913989109e+02
4.829674523610914889e+02
4.813441356295757032e+02
4.800163528673350015e+02
4.785559349254401695e+02
4.769393799440803718e+02
4.751437087396550965e+02
4.731642591726864566e+02
4.709928921632680385e+02
4.686388238108619362e+02
4.661128477464137063e+02
4.634283183995487434e+02
4.606089793162465753e+02
4.576701982159004842e+02
4.546373157196698003e+02
4.515295386294257582e+02
4.483661406885659630e+02
4.451671413639392085e+02
4.419472948986172014e+02
4.387234503482842456e+02
4.355087940725115345e+02
4.323153722132115035e+02
4.291536774281186126e+02
4.260340009762356885e+02
4.229627322830815501e+02
4.199494879794761459e+02
4.169978797054544088e+02
4.140662842897856990e+02
4.112138423202546278e+02
4.084424452780871206e+02
4.057590166095678796e+02
4.031629692209697851e+02
4.006610091374336662e+02
3.982551414099480098e+02
3.959497270735350867e+02
3.937524558874805507e+02
3.916657168735646906e+02
3.897008476781150534e+02
3.878608974922786956e+02
3.861554738311452866e+02
3.845886731600615462e+02
3.831608308647851686e+02
3.818729028958092044e+02
3.807122693446017365e+02
3.796684571428592108e+02
3.787198194464031644e+02
3.778426541514156725e+02
3.770130618379872658e+02
3.762043993250269978e+02
3.753924644633587491e+02
3.745585556217600924e+02
3.739306368352046093e+02
3.732274628121804199e+02
3.724401784922816887e+02
3.715631296830035808e+02
3.705993645620548023e+02
3.695478485053532722e+02
3.684157653202657912e+02
3.672077342473152726e+02
3.659291589024144287e+02
3.645879024971019930e+02
3.631878564428848790e+02
3.617362202769426744e+02
3.602375758321738886e+02
3.586962351731160084e+02
3.571174154704842749e+02
3.555042501047417431e+02
3.538612617854047357e+02
3.521923001484844917e+02
3.505005169394839299e+02
3.487902386849522713e+02
3.470647783000505342e+02
3.453277398668670912e+02
3.435832811083964771e+02
3.418342441271346388e+02
3.403780023013753748e+02
3.388999779574117497e+02
3.374051012468784165e+02
3.358989512597992757e+02
3.343855118198636660e+02
3.328698671640032671e+02
3.313564327221762369e+02
3.298490206738398456e+02
3.283531031579264550e+02
3.268718599017905717e+02
3.254110047324567745e+02
3.239753512859718398e+02
3.225702858884701527e+02
3.212044153506221278e+02
3.198842092336591350e+02
3.186236019432284365e+02
3.174349242465391399e+02
3.163379550598931473e+02
3.153594811128288598e+02
3.145272922647533278e+02
3.138899851285091245e+02
3.134878769163055381e+02
3.133825984304970689e+02
3.136290631892337046e+02
3.143012600294596837e+02
3.154064407396173806e+02
3.169288001052512413e+02
3.188479844863716721e+02
3.211111946289695425e+02
3.236413282862723690e+02
3.263789426125093769e+02
3.292276443088035194e+02
3.320822371514638007e+02
3.348319426793493108e+02
3.373449555936500133e+02
3.395023196230262670e+02
3.412315571161433354e+02
3.424760256402971095e+02
3.432518311267194804e+02
3.435967316830507912e+02
3.435609172027720888e+02
3.432261430462925773e+02
3.426451913140070928e+02
3.418857060886236354e+02
3.409928184927126722e+02
3.400035889741918709e+02
3.389502963008297911e+02
3.378506336752997754e+02
3.366342373244542614e+02
3.354055603597072377e+02
3.341734355566126169e+02
3.329431187771402847e+02
3.317186750918426128e+02
3.305026579326874412e+02
3.292967940650404444e+02
3.281026949062872404e+02
3.269202605417748941e+02
3.257516775602957750e+02
3.245963718587890412e+02
3.234563300459469133e+02
3.223317359588353384e+02
3.212236207150905898e+02
3.201336567077586892e+02
3.190617529310289342e+02
3.180106269319655325e+02
3.169801733870335170e+02
3.159725183507260340e+02
3.149884631002670972e+02
3.140289242761926971e+02
3.130958989762705755e+02
3.121894281285463535e+02
3.113116602968047459e+02
3.104240316519926068e+02
3.095715916184707908e+02
3.087551944942550790e+02
3.079753020235287977e+02
3.072335675780319093e+02
3.065299228912621743e+02
3.058662430276893360e+02
3.052428109423653382e+02
3.046610527584291503e+02
3.041222271324509734e+02
3.036271491174354651e+02
3.031780544797559855e+02
3.027758387079306885e+02
3.024235654410865664e+02
3.021231624411437906e+02
3.018784263808478272e+02
3.016938111924333725e+02
3.015743765290318379e+02
3.015294939664544245e+02
3.015669005035336454e+02
3.017029637600926435e+02
3.019527836523203632e+02
3.023394103232591306e+02
3.028925073309899858e+02
3.037455637232309869e+02
3.048242454145329816e+02
3.061515862875353378e+02
3.077634893167260088e+02
3.096664109916276288e+02
3.118462143880992130e+02
3.142661452555192909e+02
3.168467985398958717e+02
3.195002332249378014e+02
3.221274855720960204e+02
3.246450794724376010e+02
3.269920753447833022e+02
3.291496379546736648e+02
3.311058301749412749e+02
3.328983997410753659e+02
3.345499627137961625e+02
3.361089252687562521e+02
3.376061736977168835e+02
3.390623198663121798e+02
3.404904224823467302e+02
3.418713957429415018e+02
3.431807842807673978e+02
3.443767983586463970e+02
3.453732383120803888e+02
3.461379151273569619e+02
3.466900510258467989e+02
3.470217978071143534e+02
3.471462193714271507e+02
3.470714723358083234e+02
3.468238302219356228e+02
3.464209353304144088e+02
3.458841027985889696e+02
3.452323471236068144e+02
3.444804178160289894e+02
3.436439701192773555e+02
3.427348492099397390e+02
3.417642650861154152e+02
3.407418653765611793e+02
3.396767940078618153e+02
3.385767693235505362e+02
3.374507847148256019e+02
3.363054168452292174e+02
3.351488935611378110e+02
3.339880018976633096e+02
3.328295384639001782e+02
3.316814094625244707e+02
3.305492416597595025e+02
3.294205180043853147e+02
3.283309935250240414e+02
3.272801277582967714e+02
3.262749987286808278e+02
3.253209529272203895e+02
3.244271730808907819e+02
3.235983881149290369e+02
3.228438215669284546e+02
3.221685403306161106e+02
3.215779671758749032e+02
3.210769172743246713e+02
3.206638729517943034e+02
3.203397747941508555e+02
3.200958046913216890e+02
3.199247864981511498e+02
3.198139589514715908e+02
3.197507310976579902e+02
3.197213921599620221e+02
3.197142175341613211e+02
3.197199596853637331e+02
3.197300388274984471e+02
3.197411605146115221e+02
3.197474026578406097e+02
3.197481746531844351e+02
3.197795854234726676e+02
3.198091863429389150e+02
3.198276746873189609e+02
3.198326200307880072e+02
3.198243633345908279e+02
3.198010140334622520e+02
3.197638321373965482e+02
3.197136490354629359e+02
3.196527809326568672e+02
3.195860829551523352e+02
3.195195413249549006e+02
3.194657915144412073e+02
3.194411925845079736e+02
3.194740433499252390e+02
3.196094574505384571e+02
3.199071284094221141e+02
3.204755172985743457e+02
3.214254450832567045e+02
3.229097848153929249e+02
3.250482318725839832e+02
3.278663007309593240e+02
3.313171678635837907e+02
3.352146895194881040e+02
3.393534379141422619e+02
3.435554390331996615e+02
3.474757224809352465e+02
3.508316518662068120e+02
3.535527318236669885e+02
3.556414151103407448e+02
3.572110354006429134e+02
3.583465133025376304e+02
3.591111707877082608e+02
3.595550201203189999e+02
3.596972008144968527e+02
3.595711651745495487e+02
3.591967982634195664e+02
3.586036289279609264e+02
3.578253158390891144e+02
3.568899741596890181e+02
3.558324408664624343e+02
3.546796386651857347e+02
3.534587377974463038e+02
3.521934532561386959e+02
3.509025310475441302e+02
3.496034600640704184e+02
3.483092953130914680e+02
3.470309006530781062e+02
3.457762851523854124e+02
3.444871900030519214e+02
3.431215398889366952e+02
3.418050388904944157e+02
3.405380668441875969e+02
3.393222773780122452e+02
3.381574863280756063e+02
3.370435699874926740e+02
3.359822738337867918e+02
3.349736814127450657e+02
3.340240092076302290e+02
3.331389829880258162e+02
3.323349400953215991e+02
3.316356314118230557e+02
3.310800531924726897e+02
3.307372467642276774e+02
3.306913753037916308e+02
3.310935478016491516e+02
3.320940396465375670e+02
3.338743019292499525e+02
3.365605395216217062e+02
3.400951768029934783e+02
3.442584199790264279e+02
3.486378556719226935e+02
3.528460887670124180e+02
3.565870514603136030e+02
3.599856965841369743e+02
3.630246402328812678e+02
3.658442441023647689e+02
3.685074669415712378e+02
3.710913822971236300e+02
3.735500388824044649e+02
3.757704251888121121e+02
3.776384612800434866e+02
3.790554549368642370e+02
3.800145393017311335e+02
3.805532386997538197e+02
3.807024974661300689e+02
3.805375227022186664e+02
3.801417719080217807e+02
3.796287291099405934e+02
3.791335121094369924e+02
3.787122712758950343e+02
3.783355344718478364e+02
3.778812852006442995e+02
3.772414197464258905e+02
3.764063494843072704e+02
3.754233710469480911e+02
3.743694237471003134e+02
3.732018129094189476e+02
3.724246125546309258e+02
3.717597251565306919e+02
3.712325802944461657e+02
3.708729893672126536e+02
3.706832543147897354e+02
3.706622922888871585e+02
3.708006441362489909e+02
3.710835695522825972e+02
3.715089684235137497e+02
3.720806828098553751e+02
3.728176008559841534e+02
3.737415892645638564e+02
3.748688275443597604e+02
3.762086253132097227e+02
3.777430366907133248e+02
3.794418234256123696e+02
3.812596846463966926e+02
3.831492417065099403e+02
3.850768779159387236e+02
3.870267810161856801e+02
3.889907328255624179e+02
3.909853413760932312e+02
3.930075687731678045e+02
3.950557973603706046e+02
3.973662285437773676e+02
3.996447789863718754e+02
4.018644950315781443e+02
4.039892321207153145e+02
4.060016778290959110e+02
4.078927803875289442e+02
4.096624981012606099e+02
4.113260285154559028e+02
4.128951233363718529e+02
4.143865386914083615e+02
4.158128829295125115e+02
4.171842171772917141e+02
4.185073350546155098e+02
4.197903694919552890e+02
4.210307272478261780e+02
4.222312295450507236e+02
4.233853261207282230e+02
4.244846591567527980e+02
4.255184986320089138e+02
4.264722488625952224e+02
4.273322876019848877e+02
4.280899376050274441e+02
4.287394423742807703e+02
4.291320665225779294e+02
4.294540994725531959e+02
4.296661075831757444e+02
4.297838396116007402e+02
4.298166877525388827e+02
4.297760130495136650e+02
4.296716250584552768e+02
4.295075022300225100e+02
4.292917774927191203e+02
4.290257966081410927e+02
4.287137305958113984e+02
4.283572159000063380e+02
4.279573578104219678e+02
4.275157539956343271e+02
4.270315708267848436e+02
4.265048040502193771e+02
4.259338653502213106e+02
4.253173795756210325e+02
4.246539317862041685e+02
4.239434559764385995e+02
4.231870210171499593e+02
4.223886863086332824e+02
4.215531489782074459e+02
4.206878586584958271e+02
4.196701124494560418e+02
4.186136844994834405e+02
4.175526189689386456e+02
4.164917083274635843e+02
4.154346900023195985e+02
4.143817071499665872e+02
4.133280368305473189e+02
4.122672234637765882e+02
4.111874438267022356e+02
4.100774433391516141e+02
4.089221096548403125e+02
4.077108802127761464e+02
4.064317774031585486e+02
4.050780399675084595e+02
4.036459174259812244e+02
4.021323511913271886e+02
4.005421215673900974e+02
3.988761446483229633e+02
3.971429645605695100e+02
3.953479101147937627e+02
3.934989737377280221e+02
3.916050233161959682e+02
3.896722166121327859e+02
3.877106881771333065e+02
3.856139238979496326e+02
3.834216931570875886e+02
3.812285514439141707e+02
3.790402178048912560e+02
3.768635429810548771e+02
3.747025614174480665e+02
3.725627941259462546e+02
3.704480554164919113e+02
3.683617522182957487e+02
3.663077093043114587e+02
3.642877323361495314e+02
3.623045317516123305e+02
3.603595374524738304e+02
3.584536268864702038e+02
3.565881158368912338e+02
3.547625473128346698e+02
3.529772222419709919e+02
3.512314154220974274e+02
3.495239799523755551e+02
3.478540940680838389e+02
3.462197978242151066e+02
3.446195186946778222e+02
3.430514811203689760e+02
3.415132951805970833e+02
3.400109760872230140e+02
3.385826707917690896e+02
3.371782348653698591e+02
3.357956025364084098e+02
3.344322422766179557e+02
3.330866949513483064e+02
3.317569634464985597e+02
3.304417726953718670e+02
3.291401124170885168e+02
3.278509994826882803e+02
3.265741454846425427e+02
3.253090890061437221e+02
3.240559612232087261e+02
3.228149461056458449e+02
3.215865830967928787e+02
3.203714809034888731e+02
3.191704502462434334e+02
3.179845066507772913e+02
3.168145416151966742e+02
3.156619524961627690e+02
3.145276156967489669e+02
3.134130249339210650e+02
3.123192883293692717e+02
3.112475578013783775e+02
3.102117760548802607e+02
3.091762703771188967e+02
3.081746723078339301e+02
3.072086233194142437e+02
3.062803476584244891e+02
3.053916371710479893e+02
3.045438224443461763e+02
3.037385620668152342e+02
3.029762011671608093e+02
3.022576188676721927e+02
3.015826247703543004e+02
3.009507087877091749e+02
3.003616801757732446e+02
2.998138073066947413e+02
2.993069307360473772e+02
2.988394162939417811e+02
2.984105705731452076e+02
2.980201014627725158e+02
2.976665022729413863e+02
2.973509056079932975e+02
2.970721390515042231e+02
2.968312739229991735e+02
2.966285505671660871e+02
2.964638360604649847e+02
2.963461395554575688e+02
2.963223748385893828e+02
2.963298353043472844e+02
2.963676246307617816e+02
2.964355461982381144e+02
2.965334049036428041e+02
2.966589655821246652e+02
2.968117927052363143e+02
2.969888021042952460e+02
2.971879328005528578e+02
2.974062384908279455e+02
2.976401227977223130e+02
2.978864552505125971e+02
2.981415850295330188e+02
2.984018747465392494e+02
2.986644957707315484e+02
2.989262877001788752e+02
2.991847897932328237e+02
2.994385596965891523e+02
2.996854371281814338e+02
2.999259750785522556e+02
3.001591898063990129e+02
3.003866759649058054e+02
3.006094521077336594e+02
3.008245738167574928e+02
3.010483452129206512e+02
3.012724498635488999e+02
3.015019295800117334e+02
3.017383296689795316e+02
3.019850666369154624e+02
3.022436796943171089e+02
3.025135725577237054e+02
3.027943951607446706e+02
3.030802067470936549e+02
3.033646737963658211e+02
3.036375268759647952e+02
3.038881111862704074e+02
3.041050410052816346e+02
3.042822687355298967e+02
3.044149507629132927e+02
3.045079744591185431e+02
3.045685560296822132e+02
3.046066477241607231e+02
3.046370837174149528e+02
3.046708921460885335e+02
3.047293188925425511e+02
3.048414873936858385e+02
3.050839989090667927e+02
3.058110043215988867e+02
3.075176958946493073e+02
3.120130202535439139e+02
3.219197426117229952e+02
3.367680347317936480e+02
3.493775413484843853e+02
3.570218194411031618e+02
3.618262189684736541e+02
3.651216629831467912e+02
3.671805345759157149e+02
3.682712729755393752e+02
3.688477306496143910e+02
3.693613381737713439e+02
3.704264785164506861e+02
3.730476314892914047e+02
3.784891787565210848e+02
3.865267115810266887e+02
3.941842643125768859e+02
3.990852613335922570e+02
4.015995193541906474e+02
4.030451719561339701e+02
4.042005777896669088e+02
4.055660713328387033e+02
4.078145215771696144e+02
4.115061993346278086e+02
4.170356230464208807e+02
4.230908105857105284e+02
4.295558282823452032e+02
4.366972918297257706e+02
4.435236478009752545e+02
4.486249917577883366e+02
4.517549057656600553e+02
4.537395786124711776e+02
4.555067329034348518e+02
4.579810099501172544e+02
4.622547791247645250e+02
4.689105432223142884e+02
4.771759878768493195e+02
4.852430368826635458e+02
4.923343531470369498e+02
4.985827090550348544e+02
5.045312798307355138e+02
5.108087076089124139e+02
5.185076062258447109e+02
5.283491591283741400e+02
5.398137254958397762e+02
5.505032278825518688e+02
5.588421383361126118e+02
5.646592568873877553e+02
5.691068712160025598e+02
5.726756155375285289e+02
5.758664154268542461e+02
5.788840033432285281e+02
5.817852015914526191e+02
5.845084950728141848e+02
5.869723833335291374e+02
5.891578327870981866e+02
5.911412346996523866e+02
5.930642136676574410e+02
5.951339316909807167e+02
5.976416628868047383e+02
6.008797499525838930e+02
6.051317606224415613e+02
6.101657787906415251e+02
6.152468826409783560e+02
6.194914227195482681e+02
6.225451232629172864e+02
6.244785882891837900e+02
6.256366292440254711e+02
6.261867616655599704e+02
6.262522370276280981e+02
6.258852725577534102e+02
6.249353670317300384e+02
6.235414185745476061e+02
6.218399491846868159e+02
6.198782330242179341e+02
6.176953973534234592e+02
6.153213054884108715e+02
6.127860835788884515e+02
6.101107296795014463e+02
6.073233656053016603e+02
6.044442009691447311e+02
6.014969512975505950e+02
5.985023726847964554e+02
5.954775397809423794e+02
5.924408772097154952e+02
5.894032733564501996e+02
5.863771058408852923e+02
5.833689347006123853e+02
5.803840470805309906e+02
5.774252872146739719e+02
5.744944353692965251e+02
5.715905944588455441e+02
5.687136836969983733e+02
5.658609320444533068e+02
5.630294149365719250e+02
5.601819039594881815e+02
5.573534406582915608e+02
5.545564936182166775e+02
5.517871833242469393e+02
5.490422480798516744e+02
5.463189897643660515e+02
5.436119329115815617e+02
5.409187759721324937e+02
5.382349698448470008e+02
5.355568942486056585e+02
5.328828039516849913e+02
5.302095925903937541e+02
5.275363282123372528e+02
5.248622131129681065e+02
5.221857967273368786e+02
5.195079915659831613e+02
5.168287738274723324e+02
5.141484579936718546e+02
5.114694293184811045e+02
5.087922411740318012e+02
5.061210770144241451e+02
5.034616819001414569e+02
5.008214170529304283e+02
4.982161484381799141e+02
4.957648043401218843e+02
4.935392276120898032e+02
4.914498020691571014e+02
4.895288996750584261e+02
4.878280880726484838e+02
4.863925751310158034e+02
4.852670710175250974e+02
4.844851676510131142e+02
4.840258522960764935e+02
4.838430627537834425e+02
4.838271231575176330e+02
4.838582913878466911e+02
4.838305514620671488e+02
4.836809427057754647e+02
4.833756765456311655e+02
4.829300766793396065e+02
4.823463575104206029e+02
4.816440035076204822e+02
4.808211814589532196e+02
4.798770617902129061e+02
4.788097108819642926e+02
4.776082876387274609e+02
4.762776446046401588e+02
4.748111559673860143e+02
4.729712245331009512e+02
4.708136693396900228e+02
4.684741024424654370e+02
4.659401159425758578e+02
4.632005316347480175e+02
4.602473689149053939e+02
4.570969247319735018e+02
4.537612357738569813e+02
4.502708484711782262e+02
4.466551819035138351e+02
4.429412264344178425e+02
4.391608394860647309e+02
4.353346118645789034e+02
4.314858749553665120e+02
4.276318539108510208e+02
4.237856902912277519e+02
4.199605033914036767e+02
4.161642925129041828e+02
4.124049922102899473e+02
4.086889549238431414e+02
4.050198561682886407e+02
4.014024490158730600e+02
3.978389520916383049e+02
3.943317440625596646e+02
3.908549241037324009e+02
3.873576368562244170e+02
3.839308499758691937e+02
3.805738013717628405e+02
3.772869823312965423e+02
3.740704334878306554e+02
3.709233967947363340e+02
3.678467485929381269e+02
3.648392367733283663e+02
3.619017251439697702e+02
3.590335909874152662e+02
3.562348100966811444e+02
3.535059421788278655e+02
3.508461076150153986e+02
3.482565926634654829e+02
3.457366060063718010e+02
3.432870672255850195e+02
3.409082642268385825e+02
3.386000812412629557e+02
3.363639659263732824e+02
3.341992840650677294e+02
3.321076483166248181e+02
3.300890867837408678e+02
3.281442298792356382e+02
3.262757640868023827e+02
3.244467026586868883e+02
3.226976583097163598e+02
3.210276430266568468e+02
3.194373334687427928e+02
3.179266378425929247e+02
3.164945850134787975e+02
3.151419100545000447e+02
3.138666239060451630e+02
3.126688637122551313e+02
3.115470228051644312e+02
3.104993574388068964e+02
3.095250830471268841e+02
3.086209340361215823e+02
3.077857941657551351e+02
3.070164473729959127e+02
3.063101156640589124e+02
3.056644748696779175e+02
3.050753396747780357e+02
3.045404244232681776e+02
3.040556570040548081e+02
3.036177111304969003e+02
3.032235458812977527e+02
3.028690092865587076e+02
3.025593448137621522e+02
3.022685358573655208e+02
3.020036159322817753e+02
3.017618164285927378e+02
3.015400019144075827e+02
3.013359224390353006e+02
3.011470916644030922e+02
3.009713083184757352e+02
3.008068366306268331e+02
3.006517432125803566e+02
3.005044656312125539e+02
3.003635736858751102e+02
3.002274911291742683e+02
3.000951821602121754e+02
2.999652254567273530e+02
2.998366667940618981e+02
2.997084364943020773e+02
2.995795707908011423e+02
2.994493526003845432e+02
2.993169443461785022e+02
2.991820156292772594e+02
2.990439140548004389e+02
2.989027551389455652e+02
2.987582427295664615e+02
2.985993224983894834e+02
2.984629669760249726e+02
2.983225822035239503e+02
2.981800534168947365e+02
2.980364495088176113e+02
2.978943026510069672e+02
2.977552986009152391e+02
2.976219723752572577e+02
2.974970444409306083e+02
2.973830268614408396e+02
2.972836139642321314e+02
2.972017712372703500e+02
2.971417455517560597e+02
2.971072636072096884e+02
2.971031732697016423e+02
2.971342905806552608e+02
2.972062950958869578e+02
2.973253824889415000e+02
2.974978676098546089e+02
2.977319423960412337e+02
2.980343162519024531e+02
2.984148061861998826e+02
2.988811773694922067e+02
2.994434097970569724e+02
3.000943107979725255e+02
3.008351908218107269e+02
3.016865124130140998e+02
3.026499625304878123e+02
3.037277631395735966e+02
3.049180191861800040e+02
3.062122651534058377e+02
3.076043326426773206e+02
3.090781626530769017e+02
3.106194198660195980e+02
3.122124482529209217e+02
3.138361157331157187e+02
3.154771481864655698e+02
3.171156305923911418e+02
3.187379524466408611e+02
3.203303293287711995e+02
3.218795050509626776e+02
3.233765426755139174e+02
3.248136687541928040e+02
3.261836880064485626e+02
3.274823112440489012e+02
3.287045881053114726e+02
3.298456577159778362e+02
3.309023605643412793e+02
3.318110745122743879e+02
3.325618513889278915e+02
3.332136246700844708e+02
3.337624357811795903e+02
3.342047128987905467e+02
3.345351649112686232e+02
3.347568823972289920e+02
3.348674645384181190e+02
3.348738759270632954e+02
3.347812778462111964e+02
3.345963247630629667e+02
3.343308835149104539e+02
3.339910244017740979e+02
3.335892709148994868e+02
3.331328489175013488e+02
3.326301622645197540e+02
3.320894055008363352e+02
3.315146612278842895e+02
3.309119868733261569e+02
3.302838422134377083e+02
3.296333628830437306e+02
3.289626150307101398e+02
3.282732770723420685e+02
3.275666306030541364e+02
3.268830054984069875e+02
3.261946662441385456e+02
3.254994742366766332e+02
3.247991926131593914e+02
3.240942966462523032e+02
3.233871145154963074e+02
3.226778759835588062e+02
3.219680339226530350e+02
3.212585338751190989e+02
3.205492989952718403e+02
3.198420638657268000e+02
3.191363507264775308e+02
3.184336348063986293e+02
3.177345636941681164e+02
3.170400343171827444e+02
3.163528498515005367e+02
3.156750988357975984e+02
3.150126369838631035e+02
3.143723437913081398e+02
3.137665926849961124e+02
3.132130638370699671e+02
3.127385193300034985e+02
3.123828578500322806e+02
3.121996657281858347e+02
3.122883619401038118e+02
3.128158030646469001e+02
3.138026111167696968e+02
3.153169570871802989e+02
3.173862770081553322e+02
3.200111251454209196e+02
3.231273495180124655e+02
3.267075643354201588e+02
3.306857691294230790e+02
3.349937133658618791e+02
3.394631669509486755e+02
3.438016453357648174e+02
3.476392668974263529e+02
3.506846901468450142e+02
3.527804376880266659e+02
3.539542496189895928e+02
3.543465771381880813e+02
3.541190930035627389e+02
3.534480366925105272e+02
3.524608081414785943e+02
3.512650565612799483e+02
3.499354672903003234e+02
3.485243089886682242e+02
3.470686527264510346e+02
3.455158190615269405e+02
3.439425666759707951e+02
3.423756371395326141e+02
3.408199927635010340e+02
3.392775264185600577e+02
3.377488120706063341e+02
3.362336513635784172e+02
3.347304624068346470e+02
3.332402284403001431e+02
3.317620209305945878e+02
3.302975779769617475e+02
3.288483150678883931e+02
3.274159703539560837e+02
3.260041714934313859e+02
3.246150856776690148e+02
3.232530047497493797e+02
3.219214682867009287e+02
3.206239473551061678e+02
3.193644903753247490e+02
3.181462947686907228e+02
3.169728773999033820e+02
3.158478655618313269e+02
3.147735476680520037e+02
3.137529704270384059e+02
3.128011724801883702e+02
3.118964101208906641e+02
3.110492084760299463e+02
3.102594739043303207e+02
3.095283340927055065e+02
3.088550140564310027e+02
3.082387191521174259e+02
3.076786232265697549e+02
3.071723625800652826e+02
3.067185855687166622e+02
3.063148280139499207e+02
3.059587837894360973e+02
3.056490436324517646e+02
3.053834011388722161e+02
3.051613331897377748e+02
3.049835814618082281e+02
3.048511673857375968e+02
3.047711368808453472e+02
3.047499410305035212e+02
3.048048964553964311e+02
3.049597462861495387e+02
3.052499823610394287e+02
3.057379504196024413e+02
3.064858518582383908e+02
3.075740461548284088e+02
3.090350206522530812e+02
3.108780954001609302e+02
3.129729204689048174e+02
3.150919091566172483e+02
3.169987109919638897e+02
3.185889973245464262e+02
3.198727715494453605e+02
3.209587531264805307e+02
3.219911871418897249e+02
3.230941952342910781e+02
3.243769832097675589e+02
3.259283423614435833e+02
3.277979972610874597e+02
3.300606898087875720e+02
3.327676660789672383e+02
3.359763685071921486e+02
3.396543814740876428e+02
3.436014704965721762e+02
3.474986247924521194e+02
3.510337504011840224e+02
3.540598295604010559e+02
3.565541135516230042e+02
3.585710753896335632e+02
3.601162734239271686e+02
3.610737811798625216e+02
3.615515970991065160e+02
3.616048501796876735e+02
3.612848299445529960e+02
3.606646051859817135e+02
3.598218602880228900e+02
3.588091576322270271e+02
3.576890133789676156e+02
3.564867202077350612e+02
3.552261260807751455e+02
3.539072548567663716e+02
3.525240599840812479e+02
3.510682804667966366e+02
3.495385578660525994e+02
3.479426416248388136e+02
3.462968914251501360e+02
3.446212594685383124e+02
3.429332445409234538e+02
3.412497785689099601e+02
3.395819883219330677e+02
3.379391047287269316e+02
3.363274916234782381e+02
3.347506119214639284e+02
3.332880400209293725e+02
3.318385449164279066e+02
3.304330435892063065e+02
3.290714313464353040e+02
3.277534791496640310e+02
3.264794859963939757e+02
3.252482598477926103e+02
3.240600263961895848e+02
3.229135081582713269e+02
3.218082006168242515e+02
3.207433809982530306e+02
3.197177332681119424e+02
3.187310702716298465e+02
3.177818741097735256e+02
3.168699317649540603e+02
3.159944313446230240e+02
3.151547108450417909e+02
3.143509450578389419e+02
3.135822751010509251e+02
3.128494162661407927e+02
3.121520300983670495e+02
3.114906113433964379e+02
3.108658851545995958e+02
3.102778622081241906e+02
3.097905222942443970e+02
3.093344258805253162e+02
3.089187796888668345e+02
3.085437352182362929e+02
3.082094009989214101e+02
3.079168326497546104e+02
3.076655262329668972e+02
3.074568557751707090e+02
3.072902808814167770e+02
3.071664019791308533e+02
3.070853110855255750e+02
3.070463383584014991e+02
3.070503088090910069e+02
3.070955547204359846e+02
3.071828003061056052e+02
3.073106695436917448e+02
3.074789258927755213e+02
3.076872984236667889e+02
3.079343968028579752e+02
3.082208202637465320e+02
3.085444320838747672e+02
3.089057391588884229e+02
3.093024815432484615e+02
3.097339231807555393e+02
3.102520832151410559e+02
3.108646874294879012e+02
3.114976796419196035e+02
3.121447057956058302e+02
3.128017554113615688e+02
3.134615595680512570e+02
3.141186448348121871e+02
3.147661038467181243e+02
3.153970172604743425e+02
3.160051906102573867e+02
3.165836331870681306e+02
3.171277047878925828e+02
3.176313265701941191e+02
3.180921098152687705e+02
3.185060496251023778e+02
3.188722838131590152e+02
3.191901528412701623e+02
3.194591784729448136e+02
3.196822438170461851e+02
3.198593566357907889e+02
3.199946098260510894e+02
3.200900605729476638e+02
3.201486428469925158e+02
3.201743364361907425e+02
3.201449254516915062e+02
3.201046289263905464e+02
3.200342600514536002e+02
3.199366537682751641e+02
3.198138931173035076e+02
3.196670641015298884e+02
3.194982027088343557e+02
3.193072377456306299e+02
3.190954577711133311e+02
3.188625071566377187e+02
3.186085779283034753e+02
3.183336453742415415e+02
3.180370006265044367e+02
3.177192437255127970e+02
3.173794061698576456e+02
3.170184134319953273e+02
3.166362384693523495e+02
3.162333697827595529e+02
3.158111231756365100e+02
3.153696203844654065e+02
3.149111314395862564e+02
3.144361255815481400e+02
3.139466911809141720e+02
3.134440425851902319e+02
3.128983393577277639e+02
3.123395095847093330e+02
3.117719940236647744e+02
3.111985588052052663e+02
3.106210513335776113e+02
3.100421119536006245e+02
3.094642112729522410e+02
3.088898699433276533e+02
3.083222181747491959e+02
3.077641645760470510e+02
3.072193094267747711e+02
3.066912934412546861e+02
3.061844664646224601e+02
3.057031896024648177e+02
3.052530691008495296e+02
3.048393443761021331e+02
3.044687996435506534e+02
3.041484869420076507e+02
3.038857749228826606e+02
3.036905997047149413e+02
3.035708086354997022e+02
3.035389849734862651e+02
3.036051076516562262e+02
3.037824838336148900e+02
3.040955882367768481e+02
3.045631891539496223e+02
3.051953076336264417e+02
3.060030489988217255e+02
3.070043310260600151e+02
3.082090405945385214e+02
3.096262359282163175e+02
3.112599222739503944e+02
3.130989499759680825e+02
3.151278126947768783e+02
3.173036681098135432e+02
3.195749028074511102e+02
3.218687284903163004e+02
3.241105168721616110e+02
3.262191880205473922e+02
3.281363941584453414e+02
3.298072851746446759e+02
3.312087906911100958e+02
3.323313413782495900e+02
3.331767747878619161e+02
3.337673650560084297e+02
3.341183696754172274e+02
3.342601549826468954e+02
3.342164627246896202e+02
3.339504191506347865e+02
3.335790096562937492e+02
3.330948556704775001e+02
3.325177469407853437e+02
3.318626906305989337e+02
3.311437341421201950e+02
3.303732154796114742e+02
3.295612790181463652e+02
3.287170967523324521e+02
3.278484583530944292e+02
3.269622657520913549e+02
3.260645051129905028e+02
3.251609619939138724e+02
3.242561072469553665e+02
3.233551127187494103e+02
3.224620799105337596e+02
3.215811142763843691e+02
3.207171504473806181e+02
3.198732055683844351e+02
3.190546552279831189e+02
3.182641721621977808e+02
3.175053131604547616e+02
3.167812222402232578e+02
3.160920330004804555e+02
3.154053884095684452e+02
3.147254519882392856e+02
3.140760519535552362e+02
3.134517808140955140e+02
3.128452919142004021e+02
3.122494925213566148e+02
3.116566805163627123e+02
3.110597860546606057e+02
3.104539354532165589e+02
3.098358105360101717e+02
3.092033816210720261e+02
3.085584928405124856e+02
3.079016351298538439e+02
3.072375446480847359e+02
3.065701112064564882e+02
3.059034196120784941e+02
3.052430188267589983e+02
3.045922127078951576e+02
3.039557805832855024e+02
3.033373716115003162e+02
3.027393586889485846e+02
3.021650094572891021e+02
3.016154555026672597e+02
3.010922435554332424e+02
3.005880654359533537e+02
3.001283033562360174e+02
2.996999795411205696e+02
2.993012118491510591e+02
2.989308625624770457e+02
2.985871376625331095e+02
2.982675551058399606e+02
2.979704822973400269e+02
2.976930549280155560e+02
2.974334933229573039e+02
2.971894376440939709e+02
2.969589361398978440e+02
2.967403055448162377e+02
2.965318565726136057e+02
2.963325051808884041e+02
2.961411633523159139e+02
2.959571991775772517e+02
2.957802770924037645e+02
2.956101731061515920e+02
2.954472193634256882e+02
2.952917108071388839e+02
2.951443752651489945e+02
2.950062235231237082e+02
2.948780678667699249e+02
2.947680868428330996e+02
2.947552466598571073e+02
2.947547624546465386e+02
2.947674260333283769e+02
2.947937489362092265e+02
2.948352864827573399e+02
2.948920510723569350e+02
2.949651077818500085e+02
2.950545635763278369e+02
2.951600391793314202e+02
2.952815468297870325e+02
2.954172348978123637e+02
2.955660724446865402e+02
2.957256487076133453e+02
2.958938071208283418e+02
2.960679815590211206e+02
2.962458384453445888e+02
2.964249486027787839e+02
2.966036281614348695e+02
2.967805444418999627e+02
2.969545606293855258e+02
2.971259719154135155e+02
2.972941392994596868e+02
2.974602248315050019e+02
2.976155614476976439e+02
2.977983529147584818e+02
2.979777583409972408e+02
2.981538225792572803e+02
2.983271675789551978e+02
2.984981180575107942e+02
2.986668246559424915e+02
2.988343946355365119e+02
2.990036460614390990e+02
2.991819014548358950e+02
2.993884178919790884e+02
2.996792029620313542e+02
3.001930482009166781e+02
3.013251269381177053e+02
3.039494627297024749e+02
3.092140363857676562e+02
3.166144621865865929e+02
3.231180361405125723e+02
3.273446311302644745e+02
3.303590020621923031e+02
3.329953613912255719e+02
3.356540171884626034e+02
3.386632151620435707e+02
3.427041071382700466e+02
3.491965135042277666e+02
3.611469903175031959e+02
3.791202249137061813e+02
3.991735316201670685e+02
4.162361126028885110e+02
4.280928614531354128e+02
4.355823393489848172e+02
4.403290178281404224e+02
4.432831835793224400e+02
4.446789056722629425e+02
4.449572986376185781e+02
4.445235305243516564e+02
4.437098651423150386e+02
4.426870597014489590e+02
4.415583232018394710e+02
4.403791706423532446e+02
4.391830388246121402e+02
4.379895673079310541e+02
4.368124958621813789e+02
4.356594577286734307e+02
4.345368986718523843e+02
4.334489833764662308e+02
4.323992243562086628e+02
4.313918512074668570e+02
4.302894529812095357e+02
4.294100888254076267e+02
4.285619458987689541e+02
4.277538978077211027e+02
4.269968341931634654e+02
4.263053484836002553e+02
4.257015072047587410e+02
4.252181470325698456e+02
4.249075615998023636e+02
4.248486582614592066e+02
4.251718052454397707e+02
4.260314077936614012e+02
4.276392176573039023e+02
4.301371065421402022e+02
4.335916755408174481e+02
4.377944128827024883e+02
4.422404644561834743e+02
4.461288607027835269e+02
4.488154364708342428e+02
4.500759252914828608e+02
4.501921746202642680e+02
4.495158402701687805e+02
4.483613451033396018e+02
4.469455358891212313e+02
4.454320964749163636e+02
4.439593248711803994e+02
4.424875711670861165e+02
4.410499271614538088e+02
4.396644065107070674e+02
4.383467331712838018e+02
4.370996089607572799e+02
4.359286023395758889e+02
4.348302165798370993e+02
4.338006517527707615e+02
4.328345144407545604e+02
4.319215522321987919e+02
4.310546079155807320e+02
4.302197316696184544e+02
4.294001884730844836e+02
4.285764254560570521e+02
4.277238854933610810e+02
4.268185988921536591e+02
4.258427664955668774e+02
4.247920298116272306e+02
4.236749903776760107e+02
4.225294536307756630e+02
4.213988965645420421e+02
4.203577789095137973e+02
4.195554656349909237e+02
4.189996793977202287e+02
4.187767393023434011e+02
4.189388909052261738e+02
4.195442342417361488e+02
4.205372353545954525e+02
4.212043131497820809e+02
4.227696331233147475e+02
4.246200535592425922e+02
4.266494393494359656e+02
4.287288277567321870e+02
4.307258818495209880e+02
4.325302543098570141e+02
4.340558683927388302e+02
4.352432629793096339e+02
4.360945089629869358e+02
4.366102842296065774e+02
4.368317057147531841e+02
4.367926110645323092e+02
4.365239846062866604e+02
4.360618192140825613e+02
4.354239059111457664e+02
4.346286690256328598e+02
4.336872565245453757e+02
4.325315258358751294e+02
4.312400674893326595e+02
4.298750158213725285e+02
4.284504255349110622e+02
4.269816258487626328e+02
4.254760232071924406e+02
4.239454680144132226e+02
4.223961341725208172e+02
4.208331292123438061e+02
4.192624726203505929e+02
4.176843965617276240e+02
4.161024779234753623e+02
4.145161520188498798e+02
4.129253100618593066e+02
4.113293383793671865e+02
4.097259061312843187e+02
4.081137174092654050e+02
4.064900851119152208e+02
4.048529841849339732e+02
4.031995405068578293e+02
4.015281383496992476e+02
3.998356769775958810e+02
3.981211662719155697e+02
3.963824621653191116e+02
3.945047264762648638e+02
3.924807724553453454e+02
3.904286160720294561e+02
3.883512313191274075e+02
3.862492507397194004e+02
3.841255870380829265e+02
3.819833929370734040e+02
3.798247109135689357e+02
3.776547526837032933e+02
3.754760719225500907e+02
3.732938744770153789e+02
3.711124503065825593e+02
3.689361006561018712e+02
3.667706357341207877e+02
3.646203175252392157e+02
3.624913407736660247e+02
3.603891897409797025e+02
3.583196104890950551e+02
3.562895629042646419e+02
3.543048307781114090e+02
3.523727616274998695e+02
3.505000853504569136e+02
3.486931167390703195e+02
3.469588697246456377e+02
3.452348718462758370e+02
3.435136505229492059e+02
3.418817945803666021e+02
3.403384446149329960e+02
3.388818237575805483e+02
3.375074248914893360e+02
3.362098468453821170e+02
3.349850736768449906e+02
3.338273869766197777e+02
3.327344928290790449e+02
3.317038688384904503e+02
3.307332795495921118e+02
3.298240648435817661e+02
3.289741218181577551e+02
3.281850598656869806e+02
3.274554719592832157e+02
3.267842300580202277e+02
3.261708624941389303e+02
3.256111322283527443e+02
3.251042585868117385e+02
3.246451555418879025e+02
3.242302634846399201e+02
3.238560149052956945e+02
3.235160687589773829e+02
3.231828712378218142e+02
3.228880688125383926e+02
3.226151580680696043e+02
3.223595313171811654e+02
3.221150568757838073e+02
3.218797701447264785e+02
3.216480659916731497e+02
3.214185415748412993e+02
3.211881908970478321e+02
3.209547414476394920e+02
3.207180524801036086e+02
3.204760688567085367e+02
3.202292127553536147e+02
3.199766022084308474e+02
3.197178433648936675e+02
3.194531661369971971e+02
3.191816128318459391e+02
3.189031404820997295e+02
3.186168219526238090e+02
3.183217484249564677e+02
3.180172849695545665e+02
3.177022200062156685e+02
3.173758227559017087e+02
3.170375528784676362e+02
3.166739499287971853e+02
3.162423423411504473e+02
3.157979086997136733e+02
3.153412353608510443e+02
3.148731692657865437e+02
3.143940253520175361e+02
3.139055908309994720e+02
3.134086639237752934e+02
3.129052638193703615e+02
3.123980143263087825e+02
3.118910823492111035e+02
3.113962808924055139e+02
3.109399021641334002e+02
3.106016656605848993e+02
3.105582748689859045e+02
3.111488781029513575e+02
3.126529445199191741e+02
3.146585270558967977e+02
3.162087559942489179e+02
3.170268649523282534e+02
3.173710212140233580e+02
3.176202780704908264e+02
3.180724695950844989e+02
3.190873724544069887e+02
3.209220297175677388e+02
3.241289116931679359e+02
3.279150837568610086e+02
3.316592267970209491e+02
3.352074506127233349e+02
3.393323547022097273e+02
3.449121159841729991e+02
3.526595435007326387e+02
3.619576096289933957e+02
3.716438700864966336e+02
3.809549284423260360e+02
3.907164829421815284e+02
4.023227035663954894e+02
4.144017480949364653e+02
4.233307988070879446e+02
4.285857516204864623e+02
4.319944051584898830e+02
4.346258183748825559e+02
4.366276745750355985e+02
4.376963510020812009e+02
4.376856734392727049e+02
4.367169049946720065e+02
4.350535487885749149e+02
4.329513630965435595e+02
4.303317275370023935e+02
4.274557306554951310e+02
4.244833799275957631e+02
4.214490581293219975e+02
4.183765310678501237e+02
4.152768708864112455e+02
4.121660993224575122e+02
4.090537271573095950e+02
4.059500325803244323e+02
4.028654324861814189e+02
3.998060655926148570e+02
3.967803642594132043e+02
3.937931428889367567e+02
3.908487276219511273e+02
3.879511446336048266e+02
3.851020383721339613e+02
3.823037920207370348e+02
3.795572731654687573e+02
3.768628098971745430e+02
3.742212491170761837e+02
3.716317865580559214e+02
3.690946590417349853e+02
3.666093691631066918e+02
3.641749901807821743e+02
3.618376928545932287e+02
3.595305790254629983e+02
3.572805602203879403e+02
3.550869778373671011e+02
3.529493419347368786e+02
3.508680472409059803e+02
3.488414083689532390e+02
3.468696549727514480e+02
3.449510959921593667e+02
3.430844687326849112e+02
3.412684789645065280e+02
3.394999983730909321e+02
3.377776728091142218e+02
3.360977303739788340e+02
3.344583206837710918e+02
3.328561899890683549e+02
3.312891736909149927e+02
3.297555402091363703e+02
3.282535537822569154e+02
3.267835913219211079e+02
3.253450317439610444e+02
3.239400052619430426e+02
3.225698360285480817e+02
3.212374549174807044e+02
3.200448818155097115e+02
3.189440106379267377e+02
3.178866612410616881e+02
3.168764064535967577e+02
3.159183715892717714e+02
3.150175389076681540e+02
3.141770021890719136e+02
3.134021449179009551e+02
3.126946179275569193e+02
3.120583387871037644e+02
3.114944900263781733e+02
3.110041568685433049e+02
3.105883550797474300e+02
3.102450532142037218e+02
3.099748228393053182e+02
3.097733759974715895e+02
3.096397579970954439e+02
3.095687835486925223e+02
3.095565039028774095e+02
3.095982079024024642e+02
3.096862301406098368e+02
3.098154483376470694e+02
3.099757741923123717e+02
3.101601413045471531e+02
3.103469203090594988e+02
3.105167312367557315e+02
3.106762180042106252e+02
3.108164890539731573e+02
3.109296393437841175e+02
3.110077107909951337e+02
3.110459581810426357e+02
3.110377638948328354e+02
3.109819416614758438e+02
3.108748317984303071e+02
3.107168288069677260e+02
3.105083689581121575e+02
3.102500221328459702e+02
3.099457400612526499e+02
3.095966489567206850e+02
3.092077796527669307e+02
3.087819126766605109e+02
3.083234090000120204e+02
3.078368127652839803e+02
3.073257765379075863e+02
3.067955852815615003e+02
3.062501314430659818e+02
3.056944211026205949e+02
3.051329660935317634e+02
3.045728924168934100e+02
3.040167219621858408e+02
3.034729479859817616e+02
3.029458256979937687e+02
3.024400832421698055e+02
3.019602272000593075e+02
3.015112109991154625e+02
3.010987865271039254e+02
3.007282014889108268e+02
3.004070047143645752e+02
3.001417579731324281e+02
2.999416575377027243e+02
2.998165076575219246e+02
2.997767276786471484e+02
2.998373907204751276e+02
3.000111409753071143e+02
3.003185703853574751e+02
3.007777060271635605e+02
3.014114032358360760e+02
3.022480526960424640e+02
3.033105448440146006e+02
3.046354609144334518e+02
3.062472555048915979e+02
3.081769028752781878e+02
3.104312390250337899e+02
3.130725958549604115e+02
3.160624076647588367e+02
3.193587470546499958e+02
3.229031351731852624e+02
3.266063271084289568e+02
3.303614086237198535e+02
3.340532300230738088e+02
3.375872453559946962e+02
3.408721911663426454e+02
3.438618982451879447e+02
3.465227455814972473e+02
3.488444080064484183e+02
3.508432954547568556e+02
3.525317870251763566e+02
3.539458802265050394e+02
3.551110709654227549e+02
3.560605853702498393e+02
3.568237130806180062e+02
3.574246541077182542e+02
3.578877125731571027e+02
3.582306775732430424e+02
3.584697054900372564e+02
3.586188857531748795e+02
3.586633596948177001e+02
3.586155656768050335e+02
3.585065133291282109e+02
3.583441288312861843e+02
3.581375637155491631e+02
3.578936061982465731e+02
3.576198396671373416e+02
3.573228882976822547e+02
3.570081922343018732e+02
3.566816475644778279e+02
3.563475717115116481e+02
3.560105704134323901e+02
3.556742680764309057e+02
3.553416615016695914e+02
3.550156438982437521e+02
3.546981292546975055e+02
3.543909897722225537e+02
3.540955529551643508e+02
3.538127798667488264e+02
3.535433812312939494e+02
3.532878840424316422e+02
3.530464322136138549e+02
3.528194652793287673e+02
3.526070836123678873e+02
3.523694291798598783e+02
3.520973846108144585e+02
3.518420335456008274e+02
3.516042527576105954e+02
3.513849443805699480e+02
3.511849654481601419e+02
3.510057130199299991e+02
3.508483714350930995e+02
3.507144046787522029e+02
3.506056409172790040e+02
3.505233004182221066e+02
3.504693883115346011e+02
3.504451651498761180e+02
3.504520815554939759e+02
3.504916423851424838e+02
3.505644259121606297e+02
3.506716009858591860e+02
3.508131756865819284e+02
3.509891815205013472e+02
3.511994506889286640e+02
3.514427518505560784e+02
3.517185226337313679e+02
3.520249286844286871e+02
3.523606413611342987e+02
3.526638295046383860e+02
3.529555338560864470e+02
3.532713523395662492e+02
3.536098147523461535e+02
3.539703092609477721e+02
3.543528368927625252e+02
3.547581478242282174e+02
3.551883484609604125e+02
3.556459332813242895e+02
3.561352855370402608e+02
3.566610270756778505e+02
3.572294877471575774e+02
3.578478129689792695e+02
3.585234346256617641e+02
3.592661007725099012e+02
3.600842246387777550e+02
3.609895775912227123e+02
3.619926319980999665e+02
3.631055135500970437e+02
3.643427499801471185e+02
3.657166079869628561e+02
3.672459543693843216e+02
3.689471203964937445e+02
3.708410916382913456e+02
3.728811096344849716e+02
3.751305716170415963e+02
3.776643499455228721e+02
3.805235993736491764e+02
3.837577756925334711e+02
3.874276382332250250e+02
3.915295813289120019e+02
3.960444940951875878e+02
4.008105057924140624e+02
4.055952812257133360e+02
4.101074989913361151e+02
4.140983522865583382e+02
4.173840447424214517e+02
4.199450851575754200e+02
4.217984647260330462e+02
4.230412789820471176e+02
4.237700002467493050e+02
4.240667341983076426e+02
4.240187675254192072e+02
4.236779036031729220e+02
4.230985909615165497e+02
4.223173353681452227e+02
4.213639932700035047e+02
4.202659237887349946e+02
4.188985771366033646e+02
4.173332785756950898e+02
4.156874752331789296e+02
4.139735111891674819e+02
4.122016081310407003e+02
4.103793969744100423e+02
4.085140328551024709e+02
4.066101235871106496e+02
4.046730341190947797e+02
4.027057250370517067e+02
4.007123847953408244e+02
3.986956939606328092e+02
3.966586119894446938e+02
3.946044593591870466e+02
3.925351902944871654e+02
3.904546060448456615e+02
3.883646338457750744e+02
3.862685872146185488e+02
3.841690127055042581e+02
3.820682770599864853e+02
3.799694842530286678e+02
3.778744717302128606e+02
3.757861423804769743e+02
3.737062910541134215e+02
3.716678960859309200e+02
3.696323313598032314e+02
3.676100703536542369e+02
3.656030104951751127e+02
3.636124695902823873e+02
3.616400285454499226e+02
3.596867588783888436e+02
3.577539499888590626e+02
3.558425062146847608e+02
3.539534997314892735e+02
3.520877435367810904e+02
3.502459694358524303e+02
3.484291257681999241e+02
3.466376178681271654e+02
3.448725493725952447e+02
3.431342743878789747e+02
3.414237521729781406e+02
3.397417250971187173e+02
3.380887901552450217e+02
3.364662707575024001e+02
3.348746231903295438e+02
3.333154615470162980e+02
3.317897210517133999e+02
3.302988782919163668e+02
3.288504142730920989e+02
3.274347050495613303e+02
3.260610487614368935e+02
3.247310571941991384e+02
3.234480899738164794e+02
3.222150662083712405e+02
3.210353051164198064e+02
3.199138131773264604e+02
3.188541480355376621e+02
3.178631555552829582e+02
3.169459957058969621e+02
3.161101603343496436e+02
3.153640354266658505e+02
3.147150205922532678e+02
3.141747962809940873e+02
3.137513843398794506e+02
3.134571077418050891e+02
3.133016330038908563e+02
3.132937866320945091e+02
3.134437315863222580e+02
3.137538741871069305e+02
3.142279045190311422e+02
3.148604294190693622e+02
3.156414390584818648e+02
3.165627495884173754e+02
3.175779319532080649e+02
3.186639100248630712e+02
3.197871478526288342e+02
3.209091030966076232e+02
3.219933370058684545e+02
3.230049950347814161e+02
3.239102914487925773e+02
3.246878448220093674e+02
3.253151031890378135e+02
3.257841183653654866e+02
3.260892063556165112e+02
3.262318940762621651e+02
3.262225739139279881e+02
3.260731997439879706e+02
3.258063056475742769e+02
3.254503960540373555e+02
3.250508013904055247e+02
3.246726072573115971e+02
3.244333147557000530e+02
3.244892443845959633e+02
3.251125169257061884e+02
3.266203259516862545e+02
3.293721110853746836e+02
3.337071937172422054e+02
3.397347101094653681e+02
3.473214873996897722e+02
3.550016013386579630e+02
3.608127818981973292e+02
3.640754756745548093e+02
3.654805166357491544e+02
3.658568853168709438e+02
3.658063073001806629e+02
3.656375314685867579e+02
3.655726321877226042e+02
3.658335059581746123e+02
3.666989049534060996e+02
3.685433570938795356e+02
3.719180859617818555e+02
3.772893499809700302e+02
3.850442942662745054e+02
3.946029217484929745e+02
4.045226476032052574e+02
4.129155316125594481e+02
4.188576369446685703e+02
4.223750025035290605e+02
4.242295649549293444e+02
4.250302603471648126e+02
4.250465959751427363e+02
4.248873297420583413e+02
4.247350526914133297e+02
4.247501941837377899e+02
4.250704186289958102e+02
4.257810534453657283e+02
4.269458296947611302e+02
4.285681573359867684e+02
4.305711244905745616e+02
4.328333803262673882e+02
4.351957316723746203e+02
4.375192979918851961e+02
4.396850804331194240e+02
4.416077423561296769e+02
4.431856018583949322e+02
4.443713968531606611e+02
4.451010956210539575e+02
4.453887621916728108e+02
4.452572329455248905e+02
4.447567882069444067e+02
4.439554793363996055e+02
4.429012552369754303e+02
4.416547251542736490e+02
4.402530912181439362e+02
4.384730139146427064e+02
4.363234576068294928e+02
4.341177851105597369e+02
4.318733884499113742e+02
4.296024143146045162e+02
4.273150146637356670e+02
4.250181276131776826e+02
4.227182585925285139e+02
4.204191337770485575e+02
4.181252444009109013e+02
4.158392101450278915e+02
4.135630235813682702e+02
4.113000197558178570e+02
4.090503026734963328e+02
4.068172123492870469e+02
4.046006891400379573e+02
4.024020850139752952e+02
4.002230251139130246e+02
3.980634462751186220e+02
3.959256140336769363e+02
3.938096831483181859e+02
3.917175798337358970e+02
3.896511365299459158e+02
3.876121199275478375e+02
3.854310125219182623e+02
3.832311484217909765e+02
3.810761719304791768e+02
3.789694380917209742e+02
3.769152456201287009e+02
3.749174730607107904e+02
3.729801927543566649e+02
3.711072557406802730e+02
3.693012660916683672e+02
3.675657368370440281e+02
3.659009756055627349e+02
3.643078011511241243e+02
3.627849494739052147e+02
3.613295697402492124e+02
3.599383513013152651e+02
3.586061829086754074e+02
3.573262976498797912e+02
3.560927973544119709e+02
3.548970417160379043e+02
3.537320601778679929e+02
3.525902344232115979e+02
3.514630106891403329e+02
3.503450016967098009e+02
3.492284970950445313e+02
3.480946386402363828e+02
3.473225603813216935e+02
3.465316938232278403e+02
3.457216187520688777e+02
3.448925662492827087e+02
3.440483365069108004e+02
3.431913947825422042e+02
3.423270644753733905e+02
3.414593639004029342e+02
3.405928347356573340e+02
3.397322778280827151e+02
3.388799634899266380e+02
3.380399159418689123e+02
3.372131433208789986e+02
3.364017233486442251e+02
3.356062117818062234e+02
3.348268017896110678e+02
3.340639555097710058e+02
3.333172584519329007e+02
3.325869078735413495e+02
3.318725982878042373e+02
3.311749471241634524e+02
3.304941997987930904e+02
3.298315092093456542e+02
3.292098083509034723e+02
3.285808849852705862e+02
3.279751863963954293e+02
3.273982360112188417e+02
3.268570316109743885e+02
3.263643203345064308e+02
3.259388238034942447e+02
3.256097415256286922e+02
3.254362927451385872e+02
3.254817540397310154e+02
3.258208098655009621e+02
3.263979033967532359e+02
3.269789307422818752e+02
3.272723462986169807e+02
3.272252566038865780e+02
3.269561449465337546e+02
3.266345563700504044e+02
3.263842084564252559e+02
3.262876748633226498e+02
3.264359411543164811e+02
3.269226586983076572e+02
3.278984629794131820e+02
3.295927214778590155e+02
3.323055599456041591e+02
3.367249061959797132e+02
3.425862686130504358e+02
3.493098293629375917e+02
3.557242654363975021e+02
3.609581228585223585e+02
3.648488094808012647e+02
3.658111726044061811e+02
3.683511127760286286e+02
3.706971310656886089e+02
3.730211115970183755e+02
3.755899716819532159e+02
3.786388578467124830e+02
3.822442222946877450e+02
3.863288309078852762e+02
3.906912479202384247e+02
3.951557902448453774e+02
3.996791073778367718e+02
4.044609530939997057e+02
4.097374597549131749e+02
4.157317751644838495e+02
4.223216929275887424e+02
4.290693300201343732e+02
4.354461678585038271e+02
4.411023717930204953e+02
4.458456547526953386e+02
4.498454704879861197e+02
4.529919489239918562e+02
4.551793627456934814e+02
4.563817461377402083e+02
4.566428095393760600e+02
4.561472550780887900e+02
4.550535283427375361e+02
4.535158271499474267e+02
4.516438818655578302e+02
4.495161513598023930e+02
4.471863918951399341e+02
4.446926442446377337e+02
4.420632557184657117e+02
4.393164375238775960e+02
4.364731409032162901e+02
4.335446652112854622e+02
4.305471629621036413e+02
4.274916873259899148e+02
4.243892480773480429e+02
4.212509423412146816e+02
4.180848621389299069e+02
4.149006474736212340e+02
4.117057633924443394e+02
4.085974965261629563e+02
4.055497188387451502e+02
4.025091553298290705e+02
3.994812220120642792e+02
3.964705654077374106e+02
3.934814098075055426e+02
3.905177244427713390e+02
3.875834128957117741e+02
3.846817089959151872e+02
3.818163789374555108e+02
3.789905481606801914e+02
3.762075217673084921e+02
3.734711843200469730e+02
3.707843826953673556e+02
3.681518408509164715e+02
3.655774448790158999e+02
3.630665477402687884e+02
3.606261036654666441e+02
3.582626071325402677e+02
3.559873141320572927e+02
3.538116110794838960e+02
3.517513520351058673e+02
3.498286197256983314e+02
3.480638696960619995e+02
3.464721361975472291e+02
3.450820743620229223e+02
3.439306221022039836e+02
3.430340207169437576e+02
3.423855728577843820e+02
3.419684539625959019e+02
3.417388396916608713e+02
3.416569935761928605e+02
3.416916695038515854e+02
3.418431891838191632e+02
3.421243232308816573e+02
3.425856118958744219e+02
3.432746778340281253e+02
3.442434364137188254e+02
3.455467184279146409e+02
3.472019296705052511e+02
3.492252139957520853e+02
3.515782237740284017e+02
3.541870619594877212e+02
3.569486695031834529e+02
3.597263354352797364e+02
3.623910123606302705e+02
3.648290659360112613e+02
3.669567148803762962e+02
3.687217384278579289e+02
3.702409978940161750e+02
3.713806024578553888e+02
3.721834231700440796e+02
3.726847049884740954e+02
3.729338482928833400e+02
3.729744950920656379e+02
3.728427961319109727e+02
3.725773909984459920e+02
3.722017128497862473e+02
3.717409990106388591e+02
3.712100256684432793e+02
3.706205782516430531e+02
3.699811952079048183e+02
3.692950441949566311e+02
3.685658040427342144e+02
3.677945597236633830e+02
3.669812425700354197e+02
3.661283870656183126e+02
3.652359960575044511e+02
3.643071145630290175e+02
3.633445210398097629e+02
3.623505722903573201e+02
3.613303625277807782e+02
3.602668414347738803e+02
3.591759386325089736e+02
3.580673682839395155e+02
3.569448026648524319e+02
3.558127828465678704e+02
3.546736598534317864e+02
3.535312909776042147e+02
3.523879762356972378e+02
3.512460011214787983e+02
3.501076723097384615e+02
3.489743234341351013e+02
3.478477761306061780e+02
3.467292075453565303e+02
3.456195841487732423e+02
3.445201133407590532e+02
3.434312292875370645e+02
3.423538691824678040e+02
3.412884474892112507e+02
3.402353859045551303e+02
3.391952986266213088e+02
3.381682134577617944e+02
3.371547738037726276e+02
3.361550078968301705e+02
3.351693156553727704e+02
3.341700428106445884e+02
3.331666398677513712e+02
3.321791098523574419e+02
3.312074141033672845e+02
3.302523003646358006e+02
3.293140312775715302e+02
3.283929708452791942e+02
3.274898513421296116e+02
3.266046618338219787e+02
3.257383115765324533e+02
3.248908098788327266e+02
3.240626457039518300e+02
3.232542337206759839e+02
3.224653979693227370e+02
3.216967408093659060e+02
3.209478123537271017e+02
3.202187650813388586e+02
3.195093949909993398e+02
3.188190833066810796e+02
3.181477212657346172e+02
3.174943440507288983e+02
3.168584348664574577e+02
3.162391631401967516e+02
3.156354316510318085e+02
3.150502002320514521e+02
3.144432653153269257e+02
3.138492971513132943e+02
3.132672022704140886e+02
3.126957828320582848e+02
3.121340638767598534e+02
3.115808948563886815e+02
3.110352150173958989e+02
3.104961549154159570e+02
3.099626873449730624e+02
3.094340824972580322e+02
3.089095703595718305e+02
3.083885504611770898e+02
3.078704711906474927e+02
3.073549776825477124e+02
3.068417276718350308e+02
3.063306603604632414e+02
3.058217162120519106e+02
3.053150202113523619e+02
3.048108916248855280e+02
3.043096271152585928e+02
3.038118163907867029e+02
3.033180513373906138e+02
3.028290267602585573e+02
3.023439283820199535e+02
3.018581586621050974e+02
3.013806626727587741e+02
3.009123072117061497e+02
3.004541976198893281e+02
3.000074364640938711e+02
2.995729475775291917e+02
2.991520251576598639e+02
2.987454819158966757e+02
2.983545928885595799e+02
2.979803548585127828e+02
2.976239703356067707e+02
2.972867862545342632e+02
2.969698299110896187e+02
2.966749087515975134e+02
2.964030942536216457e+02
2.961565442317181578e+02
2.959367313915298041e+02
2.957455425658270656e+02
2.955853086355825781e+02
2.954575011997886236e+02
2.953650378904221725e+02
2.953092505681425450e+02
2.952925088798426145e+02
2.953248245107197931e+02
2.953963648840472160e+02
2.955097824749133224e+02
2.956642468282341270e+02
2.958602260618264950e+02
2.960965945246502997e+02
2.963720225070169931e+02
2.966854115256634259e+02
2.970341340141716273e+02
2.974163632260311374e+02
2.978292524353595354e+02
2.982701009719667695e+02
2.987360356817215461e+02
2.992239884244370955e+02
2.997306172136055693e+02
3.002531030010492259e+02
3.007879590676420207e+02
3.013320340456286885e+02
3.018822777945533176e+02
3.024347938911899405e+02
3.029870822573349756e+02
3.035348848203947227e+02
3.040755523665831106e+02
3.046054982390137980e+02
3.051073651353635796e+02
3.055667148916649012e+02
3.060029367362669745e+02
3.064142566167064388e+02
3.067971145653466465e+02
3.071496796276900909e+02
3.074697486135405029e+02
3.077552429872343964e+02
3.080055285762003336e+02
3.082185516270138805e+02
3.083948084784183834e+02
3.085332649182913087e+02
3.086345227509695519e+02
3.086992555418459006e+02
3.087276016955081559e+02
3.087216393415536118e+02
3.086816546329089874e+02
3.086099447938709659e+02
3.085078841417588933e+02
3.083770255944342580e+02
3.082196189606607959e+02
3.080367874004648456e+02
3.078308105493309768e+02
3.076030841824995719e+02
3.073388469378110699e+02
3.070538265490890808e+02
3.067489895856064663e+02
3.064261197160013808e+02
3.060864656421375685e+02
3.057314728479781252e+02
3.053624506005733110e+02
3.049808026953879789e+02
3.045877291470717410e+02
3.041846202088574955e+02
3.037727286804527012e+02
3.033532990276372630e+02
3.029278574789204868e+02
3.024975115579641169e+02
3.020638689382761868e+02
3.016281032556802870e+02
3.011916129314731734e+02
3.007559063771263936e+02
3.003220626217882909e+02
2.998917747207851221e+02
2.994660812169719861e+02
2.990464397867923481e+02
2.986342481911194113e+02
2.982305067980117883e+02
2.978376574755038746e+02
2.974589737006623977e+02
2.970928371372725110e+02
2.967405026211765176e+02
2.964029786932043180e+02
2.960819899437166214e+02
2.957784727073154727e+02
2.954942050412532808e+02
2.952307584994462104e+02
2.949896621000809773e+02
2.947735586748693777e+02
2.945840715475753768e+02
2.944243752791536508e+02
2.942975591376250009e+02
2.942068951371244339e+02
2.941583019299221746e+02
2.941555610384825172e+02
2.942063952241583706e+02
2.943173976653320665e+02
2.944960177235213905e+02
2.947515601788591653e+02
2.950878806956745279e+02
2.955109029523042068e+02
2.960203753144444931e+02
2.966112319282283352e+02
2.973157996397037550e+02
2.981495955224797285e+02
2.991649873172098637e+02
3.004724106244973996e+02
3.022082070229060946e+02
3.045820667512002728e+02
3.077915602056491480e+02
3.119785235562039247e+02
3.171621983153648330e+02
3.231056357792868425e+02
3.294296143313446805e+02
3.358171726908577170e+02
3.420728544632723924e+02
3.482191784266750005e+02
3.542882343910006284e+02
3.602480284385525806e+02
3.660774565800064124e+02
3.717314848778682403e+02
3.772299402421363652e+02
3.825984488460992452e+02
3.878001286480778731e+02
3.927493579215738464e+02
3.973001455260679791e+02
4.014335461171371549e+02
4.050879275164305113e+02
4.081293186872010210e+02
4.106072303247671016e+02
4.125889716328468921e+02
4.141358302489001062e+02
4.153325639539406211e+02
4.162393668328110152e+02
4.169274654130429099e+02
4.174667343792127667e+02
4.179191626413107770e+02
4.183667700869738155e+02
4.188887077397756116e+02
4.195769470653289090e+02
4.205463790336124816e+02
4.218958333141768549e+02
4.237447137448337457e+02
4.261557883199989192e+02
4.291330621701605992e+02
4.326043966636032110e+02
4.364082605890836817e+02
4.403701951021809577e+02
4.443361080870939190e+02
4.482021961564400954e+02
4.519259097967535581e+02
4.555472852771061412e+02
4.589560164544932945e+02
4.621727400943200905e+02
4.652205475893974835e+02
4.681597349343164183e+02
4.710135845676163626e+02
4.737734073401000501e+02
4.763788268895311262e+02
4.787327831804328753e+02
4.807421826188831346e+02
4.823402475757097818e+02
4.834828350759099749e+02
4.841889830955548746e+02
4.844831762251166651e+02
4.844309853402462522e+02
4.840903395601135344e+02
4.835313431048672328e+02
4.828159144767178645e+02
4.819940656314062153e+02
4.811124092842779305e+02
4.801939065847000734e+02
4.792559885466163223e+02
4.782920791559757845e+02
4.772020846929621030e+02
4.760539155669982279e+02
4.748714041504614443e+02
4.736556887214859444e+02
4.724377067123597271e+02
4.712720109384429747e+02
4.702575194874186195e+02
4.695613601645779340e+02
4.694315714468219767e+02
4.702649660681742603e+02
4.725043024538239820e+02
4.765939242197792964e+02
4.827222861304255161e+02
4.905300939494958357e+02
4.993456789393490567e+02
5.082866717601571622e+02
5.168216541514875644e+02
5.246300196447447206e+02
5.315888155336297132e+02
5.373471920566231574e+02
5.416466431595362110e+02
5.443136908943881735e+02
5.456701056129585368e+02
5.461420985734574742e+02
5.460778869987867665e+02
5.461090193861457465e+02
5.464987384160176589e+02
5.473044010819821779e+02
5.482314604167861489e+02
5.488249870516826832e+02
5.487982455799730133e+02
5.481168378171846598e+02
5.469545209406660433e+02
5.455177973080194533e+02
5.439771977037992201e+02
5.424741863054759961e+02
5.411121894356563189e+02
5.399650845052933619e+02
5.390208546496838835e+02
5.381862341845019273e+02
5.372540434664913391e+02
5.360331537219168467e+02
5.344293462127743624e+02
5.324661125436465454e+02
5.302139353830065147e+02
5.277689768712183422e+02
5.251946276170983765e+02
5.225416109409829915e+02
5.198146061857434006e+02
5.170888877534878247e+02
5.143465189245042666e+02
5.115921261238651141e+02
5.088288155826193702e+02
5.060580740656885723e+02
5.032809848509107269e+02
5.004982962772205610e+02
4.977103926941616692e+02
4.949180942199349147e+02
4.921216815947109922e+02
4.893219965540611156e+02
4.865199296636831718e+02
4.837161616800804040e+02
4.809121728405904719e+02
4.781086708444780697e+02
4.753071478082022736e+02
4.725089070349222879e+02
4.697149062912778277e+02
4.669269210862211139e+02
4.641456885354978112e+02
4.613727810982742881e+02
4.586091895649612979e+02
4.558558383249861095e+02
4.531323801300308105e+02
4.503717941040020492e+02
4.476233583237385574e+02
4.448876341806977734e+02
4.421655489595725044e+02
4.394578918077203866e+02
4.367650572607917638e+02
4.340879847305851058e+02
4.314268358351500297e+02
4.287824273487252071e+02
4.261550530826630165e+02
4.235450814128590764e+02
4.209531579632946432e+02
4.183792905791727890e+02
4.158243096041116473e+02
4.132882191360708362e+02
4.107715673047796372e+02
4.082747798399555563e+02
4.057979769678866546e+02
4.033419444540409700e+02
4.009066416485127320e+02
3.984927871143465836e+02
3.961006444272443900e+02
3.937305309658215151e+02
3.914426613637839409e+02
3.892583186999881377e+02
3.870963551161715941e+02
3.849570057359212001e+02
3.828409091612837756e+02
3.807485777555543223e+02
3.786802472408593871e+02
3.766367435403782338e+02
3.746180721540658283e+02
3.726250162182012673e+02
3.706577453057074081e+02
3.687165788052951143e+02
3.668020298174121194e+02
3.649139771293612853e+02
3.630530393578575286e+02
3.612190649527062192e+02
3.594122283671404148e+02
3.576326201565224778e+02
3.558798726551397067e+02
3.541542366899245167e+02
3.524550612895240533e+02
3.507823136100597594e+02
3.491354990888355587e+02
3.475140528294692217e+02
3.458974023705307559e+02
3.442568247435742137e+02
3.426411962889882830e+02
3.410496702317346376e+02
3.394822691749336059e+02
3.379387982975002274e+02
3.364190768993870506e+02
3.349238469107912692e+02
3.334529831371858677e+02
3.320079026316423665e+02
3.305892735071772677e+02
3.291987161255602814e+02
3.278381074750693642e+02
3.265091689556198844e+02
3.252152981529539488e+02
3.239585738739462499e+02
3.227434653998474232e+02
3.215733111831809765e+02
3.204527420216497831e+02
3.193871900822910561e+02
3.183810768869997787e+02
3.174416825326017602e+02
3.165739699698378899e+02
3.157865386636825633e+02
3.151396466020446496e+02
3.146674835087422366e+02
3.144724220377353276e+02
3.147756749628206308e+02
3.159632107562185297e+02
3.185749813024360719e+02
3.231381675110463902e+02
3.285538009562945945e+02
3.329610022792767268e+02
3.365094644277386351e+02
3.409097120838700334e+02
3.479311456066544679e+02
3.572956506401959587e+02
3.665997518245640094e+02
3.748921631712593125e+02
3.831992636851058478e+02
3.908925409411151577e+02
3.968460407330640010e+02
4.014714955982162792e+02
4.061031538676888886e+02
4.111546446944733475e+02
4.161378583010520629e+02
4.203426536907725790e+02
4.235574351894609890e+02
4.257604392881399349e+02
4.273195353443020394e+02
4.282483207185765082e+02
4.284525844559977372e+02
4.279006940482165078e+02
4.266482195480794530e+02
4.248753055899118749e+02
4.227187344165864147e+02
4.203171042686887517e+02
4.177610381697663229e+02
4.151097704361525302e+02
4.124078667655272170e+02
4.096796358424655295e+02
4.069431980432695468e+02
4.042114382937424466e+02
4.014911403331121846e+02
3.987896843823144195e+02
3.961116414652340723e+02
3.934608802168021953e+02
3.908426561642917818e+02
3.882599603922794245e+02
3.857183913884429671e+02
3.832234388835798313e+02
3.807815586450181513e+02
3.782698437786132217e+02
3.757013045946124521e+02
3.732535632647303032e+02
3.709632531791359042e+02
3.688828103122061748e+02
3.670890401812858954e+02
3.656953577891020473e+02
3.648166861152928959e+02
3.645781698558893709e+02
3.650274074824524746e+02
3.661111985867140675e+02
3.676783799754625193e+02
3.695741743807114972e+02
3.717526902228867129e+02
3.743407783856607693e+02
3.752809184521203179e+02
3.787220496110780914e+02
3.822264420586583356e+02
3.856096115828931943e+02
3.884989370250207230e+02
3.907436701556625849e+02
3.924064533307064835e+02
3.936261886900301761e+02
3.945017671511939739e+02
3.951540260953360075e+02
3.957148565892928787e+02
3.959612799659543612e+02
3.959237600114821021e+02
3.956415060979844043e+02
3.951857919390784559e+02
3.946223734299212538e+02
3.940198649819564594e+02
3.934403250901577849e+02
3.929293349527954433e+02
3.925327495522028016e+02
3.922653212857142080e+02
3.921460380172598548e+02
3.921592840791380468e+02
3.922896689810012276e+02
3.925031516592781031e+02
3.927637177504702777e+02
3.930337445079595682e+02
3.932760984070319523e+02
3.934619063170494542e+02
3.935581965649143399e+02
3.935434817902496434e+02
3.933872037109687767e+02
3.930776199189230056e+02
3.926109562502618360e+02
3.920625024150841114e+02
3.913256526934791282e+02
3.904168057733439809e+02
3.893589298346748251e+02
3.881699754429553764e+02
3.868771596604314595e+02
3.854973293825053133e+02
3.840502606989347214e+02
3.825505858602841158e+02
3.810101681303812029e+02
3.794403288547659940e+02
3.778484443913453674e+02
3.762422338919756726e+02
3.746273561902319216e+02
3.730089081236935158e+02
3.713914830335326656e+02
3.697792541847997541e+02
3.681762026145846676e+02
3.665865182428506159e+02
3.650139386810497513e+02
3.634625321513767631e+02
3.619367026266040739e+02
3.604402245725652278e+02
3.589511790318420026e+02
3.575072795482777792e+02
3.561031333393324871e+02
3.547431387356579648e+02
3.534309232340856397e+02
3.521719429889015487e+02
3.509677741085956200e+02
3.498231848296139219e+02
3.487394060114202148e+02
3.477194187632438798e+02
3.467669408992496187e+02
3.458864116006385530e+02
3.450868627570509943e+02
3.443830531392146099e+02
3.437967937985556546e+02
3.433635769737729220e+02
3.431282628763129310e+02
3.431503938504408211e+02
3.435008072424726038e+02
3.442466663062818384e+02
3.454571712283543548e+02
3.471590076428989278e+02
3.493726377811962607e+02
3.520431160591585922e+02
3.551134902893510343e+02
3.584395693755502066e+02
3.619973512160508449e+02
3.657328680671077450e+02
3.697650765769008103e+02
3.742933664647447927e+02
3.795752269908443850e+02
3.858010487233282220e+02
3.928365695669340312e+02
4.003799956228412498e+02
4.080047565025799372e+02
4.151993423201748783e+02
4.213691226888556685e+02
4.261800989365647183e+02
4.297453130951302569e+02
4.327038206866083669e+02
4.357813072400240344e+02
4.395854024770391106e+02
4.444441322945136790e+02
4.503813817708729061e+02
4.569694247381119112e+02
4.635577421334808719e+02
4.695336640780730590e+02
4.746161019900449105e+02
4.788547739965329129e+02
4.825120127481833947e+02
4.860988045543495559e+02
4.898318188251057563e+02
4.936314134810799601e+02
4.972148487886794328e+02
5.003417637276308483e+02
5.029092027419879400e+02
5.050989860342774023e+02
5.073149570511943125e+02
5.101990192010265446e+02
5.149348193741847126e+02
5.223550542600212339e+02
5.318685042297482823e+02
5.410190990821441801e+02
5.473288737666894122e+02
5.497125715487790103e+02
5.490249134014475203e+02
5.463724764078494900e+02
5.426137837351152484e+02
5.382456736199441139e+02
5.335162509049808932e+02
5.285835442238467294e+02
5.235297571040786124e+02
5.182287410067250448e+02
5.126411772563438944e+02
5.070903761599338395e+02
5.015936745281356366e+02
4.961623284234669313e+02
4.908057336706479532e+02
4.855280892093501279e+02
4.803347428604192260e+02
4.752267923433952888e+02
4.702068349039757322e+02
4.652752386742125168e+02
4.604317669712289103e+02
4.556773776646650163e+02
4.510100979495035176e+02
4.464310309839427759e+02
4.419381023871594607e+02
4.375310493759028532e+02
4.332092491903405858e+02
4.289708394711109918e+02
4.248164992050095066e+02
4.207439447406837303e+02
4.167536994864261146e+02
4.128448794434277147e+02
4.090167848147141285e+02
4.053019330009324790e+02
4.015638633226965908e+02
3.979166858684107524e+02
3.943607572612852437e+02
3.908988986828902625e+02
3.875364861943055530e+02
3.842793218828265367e+02
3.811418235386485662e+02
3.781419609851266159e+02
3.753127069776335247e+02
3.727097600130857700e+02
3.704131360905135466e+02
3.685712925642386608e+02
3.673738642913744457e+02
3.670905535701035092e+02
3.679971116260624626e+02
3.702387979599064920e+02
3.737174792772306091e+02
3.780539836039417878e+02
3.826437134883570366e+02
3.869015918964993830e+02
3.904122570285734923e+02
3.930771122702350340e+02
3.951255339234683106e+02
3.968984476026537891e+02
3.990739585587652982e+02
4.016755399284759847e+02
4.046003294940450701e+02
4.075560149719109972e+02
4.103286940871319644e+02
4.129547130249593465e+02
4.157359932812477723e+02
4.188936653015455818e+02
4.224941246268898567e+02
4.263779231096827971e+02
4.302471252316565256e+02
4.338321687961499720e+02
4.369016822849637833e+02
4.392502551347959070e+02
4.407964681254161974e+02
4.415324504743119292e+02
4.415193759089221430e+02
4.409132846969691286e+02
4.398267174172464138e+02
4.383977386416310082e+02
4.367180259368722091e+02
4.348595913844104643e+02
4.328806144858203311e+02
4.306991522986688778e+02
4.284356449703628869e+02
4.261328851066558059e+02
4.238063648780722588e+02
4.214675965991113458e+02
4.191239837640605401e+02
4.167822838588584204e+02
4.144467732998024303e+02
4.121207935977971601e+02
4.098071290744825887e+02
4.075072899573065683e+02
4.052227010481499860e+02
4.029543388803663788e+02
4.007024388631529632e+02
3.984678190523091530e+02
3.962501522182112694e+02
3.940498600076859930e+02
3.918668101055755528e+02
3.897008473132495965e+02
3.875523865981336940e+02
3.854209262728805925e+02
3.833071436310640365e+02
3.812107941571658785e+02
3.791323636666868993e+02
3.770248509321857000e+02
3.748685865910725283e+02
3.727352129847098468e+02
3.706249122826427538e+02
3.685387477511142720e+02
3.664773501982446646e+02
3.644413850904843457e+02
3.624319628202853778e+02
3.604494726168882721e+02
3.584949582807425941e+02
3.565690071168814939e+02
3.546721046043031151e+02
3.528050985512807642e+02
3.509680162693688317e+02
3.491615158752943557e+02
3.473856955258985408e+02
3.456405220681734249e+02
3.439262750857843116e+02
3.422424087027056885e+02
3.405891944788983778e+02
3.389660654659116403e+02
3.373729633277799849e+02
3.358098752093245025e+02
3.342764295636316092e+02
3.327768692804801276e+02
3.313082745675182537e+02
3.298728487346962766e+02
3.284713098639540476e+02
3.271056405330051575e+02
3.257783922973521840e+02
3.244920206194977368e+02
3.232515684564428398e+02
3.220605967066825883e+02
3.209263449772937520e+02
3.198554163573318760e+02
3.188567463131766431e+02
3.179417661900347412e+02
3.171206929670036629e+02
3.164098416550285151e+02
3.158216519975017036e+02
3.153739072612063978e+02
3.150816453112896625e+02
3.149576755558249488e+02
3.150165721546766804e+02
3.152602953167453848e+02
3.156954137237445934e+02
3.163140461667687191e+02
3.171108112741968625e+02
3.181053693806709930e+02
3.192307587068405041e+02
3.204838091592183105e+02
3.218448694436622759e+02
3.233001263114171024e+02
3.248244489408626805e+02
3.263896945814334458e+02
3.279613147660073764e+02
3.295007183452608501e+02
3.309672811302423838e+02
3.323283157082332764e+02
3.335537535003351195e+02
3.346238742350696498e+02
3.355330066227240877e+02
3.362741637788299158e+02
3.368602259976838127e+02
3.372970948251996219e+02
3.376012573225851838e+02
3.377879983529099945e+02
3.378696934268302812e+02
3.378640352698861307e+02
3.377805000385517928e+02
3.376320656425692164e+02
3.374275133071385540e+02
3.371025593529495268e+02
3.367364607077120695e+02
3.363311584002100290e+02
3.358923328189710560e+02
3.354247593659070503e+02
3.349319147676317812e+02
3.344176671942174721e+02
3.338847547764830210e+02
3.333355506502511503e+02
3.327727401149257958e+02
3.321974868353735815e+02
3.316119286372716601e+02
3.310171149395761176e+02
3.304140577406542434e+02
3.298039846917602631e+02
3.291871158389949414e+02
3.285644717218353321e+02
3.279361798387021736e+02
3.273026812434664521e+02
3.266641831692757592e+02
3.260207814619770375e+02
3.253726432113316491e+02
3.247198090334526910e+02
3.240624194994946947e+02
3.233642017284890926e+02
3.226086789628440101e+02
3.218531590341282822e+02
3.210976470456159859e+02
3.203420981547912447e+02
3.195867390760927265e+02
3.188320593848094973e+02
3.180784222963935690e+02
3.173266997426069338e+02
3.165774843129603369e+02
3.158317657756591643e+02
3.150904084710885513e+02
3.143543907568760574e+02
3.136247221558194269e+02
3.129023917864023474e+02
3.121884133857331562e+02
3.114837106147276700e+02
3.107892843938679448e+02
3.101059257624418706e+02
3.094345999064432817e+02
3.087759497361657850e+02
3.081307942367368469e+02
3.074997893368285418e+02
3.068834475514892119e+02
3.062644987407990129e+02
3.056606392958808556e+02
3.050734275955809949e+02
3.045030276587169169e+02
3.039498165270002232e+02
3.034141930416624859e+02
3.028960345067625326e+02
3.023959070259459168e+02
3.019134927863368034e+02
3.014490893596120031e+02
3.010025788019705715e+02
3.005736667659697900e+02
3.001625446151278993e+02
2.997685266982896906e+02
2.993917789672251502e+02
2.990317282300471220e+02
2.986881900202355951e+02
2.983611979556537221e+02
2.980508136299918647e+02
2.977588426750591566e+02
2.974897607380754039e+02
2.972586756415322498e+02
2.971069959693495548e+02
2.971744080477744205e+02
2.978245659899452562e+02
3.000183475836882963e+02
3.052556732030462854e+02
3.139403016851066468e+02
3.247463048057140327e+02
3.360211314558514459e+02
3.465923194776269725e+02
3.596827469488142128e+02
3.802943861483827845e+02
4.070685647534511986e+02
4.311846832855214871e+02
4.513038871035322472e+02
4.710843226604296774e+02
4.893149010636479943e+02
5.035347220794097893e+02
5.143014315965588139e+02
5.230795113304685628e+02
5.311651386561293293e+02
5.395665844344246125e+02
5.483480011143395814e+02
5.559324210249945963e+02
5.612435925355396193e+02
5.645609204003785635e+02
5.667871676829762464e+02
5.683101036829287978e+02
5.694922742766987085e+02
5.705272770670932232e+02
5.714695316433352446e+02
5.723538243880906293e+02
5.731968999197342782e+02
5.740219681608726887e+02
5.748441699911601290e+02
5.756773169893112936e+02
5.765366151310441865e+02
5.774298793815636373e+02
5.783690327904860169e+02
5.793622085583102717e+02
5.804164871116392987e+02
5.815420771491828873e+02
5.827444221742060790e+02
5.840334104526834835e+02
5.854178109004783437e+02
5.869058166214854282e+02
5.885124475483668220e+02
5.902485990789673451e+02
5.921346539096812194e+02
5.941914919064007563e+02
5.964418694892312942e+02
5.988853501727120374e+02
6.015665672259472103e+02
6.045131506631270213e+02
6.077435592216809255e+02
6.112744679006881370e+02
6.151231287858614678e+02
6.192904856576728889e+02
6.237705927083890174e+02
6.285320415019200482e+02
6.335271268393491937e+02
6.386991100293944328e+02
6.439894236766684799e+02
6.493454444699984833e+02
6.546948914737325822e+02
6.599368912711321400e+02
6.649323793106758558e+02
6.695124714521780334e+02
6.735117960648548205e+02
6.767976307873381074e+02
6.792589651752492728e+02
6.808492395988293993e+02
6.815411043214313622e+02
6.813561398129686495e+02
6.803565738073970124e+02
6.785423211006577731e+02
6.760354795601786009e+02
6.729715362215806636e+02
6.694596314757211530e+02
6.655870799807369167e+02
6.614303694926688877e+02
6.570590696902328318e+02
6.525233908416573740e+02
6.478718123100500179e+02
6.431388130453221947e+02
6.383552479375906614e+02
6.335450678468014303e+02
6.287277946761421390e+02
6.239193309633777744e+02
6.191326161469717135e+02
6.143776084012157526e+02
6.096627647322594612e+02
6.049949369194853261e+02
6.003789693795307585e+02
5.958202739658225937e+02
5.913214281241085928e+02
5.868865810794873141e+02
5.825177736069099410e+02
5.782172699568635608e+02
5.740075178370026379e+02
5.698952332480241694e+02
5.658621218795747154e+02
5.619073604334578249e+02
5.580315646454185980e+02
5.542344920386914282e+02
5.505153058819140597e+02
5.468748890408938905e+02
5.433122164058690942e+02
5.398290496089167618e+02
5.364261497111857580e+02
5.331059811586669639e+02
5.298726224059602146e+02
5.267298843624520259e+02
5.236854764120083701e+02
5.207454524222783903e+02
5.179200336562936400e+02
5.152179910094355364e+02
5.126490179434387073e+02
5.102241054777751401e+02
5.079492823040235976e+02
5.058339972674517639e+02
5.038791669862335425e+02
5.020860422919397479e+02
5.004219342777006432e+02
4.989054903095772602e+02
4.975069901078227872e+02
4.961995753137279621e+02
4.949531413593954881e+02
4.937346235495787141e+02
4.925095114212398926e+02
4.912469985702393842e+02
4.899257633924945026e+02
4.885233917522818388e+02
4.870365834925533477e+02
4.854574638253342869e+02
4.837904300817601211e+02
4.820413107954789780e+02
4.802148592510296226e+02
4.783235073998999383e+02
4.763722366410895575e+02
4.743730081755620063e+02
4.723326192587218770e+02
4.702592700060313291e+02
4.681609438198709654e+02
4.660430802395547403e+02
4.639129394310759267e+02
4.617746376091233174e+02
4.595118108179505612e+02
4.572424077493262757e+02
4.549808269473030009e+02
4.527291575409733468e+02
4.504914217482527761e+02
4.482699258596744585e+02
4.460687108420161167e+02
4.438927078633896599e+02
4.417450351455748319e+02
4.396324762041225540e+02
4.375582238473537586e+02
4.355280597778947822e+02
4.335463455158841839e+02
4.316152454856997451e+02
4.297391948284404748e+02
4.279174609468360018e+02
4.261521678120756178e+02
4.244417092581856537e+02
4.227845812289091896e+02
4.211797728937530110e+02
4.196232943478539141e+02
4.181146343341494003e+02
4.166495404071375788e+02
4.152266171183119923e+02
4.137661995106463451e+02
4.122826601574857364e+02
4.108290029622380075e+02
4.094004550518179144e+02
4.079933995912600722e+02
4.066027321401786025e+02
4.052230773492915432e+02
4.038486296735482028e+02
4.024736104812818667e+02
4.010914797108922016e+02
3.996971371047815182e+02
3.982850892287467559e+02
3.968505166862647116e+02
3.953904975750631365e+02
3.939012019974717305e+02
3.923818804782634970e+02
3.908310880273407975e+02
3.892487245306977570e+02
3.876362594304997629e+02
3.859939422574825585e+02
3.843247337384221396e+02
3.826300171783279325e+02
3.809123742642985917e+02
3.791745801886272602e+02
3.773886140141200940e+02
3.755454651194941675e+02
3.736897770396336114e+02
3.718245818540264622e+02
3.699524887809136544e+02
3.680757953153232620e+02
3.661970848371531702e+02
3.643183986359426854e+02
3.624419194662324344e+02
3.605698549637350538e+02
3.587040203774391784e+02
3.568465296590293860e+02
3.549993281609295082e+02
3.531640908563417156e+02
3.513431580703067425e+02
3.495378856654923538e+02
3.477505189328477400e+02
3.459826674445678805e+02
3.442359479235544200e+02
3.425124541989670774e+02
3.408132452020303162e+02
3.391404057453415817e+02
3.374950652831025764e+02
3.358786489895429099e+02
3.342999457270994981e+02
3.327364451305605826e+02
3.312095418002709835e+02
3.297192146029263426e+02
3.282663010541983795e+02
3.268511807651162258e+02
3.254737581097877523e+02
3.241348053902003130e+02
3.228336161681186240e+02
3.215706790786287002e+02
3.203454334245094515e+02
3.191574967932492655e+02
3.180067705750223581e+02
3.168921116279763623e+02
3.158135657645271408e+02
3.147699848160179954e+02
3.137610399036793183e+02
3.127862086510085646e+02
3.118448294058587180e+02
3.109370624720949081e+02
3.100625198289982336e+02
3.092219019872243280e+02
3.084157164061080607e+02
3.076453055882102490e+02
3.069520119133236449e+02
3.062975673539806962e+02
3.056865314514826082e+02
3.051219814565263277e+02
3.046092335128909667e+02
3.041526225267440964e+02
3.037582851322194983e+02
3.034328254667874489e+02
3.031820253659302011e+02
3.030145958225854770e+02
3.029359847928747627e+02
3.029547296070611537e+02
3.030770302629249500e+02
3.033083130976294228e+02
3.036553479330018490e+02
3.041200057473656102e+02
3.047072969511247607e+02
3.054175487673003886e+02
3.062512302604077945e+02
3.072094669392531046e+02
3.082894591298222622e+02
3.094930841336291678e+02
3.108186298253783661e+02
3.122678597376686298e+02
3.138135863678318742e+02
3.154283296031022701e+02
3.171549446826029452e+02
3.189932991987261062e+02
3.209449981242748891e+02
3.230072413577233306e+02
3.251719995277788371e+02
3.274282153586124764e+02
3.297551851948593367e+02
3.321273455380039081e+02
3.345140751942863631e+02
3.368777019040795153e+02
3.391825592657407924e+02
3.413941993333045275e+02
3.434771332420202157e+02
3.454127678159064203e+02
3.471769112185936024e+02
3.487640026528873705e+02
3.501707100782445536e+02
3.506902146002427116e+02
3.517722471037880609e+02
3.527909849534966611e+02
3.536533938930240311e+02
3.543698252436717553e+02
3.548407671031338850e+02
3.550186162513571162e+02
3.550916582427906292e+02
3.550761143340091621e+02
3.549830730540693935e+02
3.548241274554837332e+02
3.546099505373807688e+02
3.543487059480218022e+02
3.540484578127766895e+02
3.537158975158015437e+02
3.533557066455025506e+02
3.529730734032573309e+02
3.525700257017217609e+02
3.521490349755358693e+02
3.517108070319973763e+02
3.512549875433009561e+02
3.507817217016144582e+02
3.502887804848034534e+02
3.497756635297967023e+02
3.492403993261714845e+02
3.486816427967171421e+02
3.480984891932966434e+02
3.474897066186094889e+02
3.468549513509179860e+02
3.461723461117736633e+02
3.454076137294887872e+02
3.446281921844753811e+02
3.438340484268541104e+02
3.430254245067514489e+02
3.422033901321664189e+02
3.413682767477406514e+02
3.405219376968969982e+02
3.396651276062586930e+02
3.387993558668522951e+02
3.379263256048162134e+02
3.370468993381527980e+02
3.361635287460385371e+02
3.352770168596535996e+02
3.343894833028836615e+02
3.335023077711040287e+02
3.326168255687258579e+02
3.317350799045805729e+02
3.308580963989638235e+02
3.299880045007859053e+02
3.291261591332039416e+02
3.282744931024101902e+02
3.274350376030871530e+02
3.266099445722326209e+02
3.257669834366867576e+02
3.249477264591279209e+02
3.241537713215827239e+02
3.233888379464661398e+02
3.226578794870883939e+02
3.219654306384183542e+02
3.213182606701188888e+02
3.207215054061705359e+02
3.201813385539637693e+02
3.197032518112149546e+02
3.192896546870547922e+02
3.189437424468193853e+02
3.186627961607010207e+02
3.184445736770444455e+02
3.182848819068206012e+02
3.181804610515303011e+02
3.181320486578155737e+02
3.181461490816928972e+02
3.182387321551880746e+02
3.184390367931483752e+02
3.187949812653330355e+02
3.193722048166301875e+02
3.202575070464287137e+02
3.215446861179465259e+02
3.232706573846761557e+02
3.254603993210432691e+02
3.280175490066911266e+02
3.308122561414621146e+02
3.337781624573869976e+02
3.368989579398302112e+02
3.402637487582728681e+02
3.440030478422785905e+02
3.481807977640123113e+02
3.527320072679091254e+02
3.574638238483306623e+02
3.621485138216589803e+02
3.667129780350812780e+02
3.711437573969345749e+02
3.754880806715803487e+02
3.798003481257117073e+02
3.839707519190496896e+02
3.878702674039682847e+02
3.913261481609575867e+02
3.942643941341198115e+02
3.966895710998405207e+02
3.986573265647081712e+02
4.002265854247457924e+02
4.014690040865939409e+02
4.024122823865773739e+02
4.032037176305798880e+02
4.038396928897401494e+02
4.043995572097660443e+02
4.050049671889274805e+02
4.057619188218978366e+02
4.068121998913786115e+02
4.083033971131940802e+02
4.103513272534612497e+02
4.130808741958472865e+02
4.165248500386149999e+02
4.206750012590046595e+02
4.254597516226586436e+02
4.307714223031956067e+02
4.364474470571421989e+02
4.423290642565841608e+02
4.481787790268714389e+02
4.538250239969062818e+02
4.591096447716944340e+02
4.639444571442282950e+02
4.682579329514544497e+02
4.719792654872861135e+02
4.750320744926168004e+02
4.773682413123258357e+02
4.788160329838489702e+02
4.794851830310807372e+02
4.794433471875665873e+02
4.787840513817744750e+02
4.776090962913815474e+02
4.760070167168520925e+02
4.740700769743479555e+02
4.718596963183666162e+02
4.694379353741143746e+02
4.668437002911441027e+02
4.641142866518266032e+02
4.612792376331981927e+02
4.583625554837706204e+02
4.553910892878335517e+02
4.523888846189973378e+02
4.493814265177458651e+02
4.463978854563769119e+02
4.434629516839229382e+02
4.406041556548444760e+02
4.378451592357876052e+02
4.352040721466236164e+02
4.326967003803140983e+02
4.303285974407278900e+02
4.280978081110109201e+02
4.259198661442313778e+02
4.237797355796954548e+02
4.217222477238678380e+02
4.197214846742398322e+02
4.177503845281907502e+02
4.157893467094349376e+02
4.138187665468875593e+02
4.118295458447061037e+02
4.098154982919975282e+02
4.077746743097345075e+02
4.057100885593251292e+02
4.036235551181416668e+02
4.015195035948285636e+02
3.993998172195114762e+02
3.972664446980438697e+02
3.951205477520060185e+02
3.929622660846300164e+02
3.907922333095461340e+02
3.886119871974918851e+02
3.864247341857800961e+02
3.842355518321664931e+02
3.820563879642019174e+02
3.799044596530547437e+02
3.778196988676688193e+02
3.758020241131811190e+02
3.740865655578469386e+02
3.730531610395164535e+02
3.733373264353307945e+02
3.759342067336829132e+02
3.812588514780487685e+02
3.887593094294876437e+02
3.980013804448074097e+02
4.099076436060939272e+02
4.257767003265937547e+02
4.443836570772394907e+02
4.630228941552719562e+02
4.800565735368214746e+02
4.969585801814503156e+02
5.150996059777860410e+02
5.324589089526768930e+02
5.481272344946868316e+02
5.623849846873401930e+02
5.736931755873571319e+02
5.811473105063304274e+02
5.857352070625322540e+02
5.886424018307089909e+02
5.905467103968538822e+02
5.916780461056579270e+02
5.915411183359394727e+02
5.905386787964541782e+02
5.889039047421589430e+02
5.867883592952322260e+02
5.843398212289331468e+02
5.816475388997515665e+02
5.787819247178521209e+02
5.757852616367554219e+02
5.726899266216222486e+02
5.695196566057371683e+02
5.662907855503777910e+02
5.630186898587127189e+02
5.597132240896944495e+02
5.563840957249423127e+02
5.530386578386411429e+02
5.496827185312789652e+02
5.463220560057334296e+02
5.429606747590092937e+02
5.396026144347076752e+02
5.362513136005495653e+02
5.329094328228619588e+02
5.295798022731542005e+02
5.262646900750643226e+02
5.229660743489320112e+02
5.195069806210544812e+02
5.160743486513443941e+02
5.126606652467672802e+02
5.092669981064127001e+02
5.058947563926859061e+02
5.025451592431422796e+02
4.992189576700796465e+02
4.959174910497465589e+02
4.926410618642216264e+02
4.893906923655188734e+02
4.861666945296287281e+02
4.829693464096487787e+02
4.797992057044851890e+02
4.766558287431995495e+02
4.735396886834935799e+02
4.704501755402763479e+02
4.673871780662619813e+02
4.643503924374215330e+02
4.613390690182040430e+02
4.583531366169520425e+02
4.553916443900430977e+02
4.524544847283688682e+02
4.495410043531298356e+02
4.466508280527835950e+02
4.437016007002602009e+02
4.407831115526147414e+02
4.378834875436804737e+02
4.350026208570586164e+02
4.321409645335942287e+02
4.292988560998514345e+02
4.264765839450299723e+02
4.236748913878736857e+02
4.208939884619866234e+02
4.181347554574307424e+02
4.153976009643395741e+02
4.126830447740499608e+02
4.099919204441650322e+02
4.073243438808363521e+02
4.046814014989993780e+02
4.020631207384757886e+02
3.994701704042050778e+02
3.969030127279294788e+02
3.943616944234568678e+02
3.918469823543892971e+02
3.893586129160235600e+02
3.868970675482852926e+02
3.844624092686416361e+02
3.820544220335619912e+02
3.796656898261205697e+02
3.772806776163758400e+02
3.749253175946114425e+02
3.725990934927977491e+02
3.703021083593143885e+02
3.680342470247896927e+02
3.657949932141826821e+02
3.635846351989987966e+02
3.614023428517061802e+02
3.592484014861934156e+02
3.571222548947337714e+02
3.550237373412815032e+02
3.529529649453772890e+02
3.509092837727039864e+02
3.488933175187196980e+02
3.469044784691579935e+02
3.449432732234473065e+02
3.430099272693352077e+02
3.411044339506739220e+02
3.392279377962711351e+02
3.373803286600500542e+02
3.355631022685169000e+02
3.337769254853891994e+02
3.320230295405605716e+02
3.303317122614968184e+02
3.287542586804768234e+02
3.272128843959237656e+02
3.257093574332557182e+02
3.242468523693928546e+02
3.228285284708338168e+02
3.214569750626135374e+02
3.201367989166336656e+02
3.188703673137083001e+02
3.176626421740213004e+02
3.165168779626756077e+02
3.154368779217948600e+02
3.144272342644917444e+02
3.134899291846680853e+02
3.126297375948268495e+02
3.118476357124023934e+02
3.111463149532775674e+02
3.105265300899177419e+02
3.099872907900257246e+02
3.095286859383647879e+02
3.091464583832478183e+02
3.088383365412717581e+02
3.085982508503456643e+02
3.084203043288131312e+02
3.082983191078629943e+02
3.082286156145879090e+02
3.081861624656079925e+02
3.081613820854087749e+02
3.081460623546167881e+02
3.081311845288137761e+02
3.081093897834556401e+02
3.080728980514726913e+02
3.080160858407464843e+02
3.079332152916849168e+02
3.078204550596917670e+02
3.076752800081952728e+02
3.074953063716554880e+02
3.072811564522457388e+02
3.070322577425964141e+02
3.067509534999064158e+02
3.064391775226172854e+02
3.060996176599638829e+02
3.057363189034502966e+02
3.053520532137449095e+02
3.049513855712609143e+02
3.045377388312210769e+02
3.041150136116950762e+02
3.036870567103462690e+02
3.032604399667102939e+02
3.028339735982191883e+02
3.024108311656112278e+02
3.019936229994436871e+02
3.015849142492606916e+02
3.011868096974273499e+02
3.008013539088636890e+02
3.004306340536762718e+02
3.000761560676848489e+02
2.997399991597359303e+02
2.994235249851374192e+02
2.991283018170274772e+02
2.988559098146874931e+02
2.986071064416256036e+02
2.983834265689909557e+02
2.981849650494149842e+02
2.980121774906331780e+02
2.978648728911871331e+02
2.977419365309427803e+02
2.976424315359627712e+02
2.975640499665745438e+02
2.975043925931928470e+02
2.974607422514981749e+02
2.974294089212443168e+02
2.974059418861756967e+02
2.973948414090999108e+02
2.973829324412679966e+02
2.973676039182500972e+02
2.973457820501994888e+02
2.973156133823400182e+02
2.972757111815095072e+02
2.972246018280614521e+02
2.971626619230203232e+02
2.970896633307885395e+02
2.970065626015889393e+02
2.969145670709053775e+02
2.968150295904047198e+02
2.967100790453532682e+02
2.966017638384090560e+02
2.964923399574548171e+02
2.963844389854712063e+02
2.962805180363901059e+02
2.961830469206133785e+02
2.960948667455683108e+02
2.960180025362539595e+02
2.959552188237535120e+02
2.959085254942643815e+02
2.958797818756011111e+02
2.958634633201520501e+02
2.958978602143100147e+02
2.959558233222406329e+02
2.960384966519274030e+02
2.961476486256515841e+02
2.962855172283897218e+02
2.964542323690548074e+02
2.966573295261959515e+02
2.968989745609552529e+02
2.971854276993395274e+02
2.975248310434333803e+02
2.979304697176655168e+02
2.984171047747528291e+02
2.990093831740389305e+02
2.997354976705086642e+02
3.006317431337897688e+02
3.017481333313239702e+02
3.031255440174237492e+02
3.048231068337065039e+02
3.068713569454542949e+02
3.092882924066609007e+02
3.120665177517225288e+02
3.151512316247439003e+02
3.184840643296867597e+02
3.220531896266209628e+02
3.261063280900348786e+02
3.304163589570766817e+02
3.349670853373449972e+02
3.397622103556908542e+02
3.450200898554240894e+02
3.510851960263374281e+02
3.585564940482029215e+02
3.678399448116387589e+02
3.787540990607029130e+02
3.902917897471778019e+02
4.010291149159360771e+02
4.098985623799200084e+02
4.167285569818707813e+02
4.218435958750955024e+02
4.258202122342710254e+02
4.292098746242882044e+02
4.323828736359872664e+02
4.354423530533123312e+02
4.382186334997635981e+02
4.404465120337641793e+02
4.419164690771561936e+02
4.425883458285551910e+02
4.425695145906606740e+02
4.419610164639975096e+02
4.409937418540604313e+02
4.398085095178709025e+02
4.384764014617791190e+02
4.370415595885303901e+02
4.355315555948574229e+02
4.339699802742630368e+02
4.323690066819941080e+02
4.307410199932278374e+02
4.290936088006564546e+02
4.274327116877881281e+02
4.257638060699077300e+02
4.240898039297785544e+02
4.224143193090675936e+02
4.207392941187092674e+02
4.190665163872943708e+02
4.173974790391749252e+02
4.157328951987232131e+02
4.140738192078441671e+02
4.124206128133894822e+02
4.107737875214703536e+02
4.091336427578390840e+02
4.075003326535059500e+02
4.058741525337930511e+02
4.042606255791240528e+02
4.026346389277741196e+02
4.010164631719866861e+02
3.994061557025484603e+02
3.978038733631923378e+02
3.962095198807776910e+02
3.946233140155381420e+02
3.930451948914992499e+02
3.914752761491770343e+02
3.899136367400659537e+02
3.883602316821314844e+02
3.868151772834178814e+02
3.852784131499166165e+02
3.837499688819057155e+02
3.822298666107845975e+02
3.807180185050032151e+02
3.792144515533656204e+02
3.777190585445244437e+02
3.762317778178547769e+02
3.747525577672398640e+02
3.732812675920457650e+02
3.718178510708494287e+02
3.703621874645555181e+02
3.689141371587618892e+02
3.674626715635830578e+02
3.660403969480650517e+02
3.646247911479705408e+02
3.632158227923757181e+02
3.618134965833110073e+02
3.604178147978277593e+02
3.590287388819257899e+02
3.576462781774386599e+02
3.562703822005287293e+02
3.549010733893515521e+02
3.535382687919710634e+02
3.521819107578537000e+02
3.508319539100355087e+02
3.494882538433054719e+02
3.481508127158717798e+02
3.468194220529436507e+02
3.454939975508193584e+02
3.441744049678978286e+02
3.428604330339805415e+02
3.415520583064477478e+02
3.402489996304036026e+02
3.389512471043445316e+02
3.376586280524106769e+02
3.363710315169478804e+02
3.350933363942062329e+02
3.338504100663860754e+02
3.326141891696144626e+02
3.313847427091905047e+02
3.301626317202802170e+02
3.289482027124807928e+02
3.277419099288102871e+02
3.265445674519847330e+02
3.253565157203613012e+02
3.241788703462287344e+02
3.230121826897267852e+02
3.218575431824407360e+02
3.207161770266309304e+02
3.195889660395440046e+02
3.184779278018297646e+02
3.173841202534347872e+02
3.163100937086815065e+02
3.152580828063743184e+02
3.142310670154463992e+02
3.132337000044646516e+02
3.122705620019199273e+02
3.113505256113724045e+02
3.104837604320936748e+02
3.096878270481369668e+02
3.090518587688564480e+02
3.086009730915754972e+02
3.083517799834125412e+02
3.084000720568613474e+02
3.089129629916927797e+02
3.101428633704190929e+02
3.124379647343755551e+02
3.163268425620426001e+02
3.223024028410119968e+02
3.308799366734009482e+02
3.422322666973788046e+02
3.563053923878380829e+02
3.728459995856454157e+02
3.906732012670545942e+02
4.076224117291775428e+02
4.218984347476222752e+02
4.332527933267302274e+02
4.423914804207824432e+02
4.500538684537585254e+02
4.565384082057419732e+02
4.619801098251231792e+02
4.664036679890602954e+02
4.698848153092277471e+02
4.725490869023933556e+02
4.741925809263079259e+02
4.751708676302158665e+02
4.756275433914075279e+02
4.756318203398799938e+02
4.752131587644136630e+02
4.744126116571353577e+02
4.732792779055227470e+02
4.718660145048968957e+02
4.702306814837814954e+02
4.684252020529442007e+02
4.664919172568234558e+02
4.644673308368037397e+02
4.623802466504475888e+02
4.602550002889863663e+02
4.581153419865153751e+02
4.559808634502278437e+02
4.538720363699499671e+02
4.518071189260242591e+02
4.498043729887435234e+02
4.478843004068290838e+02
4.460709891073561266e+02
4.443974147734180065e+02
4.429019337528625897e+02
4.416422877683713750e+02
4.406792335820302355e+02
4.399706907225482269e+02
4.396282218310788039e+02
4.396396365301155242e+02
4.399678568452379750e+02
4.405348075882011472e+02
4.412554408850650702e+02
4.420454549126517918e+02
4.428185107811355579e+02
4.434869082743571198e+02
4.440168012463086029e+02
4.443776066278577446e+02
4.445982778972531264e+02
4.447057874908068129e+02
4.447296863675666145e+02
4.447056281688124955e+02
4.446360167712730913e+02
4.445398696063637090e+02
4.444029795937766494e+02
4.442197658237058704e+02
4.439740092624020917e+02
4.436412023790969670e+02
4.432020215074655312e+02
4.426261813618051519e+02
4.418333483105183177e+02
4.406788898554468119e+02
4.393221499841337163e+02
4.377514224799325575e+02
4.359704433749101895e+02
4.339792042389066182e+02
4.317998053318368648e+02
4.294478069264267788e+02
4.269463614708561181e+02
4.243213019774827330e+02
4.215903556140900719e+02
4.187790593869965505e+02
4.159030157040799622e+02
4.129797093564966985e+02
4.100239339050694980e+02
4.070458011341131055e+02
4.040574953530416451e+02
4.010659979670663233e+02
3.980790283756257395e+02
3.951028611672600164e+02
3.921415646395049066e+02
3.892003272842122783e+02
3.862818857672509125e+02
3.833895601270765496e+02
3.806008269094245406e+02
3.777656209059620664e+02
3.749712186012131383e+02
3.722187002613109712e+02
3.695101339979419208e+02
3.668476453344514994e+02
3.642328091298475101e+02
3.616689985969337044e+02
3.591587051350633146e+02
3.567062440489461892e+02
3.543171410204702738e+02
3.519967476747717683e+02
3.497547818129653479e+02
3.475999601536056502e+02
3.455453567639681864e+02
3.436066816855640127e+02
3.417977297565564072e+02
3.401409199712061309e+02
3.386478756332344915e+02
3.373359426215281474e+02
3.362121151363991203e+02
3.352759419576300957e+02
3.345260902563288710e+02
3.339447147329661902e+02
3.335526424038391724e+02
3.332927339395243962e+02
3.331369793525800560e+02
3.330562864440558997e+02
3.330319050901957780e+02
3.330410513871819944e+02
3.330744026084775555e+02
3.331323552347855639e+02
3.332140856707464422e+02
3.333317103941139976e+02
3.334789697347919741e+02
3.336593141093985082e+02
3.338604451435409146e+02
3.340745579812992219e+02
3.342959576802242623e+02
3.345152080722800747e+02
3.347363739892038552e+02
3.349529458519351692e+02
3.351692467760954628e+02
3.353831530473703424e+02
3.355910072464773179e+02
3.357889885415699496e+02
3.359686957433199268e+02
3.361212305417541302e+02
3.361903362545564278e+02
3.361710766192659889e+02
3.360999687621039129e+02
3.359712047602556595e+02
3.357754734172182793e+02
3.355099856712558903e+02
3.351716340546041124e+02
3.347580424598276636e+02
3.342737440546059702e+02
3.337188880147933787e+02
3.331010410625269742e+02
3.324254577708216516e+02
3.316984759169098993e+02
3.309292690417585163e+02
3.301232370658808577e+02
3.292895806054610830e+02
3.284344143751657157e+02
3.275643314604320153e+02
3.266858435449852891e+02
3.258035991727801957e+02
3.249232471186440989e+02
3.240489436341972578e+02
3.231845152539621608e+02
3.223337833184847341e+02
3.215172893714533870e+02
3.207170816313374075e+02
3.199377656832512002e+02
3.191811507720020700e+02
3.184498699282695497e+02
3.177452202457108683e+02
3.170688449520844756e+02
3.164223507205459782e+02
3.158061070009675291e+02
3.152216364010077996e+02
3.146687779284593489e+02
3.141479638052487076e+02
3.136593675491821500e+02
3.132021910913144325e+02
3.127766406539435025e+02
3.123815687249633584e+02
3.120165751192174639e+02
3.116811339265062202e+02
3.113747670434235033e+02
3.110979437384623907e+02
3.108517857978777670e+02
3.106391392257300481e+02
3.104657015539883105e+02
3.103416837977642899e+02
3.102793189868017407e+02
3.102796156740594142e+02
3.104242523172485448e+02
3.107875021003255824e+02
3.114941047332442281e+02
3.127070386397449511e+02
3.146630030934105093e+02
3.176131908652632205e+02
3.217462236421409898e+02
3.271291652538633343e+02
3.335611955825320933e+02
3.407507758388246657e+02
3.485059970360100010e+02
3.566905813811359280e+02
3.652170048720834075e+02
3.735993246502241618e+02
3.810591754954250518e+02
3.869446502391521676e+02
3.911292420830195624e+02
3.938515402971765411e+02
3.956460796380188754e+02
3.968863244897900699e+02
3.978754556158349374e+02
3.987361505062571609e+02
3.994359288577757638e+02
3.998600091768891502e+02
4.000771916910175037e+02
4.000184756150310363e+02
3.996743373500434586e+02
3.990533915535070832e+02
3.982242327083955615e+02
3.972462334147339220e+02
3.961794493430705870e+02
3.950730435418787465e+02
3.939474122254619033e+02
3.928142890564517415e+02
3.916723080118313760e+02
3.905131253046552047e+02
3.893379588191319272e+02
3.881480510426010255e+02
3.869488630887861405e+02
3.857537720977597928e+02
3.845670753851883887e+02
3.834011318388966174e+02
3.822584326536361914e+02
3.811436422836849829e+02
3.800583855824252737e+02
3.790030941639499815e+02
3.779522950482115675e+02
3.768982034368315226e+02
3.758844170335269723e+02
3.749119796662606632e+02
3.739867192935750495e+02
3.731117739023476361e+02
3.722957136269308762e+02
3.715453450103508999e+02
3.708675907656170807e+02
3.702728748250294188e+02
3.697659545916706634e+02
3.693541774108963978e+02
3.690430955783639320e+02
3.688330885396459280e+02
3.687272424717167496e+02
3.687222631139653686e+02
3.688122629620813200e+02
3.689948085281797034e+02
3.692565358862170228e+02
3.695907081847360587e+02
3.699851847649765659e+02
3.704226228133400696e+02
3.708938618491163197e+02
3.713745850190048259e+02
3.717958391118239660e+02
3.721609284346841946e+02
3.724620493749740717e+02
3.726916069039983768e+02
3.728698047099759947e+02
3.730964913530302738e+02
3.736646330070692557e+02
3.753523667595717370e+02
3.795318332589944248e+02
3.881153936125817268e+02
4.009857997652129598e+02
4.168405694744130869e+02
4.351486092877022429e+02
4.549042113631365396e+02
4.741013069565180444e+02
4.934580438763904908e+02
5.127788347752205027e+02
5.299303555174435587e+02
5.425823507955185505e+02
5.505498955854011456e+02
5.555270323677704027e+02
5.588931988589625917e+02
5.617403776231481061e+02
5.649850404577239260e+02
5.694363339784958953e+02
5.766040453926066220e+02
5.858871183758010375e+02
5.941433358868030155e+02
5.997192194252949093e+02
6.032814448320350493e+02
6.060640379935618967e+02
6.086046766687128411e+02
6.111181209282324289e+02
6.136639023559354200e+02
6.162564608689957595e+02
6.189190789416179541e+02
6.217052786970210718e+02
6.247414551070087327e+02
6.281802657352756114e+02
6.322194707257352775e+02
6.367173950695450912e+02
6.412399036402155161e+02
6.452340118588514315e+02
6.485279772494128565e+02
6.512054340768936527e+02
6.534142936773326937e+02
6.552076117522575487e+02
6.566120875362239531e+02
6.570284763827603456e+02
6.568858836911462049e+02
6.564315342623440301e+02
6.557274710357499998e+02
6.548297642205359352e+02
6.537835479107038736e+02
6.526280769848306136e+02
6.513880538721291487e+02
6.500803890964210723e+02
6.487100464413034615e+02
6.472763346195361009e+02
6.457729277607385256e+02
6.441900043180353350e+02
6.425237715647328969e+02
6.407648569737201569e+02
6.389153242965201116e+02
6.369728727473192293e+02
6.349367519584510546e+02
6.328078974809484407e+02
6.305826261471124781e+02
6.282625489654212743e+02
6.258473332638363900e+02
6.233436981169289766e+02
6.207606252211777473e+02
6.177468312738559462e+02
6.144429484100103309e+02
6.111243817282685313e+02
6.078219727051730388e+02
6.045736939067062394e+02
6.014229342843868835e+02
5.984103761524670517e+02
5.955901626544699639e+02
5.929836651359977395e+02
5.906065577798802906e+02
5.884259406742288547e+02
5.863779865953670196e+02
5.843849911906080479e+02
5.823926947401772622e+02
5.804033704072819546e+02
5.784694729144329131e+02
5.766958815228830417e+02
5.751602475507179406e+02
5.738967288290598390e+02
5.728378737324521808e+02
5.718198143234023973e+02
5.706361630609446820e+02
5.691195437069027321e+02
5.671911980987621291e+02
5.647902569777329518e+02
5.621617307319324937e+02
5.593683334639754321e+02
5.565490740986540459e+02
5.538228655228937214e+02
5.512728127180668025e+02
5.489300594339601957e+02
5.467686442702732847e+02
5.447236726523717607e+02
5.427100649325703898e+02
5.406871882155654703e+02
5.386109190342962165e+02
5.364665259978587528e+02
5.342121899879891771e+02
5.317720265832068662e+02
5.290752613847209886e+02
5.260673932005626057e+02
5.227370120763590648e+02
5.191240015805674375e+02
5.152829578275144513e+02
5.112754908146305297e+02
5.071573744430374404e+02
5.029675558487795684e+02
4.987363997499332413e+02
4.944707645638850408e+02
4.902052223717709012e+02
4.859782694705702966e+02
4.818004568482743366e+02
4.776798140527995429e+02
4.736235996892868911e+02
4.696342954616256975e+02
4.657162254453349988e+02
4.618697613874742274e+02
4.580955884661285609e+02
4.543937510162391504e+02
4.507613910799033761e+02
4.471978695312770355e+02
4.436985786492840589e+02
4.402614650844163862e+02
4.368820997731270950e+02
4.335570385088433341e+02
4.302831729843175594e+02
4.270565532572372263e+02
4.238756391418748990e+02
4.207370293793508154e+02
4.176401060514566552e+02
4.145828284613000392e+02
4.115645186439107874e+02
4.085045754976403600e+02
4.054437106550943781e+02
4.024366514005469071e+02
3.994830044108486504e+02
3.965841467571032126e+02
3.937404126391405157e+02
3.909516402460639597e+02
3.882187047241742448e+02
3.855404913515249063e+02
3.829176496200005886e+02
3.803491280026411232e+02
3.778345299163244135e+02
3.753736714903502047e+02
3.729650188408386953e+02
3.706090407764458519e+02
3.683041123971187858e+02
3.660502901630435986e+02
3.638470112426844594e+02
3.616934139018014207e+02
3.595900361842155917e+02
3.575358961398551969e+02
3.555315419400762380e+02
3.535771181671134968e+02
3.516725368233680911e+02
3.498790280040133780e+02
3.481455354640283417e+02
3.464638435690179108e+02
3.448346056891831495e+02
3.432569306727360186e+02
3.417311561553125898e+02
3.402552239816714064e+02
3.388268076143122016e+02
3.374426661711999600e+02
3.360969005162244230e+02
3.347847664402524401e+02
3.334993094829015376e+02
3.322359814985535991e+02
3.309899522577983362e+02
3.297590314259113029e+02
3.285421246040467622e+02
3.273384202611499063e+02
3.261484486442658408e+02
3.249710136304594243e+02
3.238057958514374377e+02
3.226502684216557100e+02
3.215029665011841189e+02
3.203613448157050811e+02
3.192238267093363788e+02
3.182111187415939071e+02
3.172897623807676268e+02
3.163711447206159164e+02
3.154550651598343620e+02
3.145442042230774291e+02
3.136402811298389111e+02
3.127451449328551121e+02
3.118615314301005697e+02
3.109904045978880163e+02
3.101340765605422121e+02
3.092934200702518410e+02
3.084694736493739811e+02
3.076632471045659827e+02
3.068748278313231594e+02
3.061049536288347781e+02
3.053534400613238518e+02
3.046205415340633067e+02
3.039062077150333039e+02
3.032102196910240650e+02
3.025328387924487288e+02
3.018738565185066705e+02
3.012339665542499461e+02
3.006136677799332801e+02
3.000142490174940804e+02
2.995475448402567054e+02
2.991874731072992972e+02
2.988578263189298241e+02
2.985618179774590999e+02
2.983050545406420611e+02
2.980939466864705309e+02
2.979377978802887696e+02
2.978507787738518005e+02
2.978498900127121374e+02
2.979655873394874561e+02
2.982321135805401013e+02
2.987056455326512037e+02
2.994575785230808265e+02
3.005723195081951076e+02
3.021720495316980646e+02
3.043402654489440806e+02
3.071722384650113895e+02
3.106504347948031182e+02
3.146587854425866340e+02
3.189627118594606827e+02
3.232538639757482883e+02
3.272241972591718877e+02
3.306966593118996229e+02
3.335814299214248422e+02
3.358628281120509200e+02
3.375981801881136448e+02
3.389247070106447950e+02
3.399510004080772205e+02
3.407306244842231422e+02
3.413133697646694031e+02
3.417218051138988812e+02
3.419653460310493642e+02
3.420527690178699913e+02
3.419891385339566341e+02
3.417879944401859689e+02
3.414879649344132417e+02
3.411663503774827291e+02
3.410207681439555927e+02
3.414974479681346224e+02
3.435781103555656273e+02
3.491165603512233702e+02
3.608302972934456534e+02
3.809510289944936403e+02
4.092189075883646296e+02
4.430533436025303331e+02
4.796050523776515320e+02
5.105464566426956594e+02
5.319238967150956796e+02
5.462419372698414008e+02
5.559180042772693469e+02
5.609743508424654692e+02
5.621373066602757262e+02
5.610742553757871747e+02
5.590719302253583010e+02
5.567272680757166654e+02
5.542491058696258506e+02
5.517123453129242989e+02
5.491339934965494649e+02
5.465128426734981986e+02
5.438420120395491040e+02
5.411127286302051971e+02
5.383163147302689140e+02
5.354444870625671911e+02
5.324928617435847400e+02
5.294571487592569383e+02
5.263371930420913714e+02
5.231357170312247717e+02
5.198549285397061794e+02
5.165024990969014880e+02
5.130831611644873647e+02
5.096058509809827797e+02
5.060783992920052015e+02
5.025807787680840875e+02
4.989020091811516977e+02
4.952149259521619342e+02
4.915273851158330558e+02
4.878450689620900675e+02
4.841739405543738712e+02
4.805193851231838380e+02
4.768858782372354881e+02
4.732779049710306936e+02
4.696992454642428925e+02
4.661533663276294419e+02
4.626430136700797107e+02
4.591715215134443611e+02
4.557406436181096296e+02
4.523534942052334600e+02
4.490116250603070966e+02
4.457170225884723891e+02
4.424718879948447920e+02
4.392766188996595247e+02
4.361337705553953015e+02
4.330432088016222565e+02
4.300063418938969448e+02
4.270237106256461743e+02
4.240947383146898915e+02
4.212657176466863120e+02
4.184033178263921400e+02
4.155966604066309174e+02
4.128445420036831024e+02
4.101455745035406721e+02
4.074995586661731295e+02
4.049041922782307665e+02
4.023592121515948747e+02
3.998628079150943222e+02
3.974135582245165779e+02
3.950107803185046009e+02
3.926521555148885341e+02
3.903372577296076429e+02
3.880637552691147221e+02
3.858304638766516064e+02
3.836358048109674996e+02
3.814777252516642534e+02
3.793550900387378988e+02
3.772654719526315716e+02
3.752076871285744346e+02
3.731795169811715027e+02
3.711795463385365110e+02
3.692061133543766687e+02
3.672577219158873163e+02
3.653547692255147581e+02
3.634136202399101307e+02
3.615027079004452730e+02
3.596210119673531835e+02
3.577687814342231150e+02
3.559459541341274189e+02
3.541531083016147363e+02
3.523930130315807219e+02
3.506720399639047514e+02
3.490173171129758884e+02
3.475138796980000393e+02
3.464993295822838490e+02
3.470904359416485931e+02
3.528514006265613716e+02
3.714585054895944154e+02
4.048265204703058089e+02
4.359598995797412613e+02
4.519308732154233894e+02
4.573544153963863437e+02
4.589580034502844228e+02
4.594291369883363814e+02
4.595620082490773370e+02
4.596071740235247489e+02
4.596779475213885462e+02
4.597815691631165009e+02
4.610141275258746987e+02
4.640602829191739715e+02
4.705193514470064997e+02
4.809288914700910595e+02
4.919560174879447914e+02
4.995752269882788710e+02
5.049815131654813740e+02
5.116118374757035667e+02
5.209642566516087072e+02
5.317161542478824003e+02
5.403116870729969605e+02
5.441983792168674654e+02
5.439516394828491457e+02
5.412685931793465670e+02
5.373988917603884374e+02
5.330434574451355729e+02
5.284897765125310798e+02
5.238865077934403871e+02
5.192986304867822582e+02
5.147627495250601442e+02
5.103006358432213005e+02
5.059292694421515648e+02
5.016589715616406124e+02
4.975877606782375437e+02
4.936706212923909902e+02
4.898696798108320536e+02
4.861865226297566664e+02
4.826111807783251493e+02
4.791340873132151614e+02
4.757330367805693641e+02
4.723857107270669644e+02
4.690627071565015740e+02
4.657390990864688547e+02
4.623889965831588142e+02
4.589968009640968489e+02
4.555528481816135127e+02
4.520531804581470965e+02
4.485060895379272665e+02
4.449151445891999970e+02
4.412966414424807340e+02
4.376600590837031746e+02
4.340184960538019254e+02
4.303843859587427687e+02
4.267656059133375379e+02
4.231734694956436442e+02
4.196134024998672771e+02
4.160926995739315544e+02
4.127969398522162123e+02
4.096636938648237560e+02
4.065816083318482583e+02
4.035526191916728180e+02
4.005804592456539694e+02
3.976683259742410996e+02
3.948182841584603011e+02
3.920348677950586307e+02
3.893205525768262873e+02
3.866800571364540815e+02
3.841188565733878022e+02
3.816409724239641150e+02
3.792549469243306817e+02
3.769658559649643621e+02
3.747825172684043196e+02
3.727133745575542889e+02
3.707641981447499688e+02
3.689480447884276941e+02
3.672742374170489938e+02
3.657762606042481366e+02
3.645266097930821729e+02
3.637149125605254198e+02
3.638424918821994538e+02
3.659741616511041116e+02
3.723035492246773401e+02
3.848310908527375318e+02
4.031844571463719831e+02
4.221410214168330413e+02
4.358615884392525004e+02
4.431784887658694174e+02
4.463711460864980722e+02
4.477580748146060614e+02
4.490890134053209977e+02
4.520471126771979584e+02
4.581250427721639085e+02
4.675387285365471826e+02
4.776607903797521999e+02
4.868871776849829303e+02
4.971458541414654633e+02
5.116364065244930543e+02
5.306141365939621437e+02
5.493062757517587897e+02
5.619885265516318213e+02
5.675991222507446992e+02
5.688881596428958574e+02
5.679226474735615966e+02
5.658851162269274937e+02
5.632820543763049272e+02
5.599372199943335318e+02
5.562412419700642658e+02
5.523904591693300290e+02
5.484297491538802660e+02
5.443902004147902289e+02
5.402952771266286618e+02
5.361654632688857873e+02
5.320164346006207552e+02
5.278616234003919772e+02
5.237127327374388415e+02
5.195785393121296920e+02
5.154666322221847850e+02
5.113833993191107652e+02
5.073329837072276405e+02
5.033201138119907796e+02
4.993469548431147587e+02
4.954161419495715677e+02
4.915293337283167716e+02
4.876870237270814528e+02
4.838908907846847001e+02
4.801401633724221938e+02
4.764359078798537439e+02
4.727774592872354447e+02
4.691646374217959874e+02
4.655007218279019412e+02
4.617443116078933940e+02
4.580420078091553933e+02
4.543921638218506018e+02
4.507951502707790610e+02
4.472505030997216977e+02
4.437574010082032032e+02
4.403167146175874791e+02
4.369269726187046672e+02
4.335893294484820899e+02
4.303029807742038315e+02
4.270680030943847214e+02
4.238849489576061274e+02
4.207526532169665074e+02
4.176723137716602992e+02
4.146426567961877367e+02
4.116641397022087858e+02
4.087364612526335463e+02
4.058586826038053346e+02
4.030313835227291293e+02
4.002530058358008773e+02
3.975239138777127437e+02
3.948431599707335522e+02
3.922100954564205040e+02
3.896212895899004138e+02
3.870129205327046975e+02
3.844541139950495108e+02
3.819434350618983558e+02
3.794807147344815803e+02
3.770656575102478314e+02
3.746975333588388253e+02
3.723772138854470768e+02
3.701039298147130125e+02
3.678789447361256748e+02
3.657024484785633263e+02
3.635752062756588430e+02
3.614989466741381534e+02
3.594738417648140967e+02
3.575026117661508920e+02
3.555857431659154031e+02
3.537252257710675281e+02
3.519230187514821182e+02
3.501796566673287998e+02
3.484979731893874941e+02
3.468777778828489886e+02
3.453207658106160238e+02
3.438275654382446191e+02
3.423974384500631345e+02
3.410436473974384057e+02
3.398250046887781650e+02
3.386726860671483337e+02
3.375837949081765714e+02
3.365548719075030135e+02
3.355829479499117838e+02
3.346625605013031759e+02
3.337895449434507213e+02
3.329581574578010077e+02
3.321631987196695377e+02
3.313991852409489525e+02
3.306602816982787658e+02
3.299417729861941098e+02
3.292381322314550971e+02
3.285455823981417325e+02
3.278594812034958181e+02
3.271772081069841533e+02
3.264953985955648932e+02
3.258120788432061090e+02
3.251254701367961957e+02
3.244341296333781770e+02
3.237382873479671161e+02
3.230365259790088999e+02
3.223304840014696424e+02
3.216225886553430655e+02
3.209728056675022572e+02
3.203161857709862943e+02
3.196533416152832388e+02
3.189877130616935119e+02
3.183197537150379048e+02
3.176531464435671523e+02
3.169896422425533160e+02
3.163316058634573551e+02
3.156821747964841052e+02
3.150423050275949777e+02
3.144149333319160746e+02
3.138009619652696642e+02
3.132017121696669051e+02
3.126181515528656405e+02
3.120501664068075911e+02
3.114981622463711801e+02
3.109614454525387259e+02
3.104394310063292437e+02
3.099312788646731178e+02
3.094360571681275474e+02
3.089526875397074264e+02
3.084806506341545855e+02
3.080192680755960168e+02
3.075665344997585748e+02
3.071235688358754601e+02
3.066873238515950106e+02
3.062598078172034093e+02
3.058420833317807137e+02
3.054362766026984559e+02
3.050443013991397265e+02
3.046678406623680644e+02
3.043091829092111880e+02
3.039696535497567993e+02
3.036510304628445738e+02
3.033543191382113946e+02
3.030801986748836043e+02
3.028288896878894434e+02
3.026000947481228422e+02
3.023932006296405461e+02
3.022070104650408666e+02
3.020401953089748872e+02
3.018907360538314038e+02
3.017570202682874765e+02
3.016367836482540383e+02
3.015280718308085284e+02
3.014290784629733935e+02
3.013377690472589165e+02
3.012446992897624227e+02
3.011567493896608312e+02
3.010701942191797116e+02
3.009845811099604020e+02
3.008995905386452705e+02
3.008156832000208851e+02
3.007331316657224534e+02
3.006528785811445914e+02
3.005757842772308663e+02
3.005030470442558226e+02
3.004358703545557887e+02
3.003755818668440156e+02
3.003235051870237271e+02
3.002807764840553091e+02
3.002487327920608209e+02
3.002281837804232509e+02
3.002202718942854744e+02
3.002256164006690256e+02
3.002448665306860676e+02
3.002787945916371086e+02
3.003277646664604958e+02
3.003927038425192109e+02
3.004746842409870169e+02
3.005749291646615120e+02
3.006798688233582766e+02
3.008153821766667875e+02
3.009790642155999763e+02
3.011763077805345574e+02
3.014138539811020792e+02
3.017022104065613348e+02
3.020493024614014530e+02
3.024696079508091771e+02
3.029714367673033735e+02
3.035644269859248539e+02
3.042556805582436823e+02
3.050410716707077654e+02
3.059167364277134311e+02
3.068626473066362905e+02
3.078553096469998991e+02
3.088651647280657357e+02
3.098577571308229039e+02
3.108000987885020550e+02
3.116644673423637641e+02
3.124237416466609147e+02
3.130634592408961225e+02
3.135742124149629149e+02
3.139496788083484375e+02
3.141981924487361653e+02
3.142908853736433343e+02
3.142449819929950650e+02
3.141075467000134154e+02
3.138920970725507118e+02
3.136173319527854346e+02
3.132934519588653757e+02
3.129350801207373252e+02
3.125513688515031845e+02
3.121499872811752425e+02
3.117381754371996294e+02
3.113193703155593539e+02
3.108978440243679984e+02
3.104757617410631951e+02
3.100552073119785064e+02
3.096378829364356307e+02
3.092255604995953604e+02
3.088197619163691456e+02
3.084227375621169926e+02
3.080363230220149831e+02
3.076630210198391069e+02
3.073055910165219871e+02
3.069673624382506318e+02
3.066542371461090966e+02
3.063757237935047328e+02
3.061979176264464400e+02
3.063018373820262923e+02
3.076128708324916943e+02
3.130888645543511188e+02
3.283805166817314785e+02
3.461248290779653871e+02
3.540789523310330082e+02
3.565129689421482908e+02
3.594693499730835811e+02
3.687259418141664469e+02
3.870186595919825550e+02
4.019666500975976646e+02
4.067167126267715958e+02
4.075224472877083031e+02
4.078831901873512038e+02
4.098890414311657651e+02
4.170235334141648309e+02
4.319056662629127459e+02
4.460299826200026700e+02
4.511475299198802986e+02
4.513482070608995400e+02
4.500258017792433520e+02
4.485873150955272877e+02
4.475636333554243720e+02
4.476122470782958089e+02
4.483614829551471530e+02
4.497145352985898512e+02
4.507922913822887381e+02
4.509394659456633576e+02
4.500412839548647526e+02
4.484987515715089899e+02
4.466476083193641102e+02
4.447092995591334557e+02
4.426641806422857712e+02
4.403948770190426671e+02
4.378355594427699202e+02
4.350513075711487545e+02
4.321580518791776058e+02
4.292763345226373417e+02
4.264864534344119988e+02
4.238313584092067003e+02
4.213331344238328029e+02
4.189717568015856841e+02
4.167131473002531834e+02
4.144994263083234500e+02
4.122872229966345685e+02
4.100362357198825976e+02
4.077550500586576732e+02
4.055331498147301090e+02
4.035519699402829019e+02
4.017251940058943092e+02
4.002156262221629390e+02
3.994054005437878345e+02
3.999533277235170203e+02
4.031122366883203654e+02
4.103712134088935386e+02
4.217712208021293918e+02
4.346249729790961851e+02
4.456019245804034767e+02
4.533250211218162917e+02
4.581138389945305107e+02
4.607154726058312235e+02
4.617976979722053557e+02
4.619703024737258374e+02
4.614965467583563736e+02
4.605688898424137960e+02
4.592838157341350893e+02
4.577260534218559087e+02
4.559606542841941632e+02
4.540330948418480261e+02
4.519864562361629510e+02
4.498503398679771976e+02
4.474732805423350328e+02
4.450274534431134725e+02
4.425742106040721637e+02
4.401328974266015166e+02
4.377190820585981896e+02
4.353481264232187300e+02
4.330310421541465757e+02
4.307790217351972046e+02
4.285992425495258544e+02
4.264986222489699230e+02
4.244821115447380180e+02
4.225520997224158464e+02
4.207133949515149993e+02
4.189655311681136709e+02
4.173120917566843104e+02
4.157525344770004949e+02
4.142858386465746321e+02
4.129114373956458053e+02
4.116209287457790538e+02
4.104086338780801384e+02
4.092612520711224420e+02
4.081659233770741935e+02
4.071079189944736072e+02
4.060719765440302922e+02
4.049664404023131397e+02
4.040058394034685989e+02
4.030177674055720445e+02
4.019926256046218214e+02
4.009236348013794213e+02
3.998023258167751806e+02
3.986253382997329027e+02
3.973900771722420018e+02
3.960981738551823810e+02
3.947617203701656194e+02
3.934057421184766667e+02
3.920893842666185378e+02
3.909487867988952416e+02
3.902884067235972907e+02
3.907344002689837339e+02
3.931747319914549053e+02
3.977161612372667605e+02
4.033896046781488849e+02
4.092924307438805727e+02
4.154016228274892910e+02
4.219326439626943284e+02
4.298137753917292798e+02
4.396938274431636842e+02
4.505294486911305398e+02
4.592606435847313833e+02
4.662763291256623575e+02
4.725931386458202610e+02
4.787489986849852244e+02
4.842183202237544037e+02
4.883274036274848982e+02
4.909354850828265171e+02
4.923300219185207993e+02
4.930811375469132258e+02
4.937297747184886703e+02
4.948797661667055081e+02
4.973857557379590730e+02
5.023331143892723389e+02
5.100012673391796625e+02
5.183691512985093368e+02
5.246522223543977361e+02
5.282497254934735338e+02
5.302471745820242859e+02
5.315309760667701084e+02
5.325812124523624789e+02
5.335602463068676116e+02
5.344436820469896929e+02
5.350834761631756464e+02
5.353513916630507765e+02
5.347999292640337217e+02
5.339120374317130882e+02
5.326814616830350815e+02
5.312272440541111109e+02
5.296366203534258830e+02
5.279825107687098580e+02
5.263188310093837572e+02
5.246793998859114936e+02
5.230910816459999069e+02
5.215706638126667940e+02
5.201349269429466631e+02
5.187964967088115600e+02
5.175726421187191590e+02
5.164707570361937314e+02
5.154981513245990072e+02
5.146459476192294460e+02
5.138840413948022388e+02
5.131641660853468920e+02
5.124108815827980834e+02
5.115431822493628147e+02
5.104903680536193633e+02
5.092002687893102006e+02
5.076507130879122087e+02
5.058500054395767052e+02
5.035393956789844765e+02
5.011371895820518034e+02
4.985721287111302331e+02
4.958863537391490013e+02
4.931161852760423017e+02
4.902946464030590619e+02
4.874510931292355735e+02
4.846089823323032419e+02
4.817890539693537448e+02
4.790071549339331796e+02
4.762761999162035522e+02
4.736047930211895505e+02
4.709987184924912640e+02
4.684593064411970431e+02
4.659862177573123745e+02
4.635760596835993397e+02
4.612231063278678675e+02
4.589230870826103796e+02
4.566673990338058502e+02
4.544528919866897922e+02
4.522734190162979075e+02
4.501272990308971202e+02
4.480159217886321699e+02
4.459396290039961741e+02
4.437623767316658245e+02
4.417489150996492526e+02
4.398164260780249606e+02
4.379828127991107749e+02
4.362664975686270168e+02
4.346959492878393121e+02
4.332894529081838755e+02
4.320740803560966015e+02
4.310653102691318850e+02
4.302687080331514267e+02
4.296841780357079301e+02
4.292789280926022570e+02
4.290180045429061124e+02
4.288395227794669609e+02
4.286964801575692832e+02
4.285333142063604441e+02
4.283330279178777005e+02
4.280763481726413033e+02
4.277658454348251098e+02
4.274057354548421586e+02
4.269886260076456779e+02
4.265152006592182374e+02
4.259668973985838534e+02
4.253382890881671301e+02
4.244670690546238347e+02
4.235585499313580158e+02
4.225569344131069442e+02
4.214811900330979029e+02
4.203496831756218626e+02
4.191823048718669043e+02
4.179952764597210262e+02
4.168004797502271686e+02
4.156030697481337484e+02
4.144019378561037570e+02
4.131908490972334675e+02
4.119595554774763286e+02
4.106940552421204416e+02
4.093831545508913337e+02
4.080138271565211312e+02
4.065795494663698832e+02
4.050767414363818375e+02
4.035033615737887658e+02
4.018661489293234013e+02
4.001675034144568599e+02
3.984181837237837271e+02
3.966253807558749713e+02
3.947979132943218588e+02
3.929456444003225783e+02
3.910543569197135980e+02
3.891855724979760680e+02
3.873087997454865672e+02
3.854297388258395358e+02
3.835539781584326988e+02
3.816851945058685942e+02
3.798278605442050093e+02
3.779855369099237805e+02
3.761611672913832081e+02
3.743586639519580785e+02
3.725804825822497151e+02
3.708301809704157108e+02
3.691108967935707028e+02
3.674253690548924283e+02
3.657775535226737702e+02
3.641696125884379853e+02
3.626052760737994163e+02
3.610867944401589398e+02
3.596166138243829096e+02
3.581972121744157107e+02
3.568293132273693686e+02
3.555149741746938616e+02
3.542536573231329839e+02
3.530458363202023975e+02
3.518707320272222319e+02
3.508349365383413669e+02
3.498633624094538277e+02
3.489520865193018153e+02
3.480965839219925329e+02
3.472891480154079886e+02
3.465209942605457059e+02
3.457826295416690527e+02
3.450637636585962014e+02
3.443548051658938220e+02
3.436474710423091210e+02
3.429328962722535721e+02
3.422054992693571762e+02
3.414587379820598585e+02
3.406884239518299182e+02
3.398922296018683937e+02
3.390665744366463059e+02
3.382128923432120473e+02
3.373298531806652250e+02
3.364200115329981031e+02
3.354857989902152440e+02
3.345290983724765965e+02
3.335552353725933017e+02
3.325660243794983444e+02
3.315425886609990016e+02
3.305105298377549730e+02
3.294911340799628761e+02
3.284897826451418155e+02
3.275089102468170381e+02
3.265529564690750703e+02
3.256231170413014411e+02
3.247222787490787823e+02
3.238520261693757334e+02
3.230143429655224168e+02
3.222127982183712902e+02
3.214509853413523501e+02
3.207362640243862870e+02
3.200777210530723096e+02
3.194881446217744383e+02
3.189819089608510581e+02
3.185734034873393625e+02
3.182693857377519180e+02
3.180672234533722076e+02
3.179484922187257894e+02
3.178856310867139428e+02
3.178514082513232211e+02
3.178309348860148589e+02
3.178168254560902710e+02
3.178570806366465717e+02
3.179613180354186852e+02
3.180838092394065484e+02
3.182125170872818103e+02
3.183179707733979171e+02
3.183721504858723961e+02
3.183554408890214518e+02
3.182803635886270968e+02
3.181736257926123699e+02
3.180997919485499779e+02
3.181323338335868698e+02
3.183637646407966599e+02
3.189186668787452845e+02
3.199087915482915037e+02
3.214869965077740517e+02
3.237461135484346073e+02
3.267290510458128665e+02
3.303739309509405757e+02
3.344580471352347217e+02
3.386710185732688956e+02
3.426719411203072809e+02
3.461781644798385287e+02
3.490223156773170672e+02
3.511792835528889327e+02
3.526845378647872735e+02
3.536116348968039347e+02
3.540258997271708949e+02
3.540142678204783806e+02
3.536547278963598160e+02
3.530019466620635740e+02
3.521158923833573340e+02
3.510345706122744787e+02
3.497998126347240486e+02
3.484402429967641979e+02
3.469855558359666929e+02
3.454586147128134712e+02
3.438795196335648825e+02
3.422665280732801421e+02
3.406329731064054727e+02
3.389937823364174960e+02
3.373590553371379883e+02
3.357404476761825549e+02
3.341466229147216609e+02
3.325874539777826726e+02
3.310716087280804913e+02
3.296084981530977416e+02
3.282079005790304791e+02
3.268792785402628169e+02
3.256139077698703090e+02
3.244360077975449599e+02
3.233656828836636805e+02
3.224130808022954398e+02
3.215918937199299990e+02
3.209144683422005073e+02
3.203895830208774100e+02
3.200304804571877071e+02
3.198382218203411753e+02
3.198186779774082993e+02
3.199665615099884235e+02
3.202728130410559970e+02
3.207250767702691974e+02
3.213011662563317827e+02
3.219798844106852584e+02
3.227361410423060306e+02
3.235459456486870522e+02
3.243885817263412719e+02
3.252485079654689457e+02
3.261116166210855454e+02
3.269750336344406492e+02
3.278358655866335880e+02
3.286972185462469156e+02
3.295672258975077398e+02
3.303981648081770572e+02
3.312146800571833296e+02
3.320621788760089430e+02
3.329527215678598395e+02
3.339032915927870704e+02
3.349343603118833812e+02
3.360843610095876670e+02
3.374378661419499963e+02
3.391500991391321236e+02
3.416070458549660884e+02
3.454713694438693778e+02
3.516554101851375549e+02
3.603265278144300510e+02
3.695457110647094510e+02
3.767625664990417818e+02
3.817023564025494125e+02
3.853176258773708582e+02
3.886429371220341409e+02
3.923726960523235903e+02
3.970373986458590707e+02
4.030540756134582239e+02
4.108350313733890857e+02
4.205539336948426694e+02
4.322338773342542595e+02
4.453638689852247126e+02
4.593725241181929277e+02
4.737541511819572975e+02
4.878301109498752908e+02
5.009640224331100171e+02
5.129394860934406779e+02
5.237094951373208005e+02
5.333440423891389628e+02
5.417481505837359919e+02
5.487461715679243071e+02
5.543047080404975304e+02
5.585876062598023282e+02
5.618424737511907097e+02
5.643427842359492388e+02
5.663037356292057893e+02
5.679164025931115702e+02
5.692895394096210566e+02
5.704891096047912242e+02
5.714875253036086633e+02
5.722051230356902352e+02
5.725485146394994445e+02
5.724830054032466933e+02
5.720194598184577899e+02
5.712212002393873718e+02
5.699850393733535157e+02
5.685186702100131697e+02
5.668778552226311831e+02
5.650896726229287879e+02
5.631737867282936350e+02
5.611406441375842178e+02
5.589966027998939353e+02
5.567436307843742043e+02
5.543851298612632945e+02
5.519214034835779330e+02
5.493559811307802647e+02
5.466920226623947201e+02
5.439339766014853694e+02
5.410894966327184648e+02
5.381642998052104758e+02
5.351690965220734597e+02
5.321119219296067513e+02
5.290039303757477001e+02
5.258554929446157757e+02
5.226765196797202861e+02
5.194779876874652018e+02
5.162687369529107855e+02
5.130583632868701898e+02
5.098545924786672572e+02
5.066485624429441259e+02
5.033043018012544962e+02
4.999899087986100881e+02
4.967103701216251466e+02
4.934699299323838773e+02
4.902728568962086229e+02
4.871212506378075204e+02
4.840194366433659070e+02
4.809680588710305642e+02
4.779702032698440348e+02
4.750266797693181502e+02
4.721377443196118406e+02
4.693051613632425187e+02
4.665266201453388817e+02
4.638030844786021021e+02
4.611316723301411002e+02
4.585102283106229493e+02
4.559365835330501682e+02
4.534058326221653488e+02
4.509151672252237972e+02
4.484588747793415564e+02
4.460322419864286871e+02
4.436299864663300241e+02
4.412460381499249706e+02
4.389127591274912561e+02
4.366058548935752697e+02
4.342964935142777563e+02
4.319803290228587116e+02
4.296531421747048398e+02
4.273116465355656715e+02
4.249543639588390533e+02
4.225790867018559425e+02
4.201867097544571266e+02
4.177773582330503359e+02
4.153527947107082241e+02
4.129157437338472505e+02
4.104682885905981493e+02
4.080145726294315978e+02
4.055575730819217597e+02
4.031013070530394202e+02
4.006497461234451407e+02
3.982062060710437095e+02
3.957746389274604439e+02
3.933583159421384607e+02
3.909604596085598587e+02
3.885844382051843127e+02
3.862327845423915846e+02
3.839083260644123925e+02
3.816063235256668236e+02
3.793249062027187506e+02
3.770795675867351520e+02
3.748720500304106622e+02
3.727043559797751300e+02
3.705784220991411644e+02
3.684953303678539100e+02
3.664567742505515753e+02
3.644631338754434182e+02
3.625141585872886481e+02
3.606085997116956605e+02
3.587430407992335404e+02
3.569134952556694316e+02
3.551133243737932617e+02
3.533362012555226102e+02
3.515749969074158798e+02
3.498243126546936423e+02
3.480816304557576473e+02
3.463454009173949544e+02
3.446189543647666369e+02
3.429044734212423009e+02
3.412071838365022813e+02
3.395313664675106793e+02
3.378804797937577291e+02
3.362922742800205356e+02
3.347502069338069646e+02
3.332457563738454382e+02
3.317778448344224671e+02
3.303457325088435255e+02
3.289490910916492226e+02
3.275865881891910476e+02
3.262582017790626878e+02
3.249626722069190805e+02
3.236996885441694758e+02
3.224685408382172227e+02
3.212684687153246728e+02
3.200992261499714004e+02
3.189599344221527986e+02
3.178505298351461192e+02
3.167704163772683614e+02
3.157195092607681772e+02
3.146975452598497327e+02
3.137043391210626169e+02
3.127398388096563053e+02
3.118037297945750197e+02
3.108956056231040748e+02
3.100144377452696176e+02
3.091582082327217904e+02
3.083333106528443182e+02
3.075467581987908261e+02
3.068052831991385005e+02
3.061175642255640241e+02
3.054950437243139731e+02
3.049580410300496283e+02
3.045304849624310464e+02
3.042519970347877347e+02
3.041751881511908095e+02
3.043629092749326333e+02
3.049084340214906774e+02
3.058782296423416369e+02
3.073501232912486785e+02
3.093171520478306320e+02
3.117190255907019605e+02
3.144301215822815152e+02
3.173197400141080493e+02
3.202915134331814784e+02
3.233045863612999824e+02
3.263572867564566877e+02
3.294425161357835350e+02
3.325845602868516266e+02
3.357457703677689551e+02
3.389239954537421795e+02
3.421356395575306806e+02
3.451513688395871782e+02
3.479527670117122966e+02
3.504595754538642609e+02
3.525997788161978406e+02
3.543116824237980609e+02
3.555632756622082411e+02
3.563412431502719642e+02
3.566812161639410306e+02
3.566128418667645974e+02
3.562075617258715283e+02
3.555186551285595442e+02
3.546068344137885902e+02
3.535269064358629407e+02
3.523173727117510339e+02
3.510197450020128258e+02
3.496586915664773301e+02
3.482587078646754435e+02
3.468366490398049109e+02
3.454052977517467866e+02
3.439756347390443807e+02
3.425546588165095727e+02
3.411486416863515956e+02
3.397615720444543967e+02
3.384166876156261310e+02
3.371073213614183715e+02
3.358239507033173936e+02
3.345673710692860254e+02
3.333386392075470894e+02
3.321383745802864951e+02
3.309670819387308711e+02
3.298258458556111918e+02
3.287150764062077997e+02
3.276363277092133330e+02
3.265906397731318975e+02
3.255800044355314071e+02
3.246063900004620564e+02
3.236720140921553934e+02
3.227796699533950573e+02
3.219313555801825260e+02
3.211299131948713921e+02
3.203760073813267581e+02
3.196705839811044711e+02
3.190118223315952832e+02
3.183963674148450878e+02
3.178188560649689975e+02
3.172716828594826666e+02
3.167455912129331637e+02
3.162391637196569718e+02
3.157252722386192545e+02
3.151999762824094091e+02
3.146577211587754732e+02
3.140923236433906709e+02
3.135033247106377985e+02
3.128887364997589202e+02
3.122502131855779339e+02
3.115898324914240902e+02
3.109096390820569695e+02
3.102137396772879470e+02
3.095046775496435316e+02
3.087863916192127363e+02
3.080621850125230026e+02
3.073351442735216210e+02
3.066086629010368370e+02
3.058854807437094792e+02
3.051685254081914422e+02
3.044604663562052451e+02
3.037638623009557932e+02
3.030810238500300784e+02
3.024145341774249687e+02
3.017663997846724442e+02
3.011390265438621441e+02
3.005316023803608800e+02
2.999432895419465126e+02
2.993825294410359561e+02
2.988508001900898989e+02
2.983511413642549428e+02
2.978854660197313819e+02
2.974566146185869684e+02
2.970683118354471048e+02
2.967235880639780135e+02
2.964292979387827245e+02
2.961906743010643481e+02
2.960178997509440251e+02
2.959227648302301077e+02
2.959187682781778790e+02
2.960272948239318112e+02
2.962626189546566593e+02
2.966476795111050819e+02
2.971891036841258824e+02
2.978859573276070591e+02
2.987191502840315138e+02
2.996469421157185593e+02
3.006171708380870768e+02
3.015746408259932991e+02
3.024739846575079127e+02
3.032645627719262507e+02
3.039214982687651627e+02
3.044868617930212622e+02
3.049870513052978822e+02
3.054403272035706891e+02
3.058700423149807648e+02
3.062937599895911944e+02
3.067274170913033799e+02
3.071843283321719014e+02
3.076761961628375275e+02
3.082170157509253841e+02
3.088191867443578076e+02
3.095023961291016690e+02
3.102839796040972828e+02
3.111943997593673430e+02
3.122622646217686224e+02
3.135370095723751547e+02
3.150717406292046121e+02
3.169404828008742356e+02
3.192428337797604740e+02
3.220670607852740090e+02
3.255342475587783611e+02
3.296824714583467539e+02
3.344893846038846164e+02
3.396960440916645894e+02
3.448750477231290006e+02
3.497661781973615689e+02
3.540707131212606669e+02
3.576200812686452082e+02
3.604263179140360762e+02
3.625967211380321942e+02
3.642439091128645714e+02
3.655143530542608232e+02
3.664978761918395094e+02
3.672836157923476890e+02
3.679250968638419295e+02
3.684606681681705140e+02
3.689139086844695612e+02
3.692893980105088190e+02
3.695897407840115534e+02
3.698037769536272776e+02
3.699238911772931715e+02
3.699409124855080790e+02
3.698457144662158953e+02
3.696399515999263485e+02
3.693223621096076386e+02
3.689017621885671474e+02
3.683859484456947371e+02
3.677597373474058031e+02
3.669912994790314542e+02
3.661680596856756438e+02
3.652971014775773710e+02
3.643806319287273823e+02
3.634227595259080204e+02
3.624256118090870586e+02
3.613907258955755992e+02
3.603203289138523928e+02
3.592153818378288292e+02
3.580773777762872214e+02
3.569078180269407881e+02
3.557080987907040708e+02
3.544799957706892428e+02
3.532253343228988456e+02
3.519455968181766821e+02
3.506432779386296943e+02
3.493199191399343704e+02
3.479780361301934590e+02
3.466198128531516431e+02
3.452472599925565078e+02
3.438633747436616090e+02
3.424700100690843101e+02
3.410702649553471701e+02
3.396356081030111795e+02
3.380790904684238853e+02
3.365387613524376320e+02
3.350161306952172140e+02
3.335137307886039935e+02
3.320331894198359350e+02
3.305760652236453438e+02
3.291442610980500945e+02
3.277387425237959633e+02
3.263613100405270870e+02
3.250129702102906890e+02
3.236948359176928989e+02
3.224083764702558028e+02
3.211541429511017895e+02
3.199337361419115950e+02
3.187478174657462660e+02
3.175976505058304156e+02
3.164846589224959530e+02
3.154095517066156731e+02
3.143744277268440328e+02
3.133803064924906039e+02
3.124293130866850561e+02
3.115239327076319569e+02
3.106659793531853779e+02
3.098485448626082075e+02
3.090487456609333776e+02
3.083120358726947643e+02
3.076429173631636331e+02
3.070455041102026144e+02
3.065279651673706667e+02
3.060942786578041250e+02
3.057536875919140016e+02
3.055118505195080729e+02
3.053736917261227859e+02
3.053456108668896150e+02
3.054232330911391387e+02
3.056057324561178916e+02
3.058781969054912224e+02
3.062235369776034872e+02
3.066190841881972347e+02
3.070368863134247590e+02
3.074499751012205024e+02
3.078351739939619165e+02
3.081725661859821912e+02
3.084509525966937531e+02
3.086654274320236482e+02
3.088146647862084251e+02
3.089058919933193010e+02
3.089280316822407713e+02
3.088917967851314188e+02
3.088228401104381646e+02
3.087320164994362131e+02
3.086295942162823849e+02
3.085254102221601897e+02
3.084289431731100990e+02
3.083534000649755171e+02
3.083199610986076777e+02
3.083677768548947711e+02
3.085899044659852848e+02
3.091505804455694033e+02
3.104442587001084348e+02
3.131128160348587812e+02
3.181258427020043200e+02
3.259944349267151438e+02
3.353122024615471446e+02
3.435640473296842856e+02
3.507782444057543785e+02
3.602469576648114753e+02
3.740659257882799693e+02
3.867925653031217053e+02
3.936800413725057410e+02
3.968890928627470771e+02
3.988255592609988867e+02
4.000506602779213949e+02
4.009765873339488280e+02
4.018621283426715536e+02
4.032927447503417397e+02
4.064305179880387300e+02
4.130254480043352601e+02
4.248366903461138122e+02
4.401664773444143748e+02
4.551398754727593428e+02
4.651943485159828811e+02
4.692705697663595856e+02
4.698953102440636371e+02
4.700726954781273434e+02
4.716270257118206928e+02
4.748501735051375476e+02
4.781892505744536379e+02
4.796357342472834944e+02
4.788938469261472051e+02
4.767427872147544008e+02
4.739641603585931762e+02
4.709762304451593877e+02
4.680471556352846960e+02
4.653856243337947944e+02
4.632606178094925440e+02
4.616744907814468775e+02
4.616383945441569949e+02
4.633871742321595661e+02
4.664396065921661716e+02
4.695918481540805374e+02
4.722603148266584299e+02
4.747015321782764090e+02
4.772100611630660296e+02
4.795635789780100708e+02
4.814259613938560278e+02
4.826364916236938143e+02
4.833757198399354138e+02
4.837991069912458784e+02
4.840085442008925725e+02
4.840185650103574631e+02
4.838029223066021132e+02
4.833452235090412614e+02
4.826714993745562197e+02
4.818322372638467073e+02
4.809295709639388861e+02
4.800905428233567136e+02
4.794341115150539281e+02
4.790916408374777120e+02
4.790542307862277767e+02
4.791066968355744393e+02
4.795297902346952696e+02
4.801646902653997699e+02
4.808237114461016404e+02
4.813036048811347882e+02
4.814575986114426769e+02
4.811900739743911686e+02
4.805104246658962097e+02
4.794477088532080415e+02
4.780898034567480863e+02
4.765158156241772076e+02
4.747819711374792178e+02
4.729378358034887242e+02
4.709933502829926510e+02
4.689569289994007590e+02
4.668304233268857502e+02
4.646208726505159916e+02
4.623489883009635264e+02
4.600476362853196974e+02
4.577613716463334868e+02
4.555478990734346212e+02
4.534610322263301896e+02
4.515564137848482460e+02
4.498971336348568002e+02
4.485140963668580980e+02
4.472654008052158474e+02
4.460617956952970076e+02
4.448069806482340596e+02
4.434450976028983860e+02
4.419478538709446980e+02
4.403258397607134498e+02
4.386134937097100988e+02
4.368386800381974240e+02
4.350440558979959178e+02
4.332518480162900119e+02
4.314851464587356418e+02
4.297555049968376011e+02
4.280693423028388338e+02
4.264284701460239830e+02
4.248283464072288780e+02
4.232631805634338207e+02
4.217231723267092320e+02
4.201995103982188198e+02
4.186838675093333109e+02
4.171693110313051989e+02
4.156534310450367116e+02
4.141361618363189336e+02
4.125706750191715173e+02
4.110974534458854350e+02
4.096368395825210200e+02
4.082010052287727149e+02
4.068063453466525061e+02
4.054690348206070212e+02
4.042089191238930539e+02
4.030477800278979998e+02
4.020040563515960912e+02
4.011026091223417325e+02
4.003516373398720702e+02
3.997558337944694244e+02
3.992974880845451935e+02
3.989380354724826816e+02
3.986177158645986083e+02
3.982741360917084421e+02
3.978377880103865891e+02
3.972690677628488629e+02
3.965419825632218362e+02
3.956401386611925091e+02
3.945702288677160254e+02
3.933147299332227931e+02
3.918733513155316928e+02
3.902309445094000466e+02
3.884143782513671113e+02
3.864527366723395971e+02
3.843997526996633383e+02
3.822843459246623183e+02
3.801338354477970256e+02
3.779737186643817495e+02
3.758238894794222347e+02
3.737010999210543218e+02
3.716170021238223171e+02
3.695786946376230730e+02
3.675915340836107816e+02
3.656545077224145075e+02
3.637682211980856550e+02
3.619275383644385897e+02
3.601297538836868171e+02
3.583692833237414561e+02
3.566414386285882188e+02
3.549424233922838425e+02
3.532664739502426983e+02
3.516114475648958546e+02
3.499721320599676346e+02
3.483477153112697806e+02
3.467346912280196420e+02
3.451338023391733714e+02
3.435760350739612363e+02
3.420705876867799020e+02
3.405969734900662047e+02
3.391654978441619050e+02
3.377964586042854194e+02
3.365087625502567903e+02
3.353299717760263547e+02
3.342936017739169188e+02
3.334316363808982260e+02
3.327903783803085958e+02
3.324047687214879261e+02
3.323196090196416890e+02
3.325634800203852706e+02
3.331495795201421402e+02
3.340780238451106925e+02
3.353110040542356387e+02
3.367983086721012000e+02
3.384654688057331100e+02
3.402293639722932426e+02
3.420132964415359993e+02
3.437489424039359278e+02
3.453771943850139223e+02
3.468652213799995252e+02
3.481755895402642409e+02
3.492576196003983569e+02
3.501512007763464567e+02
3.508097516628438370e+02
3.512419507952898812e+02
3.514474809454369506e+02
3.514386014734949981e+02
3.512318287238423977e+02
3.508401468755909036e+02
3.502876483743681320e+02
3.495920185243257947e+02
3.487732217238536236e+02
3.478516212379248032e+02
3.468423429125286361e+02
3.457623930985150196e+02
3.446243488751344444e+02
3.434397407934491753e+02
3.422193913715983626e+02
3.409711987766057177e+02
3.397032200953319716e+02
3.384219126410147851e+02
3.371325418739394877e+02
3.358406491425642457e+02
3.345499987691978276e+02
3.332647262021748702e+02
3.319757896170992240e+02
3.307050012963464951e+02
3.294481985880290722e+02
3.282073196931178813e+02
3.269850280059648071e+02
3.257838738435376627e+02
3.246065986209351877e+02
3.234582727045576576e+02
3.223473340484169967e+02
3.212982796908684122e+02
3.203772089820347446e+02
3.198274143395569808e+02
3.203402472876679212e+02
3.237626978989267172e+02
3.317741286667955478e+02
3.417895837406600208e+02
3.508159494183412903e+02
3.601875085879942731e+02
3.739093914867452213e+02
4.008272541174770254e+02
4.415510842619642631e+02
4.875573138963787301e+02
5.252378901467079686e+02
5.467348699575209139e+02
5.595675243013340605e+02
5.717395150364798155e+02
5.823260330438712344e+02
5.884921406143596414e+02
5.912406240009727298e+02
5.922638106862031009e+02
5.925617501113043772e+02
5.924452755749873631e+02
5.920463493073616519e+02
5.914113739409930304e+02
5.905793303900684350e+02
5.896108243114480274e+02
5.885905659176075915e+02
5.877069812993458982e+02
5.872092442559811616e+02
5.875307198343811024e+02
5.888379841145075488e+02
5.906889552205304881e+02
5.916994682512050758e+02
5.910549073100836495e+02
5.890452163663105694e+02
5.863592468818193311e+02
5.833764760185199520e+02
5.802948393153129700e+02
5.771133220060851272e+02
5.739569590432973882e+02
5.708480252996657782e+02
5.677920895777955366e+02
5.647972777268743130e+02
5.618675622793927005e+02
5.590023690774371516e+02
5.562069400130427539e+02
5.534719768962114586e+02
5.507969251316270629e+02
5.481710480275874033e+02
5.455904020524828866e+02
5.430484240927838755e+02
5.405444646787784677e+02
5.380794874505007783e+02
5.356538087104364649e+02
5.332717051903803167e+02
5.309286680095756310e+02
5.286258064000472814e+02
5.263525733938945450e+02
5.241045441420169482e+02
5.218719424100474953e+02
5.196484110356063866e+02
5.174276852509801756e+02
5.151421493065786308e+02
5.128847340382234279e+02
5.106327426902373645e+02
5.083960520057039503e+02
5.061840291135984558e+02
5.040145323521709315e+02
5.019002535164947290e+02
4.998618831329991963e+02
4.979143990500044197e+02
4.960759908203298778e+02
4.943620884226901353e+02
4.927869783423726062e+02
4.903420153563271242e+02
4.891763257107476193e+02
4.881941073182777018e+02
4.874004443860775950e+02
4.868029867891946765e+02
4.863966464162112970e+02
4.861698055214667988e+02
4.860970121500727714e+02
4.861331146124444444e+02
4.862234258011623069e+02
4.862978348043340020e+02
4.862883212391674306e+02
4.859824987416001250e+02
4.854982203022451017e+02
4.847686088209287050e+02
4.837973348142808163e+02
4.825930820441018909e+02
4.811888302989183330e+02
4.796226967168975079e+02
4.779379430054073623e+02
4.761866488993852613e+02
4.744159883928027170e+02
4.726770700491153434e+02
4.710142946626605180e+02
4.694710764913991738e+02
4.680763440212098772e+02
4.668576386377706058e+02
4.658170840256892689e+02
4.649499428452803045e+02
4.642280981982725621e+02
4.636071922001901271e+02
4.630318895503128260e+02
4.624384720642597131e+02
4.617623498417864312e+02
4.609463328505260051e+02
4.599440916489007805e+02
4.586444885505480897e+02
4.571693949633734064e+02
4.554253107775059561e+02
4.534282432571811796e+02
4.511899686769248206e+02
4.487347097286658482e+02
4.460890405611696110e+02
4.432769196008698032e+02
4.403278488828311197e+02
4.372645808875755620e+02
4.341119373392101579e+02
4.308908621446940401e+02
4.276196739193664484e+02
4.243154013832883038e+02
4.209919363771398935e+02
4.176614557031847426e+02
4.143344495146043300e+02
4.110194267580251335e+02
4.077236557268373645e+02
4.044536226865502613e+02
4.012136639547848063e+02
3.980087016703307654e+02
3.948417043812178804e+02
3.917157123176629057e+02
3.886282091249005930e+02
3.855902177591291888e+02
3.826015386669143368e+02
3.796627517328846011e+02
3.767753894583904071e+02
3.739405279541956588e+02
3.711587615295623550e+02
3.684321150487476189e+02
3.657615937381294771e+02
3.631501494844633271e+02
3.606017569003763583e+02
3.581227933072432847e+02
3.557233791755224388e+02
3.534199460632448790e+02
3.512262406601298608e+02
3.491549677618245937e+02
3.471766595831979885e+02
3.452169791184004453e+02
3.431720167755376565e+02
3.409882988833931563e+02
3.386797578703203158e+02
3.363085797423492522e+02
3.339251339921057706e+02
3.315629946887071924e+02
3.295468852006393377e+02
3.276826303764200361e+02
3.258820750035833953e+02
3.241468510121384270e+02
3.224798266620198888e+02
3.208852827346211711e+02
3.193668449115733097e+02
3.179321331289318096e+02
3.165888611033602160e+02
3.153487697178887288e+02
3.142299155027682787e+02
3.132538462261774157e+02
3.124568525826836094e+02
3.118865573752073033e+02
3.116027100257318807e+02
3.116938583591648353e+02
3.122219501610174461e+02
3.132583688061509406e+02
3.148047158801552428e+02
3.168620855372976735e+02
3.194252551947081997e+02
3.225656891522701812e+02
3.264485003789762345e+02
3.311675627801349151e+02
3.369235422448330155e+02
3.431261634379695238e+02
3.492980042598033492e+02
3.549935261507854989e+02
3.600713918910700500e+02
3.644631178269943348e+02
3.682938189353805569e+02
3.716381513421185332e+02
3.745856608861406585e+02
3.772208467589294401e+02
3.796416215415753754e+02
3.819467819339036510e+02
3.842373370944312114e+02
3.865538513422077358e+02
3.888887771691047988e+02
3.911614994362420248e+02
3.932484907085507189e+02
3.950189988449854468e+02
3.963814557939485326e+02
3.972665883317048952e+02
3.976886652060153438e+02
3.976657678048208027e+02
3.972608031217653775e+02
3.965323742450792111e+02
3.955866865077483112e+02
3.944317779162270767e+02
3.931131598260068358e+02
3.916749149878174308e+02
3.901451432572539488e+02
3.885496218259071952e+02
3.869078351775970646e+02
3.852342174689021022e+02
3.835421160531246301e+02
3.818410489856800041e+02
3.801398220812968702e+02
3.784452912860637070e+02
3.767639288608721131e+02
3.751007169497130462e+02
3.734607975588332351e+02
3.718477720005760716e+02
3.702654347914800610e+02
3.687165373947710805e+02
3.672033526103061831e+02
3.657281917842678922e+02
3.642917210725136101e+02
3.628957296235895456e+02
3.615397711924491091e+02
3.602243127549684800e+02
3.590020420683771931e+02
3.578259855675750600e+02
3.566828272078305417e+02
3.555697027391520919e+02
3.544852197726952454e+02
3.534262933520173533e+02
3.523910727376251657e+02
3.513770798374800393e+02
3.503820633693733271e+02
3.494042920388204152e+02
3.484418851696677280e+02
3.474938758624149955e+02
3.465591082544423784e+02
3.456372754777136720e+02
3.447280846558322764e+02
3.438318965457090144e+02
3.429492085326900792e+02
3.420807651495653090e+02
3.412272341460786151e+02
3.403895608366488545e+02
3.395682858302292857e+02
3.387638434520582109e+02
3.379764393377000715e+02
3.372052952535933059e+02
3.364504644293099886e+02
3.356759560793560127e+02
3.349104914117107796e+02
3.341519722706390780e+02
3.333974979614647509e+02
3.326447370261922742e+02
3.318904787684110147e+02
3.311319240099841181e+02
3.303666269782675613e+02
3.295916045809566981e+02
3.288054228790218190e+02
3.280061614980701279e+02
3.271927458691828292e+02
3.263650239425301720e+02
3.255223784885338887e+02
3.246659966300319411e+02
3.237963729864477500e+02
3.229150816643302733e+02
3.220239404368376199e+02
3.211246098521581303e+02
3.202196153834691472e+02
3.193108889781254902e+02
3.184010016931634937e+02
3.174920941700620460e+02
3.165858831843212329e+02
3.156729259237415590e+02
3.147683259799765665e+02
3.138738392737307095e+02
3.129911165892640952e+02
3.121217461345585775e+02
3.112668500020261035e+02
3.104279423110208427e+02
3.096057250978441857e+02
3.088013812058323992e+02
3.080155887329572124e+02
3.072490160569047930e+02
3.065025304270914148e+02
3.057763608810525966e+02
3.050715025742075568e+02
3.043881831078113578e+02
3.037275641653720299e+02
3.030907096882039582e+02
3.024799941746707646e+02
3.019000893522510296e+02
3.013597545307987389e+02
3.008791991199719860e+02
3.004931350158262831e+02
3.002826299645292352e+02
3.003599095052562120e+02
3.009263143077625386e+02
3.022171238498193020e+02
3.042873652764053531e+02
3.068372997059291265e+02
3.092187718898334197e+02
3.109085830976343345e+02
3.118374342975794207e+02
3.121884000339348972e+02
3.121810902785637722e+02
3.119961981539675548e+02
3.117322200717292731e+02
3.114571367028077589e+02
3.112097478975150580e+02
3.110198732331471660e+02
3.109089210275841992e+02
3.109030945331145972e+02
3.110185728376994803e+02
3.112792408938779545e+02
3.117018398098502416e+02
3.122993592370465308e+02
3.130873215610152442e+02
3.140639668425138211e+02
3.152338985963883147e+02
3.165396292725881153e+02
3.179215962291350479e+02
3.194378481169956672e+02
3.210394118918965773e+02
3.226601335845047629e+02
3.242163173352292347e+02
3.256103903743533579e+02
3.267598127758517421e+02
3.276285242143514438e+02
3.281985924322169694e+02
3.285081467030288991e+02
3.285953694010025856e+02
3.285076282317347705e+02
3.282922941720279937e+02
3.279796751019226804e+02
3.276024608077906350e+02
3.271782193755444723e+02
3.267225545649041578e+02
3.262451069552957392e+02
3.257521026431534210e+02
3.252482120109295352e+02
3.247353523375510918e+02
3.242156380302294565e+02
3.236889104489743545e+02
3.230913519432968997e+02
3.223870486352714124e+02
3.216832359547149736e+02
3.209802396291134414e+02
3.202776961347948941e+02
3.195767572536622652e+02
3.188770899475248939e+02
3.181798112560277332e+02
3.174851753729651591e+02
3.167937622118357126e+02
3.161065083103734423e+02
3.154237281664356374e+02
3.147465056844573610e+02
3.140751536182752943e+02
3.134106517157651979e+02
3.127533951826308112e+02
3.121041041422237754e+02
3.114633767411374379e+02
3.108315918305005425e+02
3.102096289725757856e+02
3.095974864200917409e+02
3.089960758551450795e+02
3.084054645930064567e+02
3.078261216185612739e+02
3.072252804511967952e+02
3.068349574468623473e+02
3.064491900179640425e+02
3.060678808853414807e+02
3.056917456761542553e+02
3.053213246283202693e+02
3.049564046546685177e+02
3.045981144218038139e+02
3.042458830413510782e+02
3.039004857444080017e+02
3.035620017862466966e+02
3.032302262314136101e+02
3.029061666077093378e+02
3.025890755104867935e+02
3.022799996873884538e+02
3.019786849307538432e+02
3.016853643584065594e+02
3.014009054433741994e+02
3.011249773043902564e+02
3.008589092655861350e+02
3.006026727744330174e+02
3.003574037301114572e+02
3.001240996979639135e+02
2.999038721989452938e+02
2.996821941198865034e+02
2.995554433915342543e+02
2.994406938437940653e+02
2.993412261653838868e+02
2.992614559089631143e+02
2.992057638473944507e+02
2.991804149895091314e+02
2.991906340046059540e+02
2.992428724207052255e+02
2.993433141046506876e+02
2.994959835110356607e+02
2.997060450073774973e+02
2.999724253330774673e+02
3.002942217775585618e+02
3.006655827826597829e+02
3.010789482496404617e+02
3.015252964607267359e+02
3.019958971950551927e+02
3.024826951238682682e+02
3.029802587887550658e+02
3.034849941907356765e+02
3.039935202991497931e+02
3.045049633759489325e+02
3.050137830016797693e+02
3.054884380150444940e+02
3.059414152016586854e+02
3.063722352064651204e+02
3.067747573374715557e+02
3.071417173371401645e+02
3.074718845176975037e+02
3.077606563251669627e+02
3.080102627598722052e+02
3.082214431801373280e+02
3.083962552645055553e+02
3.085391540374360488e+02
3.086515416827560898e+02
3.087383418647137887e+02
3.088016945888426221e+02
3.088444757766679345e+02
3.088693744209223269e+02
3.088776408552284920e+02
3.088714859949168385e+02
3.088516523565551211e+02
3.088189958097725025e+02
3.087740202599804888e+02
3.087165306376107878e+02
3.086466688975411898e+02
3.085637782712248054e+02
3.084404619284236446e+02
3.082592112057312193e+02
3.080685231098084955e+02
3.078691760944835210e+02
3.076620359164142542e+02
3.074486487641909775e+02
3.072309880733741920e+02
3.070135244228487750e+02
3.068074429305910940e+02
3.066472784998658199e+02
3.066330628741978330e+02
3.071181259407219954e+02
3.089590200595029614e+02
3.137487418122294116e+02
3.212296781569964423e+02
3.279769205664354104e+02
3.330606361700940283e+02
3.382006260498706069e+02
3.425859460576929791e+02
3.455439020566655017e+02
3.482394786169303416e+02
3.530678527679551735e+02
3.625746618946991475e+02
3.755048153680327232e+02
3.848272088914508799e+02
3.893543694626429215e+02
3.934877280019097157e+02
4.020170468570227058e+02
4.170783967755603499e+02
4.300913713513247103e+02
4.354986618991682121e+02
4.365200215346702066e+02
4.361495995388808637e+02
4.353101459989328532e+02
4.342960840137614582e+02
4.331919412549677872e+02
4.320429326819435687e+02
4.308911069335700290e+02
4.297762638877938457e+02
4.287450594166274982e+02
4.278446857366627114e+02
4.271019330788841444e+02
4.265279594397898677e+02
4.260907589650097407e+02
4.257365318875231992e+02
4.254043507215237128e+02
4.250657348527523709e+02
4.247097839573252713e+02
4.241393400801146072e+02
4.236145140857700540e+02
4.232188556292529711e+02
4.230077331919648600e+02
4.230362860230171123e+02
4.233291272908170981e+02
4.238748318573194638e+02
4.246158184270718721e+02
4.254288904385509227e+02
4.261695614838446318e+02
4.267020913800922699e+02
4.269488215989035211e+02
4.269103098412605846e+02
4.266657823416728661e+02
4.263719458727251208e+02
4.262867922490110004e+02
4.267880174896230869e+02
4.283794969191744713e+02
4.313206242241792552e+02
4.352765614605627320e+02
4.390734128246784280e+02
4.417215633219622077e+02
4.430536044060839913e+02
4.435009356251885038e+02
4.432974854899006800e+02
4.430731828066054163e+02
4.431882264067576784e+02
4.437696596806081857e+02
4.447722841455221214e+02
4.459249167996035794e+02
4.468946244146170557e+02
4.474208552732064277e+02
4.474942384956058845e+02
4.471985278905358427e+02
4.466762530572120227e+02
4.460546042566867300e+02
4.454039290318470989e+02
4.447682028855695648e+02
4.441532717370868681e+02
4.435456248488690107e+02
4.429240976913982308e+02
4.422720315111687910e+02
4.415628046758101277e+02
4.407854038362798406e+02
4.399162714108464343e+02
4.389345153226319098e+02
4.378240635775607075e+02
4.365671771164584243e+02
4.349838710982575094e+02
4.332475766725319772e+02
4.313588222310478955e+02
4.293340725031388843e+02
4.271850990922598044e+02
4.249274837803990295e+02
4.225783411442769761e+02
4.201488419911994470e+02
4.176555910447421525e+02
4.151091064656525305e+02
4.125220043429453085e+02
4.099076655244065250e+02
4.072806427576246620e+02
4.046666053782199128e+02
4.021107852898114174e+02
3.996984795741591938e+02
3.976317919278209274e+02
3.962471169498920744e+02
3.961655143756981374e+02
3.980040979693133636e+02
4.017452171439622930e+02
4.061906396925793956e+02
4.099809832809991690e+02
4.128196649104426115e+02
4.153271405739916418e+02
4.184747519057983709e+02
4.221524276206532704e+02
4.261752782953051337e+02
4.305310433837839810e+02
4.352430365857918559e+02
4.397140718777302482e+02
4.431264984301917025e+02
4.450414420950690442e+02
4.454845688346228485e+02
4.448141241914284478e+02
4.434351251890000754e+02
4.416262653307833830e+02
4.396094672587287846e+02
4.375009493391938236e+02
4.353768388593114196e+02
4.332772312924843163e+02
4.312227000199758891e+02
4.292189675407144591e+02
4.272663292406517712e+02
4.253566429570956871e+02
4.234848246206758517e+02
4.216426968996007645e+02
4.198293551122761187e+02
4.178827812589576638e+02
4.159941364547889293e+02
4.141571047854739049e+02
4.123808501253729446e+02
4.106802615153685565e+02
4.090601222860418034e+02
4.075141976713100576e+02
4.060285214574966517e+02
4.045711735860521685e+02
4.031082863979125932e+02
4.016027321606189275e+02
4.000287112607138056e+02
3.983642572620390183e+02
3.966106283394770458e+02
3.947689559703426880e+02
3.928545126259413109e+02
3.908830137064762766e+02
3.888689317981757085e+02
3.868299084139470665e+02
3.847763523010355016e+02
3.827209339277157483e+02
3.806715857610008129e+02
3.786350243362341530e+02
3.766167059152210754e+02
3.744892558592241585e+02
3.723234859732406221e+02
3.701887671441078282e+02
3.680866834493777446e+02
3.660185913882943964e+02
3.639853757031450527e+02
3.619874033361853662e+02
3.600253801777238891e+02
3.580991484373453204e+02
3.562090892114079566e+02
3.543550754685062429e+02
3.525367887675734551e+02
3.507544341481933543e+02
3.490072357820457682e+02
3.472953646260073697e+02
3.456181819187827386e+02
3.439752700550110944e+02
3.423664659593579245e+02
3.407907472824825277e+02
3.392481196283845293e+02
3.377375124791087160e+02
3.362585474233683840e+02
3.348105804126274734e+02
3.333925313217553708e+02
3.319603288097555378e+02
3.305464202978310482e+02
3.291690343836453962e+02
3.278277563855635321e+02
3.265221987961837158e+02
3.252524721155962197e+02
3.240176076006669632e+02
3.228177614318618680e+02
3.216520305982082846e+02
3.205200040935106927e+02
3.194212177708262175e+02
3.183545346213796279e+02
3.173196208924545658e+02
3.163151594496872008e+02
3.153404163547462531e+02
3.143943822900127429e+02
3.134756996829860896e+02
3.125835645857744112e+02
3.117162907601475013e+02
3.108729648553418770e+02
3.100520587733429352e+02
3.092523566773429025e+02
3.084726598819593733e+02
3.077114829963289253e+02
3.069606884864172685e+02
3.062425218864882481e+02
3.055463750599042783e+02
3.048715880994378722e+02
3.042183738791616747e+02
3.035866237271774821e+02
3.029764731214830249e+02
3.023886701830288644e+02
3.018233290378144602e+02
3.012818601153078362e+02
3.007647444977909572e+02
3.002734234136364080e+02
2.998093723015268210e+02
2.993736532393772336e+02
2.989687295242736127e+02
2.985956628608332153e+02
2.982572523540089833e+02
2.979554294003493737e+02
2.976924107230063328e+02
2.974715400425122880e+02
2.972947500426097349e+02
2.971663393107232309e+02
2.970891355792854824e+02
2.970675563335678930e+02
2.971202433577560100e+02
2.972474900823622761e+02
2.974535046212629936e+02
2.977450574528679113e+02
2.981344263652007953e+02
2.986332080261172450e+02
2.992572754465177809e+02
3.000274918649126334e+02
3.009632895215380017e+02
3.020967935139231599e+02
3.034497037583270753e+02
3.050520989170038888e+02
3.069222510175370644e+02
3.090647309708841135e+02
3.114767193278988202e+02
3.141300414307181654e+02
3.170009649051098108e+02
3.200631018918847417e+02
3.233073685327040039e+02
3.267358069613451335e+02
3.303575724224577357e+02
3.341707938461163394e+02
3.381599224602992422e+02
3.422715333562621254e+02
3.463981771508983343e+02
3.504047902001069019e+02
3.542428857808079670e+02
3.578252167168628830e+02
3.610605319886579991e+02
3.639044006159633682e+02
3.663221562464788690e+02
3.682988187385516881e+02
3.698543840909705978e+02
3.710021872961574445e+02
3.717787520716410086e+02
3.722215225771627729e+02
3.723641273511662462e+02
3.722516552334143398e+02
3.719158384006705091e+02
3.713918122751668989e+02
3.707098809385705067e+02
3.696912752325982865e+02
3.681223633140582479e+02
3.670505271329781749e+02
3.659205377018761851e+02
3.647478662296439893e+02
3.635433305535964337e+02
3.623208236301711054e+02
3.610425618611292862e+02
3.596940673719093979e+02
3.583642085130277906e+02
3.570600715064246629e+02
3.557940148632798696e+02
3.545739631660088094e+02
3.534084903756794915e+02
3.523079364439906840e+02
3.512756423506023111e+02
3.503199713709623211e+02
3.494420243570628486e+02
3.486439795701554090e+02
3.479255741537198787e+02
3.472829315348337218e+02
3.467133874149131998e+02
3.462111033484526956e+02
3.457717488875971981e+02
3.453896774332348514e+02
3.450602773757273667e+02
3.447775700166623096e+02
3.445367967264954245e+02
3.443313105495374771e+02
3.441541647242852378e+02
3.439963568886377061e+02
3.438594218388752779e+02
3.437370894702658006e+02
3.435988446268043504e+02
3.434347675421919348e+02
3.432335455918270100e+02
3.429891694016512247e+02
3.426945380620099399e+02
3.423464113301525913e+02
3.419431899604726937e+02
3.414834443064800666e+02
3.409696636368329905e+02
3.404031224241725795e+02
3.397875938731158385e+02
3.391272995908582857e+02
3.384257191396829398e+02
3.376884557317975464e+02
3.369194569759758338e+02
3.361236992237177788e+02
3.353057545148390659e+02
3.344694455859180948e+02
3.336191449984362976e+02
3.327585589649281701e+02
3.318910179021821705e+02
3.310204847330812754e+02
3.301147368451787543e+02
3.291827620952982443e+02
3.282609325794797996e+02
3.273533415811195368e+02
3.264665596421539249e+02
3.256060659336419576e+02
3.247799378432788444e+02
3.239976229536911205e+02
3.232685885291709269e+02
3.226079308164937629e+02
3.220284744697415817e+02
3.215502019599836672e+02
3.211933927843831498e+02
3.209805398178331757e+02
3.209417643462680871e+02
3.211020590371284698e+02
3.214972500727516831e+02
3.221591961040937235e+02
3.231213708405392708e+02
3.244248084088824839e+02
3.261070900920330473e+02
3.282092164286487446e+02
3.307897821842408348e+02
3.338542534731496971e+02
3.373343965797384953e+02
3.411037867755890147e+02
3.449090779024874678e+02
3.484391626774461770e+02
3.514652419454945971e+02
3.538783127896682572e+02
3.556990314897849430e+02
3.569822189864748339e+02
3.578043728159350962e+02
3.582345320344428501e+02
3.583301260010263718e+02
3.581492355119689250e+02
3.577326724225393377e+02
3.571255866768875080e+02
3.563589024247200427e+02
3.554634064601984846e+02
3.544632757146447375e+02
3.533772125415322307e+02
3.522230043159345314e+02
3.510117459293520028e+02
3.497544414635707426e+02
3.484579778552214293e+02
3.471277289992333976e+02
3.457679799106653036e+02
3.443473951904931596e+02
3.429035759305342026e+02
3.414598011784053710e+02
3.400189869789642785e+02
3.385836690488436034e+02
3.371556757111628144e+02
3.357366649077738430e+02
3.343280435879487413e+02
3.329307223386707051e+02
3.315458401607897940e+02
3.301740412308101895e+02
3.288160316669319059e+02
3.274725088113206084e+02
3.261437842807716265e+02
3.248306864295723244e+02
3.235333688133973169e+02
3.222525215411018280e+02
3.209885168440859502e+02
3.197416965604473376e+02
3.185127667603346708e+02
3.173018100002020105e+02
3.161097394218508043e+02
3.149366949310801829e+02
3.137833563605198037e+02
3.128139361975165684e+02
3.119129877687691987e+02
3.110333558483947627e+02
3.101753878177689216e+02
3.093402673554546141e+02
3.085289187882654005e+02
3.077426751491491927e+02
3.069838658644040947e+02
3.062549208604159503e+02
3.055613481245724756e+02
3.049100561308030137e+02
3.043155541666874910e+02
3.037999376222156798e+02
3.034034493051516961e+02
3.031974640051324172e+02
3.032909283291037923e+02
3.038908982292581413e+02
3.052584936295668854e+02
3.077955206341650296e+02
3.118762665977488382e+02
3.176832627428985916e+02
3.250570978968067379e+02
3.333710477441557600e+02
3.418640900879607329e+02
3.499733815983667569e+02
3.575769662321928877e+02
3.645195729529468167e+02
3.707471343706530433e+02
3.760378210820807681e+02
3.801946204965831271e+02
3.831713097193795079e+02
3.850535190374470744e+02
3.861468414848538373e+02
3.867108632291840991e+02
3.870148700340323558e+02
3.872496629955485901e+02
3.875431531908745910e+02
3.879542728129711122e+02
3.884384745928156235e+02
3.888853851169155860e+02
3.891422348486979672e+02
3.890845417183931545e+02
3.886709816207127801e+02
3.879212796060847381e+02
3.868812170530856065e+02
3.856213593270941260e+02
3.841893689236288196e+02
3.826422172702327771e+02
3.810054649688362929e+02
3.793428435228412923e+02
3.777008953234797559e+02
3.760907646780753453e+02
3.745251678681931935e+02
3.730107838520939367e+02
3.715526101673017365e+02
3.701559832503605207e+02
3.688212726545574469e+02
3.675518018397356172e+02
3.663461687161135956e+02
3.652042063581417892e+02
3.641240993353712838e+02
3.631020966197584698e+02
3.621357111392089223e+02
3.612188571022022643e+02
3.603473848355579889e+02
3.595145381597705523e+02
3.587142919016861242e+02
3.579400375066493325e+02
3.571849589167100021e+02
3.564429903748332435e+02
3.557077706612125780e+02
3.549742927117102909e+02
3.542747618714764144e+02
3.535456347411478646e+02
3.528003443031417419e+02
3.520379272760011986e+02
3.512572301941975752e+02
3.504588275999755069e+02
3.496438340826492208e+02
3.488136519799941766e+02
3.479713215014047591e+02
3.471188681460506018e+02
3.462602004957713575e+02
3.453979432804227372e+02
3.445359953858979907e+02
3.436775846924419398e+02
3.428258701473625933e+02
3.419844729377653039e+02
3.411557162174873383e+02
3.403430396277275349e+02
3.395482612689850725e+02
3.387737090383772056e+02
3.380211521340242484e+02
3.372914721489828480e+02
3.365862437936454512e+02
3.359051278269856766e+02
3.352278857988583809e+02
3.345384862042325835e+02
3.338720800840163747e+02
3.332274893471818586e+02
3.326020077834374433e+02
3.319937346780887992e+02
3.313993530433125443e+02
3.308161225690797096e+02
3.302408180713415504e+02
3.296703197326035593e+02
3.291017752487392727e+02
3.285322623759250291e+02
3.279598193853489079e+02
3.273821013808641851e+02
3.267982655557109979e+02
3.262068537463840698e+02
3.256078202268182054e+02
3.250011138146368808e+02
3.243868302921243867e+02
3.237662759278104545e+02
3.231395581706249800e+02
3.225084104272223726e+02
3.218732807254597788e+02
3.212353492201212930e+02
3.206047390518763791e+02
3.199618247422263266e+02
3.193198034442564222e+02
3.186781701849834008e+02
3.180374355414492697e+02
3.173973062250206567e+02
3.167581192788501880e+02
3.161203168420809106e+02
3.154847896055233605e+02
3.148539875406381157e+02
3.142309876522322725e+02
3.136236373654622298e+02
3.130416878645929160e+02
3.125048605793714955e+02
3.120421514740716020e+02
3.116962863079919543e+02
3.115386758300722931e+02
3.116429574855602596e+02
3.121145692958398854e+02
3.130173383836480525e+02
3.143733508444413474e+02
3.161478104083677749e+02
3.182597197170324534e+02
3.206559645487421903e+02
3.232859715336189765e+02
3.263625673147550970e+02
3.295588646932966981e+02
3.328655534021158360e+02
3.362681210538484606e+02
3.398749502064617900e+02
3.436105270281840944e+02
3.473198337573176673e+02
3.507233989828673657e+02
3.536621609124470638e+02
3.561711944357750212e+02
3.584525056883165917e+02
3.607320949862691464e+02
3.631729129072489854e+02
3.658996909942386537e+02
3.689144077607160739e+02
3.721463436376356526e+02
3.754227599966147295e+02
3.785396709843350891e+02
3.813187365668917437e+02
3.836668086194778198e+02
3.855743685871776165e+02
3.870656019452380860e+02
3.882128242647051479e+02
3.889019013042205870e+02
3.893450409951679489e+02
3.895607408131338047e+02
3.895810223235546914e+02
3.894278634640352834e+02
3.891191069082862555e+02
3.886770259126773226e+02
3.881120069599134581e+02
3.874451382498271528e+02
3.866860419835675202e+02
3.858500448190976613e+02
3.849490957470686681e+02
3.839931342945542951e+02
3.829961556868288994e+02
3.819653317284804075e+02
3.809143747366719026e+02
3.798502709142378535e+02
3.787829355353944152e+02
3.777201528940536264e+02
3.766664361131881265e+02
3.756292448138845543e+02
3.746086890923227202e+02
3.736100960364811385e+02
3.726339204397764320e+02
3.716531781728828605e+02
3.706956457623317078e+02
3.698017486390639306e+02
3.690093030866136701e+02
3.683647710589797271e+02
3.679461730594229039e+02
3.678244479770099815e+02
3.680843096088842117e+02
3.687783864826798208e+02
3.699397296444021777e+02
3.715626285794749606e+02
3.737023186299725239e+02
3.763901446002521993e+02
3.796760751241833418e+02
3.835169043444122394e+02
3.877470379718881759e+02
3.921731618773662831e+02
3.966478551093010196e+02
4.010210132202118984e+02
4.052411188994444728e+02
4.092515869547124794e+02
4.130395438641692749e+02
4.166161522665421444e+02
4.198314474663391138e+02
4.226955574449695519e+02
4.252089900009951293e+02
4.271974404824264298e+02
4.286612390140469415e+02
4.296899839562682928e+02
4.304426602517002607e+02
4.311674875449798492e+02
4.322012800700746311e+02
4.340735765233719121e+02
4.376261025171439769e+02
4.434976567916909289e+02
4.524881773515928103e+02
4.657639259548387827e+02
4.829393623267158091e+02
5.012151226650532863e+02
5.166614727079627301e+02
5.265989580161503909e+02
5.320816405377478304e+02
5.349945251221918170e+02
5.361507387981623651e+02
5.360183614544914690e+02
5.349833113266539613e+02
5.333453577911354841e+02
5.313240486509355378e+02
5.288371475354722406e+02
5.261162641338464709e+02
5.231547980466972376e+02
5.199589653734511785e+02
5.165431825644006949e+02
5.129174615144554537e+02
5.091145053141385688e+02
5.051608803156592558e+02
5.010911570801581547e+02
4.969389797659143824e+02
4.927324560482772995e+02
4.885013890158533059e+02
4.842690227784437980e+02
4.800582708150855638e+02
4.758925019357802171e+02
4.718027753524293644e+02
4.678363548075463427e+02
4.641011195053217762e+02
4.608048120202901714e+02
4.583752403677821690e+02
4.574676641851657450e+02
4.582672264198812400e+02
4.596164486557912028e+02
4.596341753737945055e+02
4.576386877341964237e+02
4.543633715932454038e+02
4.505987703355357326e+02
4.466718828909681065e+02
4.427337800367268983e+02
4.388325484454253456e+02
4.349812232816183268e+02
4.311784437014586615e+02
4.274152950277619993e+02
4.236863792180717496e+02
4.199841062264814013e+02
4.163092168348781570e+02
4.126616277943337536e+02
4.090456489556252677e+02
4.054679039263237428e+02
4.019340809878203800e+02
3.984547541392033736e+02
3.950384225482424654e+02
3.916988593733228186e+02
3.884505549448122110e+02
3.853110649427777616e+02
3.823032986837197313e+02
3.794474189816396006e+02
3.767706113852992189e+02
3.743191899863855383e+02
3.720702231674590053e+02
3.700258895996327055e+02
3.681623758567473033e+02
3.664476897076394266e+02
3.648423543845738095e+02
3.633037343238649441e+02
3.618045376721123603e+02
3.603193800203746378e+02
3.588385631323030225e+02
3.573663247836963137e+02
3.559084150886480415e+02
3.544896842177159897e+02
3.531278501808200758e+02
3.518510826354300320e+02
3.506773580064657381e+02
3.496254548480691255e+02
3.487029945210321102e+02
3.479068017279374203e+02
3.472245752657461821e+02
3.466274263030536531e+02
3.460820287410102765e+02
3.455495002271755425e+02
3.449926871043032293e+02
3.445474667838040546e+02
3.440747390600688504e+02
3.434974905212895351e+02
3.428210405042423190e+02
3.420466987084527659e+02
3.411889931304449988e+02
3.402630576222307468e+02
3.392865434186592211e+02
3.382833450933568429e+02
3.372749593371113406e+02
3.362903621212997791e+02
3.353552983715844675e+02
3.345036238703718254e+02
3.337594669223645951e+02
3.331503763278527686e+02
3.326872993383070138e+02
3.323659407112633630e+02
3.321646486278551151e+02
3.320363746747634650e+02
3.319255118587356037e+02
3.317778442626858464e+02
3.315478678095878422e+02
3.312092558334524028e+02
3.307571503028799498e+02
3.302585152665512851e+02
3.296708484707037883e+02
3.290172297725762292e+02
3.283297529530458974e+02
3.276619094524581328e+02
3.270855390045698528e+02
3.267442624545749936e+02
3.268358043718577619e+02
3.276058765395566184e+02
3.292427836704708284e+02
3.315817072577174827e+02
3.341406032164242106e+02
3.364082855679015438e+02
3.381922874202696221e+02
3.395612220404972277e+02
3.406883442652559211e+02
3.417973137383335143e+02
3.431198968006327732e+02
3.447811491666478219e+02
3.467988133748289101e+02
3.490809904223602871e+02
3.515906220098731296e+02
3.543457217288367929e+02
3.574436754113627899e+02
3.612466955233468866e+02
3.661509123451166374e+02
3.715292986687482539e+02
3.769832071845698920e+02
3.819776833741270821e+02
3.861032815793339523e+02
3.892526526582248607e+02
3.915051560963415227e+02
3.931124538958012522e+02
3.942841238969262463e+02
3.952677845222667088e+02
3.961927228813796660e+02
3.971537720564741676e+02
3.981487309308465683e+02
3.991474093994646637e+02
4.001225253734869511e+02
4.010663017968985855e+02
4.020311323573224058e+02
4.030577589953982169e+02
4.041544612420599378e+02
4.052437553602895264e+02
4.061686179176476230e+02
4.067564350735352150e+02
4.069200784848765693e+02
4.065973909647686355e+02
4.059540257987713971e+02
4.050030197186358691e+02
4.038138527783434597e+02
4.024486398337089099e+02
4.009405511759873093e+02
3.993242865540126445e+02
3.976197668056958605e+02
3.958430899625054167e+02
3.940102930149617464e+02
3.921302478035809713e+02
3.902144753887443471e+02
3.882707199786364072e+02
3.863050607110097303e+02
3.843250154575420083e+02
3.823343369536722776e+02
3.803392582614088155e+02
3.783441119431913080e+02
3.763529121916315603e+02
3.743704017469264613e+02
3.723994072485978108e+02
3.704437676724587050e+02
3.685062041860405770e+02
3.665890028193451258e+02
3.646420303372694889e+02
3.625710287943330741e+02
3.605362133505955740e+02
3.585373532458307295e+02
3.565744054434831014e+02
3.546474580802967580e+02
3.527559685366053372e+02
3.509002318480410167e+02
3.490796184367904402e+02
3.472941561207601922e+02
3.455435746170200559e+02
3.438274080253387410e+02
3.421457350497454399e+02
3.404978399669943201e+02
3.388837143626930697e+02
3.373029511494992789e+02
3.357551477767156598e+02
3.342403618582442277e+02
3.327577699154898596e+02
3.313077191047488554e+02
3.298894572771271783e+02
3.285031719485462531e+02
3.271486264628750291e+02
3.258255392021074499e+02
3.245158011142170267e+02
3.232034377151290414e+02
3.219249141165507240e+02
3.206799531279702933e+02
3.194687196077273370e+02
3.182914362078743693e+02
3.171478864457599798e+02
3.160386615241608297e+02
3.149635436826391697e+02
3.139230932226761865e+02
3.129174823683859472e+02
3.119469038182660370e+02
3.110121022748853647e+02
3.101130954628862355e+02
3.092508924746778689e+02
3.084259015379946618e+02
3.076391389518934716e+02
3.068918249054429452e+02
3.061851620748973346e+02
3.055215401365183538e+02
3.049033611122396223e+02
3.043354252063516014e+02
3.038240600110985952e+02
3.033824506499369136e+02
3.030229643108487494e+02
3.028063911465309275e+02
3.028177302661978274e+02
3.032422490709196268e+02
3.045089181974150847e+02
3.072006043286397130e+02
3.118438091784662447e+02
3.213216676363824718e+02
3.254494391606587556e+02
3.280095105610892574e+02
3.296509476327815946e+02
3.308189457478315489e+02
3.318170278068306516e+02
3.328313599425358689e+02
3.340909655527595987e+02
3.359745199857678699e+02
3.391522683745158702e+02
3.442040330935128054e+02
3.510225156298010347e+02
3.586111716135027905e+02
3.667892354731654905e+02
3.763860738929549257e+02
3.882908238046586007e+02
4.024275659849602107e+02
4.170421295853367951e+02
4.307995607161935254e+02
4.433756875213965145e+02
4.552999761985050782e+02
4.666875753230573878e+02
4.775178807476631277e+02
4.876353637415955404e+02
4.958427241066062265e+02
5.010104184126804512e+02
5.032625903838162458e+02
5.036182702207565285e+02
5.029317437474683175e+02
5.016206141654756152e+02
4.998685535034564964e+02
4.977025261564078846e+02
4.951254233595125243e+02
4.921857270536050351e+02
4.889305615782367340e+02
4.854319368231164162e+02
4.817492094441741983e+02
4.779277820903172938e+02
4.740112855918640093e+02
4.700246960099880766e+02
4.659943285278350231e+02
4.619834248945941226e+02
4.579095220671023867e+02
4.538363930900849255e+02
4.497720702240521291e+02
4.457260098558592176e+02
4.417037859470999592e+02
4.377102998282666135e+02
4.337504412338820430e+02
4.298261282613709113e+02
4.259413375266809112e+02
4.220974876954776960e+02
4.182970590668153932e+02
4.145427149292434024e+02
4.108360136604041486e+02
4.071812820980153447e+02
4.035813290513793277e+02
4.000426443840813135e+02
3.965725393805512908e+02
3.931818288018572503e+02
3.898881639349902457e+02
3.867131141594823589e+02
3.836967863596104849e+02
3.808855927567665276e+02
3.783567639968183016e+02
3.763326519357545976e+02
3.748045229889009988e+02
3.739149595863880791e+02
3.737463516686497087e+02
3.743631671353340380e+02
3.756759971431065992e+02
3.774891804649160463e+02
3.795588907262736598e+02
3.817098749919774150e+02
3.838803647688980618e+02
3.861508042806469803e+02
3.885281851099617825e+02
3.909220404234629314e+02
3.930640168260724749e+02
3.946393282059189005e+02
3.954706437510806154e+02
3.955215425460507390e+02
3.948826854108969542e+02
3.937102148765437732e+02
3.921284267900476834e+02
3.902620383097134891e+02
3.881910869761811114e+02
3.859794555909273299e+02
3.836719497913371697e+02
3.812518406879922850e+02
3.787394025126816928e+02
3.762090902472668859e+02
3.736735307722486255e+02
3.711448870353323741e+02
3.686318448806410970e+02
3.661412764746327753e+02
3.636806061837078801e+02
3.612530658427990033e+02
3.588640681876350413e+02
3.565159252404028507e+02
3.542111442441059808e+02
3.519527325315473263e+02
3.497407970131558841e+02
3.475784890776176326e+02
3.454658419377791461e+02
3.434048419976667788e+02
3.413972758130209968e+02
3.394433988420508967e+02
3.375462004655354917e+02
3.357054735902977427e+02
3.339234747882489955e+02
3.322009960506528046e+02
3.305382170147370289e+02
3.289678611691705896e+02
3.274495348694641734e+02
3.259930253409842180e+02
3.245957762977046741e+02
3.232559862021184358e+02
3.219718913036808203e+02
3.207402538763430471e+02
3.195595231115033243e+02
3.184262387204523748e+02
3.173382855153732294e+02
3.162927995146777107e+02
3.152869410821512588e+02
3.143183811494713495e+02
3.133841457760668163e+02
3.124821214950335957e+02
3.116095420197135013e+02
3.107641786015017829e+02
3.099432426794012940e+02
3.091440379948509189e+02
3.083632193119952376e+02
3.075968247572962468e+02
3.068402703882466085e+02
3.060875873120211281e+02
3.053335526172651839e+02
3.046162462533517896e+02
3.039312652885863599e+02
3.032865009472863562e+02
3.026922248128591946e+02
3.021683752080015779e+02
3.017388399524029978e+02
3.014451781336362615e+02
3.013465540610942526e+02
3.015279044479674440e+02
3.021277900789245905e+02
3.033141012994975654e+02
3.053457593393016509e+02
3.085105076787929193e+02
3.131300581105030574e+02
3.195866884240564332e+02
3.281369485504666272e+02
3.388671911555753127e+02
3.513372250648695854e+02
3.643561498859034486e+02
3.768287926069569380e+02
3.884331324598445008e+02
3.990694437723374222e+02
4.084113142295565240e+02
4.161733092213873988e+02
4.227117393181374609e+02
4.291407359269416020e+02
4.355594752212043659e+02
4.413608387627740512e+02
4.458460814325746355e+02
4.489607910248449230e+02
4.511783398689938167e+02
4.528866653037006813e+02
4.543258736945493865e+02
4.556197389074768580e+02
4.568269105325994701e+02
4.579808308997887707e+02
4.591003015089380028e+02
4.602033253791603897e+02
4.613042688951535411e+02
4.624253355850389084e+02
4.635843444665759421e+02
4.647893139090982118e+02
4.660102277900991226e+02
4.671519190926355236e+02
4.681107364336966725e+02
4.688542238047167530e+02
4.694295583181194615e+02
4.699022079564480237e+02
4.702949465765344712e+02
4.706979336885588623e+02
4.710471842882905094e+02
4.713416510540321838e+02
4.715772636119020831e+02
4.717522057310023911e+02
4.718660468856825219e+02
4.719153704199210324e+02
4.719030115981231006e+02
4.718271422222968567e+02
4.716906419497339584e+02
4.714960315908635948e+02
4.712447046015527690e+02
4.709428755454348448e+02
4.705920579755558038e+02
4.701988755267762485e+02
4.697671409516333938e+02
4.693014689565127355e+02
4.688075340316979691e+02
4.682885853723560672e+02
4.677503677838237763e+02
4.671961970660565839e+02
4.666303370415584482e+02
4.660563734521606420e+02
4.653600603764746211e+02
4.646932864172696895e+02
4.640192089537011952e+02
4.633401964873646079e+02
4.626576586059194369e+02
4.619728614436176031e+02
4.612867038374828894e+02
4.605994557135463197e+02
4.599115399619303730e+02
4.592226877459777370e+02
4.585327561396189253e+02
4.578414755579400435e+02
4.571482224202510452e+02
4.564529632757643753e+02
4.557550681041086591e+02
4.550545394568569577e+02
4.543512882398256920e+02
4.536451423744002227e+02
4.529365614829835636e+02
4.522254276107643136e+02
4.515123217468733401e+02
4.507974347912536359e+02
4.500810478541118300e+02
4.493635486995300425e+02
4.485510248889184481e+02
4.477922736769438075e+02
4.470278633319874757e+02
4.462578245872203411e+02
4.454818846144453346e+02
4.447001410084975532e+02
4.439125128829169284e+02
4.431190993192244036e+02
4.423203030104192521e+02
4.415161860397433315e+02
4.407076916282904904e+02
4.398952031406933543e+02
4.390797967123152716e+02
4.382623715221787961e+02
4.374437479943737799e+02
4.366252769692494553e+02
4.358076227432281939e+02
4.349921448463661591e+02
4.341794435294401069e+02
4.333704400894148421e+02
4.325658144603752362e+02
4.317659729390300072e+02
4.309716341974806255e+02
4.301827494439224893e+02
4.293137121692412848e+02
4.285110281085329689e+02
4.277083342387778089e+02
4.269053518435451906e+02
4.261015662375600073e+02
4.252969378773498192e+02
4.244907098417857583e+02
4.236827539299258092e+02
4.228724272404127760e+02
4.220591946338300886e+02
4.212425663384815380e+02
4.204216666185265581e+02
4.195958877845076245e+02
4.187643499123644801e+02
4.179260555699744941e+02
4.170801379558228632e+02
4.162254253255320577e+02
4.153608421745450983e+02
4.144853990490890965e+02
4.135976911803593907e+02
4.126969228655868278e+02
4.117817414519606132e+02
4.108512330455895381e+02
4.099045502896044013e+02
4.088590136462606779e+02
4.077709619029084820e+02
4.066653468267442690e+02
4.055426071070846774e+02
4.044027349277424150e+02
4.032461659580468449e+02
4.020731875411158853e+02
4.008840993255147964e+02
3.996794731152166946e+02
3.984593858536292146e+02
3.972246334498347551e+02
3.959752282336463054e+02
3.947120079354554605e+02
3.934352356874371708e+02
3.921455209903140826e+02
3.908436677331731630e+02
3.895299281171988923e+02
3.882056246800280519e+02
3.868709967817511597e+02
3.855273097312472146e+02
3.841752587007738384e+02
3.828156068507030909e+02
3.814495285124274346e+02
3.800774766482014115e+02
3.786610390278890463e+02
3.772607506220809341e+02
3.758548995666029100e+02
3.744438459008275686e+02
3.730279562554522386e+02
3.716077416772601509e+02
3.701834264987238043e+02
3.687556103495425646e+02
3.673244944221099786e+02
3.658906065037392636e+02
3.644542485069692930e+02
3.630157955060990389e+02
3.615757736655674535e+02
3.601344230743536059e+02
3.586924353155314407e+02
3.572500865256254770e+02
3.558081139668142328e+02
3.543671337896762452e+02
3.529279284983763887e+02
3.514916626441506651e+02
3.500595945670445985e+02
3.486337145808974469e+02
3.472169793987229127e+02
3.458131894371157955e+02
3.443939379714462916e+02
3.429968268005544587e+02
3.416436139834526671e+02
3.403646902711536200e+02
3.392087853175121381e+02
3.382986498885828155e+02
3.378784782939988531e+02
3.385547429988603199e+02
3.416125840139964112e+02
3.488494916645974513e+02
3.610487949482190970e+02
3.749335842923634914e+02
3.860045276317884486e+02
3.921826004249955986e+02
3.942653138629185605e+02
3.939224755738298995e+02
3.923207155542460214e+02
3.900201141989188613e+02
3.873711354139193190e+02
3.845642505639172555e+02
3.817195091264486564e+02
3.789298775034594087e+02
3.762588961443863695e+02
3.737731391664619878e+02
3.714374577895507059e+02
3.699239970146784913e+02
3.688481106185197405e+02
3.683076603276907690e+02
3.684253863992900051e+02
3.692669962477972376e+02
3.708238879476176635e+02
3.729942786122183520e+02
3.755674702193302323e+02
3.783296605112669226e+02
3.811290231463333953e+02
3.839096521742719119e+02
3.866673525768474065e+02
3.894051112847806735e+02
3.920633359010238905e+02
3.945272574821991611e+02
3.966349478424065751e+02
3.982481821359908736e+02
3.992763894234419695e+02
3.996744122802949164e+02
3.994888507364326529e+02
3.987649881394855811e+02
3.976001155742500259e+02
3.960801176595534798e+02
3.943269509238531896e+02
3.924889841992778088e+02
3.905357565396894870e+02
3.885722552043186511e+02
3.867457924217110872e+02
3.852946627265890811e+02
3.847176260502415630e+02
3.859014935367079602e+02
3.902147589988882714e+02
3.987246358531660917e+02
4.105338642265370481e+02
4.236811718040999040e+02
4.379134145404661922e+02
4.536565092052804857e+02
4.708955869754691435e+02
4.882030120984583164e+02
5.037518490807323133e+02
5.164710434747520367e+02
5.265315490745273337e+02
5.344537937951378126e+02
5.410161278030225276e+02
5.467443685897652585e+02
5.520030414646739700e+02
5.570436998474575603e+02
5.616123417931214590e+02
5.662582683637942864e+02
5.708897540241583783e+02
5.754583278763105909e+02
5.798810912808387457e+02
5.840304474929962453e+02
5.878348040748441008e+02
5.911625094770334954e+02
5.939431539686702308e+02
5.960005956734459005e+02
5.972158312265039513e+02
5.974823743909731775e+02
5.968401786247520704e+02
5.954017804702217518e+02
5.933317292661389502e+02
5.908211564660831527e+02
5.880252161904616059e+02
5.851009754230958606e+02
5.821756399142701639e+02
5.793705227290735138e+02
5.768006191255309432e+02
5.746043170831576390e+02
5.729345012876555074e+02
5.720099171529521982e+02
5.718353911195670207e+02
5.732404192345703677e+02
5.763986481300033802e+02
5.814156533549329424e+02
5.880475488051140474e+02
5.959182477917369170e+02
6.042896212371236970e+02
6.120587647756731258e+02
6.179613551548490022e+02
6.213413708113098437e+02
6.223300754949824523e+02
6.216403345725298095e+02
6.198420659913678037e+02
6.174182417998373467e+02
6.146370732180841969e+02
6.116620479626910765e+02
6.085850138289114284e+02
6.054546313215163309e+02
6.022975706940173950e+02
5.991273154407833772e+02
5.959503889780100963e+02
5.927667029805253378e+02
5.895782162050869601e+02
5.863796693332002405e+02
5.828058052275157479e+02
5.792023043498910511e+02
5.755826368698790247e+02
5.719453730757152243e+02
5.682849971379798717e+02
5.646016296643826990e+02
5.608928290110455919e+02
5.571580491656393406e+02
5.533993122290982001e+02
5.496165608102064652e+02
5.458138509178990034e+02
5.419931925910195787e+02
5.381586300001546306e+02
5.343145057813375161e+02
5.304646811609571841e+02
5.266144173532028390e+02
5.227675885153653326e+02
5.189293852613160425e+02
5.151039530589401920e+02
5.112958970007573498e+02
5.075092462897738415e+02
5.037477209662945370e+02
5.000153078992589712e+02
4.963148432136836163e+02
4.925061767504451495e+02
4.887276347110771439e+02
4.849843421208879590e+02
4.812786196143789539e+02
4.776124598434727204e+02
4.739882492470637203e+02
4.704065824194766492e+02
4.668696599437079726e+02
4.633775428683077848e+02
4.599313612940964049e+02
4.565317060816751109e+02
4.531781715337838250e+02
4.498718451477236044e+02
4.466114478250063371e+02
4.433975171677100775e+02
4.402292364794529362e+02
4.371058224855606227e+02
4.340272359245912526e+02
4.309916615201306058e+02
4.279990853491196390e+02
4.250476757234346792e+02
4.221368695800366027e+02
4.192654398814124761e+02
4.164320427118359476e+02
4.135249608735321090e+02
4.105482990652161561e+02
4.076117156980557183e+02
4.047139263411602315e+02
4.018552304599097056e+02
3.990352968269443181e+02
3.962538610694090835e+02
3.935121725146785252e+02
3.908096161439894445e+02
3.881485391478021825e+02
3.855297438313910448e+02
3.829568087892794210e+02
3.804350589886794296e+02
3.779728941898750918e+02
3.755874202575377012e+02
3.733037719326674733e+02
3.711724074138537617e+02
3.692599451698922053e+02
3.676799832475583685e+02
3.665430404883385336e+02
3.659276539254893237e+02
3.657885698111247734e+02
3.659089560293105592e+02
3.660157588232110015e+02
3.658694632348223195e+02
3.657721658778957590e+02
3.656743092461726974e+02
3.656995229725358740e+02
3.659131494923407786e+02
3.662658583489820785e+02
3.666320891338334036e+02
3.668634117857818069e+02
3.668674933909945253e+02
3.665946702120997998e+02
3.660914129654428280e+02
3.653973843484935742e+02
3.645811086270028341e+02
3.636938330135861293e+02
3.627825461879240265e+02
3.618881018559650897e+02
3.610430152505007868e+02
3.602851773383995351e+02
3.596453083751293889e+02
3.591742008019759282e+02
3.589033118087717753e+02
3.588811620749490316e+02
3.591152048278403868e+02
3.595749252715617672e+02
3.600812983281255129e+02
3.606158012688273402e+02
3.609712250910808962e+02
3.610296088658242866e+02
3.607370365466919679e+02
3.601016700551450640e+02
3.591859040798664182e+02
3.580433519355913177e+02
3.567554762519922633e+02
3.553825384824303910e+02
3.539931548350273260e+02
3.526607139884139315e+02
3.514749953074927475e+02
3.505433618418322794e+02
3.499590346886752741e+02
3.497869454073373845e+02
3.500450246300503068e+02
3.508508216155338459e+02
3.525461615509810258e+02
3.557678080789655155e+02
3.612447809841238495e+02
3.691637463744655179e+02
3.778167169642017598e+02
3.846360062179028887e+02
3.887645576493359272e+02
3.906986536857449437e+02
3.914872496242120974e+02
3.919432072380110412e+02
3.926380920867534314e+02
3.941587371348859392e+02
3.970239315867371488e+02
4.015548523502858984e+02
4.071948182961164093e+02
4.129234555944021849e+02
4.179333221386877995e+02
4.218562801863391201e+02
4.245570535843155540e+02
4.260986246346861890e+02
4.266238553423481790e+02
4.264204565762537413e+02
4.257057343419775748e+02
4.246254218173818344e+02
4.232732951420647396e+02
4.216898782259378322e+02
4.199115321106197598e+02
4.179690942656216066e+02
4.158885621368368106e+02
4.137054577324836373e+02
4.112875571867538724e+02
4.087805712310567969e+02
4.062396453218113948e+02
4.036778870259943233e+02
4.011074495649866662e+02
3.985343197196889946e+02
3.959649080307453914e+02
3.934036120503641882e+02
3.908527795692479003e+02
3.883164387125117969e+02
3.857960108449188965e+02
3.832943950034548379e+02
3.808139933873972609e+02
3.783560751255677701e+02
3.759236171422551251e+02
3.735172953975731502e+02
3.711393825411112175e+02
3.687911777661612405e+02
3.664734617243255457e+02
3.641879931951530125e+02
3.619347995745342246e+02
3.597152676799450433e+02
3.575296623893766537e+02
3.553784066243209736e+02
3.531765566541735097e+02
3.509833764688742690e+02
3.488293136534368841e+02
3.467142514903828783e+02
3.446388750642318541e+02
3.426035813726329025e+02
3.406083860687630249e+02
3.386542738444948668e+02
3.367409730885954104e+02
3.348695582422815278e+02
3.330401123894281454e+02
3.312532237533648640e+02
3.295097372128707320e+02
3.278096971967997888e+02
3.261545233236323611e+02
3.245442514906970359e+02
3.229802533675346581e+02
3.214631750978960554e+02
3.199937332836352653e+02
3.185735462488444796e+02
3.172028685744076029e+02
3.158838183814073659e+02
3.146169707503832456e+02
3.134039874843255689e+02
3.122293393606072982e+02
3.110975490395206862e+02
3.100322335899224413e+02
3.090345145421991333e+02
3.081079413879348863e+02
3.072549368958190712e+02
3.064784563330592846e+02
3.057832991162173926e+02
3.051723838300372904e+02
3.046527492862220470e+02
3.042443901839548630e+02
3.036332860000097185e+02
3.035442083621171605e+02
3.035981654107970940e+02
3.038225076431246521e+02
3.042448395201714675e+02
3.049150775784995631e+02
3.058942706126078406e+02
3.072686873501256173e+02
3.091732986018142810e+02
3.117546696682707648e+02
3.152480719640644793e+02
3.198586626303245453e+02
3.257901818716564435e+02
3.330366195087334518e+02
3.414501557108567908e+02
3.506212289386872953e+02
3.599961132619026785e+02
3.690631373576173360e+02
3.775134736325419453e+02
3.852345429321537154e+02
3.922662118466818129e+02
3.987558231351974882e+02
4.048006740265665258e+02
4.104611425160607610e+02
4.156999732501164431e+02
4.203792111660172282e+02
4.243918383554324691e+02
4.276613680637849484e+02
4.302654520806197525e+02
4.322865999060692275e+02
4.338691680030094631e+02
4.350997159416086220e+02
4.360434121415467530e+02
4.367465408781060319e+02
4.372661996814964027e+02
4.376855374089676616e+02
4.381209638573819802e+02
4.385955474392949895e+02
4.393805703719543772e+02
4.406592295583039345e+02
4.424955486263147009e+02
4.449081303705643791e+02
4.479138922871896966e+02
4.516313206584830482e+02
4.563805126115967710e+02
4.625290291192056316e+02
4.703891257653538673e+02
4.798586761441359272e+02
4.904390333199643237e+02
5.012082014938058023e+02
5.111985003295689580e+02
5.195252990777594277e+02
5.258256978579711358e+02
5.302683151806631940e+02
5.334564870394415266e+02
5.363250264941862042e+02
5.397763063484387658e+02
5.440141043288716673e+02
5.479016674974665193e+02
5.500330445704502154e+02
5.500609595482080749e+02
5.482936114938316905e+02
5.455236977926429063e+02
5.422105320689769314e+02
5.385649542197350002e+02
5.346849450143129161e+02
5.306396198950819780e+02
5.264684460152320753e+02
5.222020289867615475e+02
5.178658562028194865e+02
5.134779947635007602e+02
5.090566975961494904e+02
5.046148320185941429e+02
5.001653485933373418e+02
4.957180636667847011e+02
4.912820756322669240e+02
4.868648664221579452e+02
4.824728267655469267e+02
4.781118108432428357e+02
4.737858885086185410e+02
4.694998615076281681e+02
4.652561774560875278e+02
4.610586283010857187e+02
4.569090031196644759e+02
4.528094777452273547e+02
4.486939173989160849e+02
4.446243014324376190e+02
4.406090229712506243e+02
4.366478138466645760e+02
4.327424184332941763e+02
4.288931054861371308e+02
4.250999721333123489e+02
4.213644320505379142e+02
4.176854003397076553e+02
4.140644476883289826e+02
4.105007585424744434e+02
4.069945808467689403e+02
4.035464749669620801e+02
4.001552621712469886e+02
3.968223013927135412e+02
3.935462159316010116e+02
3.903276616508366601e+02
3.871663908008433168e+02
3.840616514066578020e+02
3.810143564162635244e+02
3.780230708524657643e+02
3.750887265353240991e+02
3.722105421565351548e+02
3.693883586985956526e+02
3.665883351943903108e+02
3.638389214815564401e+02
3.611478578257853655e+02
3.585148288108221664e+02
3.559411847159587978e+02
3.534280912622570554e+02
3.509763180961608100e+02
3.485887124250201623e+02
3.462664835546486302e+02
3.440134089835839859e+02
3.418326698355064082e+02
3.397288146999289893e+02
3.377083584909990464e+02
3.357777253021198476e+02
3.339481071120725915e+02
3.322308302689586981e+02
3.306436813044718406e+02
3.292084745875878298e+02
3.279515831011482305e+02
3.269116476823981543e+02
3.261256418383901519e+02
3.256465952132502366e+02
3.255222418843281957e+02
3.257994902237718406e+02
3.265563304320995712e+02
3.277896450403975450e+02
3.294741650900983814e+02
3.315432603124111210e+02
3.338994287980520426e+02
3.364132987078423866e+02
3.389330454738399681e+02
3.413120632318081107e+02
3.434301850468038992e+02
3.451920906916940908e+02
3.465503870742165873e+02
3.474927296446222726e+02
3.480292713888702565e+02
3.482048764982015996e+02
3.480607370181935494e+02
3.476545085616846791e+02
3.470374195281983134e+02
3.462571818761788904e+02
3.453589639798788085e+02
3.443774209213648305e+02
3.433441430877797984e+02
3.422832793263981443e+02
3.412137801907045969e+02
3.401509789241159183e+02
3.390866922951782954e+02
3.380523397090462936e+02
3.370496230218843721e+02
3.360825093738651503e+02
3.351556304458366071e+02
3.342732940339789138e+02
3.334411801361977723e+02
3.326680454197384051e+02
3.319660513535224027e+02
3.313533045682548845e+02
3.308580587436989049e+02
3.305178263589662038e+02
3.303908730038904764e+02
3.305544222840861721e+02
3.311040439787229275e+02
3.321630885619753712e+02
3.338194367704782621e+02
3.361674017860116805e+02
3.392297821981391053e+02
3.430539882287106366e+02
3.476018615458537511e+02
3.527401737317404695e+02
3.581950053398994669e+02
3.636403832799664997e+02
3.690926089896747158e+02
3.741790562163729419e+02
3.787165240397443995e+02
3.826898267692190529e+02
3.861605285520208781e+02
3.891874545760333035e+02
3.918674079696244803e+02
3.942868195018515962e+02
3.965494291309055370e+02
3.987485390236643639e+02
4.009828150739986086e+02
4.033422126633075777e+02
4.059039351681386165e+02
4.087342079966905430e+02
4.118694461763552681e+02
4.153150743501881266e+02
4.190564083562733231e+02
4.230549111104557483e+02
4.273070069998908593e+02
4.318707107599270216e+02
4.368619665465323578e+02
4.424799979812822244e+02
4.489187050677859929e+02
4.563348844066635479e+02
4.648850213588554539e+02
4.745051012251116731e+02
4.844181665685853773e+02
4.939401497044639200e+02
5.024353648092563276e+02
5.094340423499848498e+02
5.148037150543219695e+02
5.186082328055122161e+02
5.211684334053237535e+02
5.227371941245335165e+02
5.235700213078819161e+02
5.238375165814343291e+02
5.236519583809787264e+02
5.231030905530221844e+02
5.222399204759585700e+02
5.211100804189106839e+02
5.197456750034691595e+02
5.181738184682316160e+02
5.164230078488675417e+02
5.145121147836300679e+02
5.124656007106985953e+02
5.103003489046674304e+02
5.080345431956067159e+02
5.056846164924847926e+02
5.031902025462612755e+02
5.006723115446580437e+02
4.981059875503878516e+02
4.955023178851657804e+02
4.928702127759278255e+02
4.902172979125506913e+02
4.875508050027752915e+02
4.848765430432758876e+02
4.821996912064400362e+02
4.795250277702010635e+02
4.768562763822777697e+02
4.741969115718937360e+02
4.715501494807394351e+02
4.689180645703681876e+02
4.663034523083459817e+02
4.637076679839392455e+02
4.611326069542074038e+02
4.585797162851979465e+02
4.560497414966498013e+02
4.535442458828335361e+02
4.510634356034305483e+02
4.486084305541118056e+02
4.461796984572869178e+02
4.437775669773228628e+02
4.413817905562917758e+02
4.389308238107428224e+02
4.365042417266296297e+02
4.341020075283565234e+02
4.317242467338319329e+02
4.293713588054638421e+02
4.270428558099007432e+02
4.247393377937057721e+02
4.224602126844863506e+02
4.202056471676336855e+02
4.179755004018757063e+02
4.157691914377646185e+02
4.135869831913466328e+02
4.114279786162939558e+02
4.092922225266505052e+02
4.071791827818465777e+02
4.050882675415467702e+02
4.030194652359277256e+02
4.009718676078620661e+02
3.989454586535220528e+02
3.969395243416004746e+02
3.949537058507573306e+02
3.929877533467125659e+02
3.910409892169822683e+02
3.890986224364565942e+02
3.871017208293992553e+02
3.851218017888845111e+02
3.831585111470629954e+02
3.812117117445507120e+02
3.792813063370287523e+02
3.773669522527486038e+02
3.754687923988379907e+02
3.735863670113872104e+02
3.717198532704949230e+02
3.698689490236608322e+02
3.680336664542408016e+02
3.662140208343784025e+02
3.644097531947523976e+02
3.626211560260955480e+02
3.608479140977602810e+02
3.590903487907374938e+02
3.573483945714971242e+02
3.556221138480976833e+02
3.539118752291860233e+02
3.522174832541696787e+02
3.505395996978953690e+02
3.488781046397649561e+02
3.472335995317702100e+02
3.455968334914644515e+02
3.439609448199732924e+02
3.423450071966136079e+02
3.407490697370697603e+02
3.391741941544305519e+02
3.376208615300120073e+02
3.360899799554526339e+02
3.345830250719311607e+02
3.331011314235418013e+02
3.316475199808809293e+02
3.302272693710975773e+02
3.288532265597061723e+02
3.275661629929144283e+02
3.264780274758140308e+02
3.259322371645242811e+02
3.268789319277998970e+02
3.310333961553830591e+02
3.395483091123298891e+02
3.482183807652598944e+02
3.524793103916302925e+02
3.532177442863227270e+02
3.526202461165264594e+02
3.519996694517098490e+02
3.522599499785854391e+02
3.543570355233202918e+02
3.592461355230529421e+02
3.660262562900403509e+02
3.724830574495541669e+02
3.775928163248877922e+02
3.809976401949555225e+02
3.827942769624855828e+02
3.834040888775879239e+02
3.834520609546041783e+02
3.834733869279486953e+02
3.838924903377894111e+02
3.849794483544593504e+02
3.868378207740028643e+02
3.893909760549282737e+02
3.924450552220367285e+02
3.957856747709983551e+02
3.991803800828550379e+02
4.024135970774258340e+02
4.052334572452535326e+02
4.074588104491966760e+02
4.089933447699723956e+02
4.098006336547402952e+02
4.099261364253215447e+02
4.094316563370250606e+02
4.082152732937273640e+02
4.066640723346580444e+02
4.047338674251948305e+02
4.025110532865571145e+02
4.000735538171196026e+02
3.974839195337814886e+02
3.948089048118878281e+02
3.921038881306379835e+02
3.894387596352585774e+02
3.869215759883294368e+02
3.847391111287939793e+02
3.832659757654101327e+02
3.832462007638873160e+02
3.859009284775580113e+02
3.931508545669789214e+02
4.063483206172744531e+02
4.244797352036297866e+02
4.425660156117177166e+02
4.558162527619089133e+02
4.634474746347519840e+02
4.683759360577219013e+02
4.733162812645074951e+02
4.795465637597167756e+02
4.873588781152168394e+02
4.973233499003391103e+02
5.077489049933390675e+02
5.156241570411334578e+02
5.193764666699232748e+02
5.198487071742002854e+02
5.186883068302851143e+02
5.174443390773470810e+02
5.172495751996631270e+02
5.188202875939466594e+02
5.210661054389612445e+02
5.218750367817973483e+02
5.208937668148258808e+02
5.191249336655221214e+02
5.171149085390674145e+02
5.150938356658772364e+02
5.130930083176602921e+02
5.111151890989932554e+02
5.091803135568163157e+02
5.072888522933937452e+02
5.054437192354797617e+02
5.036201353239174523e+02
5.017994257582639079e+02
4.999940143484263899e+02
4.982581708151245152e+02
4.966136969415726412e+02
4.953980751423303559e+02
4.946428224139098120e+02
4.945184289144283412e+02
4.952001359620786047e+02
4.967822430252754771e+02
4.992629332239834525e+02
5.025948944444757558e+02
5.066489236351975478e+02
5.113026398885746175e+02
5.164236936234691484e+02
5.217946887701177729e+02
5.271430793149069132e+02
5.321248251651236387e+02
5.364170058349876626e+02
5.399091740109221291e+02
5.427251426509226349e+02
5.451420419618416418e+02
5.475800225417234515e+02
5.502880843373120570e+02
5.533810109432872650e+02
5.566235883182538373e+02
5.596634868807665271e+02
5.620701740297979541e+02
5.637031178391638377e+02
5.648178211152512631e+02
5.659119093463162926e+02
5.675528407133723476e+02
5.703023556560832503e+02
5.741046759469797962e+02
5.782754344234292603e+02
5.817013953124452428e+02
5.837941545550052069e+02
5.846446573956441171e+02
5.846966068850485954e+02
5.842430464161450345e+02
5.834861816294828714e+02
5.825205294250595216e+02
5.814034625171614152e+02
5.801935192131870735e+02
5.789462622948640274e+02
5.777140265738613607e+02
5.765535088106952344e+02
5.755094622638000601e+02
5.746240349469609328e+02
5.739539694621490753e+02
5.735288442053199560e+02
5.733913153451325115e+02
5.732594440860120812e+02
5.731482239271466597e+02
5.731453872387947968e+02
5.731377187779746691e+02
5.730458659498918905e+02
5.728152460614004440e+02
5.724449030914818195e+02
5.719663408854562476e+02
5.714777728549181575e+02
5.710700295279376633e+02
5.707860614710524487e+02
5.704707952439987366e+02
5.698248706487862592e+02
5.686439998675275547e+02
5.669504413839556491e+02
5.648714641910050887e+02
5.625271842040218644e+02
5.600376700328134802e+02
5.574941663441704804e+02
5.549862302744065801e+02
5.525933519494828943e+02
5.503686578418687532e+02
5.483583486781341207e+02
5.465639556236038743e+02
5.449260461257131283e+02
5.433753872765075812e+02
5.419117527853418324e+02
5.405138891790151092e+02
5.392099141750153422e+02
5.380640673049551879e+02
5.371674732630057179e+02
5.366202195181417665e+02
5.365022536315593698e+02
5.368787515067426739e+02
5.377401191590527105e+02
5.390206855533389216e+02
5.405881391636066837e+02
5.422415138150570328e+02
5.437985465775087732e+02
5.451111307074864953e+02
5.460985614556782366e+02
5.467482739743334150e+02
5.470651924084046414e+02
5.470718729215379881e+02
5.468073910726906206e+02
5.463193538324468363e+02
5.456705799623376834e+02
5.449316230059095005e+02
5.440641174872106376e+02
5.430271963729635445e+02
5.419043793045292432e+02
5.406192695483262014e+02
5.390946588374555404e+02
5.372799236582039839e+02
5.351870714325378913e+02
5.328424309331877566e+02
5.303259464984961369e+02
5.276857921021008906e+02
5.249717432412961671e+02
5.222037550922523224e+02
5.193863810256355009e+02
5.165181515183676311e+02
5.136016898543449543e+02
5.106437364076643348e+02
5.076727059548620105e+02
5.047179083249330347e+02
5.018139345950500569e+02
4.989966395438505629e+02
4.962900944692441954e+02
4.937176063436492086e+02
4.912881638654301923e+02
4.890007946943596266e+02
4.867660000998661758e+02
4.845728374180851574e+02
4.824551237717839740e+02
4.803808056265453956e+02
4.783242706558681334e+02
4.762652506238928822e+02
4.741908686604704144e+02
4.720998424010167014e+02
4.699945898731052125e+02
4.678843631940816863e+02
4.657831420347422409e+02
4.637050254774209748e+02
4.616663136123265190e+02
4.596844788155761989e+02
4.577683047045819080e+02
4.559250304857620790e+02
4.541474004243112859e+02
4.524127978475881378e+02
4.507007572129547270e+02
4.489852558154929056e+02
4.472513018851927882e+02
4.455126183325851343e+02
4.437847209380233835e+02
4.421060603964410234e+02
4.404755999194852052e+02
4.391862410835710762e+02
4.379894406379617635e+02
4.368784891997894988e+02
4.358439449087281332e+02
4.348651823975351931e+02
4.339099867987146126e+02
4.329444603637762725e+02
4.319276938601269080e+02
4.308163912173106382e+02
4.295734268618478495e+02
4.281663051449688169e+02
4.265721321738787424e+02
4.247850958180653720e+02
4.227975058413513239e+02
4.206248709776406258e+02
4.182771969460521291e+02
4.157756203560662129e+02
4.131441591044163033e+02
4.104014474796142622e+02
4.075750205348561508e+02
4.046824743689562069e+02
4.017449697649145719e+02
3.987792533872570289e+02
3.959464640081151288e+02
3.931215936177454182e+02
3.903011330630427551e+02
3.874941970409831242e+02
3.847073026574900609e+02
3.819461538025863661e+02
3.792150161488038407e+02
3.765178241477351548e+02
3.738570911037791120e+02
3.712355903265876123e+02
3.686549613850014566e+02
3.661165370320687771e+02
3.636219761524872638e+02
3.611714138268526426e+02
3.587663525615723756e+02
3.564067168253632758e+02
3.540931677954747556e+02
3.518261969082157634e+02
3.496054742972065128e+02
3.474319407445460115e+02
3.453049685200304566e+02
3.432253190517826624e+02
3.411929241268946384e+02
3.392078735754301420e+02
3.372401615285968433e+02
3.353824269524567967e+02
3.335726487833366036e+02
3.318112752616152648e+02
3.301001120687050161e+02
3.284405706740925552e+02
3.268339811450904335e+02
3.252828910945179928e+02
3.237884821127912574e+02
3.223538686744356028e+02
3.209806634228130520e+02
3.196715910165635250e+02
3.184289755550526024e+02
3.172543354965238223e+02
3.161502196488253844e+02
3.151167269918246916e+02
3.141551637059402537e+02
3.132643500373887946e+02
3.124423881672672110e+02
3.116870843924135102e+02
3.109935079840264507e+02
3.103573367457299241e+02
3.097726684879570485e+02
3.092326798199920290e+02
3.087204620358194234e+02
3.082160558987808940e+02
3.077436224448194935e+02
3.072993077754809974e+02
3.068801708079428749e+02
3.064879188832526893e+02
3.061235800863648819e+02
3.057962478185116311e+02
3.055162101506818999e+02
3.053046478338440011e+02
3.051916162688633563e+02
3.052218127303210053e+02
3.054650342800377416e+02
3.060090071722205494e+02
3.069890184096399821e+02
3.085614237270077638e+02
3.109222163113939246e+02
3.142707082690535572e+02
3.187281334050249484e+02
3.241782355356452285e+02
3.301088720878954064e+02
3.357928914081260245e+02
3.406740073604456143e+02
3.445895041546380639e+02
3.475399812034158913e+02
3.497243351303952750e+02
3.512104434373120512e+02
3.521718034326565885e+02
3.527314213732423127e+02
3.529959534533210217e+02
3.530370909921288671e+02
3.528982223651032086e+02
3.526182232067346263e+02
3.522275701006255417e+02
3.517497251396897582e+02
3.512157241577946252e+02
3.506448049268884688e+02
3.500599931039433272e+02
3.494797914919022901e+02
3.489183808186324427e+02
3.483924409095758392e+02
3.479128954577038826e+02
3.474935062213705237e+02
3.471470886657613164e+02
3.468857422974293172e+02
3.467261988149223271e+02
3.466825078460491909e+02
3.467745799139913174e+02
3.471204853168487716e+02
3.476069579104032528e+02
3.482801350562847347e+02
3.491578458279790311e+02
3.502611111361753160e+02
3.516015994836463392e+02
3.531840241700967908e+02
3.550056641588411708e+02
3.570463508149779273e+02
3.592873977749585492e+02
3.617008644314465755e+02
3.642736153189424044e+02
3.670022192769705498e+02
3.698960719706296914e+02
3.729840247602078307e+02
3.762945460732673268e+02
3.798688349732375400e+02
3.837386568957321060e+02
3.879231299811698364e+02
3.924252864451643745e+02
3.972033944296177310e+02
4.021814400841789734e+02
4.072527810537760047e+02
4.122849009481413418e+02
4.171042403337746123e+02
4.214524282708418355e+02
4.255252422935907930e+02
4.293688121356086640e+02
4.329986830908015918e+02
4.364583224358482312e+02
4.397580956418815958e+02
4.428756187342384010e+02
4.457876167455679592e+02
4.484365978240616641e+02
4.507795772613930012e+02
4.527764335343627522e+02
4.544012111018765836e+02
4.556460305106411397e+02
4.565185825443597878e+02
4.570333482762700896e+02
4.572218122518633550e+02
4.571153319882350843e+02
4.567482550890691186e+02
4.561583699322031862e+02
4.553753488969932732e+02
4.544317565558528713e+02
4.533528954013299881e+02
4.521621032614675073e+02
4.507335284284444015e+02
4.491914441418292654e+02
4.476025586233234321e+02
4.459761658516066518e+02
4.443207773429303415e+02
4.426437963100534034e+02
4.409504796480892992e+02
4.392463075096530360e+02
4.375349441518855542e+02
4.358199992264287062e+02
4.341044347641932859e+02
4.323904820726871208e+02
4.306805656817373915e+02
4.289762442138737697e+02
4.272793061820660228e+02
4.255910999711427962e+02
4.239128379076137776e+02
4.222457870015384742e+02
4.205908118888418130e+02
4.189489059074358011e+02
4.173207099416947017e+02
4.157069054997990065e+02
4.141079249314208255e+02
4.125240491685851225e+02
4.109231016365604887e+02
4.093103724644573731e+02
4.077108955266766088e+02
4.061238715875455227e+02
4.045485311786501939e+02
4.029839014223056211e+02
4.014286046828523240e+02
3.998817120539305279e+02
3.983415601273402444e+02
3.968070144359631399e+02
3.952767710559622287e+02
3.937492536213537164e+02
3.922238265743483225e+02
3.906989854003459186e+02
3.891741791610367045e+02
3.876486581689243280e+02
3.861214752797406504e+02
3.845928460388995518e+02
3.830619033772915714e+02
3.815289188611925510e+02
3.799937050628599877e+02
3.784561352149693221e+02
3.769167297933031477e+02
3.753753225987223345e+02
3.737961088381937316e+02
3.722303493463185191e+02
3.706618458607727007e+02
3.690918372420554192e+02
3.675212618204158161e+02
3.659517903597407553e+02
3.643852048175168079e+02
3.628236624361375107e+02
3.612703060478909265e+02
3.597285444234553893e+02
3.582032565657751206e+02
3.566994108077702208e+02
3.552238869285574197e+02
3.537838529960833398e+02
3.523872676907827781e+02
3.510433130965186592e+02
3.497579136060410292e+02
3.485383960979570475e+02
3.473842671930491974e+02
3.462922442382707118e+02
3.452513762644788358e+02
3.442442303686851233e+02
3.432479170527474253e+02
3.422387208664052878e+02
3.411910180974995797e+02
3.401328021327834676e+02
3.390560649906516915e+02
3.379657939097822918e+02
3.368823192943499407e+02
3.358269726001147433e+02
3.348346835036045945e+02
3.339481581363876330e+02
3.332240229200172621e+02
3.327358583253324582e+02
3.325706800719385683e+02
3.328367378478450291e+02
3.336407441937176941e+02
3.350848136149520542e+02
3.372490940423243728e+02
3.401585125515020422e+02
3.437747694956874511e+02
3.480091939433517609e+02
3.526679068721199428e+02
3.575785393272799411e+02
3.624896587025137364e+02
3.671524174301413268e+02
3.713057713695548046e+02
3.747307503936144712e+02
3.772926208524748972e+02
3.789478286249324697e+02
3.797153484153016052e+02
3.797226375052069329e+02
3.791119337722941509e+02
3.780060592920054887e+02
3.765351743938341542e+02
3.747847694688540514e+02
3.728415115086328342e+02
3.707631932972191180e+02
3.685994076933808969e+02
3.663891847158127462e+02
3.641601756397009240e+02
3.619377210972243688e+02
3.597395377057391670e+02
3.575818327754261077e+02
3.554787165935212556e+02
3.534416779157392057e+02
3.514829874248225678e+02
3.496138123736700436e+02
3.478448844188010298e+02
3.461891589569958683e+02
3.446561211330947572e+02
3.432587414420934806e+02
3.420411533700345217e+02
3.409797114819056674e+02
3.400862157072294281e+02
3.393626730462668206e+02
3.388117491893482907e+02
3.384332134445272686e+02
3.382230436391740227e+02
3.381813198532158253e+02
3.383027036363830575e+02
3.385821740509215374e+02
3.390155624391039169e+02
3.395852278171214493e+02
3.402787123832931684e+02
3.410669636129040327e+02
3.419181908119338686e+02
3.427964784088009083e+02
3.436567942355225682e+02
3.444632853392778316e+02
3.451775370755696599e+02
3.457723814345054052e+02
3.462285582215435511e+02
3.465367021095867699e+02
3.466946467419518285e+02
3.467102600238184777e+02
3.465785176045986873e+02
3.462617751173378338e+02
3.458434058817440473e+02
3.453393765330044971e+02
3.447676209285515938e+02
3.441413252792228263e+02
3.434770749283208602e+02
3.427871156775069039e+02
3.420840255109421832e+02
3.413802633346213042e+02
3.406842002387181196e+02
3.400067944988636555e+02
3.393547332320241594e+02
3.387352053275741355e+02
3.381543710323507526e+02
3.376156314246815668e+02
3.371234094665711609e+02
3.366792008726351355e+02
3.362843546481047952e+02
3.359395477687260154e+02
3.356435620534924169e+02
3.353949941875360423e+02
3.351920210378252705e+02
3.350307382080068805e+02
3.349011439503648830e+02
3.347355486271465566e+02
3.345917861925323109e+02
3.344650732373760320e+02
3.343479121829786322e+02
3.342355142874440048e+02
3.341199401528933208e+02
3.339947904690816358e+02
3.338538979453950901e+02
3.336897591123505435e+02
3.334977319094668360e+02
3.332721975235627951e+02
3.330088218592551357e+02
3.327056173959025500e+02
3.323597886525973308e+02
3.319715793621920739e+02
3.315414548396622081e+02
3.310705386276370064e+02
3.305626029328428785e+02
3.300202567143896886e+02
3.294482069025170858e+02
3.288511630576068683e+02
3.282336792206717746e+02
3.276015326679192867e+02
3.269447568982469647e+02
3.262680294724905821e+02
3.255951560580548403e+02
3.249294319102166355e+02
3.242745063369681588e+02
3.236331222749667518e+02
3.230066078908435543e+02
3.223970960160829691e+02
3.218040531272353064e+02
3.212276934963328472e+02
3.206671659251026654e+02
3.201206359555160930e+02
3.195869468541354763e+02
3.190634180982769976e+02
3.185483033641990005e+02
3.180392365488235100e+02
3.175343227291012340e+02
3.170317385910016128e+02
3.165301875839821832e+02
3.160284699992022865e+02
3.155259760160283236e+02
3.150226429102001475e+02
3.145180807644298966e+02
3.140132024934787864e+02
3.134956135964978330e+02
3.129779588128188266e+02
3.124597758426822338e+02
3.119420891863980501e+02
3.114271436347792701e+02
3.109157789300981563e+02
3.104102805870208499e+02
3.099120385577894581e+02
3.094226965493756438e+02
3.089444298560100606e+02
3.084784758867397159e+02
3.080275275192055346e+02
3.075930356758543667e+02
3.071776715704046410e+02
3.067839342035156847e+02
3.064140017061986327e+02
3.060716631524929312e+02
3.057587884694333979e+02
3.054791099190497903e+02
3.052352459809227980e+02
3.050294231515097749e+02
3.048647405225239595e+02
3.047412379352978178e+02
3.046600834200010013e+02
3.046003960518872873e+02
3.045910307058754256e+02
3.046169799376381775e+02
3.046723134790807990e+02
3.047513059714097494e+02
3.048477685228398855e+02
3.049552074874911796e+02
3.050684286881431717e+02
3.051832702811485660e+02
3.052951056541090793e+02
3.054034301281118928e+02
3.055057628957205225e+02
3.056029607407310209e+02
3.056956088634602224e+02
3.057845194530188451e+02
3.058733653111989383e+02
3.059642751585806764e+02
3.060633520119890818e+02
3.061770173231820991e+02
3.063172066128036022e+02
3.065021095244155163e+02
3.067619420075803305e+02
3.071488375058821703e+02
3.077430367983139377e+02
3.086722122159678747e+02
3.101551559093600758e+02
3.125108098098384630e+02
3.161193051691795404e+02
3.213599777640126263e+02
3.284205884908489566e+02
3.369272123147513867e+02
3.460482135500740242e+02
3.547294270701317487e+02
3.622775315714096109e+02
3.685551517038190923e+02
3.739304062622957758e+02
3.787576095185579561e+02
3.833776737950675511e+02
3.879439180913753376e+02
3.925685354334485737e+02
3.974455054027044980e+02
4.025906558301379619e+02
4.077900867276680401e+02
4.125351635824139862e+02
4.164710620948472410e+02
4.195089004044230023e+02
4.218973061342927622e+02
4.238618889143845081e+02
4.254316298522415991e+02
4.267550154482252083e+02
4.279473698534583264e+02
4.290246157227846879e+02
4.299815460569324159e+02
4.308453925174649726e+02
4.316343524248865720e+02
4.323906264710581695e+02
4.331556462820942670e+02
4.339769290584501391e+02
4.349057655754072584e+02
4.359957373733681152e+02
4.373034808634096180e+02
4.388806114549061590e+02
4.407875801583904263e+02
4.430563385345398046e+02
4.457237879624047423e+02
4.487876672149969863e+02
4.522357756344325708e+02
4.560641464619804424e+02
4.603066948678510357e+02
4.650460013093797329e+02
4.704218363764040305e+02
4.764360053493280702e+02
4.825893549993564307e+02
4.886911742145963444e+02
4.944273953194377782e+02
4.995740201409486190e+02
5.040957610261625064e+02
5.082180763752803614e+02
5.120308246232013971e+02
5.153308932148937629e+02
5.176200537455608810e+02
5.186157457841298992e+02
5.184041298988238395e+02
5.173808211637289105e+02
5.158653333789221733e+02
5.141372911261497620e+02
5.124402173188609595e+02
5.111062777518190501e+02
5.107055712042199502e+02
5.123730527018366274e+02
5.169750823525588430e+02
5.236687858808400051e+02
5.293270701161314946e+02
5.326400558609230984e+02
5.346246677167055168e+02
5.367736236488262875e+02
5.397143832051359595e+02
5.434139791691470691e+02
5.471836566999348861e+02
5.504098081434083269e+02
5.530209593622420243e+02
5.554338385500861932e+02
5.581156186113825015e+02
5.613739982202317833e+02
5.651169494296894982e+02
5.689352833520596278e+02
5.724165281032462644e+02
5.754013310036986013e+02
5.780583478401883895e+02
5.806634753187470324e+02
5.834906922447084980e+02
5.867209278923363627e+02
5.904559905332046128e+02
5.946135407325460847e+02
5.990067775931865981e+02
6.033600061699726211e+02
6.074532419585993921e+02
6.111313740298136281e+02
6.143642938495072485e+02
6.171487169398881178e+02
6.195110948533273358e+02
6.214496846693103862e+02
6.229566070787360559e+02
6.240506007261757304e+02
6.247330362908654706e+02
6.250236364555831869e+02
6.249605972395673916e+02
6.245749948219960288e+02
6.239188215070872729e+02
6.230239571287182798e+02
6.219199437401864543e+02
6.206273536982405403e+02
6.191513548693496887e+02
6.175033052595009622e+02
6.156823407960666827e+02
6.137019168933967421e+02
6.115714786932365996e+02
6.093099722349841159e+02
6.069392608629582355e+02
6.044806058898356014e+02
6.019629258814150035e+02
5.994070278702363339e+02
5.968436822277441252e+02
5.942931913068312042e+02
5.915961179401751906e+02
5.888809679728980200e+02
5.862212308897244384e+02
5.836345880168394160e+02
5.811237668885141829e+02
5.786976201133373934e+02
5.763491114675591689e+02
5.740730605794124131e+02
5.718618259894143421e+02
5.697024473263383015e+02
5.675881066559788906e+02
5.655076047480688430e+02
5.634551253805037732e+02
5.614259662816715490e+02
5.594259793775408980e+02
5.574665863864519224e+02
5.555775431855529405e+02
5.538068695891263360e+02
5.522024086701616170e+02
5.508379449808753634e+02
5.497642635587224049e+02
5.490341287206875904e+02
5.486861662217991125e+02
5.487166755894136259e+02
5.488697850389902442e+02
5.492631898632999992e+02
5.499548367559566486e+02
5.509040874474006841e+02
5.520772780365923609e+02
5.534503018096003188e+02
5.549823233918563119e+02
5.566385483186636520e+02
5.583613416238029004e+02
5.600868711470026255e+02
5.617439907701017319e+02
5.632782940436411536e+02
5.646457088338624999e+02
5.658497253308080417e+02
5.669095429293761299e+02
5.678729902306085933e+02
5.687964779330520741e+02
5.697377921479683209e+02
5.707507296623717821e+02
5.719001183276441225e+02
5.732466781626461625e+02
5.748880380600875242e+02
5.769506463384665267e+02
5.795674025714802156e+02
5.826622562062957513e+02
5.863576391318462129e+02
5.905923321692077934e+02
5.949876776861872258e+02
5.990883289973119190e+02
6.024769531978097348e+02
6.050047805791688234e+02
6.066278415881452020e+02
6.074822832729511219e+02
6.077079385469814952e+02
6.074307184224817320e+02
6.067689633362485893e+02
6.057686350158055575e+02
6.044437786949587235e+02
6.027870112939031060e+02
6.007708846491361783e+02
5.984198616347769075e+02
5.957590244087009523e+02
5.928445758231056288e+02
5.897383821622356663e+02
5.864911121719984521e+02
5.831617865796622482e+02
5.797869913609811192e+02
5.764150754306685940e+02
5.732526433548054001e+02
5.701930448047443178e+02
5.672318486647068312e+02
5.644485054395510133e+02
5.619250072760679586e+02
5.597807962698684605e+02
5.581186326879611670e+02
5.570500256121570146e+02
5.566653890809676568e+02
5.569779379425934849e+02
5.579836747372404488e+02
5.595455387019520685e+02
5.615114844337044815e+02
5.636562051893679381e+02
5.657765692571319960e+02
5.676630068262485338e+02
5.692198955778352456e+02
5.703714005370444511e+02
5.711586128519548993e+02
5.716472151005078786e+02
5.719236136282039524e+02
5.720930397083967591e+02
5.722076692540881595e+02
5.723268161547514410e+02
5.708267202420581725e+02
5.686300027934396439e+02
5.662300881946458730e+02
5.636022181470842725e+02
5.607559042604576689e+02
5.576814660750969779e+02
5.544020918422785371e+02
5.509385726036481401e+02
5.473164723036871919e+02
5.435755377401599162e+02
5.397415828229330828e+02
5.358547831260345902e+02
5.319452951034890020e+02
5.280433123697786186e+02
5.241805977543431254e+02
5.203818668047460960e+02
5.166783334233903133e+02
5.130961783727967713e+02
5.096669684502007271e+02
5.064224073164047013e+02
5.034025624019980683e+02
5.006514520582242653e+02
4.982282679159558825e+02
4.962061444696703347e+02
4.920346316455351712e+02
4.871291123350042653e+02
4.822838302323531252e+02
4.775050290678257170e+02
4.727914790574042172e+02
4.681463646099704761e+02
4.635709387589125186e+02
4.590640566316828881e+02
4.546299722001852501e+02
4.502650338350626953e+02
4.459715414402269857e+02
4.417490039297471753e+02
4.375952421265648695e+02
4.335139442360188013e+02
4.294992978046267353e+02
4.255562412759272206e+02
4.216794184798505398e+02
4.178710222309392179e+02
4.141292375677871291e+02
4.104528246275912124e+02
4.068428800655177042e+02
4.032967660365928282e+02
3.998142540314688063e+02
3.963953750821527819e+02
